[2026-09-18T11:16:40.344+0700] {processor.py:186} INFO - Started process (PID=10157) to work on /Users/andreasanditya/Downloads/572392_Andreas_AirflowETL/code/.venv/lib/python3.9/site-packages/airflow/example_dags/plugins/decreasing_priority_weight_strategy.py
[2026-09-18T11:16:40.345+0700] {processor.py:914} INFO - Processing file /Users/andreasanditya/Downloads/572392_Andreas_AirflowETL/code/.venv/lib/python3.9/site-packages/airflow/example_dags/plugins/decreasing_priority_weight_strategy.py for tasks to queue
[2026-09-18T11:16:40.346+0700] {logging_mixin.py:190} INFO - [2026-09-18T11:16:40.346+0700] {dagbag.py:588} INFO - Filling up the DagBag from /Users/andreasanditya/Downloads/572392_Andreas_AirflowETL/code/.venv/lib/python3.9/site-packages/airflow/example_dags/plugins/decreasing_priority_weight_strategy.py
[2026-09-18T11:16:40.347+0700] {processor.py:927} WARNING - No viable dags retrieved from /Users/andreasanditya/Downloads/572392_Andreas_AirflowETL/code/.venv/lib/python3.9/site-packages/airflow/example_dags/plugins/decreasing_priority_weight_strategy.py
[2026-09-18T11:16:40.437+0700] {processor.py:208} INFO - Processing /Users/andreasanditya/Downloads/572392_Andreas_AirflowETL/code/.venv/lib/python3.9/site-packages/airflow/example_dags/plugins/decreasing_priority_weight_strategy.py took 0.095 seconds
[2026-09-18T11:18:58.025+0700] {processor.py:186} INFO - Started process (PID=11645) to work on /Users/andreasanditya/Downloads/572392_Andreas_AirflowETL/code/.venv/lib/python3.9/site-packages/airflow/example_dags/plugins/decreasing_priority_weight_strategy.py
[2026-09-18T11:18:58.026+0700] {processor.py:914} INFO - Processing file /Users/andreasanditya/Downloads/572392_Andreas_AirflowETL/code/.venv/lib/python3.9/site-packages/airflow/example_dags/plugins/decreasing_priority_weight_strategy.py for tasks to queue
[2026-09-18T11:18:58.026+0700] {logging_mixin.py:190} INFO - [2026-09-18T11:18:58.026+0700] {dagbag.py:588} INFO - Filling up the DagBag from /Users/andreasanditya/Downloads/572392_Andreas_AirflowETL/code/.venv/lib/python3.9/site-packages/airflow/example_dags/plugins/decreasing_priority_weight_strategy.py
[2026-09-18T11:18:58.027+0700] {processor.py:927} WARNING - No viable dags retrieved from /Users/andreasanditya/Downloads/572392_Andreas_AirflowETL/code/.venv/lib/python3.9/site-packages/airflow/example_dags/plugins/decreasing_priority_weight_strategy.py
[2026-09-18T11:18:58.112+0700] {processor.py:208} INFO - Processing /Users/andreasanditya/Downloads/572392_Andreas_AirflowETL/code/.venv/lib/python3.9/site-packages/airflow/example_dags/plugins/decreasing_priority_weight_strategy.py took 0.089 seconds
[2026-09-18T11:20:30.260+0700] {processor.py:186} INFO - Started process (PID=12629) to work on /Users/andreasanditya/Downloads/572392_Andreas_AirflowETL/code/.venv/lib/python3.9/site-packages/airflow/example_dags/plugins/decreasing_priority_weight_strategy.py
[2026-09-18T11:20:30.261+0700] {processor.py:914} INFO - Processing file /Users/andreasanditya/Downloads/572392_Andreas_AirflowETL/code/.venv/lib/python3.9/site-packages/airflow/example_dags/plugins/decreasing_priority_weight_strategy.py for tasks to queue
[2026-09-18T11:20:30.262+0700] {logging_mixin.py:190} INFO - [2026-09-18T11:20:30.262+0700] {dagbag.py:588} INFO - Filling up the DagBag from /Users/andreasanditya/Downloads/572392_Andreas_AirflowETL/code/.venv/lib/python3.9/site-packages/airflow/example_dags/plugins/decreasing_priority_weight_strategy.py
[2026-09-18T11:20:30.263+0700] {processor.py:927} WARNING - No viable dags retrieved from /Users/andreasanditya/Downloads/572392_Andreas_AirflowETL/code/.venv/lib/python3.9/site-packages/airflow/example_dags/plugins/decreasing_priority_weight_strategy.py
[2026-09-18T11:20:30.350+0700] {processor.py:208} INFO - Processing /Users/andreasanditya/Downloads/572392_Andreas_AirflowETL/code/.venv/lib/python3.9/site-packages/airflow/example_dags/plugins/decreasing_priority_weight_strategy.py took 0.092 seconds
[2026-09-18T11:21:59.500+0700] {processor.py:186} INFO - Started process (PID=13586) to work on /Users/andreasanditya/Downloads/572392_Andreas_AirflowETL/code/.venv/lib/python3.9/site-packages/airflow/example_dags/plugins/decreasing_priority_weight_strategy.py
[2026-09-18T11:21:59.502+0700] {processor.py:914} INFO - Processing file /Users/andreasanditya/Downloads/572392_Andreas_AirflowETL/code/.venv/lib/python3.9/site-packages/airflow/example_dags/plugins/decreasing_priority_weight_strategy.py for tasks to queue
[2026-09-18T11:21:59.502+0700] {logging_mixin.py:190} INFO - [2026-09-18T11:21:59.502+0700] {dagbag.py:588} INFO - Filling up the DagBag from /Users/andreasanditya/Downloads/572392_Andreas_AirflowETL/code/.venv/lib/python3.9/site-packages/airflow/example_dags/plugins/decreasing_priority_weight_strategy.py
[2026-09-18T11:21:59.503+0700] {processor.py:927} WARNING - No viable dags retrieved from /Users/andreasanditya/Downloads/572392_Andreas_AirflowETL/code/.venv/lib/python3.9/site-packages/airflow/example_dags/plugins/decreasing_priority_weight_strategy.py
[2026-09-18T11:21:59.587+0700] {processor.py:208} INFO - Processing /Users/andreasanditya/Downloads/572392_Andreas_AirflowETL/code/.venv/lib/python3.9/site-packages/airflow/example_dags/plugins/decreasing_priority_weight_strategy.py took 0.089 seconds
[2026-09-18T11:22:29.594+0700] {processor.py:186} INFO - Started process (PID=13923) to work on /Users/andreasanditya/Downloads/572392_Andreas_AirflowETL/code/.venv/lib/python3.9/site-packages/airflow/example_dags/plugins/decreasing_priority_weight_strategy.py
[2026-09-18T11:22:29.596+0700] {processor.py:914} INFO - Processing file /Users/andreasanditya/Downloads/572392_Andreas_AirflowETL/code/.venv/lib/python3.9/site-packages/airflow/example_dags/plugins/decreasing_priority_weight_strategy.py for tasks to queue
[2026-09-18T11:22:29.597+0700] {logging_mixin.py:190} INFO - [2026-09-18T11:22:29.597+0700] {dagbag.py:588} INFO - Filling up the DagBag from /Users/andreasanditya/Downloads/572392_Andreas_AirflowETL/code/.venv/lib/python3.9/site-packages/airflow/example_dags/plugins/decreasing_priority_weight_strategy.py
[2026-09-18T11:22:29.598+0700] {processor.py:927} WARNING - No viable dags retrieved from /Users/andreasanditya/Downloads/572392_Andreas_AirflowETL/code/.venv/lib/python3.9/site-packages/airflow/example_dags/plugins/decreasing_priority_weight_strategy.py
[2026-09-18T11:22:29.681+0700] {processor.py:208} INFO - Processing /Users/andreasanditya/Downloads/572392_Andreas_AirflowETL/code/.venv/lib/python3.9/site-packages/airflow/example_dags/plugins/decreasing_priority_weight_strategy.py took 0.089 seconds
[2026-09-18T11:23:55.662+0700] {processor.py:186} INFO - Started process (PID=14923) to work on /Users/andreasanditya/Downloads/572392_Andreas_AirflowETL/code/.venv/lib/python3.9/site-packages/airflow/example_dags/plugins/decreasing_priority_weight_strategy.py
[2026-09-18T11:23:55.663+0700] {processor.py:914} INFO - Processing file /Users/andreasanditya/Downloads/572392_Andreas_AirflowETL/code/.venv/lib/python3.9/site-packages/airflow/example_dags/plugins/decreasing_priority_weight_strategy.py for tasks to queue
[2026-09-18T11:23:55.664+0700] {logging_mixin.py:190} INFO - [2026-09-18T11:23:55.664+0700] {dagbag.py:588} INFO - Filling up the DagBag from /Users/andreasanditya/Downloads/572392_Andreas_AirflowETL/code/.venv/lib/python3.9/site-packages/airflow/example_dags/plugins/decreasing_priority_weight_strategy.py
[2026-09-18T11:23:55.665+0700] {processor.py:927} WARNING - No viable dags retrieved from /Users/andreasanditya/Downloads/572392_Andreas_AirflowETL/code/.venv/lib/python3.9/site-packages/airflow/example_dags/plugins/decreasing_priority_weight_strategy.py
[2026-09-18T11:23:55.751+0700] {processor.py:208} INFO - Processing /Users/andreasanditya/Downloads/572392_Andreas_AirflowETL/code/.venv/lib/python3.9/site-packages/airflow/example_dags/plugins/decreasing_priority_weight_strategy.py took 0.091 seconds
[2026-09-18T11:25:59.861+0700] {processor.py:186} INFO - Started process (PID=16269) to work on /Users/andreasanditya/Downloads/572392_Andreas_AirflowETL/code/.venv/lib/python3.9/site-packages/airflow/example_dags/plugins/decreasing_priority_weight_strategy.py
[2026-09-18T11:25:59.862+0700] {processor.py:914} INFO - Processing file /Users/andreasanditya/Downloads/572392_Andreas_AirflowETL/code/.venv/lib/python3.9/site-packages/airflow/example_dags/plugins/decreasing_priority_weight_strategy.py for tasks to queue
[2026-09-18T11:25:59.863+0700] {logging_mixin.py:190} INFO - [2026-09-18T11:25:59.863+0700] {dagbag.py:588} INFO - Filling up the DagBag from /Users/andreasanditya/Downloads/572392_Andreas_AirflowETL/code/.venv/lib/python3.9/site-packages/airflow/example_dags/plugins/decreasing_priority_weight_strategy.py
[2026-09-18T11:25:59.864+0700] {processor.py:927} WARNING - No viable dags retrieved from /Users/andreasanditya/Downloads/572392_Andreas_AirflowETL/code/.venv/lib/python3.9/site-packages/airflow/example_dags/plugins/decreasing_priority_weight_strategy.py
[2026-09-18T11:25:59.948+0700] {processor.py:208} INFO - Processing /Users/andreasanditya/Downloads/572392_Andreas_AirflowETL/code/.venv/lib/python3.9/site-packages/airflow/example_dags/plugins/decreasing_priority_weight_strategy.py took 0.088 seconds
[2026-09-18T11:27:33.672+0700] {processor.py:186} INFO - Started process (PID=17174) to work on /Users/andreasanditya/Downloads/572392_Andreas_AirflowETL/code/.venv/lib/python3.9/site-packages/airflow/example_dags/plugins/decreasing_priority_weight_strategy.py
[2026-09-18T11:27:33.673+0700] {processor.py:914} INFO - Processing file /Users/andreasanditya/Downloads/572392_Andreas_AirflowETL/code/.venv/lib/python3.9/site-packages/airflow/example_dags/plugins/decreasing_priority_weight_strategy.py for tasks to queue
[2026-09-18T11:27:33.674+0700] {logging_mixin.py:190} INFO - [2026-09-18T11:27:33.674+0700] {dagbag.py:588} INFO - Filling up the DagBag from /Users/andreasanditya/Downloads/572392_Andreas_AirflowETL/code/.venv/lib/python3.9/site-packages/airflow/example_dags/plugins/decreasing_priority_weight_strategy.py
[2026-09-18T11:27:33.675+0700] {processor.py:927} WARNING - No viable dags retrieved from /Users/andreasanditya/Downloads/572392_Andreas_AirflowETL/code/.venv/lib/python3.9/site-packages/airflow/example_dags/plugins/decreasing_priority_weight_strategy.py
[2026-09-18T11:27:33.758+0700] {processor.py:208} INFO - Processing /Users/andreasanditya/Downloads/572392_Andreas_AirflowETL/code/.venv/lib/python3.9/site-packages/airflow/example_dags/plugins/decreasing_priority_weight_strategy.py took 0.088 seconds
[2026-09-18T11:29:01.371+0700] {processor.py:186} INFO - Started process (PID=18103) to work on /Users/andreasanditya/Downloads/572392_Andreas_AirflowETL/code/.venv/lib/python3.9/site-packages/airflow/example_dags/plugins/decreasing_priority_weight_strategy.py
[2026-09-18T11:29:01.372+0700] {processor.py:914} INFO - Processing file /Users/andreasanditya/Downloads/572392_Andreas_AirflowETL/code/.venv/lib/python3.9/site-packages/airflow/example_dags/plugins/decreasing_priority_weight_strategy.py for tasks to queue
[2026-09-18T11:29:01.372+0700] {logging_mixin.py:190} INFO - [2026-09-18T11:29:01.372+0700] {dagbag.py:588} INFO - Filling up the DagBag from /Users/andreasanditya/Downloads/572392_Andreas_AirflowETL/code/.venv/lib/python3.9/site-packages/airflow/example_dags/plugins/decreasing_priority_weight_strategy.py
[2026-09-18T11:29:01.373+0700] {processor.py:927} WARNING - No viable dags retrieved from /Users/andreasanditya/Downloads/572392_Andreas_AirflowETL/code/.venv/lib/python3.9/site-packages/airflow/example_dags/plugins/decreasing_priority_weight_strategy.py
[2026-09-18T11:29:01.461+0700] {processor.py:208} INFO - Processing /Users/andreasanditya/Downloads/572392_Andreas_AirflowETL/code/.venv/lib/python3.9/site-packages/airflow/example_dags/plugins/decreasing_priority_weight_strategy.py took 0.092 seconds
[2026-09-18T11:30:31.859+0700] {processor.py:186} INFO - Started process (PID=18984) to work on /Users/andreasanditya/Downloads/572392_Andreas_AirflowETL/code/.venv/lib/python3.9/site-packages/airflow/example_dags/plugins/decreasing_priority_weight_strategy.py
[2026-09-18T11:30:31.860+0700] {processor.py:914} INFO - Processing file /Users/andreasanditya/Downloads/572392_Andreas_AirflowETL/code/.venv/lib/python3.9/site-packages/airflow/example_dags/plugins/decreasing_priority_weight_strategy.py for tasks to queue
[2026-09-18T11:30:31.861+0700] {logging_mixin.py:190} INFO - [2026-09-18T11:30:31.861+0700] {dagbag.py:588} INFO - Filling up the DagBag from /Users/andreasanditya/Downloads/572392_Andreas_AirflowETL/code/.venv/lib/python3.9/site-packages/airflow/example_dags/plugins/decreasing_priority_weight_strategy.py
[2026-09-18T11:30:31.862+0700] {processor.py:927} WARNING - No viable dags retrieved from /Users/andreasanditya/Downloads/572392_Andreas_AirflowETL/code/.venv/lib/python3.9/site-packages/airflow/example_dags/plugins/decreasing_priority_weight_strategy.py
[2026-09-18T11:30:31.947+0700] {processor.py:208} INFO - Processing /Users/andreasanditya/Downloads/572392_Andreas_AirflowETL/code/.venv/lib/python3.9/site-packages/airflow/example_dags/plugins/decreasing_priority_weight_strategy.py took 0.089 seconds
[2026-09-18T11:32:00.093+0700] {processor.py:186} INFO - Started process (PID=19901) to work on /Users/andreasanditya/Downloads/572392_Andreas_AirflowETL/code/.venv/lib/python3.9/site-packages/airflow/example_dags/plugins/decreasing_priority_weight_strategy.py
[2026-09-18T11:32:00.094+0700] {processor.py:914} INFO - Processing file /Users/andreasanditya/Downloads/572392_Andreas_AirflowETL/code/.venv/lib/python3.9/site-packages/airflow/example_dags/plugins/decreasing_priority_weight_strategy.py for tasks to queue
[2026-09-18T11:32:00.095+0700] {logging_mixin.py:190} INFO - [2026-09-18T11:32:00.095+0700] {dagbag.py:588} INFO - Filling up the DagBag from /Users/andreasanditya/Downloads/572392_Andreas_AirflowETL/code/.venv/lib/python3.9/site-packages/airflow/example_dags/plugins/decreasing_priority_weight_strategy.py
[2026-09-18T11:32:00.096+0700] {processor.py:927} WARNING - No viable dags retrieved from /Users/andreasanditya/Downloads/572392_Andreas_AirflowETL/code/.venv/lib/python3.9/site-packages/airflow/example_dags/plugins/decreasing_priority_weight_strategy.py
[2026-09-18T11:32:00.178+0700] {processor.py:208} INFO - Processing /Users/andreasanditya/Downloads/572392_Andreas_AirflowETL/code/.venv/lib/python3.9/site-packages/airflow/example_dags/plugins/decreasing_priority_weight_strategy.py took 0.087 seconds
[2026-09-18T11:33:27.991+0700] {processor.py:186} INFO - Started process (PID=20912) to work on /Users/andreasanditya/Downloads/572392_Andreas_AirflowETL/code/.venv/lib/python3.9/site-packages/airflow/example_dags/plugins/decreasing_priority_weight_strategy.py
[2026-09-18T11:33:27.992+0700] {processor.py:914} INFO - Processing file /Users/andreasanditya/Downloads/572392_Andreas_AirflowETL/code/.venv/lib/python3.9/site-packages/airflow/example_dags/plugins/decreasing_priority_weight_strategy.py for tasks to queue
[2026-09-18T11:33:27.993+0700] {logging_mixin.py:190} INFO - [2026-09-18T11:33:27.993+0700] {dagbag.py:588} INFO - Filling up the DagBag from /Users/andreasanditya/Downloads/572392_Andreas_AirflowETL/code/.venv/lib/python3.9/site-packages/airflow/example_dags/plugins/decreasing_priority_weight_strategy.py
[2026-09-18T11:33:27.994+0700] {processor.py:927} WARNING - No viable dags retrieved from /Users/andreasanditya/Downloads/572392_Andreas_AirflowETL/code/.venv/lib/python3.9/site-packages/airflow/example_dags/plugins/decreasing_priority_weight_strategy.py
[2026-09-18T11:33:28.080+0700] {processor.py:208} INFO - Processing /Users/andreasanditya/Downloads/572392_Andreas_AirflowETL/code/.venv/lib/python3.9/site-packages/airflow/example_dags/plugins/decreasing_priority_weight_strategy.py took 0.091 seconds
[2026-09-18T11:34:55.497+0700] {processor.py:186} INFO - Started process (PID=21784) to work on /Users/andreasanditya/Downloads/572392_Andreas_AirflowETL/code/.venv/lib/python3.9/site-packages/airflow/example_dags/plugins/decreasing_priority_weight_strategy.py
[2026-09-18T11:34:55.498+0700] {processor.py:914} INFO - Processing file /Users/andreasanditya/Downloads/572392_Andreas_AirflowETL/code/.venv/lib/python3.9/site-packages/airflow/example_dags/plugins/decreasing_priority_weight_strategy.py for tasks to queue
[2026-09-18T11:34:55.499+0700] {logging_mixin.py:190} INFO - [2026-09-18T11:34:55.499+0700] {dagbag.py:588} INFO - Filling up the DagBag from /Users/andreasanditya/Downloads/572392_Andreas_AirflowETL/code/.venv/lib/python3.9/site-packages/airflow/example_dags/plugins/decreasing_priority_weight_strategy.py
[2026-09-18T11:34:55.500+0700] {processor.py:927} WARNING - No viable dags retrieved from /Users/andreasanditya/Downloads/572392_Andreas_AirflowETL/code/.venv/lib/python3.9/site-packages/airflow/example_dags/plugins/decreasing_priority_weight_strategy.py
[2026-09-18T11:34:55.587+0700] {processor.py:208} INFO - Processing /Users/andreasanditya/Downloads/572392_Andreas_AirflowETL/code/.venv/lib/python3.9/site-packages/airflow/example_dags/plugins/decreasing_priority_weight_strategy.py took 0.092 seconds
[2026-09-18T11:36:22.437+0700] {processor.py:186} INFO - Started process (PID=22692) to work on /Users/andreasanditya/Downloads/572392_Andreas_AirflowETL/code/.venv/lib/python3.9/site-packages/airflow/example_dags/plugins/decreasing_priority_weight_strategy.py
[2026-09-18T11:36:22.438+0700] {processor.py:914} INFO - Processing file /Users/andreasanditya/Downloads/572392_Andreas_AirflowETL/code/.venv/lib/python3.9/site-packages/airflow/example_dags/plugins/decreasing_priority_weight_strategy.py for tasks to queue
[2026-09-18T11:36:22.438+0700] {logging_mixin.py:190} INFO - [2026-09-18T11:36:22.438+0700] {dagbag.py:588} INFO - Filling up the DagBag from /Users/andreasanditya/Downloads/572392_Andreas_AirflowETL/code/.venv/lib/python3.9/site-packages/airflow/example_dags/plugins/decreasing_priority_weight_strategy.py
[2026-09-18T11:36:22.439+0700] {processor.py:927} WARNING - No viable dags retrieved from /Users/andreasanditya/Downloads/572392_Andreas_AirflowETL/code/.venv/lib/python3.9/site-packages/airflow/example_dags/plugins/decreasing_priority_weight_strategy.py
[2026-09-18T11:36:22.522+0700] {processor.py:208} INFO - Processing /Users/andreasanditya/Downloads/572392_Andreas_AirflowETL/code/.venv/lib/python3.9/site-packages/airflow/example_dags/plugins/decreasing_priority_weight_strategy.py took 0.087 seconds
[2026-09-18T11:37:50.954+0700] {processor.py:186} INFO - Started process (PID=23710) to work on /Users/andreasanditya/Downloads/572392_Andreas_AirflowETL/code/.venv/lib/python3.9/site-packages/airflow/example_dags/plugins/decreasing_priority_weight_strategy.py
[2026-09-18T11:37:50.955+0700] {processor.py:914} INFO - Processing file /Users/andreasanditya/Downloads/572392_Andreas_AirflowETL/code/.venv/lib/python3.9/site-packages/airflow/example_dags/plugins/decreasing_priority_weight_strategy.py for tasks to queue
[2026-09-18T11:37:50.955+0700] {logging_mixin.py:190} INFO - [2026-09-18T11:37:50.955+0700] {dagbag.py:588} INFO - Filling up the DagBag from /Users/andreasanditya/Downloads/572392_Andreas_AirflowETL/code/.venv/lib/python3.9/site-packages/airflow/example_dags/plugins/decreasing_priority_weight_strategy.py
[2026-09-18T11:37:50.956+0700] {processor.py:927} WARNING - No viable dags retrieved from /Users/andreasanditya/Downloads/572392_Andreas_AirflowETL/code/.venv/lib/python3.9/site-packages/airflow/example_dags/plugins/decreasing_priority_weight_strategy.py
[2026-09-18T11:37:51.039+0700] {processor.py:208} INFO - Processing /Users/andreasanditya/Downloads/572392_Andreas_AirflowETL/code/.venv/lib/python3.9/site-packages/airflow/example_dags/plugins/decreasing_priority_weight_strategy.py took 0.087 seconds
[2026-09-18T11:39:17.852+0700] {processor.py:186} INFO - Started process (PID=24539) to work on /Users/andreasanditya/Downloads/572392_Andreas_AirflowETL/code/.venv/lib/python3.9/site-packages/airflow/example_dags/plugins/decreasing_priority_weight_strategy.py
[2026-09-18T11:39:17.853+0700] {processor.py:914} INFO - Processing file /Users/andreasanditya/Downloads/572392_Andreas_AirflowETL/code/.venv/lib/python3.9/site-packages/airflow/example_dags/plugins/decreasing_priority_weight_strategy.py for tasks to queue
[2026-09-18T11:39:17.854+0700] {logging_mixin.py:190} INFO - [2026-09-18T11:39:17.854+0700] {dagbag.py:588} INFO - Filling up the DagBag from /Users/andreasanditya/Downloads/572392_Andreas_AirflowETL/code/.venv/lib/python3.9/site-packages/airflow/example_dags/plugins/decreasing_priority_weight_strategy.py
[2026-09-18T11:39:17.855+0700] {processor.py:927} WARNING - No viable dags retrieved from /Users/andreasanditya/Downloads/572392_Andreas_AirflowETL/code/.venv/lib/python3.9/site-packages/airflow/example_dags/plugins/decreasing_priority_weight_strategy.py
[2026-09-18T11:39:17.939+0700] {processor.py:208} INFO - Processing /Users/andreasanditya/Downloads/572392_Andreas_AirflowETL/code/.venv/lib/python3.9/site-packages/airflow/example_dags/plugins/decreasing_priority_weight_strategy.py took 0.089 seconds
[2026-09-18T11:40:45.558+0700] {processor.py:186} INFO - Started process (PID=25466) to work on /Users/andreasanditya/Downloads/572392_Andreas_AirflowETL/code/.venv/lib/python3.9/site-packages/airflow/example_dags/plugins/decreasing_priority_weight_strategy.py
[2026-09-18T11:40:45.560+0700] {processor.py:914} INFO - Processing file /Users/andreasanditya/Downloads/572392_Andreas_AirflowETL/code/.venv/lib/python3.9/site-packages/airflow/example_dags/plugins/decreasing_priority_weight_strategy.py for tasks to queue
[2026-09-18T11:40:45.561+0700] {logging_mixin.py:190} INFO - [2026-09-18T11:40:45.560+0700] {dagbag.py:588} INFO - Filling up the DagBag from /Users/andreasanditya/Downloads/572392_Andreas_AirflowETL/code/.venv/lib/python3.9/site-packages/airflow/example_dags/plugins/decreasing_priority_weight_strategy.py
[2026-09-18T11:40:45.562+0700] {processor.py:927} WARNING - No viable dags retrieved from /Users/andreasanditya/Downloads/572392_Andreas_AirflowETL/code/.venv/lib/python3.9/site-packages/airflow/example_dags/plugins/decreasing_priority_weight_strategy.py
[2026-09-18T11:40:45.645+0700] {processor.py:208} INFO - Processing /Users/andreasanditya/Downloads/572392_Andreas_AirflowETL/code/.venv/lib/python3.9/site-packages/airflow/example_dags/plugins/decreasing_priority_weight_strategy.py took 0.089 seconds
[2026-09-18T11:42:17.168+0700] {processor.py:186} INFO - Started process (PID=26424) to work on /Users/andreasanditya/Downloads/572392_Andreas_AirflowETL/code/.venv/lib/python3.9/site-packages/airflow/example_dags/plugins/decreasing_priority_weight_strategy.py
[2026-09-18T11:42:17.169+0700] {processor.py:914} INFO - Processing file /Users/andreasanditya/Downloads/572392_Andreas_AirflowETL/code/.venv/lib/python3.9/site-packages/airflow/example_dags/plugins/decreasing_priority_weight_strategy.py for tasks to queue
[2026-09-18T11:42:17.170+0700] {logging_mixin.py:190} INFO - [2026-09-18T11:42:17.169+0700] {dagbag.py:588} INFO - Filling up the DagBag from /Users/andreasanditya/Downloads/572392_Andreas_AirflowETL/code/.venv/lib/python3.9/site-packages/airflow/example_dags/plugins/decreasing_priority_weight_strategy.py
[2026-09-18T11:42:17.170+0700] {processor.py:927} WARNING - No viable dags retrieved from /Users/andreasanditya/Downloads/572392_Andreas_AirflowETL/code/.venv/lib/python3.9/site-packages/airflow/example_dags/plugins/decreasing_priority_weight_strategy.py
[2026-09-18T11:42:17.270+0700] {processor.py:208} INFO - Processing /Users/andreasanditya/Downloads/572392_Andreas_AirflowETL/code/.venv/lib/python3.9/site-packages/airflow/example_dags/plugins/decreasing_priority_weight_strategy.py took 0.104 seconds
[2026-09-18T11:43:44.044+0700] {processor.py:186} INFO - Started process (PID=27336) to work on /Users/andreasanditya/Downloads/572392_Andreas_AirflowETL/code/.venv/lib/python3.9/site-packages/airflow/example_dags/plugins/decreasing_priority_weight_strategy.py
[2026-09-18T11:43:44.045+0700] {processor.py:914} INFO - Processing file /Users/andreasanditya/Downloads/572392_Andreas_AirflowETL/code/.venv/lib/python3.9/site-packages/airflow/example_dags/plugins/decreasing_priority_weight_strategy.py for tasks to queue
[2026-09-18T11:43:44.045+0700] {logging_mixin.py:190} INFO - [2026-09-18T11:43:44.045+0700] {dagbag.py:588} INFO - Filling up the DagBag from /Users/andreasanditya/Downloads/572392_Andreas_AirflowETL/code/.venv/lib/python3.9/site-packages/airflow/example_dags/plugins/decreasing_priority_weight_strategy.py
[2026-09-18T11:43:44.047+0700] {processor.py:927} WARNING - No viable dags retrieved from /Users/andreasanditya/Downloads/572392_Andreas_AirflowETL/code/.venv/lib/python3.9/site-packages/airflow/example_dags/plugins/decreasing_priority_weight_strategy.py
[2026-09-18T11:43:44.128+0700] {processor.py:208} INFO - Processing /Users/andreasanditya/Downloads/572392_Andreas_AirflowETL/code/.venv/lib/python3.9/site-packages/airflow/example_dags/plugins/decreasing_priority_weight_strategy.py took 0.086 seconds
[2026-09-18T11:45:12.020+0700] {processor.py:186} INFO - Started process (PID=28157) to work on /Users/andreasanditya/Downloads/572392_Andreas_AirflowETL/code/.venv/lib/python3.9/site-packages/airflow/example_dags/plugins/decreasing_priority_weight_strategy.py
[2026-09-18T11:45:12.021+0700] {processor.py:914} INFO - Processing file /Users/andreasanditya/Downloads/572392_Andreas_AirflowETL/code/.venv/lib/python3.9/site-packages/airflow/example_dags/plugins/decreasing_priority_weight_strategy.py for tasks to queue
[2026-09-18T11:45:12.021+0700] {logging_mixin.py:190} INFO - [2026-09-18T11:45:12.021+0700] {dagbag.py:588} INFO - Filling up the DagBag from /Users/andreasanditya/Downloads/572392_Andreas_AirflowETL/code/.venv/lib/python3.9/site-packages/airflow/example_dags/plugins/decreasing_priority_weight_strategy.py
[2026-09-18T11:45:12.022+0700] {processor.py:927} WARNING - No viable dags retrieved from /Users/andreasanditya/Downloads/572392_Andreas_AirflowETL/code/.venv/lib/python3.9/site-packages/airflow/example_dags/plugins/decreasing_priority_weight_strategy.py
[2026-09-18T11:45:12.104+0700] {processor.py:208} INFO - Processing /Users/andreasanditya/Downloads/572392_Andreas_AirflowETL/code/.venv/lib/python3.9/site-packages/airflow/example_dags/plugins/decreasing_priority_weight_strategy.py took 0.087 seconds
[2026-09-18T11:46:37.674+0700] {processor.py:186} INFO - Started process (PID=29047) to work on /Users/andreasanditya/Downloads/572392_Andreas_AirflowETL/code/.venv/lib/python3.9/site-packages/airflow/example_dags/plugins/decreasing_priority_weight_strategy.py
[2026-09-18T11:46:37.675+0700] {processor.py:914} INFO - Processing file /Users/andreasanditya/Downloads/572392_Andreas_AirflowETL/code/.venv/lib/python3.9/site-packages/airflow/example_dags/plugins/decreasing_priority_weight_strategy.py for tasks to queue
[2026-09-18T11:46:37.676+0700] {logging_mixin.py:190} INFO - [2026-09-18T11:46:37.676+0700] {dagbag.py:588} INFO - Filling up the DagBag from /Users/andreasanditya/Downloads/572392_Andreas_AirflowETL/code/.venv/lib/python3.9/site-packages/airflow/example_dags/plugins/decreasing_priority_weight_strategy.py
[2026-09-18T11:46:37.677+0700] {processor.py:927} WARNING - No viable dags retrieved from /Users/andreasanditya/Downloads/572392_Andreas_AirflowETL/code/.venv/lib/python3.9/site-packages/airflow/example_dags/plugins/decreasing_priority_weight_strategy.py
[2026-09-18T11:46:37.758+0700] {processor.py:208} INFO - Processing /Users/andreasanditya/Downloads/572392_Andreas_AirflowETL/code/.venv/lib/python3.9/site-packages/airflow/example_dags/plugins/decreasing_priority_weight_strategy.py took 0.086 seconds
[2026-09-18T11:48:04.476+0700] {processor.py:186} INFO - Started process (PID=29879) to work on /Users/andreasanditya/Downloads/572392_Andreas_AirflowETL/code/.venv/lib/python3.9/site-packages/airflow/example_dags/plugins/decreasing_priority_weight_strategy.py
[2026-09-18T11:48:04.477+0700] {processor.py:914} INFO - Processing file /Users/andreasanditya/Downloads/572392_Andreas_AirflowETL/code/.venv/lib/python3.9/site-packages/airflow/example_dags/plugins/decreasing_priority_weight_strategy.py for tasks to queue
[2026-09-18T11:48:04.477+0700] {logging_mixin.py:190} INFO - [2026-09-18T11:48:04.477+0700] {dagbag.py:588} INFO - Filling up the DagBag from /Users/andreasanditya/Downloads/572392_Andreas_AirflowETL/code/.venv/lib/python3.9/site-packages/airflow/example_dags/plugins/decreasing_priority_weight_strategy.py
[2026-09-18T11:48:04.478+0700] {processor.py:927} WARNING - No viable dags retrieved from /Users/andreasanditya/Downloads/572392_Andreas_AirflowETL/code/.venv/lib/python3.9/site-packages/airflow/example_dags/plugins/decreasing_priority_weight_strategy.py
[2026-09-18T11:48:04.563+0700] {processor.py:208} INFO - Processing /Users/andreasanditya/Downloads/572392_Andreas_AirflowETL/code/.venv/lib/python3.9/site-packages/airflow/example_dags/plugins/decreasing_priority_weight_strategy.py took 0.090 seconds
[2026-09-18T11:49:31.310+0700] {processor.py:186} INFO - Started process (PID=30802) to work on /Users/andreasanditya/Downloads/572392_Andreas_AirflowETL/code/.venv/lib/python3.9/site-packages/airflow/example_dags/plugins/decreasing_priority_weight_strategy.py
[2026-09-18T11:49:31.311+0700] {processor.py:914} INFO - Processing file /Users/andreasanditya/Downloads/572392_Andreas_AirflowETL/code/.venv/lib/python3.9/site-packages/airflow/example_dags/plugins/decreasing_priority_weight_strategy.py for tasks to queue
[2026-09-18T11:49:31.312+0700] {logging_mixin.py:190} INFO - [2026-09-18T11:49:31.312+0700] {dagbag.py:588} INFO - Filling up the DagBag from /Users/andreasanditya/Downloads/572392_Andreas_AirflowETL/code/.venv/lib/python3.9/site-packages/airflow/example_dags/plugins/decreasing_priority_weight_strategy.py
[2026-09-18T11:49:31.313+0700] {processor.py:927} WARNING - No viable dags retrieved from /Users/andreasanditya/Downloads/572392_Andreas_AirflowETL/code/.venv/lib/python3.9/site-packages/airflow/example_dags/plugins/decreasing_priority_weight_strategy.py
[2026-09-18T11:49:31.394+0700] {processor.py:208} INFO - Processing /Users/andreasanditya/Downloads/572392_Andreas_AirflowETL/code/.venv/lib/python3.9/site-packages/airflow/example_dags/plugins/decreasing_priority_weight_strategy.py took 0.085 seconds
[2026-09-18T11:50:57.814+0700] {processor.py:186} INFO - Started process (PID=31631) to work on /Users/andreasanditya/Downloads/572392_Andreas_AirflowETL/code/.venv/lib/python3.9/site-packages/airflow/example_dags/plugins/decreasing_priority_weight_strategy.py
[2026-09-18T11:50:57.815+0700] {processor.py:914} INFO - Processing file /Users/andreasanditya/Downloads/572392_Andreas_AirflowETL/code/.venv/lib/python3.9/site-packages/airflow/example_dags/plugins/decreasing_priority_weight_strategy.py for tasks to queue
[2026-09-18T11:50:57.816+0700] {logging_mixin.py:190} INFO - [2026-09-18T11:50:57.816+0700] {dagbag.py:588} INFO - Filling up the DagBag from /Users/andreasanditya/Downloads/572392_Andreas_AirflowETL/code/.venv/lib/python3.9/site-packages/airflow/example_dags/plugins/decreasing_priority_weight_strategy.py
[2026-09-18T11:50:57.817+0700] {processor.py:927} WARNING - No viable dags retrieved from /Users/andreasanditya/Downloads/572392_Andreas_AirflowETL/code/.venv/lib/python3.9/site-packages/airflow/example_dags/plugins/decreasing_priority_weight_strategy.py
[2026-09-18T11:50:57.899+0700] {processor.py:208} INFO - Processing /Users/andreasanditya/Downloads/572392_Andreas_AirflowETL/code/.venv/lib/python3.9/site-packages/airflow/example_dags/plugins/decreasing_priority_weight_strategy.py took 0.086 seconds
[2026-09-18T11:52:22.514+0700] {processor.py:186} INFO - Started process (PID=32519) to work on /Users/andreasanditya/Downloads/572392_Andreas_AirflowETL/code/.venv/lib/python3.9/site-packages/airflow/example_dags/plugins/decreasing_priority_weight_strategy.py
[2026-09-18T11:52:22.515+0700] {processor.py:914} INFO - Processing file /Users/andreasanditya/Downloads/572392_Andreas_AirflowETL/code/.venv/lib/python3.9/site-packages/airflow/example_dags/plugins/decreasing_priority_weight_strategy.py for tasks to queue
[2026-09-18T11:52:22.516+0700] {logging_mixin.py:190} INFO - [2026-09-18T11:52:22.516+0700] {dagbag.py:588} INFO - Filling up the DagBag from /Users/andreasanditya/Downloads/572392_Andreas_AirflowETL/code/.venv/lib/python3.9/site-packages/airflow/example_dags/plugins/decreasing_priority_weight_strategy.py
[2026-09-18T11:52:22.517+0700] {processor.py:927} WARNING - No viable dags retrieved from /Users/andreasanditya/Downloads/572392_Andreas_AirflowETL/code/.venv/lib/python3.9/site-packages/airflow/example_dags/plugins/decreasing_priority_weight_strategy.py
[2026-09-18T11:52:22.601+0700] {processor.py:208} INFO - Processing /Users/andreasanditya/Downloads/572392_Andreas_AirflowETL/code/.venv/lib/python3.9/site-packages/airflow/example_dags/plugins/decreasing_priority_weight_strategy.py took 0.090 seconds
[2026-09-18T11:53:48.947+0700] {processor.py:186} INFO - Started process (PID=33343) to work on /Users/andreasanditya/Downloads/572392_Andreas_AirflowETL/code/.venv/lib/python3.9/site-packages/airflow/example_dags/plugins/decreasing_priority_weight_strategy.py
[2026-09-18T11:53:48.948+0700] {processor.py:914} INFO - Processing file /Users/andreasanditya/Downloads/572392_Andreas_AirflowETL/code/.venv/lib/python3.9/site-packages/airflow/example_dags/plugins/decreasing_priority_weight_strategy.py for tasks to queue
[2026-09-18T11:53:48.949+0700] {logging_mixin.py:190} INFO - [2026-09-18T11:53:48.949+0700] {dagbag.py:588} INFO - Filling up the DagBag from /Users/andreasanditya/Downloads/572392_Andreas_AirflowETL/code/.venv/lib/python3.9/site-packages/airflow/example_dags/plugins/decreasing_priority_weight_strategy.py
[2026-09-18T11:53:48.950+0700] {processor.py:927} WARNING - No viable dags retrieved from /Users/andreasanditya/Downloads/572392_Andreas_AirflowETL/code/.venv/lib/python3.9/site-packages/airflow/example_dags/plugins/decreasing_priority_weight_strategy.py
[2026-09-18T11:53:49.036+0700] {processor.py:208} INFO - Processing /Users/andreasanditya/Downloads/572392_Andreas_AirflowETL/code/.venv/lib/python3.9/site-packages/airflow/example_dags/plugins/decreasing_priority_weight_strategy.py took 0.091 seconds
[2026-09-18T11:55:16.866+0700] {processor.py:186} INFO - Started process (PID=34275) to work on /Users/andreasanditya/Downloads/572392_Andreas_AirflowETL/code/.venv/lib/python3.9/site-packages/airflow/example_dags/plugins/decreasing_priority_weight_strategy.py
[2026-09-18T11:55:16.867+0700] {processor.py:914} INFO - Processing file /Users/andreasanditya/Downloads/572392_Andreas_AirflowETL/code/.venv/lib/python3.9/site-packages/airflow/example_dags/plugins/decreasing_priority_weight_strategy.py for tasks to queue
[2026-09-18T11:55:16.868+0700] {logging_mixin.py:190} INFO - [2026-09-18T11:55:16.868+0700] {dagbag.py:588} INFO - Filling up the DagBag from /Users/andreasanditya/Downloads/572392_Andreas_AirflowETL/code/.venv/lib/python3.9/site-packages/airflow/example_dags/plugins/decreasing_priority_weight_strategy.py
[2026-09-18T11:55:16.869+0700] {processor.py:927} WARNING - No viable dags retrieved from /Users/andreasanditya/Downloads/572392_Andreas_AirflowETL/code/.venv/lib/python3.9/site-packages/airflow/example_dags/plugins/decreasing_priority_weight_strategy.py
[2026-09-18T11:55:16.950+0700] {processor.py:208} INFO - Processing /Users/andreasanditya/Downloads/572392_Andreas_AirflowETL/code/.venv/lib/python3.9/site-packages/airflow/example_dags/plugins/decreasing_priority_weight_strategy.py took 0.086 seconds
[2026-09-18T11:56:43.807+0700] {processor.py:186} INFO - Started process (PID=35184) to work on /Users/andreasanditya/Downloads/572392_Andreas_AirflowETL/code/.venv/lib/python3.9/site-packages/airflow/example_dags/plugins/decreasing_priority_weight_strategy.py
[2026-09-18T11:56:43.808+0700] {processor.py:914} INFO - Processing file /Users/andreasanditya/Downloads/572392_Andreas_AirflowETL/code/.venv/lib/python3.9/site-packages/airflow/example_dags/plugins/decreasing_priority_weight_strategy.py for tasks to queue
[2026-09-18T11:56:43.809+0700] {logging_mixin.py:190} INFO - [2026-09-18T11:56:43.809+0700] {dagbag.py:588} INFO - Filling up the DagBag from /Users/andreasanditya/Downloads/572392_Andreas_AirflowETL/code/.venv/lib/python3.9/site-packages/airflow/example_dags/plugins/decreasing_priority_weight_strategy.py
[2026-09-18T11:56:43.810+0700] {processor.py:927} WARNING - No viable dags retrieved from /Users/andreasanditya/Downloads/572392_Andreas_AirflowETL/code/.venv/lib/python3.9/site-packages/airflow/example_dags/plugins/decreasing_priority_weight_strategy.py
[2026-09-18T11:56:43.893+0700] {processor.py:208} INFO - Processing /Users/andreasanditya/Downloads/572392_Andreas_AirflowETL/code/.venv/lib/python3.9/site-packages/airflow/example_dags/plugins/decreasing_priority_weight_strategy.py took 0.088 seconds
[2026-09-18T11:58:11.236+0700] {processor.py:186} INFO - Started process (PID=36014) to work on /Users/andreasanditya/Downloads/572392_Andreas_AirflowETL/code/.venv/lib/python3.9/site-packages/airflow/example_dags/plugins/decreasing_priority_weight_strategy.py
[2026-09-18T11:58:11.237+0700] {processor.py:914} INFO - Processing file /Users/andreasanditya/Downloads/572392_Andreas_AirflowETL/code/.venv/lib/python3.9/site-packages/airflow/example_dags/plugins/decreasing_priority_weight_strategy.py for tasks to queue
[2026-09-18T11:58:11.238+0700] {logging_mixin.py:190} INFO - [2026-09-18T11:58:11.238+0700] {dagbag.py:588} INFO - Filling up the DagBag from /Users/andreasanditya/Downloads/572392_Andreas_AirflowETL/code/.venv/lib/python3.9/site-packages/airflow/example_dags/plugins/decreasing_priority_weight_strategy.py
[2026-09-18T11:58:11.239+0700] {processor.py:927} WARNING - No viable dags retrieved from /Users/andreasanditya/Downloads/572392_Andreas_AirflowETL/code/.venv/lib/python3.9/site-packages/airflow/example_dags/plugins/decreasing_priority_weight_strategy.py
[2026-09-18T11:58:11.320+0700] {processor.py:208} INFO - Processing /Users/andreasanditya/Downloads/572392_Andreas_AirflowETL/code/.venv/lib/python3.9/site-packages/airflow/example_dags/plugins/decreasing_priority_weight_strategy.py took 0.085 seconds
[2026-09-18T11:59:35.289+0700] {processor.py:186} INFO - Started process (PID=36823) to work on /Users/andreasanditya/Downloads/572392_Andreas_AirflowETL/code/.venv/lib/python3.9/site-packages/airflow/example_dags/plugins/decreasing_priority_weight_strategy.py
[2026-09-18T11:59:35.290+0700] {processor.py:914} INFO - Processing file /Users/andreasanditya/Downloads/572392_Andreas_AirflowETL/code/.venv/lib/python3.9/site-packages/airflow/example_dags/plugins/decreasing_priority_weight_strategy.py for tasks to queue
[2026-09-18T11:59:35.291+0700] {logging_mixin.py:190} INFO - [2026-09-18T11:59:35.291+0700] {dagbag.py:588} INFO - Filling up the DagBag from /Users/andreasanditya/Downloads/572392_Andreas_AirflowETL/code/.venv/lib/python3.9/site-packages/airflow/example_dags/plugins/decreasing_priority_weight_strategy.py
[2026-09-18T11:59:35.292+0700] {processor.py:927} WARNING - No viable dags retrieved from /Users/andreasanditya/Downloads/572392_Andreas_AirflowETL/code/.venv/lib/python3.9/site-packages/airflow/example_dags/plugins/decreasing_priority_weight_strategy.py
[2026-09-18T11:59:35.373+0700] {processor.py:208} INFO - Processing /Users/andreasanditya/Downloads/572392_Andreas_AirflowETL/code/.venv/lib/python3.9/site-packages/airflow/example_dags/plugins/decreasing_priority_weight_strategy.py took 0.086 seconds
[2026-09-18T12:01:01.432+0700] {processor.py:186} INFO - Started process (PID=37743) to work on /Users/andreasanditya/Downloads/572392_Andreas_AirflowETL/code/.venv/lib/python3.9/site-packages/airflow/example_dags/plugins/decreasing_priority_weight_strategy.py
[2026-09-18T12:01:01.433+0700] {processor.py:914} INFO - Processing file /Users/andreasanditya/Downloads/572392_Andreas_AirflowETL/code/.venv/lib/python3.9/site-packages/airflow/example_dags/plugins/decreasing_priority_weight_strategy.py for tasks to queue
[2026-09-18T12:01:01.434+0700] {logging_mixin.py:190} INFO - [2026-09-18T12:01:01.434+0700] {dagbag.py:588} INFO - Filling up the DagBag from /Users/andreasanditya/Downloads/572392_Andreas_AirflowETL/code/.venv/lib/python3.9/site-packages/airflow/example_dags/plugins/decreasing_priority_weight_strategy.py
[2026-09-18T12:01:01.435+0700] {processor.py:927} WARNING - No viable dags retrieved from /Users/andreasanditya/Downloads/572392_Andreas_AirflowETL/code/.venv/lib/python3.9/site-packages/airflow/example_dags/plugins/decreasing_priority_weight_strategy.py
[2026-09-18T12:01:01.518+0700] {processor.py:208} INFO - Processing /Users/andreasanditya/Downloads/572392_Andreas_AirflowETL/code/.venv/lib/python3.9/site-packages/airflow/example_dags/plugins/decreasing_priority_weight_strategy.py took 0.088 seconds
[2026-09-18T12:02:29.369+0700] {processor.py:186} INFO - Started process (PID=38648) to work on /Users/andreasanditya/Downloads/572392_Andreas_AirflowETL/code/.venv/lib/python3.9/site-packages/airflow/example_dags/plugins/decreasing_priority_weight_strategy.py
[2026-09-18T12:02:29.372+0700] {processor.py:914} INFO - Processing file /Users/andreasanditya/Downloads/572392_Andreas_AirflowETL/code/.venv/lib/python3.9/site-packages/airflow/example_dags/plugins/decreasing_priority_weight_strategy.py for tasks to queue
[2026-09-18T12:02:29.373+0700] {logging_mixin.py:190} INFO - [2026-09-18T12:02:29.373+0700] {dagbag.py:588} INFO - Filling up the DagBag from /Users/andreasanditya/Downloads/572392_Andreas_AirflowETL/code/.venv/lib/python3.9/site-packages/airflow/example_dags/plugins/decreasing_priority_weight_strategy.py
[2026-09-18T12:02:29.374+0700] {processor.py:927} WARNING - No viable dags retrieved from /Users/andreasanditya/Downloads/572392_Andreas_AirflowETL/code/.venv/lib/python3.9/site-packages/airflow/example_dags/plugins/decreasing_priority_weight_strategy.py
[2026-09-18T12:02:29.457+0700] {processor.py:208} INFO - Processing /Users/andreasanditya/Downloads/572392_Andreas_AirflowETL/code/.venv/lib/python3.9/site-packages/airflow/example_dags/plugins/decreasing_priority_weight_strategy.py took 0.090 seconds
[2026-09-18T12:03:56.117+0700] {processor.py:186} INFO - Started process (PID=39502) to work on /Users/andreasanditya/Downloads/572392_Andreas_AirflowETL/code/.venv/lib/python3.9/site-packages/airflow/example_dags/plugins/decreasing_priority_weight_strategy.py
[2026-09-18T12:03:56.119+0700] {processor.py:914} INFO - Processing file /Users/andreasanditya/Downloads/572392_Andreas_AirflowETL/code/.venv/lib/python3.9/site-packages/airflow/example_dags/plugins/decreasing_priority_weight_strategy.py for tasks to queue
[2026-09-18T12:03:56.120+0700] {logging_mixin.py:190} INFO - [2026-09-18T12:03:56.119+0700] {dagbag.py:588} INFO - Filling up the DagBag from /Users/andreasanditya/Downloads/572392_Andreas_AirflowETL/code/.venv/lib/python3.9/site-packages/airflow/example_dags/plugins/decreasing_priority_weight_strategy.py
[2026-09-18T12:03:56.120+0700] {processor.py:927} WARNING - No viable dags retrieved from /Users/andreasanditya/Downloads/572392_Andreas_AirflowETL/code/.venv/lib/python3.9/site-packages/airflow/example_dags/plugins/decreasing_priority_weight_strategy.py
[2026-09-18T12:03:56.202+0700] {processor.py:208} INFO - Processing /Users/andreasanditya/Downloads/572392_Andreas_AirflowETL/code/.venv/lib/python3.9/site-packages/airflow/example_dags/plugins/decreasing_priority_weight_strategy.py took 0.087 seconds
[2026-09-18T12:05:21.989+0700] {processor.py:186} INFO - Started process (PID=40396) to work on /Users/andreasanditya/Downloads/572392_Andreas_AirflowETL/code/.venv/lib/python3.9/site-packages/airflow/example_dags/plugins/decreasing_priority_weight_strategy.py
[2026-09-18T12:05:21.990+0700] {processor.py:914} INFO - Processing file /Users/andreasanditya/Downloads/572392_Andreas_AirflowETL/code/.venv/lib/python3.9/site-packages/airflow/example_dags/plugins/decreasing_priority_weight_strategy.py for tasks to queue
[2026-09-18T12:05:21.991+0700] {logging_mixin.py:190} INFO - [2026-09-18T12:05:21.991+0700] {dagbag.py:588} INFO - Filling up the DagBag from /Users/andreasanditya/Downloads/572392_Andreas_AirflowETL/code/.venv/lib/python3.9/site-packages/airflow/example_dags/plugins/decreasing_priority_weight_strategy.py
[2026-09-18T12:05:21.992+0700] {processor.py:927} WARNING - No viable dags retrieved from /Users/andreasanditya/Downloads/572392_Andreas_AirflowETL/code/.venv/lib/python3.9/site-packages/airflow/example_dags/plugins/decreasing_priority_weight_strategy.py
[2026-09-18T12:05:22.075+0700] {processor.py:208} INFO - Processing /Users/andreasanditya/Downloads/572392_Andreas_AirflowETL/code/.venv/lib/python3.9/site-packages/airflow/example_dags/plugins/decreasing_priority_weight_strategy.py took 0.088 seconds
[2026-09-18T12:06:49.964+0700] {processor.py:186} INFO - Started process (PID=41233) to work on /Users/andreasanditya/Downloads/572392_Andreas_AirflowETL/code/.venv/lib/python3.9/site-packages/airflow/example_dags/plugins/decreasing_priority_weight_strategy.py
[2026-09-18T12:06:49.965+0700] {processor.py:914} INFO - Processing file /Users/andreasanditya/Downloads/572392_Andreas_AirflowETL/code/.venv/lib/python3.9/site-packages/airflow/example_dags/plugins/decreasing_priority_weight_strategy.py for tasks to queue
[2026-09-18T12:06:49.966+0700] {logging_mixin.py:190} INFO - [2026-09-18T12:06:49.966+0700] {dagbag.py:588} INFO - Filling up the DagBag from /Users/andreasanditya/Downloads/572392_Andreas_AirflowETL/code/.venv/lib/python3.9/site-packages/airflow/example_dags/plugins/decreasing_priority_weight_strategy.py
[2026-09-18T12:06:49.967+0700] {processor.py:927} WARNING - No viable dags retrieved from /Users/andreasanditya/Downloads/572392_Andreas_AirflowETL/code/.venv/lib/python3.9/site-packages/airflow/example_dags/plugins/decreasing_priority_weight_strategy.py
[2026-09-18T12:06:50.051+0700] {processor.py:208} INFO - Processing /Users/andreasanditya/Downloads/572392_Andreas_AirflowETL/code/.venv/lib/python3.9/site-packages/airflow/example_dags/plugins/decreasing_priority_weight_strategy.py took 0.089 seconds
[2026-09-18T12:08:18.511+0700] {processor.py:186} INFO - Started process (PID=42143) to work on /Users/andreasanditya/Downloads/572392_Andreas_AirflowETL/code/.venv/lib/python3.9/site-packages/airflow/example_dags/plugins/decreasing_priority_weight_strategy.py
[2026-09-18T12:08:18.513+0700] {processor.py:914} INFO - Processing file /Users/andreasanditya/Downloads/572392_Andreas_AirflowETL/code/.venv/lib/python3.9/site-packages/airflow/example_dags/plugins/decreasing_priority_weight_strategy.py for tasks to queue
[2026-09-18T12:08:18.513+0700] {logging_mixin.py:190} INFO - [2026-09-18T12:08:18.513+0700] {dagbag.py:588} INFO - Filling up the DagBag from /Users/andreasanditya/Downloads/572392_Andreas_AirflowETL/code/.venv/lib/python3.9/site-packages/airflow/example_dags/plugins/decreasing_priority_weight_strategy.py
[2026-09-18T12:08:18.514+0700] {processor.py:927} WARNING - No viable dags retrieved from /Users/andreasanditya/Downloads/572392_Andreas_AirflowETL/code/.venv/lib/python3.9/site-packages/airflow/example_dags/plugins/decreasing_priority_weight_strategy.py
[2026-09-18T12:08:18.596+0700] {processor.py:208} INFO - Processing /Users/andreasanditya/Downloads/572392_Andreas_AirflowETL/code/.venv/lib/python3.9/site-packages/airflow/example_dags/plugins/decreasing_priority_weight_strategy.py took 0.087 seconds
[2026-09-18T12:09:45.309+0700] {processor.py:186} INFO - Started process (PID=43062) to work on /Users/andreasanditya/Downloads/572392_Andreas_AirflowETL/code/.venv/lib/python3.9/site-packages/airflow/example_dags/plugins/decreasing_priority_weight_strategy.py
[2026-09-18T12:09:45.310+0700] {processor.py:914} INFO - Processing file /Users/andreasanditya/Downloads/572392_Andreas_AirflowETL/code/.venv/lib/python3.9/site-packages/airflow/example_dags/plugins/decreasing_priority_weight_strategy.py for tasks to queue
[2026-09-18T12:09:45.311+0700] {logging_mixin.py:190} INFO - [2026-09-18T12:09:45.311+0700] {dagbag.py:588} INFO - Filling up the DagBag from /Users/andreasanditya/Downloads/572392_Andreas_AirflowETL/code/.venv/lib/python3.9/site-packages/airflow/example_dags/plugins/decreasing_priority_weight_strategy.py
[2026-09-18T12:09:45.312+0700] {processor.py:927} WARNING - No viable dags retrieved from /Users/andreasanditya/Downloads/572392_Andreas_AirflowETL/code/.venv/lib/python3.9/site-packages/airflow/example_dags/plugins/decreasing_priority_weight_strategy.py
[2026-09-18T12:09:45.398+0700] {processor.py:208} INFO - Processing /Users/andreasanditya/Downloads/572392_Andreas_AirflowETL/code/.venv/lib/python3.9/site-packages/airflow/example_dags/plugins/decreasing_priority_weight_strategy.py took 0.091 seconds
[2026-09-18T12:11:10.474+0700] {processor.py:186} INFO - Started process (PID=43883) to work on /Users/andreasanditya/Downloads/572392_Andreas_AirflowETL/code/.venv/lib/python3.9/site-packages/airflow/example_dags/plugins/decreasing_priority_weight_strategy.py
[2026-09-18T12:11:10.475+0700] {processor.py:914} INFO - Processing file /Users/andreasanditya/Downloads/572392_Andreas_AirflowETL/code/.venv/lib/python3.9/site-packages/airflow/example_dags/plugins/decreasing_priority_weight_strategy.py for tasks to queue
[2026-09-18T12:11:10.475+0700] {logging_mixin.py:190} INFO - [2026-09-18T12:11:10.475+0700] {dagbag.py:588} INFO - Filling up the DagBag from /Users/andreasanditya/Downloads/572392_Andreas_AirflowETL/code/.venv/lib/python3.9/site-packages/airflow/example_dags/plugins/decreasing_priority_weight_strategy.py
[2026-09-18T12:11:10.476+0700] {processor.py:927} WARNING - No viable dags retrieved from /Users/andreasanditya/Downloads/572392_Andreas_AirflowETL/code/.venv/lib/python3.9/site-packages/airflow/example_dags/plugins/decreasing_priority_weight_strategy.py
[2026-09-18T12:11:10.563+0700] {processor.py:208} INFO - Processing /Users/andreasanditya/Downloads/572392_Andreas_AirflowETL/code/.venv/lib/python3.9/site-packages/airflow/example_dags/plugins/decreasing_priority_weight_strategy.py took 0.091 seconds
[2026-09-18T12:12:41.074+0700] {processor.py:186} INFO - Started process (PID=44942) to work on /Users/andreasanditya/Downloads/572392_Andreas_AirflowETL/code/.venv/lib/python3.9/site-packages/airflow/example_dags/plugins/decreasing_priority_weight_strategy.py
[2026-09-18T12:12:41.075+0700] {processor.py:914} INFO - Processing file /Users/andreasanditya/Downloads/572392_Andreas_AirflowETL/code/.venv/lib/python3.9/site-packages/airflow/example_dags/plugins/decreasing_priority_weight_strategy.py for tasks to queue
[2026-09-18T12:12:41.075+0700] {logging_mixin.py:190} INFO - [2026-09-18T12:12:41.075+0700] {dagbag.py:588} INFO - Filling up the DagBag from /Users/andreasanditya/Downloads/572392_Andreas_AirflowETL/code/.venv/lib/python3.9/site-packages/airflow/example_dags/plugins/decreasing_priority_weight_strategy.py
[2026-09-18T12:12:41.076+0700] {processor.py:927} WARNING - No viable dags retrieved from /Users/andreasanditya/Downloads/572392_Andreas_AirflowETL/code/.venv/lib/python3.9/site-packages/airflow/example_dags/plugins/decreasing_priority_weight_strategy.py
[2026-09-18T12:12:41.159+0700] {processor.py:208} INFO - Processing /Users/andreasanditya/Downloads/572392_Andreas_AirflowETL/code/.venv/lib/python3.9/site-packages/airflow/example_dags/plugins/decreasing_priority_weight_strategy.py took 0.087 seconds
[2026-09-18T12:14:09.543+0700] {processor.py:186} INFO - Started process (PID=46544) to work on /Users/andreasanditya/Downloads/572392_Andreas_AirflowETL/code/.venv/lib/python3.9/site-packages/airflow/example_dags/plugins/decreasing_priority_weight_strategy.py
[2026-09-18T12:14:09.543+0700] {processor.py:914} INFO - Processing file /Users/andreasanditya/Downloads/572392_Andreas_AirflowETL/code/.venv/lib/python3.9/site-packages/airflow/example_dags/plugins/decreasing_priority_weight_strategy.py for tasks to queue
[2026-09-18T12:14:09.544+0700] {logging_mixin.py:190} INFO - [2026-09-18T12:14:09.544+0700] {dagbag.py:588} INFO - Filling up the DagBag from /Users/andreasanditya/Downloads/572392_Andreas_AirflowETL/code/.venv/lib/python3.9/site-packages/airflow/example_dags/plugins/decreasing_priority_weight_strategy.py
[2026-09-18T12:14:09.545+0700] {processor.py:927} WARNING - No viable dags retrieved from /Users/andreasanditya/Downloads/572392_Andreas_AirflowETL/code/.venv/lib/python3.9/site-packages/airflow/example_dags/plugins/decreasing_priority_weight_strategy.py
[2026-09-18T12:14:09.630+0700] {processor.py:208} INFO - Processing /Users/andreasanditya/Downloads/572392_Andreas_AirflowETL/code/.venv/lib/python3.9/site-packages/airflow/example_dags/plugins/decreasing_priority_weight_strategy.py took 0.090 seconds
[2026-09-18T12:15:36.743+0700] {processor.py:186} INFO - Started process (PID=47934) to work on /Users/andreasanditya/Downloads/572392_Andreas_AirflowETL/code/.venv/lib/python3.9/site-packages/airflow/example_dags/plugins/decreasing_priority_weight_strategy.py
[2026-09-18T12:15:36.746+0700] {processor.py:914} INFO - Processing file /Users/andreasanditya/Downloads/572392_Andreas_AirflowETL/code/.venv/lib/python3.9/site-packages/airflow/example_dags/plugins/decreasing_priority_weight_strategy.py for tasks to queue
[2026-09-18T12:15:36.746+0700] {logging_mixin.py:190} INFO - [2026-09-18T12:15:36.746+0700] {dagbag.py:588} INFO - Filling up the DagBag from /Users/andreasanditya/Downloads/572392_Andreas_AirflowETL/code/.venv/lib/python3.9/site-packages/airflow/example_dags/plugins/decreasing_priority_weight_strategy.py
[2026-09-18T12:15:36.747+0700] {processor.py:927} WARNING - No viable dags retrieved from /Users/andreasanditya/Downloads/572392_Andreas_AirflowETL/code/.venv/lib/python3.9/site-packages/airflow/example_dags/plugins/decreasing_priority_weight_strategy.py
[2026-09-18T12:15:36.829+0700] {processor.py:208} INFO - Processing /Users/andreasanditya/Downloads/572392_Andreas_AirflowETL/code/.venv/lib/python3.9/site-packages/airflow/example_dags/plugins/decreasing_priority_weight_strategy.py took 0.087 seconds
[2026-09-18T12:17:04.712+0700] {processor.py:186} INFO - Started process (PID=49293) to work on /Users/andreasanditya/Downloads/572392_Andreas_AirflowETL/code/.venv/lib/python3.9/site-packages/airflow/example_dags/plugins/decreasing_priority_weight_strategy.py
[2026-09-18T12:17:04.712+0700] {processor.py:914} INFO - Processing file /Users/andreasanditya/Downloads/572392_Andreas_AirflowETL/code/.venv/lib/python3.9/site-packages/airflow/example_dags/plugins/decreasing_priority_weight_strategy.py for tasks to queue
[2026-09-18T12:17:04.713+0700] {logging_mixin.py:190} INFO - [2026-09-18T12:17:04.713+0700] {dagbag.py:588} INFO - Filling up the DagBag from /Users/andreasanditya/Downloads/572392_Andreas_AirflowETL/code/.venv/lib/python3.9/site-packages/airflow/example_dags/plugins/decreasing_priority_weight_strategy.py
[2026-09-18T12:17:04.714+0700] {processor.py:927} WARNING - No viable dags retrieved from /Users/andreasanditya/Downloads/572392_Andreas_AirflowETL/code/.venv/lib/python3.9/site-packages/airflow/example_dags/plugins/decreasing_priority_weight_strategy.py
[2026-09-18T12:17:04.795+0700] {processor.py:208} INFO - Processing /Users/andreasanditya/Downloads/572392_Andreas_AirflowETL/code/.venv/lib/python3.9/site-packages/airflow/example_dags/plugins/decreasing_priority_weight_strategy.py took 0.085 seconds
[2026-09-18T12:18:34.814+0700] {processor.py:186} INFO - Started process (PID=50866) to work on /Users/andreasanditya/Downloads/572392_Andreas_AirflowETL/code/.venv/lib/python3.9/site-packages/airflow/example_dags/plugins/decreasing_priority_weight_strategy.py
[2026-09-18T12:18:34.814+0700] {processor.py:914} INFO - Processing file /Users/andreasanditya/Downloads/572392_Andreas_AirflowETL/code/.venv/lib/python3.9/site-packages/airflow/example_dags/plugins/decreasing_priority_weight_strategy.py for tasks to queue
[2026-09-18T12:18:34.815+0700] {logging_mixin.py:190} INFO - [2026-09-18T12:18:34.815+0700] {dagbag.py:588} INFO - Filling up the DagBag from /Users/andreasanditya/Downloads/572392_Andreas_AirflowETL/code/.venv/lib/python3.9/site-packages/airflow/example_dags/plugins/decreasing_priority_weight_strategy.py
[2026-09-18T12:18:34.817+0700] {processor.py:927} WARNING - No viable dags retrieved from /Users/andreasanditya/Downloads/572392_Andreas_AirflowETL/code/.venv/lib/python3.9/site-packages/airflow/example_dags/plugins/decreasing_priority_weight_strategy.py
[2026-09-18T12:18:34.907+0700] {processor.py:208} INFO - Processing /Users/andreasanditya/Downloads/572392_Andreas_AirflowETL/code/.venv/lib/python3.9/site-packages/airflow/example_dags/plugins/decreasing_priority_weight_strategy.py took 0.095 seconds
[2026-09-18T12:20:03.045+0700] {processor.py:186} INFO - Started process (PID=52598) to work on /Users/andreasanditya/Downloads/572392_Andreas_AirflowETL/code/.venv/lib/python3.9/site-packages/airflow/example_dags/plugins/decreasing_priority_weight_strategy.py
[2026-09-18T12:20:03.046+0700] {processor.py:914} INFO - Processing file /Users/andreasanditya/Downloads/572392_Andreas_AirflowETL/code/.venv/lib/python3.9/site-packages/airflow/example_dags/plugins/decreasing_priority_weight_strategy.py for tasks to queue
[2026-09-18T12:20:03.047+0700] {logging_mixin.py:190} INFO - [2026-09-18T12:20:03.047+0700] {dagbag.py:588} INFO - Filling up the DagBag from /Users/andreasanditya/Downloads/572392_Andreas_AirflowETL/code/.venv/lib/python3.9/site-packages/airflow/example_dags/plugins/decreasing_priority_weight_strategy.py
[2026-09-18T12:20:03.048+0700] {processor.py:927} WARNING - No viable dags retrieved from /Users/andreasanditya/Downloads/572392_Andreas_AirflowETL/code/.venv/lib/python3.9/site-packages/airflow/example_dags/plugins/decreasing_priority_weight_strategy.py
[2026-09-18T12:20:03.129+0700] {processor.py:208} INFO - Processing /Users/andreasanditya/Downloads/572392_Andreas_AirflowETL/code/.venv/lib/python3.9/site-packages/airflow/example_dags/plugins/decreasing_priority_weight_strategy.py took 0.086 seconds
[2026-09-18T12:21:30.913+0700] {processor.py:186} INFO - Started process (PID=53653) to work on /Users/andreasanditya/Downloads/572392_Andreas_AirflowETL/code/.venv/lib/python3.9/site-packages/airflow/example_dags/plugins/decreasing_priority_weight_strategy.py
[2026-09-18T12:21:30.913+0700] {processor.py:914} INFO - Processing file /Users/andreasanditya/Downloads/572392_Andreas_AirflowETL/code/.venv/lib/python3.9/site-packages/airflow/example_dags/plugins/decreasing_priority_weight_strategy.py for tasks to queue
[2026-09-18T12:21:30.914+0700] {logging_mixin.py:190} INFO - [2026-09-18T12:21:30.914+0700] {dagbag.py:588} INFO - Filling up the DagBag from /Users/andreasanditya/Downloads/572392_Andreas_AirflowETL/code/.venv/lib/python3.9/site-packages/airflow/example_dags/plugins/decreasing_priority_weight_strategy.py
[2026-09-18T12:21:30.915+0700] {processor.py:927} WARNING - No viable dags retrieved from /Users/andreasanditya/Downloads/572392_Andreas_AirflowETL/code/.venv/lib/python3.9/site-packages/airflow/example_dags/plugins/decreasing_priority_weight_strategy.py
[2026-09-18T12:21:30.997+0700] {processor.py:208} INFO - Processing /Users/andreasanditya/Downloads/572392_Andreas_AirflowETL/code/.venv/lib/python3.9/site-packages/airflow/example_dags/plugins/decreasing_priority_weight_strategy.py took 0.087 seconds
[2026-09-18T12:22:57.251+0700] {processor.py:186} INFO - Started process (PID=54564) to work on /Users/andreasanditya/Downloads/572392_Andreas_AirflowETL/code/.venv/lib/python3.9/site-packages/airflow/example_dags/plugins/decreasing_priority_weight_strategy.py
[2026-09-18T12:22:57.252+0700] {processor.py:914} INFO - Processing file /Users/andreasanditya/Downloads/572392_Andreas_AirflowETL/code/.venv/lib/python3.9/site-packages/airflow/example_dags/plugins/decreasing_priority_weight_strategy.py for tasks to queue
[2026-09-18T12:22:57.253+0700] {logging_mixin.py:190} INFO - [2026-09-18T12:22:57.253+0700] {dagbag.py:588} INFO - Filling up the DagBag from /Users/andreasanditya/Downloads/572392_Andreas_AirflowETL/code/.venv/lib/python3.9/site-packages/airflow/example_dags/plugins/decreasing_priority_weight_strategy.py
[2026-09-18T12:22:57.254+0700] {processor.py:927} WARNING - No viable dags retrieved from /Users/andreasanditya/Downloads/572392_Andreas_AirflowETL/code/.venv/lib/python3.9/site-packages/airflow/example_dags/plugins/decreasing_priority_weight_strategy.py
[2026-09-18T12:22:57.339+0700] {processor.py:208} INFO - Processing /Users/andreasanditya/Downloads/572392_Andreas_AirflowETL/code/.venv/lib/python3.9/site-packages/airflow/example_dags/plugins/decreasing_priority_weight_strategy.py took 0.090 seconds
[2026-09-18T12:24:22.859+0700] {processor.py:186} INFO - Started process (PID=55406) to work on /Users/andreasanditya/Downloads/572392_Andreas_AirflowETL/code/.venv/lib/python3.9/site-packages/airflow/example_dags/plugins/decreasing_priority_weight_strategy.py
[2026-09-18T12:24:22.860+0700] {processor.py:914} INFO - Processing file /Users/andreasanditya/Downloads/572392_Andreas_AirflowETL/code/.venv/lib/python3.9/site-packages/airflow/example_dags/plugins/decreasing_priority_weight_strategy.py for tasks to queue
[2026-09-18T12:24:22.860+0700] {logging_mixin.py:190} INFO - [2026-09-18T12:24:22.860+0700] {dagbag.py:588} INFO - Filling up the DagBag from /Users/andreasanditya/Downloads/572392_Andreas_AirflowETL/code/.venv/lib/python3.9/site-packages/airflow/example_dags/plugins/decreasing_priority_weight_strategy.py
[2026-09-18T12:24:22.861+0700] {processor.py:927} WARNING - No viable dags retrieved from /Users/andreasanditya/Downloads/572392_Andreas_AirflowETL/code/.venv/lib/python3.9/site-packages/airflow/example_dags/plugins/decreasing_priority_weight_strategy.py
[2026-09-18T12:24:22.943+0700] {processor.py:208} INFO - Processing /Users/andreasanditya/Downloads/572392_Andreas_AirflowETL/code/.venv/lib/python3.9/site-packages/airflow/example_dags/plugins/decreasing_priority_weight_strategy.py took 0.086 seconds
[2026-09-18T12:25:50.741+0700] {processor.py:186} INFO - Started process (PID=56394) to work on /Users/andreasanditya/Downloads/572392_Andreas_AirflowETL/code/.venv/lib/python3.9/site-packages/airflow/example_dags/plugins/decreasing_priority_weight_strategy.py
[2026-09-18T12:25:50.742+0700] {processor.py:914} INFO - Processing file /Users/andreasanditya/Downloads/572392_Andreas_AirflowETL/code/.venv/lib/python3.9/site-packages/airflow/example_dags/plugins/decreasing_priority_weight_strategy.py for tasks to queue
[2026-09-18T12:25:50.742+0700] {logging_mixin.py:190} INFO - [2026-09-18T12:25:50.742+0700] {dagbag.py:588} INFO - Filling up the DagBag from /Users/andreasanditya/Downloads/572392_Andreas_AirflowETL/code/.venv/lib/python3.9/site-packages/airflow/example_dags/plugins/decreasing_priority_weight_strategy.py
[2026-09-18T12:25:50.743+0700] {processor.py:927} WARNING - No viable dags retrieved from /Users/andreasanditya/Downloads/572392_Andreas_AirflowETL/code/.venv/lib/python3.9/site-packages/airflow/example_dags/plugins/decreasing_priority_weight_strategy.py
[2026-09-18T12:25:50.824+0700] {processor.py:208} INFO - Processing /Users/andreasanditya/Downloads/572392_Andreas_AirflowETL/code/.venv/lib/python3.9/site-packages/airflow/example_dags/plugins/decreasing_priority_weight_strategy.py took 0.085 seconds
[2026-09-18T12:27:16.450+0700] {processor.py:186} INFO - Started process (PID=57237) to work on /Users/andreasanditya/Downloads/572392_Andreas_AirflowETL/code/.venv/lib/python3.9/site-packages/airflow/example_dags/plugins/decreasing_priority_weight_strategy.py
[2026-09-18T12:27:16.452+0700] {processor.py:914} INFO - Processing file /Users/andreasanditya/Downloads/572392_Andreas_AirflowETL/code/.venv/lib/python3.9/site-packages/airflow/example_dags/plugins/decreasing_priority_weight_strategy.py for tasks to queue
[2026-09-18T12:27:16.452+0700] {logging_mixin.py:190} INFO - [2026-09-18T12:27:16.452+0700] {dagbag.py:588} INFO - Filling up the DagBag from /Users/andreasanditya/Downloads/572392_Andreas_AirflowETL/code/.venv/lib/python3.9/site-packages/airflow/example_dags/plugins/decreasing_priority_weight_strategy.py
[2026-09-18T12:27:16.453+0700] {processor.py:927} WARNING - No viable dags retrieved from /Users/andreasanditya/Downloads/572392_Andreas_AirflowETL/code/.venv/lib/python3.9/site-packages/airflow/example_dags/plugins/decreasing_priority_weight_strategy.py
[2026-09-18T12:27:16.534+0700] {processor.py:208} INFO - Processing /Users/andreasanditya/Downloads/572392_Andreas_AirflowETL/code/.venv/lib/python3.9/site-packages/airflow/example_dags/plugins/decreasing_priority_weight_strategy.py took 0.085 seconds
[2026-09-18T12:28:44.320+0700] {processor.py:186} INFO - Started process (PID=58167) to work on /Users/andreasanditya/Downloads/572392_Andreas_AirflowETL/code/.venv/lib/python3.9/site-packages/airflow/example_dags/plugins/decreasing_priority_weight_strategy.py
[2026-09-18T12:28:44.321+0700] {processor.py:914} INFO - Processing file /Users/andreasanditya/Downloads/572392_Andreas_AirflowETL/code/.venv/lib/python3.9/site-packages/airflow/example_dags/plugins/decreasing_priority_weight_strategy.py for tasks to queue
[2026-09-18T12:28:44.322+0700] {logging_mixin.py:190} INFO - [2026-09-18T12:28:44.322+0700] {dagbag.py:588} INFO - Filling up the DagBag from /Users/andreasanditya/Downloads/572392_Andreas_AirflowETL/code/.venv/lib/python3.9/site-packages/airflow/example_dags/plugins/decreasing_priority_weight_strategy.py
[2026-09-18T12:28:44.323+0700] {processor.py:927} WARNING - No viable dags retrieved from /Users/andreasanditya/Downloads/572392_Andreas_AirflowETL/code/.venv/lib/python3.9/site-packages/airflow/example_dags/plugins/decreasing_priority_weight_strategy.py
[2026-09-18T12:28:44.406+0700] {processor.py:208} INFO - Processing /Users/andreasanditya/Downloads/572392_Andreas_AirflowETL/code/.venv/lib/python3.9/site-packages/airflow/example_dags/plugins/decreasing_priority_weight_strategy.py took 0.088 seconds
[2026-09-18T12:30:06.864+0700] {processor.py:186} INFO - Started process (PID=59006) to work on /Users/andreasanditya/Downloads/572392_Andreas_AirflowETL/code/.venv/lib/python3.9/site-packages/airflow/example_dags/plugins/decreasing_priority_weight_strategy.py
[2026-09-18T12:30:06.867+0700] {processor.py:914} INFO - Processing file /Users/andreasanditya/Downloads/572392_Andreas_AirflowETL/code/.venv/lib/python3.9/site-packages/airflow/example_dags/plugins/decreasing_priority_weight_strategy.py for tasks to queue
[2026-09-18T12:30:06.867+0700] {logging_mixin.py:190} INFO - [2026-09-18T12:30:06.867+0700] {dagbag.py:588} INFO - Filling up the DagBag from /Users/andreasanditya/Downloads/572392_Andreas_AirflowETL/code/.venv/lib/python3.9/site-packages/airflow/example_dags/plugins/decreasing_priority_weight_strategy.py
[2026-09-18T12:30:06.868+0700] {processor.py:927} WARNING - No viable dags retrieved from /Users/andreasanditya/Downloads/572392_Andreas_AirflowETL/code/.venv/lib/python3.9/site-packages/airflow/example_dags/plugins/decreasing_priority_weight_strategy.py
[2026-09-18T12:30:06.950+0700] {processor.py:208} INFO - Processing /Users/andreasanditya/Downloads/572392_Andreas_AirflowETL/code/.venv/lib/python3.9/site-packages/airflow/example_dags/plugins/decreasing_priority_weight_strategy.py took 0.088 seconds
[2026-09-18T12:31:29.768+0700] {processor.py:186} INFO - Started process (PID=59835) to work on /Users/andreasanditya/Downloads/572392_Andreas_AirflowETL/code/.venv/lib/python3.9/site-packages/airflow/example_dags/plugins/decreasing_priority_weight_strategy.py
[2026-09-18T12:31:29.769+0700] {processor.py:914} INFO - Processing file /Users/andreasanditya/Downloads/572392_Andreas_AirflowETL/code/.venv/lib/python3.9/site-packages/airflow/example_dags/plugins/decreasing_priority_weight_strategy.py for tasks to queue
[2026-09-18T12:31:29.769+0700] {logging_mixin.py:190} INFO - [2026-09-18T12:31:29.769+0700] {dagbag.py:588} INFO - Filling up the DagBag from /Users/andreasanditya/Downloads/572392_Andreas_AirflowETL/code/.venv/lib/python3.9/site-packages/airflow/example_dags/plugins/decreasing_priority_weight_strategy.py
[2026-09-18T12:31:29.770+0700] {processor.py:927} WARNING - No viable dags retrieved from /Users/andreasanditya/Downloads/572392_Andreas_AirflowETL/code/.venv/lib/python3.9/site-packages/airflow/example_dags/plugins/decreasing_priority_weight_strategy.py
[2026-09-18T12:31:29.851+0700] {processor.py:208} INFO - Processing /Users/andreasanditya/Downloads/572392_Andreas_AirflowETL/code/.venv/lib/python3.9/site-packages/airflow/example_dags/plugins/decreasing_priority_weight_strategy.py took 0.085 seconds
[2026-09-18T12:32:53.961+0700] {processor.py:186} INFO - Started process (PID=60747) to work on /Users/andreasanditya/Downloads/572392_Andreas_AirflowETL/code/.venv/lib/python3.9/site-packages/airflow/example_dags/plugins/decreasing_priority_weight_strategy.py
[2026-09-18T12:32:53.962+0700] {processor.py:914} INFO - Processing file /Users/andreasanditya/Downloads/572392_Andreas_AirflowETL/code/.venv/lib/python3.9/site-packages/airflow/example_dags/plugins/decreasing_priority_weight_strategy.py for tasks to queue
[2026-09-18T12:32:53.963+0700] {logging_mixin.py:190} INFO - [2026-09-18T12:32:53.963+0700] {dagbag.py:588} INFO - Filling up the DagBag from /Users/andreasanditya/Downloads/572392_Andreas_AirflowETL/code/.venv/lib/python3.9/site-packages/airflow/example_dags/plugins/decreasing_priority_weight_strategy.py
[2026-09-18T12:32:53.964+0700] {processor.py:927} WARNING - No viable dags retrieved from /Users/andreasanditya/Downloads/572392_Andreas_AirflowETL/code/.venv/lib/python3.9/site-packages/airflow/example_dags/plugins/decreasing_priority_weight_strategy.py
[2026-09-18T12:32:54.044+0700] {processor.py:208} INFO - Processing /Users/andreasanditya/Downloads/572392_Andreas_AirflowETL/code/.venv/lib/python3.9/site-packages/airflow/example_dags/plugins/decreasing_priority_weight_strategy.py took 0.085 seconds
[2026-09-18T12:34:21.152+0700] {processor.py:186} INFO - Started process (PID=61602) to work on /Users/andreasanditya/Downloads/572392_Andreas_AirflowETL/code/.venv/lib/python3.9/site-packages/airflow/example_dags/plugins/decreasing_priority_weight_strategy.py
[2026-09-18T12:34:21.153+0700] {processor.py:914} INFO - Processing file /Users/andreasanditya/Downloads/572392_Andreas_AirflowETL/code/.venv/lib/python3.9/site-packages/airflow/example_dags/plugins/decreasing_priority_weight_strategy.py for tasks to queue
[2026-09-18T12:34:21.154+0700] {logging_mixin.py:190} INFO - [2026-09-18T12:34:21.154+0700] {dagbag.py:588} INFO - Filling up the DagBag from /Users/andreasanditya/Downloads/572392_Andreas_AirflowETL/code/.venv/lib/python3.9/site-packages/airflow/example_dags/plugins/decreasing_priority_weight_strategy.py
[2026-09-18T12:34:21.155+0700] {processor.py:927} WARNING - No viable dags retrieved from /Users/andreasanditya/Downloads/572392_Andreas_AirflowETL/code/.venv/lib/python3.9/site-packages/airflow/example_dags/plugins/decreasing_priority_weight_strategy.py
[2026-09-18T12:34:21.237+0700] {processor.py:208} INFO - Processing /Users/andreasanditya/Downloads/572392_Andreas_AirflowETL/code/.venv/lib/python3.9/site-packages/airflow/example_dags/plugins/decreasing_priority_weight_strategy.py took 0.087 seconds
[2026-09-18T12:35:45.124+0700] {processor.py:186} INFO - Started process (PID=62514) to work on /Users/andreasanditya/Downloads/572392_Andreas_AirflowETL/code/.venv/lib/python3.9/site-packages/airflow/example_dags/plugins/decreasing_priority_weight_strategy.py
[2026-09-18T12:35:45.125+0700] {processor.py:914} INFO - Processing file /Users/andreasanditya/Downloads/572392_Andreas_AirflowETL/code/.venv/lib/python3.9/site-packages/airflow/example_dags/plugins/decreasing_priority_weight_strategy.py for tasks to queue
[2026-09-18T12:35:45.126+0700] {logging_mixin.py:190} INFO - [2026-09-18T12:35:45.125+0700] {dagbag.py:588} INFO - Filling up the DagBag from /Users/andreasanditya/Downloads/572392_Andreas_AirflowETL/code/.venv/lib/python3.9/site-packages/airflow/example_dags/plugins/decreasing_priority_weight_strategy.py
[2026-09-18T12:35:45.126+0700] {processor.py:927} WARNING - No viable dags retrieved from /Users/andreasanditya/Downloads/572392_Andreas_AirflowETL/code/.venv/lib/python3.9/site-packages/airflow/example_dags/plugins/decreasing_priority_weight_strategy.py
[2026-09-18T12:35:45.207+0700] {processor.py:208} INFO - Processing /Users/andreasanditya/Downloads/572392_Andreas_AirflowETL/code/.venv/lib/python3.9/site-packages/airflow/example_dags/plugins/decreasing_priority_weight_strategy.py took 0.085 seconds
[2026-09-18T12:37:10.618+0700] {processor.py:186} INFO - Started process (PID=63358) to work on /Users/andreasanditya/Downloads/572392_Andreas_AirflowETL/code/.venv/lib/python3.9/site-packages/airflow/example_dags/plugins/decreasing_priority_weight_strategy.py
[2026-09-18T12:37:10.619+0700] {processor.py:914} INFO - Processing file /Users/andreasanditya/Downloads/572392_Andreas_AirflowETL/code/.venv/lib/python3.9/site-packages/airflow/example_dags/plugins/decreasing_priority_weight_strategy.py for tasks to queue
[2026-09-18T12:37:10.620+0700] {logging_mixin.py:190} INFO - [2026-09-18T12:37:10.620+0700] {dagbag.py:588} INFO - Filling up the DagBag from /Users/andreasanditya/Downloads/572392_Andreas_AirflowETL/code/.venv/lib/python3.9/site-packages/airflow/example_dags/plugins/decreasing_priority_weight_strategy.py
[2026-09-18T12:37:10.621+0700] {processor.py:927} WARNING - No viable dags retrieved from /Users/andreasanditya/Downloads/572392_Andreas_AirflowETL/code/.venv/lib/python3.9/site-packages/airflow/example_dags/plugins/decreasing_priority_weight_strategy.py
[2026-09-18T12:37:10.705+0700] {processor.py:208} INFO - Processing /Users/andreasanditya/Downloads/572392_Andreas_AirflowETL/code/.venv/lib/python3.9/site-packages/airflow/example_dags/plugins/decreasing_priority_weight_strategy.py took 0.089 seconds
[2026-09-18T12:38:37.495+0700] {processor.py:186} INFO - Started process (PID=64286) to work on /Users/andreasanditya/Downloads/572392_Andreas_AirflowETL/code/.venv/lib/python3.9/site-packages/airflow/example_dags/plugins/decreasing_priority_weight_strategy.py
[2026-09-18T12:38:37.496+0700] {processor.py:914} INFO - Processing file /Users/andreasanditya/Downloads/572392_Andreas_AirflowETL/code/.venv/lib/python3.9/site-packages/airflow/example_dags/plugins/decreasing_priority_weight_strategy.py for tasks to queue
[2026-09-18T12:38:37.497+0700] {logging_mixin.py:190} INFO - [2026-09-18T12:38:37.497+0700] {dagbag.py:588} INFO - Filling up the DagBag from /Users/andreasanditya/Downloads/572392_Andreas_AirflowETL/code/.venv/lib/python3.9/site-packages/airflow/example_dags/plugins/decreasing_priority_weight_strategy.py
[2026-09-18T12:38:37.499+0700] {processor.py:927} WARNING - No viable dags retrieved from /Users/andreasanditya/Downloads/572392_Andreas_AirflowETL/code/.venv/lib/python3.9/site-packages/airflow/example_dags/plugins/decreasing_priority_weight_strategy.py
[2026-09-18T12:38:37.579+0700] {processor.py:208} INFO - Processing /Users/andreasanditya/Downloads/572392_Andreas_AirflowETL/code/.venv/lib/python3.9/site-packages/airflow/example_dags/plugins/decreasing_priority_weight_strategy.py took 0.087 seconds
[2026-09-18T12:40:05.633+0700] {processor.py:186} INFO - Started process (PID=65125) to work on /Users/andreasanditya/Downloads/572392_Andreas_AirflowETL/code/.venv/lib/python3.9/site-packages/airflow/example_dags/plugins/decreasing_priority_weight_strategy.py
[2026-09-18T12:40:05.634+0700] {processor.py:914} INFO - Processing file /Users/andreasanditya/Downloads/572392_Andreas_AirflowETL/code/.venv/lib/python3.9/site-packages/airflow/example_dags/plugins/decreasing_priority_weight_strategy.py for tasks to queue
[2026-09-18T12:40:05.635+0700] {logging_mixin.py:190} INFO - [2026-09-18T12:40:05.635+0700] {dagbag.py:588} INFO - Filling up the DagBag from /Users/andreasanditya/Downloads/572392_Andreas_AirflowETL/code/.venv/lib/python3.9/site-packages/airflow/example_dags/plugins/decreasing_priority_weight_strategy.py
[2026-09-18T12:40:05.636+0700] {processor.py:927} WARNING - No viable dags retrieved from /Users/andreasanditya/Downloads/572392_Andreas_AirflowETL/code/.venv/lib/python3.9/site-packages/airflow/example_dags/plugins/decreasing_priority_weight_strategy.py
[2026-09-18T12:40:05.715+0700] {processor.py:208} INFO - Processing /Users/andreasanditya/Downloads/572392_Andreas_AirflowETL/code/.venv/lib/python3.9/site-packages/airflow/example_dags/plugins/decreasing_priority_weight_strategy.py took 0.084 seconds
[2026-09-18T12:41:32.857+0700] {processor.py:186} INFO - Started process (PID=66036) to work on /Users/andreasanditya/Downloads/572392_Andreas_AirflowETL/code/.venv/lib/python3.9/site-packages/airflow/example_dags/plugins/decreasing_priority_weight_strategy.py
[2026-09-18T12:41:32.858+0700] {processor.py:914} INFO - Processing file /Users/andreasanditya/Downloads/572392_Andreas_AirflowETL/code/.venv/lib/python3.9/site-packages/airflow/example_dags/plugins/decreasing_priority_weight_strategy.py for tasks to queue
[2026-09-18T12:41:32.858+0700] {logging_mixin.py:190} INFO - [2026-09-18T12:41:32.858+0700] {dagbag.py:588} INFO - Filling up the DagBag from /Users/andreasanditya/Downloads/572392_Andreas_AirflowETL/code/.venv/lib/python3.9/site-packages/airflow/example_dags/plugins/decreasing_priority_weight_strategy.py
[2026-09-18T12:41:32.859+0700] {processor.py:927} WARNING - No viable dags retrieved from /Users/andreasanditya/Downloads/572392_Andreas_AirflowETL/code/.venv/lib/python3.9/site-packages/airflow/example_dags/plugins/decreasing_priority_weight_strategy.py
[2026-09-18T12:41:32.940+0700] {processor.py:208} INFO - Processing /Users/andreasanditya/Downloads/572392_Andreas_AirflowETL/code/.venv/lib/python3.9/site-packages/airflow/example_dags/plugins/decreasing_priority_weight_strategy.py took 0.085 seconds
[2026-09-18T12:42:56.934+0700] {processor.py:186} INFO - Started process (PID=66871) to work on /Users/andreasanditya/Downloads/572392_Andreas_AirflowETL/code/.venv/lib/python3.9/site-packages/airflow/example_dags/plugins/decreasing_priority_weight_strategy.py
[2026-09-18T12:42:56.935+0700] {processor.py:914} INFO - Processing file /Users/andreasanditya/Downloads/572392_Andreas_AirflowETL/code/.venv/lib/python3.9/site-packages/airflow/example_dags/plugins/decreasing_priority_weight_strategy.py for tasks to queue
[2026-09-18T12:42:56.936+0700] {logging_mixin.py:190} INFO - [2026-09-18T12:42:56.935+0700] {dagbag.py:588} INFO - Filling up the DagBag from /Users/andreasanditya/Downloads/572392_Andreas_AirflowETL/code/.venv/lib/python3.9/site-packages/airflow/example_dags/plugins/decreasing_priority_weight_strategy.py
[2026-09-18T12:42:56.936+0700] {processor.py:927} WARNING - No viable dags retrieved from /Users/andreasanditya/Downloads/572392_Andreas_AirflowETL/code/.venv/lib/python3.9/site-packages/airflow/example_dags/plugins/decreasing_priority_weight_strategy.py
[2026-09-18T12:42:57.018+0700] {processor.py:208} INFO - Processing /Users/andreasanditya/Downloads/572392_Andreas_AirflowETL/code/.venv/lib/python3.9/site-packages/airflow/example_dags/plugins/decreasing_priority_weight_strategy.py took 0.086 seconds
[2026-09-18T12:44:24.130+0700] {processor.py:186} INFO - Started process (PID=67776) to work on /Users/andreasanditya/Downloads/572392_Andreas_AirflowETL/code/.venv/lib/python3.9/site-packages/airflow/example_dags/plugins/decreasing_priority_weight_strategy.py
[2026-09-18T12:44:24.131+0700] {processor.py:914} INFO - Processing file /Users/andreasanditya/Downloads/572392_Andreas_AirflowETL/code/.venv/lib/python3.9/site-packages/airflow/example_dags/plugins/decreasing_priority_weight_strategy.py for tasks to queue
[2026-09-18T12:44:24.131+0700] {logging_mixin.py:190} INFO - [2026-09-18T12:44:24.131+0700] {dagbag.py:588} INFO - Filling up the DagBag from /Users/andreasanditya/Downloads/572392_Andreas_AirflowETL/code/.venv/lib/python3.9/site-packages/airflow/example_dags/plugins/decreasing_priority_weight_strategy.py
[2026-09-18T12:44:24.132+0700] {processor.py:927} WARNING - No viable dags retrieved from /Users/andreasanditya/Downloads/572392_Andreas_AirflowETL/code/.venv/lib/python3.9/site-packages/airflow/example_dags/plugins/decreasing_priority_weight_strategy.py
[2026-09-18T12:44:24.213+0700] {processor.py:208} INFO - Processing /Users/andreasanditya/Downloads/572392_Andreas_AirflowETL/code/.venv/lib/python3.9/site-packages/airflow/example_dags/plugins/decreasing_priority_weight_strategy.py took 0.085 seconds
[2026-09-18T12:45:50.819+0700] {processor.py:186} INFO - Started process (PID=68622) to work on /Users/andreasanditya/Downloads/572392_Andreas_AirflowETL/code/.venv/lib/python3.9/site-packages/airflow/example_dags/plugins/decreasing_priority_weight_strategy.py
[2026-09-18T12:45:50.820+0700] {processor.py:914} INFO - Processing file /Users/andreasanditya/Downloads/572392_Andreas_AirflowETL/code/.venv/lib/python3.9/site-packages/airflow/example_dags/plugins/decreasing_priority_weight_strategy.py for tasks to queue
[2026-09-18T12:45:50.821+0700] {logging_mixin.py:190} INFO - [2026-09-18T12:45:50.821+0700] {dagbag.py:588} INFO - Filling up the DagBag from /Users/andreasanditya/Downloads/572392_Andreas_AirflowETL/code/.venv/lib/python3.9/site-packages/airflow/example_dags/plugins/decreasing_priority_weight_strategy.py
[2026-09-18T12:45:50.822+0700] {processor.py:927} WARNING - No viable dags retrieved from /Users/andreasanditya/Downloads/572392_Andreas_AirflowETL/code/.venv/lib/python3.9/site-packages/airflow/example_dags/plugins/decreasing_priority_weight_strategy.py
[2026-09-18T12:45:50.908+0700] {processor.py:208} INFO - Processing /Users/andreasanditya/Downloads/572392_Andreas_AirflowETL/code/.venv/lib/python3.9/site-packages/airflow/example_dags/plugins/decreasing_priority_weight_strategy.py took 0.091 seconds
[2026-09-18T12:47:17.358+0700] {processor.py:186} INFO - Started process (PID=69539) to work on /Users/andreasanditya/Downloads/572392_Andreas_AirflowETL/code/.venv/lib/python3.9/site-packages/airflow/example_dags/plugins/decreasing_priority_weight_strategy.py
[2026-09-18T12:47:17.360+0700] {processor.py:914} INFO - Processing file /Users/andreasanditya/Downloads/572392_Andreas_AirflowETL/code/.venv/lib/python3.9/site-packages/airflow/example_dags/plugins/decreasing_priority_weight_strategy.py for tasks to queue
[2026-09-18T12:47:17.361+0700] {logging_mixin.py:190} INFO - [2026-09-18T12:47:17.360+0700] {dagbag.py:588} INFO - Filling up the DagBag from /Users/andreasanditya/Downloads/572392_Andreas_AirflowETL/code/.venv/lib/python3.9/site-packages/airflow/example_dags/plugins/decreasing_priority_weight_strategy.py
[2026-09-18T12:47:17.361+0700] {processor.py:927} WARNING - No viable dags retrieved from /Users/andreasanditya/Downloads/572392_Andreas_AirflowETL/code/.venv/lib/python3.9/site-packages/airflow/example_dags/plugins/decreasing_priority_weight_strategy.py
[2026-09-18T12:47:17.442+0700] {processor.py:208} INFO - Processing /Users/andreasanditya/Downloads/572392_Andreas_AirflowETL/code/.venv/lib/python3.9/site-packages/airflow/example_dags/plugins/decreasing_priority_weight_strategy.py took 0.086 seconds
[2026-09-18T12:48:43.090+0700] {processor.py:186} INFO - Started process (PID=70369) to work on /Users/andreasanditya/Downloads/572392_Andreas_AirflowETL/code/.venv/lib/python3.9/site-packages/airflow/example_dags/plugins/decreasing_priority_weight_strategy.py
[2026-09-18T12:48:43.091+0700] {processor.py:914} INFO - Processing file /Users/andreasanditya/Downloads/572392_Andreas_AirflowETL/code/.venv/lib/python3.9/site-packages/airflow/example_dags/plugins/decreasing_priority_weight_strategy.py for tasks to queue
[2026-09-18T12:48:43.092+0700] {logging_mixin.py:190} INFO - [2026-09-18T12:48:43.091+0700] {dagbag.py:588} INFO - Filling up the DagBag from /Users/andreasanditya/Downloads/572392_Andreas_AirflowETL/code/.venv/lib/python3.9/site-packages/airflow/example_dags/plugins/decreasing_priority_weight_strategy.py
[2026-09-18T12:48:43.093+0700] {processor.py:927} WARNING - No viable dags retrieved from /Users/andreasanditya/Downloads/572392_Andreas_AirflowETL/code/.venv/lib/python3.9/site-packages/airflow/example_dags/plugins/decreasing_priority_weight_strategy.py
[2026-09-18T12:48:43.173+0700] {processor.py:208} INFO - Processing /Users/andreasanditya/Downloads/572392_Andreas_AirflowETL/code/.venv/lib/python3.9/site-packages/airflow/example_dags/plugins/decreasing_priority_weight_strategy.py took 0.085 seconds
[2026-09-18T12:50:08.054+0700] {processor.py:186} INFO - Started process (PID=71278) to work on /Users/andreasanditya/Downloads/572392_Andreas_AirflowETL/code/.venv/lib/python3.9/site-packages/airflow/example_dags/plugins/decreasing_priority_weight_strategy.py
[2026-09-18T12:50:08.055+0700] {processor.py:914} INFO - Processing file /Users/andreasanditya/Downloads/572392_Andreas_AirflowETL/code/.venv/lib/python3.9/site-packages/airflow/example_dags/plugins/decreasing_priority_weight_strategy.py for tasks to queue
[2026-09-18T12:50:08.056+0700] {logging_mixin.py:190} INFO - [2026-09-18T12:50:08.056+0700] {dagbag.py:588} INFO - Filling up the DagBag from /Users/andreasanditya/Downloads/572392_Andreas_AirflowETL/code/.venv/lib/python3.9/site-packages/airflow/example_dags/plugins/decreasing_priority_weight_strategy.py
[2026-09-18T12:50:08.057+0700] {processor.py:927} WARNING - No viable dags retrieved from /Users/andreasanditya/Downloads/572392_Andreas_AirflowETL/code/.venv/lib/python3.9/site-packages/airflow/example_dags/plugins/decreasing_priority_weight_strategy.py
[2026-09-18T12:50:08.138+0700] {processor.py:208} INFO - Processing /Users/andreasanditya/Downloads/572392_Andreas_AirflowETL/code/.venv/lib/python3.9/site-packages/airflow/example_dags/plugins/decreasing_priority_weight_strategy.py took 0.086 seconds
[2026-09-18T12:51:30.994+0700] {processor.py:186} INFO - Started process (PID=72103) to work on /Users/andreasanditya/Downloads/572392_Andreas_AirflowETL/code/.venv/lib/python3.9/site-packages/airflow/example_dags/plugins/decreasing_priority_weight_strategy.py
[2026-09-18T12:51:30.995+0700] {processor.py:914} INFO - Processing file /Users/andreasanditya/Downloads/572392_Andreas_AirflowETL/code/.venv/lib/python3.9/site-packages/airflow/example_dags/plugins/decreasing_priority_weight_strategy.py for tasks to queue
[2026-09-18T12:51:30.995+0700] {logging_mixin.py:190} INFO - [2026-09-18T12:51:30.995+0700] {dagbag.py:588} INFO - Filling up the DagBag from /Users/andreasanditya/Downloads/572392_Andreas_AirflowETL/code/.venv/lib/python3.9/site-packages/airflow/example_dags/plugins/decreasing_priority_weight_strategy.py
[2026-09-18T12:51:30.996+0700] {processor.py:927} WARNING - No viable dags retrieved from /Users/andreasanditya/Downloads/572392_Andreas_AirflowETL/code/.venv/lib/python3.9/site-packages/airflow/example_dags/plugins/decreasing_priority_weight_strategy.py
[2026-09-18T12:51:31.077+0700] {processor.py:208} INFO - Processing /Users/andreasanditya/Downloads/572392_Andreas_AirflowETL/code/.venv/lib/python3.9/site-packages/airflow/example_dags/plugins/decreasing_priority_weight_strategy.py took 0.085 seconds
[2026-09-18T12:52:56.534+0700] {processor.py:186} INFO - Started process (PID=72947) to work on /Users/andreasanditya/Downloads/572392_Andreas_AirflowETL/code/.venv/lib/python3.9/site-packages/airflow/example_dags/plugins/decreasing_priority_weight_strategy.py
[2026-09-18T12:52:56.535+0700] {processor.py:914} INFO - Processing file /Users/andreasanditya/Downloads/572392_Andreas_AirflowETL/code/.venv/lib/python3.9/site-packages/airflow/example_dags/plugins/decreasing_priority_weight_strategy.py for tasks to queue
[2026-09-18T12:52:56.535+0700] {logging_mixin.py:190} INFO - [2026-09-18T12:52:56.535+0700] {dagbag.py:588} INFO - Filling up the DagBag from /Users/andreasanditya/Downloads/572392_Andreas_AirflowETL/code/.venv/lib/python3.9/site-packages/airflow/example_dags/plugins/decreasing_priority_weight_strategy.py
[2026-09-18T12:52:56.536+0700] {processor.py:927} WARNING - No viable dags retrieved from /Users/andreasanditya/Downloads/572392_Andreas_AirflowETL/code/.venv/lib/python3.9/site-packages/airflow/example_dags/plugins/decreasing_priority_weight_strategy.py
[2026-09-18T12:52:56.617+0700] {processor.py:208} INFO - Processing /Users/andreasanditya/Downloads/572392_Andreas_AirflowETL/code/.venv/lib/python3.9/site-packages/airflow/example_dags/plugins/decreasing_priority_weight_strategy.py took 0.086 seconds
[2026-09-18T12:54:21.507+0700] {processor.py:186} INFO - Started process (PID=73871) to work on /Users/andreasanditya/Downloads/572392_Andreas_AirflowETL/code/.venv/lib/python3.9/site-packages/airflow/example_dags/plugins/decreasing_priority_weight_strategy.py
[2026-09-18T12:54:21.508+0700] {processor.py:914} INFO - Processing file /Users/andreasanditya/Downloads/572392_Andreas_AirflowETL/code/.venv/lib/python3.9/site-packages/airflow/example_dags/plugins/decreasing_priority_weight_strategy.py for tasks to queue
[2026-09-18T12:54:21.509+0700] {logging_mixin.py:190} INFO - [2026-09-18T12:54:21.509+0700] {dagbag.py:588} INFO - Filling up the DagBag from /Users/andreasanditya/Downloads/572392_Andreas_AirflowETL/code/.venv/lib/python3.9/site-packages/airflow/example_dags/plugins/decreasing_priority_weight_strategy.py
[2026-09-18T12:54:21.510+0700] {processor.py:927} WARNING - No viable dags retrieved from /Users/andreasanditya/Downloads/572392_Andreas_AirflowETL/code/.venv/lib/python3.9/site-packages/airflow/example_dags/plugins/decreasing_priority_weight_strategy.py
[2026-09-18T12:54:21.592+0700] {processor.py:208} INFO - Processing /Users/andreasanditya/Downloads/572392_Andreas_AirflowETL/code/.venv/lib/python3.9/site-packages/airflow/example_dags/plugins/decreasing_priority_weight_strategy.py took 0.087 seconds
[2026-09-18T12:55:44.805+0700] {processor.py:186} INFO - Started process (PID=74710) to work on /Users/andreasanditya/Downloads/572392_Andreas_AirflowETL/code/.venv/lib/python3.9/site-packages/airflow/example_dags/plugins/decreasing_priority_weight_strategy.py
[2026-09-18T12:55:44.806+0700] {processor.py:914} INFO - Processing file /Users/andreasanditya/Downloads/572392_Andreas_AirflowETL/code/.venv/lib/python3.9/site-packages/airflow/example_dags/plugins/decreasing_priority_weight_strategy.py for tasks to queue
[2026-09-18T12:55:44.806+0700] {logging_mixin.py:190} INFO - [2026-09-18T12:55:44.806+0700] {dagbag.py:588} INFO - Filling up the DagBag from /Users/andreasanditya/Downloads/572392_Andreas_AirflowETL/code/.venv/lib/python3.9/site-packages/airflow/example_dags/plugins/decreasing_priority_weight_strategy.py
[2026-09-18T12:55:44.807+0700] {processor.py:927} WARNING - No viable dags retrieved from /Users/andreasanditya/Downloads/572392_Andreas_AirflowETL/code/.venv/lib/python3.9/site-packages/airflow/example_dags/plugins/decreasing_priority_weight_strategy.py
[2026-09-18T12:55:44.887+0700] {processor.py:208} INFO - Processing /Users/andreasanditya/Downloads/572392_Andreas_AirflowETL/code/.venv/lib/python3.9/site-packages/airflow/example_dags/plugins/decreasing_priority_weight_strategy.py took 0.084 seconds
[2026-09-18T12:57:11.290+0700] {processor.py:186} INFO - Started process (PID=75614) to work on /Users/andreasanditya/Downloads/572392_Andreas_AirflowETL/code/.venv/lib/python3.9/site-packages/airflow/example_dags/plugins/decreasing_priority_weight_strategy.py
[2026-09-18T12:57:11.291+0700] {processor.py:914} INFO - Processing file /Users/andreasanditya/Downloads/572392_Andreas_AirflowETL/code/.venv/lib/python3.9/site-packages/airflow/example_dags/plugins/decreasing_priority_weight_strategy.py for tasks to queue
[2026-09-18T12:57:11.292+0700] {logging_mixin.py:190} INFO - [2026-09-18T12:57:11.292+0700] {dagbag.py:588} INFO - Filling up the DagBag from /Users/andreasanditya/Downloads/572392_Andreas_AirflowETL/code/.venv/lib/python3.9/site-packages/airflow/example_dags/plugins/decreasing_priority_weight_strategy.py
[2026-09-18T12:57:11.293+0700] {processor.py:927} WARNING - No viable dags retrieved from /Users/andreasanditya/Downloads/572392_Andreas_AirflowETL/code/.venv/lib/python3.9/site-packages/airflow/example_dags/plugins/decreasing_priority_weight_strategy.py
[2026-09-18T12:57:11.373+0700] {processor.py:208} INFO - Processing /Users/andreasanditya/Downloads/572392_Andreas_AirflowETL/code/.venv/lib/python3.9/site-packages/airflow/example_dags/plugins/decreasing_priority_weight_strategy.py took 0.085 seconds
[2026-09-18T12:58:36.140+0700] {processor.py:186} INFO - Started process (PID=76476) to work on /Users/andreasanditya/Downloads/572392_Andreas_AirflowETL/code/.venv/lib/python3.9/site-packages/airflow/example_dags/plugins/decreasing_priority_weight_strategy.py
[2026-09-18T12:58:36.141+0700] {processor.py:914} INFO - Processing file /Users/andreasanditya/Downloads/572392_Andreas_AirflowETL/code/.venv/lib/python3.9/site-packages/airflow/example_dags/plugins/decreasing_priority_weight_strategy.py for tasks to queue
[2026-09-18T12:58:36.141+0700] {logging_mixin.py:190} INFO - [2026-09-18T12:58:36.141+0700] {dagbag.py:588} INFO - Filling up the DagBag from /Users/andreasanditya/Downloads/572392_Andreas_AirflowETL/code/.venv/lib/python3.9/site-packages/airflow/example_dags/plugins/decreasing_priority_weight_strategy.py
[2026-09-18T12:58:36.142+0700] {processor.py:927} WARNING - No viable dags retrieved from /Users/andreasanditya/Downloads/572392_Andreas_AirflowETL/code/.venv/lib/python3.9/site-packages/airflow/example_dags/plugins/decreasing_priority_weight_strategy.py
[2026-09-18T12:58:36.223+0700] {processor.py:208} INFO - Processing /Users/andreasanditya/Downloads/572392_Andreas_AirflowETL/code/.venv/lib/python3.9/site-packages/airflow/example_dags/plugins/decreasing_priority_weight_strategy.py took 0.085 seconds
[2026-09-18T13:00:02.543+0700] {processor.py:186} INFO - Started process (PID=77399) to work on /Users/andreasanditya/Downloads/572392_Andreas_AirflowETL/code/.venv/lib/python3.9/site-packages/airflow/example_dags/plugins/decreasing_priority_weight_strategy.py
[2026-09-18T13:00:02.544+0700] {processor.py:914} INFO - Processing file /Users/andreasanditya/Downloads/572392_Andreas_AirflowETL/code/.venv/lib/python3.9/site-packages/airflow/example_dags/plugins/decreasing_priority_weight_strategy.py for tasks to queue
[2026-09-18T13:00:02.544+0700] {logging_mixin.py:190} INFO - [2026-09-18T13:00:02.544+0700] {dagbag.py:588} INFO - Filling up the DagBag from /Users/andreasanditya/Downloads/572392_Andreas_AirflowETL/code/.venv/lib/python3.9/site-packages/airflow/example_dags/plugins/decreasing_priority_weight_strategy.py
[2026-09-18T13:00:02.545+0700] {processor.py:927} WARNING - No viable dags retrieved from /Users/andreasanditya/Downloads/572392_Andreas_AirflowETL/code/.venv/lib/python3.9/site-packages/airflow/example_dags/plugins/decreasing_priority_weight_strategy.py
[2026-09-18T13:00:02.626+0700] {processor.py:208} INFO - Processing /Users/andreasanditya/Downloads/572392_Andreas_AirflowETL/code/.venv/lib/python3.9/site-packages/airflow/example_dags/plugins/decreasing_priority_weight_strategy.py took 0.085 seconds
[2026-09-18T13:01:29.426+0700] {processor.py:186} INFO - Started process (PID=78228) to work on /Users/andreasanditya/Downloads/572392_Andreas_AirflowETL/code/.venv/lib/python3.9/site-packages/airflow/example_dags/plugins/decreasing_priority_weight_strategy.py
[2026-09-18T13:01:29.427+0700] {processor.py:914} INFO - Processing file /Users/andreasanditya/Downloads/572392_Andreas_AirflowETL/code/.venv/lib/python3.9/site-packages/airflow/example_dags/plugins/decreasing_priority_weight_strategy.py for tasks to queue
[2026-09-18T13:01:29.428+0700] {logging_mixin.py:190} INFO - [2026-09-18T13:01:29.428+0700] {dagbag.py:588} INFO - Filling up the DagBag from /Users/andreasanditya/Downloads/572392_Andreas_AirflowETL/code/.venv/lib/python3.9/site-packages/airflow/example_dags/plugins/decreasing_priority_weight_strategy.py
[2026-09-18T13:01:29.429+0700] {processor.py:927} WARNING - No viable dags retrieved from /Users/andreasanditya/Downloads/572392_Andreas_AirflowETL/code/.venv/lib/python3.9/site-packages/airflow/example_dags/plugins/decreasing_priority_weight_strategy.py
[2026-09-18T13:01:29.511+0700] {processor.py:208} INFO - Processing /Users/andreasanditya/Downloads/572392_Andreas_AirflowETL/code/.venv/lib/python3.9/site-packages/airflow/example_dags/plugins/decreasing_priority_weight_strategy.py took 0.087 seconds
[2026-09-18T13:02:55.509+0700] {processor.py:186} INFO - Started process (PID=79149) to work on /Users/andreasanditya/Downloads/572392_Andreas_AirflowETL/code/.venv/lib/python3.9/site-packages/airflow/example_dags/plugins/decreasing_priority_weight_strategy.py
[2026-09-18T13:02:55.509+0700] {processor.py:914} INFO - Processing file /Users/andreasanditya/Downloads/572392_Andreas_AirflowETL/code/.venv/lib/python3.9/site-packages/airflow/example_dags/plugins/decreasing_priority_weight_strategy.py for tasks to queue
[2026-09-18T13:02:55.510+0700] {logging_mixin.py:190} INFO - [2026-09-18T13:02:55.510+0700] {dagbag.py:588} INFO - Filling up the DagBag from /Users/andreasanditya/Downloads/572392_Andreas_AirflowETL/code/.venv/lib/python3.9/site-packages/airflow/example_dags/plugins/decreasing_priority_weight_strategy.py
[2026-09-18T13:02:55.511+0700] {processor.py:927} WARNING - No viable dags retrieved from /Users/andreasanditya/Downloads/572392_Andreas_AirflowETL/code/.venv/lib/python3.9/site-packages/airflow/example_dags/plugins/decreasing_priority_weight_strategy.py
[2026-09-18T13:02:55.591+0700] {processor.py:208} INFO - Processing /Users/andreasanditya/Downloads/572392_Andreas_AirflowETL/code/.venv/lib/python3.9/site-packages/airflow/example_dags/plugins/decreasing_priority_weight_strategy.py took 0.085 seconds
[2026-09-18T13:04:22.415+0700] {processor.py:186} INFO - Started process (PID=80003) to work on /Users/andreasanditya/Downloads/572392_Andreas_AirflowETL/code/.venv/lib/python3.9/site-packages/airflow/example_dags/plugins/decreasing_priority_weight_strategy.py
[2026-09-18T13:04:22.416+0700] {processor.py:914} INFO - Processing file /Users/andreasanditya/Downloads/572392_Andreas_AirflowETL/code/.venv/lib/python3.9/site-packages/airflow/example_dags/plugins/decreasing_priority_weight_strategy.py for tasks to queue
[2026-09-18T13:04:22.416+0700] {logging_mixin.py:190} INFO - [2026-09-18T13:04:22.416+0700] {dagbag.py:588} INFO - Filling up the DagBag from /Users/andreasanditya/Downloads/572392_Andreas_AirflowETL/code/.venv/lib/python3.9/site-packages/airflow/example_dags/plugins/decreasing_priority_weight_strategy.py
[2026-09-18T13:04:22.417+0700] {processor.py:927} WARNING - No viable dags retrieved from /Users/andreasanditya/Downloads/572392_Andreas_AirflowETL/code/.venv/lib/python3.9/site-packages/airflow/example_dags/plugins/decreasing_priority_weight_strategy.py
[2026-09-18T13:04:22.498+0700] {processor.py:208} INFO - Processing /Users/andreasanditya/Downloads/572392_Andreas_AirflowETL/code/.venv/lib/python3.9/site-packages/airflow/example_dags/plugins/decreasing_priority_weight_strategy.py took 0.085 seconds
[2026-09-18T13:05:47.289+0700] {processor.py:186} INFO - Started process (PID=80917) to work on /Users/andreasanditya/Downloads/572392_Andreas_AirflowETL/code/.venv/lib/python3.9/site-packages/airflow/example_dags/plugins/decreasing_priority_weight_strategy.py
[2026-09-18T13:05:47.291+0700] {processor.py:914} INFO - Processing file /Users/andreasanditya/Downloads/572392_Andreas_AirflowETL/code/.venv/lib/python3.9/site-packages/airflow/example_dags/plugins/decreasing_priority_weight_strategy.py for tasks to queue
[2026-09-18T13:05:47.292+0700] {logging_mixin.py:190} INFO - [2026-09-18T13:05:47.291+0700] {dagbag.py:588} INFO - Filling up the DagBag from /Users/andreasanditya/Downloads/572392_Andreas_AirflowETL/code/.venv/lib/python3.9/site-packages/airflow/example_dags/plugins/decreasing_priority_weight_strategy.py
[2026-09-18T13:05:47.292+0700] {processor.py:927} WARNING - No viable dags retrieved from /Users/andreasanditya/Downloads/572392_Andreas_AirflowETL/code/.venv/lib/python3.9/site-packages/airflow/example_dags/plugins/decreasing_priority_weight_strategy.py
[2026-09-18T13:05:47.374+0700] {processor.py:208} INFO - Processing /Users/andreasanditya/Downloads/572392_Andreas_AirflowETL/code/.venv/lib/python3.9/site-packages/airflow/example_dags/plugins/decreasing_priority_weight_strategy.py took 0.087 seconds
[2026-09-18T13:07:12.264+0700] {processor.py:186} INFO - Started process (PID=81766) to work on /Users/andreasanditya/Downloads/572392_Andreas_AirflowETL/code/.venv/lib/python3.9/site-packages/airflow/example_dags/plugins/decreasing_priority_weight_strategy.py
[2026-09-18T13:07:12.266+0700] {processor.py:914} INFO - Processing file /Users/andreasanditya/Downloads/572392_Andreas_AirflowETL/code/.venv/lib/python3.9/site-packages/airflow/example_dags/plugins/decreasing_priority_weight_strategy.py for tasks to queue
[2026-09-18T13:07:12.266+0700] {logging_mixin.py:190} INFO - [2026-09-18T13:07:12.266+0700] {dagbag.py:588} INFO - Filling up the DagBag from /Users/andreasanditya/Downloads/572392_Andreas_AirflowETL/code/.venv/lib/python3.9/site-packages/airflow/example_dags/plugins/decreasing_priority_weight_strategy.py
[2026-09-18T13:07:12.267+0700] {processor.py:927} WARNING - No viable dags retrieved from /Users/andreasanditya/Downloads/572392_Andreas_AirflowETL/code/.venv/lib/python3.9/site-packages/airflow/example_dags/plugins/decreasing_priority_weight_strategy.py
[2026-09-18T13:07:12.349+0700] {processor.py:208} INFO - Processing /Users/andreasanditya/Downloads/572392_Andreas_AirflowETL/code/.venv/lib/python3.9/site-packages/airflow/example_dags/plugins/decreasing_priority_weight_strategy.py took 0.087 seconds
[2026-09-18T13:08:34.083+0700] {processor.py:186} INFO - Started process (PID=82586) to work on /Users/andreasanditya/Downloads/572392_Andreas_AirflowETL/code/.venv/lib/python3.9/site-packages/airflow/example_dags/plugins/decreasing_priority_weight_strategy.py
[2026-09-18T13:08:34.084+0700] {processor.py:914} INFO - Processing file /Users/andreasanditya/Downloads/572392_Andreas_AirflowETL/code/.venv/lib/python3.9/site-packages/airflow/example_dags/plugins/decreasing_priority_weight_strategy.py for tasks to queue
[2026-09-18T13:08:34.085+0700] {logging_mixin.py:190} INFO - [2026-09-18T13:08:34.085+0700] {dagbag.py:588} INFO - Filling up the DagBag from /Users/andreasanditya/Downloads/572392_Andreas_AirflowETL/code/.venv/lib/python3.9/site-packages/airflow/example_dags/plugins/decreasing_priority_weight_strategy.py
[2026-09-18T13:08:34.086+0700] {processor.py:927} WARNING - No viable dags retrieved from /Users/andreasanditya/Downloads/572392_Andreas_AirflowETL/code/.venv/lib/python3.9/site-packages/airflow/example_dags/plugins/decreasing_priority_weight_strategy.py
[2026-09-18T13:08:34.166+0700] {processor.py:208} INFO - Processing /Users/andreasanditya/Downloads/572392_Andreas_AirflowETL/code/.venv/lib/python3.9/site-packages/airflow/example_dags/plugins/decreasing_priority_weight_strategy.py took 0.085 seconds
[2026-09-18T13:10:01.929+0700] {processor.py:186} INFO - Started process (PID=83509) to work on /Users/andreasanditya/Downloads/572392_Andreas_AirflowETL/code/.venv/lib/python3.9/site-packages/airflow/example_dags/plugins/decreasing_priority_weight_strategy.py
[2026-09-18T13:10:01.930+0700] {processor.py:914} INFO - Processing file /Users/andreasanditya/Downloads/572392_Andreas_AirflowETL/code/.venv/lib/python3.9/site-packages/airflow/example_dags/plugins/decreasing_priority_weight_strategy.py for tasks to queue
[2026-09-18T13:10:01.931+0700] {logging_mixin.py:190} INFO - [2026-09-18T13:10:01.931+0700] {dagbag.py:588} INFO - Filling up the DagBag from /Users/andreasanditya/Downloads/572392_Andreas_AirflowETL/code/.venv/lib/python3.9/site-packages/airflow/example_dags/plugins/decreasing_priority_weight_strategy.py
[2026-09-18T13:10:01.932+0700] {processor.py:927} WARNING - No viable dags retrieved from /Users/andreasanditya/Downloads/572392_Andreas_AirflowETL/code/.venv/lib/python3.9/site-packages/airflow/example_dags/plugins/decreasing_priority_weight_strategy.py
[2026-09-18T13:10:02.014+0700] {processor.py:208} INFO - Processing /Users/andreasanditya/Downloads/572392_Andreas_AirflowETL/code/.venv/lib/python3.9/site-packages/airflow/example_dags/plugins/decreasing_priority_weight_strategy.py took 0.087 seconds
[2026-09-18T13:11:28.304+0700] {processor.py:186} INFO - Started process (PID=84354) to work on /Users/andreasanditya/Downloads/572392_Andreas_AirflowETL/code/.venv/lib/python3.9/site-packages/airflow/example_dags/plugins/decreasing_priority_weight_strategy.py
[2026-09-18T13:11:28.305+0700] {processor.py:914} INFO - Processing file /Users/andreasanditya/Downloads/572392_Andreas_AirflowETL/code/.venv/lib/python3.9/site-packages/airflow/example_dags/plugins/decreasing_priority_weight_strategy.py for tasks to queue
[2026-09-18T13:11:28.306+0700] {logging_mixin.py:190} INFO - [2026-09-18T13:11:28.306+0700] {dagbag.py:588} INFO - Filling up the DagBag from /Users/andreasanditya/Downloads/572392_Andreas_AirflowETL/code/.venv/lib/python3.9/site-packages/airflow/example_dags/plugins/decreasing_priority_weight_strategy.py
[2026-09-18T13:11:28.307+0700] {processor.py:927} WARNING - No viable dags retrieved from /Users/andreasanditya/Downloads/572392_Andreas_AirflowETL/code/.venv/lib/python3.9/site-packages/airflow/example_dags/plugins/decreasing_priority_weight_strategy.py
[2026-09-18T13:11:28.387+0700] {processor.py:208} INFO - Processing /Users/andreasanditya/Downloads/572392_Andreas_AirflowETL/code/.venv/lib/python3.9/site-packages/airflow/example_dags/plugins/decreasing_priority_weight_strategy.py took 0.085 seconds
[2026-09-18T13:12:54.529+0700] {processor.py:186} INFO - Started process (PID=85258) to work on /Users/andreasanditya/Downloads/572392_Andreas_AirflowETL/code/.venv/lib/python3.9/site-packages/airflow/example_dags/plugins/decreasing_priority_weight_strategy.py
[2026-09-18T13:12:54.529+0700] {processor.py:914} INFO - Processing file /Users/andreasanditya/Downloads/572392_Andreas_AirflowETL/code/.venv/lib/python3.9/site-packages/airflow/example_dags/plugins/decreasing_priority_weight_strategy.py for tasks to queue
[2026-09-18T13:12:54.530+0700] {logging_mixin.py:190} INFO - [2026-09-18T13:12:54.530+0700] {dagbag.py:588} INFO - Filling up the DagBag from /Users/andreasanditya/Downloads/572392_Andreas_AirflowETL/code/.venv/lib/python3.9/site-packages/airflow/example_dags/plugins/decreasing_priority_weight_strategy.py
[2026-09-18T13:12:54.531+0700] {processor.py:927} WARNING - No viable dags retrieved from /Users/andreasanditya/Downloads/572392_Andreas_AirflowETL/code/.venv/lib/python3.9/site-packages/airflow/example_dags/plugins/decreasing_priority_weight_strategy.py
[2026-09-18T13:12:54.611+0700] {processor.py:208} INFO - Processing /Users/andreasanditya/Downloads/572392_Andreas_AirflowETL/code/.venv/lib/python3.9/site-packages/airflow/example_dags/plugins/decreasing_priority_weight_strategy.py took 0.085 seconds
[2026-09-18T13:14:19.837+0700] {processor.py:186} INFO - Started process (PID=86098) to work on /Users/andreasanditya/Downloads/572392_Andreas_AirflowETL/code/.venv/lib/python3.9/site-packages/airflow/example_dags/plugins/decreasing_priority_weight_strategy.py
[2026-09-18T13:14:19.838+0700] {processor.py:914} INFO - Processing file /Users/andreasanditya/Downloads/572392_Andreas_AirflowETL/code/.venv/lib/python3.9/site-packages/airflow/example_dags/plugins/decreasing_priority_weight_strategy.py for tasks to queue
[2026-09-18T13:14:19.838+0700] {logging_mixin.py:190} INFO - [2026-09-18T13:14:19.838+0700] {dagbag.py:588} INFO - Filling up the DagBag from /Users/andreasanditya/Downloads/572392_Andreas_AirflowETL/code/.venv/lib/python3.9/site-packages/airflow/example_dags/plugins/decreasing_priority_weight_strategy.py
[2026-09-18T13:14:19.839+0700] {processor.py:927} WARNING - No viable dags retrieved from /Users/andreasanditya/Downloads/572392_Andreas_AirflowETL/code/.venv/lib/python3.9/site-packages/airflow/example_dags/plugins/decreasing_priority_weight_strategy.py
[2026-09-18T13:14:19.921+0700] {processor.py:208} INFO - Processing /Users/andreasanditya/Downloads/572392_Andreas_AirflowETL/code/.venv/lib/python3.9/site-packages/airflow/example_dags/plugins/decreasing_priority_weight_strategy.py took 0.086 seconds
[2026-09-18T13:15:46.763+0700] {processor.py:186} INFO - Started process (PID=87009) to work on /Users/andreasanditya/Downloads/572392_Andreas_AirflowETL/code/.venv/lib/python3.9/site-packages/airflow/example_dags/plugins/decreasing_priority_weight_strategy.py
[2026-09-18T13:15:46.764+0700] {processor.py:914} INFO - Processing file /Users/andreasanditya/Downloads/572392_Andreas_AirflowETL/code/.venv/lib/python3.9/site-packages/airflow/example_dags/plugins/decreasing_priority_weight_strategy.py for tasks to queue
[2026-09-18T13:15:46.765+0700] {logging_mixin.py:190} INFO - [2026-09-18T13:15:46.765+0700] {dagbag.py:588} INFO - Filling up the DagBag from /Users/andreasanditya/Downloads/572392_Andreas_AirflowETL/code/.venv/lib/python3.9/site-packages/airflow/example_dags/plugins/decreasing_priority_weight_strategy.py
[2026-09-18T13:15:46.766+0700] {processor.py:927} WARNING - No viable dags retrieved from /Users/andreasanditya/Downloads/572392_Andreas_AirflowETL/code/.venv/lib/python3.9/site-packages/airflow/example_dags/plugins/decreasing_priority_weight_strategy.py
[2026-09-18T13:15:46.846+0700] {processor.py:208} INFO - Processing /Users/andreasanditya/Downloads/572392_Andreas_AirflowETL/code/.venv/lib/python3.9/site-packages/airflow/example_dags/plugins/decreasing_priority_weight_strategy.py took 0.085 seconds
[2026-09-18T13:17:12.925+0700] {processor.py:186} INFO - Started process (PID=87846) to work on /Users/andreasanditya/Downloads/572392_Andreas_AirflowETL/code/.venv/lib/python3.9/site-packages/airflow/example_dags/plugins/decreasing_priority_weight_strategy.py
[2026-09-18T13:17:12.926+0700] {processor.py:914} INFO - Processing file /Users/andreasanditya/Downloads/572392_Andreas_AirflowETL/code/.venv/lib/python3.9/site-packages/airflow/example_dags/plugins/decreasing_priority_weight_strategy.py for tasks to queue
[2026-09-18T13:17:12.927+0700] {logging_mixin.py:190} INFO - [2026-09-18T13:17:12.927+0700] {dagbag.py:588} INFO - Filling up the DagBag from /Users/andreasanditya/Downloads/572392_Andreas_AirflowETL/code/.venv/lib/python3.9/site-packages/airflow/example_dags/plugins/decreasing_priority_weight_strategy.py
[2026-09-18T13:17:12.928+0700] {processor.py:927} WARNING - No viable dags retrieved from /Users/andreasanditya/Downloads/572392_Andreas_AirflowETL/code/.venv/lib/python3.9/site-packages/airflow/example_dags/plugins/decreasing_priority_weight_strategy.py
[2026-09-18T13:17:13.008+0700] {processor.py:208} INFO - Processing /Users/andreasanditya/Downloads/572392_Andreas_AirflowETL/code/.venv/lib/python3.9/site-packages/airflow/example_dags/plugins/decreasing_priority_weight_strategy.py took 0.085 seconds
[2026-09-18T13:18:37.902+0700] {processor.py:186} INFO - Started process (PID=88745) to work on /Users/andreasanditya/Downloads/572392_Andreas_AirflowETL/code/.venv/lib/python3.9/site-packages/airflow/example_dags/plugins/decreasing_priority_weight_strategy.py
[2026-09-18T13:18:37.903+0700] {processor.py:914} INFO - Processing file /Users/andreasanditya/Downloads/572392_Andreas_AirflowETL/code/.venv/lib/python3.9/site-packages/airflow/example_dags/plugins/decreasing_priority_weight_strategy.py for tasks to queue
[2026-09-18T13:18:37.904+0700] {logging_mixin.py:190} INFO - [2026-09-18T13:18:37.904+0700] {dagbag.py:588} INFO - Filling up the DagBag from /Users/andreasanditya/Downloads/572392_Andreas_AirflowETL/code/.venv/lib/python3.9/site-packages/airflow/example_dags/plugins/decreasing_priority_weight_strategy.py
[2026-09-18T13:18:37.904+0700] {processor.py:927} WARNING - No viable dags retrieved from /Users/andreasanditya/Downloads/572392_Andreas_AirflowETL/code/.venv/lib/python3.9/site-packages/airflow/example_dags/plugins/decreasing_priority_weight_strategy.py
[2026-09-18T13:18:37.985+0700] {processor.py:208} INFO - Processing /Users/andreasanditya/Downloads/572392_Andreas_AirflowETL/code/.venv/lib/python3.9/site-packages/airflow/example_dags/plugins/decreasing_priority_weight_strategy.py took 0.084 seconds
[2026-09-18T13:20:02.742+0700] {processor.py:186} INFO - Started process (PID=89581) to work on /Users/andreasanditya/Downloads/572392_Andreas_AirflowETL/code/.venv/lib/python3.9/site-packages/airflow/example_dags/plugins/decreasing_priority_weight_strategy.py
[2026-09-18T13:20:02.745+0700] {processor.py:914} INFO - Processing file /Users/andreasanditya/Downloads/572392_Andreas_AirflowETL/code/.venv/lib/python3.9/site-packages/airflow/example_dags/plugins/decreasing_priority_weight_strategy.py for tasks to queue
[2026-09-18T13:20:02.746+0700] {logging_mixin.py:190} INFO - [2026-09-18T13:20:02.746+0700] {dagbag.py:588} INFO - Filling up the DagBag from /Users/andreasanditya/Downloads/572392_Andreas_AirflowETL/code/.venv/lib/python3.9/site-packages/airflow/example_dags/plugins/decreasing_priority_weight_strategy.py
[2026-09-18T13:20:02.747+0700] {processor.py:927} WARNING - No viable dags retrieved from /Users/andreasanditya/Downloads/572392_Andreas_AirflowETL/code/.venv/lib/python3.9/site-packages/airflow/example_dags/plugins/decreasing_priority_weight_strategy.py
[2026-09-18T13:20:02.826+0700] {processor.py:208} INFO - Processing /Users/andreasanditya/Downloads/572392_Andreas_AirflowETL/code/.venv/lib/python3.9/site-packages/airflow/example_dags/plugins/decreasing_priority_weight_strategy.py took 0.086 seconds
[2026-09-18T13:21:26.897+0700] {processor.py:186} INFO - Started process (PID=90397) to work on /Users/andreasanditya/Downloads/572392_Andreas_AirflowETL/code/.venv/lib/python3.9/site-packages/airflow/example_dags/plugins/decreasing_priority_weight_strategy.py
[2026-09-18T13:21:26.899+0700] {processor.py:914} INFO - Processing file /Users/andreasanditya/Downloads/572392_Andreas_AirflowETL/code/.venv/lib/python3.9/site-packages/airflow/example_dags/plugins/decreasing_priority_weight_strategy.py for tasks to queue
[2026-09-18T13:21:26.900+0700] {logging_mixin.py:190} INFO - [2026-09-18T13:21:26.900+0700] {dagbag.py:588} INFO - Filling up the DagBag from /Users/andreasanditya/Downloads/572392_Andreas_AirflowETL/code/.venv/lib/python3.9/site-packages/airflow/example_dags/plugins/decreasing_priority_weight_strategy.py
[2026-09-18T13:21:26.901+0700] {processor.py:927} WARNING - No viable dags retrieved from /Users/andreasanditya/Downloads/572392_Andreas_AirflowETL/code/.venv/lib/python3.9/site-packages/airflow/example_dags/plugins/decreasing_priority_weight_strategy.py
[2026-09-18T13:21:26.980+0700] {processor.py:208} INFO - Processing /Users/andreasanditya/Downloads/572392_Andreas_AirflowETL/code/.venv/lib/python3.9/site-packages/airflow/example_dags/plugins/decreasing_priority_weight_strategy.py took 0.086 seconds
[2026-09-18T13:22:51.457+0700] {processor.py:186} INFO - Started process (PID=91308) to work on /Users/andreasanditya/Downloads/572392_Andreas_AirflowETL/code/.venv/lib/python3.9/site-packages/airflow/example_dags/plugins/decreasing_priority_weight_strategy.py
[2026-09-18T13:22:51.459+0700] {processor.py:914} INFO - Processing file /Users/andreasanditya/Downloads/572392_Andreas_AirflowETL/code/.venv/lib/python3.9/site-packages/airflow/example_dags/plugins/decreasing_priority_weight_strategy.py for tasks to queue
[2026-09-18T13:22:51.460+0700] {logging_mixin.py:190} INFO - [2026-09-18T13:22:51.460+0700] {dagbag.py:588} INFO - Filling up the DagBag from /Users/andreasanditya/Downloads/572392_Andreas_AirflowETL/code/.venv/lib/python3.9/site-packages/airflow/example_dags/plugins/decreasing_priority_weight_strategy.py
[2026-09-18T13:22:51.461+0700] {processor.py:927} WARNING - No viable dags retrieved from /Users/andreasanditya/Downloads/572392_Andreas_AirflowETL/code/.venv/lib/python3.9/site-packages/airflow/example_dags/plugins/decreasing_priority_weight_strategy.py
[2026-09-18T13:22:51.542+0700] {processor.py:208} INFO - Processing /Users/andreasanditya/Downloads/572392_Andreas_AirflowETL/code/.venv/lib/python3.9/site-packages/airflow/example_dags/plugins/decreasing_priority_weight_strategy.py took 0.086 seconds
[2026-09-18T13:24:15.645+0700] {processor.py:186} INFO - Started process (PID=92181) to work on /Users/andreasanditya/Downloads/572392_Andreas_AirflowETL/code/.venv/lib/python3.9/site-packages/airflow/example_dags/plugins/decreasing_priority_weight_strategy.py
[2026-09-18T13:24:15.646+0700] {processor.py:914} INFO - Processing file /Users/andreasanditya/Downloads/572392_Andreas_AirflowETL/code/.venv/lib/python3.9/site-packages/airflow/example_dags/plugins/decreasing_priority_weight_strategy.py for tasks to queue
[2026-09-18T13:24:15.646+0700] {logging_mixin.py:190} INFO - [2026-09-18T13:24:15.646+0700] {dagbag.py:588} INFO - Filling up the DagBag from /Users/andreasanditya/Downloads/572392_Andreas_AirflowETL/code/.venv/lib/python3.9/site-packages/airflow/example_dags/plugins/decreasing_priority_weight_strategy.py
[2026-09-18T13:24:15.647+0700] {processor.py:927} WARNING - No viable dags retrieved from /Users/andreasanditya/Downloads/572392_Andreas_AirflowETL/code/.venv/lib/python3.9/site-packages/airflow/example_dags/plugins/decreasing_priority_weight_strategy.py
[2026-09-18T13:24:15.735+0700] {processor.py:208} INFO - Processing /Users/andreasanditya/Downloads/572392_Andreas_AirflowETL/code/.venv/lib/python3.9/site-packages/airflow/example_dags/plugins/decreasing_priority_weight_strategy.py took 0.092 seconds
[2026-09-18T13:25:40.960+0700] {processor.py:186} INFO - Started process (PID=93079) to work on /Users/andreasanditya/Downloads/572392_Andreas_AirflowETL/code/.venv/lib/python3.9/site-packages/airflow/example_dags/plugins/decreasing_priority_weight_strategy.py
[2026-09-18T13:25:40.961+0700] {processor.py:914} INFO - Processing file /Users/andreasanditya/Downloads/572392_Andreas_AirflowETL/code/.venv/lib/python3.9/site-packages/airflow/example_dags/plugins/decreasing_priority_weight_strategy.py for tasks to queue
[2026-09-18T13:25:40.962+0700] {logging_mixin.py:190} INFO - [2026-09-18T13:25:40.962+0700] {dagbag.py:588} INFO - Filling up the DagBag from /Users/andreasanditya/Downloads/572392_Andreas_AirflowETL/code/.venv/lib/python3.9/site-packages/airflow/example_dags/plugins/decreasing_priority_weight_strategy.py
[2026-09-18T13:25:40.963+0700] {processor.py:927} WARNING - No viable dags retrieved from /Users/andreasanditya/Downloads/572392_Andreas_AirflowETL/code/.venv/lib/python3.9/site-packages/airflow/example_dags/plugins/decreasing_priority_weight_strategy.py
[2026-09-18T13:25:41.048+0700] {processor.py:208} INFO - Processing /Users/andreasanditya/Downloads/572392_Andreas_AirflowETL/code/.venv/lib/python3.9/site-packages/airflow/example_dags/plugins/decreasing_priority_weight_strategy.py took 0.090 seconds
[2026-09-18T13:27:09.615+0700] {processor.py:186} INFO - Started process (PID=94156) to work on /Users/andreasanditya/Downloads/572392_Andreas_AirflowETL/code/.venv/lib/python3.9/site-packages/airflow/example_dags/plugins/decreasing_priority_weight_strategy.py
[2026-09-18T13:27:09.616+0700] {processor.py:914} INFO - Processing file /Users/andreasanditya/Downloads/572392_Andreas_AirflowETL/code/.venv/lib/python3.9/site-packages/airflow/example_dags/plugins/decreasing_priority_weight_strategy.py for tasks to queue
[2026-09-18T13:27:09.617+0700] {logging_mixin.py:190} INFO - [2026-09-18T13:27:09.617+0700] {dagbag.py:588} INFO - Filling up the DagBag from /Users/andreasanditya/Downloads/572392_Andreas_AirflowETL/code/.venv/lib/python3.9/site-packages/airflow/example_dags/plugins/decreasing_priority_weight_strategy.py
[2026-09-18T13:27:09.618+0700] {processor.py:927} WARNING - No viable dags retrieved from /Users/andreasanditya/Downloads/572392_Andreas_AirflowETL/code/.venv/lib/python3.9/site-packages/airflow/example_dags/plugins/decreasing_priority_weight_strategy.py
[2026-09-18T13:27:09.702+0700] {processor.py:208} INFO - Processing /Users/andreasanditya/Downloads/572392_Andreas_AirflowETL/code/.venv/lib/python3.9/site-packages/airflow/example_dags/plugins/decreasing_priority_weight_strategy.py took 0.090 seconds
[2026-09-18T13:28:38.664+0700] {processor.py:186} INFO - Started process (PID=95089) to work on /Users/andreasanditya/Downloads/572392_Andreas_AirflowETL/code/.venv/lib/python3.9/site-packages/airflow/example_dags/plugins/decreasing_priority_weight_strategy.py
[2026-09-18T13:28:38.665+0700] {processor.py:914} INFO - Processing file /Users/andreasanditya/Downloads/572392_Andreas_AirflowETL/code/.venv/lib/python3.9/site-packages/airflow/example_dags/plugins/decreasing_priority_weight_strategy.py for tasks to queue
[2026-09-18T13:28:38.666+0700] {logging_mixin.py:190} INFO - [2026-09-18T13:28:38.666+0700] {dagbag.py:588} INFO - Filling up the DagBag from /Users/andreasanditya/Downloads/572392_Andreas_AirflowETL/code/.venv/lib/python3.9/site-packages/airflow/example_dags/plugins/decreasing_priority_weight_strategy.py
[2026-09-18T13:28:38.667+0700] {processor.py:927} WARNING - No viable dags retrieved from /Users/andreasanditya/Downloads/572392_Andreas_AirflowETL/code/.venv/lib/python3.9/site-packages/airflow/example_dags/plugins/decreasing_priority_weight_strategy.py
[2026-09-18T13:28:38.751+0700] {processor.py:208} INFO - Processing /Users/andreasanditya/Downloads/572392_Andreas_AirflowETL/code/.venv/lib/python3.9/site-packages/airflow/example_dags/plugins/decreasing_priority_weight_strategy.py took 0.089 seconds
[2026-09-18T13:30:09.820+0700] {processor.py:186} INFO - Started process (PID=96192) to work on /Users/andreasanditya/Downloads/572392_Andreas_AirflowETL/code/.venv/lib/python3.9/site-packages/airflow/example_dags/plugins/decreasing_priority_weight_strategy.py
[2026-09-18T13:30:09.824+0700] {processor.py:914} INFO - Processing file /Users/andreasanditya/Downloads/572392_Andreas_AirflowETL/code/.venv/lib/python3.9/site-packages/airflow/example_dags/plugins/decreasing_priority_weight_strategy.py for tasks to queue
[2026-09-18T13:30:09.824+0700] {logging_mixin.py:190} INFO - [2026-09-18T13:30:09.824+0700] {dagbag.py:588} INFO - Filling up the DagBag from /Users/andreasanditya/Downloads/572392_Andreas_AirflowETL/code/.venv/lib/python3.9/site-packages/airflow/example_dags/plugins/decreasing_priority_weight_strategy.py
[2026-09-18T13:30:09.825+0700] {processor.py:927} WARNING - No viable dags retrieved from /Users/andreasanditya/Downloads/572392_Andreas_AirflowETL/code/.venv/lib/python3.9/site-packages/airflow/example_dags/plugins/decreasing_priority_weight_strategy.py
[2026-09-18T13:30:09.911+0700] {processor.py:208} INFO - Processing /Users/andreasanditya/Downloads/572392_Andreas_AirflowETL/code/.venv/lib/python3.9/site-packages/airflow/example_dags/plugins/decreasing_priority_weight_strategy.py took 0.093 seconds
[2026-09-18T13:31:40.118+0700] {processor.py:186} INFO - Started process (PID=97136) to work on /Users/andreasanditya/Downloads/572392_Andreas_AirflowETL/code/.venv/lib/python3.9/site-packages/airflow/example_dags/plugins/decreasing_priority_weight_strategy.py
[2026-09-18T13:31:40.119+0700] {processor.py:914} INFO - Processing file /Users/andreasanditya/Downloads/572392_Andreas_AirflowETL/code/.venv/lib/python3.9/site-packages/airflow/example_dags/plugins/decreasing_priority_weight_strategy.py for tasks to queue
[2026-09-18T13:31:40.120+0700] {logging_mixin.py:190} INFO - [2026-09-18T13:31:40.120+0700] {dagbag.py:588} INFO - Filling up the DagBag from /Users/andreasanditya/Downloads/572392_Andreas_AirflowETL/code/.venv/lib/python3.9/site-packages/airflow/example_dags/plugins/decreasing_priority_weight_strategy.py
[2026-09-18T13:31:40.121+0700] {processor.py:927} WARNING - No viable dags retrieved from /Users/andreasanditya/Downloads/572392_Andreas_AirflowETL/code/.venv/lib/python3.9/site-packages/airflow/example_dags/plugins/decreasing_priority_weight_strategy.py
[2026-09-18T13:31:40.209+0700] {processor.py:208} INFO - Processing /Users/andreasanditya/Downloads/572392_Andreas_AirflowETL/code/.venv/lib/python3.9/site-packages/airflow/example_dags/plugins/decreasing_priority_weight_strategy.py took 0.093 seconds
[2026-09-18T13:33:06.923+0700] {processor.py:186} INFO - Started process (PID=98025) to work on /Users/andreasanditya/Downloads/572392_Andreas_AirflowETL/code/.venv/lib/python3.9/site-packages/airflow/example_dags/plugins/decreasing_priority_weight_strategy.py
[2026-09-18T13:33:06.924+0700] {processor.py:914} INFO - Processing file /Users/andreasanditya/Downloads/572392_Andreas_AirflowETL/code/.venv/lib/python3.9/site-packages/airflow/example_dags/plugins/decreasing_priority_weight_strategy.py for tasks to queue
[2026-09-18T13:33:06.925+0700] {logging_mixin.py:190} INFO - [2026-09-18T13:33:06.925+0700] {dagbag.py:588} INFO - Filling up the DagBag from /Users/andreasanditya/Downloads/572392_Andreas_AirflowETL/code/.venv/lib/python3.9/site-packages/airflow/example_dags/plugins/decreasing_priority_weight_strategy.py
[2026-09-18T13:33:06.926+0700] {processor.py:927} WARNING - No viable dags retrieved from /Users/andreasanditya/Downloads/572392_Andreas_AirflowETL/code/.venv/lib/python3.9/site-packages/airflow/example_dags/plugins/decreasing_priority_weight_strategy.py
[2026-09-18T13:33:07.016+0700] {processor.py:208} INFO - Processing /Users/andreasanditya/Downloads/572392_Andreas_AirflowETL/code/.venv/lib/python3.9/site-packages/airflow/example_dags/plugins/decreasing_priority_weight_strategy.py took 0.095 seconds
[2026-09-18T13:34:33.419+0700] {processor.py:186} INFO - Started process (PID=98941) to work on /Users/andreasanditya/Downloads/572392_Andreas_AirflowETL/code/.venv/lib/python3.9/site-packages/airflow/example_dags/plugins/decreasing_priority_weight_strategy.py
[2026-09-18T13:34:33.420+0700] {processor.py:914} INFO - Processing file /Users/andreasanditya/Downloads/572392_Andreas_AirflowETL/code/.venv/lib/python3.9/site-packages/airflow/example_dags/plugins/decreasing_priority_weight_strategy.py for tasks to queue
[2026-09-18T13:34:33.421+0700] {logging_mixin.py:190} INFO - [2026-09-18T13:34:33.421+0700] {dagbag.py:588} INFO - Filling up the DagBag from /Users/andreasanditya/Downloads/572392_Andreas_AirflowETL/code/.venv/lib/python3.9/site-packages/airflow/example_dags/plugins/decreasing_priority_weight_strategy.py
[2026-09-18T13:34:33.422+0700] {processor.py:927} WARNING - No viable dags retrieved from /Users/andreasanditya/Downloads/572392_Andreas_AirflowETL/code/.venv/lib/python3.9/site-packages/airflow/example_dags/plugins/decreasing_priority_weight_strategy.py
[2026-09-18T13:34:33.507+0700] {processor.py:208} INFO - Processing /Users/andreasanditya/Downloads/572392_Andreas_AirflowETL/code/.venv/lib/python3.9/site-packages/airflow/example_dags/plugins/decreasing_priority_weight_strategy.py took 0.090 seconds
[2026-09-18T13:36:01.988+0700] {processor.py:186} INFO - Started process (PID=99886) to work on /Users/andreasanditya/Downloads/572392_Andreas_AirflowETL/code/.venv/lib/python3.9/site-packages/airflow/example_dags/plugins/decreasing_priority_weight_strategy.py
[2026-09-18T13:36:01.990+0700] {processor.py:914} INFO - Processing file /Users/andreasanditya/Downloads/572392_Andreas_AirflowETL/code/.venv/lib/python3.9/site-packages/airflow/example_dags/plugins/decreasing_priority_weight_strategy.py for tasks to queue
[2026-09-18T13:36:01.991+0700] {logging_mixin.py:190} INFO - [2026-09-18T13:36:01.990+0700] {dagbag.py:588} INFO - Filling up the DagBag from /Users/andreasanditya/Downloads/572392_Andreas_AirflowETL/code/.venv/lib/python3.9/site-packages/airflow/example_dags/plugins/decreasing_priority_weight_strategy.py
[2026-09-18T13:36:01.991+0700] {processor.py:927} WARNING - No viable dags retrieved from /Users/andreasanditya/Downloads/572392_Andreas_AirflowETL/code/.venv/lib/python3.9/site-packages/airflow/example_dags/plugins/decreasing_priority_weight_strategy.py
[2026-09-18T13:36:02.074+0700] {processor.py:208} INFO - Processing /Users/andreasanditya/Downloads/572392_Andreas_AirflowETL/code/.venv/lib/python3.9/site-packages/airflow/example_dags/plugins/decreasing_priority_weight_strategy.py took 0.088 seconds
[2026-09-18T13:37:29.107+0700] {processor.py:186} INFO - Started process (PID=986) to work on /Users/andreasanditya/Downloads/572392_Andreas_AirflowETL/code/.venv/lib/python3.9/site-packages/airflow/example_dags/plugins/decreasing_priority_weight_strategy.py
[2026-09-18T13:37:29.108+0700] {processor.py:914} INFO - Processing file /Users/andreasanditya/Downloads/572392_Andreas_AirflowETL/code/.venv/lib/python3.9/site-packages/airflow/example_dags/plugins/decreasing_priority_weight_strategy.py for tasks to queue
[2026-09-18T13:37:29.108+0700] {logging_mixin.py:190} INFO - [2026-09-18T13:37:29.108+0700] {dagbag.py:588} INFO - Filling up the DagBag from /Users/andreasanditya/Downloads/572392_Andreas_AirflowETL/code/.venv/lib/python3.9/site-packages/airflow/example_dags/plugins/decreasing_priority_weight_strategy.py
[2026-09-18T13:37:29.109+0700] {processor.py:927} WARNING - No viable dags retrieved from /Users/andreasanditya/Downloads/572392_Andreas_AirflowETL/code/.venv/lib/python3.9/site-packages/airflow/example_dags/plugins/decreasing_priority_weight_strategy.py
[2026-09-18T13:37:29.193+0700] {processor.py:208} INFO - Processing /Users/andreasanditya/Downloads/572392_Andreas_AirflowETL/code/.venv/lib/python3.9/site-packages/airflow/example_dags/plugins/decreasing_priority_weight_strategy.py took 0.089 seconds
[2026-09-18T13:38:55.623+0700] {processor.py:186} INFO - Started process (PID=2048) to work on /Users/andreasanditya/Downloads/572392_Andreas_AirflowETL/code/.venv/lib/python3.9/site-packages/airflow/example_dags/plugins/decreasing_priority_weight_strategy.py
[2026-09-18T13:38:55.624+0700] {processor.py:914} INFO - Processing file /Users/andreasanditya/Downloads/572392_Andreas_AirflowETL/code/.venv/lib/python3.9/site-packages/airflow/example_dags/plugins/decreasing_priority_weight_strategy.py for tasks to queue
[2026-09-18T13:38:55.624+0700] {logging_mixin.py:190} INFO - [2026-09-18T13:38:55.624+0700] {dagbag.py:588} INFO - Filling up the DagBag from /Users/andreasanditya/Downloads/572392_Andreas_AirflowETL/code/.venv/lib/python3.9/site-packages/airflow/example_dags/plugins/decreasing_priority_weight_strategy.py
[2026-09-18T13:38:55.625+0700] {processor.py:927} WARNING - No viable dags retrieved from /Users/andreasanditya/Downloads/572392_Andreas_AirflowETL/code/.venv/lib/python3.9/site-packages/airflow/example_dags/plugins/decreasing_priority_weight_strategy.py
[2026-09-18T13:38:55.709+0700] {processor.py:208} INFO - Processing /Users/andreasanditya/Downloads/572392_Andreas_AirflowETL/code/.venv/lib/python3.9/site-packages/airflow/example_dags/plugins/decreasing_priority_weight_strategy.py took 0.088 seconds
