[2026-09-18T11:16:36.489+0700] {processor.py:186} INFO - Started process (PID=10129) to work on /Users/andreasanditya/Downloads/572392_Andreas_AirflowETL/code/.venv/lib/python3.9/site-packages/airflow/example_dags/plugins/listener_plugin.py
[2026-09-18T11:16:36.490+0700] {processor.py:914} INFO - Processing file /Users/andreasanditya/Downloads/572392_Andreas_AirflowETL/code/.venv/lib/python3.9/site-packages/airflow/example_dags/plugins/listener_plugin.py for tasks to queue
[2026-09-18T11:16:36.491+0700] {logging_mixin.py:190} INFO - [2026-09-18T11:16:36.491+0700] {dagbag.py:588} INFO - Filling up the DagBag from /Users/andreasanditya/Downloads/572392_Andreas_AirflowETL/code/.venv/lib/python3.9/site-packages/airflow/example_dags/plugins/listener_plugin.py
[2026-09-18T11:16:36.493+0700] {processor.py:927} WARNING - No viable dags retrieved from /Users/andreasanditya/Downloads/572392_Andreas_AirflowETL/code/.venv/lib/python3.9/site-packages/airflow/example_dags/plugins/listener_plugin.py
[2026-09-18T11:16:36.581+0700] {processor.py:208} INFO - Processing /Users/andreasanditya/Downloads/572392_Andreas_AirflowETL/code/.venv/lib/python3.9/site-packages/airflow/example_dags/plugins/listener_plugin.py took 0.094 seconds
[2026-09-18T11:18:54.131+0700] {processor.py:186} INFO - Started process (PID=11641) to work on /Users/andreasanditya/Downloads/572392_Andreas_AirflowETL/code/.venv/lib/python3.9/site-packages/airflow/example_dags/plugins/listener_plugin.py
[2026-09-18T11:18:54.132+0700] {processor.py:914} INFO - Processing file /Users/andreasanditya/Downloads/572392_Andreas_AirflowETL/code/.venv/lib/python3.9/site-packages/airflow/example_dags/plugins/listener_plugin.py for tasks to queue
[2026-09-18T11:18:54.133+0700] {logging_mixin.py:190} INFO - [2026-09-18T11:18:54.133+0700] {dagbag.py:588} INFO - Filling up the DagBag from /Users/andreasanditya/Downloads/572392_Andreas_AirflowETL/code/.venv/lib/python3.9/site-packages/airflow/example_dags/plugins/listener_plugin.py
[2026-09-18T11:18:54.135+0700] {processor.py:927} WARNING - No viable dags retrieved from /Users/andreasanditya/Downloads/572392_Andreas_AirflowETL/code/.venv/lib/python3.9/site-packages/airflow/example_dags/plugins/listener_plugin.py
[2026-09-18T11:18:54.219+0700] {processor.py:208} INFO - Processing /Users/andreasanditya/Downloads/572392_Andreas_AirflowETL/code/.venv/lib/python3.9/site-packages/airflow/example_dags/plugins/listener_plugin.py took 0.090 seconds
[2026-09-18T11:20:26.714+0700] {processor.py:186} INFO - Started process (PID=12625) to work on /Users/andreasanditya/Downloads/572392_Andreas_AirflowETL/code/.venv/lib/python3.9/site-packages/airflow/example_dags/plugins/listener_plugin.py
[2026-09-18T11:20:26.716+0700] {processor.py:914} INFO - Processing file /Users/andreasanditya/Downloads/572392_Andreas_AirflowETL/code/.venv/lib/python3.9/site-packages/airflow/example_dags/plugins/listener_plugin.py for tasks to queue
[2026-09-18T11:20:26.717+0700] {logging_mixin.py:190} INFO - [2026-09-18T11:20:26.716+0700] {dagbag.py:588} INFO - Filling up the DagBag from /Users/andreasanditya/Downloads/572392_Andreas_AirflowETL/code/.venv/lib/python3.9/site-packages/airflow/example_dags/plugins/listener_plugin.py
[2026-09-18T11:20:26.718+0700] {processor.py:927} WARNING - No viable dags retrieved from /Users/andreasanditya/Downloads/572392_Andreas_AirflowETL/code/.venv/lib/python3.9/site-packages/airflow/example_dags/plugins/listener_plugin.py
[2026-09-18T11:20:26.801+0700] {processor.py:208} INFO - Processing /Users/andreasanditya/Downloads/572392_Andreas_AirflowETL/code/.venv/lib/python3.9/site-packages/airflow/example_dags/plugins/listener_plugin.py took 0.089 seconds
[2026-09-18T11:21:55.290+0700] {processor.py:186} INFO - Started process (PID=13519) to work on /Users/andreasanditya/Downloads/572392_Andreas_AirflowETL/code/.venv/lib/python3.9/site-packages/airflow/example_dags/plugins/listener_plugin.py
[2026-09-18T11:21:55.291+0700] {processor.py:914} INFO - Processing file /Users/andreasanditya/Downloads/572392_Andreas_AirflowETL/code/.venv/lib/python3.9/site-packages/airflow/example_dags/plugins/listener_plugin.py for tasks to queue
[2026-09-18T11:21:55.292+0700] {logging_mixin.py:190} INFO - [2026-09-18T11:21:55.292+0700] {dagbag.py:588} INFO - Filling up the DagBag from /Users/andreasanditya/Downloads/572392_Andreas_AirflowETL/code/.venv/lib/python3.9/site-packages/airflow/example_dags/plugins/listener_plugin.py
[2026-09-18T11:21:55.294+0700] {processor.py:927} WARNING - No viable dags retrieved from /Users/andreasanditya/Downloads/572392_Andreas_AirflowETL/code/.venv/lib/python3.9/site-packages/airflow/example_dags/plugins/listener_plugin.py
[2026-09-18T11:21:55.378+0700] {processor.py:208} INFO - Processing /Users/andreasanditya/Downloads/572392_Andreas_AirflowETL/code/.venv/lib/python3.9/site-packages/airflow/example_dags/plugins/listener_plugin.py took 0.089 seconds
[2026-09-18T11:22:26.099+0700] {processor.py:186} INFO - Started process (PID=13919) to work on /Users/andreasanditya/Downloads/572392_Andreas_AirflowETL/code/.venv/lib/python3.9/site-packages/airflow/example_dags/plugins/listener_plugin.py
[2026-09-18T11:22:26.100+0700] {processor.py:914} INFO - Processing file /Users/andreasanditya/Downloads/572392_Andreas_AirflowETL/code/.venv/lib/python3.9/site-packages/airflow/example_dags/plugins/listener_plugin.py for tasks to queue
[2026-09-18T11:22:26.101+0700] {logging_mixin.py:190} INFO - [2026-09-18T11:22:26.101+0700] {dagbag.py:588} INFO - Filling up the DagBag from /Users/andreasanditya/Downloads/572392_Andreas_AirflowETL/code/.venv/lib/python3.9/site-packages/airflow/example_dags/plugins/listener_plugin.py
[2026-09-18T11:22:26.102+0700] {processor.py:927} WARNING - No viable dags retrieved from /Users/andreasanditya/Downloads/572392_Andreas_AirflowETL/code/.venv/lib/python3.9/site-packages/airflow/example_dags/plugins/listener_plugin.py
[2026-09-18T11:22:26.190+0700] {processor.py:208} INFO - Processing /Users/andreasanditya/Downloads/572392_Andreas_AirflowETL/code/.venv/lib/python3.9/site-packages/airflow/example_dags/plugins/listener_plugin.py took 0.093 seconds
[2026-09-18T11:23:52.132+0700] {processor.py:186} INFO - Started process (PID=14905) to work on /Users/andreasanditya/Downloads/572392_Andreas_AirflowETL/code/.venv/lib/python3.9/site-packages/airflow/example_dags/plugins/listener_plugin.py
[2026-09-18T11:23:52.133+0700] {processor.py:914} INFO - Processing file /Users/andreasanditya/Downloads/572392_Andreas_AirflowETL/code/.venv/lib/python3.9/site-packages/airflow/example_dags/plugins/listener_plugin.py for tasks to queue
[2026-09-18T11:23:52.134+0700] {logging_mixin.py:190} INFO - [2026-09-18T11:23:52.133+0700] {dagbag.py:588} INFO - Filling up the DagBag from /Users/andreasanditya/Downloads/572392_Andreas_AirflowETL/code/.venv/lib/python3.9/site-packages/airflow/example_dags/plugins/listener_plugin.py
[2026-09-18T11:23:52.135+0700] {processor.py:927} WARNING - No viable dags retrieved from /Users/andreasanditya/Downloads/572392_Andreas_AirflowETL/code/.venv/lib/python3.9/site-packages/airflow/example_dags/plugins/listener_plugin.py
[2026-09-18T11:23:52.220+0700] {processor.py:208} INFO - Processing /Users/andreasanditya/Downloads/572392_Andreas_AirflowETL/code/.venv/lib/python3.9/site-packages/airflow/example_dags/plugins/listener_plugin.py took 0.090 seconds
[2026-09-18T11:25:55.624+0700] {processor.py:186} INFO - Started process (PID=16184) to work on /Users/andreasanditya/Downloads/572392_Andreas_AirflowETL/code/.venv/lib/python3.9/site-packages/airflow/example_dags/plugins/listener_plugin.py
[2026-09-18T11:25:55.626+0700] {processor.py:914} INFO - Processing file /Users/andreasanditya/Downloads/572392_Andreas_AirflowETL/code/.venv/lib/python3.9/site-packages/airflow/example_dags/plugins/listener_plugin.py for tasks to queue
[2026-09-18T11:25:55.628+0700] {logging_mixin.py:190} INFO - [2026-09-18T11:25:55.627+0700] {dagbag.py:588} INFO - Filling up the DagBag from /Users/andreasanditya/Downloads/572392_Andreas_AirflowETL/code/.venv/lib/python3.9/site-packages/airflow/example_dags/plugins/listener_plugin.py
[2026-09-18T11:25:55.633+0700] {processor.py:927} WARNING - No viable dags retrieved from /Users/andreasanditya/Downloads/572392_Andreas_AirflowETL/code/.venv/lib/python3.9/site-packages/airflow/example_dags/plugins/listener_plugin.py
[2026-09-18T11:25:55.733+0700] {processor.py:208} INFO - Processing /Users/andreasanditya/Downloads/572392_Andreas_AirflowETL/code/.venv/lib/python3.9/site-packages/airflow/example_dags/plugins/listener_plugin.py took 0.113 seconds
[2026-09-18T11:27:29.442+0700] {processor.py:186} INFO - Started process (PID=17089) to work on /Users/andreasanditya/Downloads/572392_Andreas_AirflowETL/code/.venv/lib/python3.9/site-packages/airflow/example_dags/plugins/listener_plugin.py
[2026-09-18T11:27:29.444+0700] {processor.py:914} INFO - Processing file /Users/andreasanditya/Downloads/572392_Andreas_AirflowETL/code/.venv/lib/python3.9/site-packages/airflow/example_dags/plugins/listener_plugin.py for tasks to queue
[2026-09-18T11:27:29.444+0700] {logging_mixin.py:190} INFO - [2026-09-18T11:27:29.444+0700] {dagbag.py:588} INFO - Filling up the DagBag from /Users/andreasanditya/Downloads/572392_Andreas_AirflowETL/code/.venv/lib/python3.9/site-packages/airflow/example_dags/plugins/listener_plugin.py
[2026-09-18T11:27:29.446+0700] {processor.py:927} WARNING - No viable dags retrieved from /Users/andreasanditya/Downloads/572392_Andreas_AirflowETL/code/.venv/lib/python3.9/site-packages/airflow/example_dags/plugins/listener_plugin.py
[2026-09-18T11:27:29.531+0700] {processor.py:208} INFO - Processing /Users/andreasanditya/Downloads/572392_Andreas_AirflowETL/code/.venv/lib/python3.9/site-packages/airflow/example_dags/plugins/listener_plugin.py took 0.090 seconds
[2026-09-18T11:28:58.097+0700] {processor.py:186} INFO - Started process (PID=18018) to work on /Users/andreasanditya/Downloads/572392_Andreas_AirflowETL/code/.venv/lib/python3.9/site-packages/airflow/example_dags/plugins/listener_plugin.py
[2026-09-18T11:28:58.098+0700] {processor.py:914} INFO - Processing file /Users/andreasanditya/Downloads/572392_Andreas_AirflowETL/code/.venv/lib/python3.9/site-packages/airflow/example_dags/plugins/listener_plugin.py for tasks to queue
[2026-09-18T11:28:58.099+0700] {logging_mixin.py:190} INFO - [2026-09-18T11:28:58.099+0700] {dagbag.py:588} INFO - Filling up the DagBag from /Users/andreasanditya/Downloads/572392_Andreas_AirflowETL/code/.venv/lib/python3.9/site-packages/airflow/example_dags/plugins/listener_plugin.py
[2026-09-18T11:28:58.101+0700] {processor.py:927} WARNING - No viable dags retrieved from /Users/andreasanditya/Downloads/572392_Andreas_AirflowETL/code/.venv/lib/python3.9/site-packages/airflow/example_dags/plugins/listener_plugin.py
[2026-09-18T11:28:58.184+0700] {processor.py:208} INFO - Processing /Users/andreasanditya/Downloads/572392_Andreas_AirflowETL/code/.venv/lib/python3.9/site-packages/airflow/example_dags/plugins/listener_plugin.py took 0.089 seconds
[2026-09-18T11:30:27.499+0700] {processor.py:186} INFO - Started process (PID=18980) to work on /Users/andreasanditya/Downloads/572392_Andreas_AirflowETL/code/.venv/lib/python3.9/site-packages/airflow/example_dags/plugins/listener_plugin.py
[2026-09-18T11:30:27.500+0700] {processor.py:914} INFO - Processing file /Users/andreasanditya/Downloads/572392_Andreas_AirflowETL/code/.venv/lib/python3.9/site-packages/airflow/example_dags/plugins/listener_plugin.py for tasks to queue
[2026-09-18T11:30:27.501+0700] {logging_mixin.py:190} INFO - [2026-09-18T11:30:27.501+0700] {dagbag.py:588} INFO - Filling up the DagBag from /Users/andreasanditya/Downloads/572392_Andreas_AirflowETL/code/.venv/lib/python3.9/site-packages/airflow/example_dags/plugins/listener_plugin.py
[2026-09-18T11:30:27.503+0700] {processor.py:927} WARNING - No viable dags retrieved from /Users/andreasanditya/Downloads/572392_Andreas_AirflowETL/code/.venv/lib/python3.9/site-packages/airflow/example_dags/plugins/listener_plugin.py
[2026-09-18T11:30:27.592+0700] {processor.py:208} INFO - Processing /Users/andreasanditya/Downloads/572392_Andreas_AirflowETL/code/.venv/lib/python3.9/site-packages/airflow/example_dags/plugins/listener_plugin.py took 0.096 seconds
[2026-09-18T11:31:56.586+0700] {processor.py:186} INFO - Started process (PID=19897) to work on /Users/andreasanditya/Downloads/572392_Andreas_AirflowETL/code/.venv/lib/python3.9/site-packages/airflow/example_dags/plugins/listener_plugin.py
[2026-09-18T11:31:56.587+0700] {processor.py:914} INFO - Processing file /Users/andreasanditya/Downloads/572392_Andreas_AirflowETL/code/.venv/lib/python3.9/site-packages/airflow/example_dags/plugins/listener_plugin.py for tasks to queue
[2026-09-18T11:31:56.588+0700] {logging_mixin.py:190} INFO - [2026-09-18T11:31:56.588+0700] {dagbag.py:588} INFO - Filling up the DagBag from /Users/andreasanditya/Downloads/572392_Andreas_AirflowETL/code/.venv/lib/python3.9/site-packages/airflow/example_dags/plugins/listener_plugin.py
[2026-09-18T11:31:56.590+0700] {processor.py:927} WARNING - No viable dags retrieved from /Users/andreasanditya/Downloads/572392_Andreas_AirflowETL/code/.venv/lib/python3.9/site-packages/airflow/example_dags/plugins/listener_plugin.py
[2026-09-18T11:31:56.671+0700] {processor.py:208} INFO - Processing /Users/andreasanditya/Downloads/572392_Andreas_AirflowETL/code/.venv/lib/python3.9/site-packages/airflow/example_dags/plugins/listener_plugin.py took 0.087 seconds
[2026-09-18T11:33:23.581+0700] {processor.py:186} INFO - Started process (PID=20807) to work on /Users/andreasanditya/Downloads/572392_Andreas_AirflowETL/code/.venv/lib/python3.9/site-packages/airflow/example_dags/plugins/listener_plugin.py
[2026-09-18T11:33:23.582+0700] {processor.py:914} INFO - Processing file /Users/andreasanditya/Downloads/572392_Andreas_AirflowETL/code/.venv/lib/python3.9/site-packages/airflow/example_dags/plugins/listener_plugin.py for tasks to queue
[2026-09-18T11:33:23.583+0700] {logging_mixin.py:190} INFO - [2026-09-18T11:33:23.583+0700] {dagbag.py:588} INFO - Filling up the DagBag from /Users/andreasanditya/Downloads/572392_Andreas_AirflowETL/code/.venv/lib/python3.9/site-packages/airflow/example_dags/plugins/listener_plugin.py
[2026-09-18T11:33:23.585+0700] {processor.py:927} WARNING - No viable dags retrieved from /Users/andreasanditya/Downloads/572392_Andreas_AirflowETL/code/.venv/lib/python3.9/site-packages/airflow/example_dags/plugins/listener_plugin.py
[2026-09-18T11:33:23.670+0700] {processor.py:208} INFO - Processing /Users/andreasanditya/Downloads/572392_Andreas_AirflowETL/code/.venv/lib/python3.9/site-packages/airflow/example_dags/plugins/listener_plugin.py took 0.091 seconds
[2026-09-18T11:34:51.260+0700] {processor.py:186} INFO - Started process (PID=21760) to work on /Users/andreasanditya/Downloads/572392_Andreas_AirflowETL/code/.venv/lib/python3.9/site-packages/airflow/example_dags/plugins/listener_plugin.py
[2026-09-18T11:34:51.261+0700] {processor.py:914} INFO - Processing file /Users/andreasanditya/Downloads/572392_Andreas_AirflowETL/code/.venv/lib/python3.9/site-packages/airflow/example_dags/plugins/listener_plugin.py for tasks to queue
[2026-09-18T11:34:51.262+0700] {logging_mixin.py:190} INFO - [2026-09-18T11:34:51.262+0700] {dagbag.py:588} INFO - Filling up the DagBag from /Users/andreasanditya/Downloads/572392_Andreas_AirflowETL/code/.venv/lib/python3.9/site-packages/airflow/example_dags/plugins/listener_plugin.py
[2026-09-18T11:34:51.264+0700] {processor.py:927} WARNING - No viable dags retrieved from /Users/andreasanditya/Downloads/572392_Andreas_AirflowETL/code/.venv/lib/python3.9/site-packages/airflow/example_dags/plugins/listener_plugin.py
[2026-09-18T11:34:51.350+0700] {processor.py:208} INFO - Processing /Users/andreasanditya/Downloads/572392_Andreas_AirflowETL/code/.venv/lib/python3.9/site-packages/airflow/example_dags/plugins/listener_plugin.py took 0.092 seconds
[2026-09-18T11:36:18.439+0700] {processor.py:186} INFO - Started process (PID=22688) to work on /Users/andreasanditya/Downloads/572392_Andreas_AirflowETL/code/.venv/lib/python3.9/site-packages/airflow/example_dags/plugins/listener_plugin.py
[2026-09-18T11:36:18.440+0700] {processor.py:914} INFO - Processing file /Users/andreasanditya/Downloads/572392_Andreas_AirflowETL/code/.venv/lib/python3.9/site-packages/airflow/example_dags/plugins/listener_plugin.py for tasks to queue
[2026-09-18T11:36:18.440+0700] {logging_mixin.py:190} INFO - [2026-09-18T11:36:18.440+0700] {dagbag.py:588} INFO - Filling up the DagBag from /Users/andreasanditya/Downloads/572392_Andreas_AirflowETL/code/.venv/lib/python3.9/site-packages/airflow/example_dags/plugins/listener_plugin.py
[2026-09-18T11:36:18.442+0700] {processor.py:927} WARNING - No viable dags retrieved from /Users/andreasanditya/Downloads/572392_Andreas_AirflowETL/code/.venv/lib/python3.9/site-packages/airflow/example_dags/plugins/listener_plugin.py
[2026-09-18T11:36:18.524+0700] {processor.py:208} INFO - Processing /Users/andreasanditya/Downloads/572392_Andreas_AirflowETL/code/.venv/lib/python3.9/site-packages/airflow/example_dags/plugins/listener_plugin.py took 0.088 seconds
[2026-09-18T11:37:47.397+0700] {processor.py:186} INFO - Started process (PID=23625) to work on /Users/andreasanditya/Downloads/572392_Andreas_AirflowETL/code/.venv/lib/python3.9/site-packages/airflow/example_dags/plugins/listener_plugin.py
[2026-09-18T11:37:47.398+0700] {processor.py:914} INFO - Processing file /Users/andreasanditya/Downloads/572392_Andreas_AirflowETL/code/.venv/lib/python3.9/site-packages/airflow/example_dags/plugins/listener_plugin.py for tasks to queue
[2026-09-18T11:37:47.399+0700] {logging_mixin.py:190} INFO - [2026-09-18T11:37:47.398+0700] {dagbag.py:588} INFO - Filling up the DagBag from /Users/andreasanditya/Downloads/572392_Andreas_AirflowETL/code/.venv/lib/python3.9/site-packages/airflow/example_dags/plugins/listener_plugin.py
[2026-09-18T11:37:47.400+0700] {processor.py:927} WARNING - No viable dags retrieved from /Users/andreasanditya/Downloads/572392_Andreas_AirflowETL/code/.venv/lib/python3.9/site-packages/airflow/example_dags/plugins/listener_plugin.py
[2026-09-18T11:37:47.482+0700] {processor.py:208} INFO - Processing /Users/andreasanditya/Downloads/572392_Andreas_AirflowETL/code/.venv/lib/python3.9/site-packages/airflow/example_dags/plugins/listener_plugin.py took 0.087 seconds
[2026-09-18T11:39:13.699+0700] {processor.py:186} INFO - Started process (PID=24535) to work on /Users/andreasanditya/Downloads/572392_Andreas_AirflowETL/code/.venv/lib/python3.9/site-packages/airflow/example_dags/plugins/listener_plugin.py
[2026-09-18T11:39:13.700+0700] {processor.py:914} INFO - Processing file /Users/andreasanditya/Downloads/572392_Andreas_AirflowETL/code/.venv/lib/python3.9/site-packages/airflow/example_dags/plugins/listener_plugin.py for tasks to queue
[2026-09-18T11:39:13.701+0700] {logging_mixin.py:190} INFO - [2026-09-18T11:39:13.701+0700] {dagbag.py:588} INFO - Filling up the DagBag from /Users/andreasanditya/Downloads/572392_Andreas_AirflowETL/code/.venv/lib/python3.9/site-packages/airflow/example_dags/plugins/listener_plugin.py
[2026-09-18T11:39:13.703+0700] {processor.py:927} WARNING - No viable dags retrieved from /Users/andreasanditya/Downloads/572392_Andreas_AirflowETL/code/.venv/lib/python3.9/site-packages/airflow/example_dags/plugins/listener_plugin.py
[2026-09-18T11:39:13.786+0700] {processor.py:208} INFO - Processing /Users/andreasanditya/Downloads/572392_Andreas_AirflowETL/code/.venv/lib/python3.9/site-packages/airflow/example_dags/plugins/listener_plugin.py took 0.088 seconds
[2026-09-18T11:40:42.315+0700] {processor.py:186} INFO - Started process (PID=25462) to work on /Users/andreasanditya/Downloads/572392_Andreas_AirflowETL/code/.venv/lib/python3.9/site-packages/airflow/example_dags/plugins/listener_plugin.py
[2026-09-18T11:40:42.315+0700] {processor.py:914} INFO - Processing file /Users/andreasanditya/Downloads/572392_Andreas_AirflowETL/code/.venv/lib/python3.9/site-packages/airflow/example_dags/plugins/listener_plugin.py for tasks to queue
[2026-09-18T11:40:42.316+0700] {logging_mixin.py:190} INFO - [2026-09-18T11:40:42.316+0700] {dagbag.py:588} INFO - Filling up the DagBag from /Users/andreasanditya/Downloads/572392_Andreas_AirflowETL/code/.venv/lib/python3.9/site-packages/airflow/example_dags/plugins/listener_plugin.py
[2026-09-18T11:40:42.318+0700] {processor.py:927} WARNING - No viable dags retrieved from /Users/andreasanditya/Downloads/572392_Andreas_AirflowETL/code/.venv/lib/python3.9/site-packages/airflow/example_dags/plugins/listener_plugin.py
[2026-09-18T11:40:42.403+0700] {processor.py:208} INFO - Processing /Users/andreasanditya/Downloads/572392_Andreas_AirflowETL/code/.venv/lib/python3.9/site-packages/airflow/example_dags/plugins/listener_plugin.py took 0.090 seconds
[2026-09-18T11:42:12.885+0700] {processor.py:186} INFO - Started process (PID=26419) to work on /Users/andreasanditya/Downloads/572392_Andreas_AirflowETL/code/.venv/lib/python3.9/site-packages/airflow/example_dags/plugins/listener_plugin.py
[2026-09-18T11:42:12.887+0700] {processor.py:914} INFO - Processing file /Users/andreasanditya/Downloads/572392_Andreas_AirflowETL/code/.venv/lib/python3.9/site-packages/airflow/example_dags/plugins/listener_plugin.py for tasks to queue
[2026-09-18T11:42:12.887+0700] {logging_mixin.py:190} INFO - [2026-09-18T11:42:12.887+0700] {dagbag.py:588} INFO - Filling up the DagBag from /Users/andreasanditya/Downloads/572392_Andreas_AirflowETL/code/.venv/lib/python3.9/site-packages/airflow/example_dags/plugins/listener_plugin.py
[2026-09-18T11:42:12.889+0700] {processor.py:927} WARNING - No viable dags retrieved from /Users/andreasanditya/Downloads/572392_Andreas_AirflowETL/code/.venv/lib/python3.9/site-packages/airflow/example_dags/plugins/listener_plugin.py
[2026-09-18T11:42:12.973+0700] {processor.py:208} INFO - Processing /Users/andreasanditya/Downloads/572392_Andreas_AirflowETL/code/.venv/lib/python3.9/site-packages/airflow/example_dags/plugins/listener_plugin.py took 0.090 seconds
[2026-09-18T11:43:40.048+0700] {processor.py:186} INFO - Started process (PID=27251) to work on /Users/andreasanditya/Downloads/572392_Andreas_AirflowETL/code/.venv/lib/python3.9/site-packages/airflow/example_dags/plugins/listener_plugin.py
[2026-09-18T11:43:40.049+0700] {processor.py:914} INFO - Processing file /Users/andreasanditya/Downloads/572392_Andreas_AirflowETL/code/.venv/lib/python3.9/site-packages/airflow/example_dags/plugins/listener_plugin.py for tasks to queue
[2026-09-18T11:43:40.049+0700] {logging_mixin.py:190} INFO - [2026-09-18T11:43:40.049+0700] {dagbag.py:588} INFO - Filling up the DagBag from /Users/andreasanditya/Downloads/572392_Andreas_AirflowETL/code/.venv/lib/python3.9/site-packages/airflow/example_dags/plugins/listener_plugin.py
[2026-09-18T11:43:40.051+0700] {processor.py:927} WARNING - No viable dags retrieved from /Users/andreasanditya/Downloads/572392_Andreas_AirflowETL/code/.venv/lib/python3.9/site-packages/airflow/example_dags/plugins/listener_plugin.py
[2026-09-18T11:43:40.132+0700] {processor.py:208} INFO - Processing /Users/andreasanditya/Downloads/572392_Andreas_AirflowETL/code/.venv/lib/python3.9/site-packages/airflow/example_dags/plugins/listener_plugin.py took 0.086 seconds
[2026-09-18T11:45:08.260+0700] {processor.py:186} INFO - Started process (PID=28140) to work on /Users/andreasanditya/Downloads/572392_Andreas_AirflowETL/code/.venv/lib/python3.9/site-packages/airflow/example_dags/plugins/listener_plugin.py
[2026-09-18T11:45:08.261+0700] {processor.py:914} INFO - Processing file /Users/andreasanditya/Downloads/572392_Andreas_AirflowETL/code/.venv/lib/python3.9/site-packages/airflow/example_dags/plugins/listener_plugin.py for tasks to queue
[2026-09-18T11:45:08.262+0700] {logging_mixin.py:190} INFO - [2026-09-18T11:45:08.262+0700] {dagbag.py:588} INFO - Filling up the DagBag from /Users/andreasanditya/Downloads/572392_Andreas_AirflowETL/code/.venv/lib/python3.9/site-packages/airflow/example_dags/plugins/listener_plugin.py
[2026-09-18T11:45:08.264+0700] {processor.py:927} WARNING - No viable dags retrieved from /Users/andreasanditya/Downloads/572392_Andreas_AirflowETL/code/.venv/lib/python3.9/site-packages/airflow/example_dags/plugins/listener_plugin.py
[2026-09-18T11:45:08.346+0700] {processor.py:208} INFO - Processing /Users/andreasanditya/Downloads/572392_Andreas_AirflowETL/code/.venv/lib/python3.9/site-packages/airflow/example_dags/plugins/listener_plugin.py took 0.088 seconds
[2026-09-18T11:46:34.449+0700] {processor.py:186} INFO - Started process (PID=28959) to work on /Users/andreasanditya/Downloads/572392_Andreas_AirflowETL/code/.venv/lib/python3.9/site-packages/airflow/example_dags/plugins/listener_plugin.py
[2026-09-18T11:46:34.450+0700] {processor.py:914} INFO - Processing file /Users/andreasanditya/Downloads/572392_Andreas_AirflowETL/code/.venv/lib/python3.9/site-packages/airflow/example_dags/plugins/listener_plugin.py for tasks to queue
[2026-09-18T11:46:34.451+0700] {logging_mixin.py:190} INFO - [2026-09-18T11:46:34.451+0700] {dagbag.py:588} INFO - Filling up the DagBag from /Users/andreasanditya/Downloads/572392_Andreas_AirflowETL/code/.venv/lib/python3.9/site-packages/airflow/example_dags/plugins/listener_plugin.py
[2026-09-18T11:46:34.453+0700] {processor.py:927} WARNING - No viable dags retrieved from /Users/andreasanditya/Downloads/572392_Andreas_AirflowETL/code/.venv/lib/python3.9/site-packages/airflow/example_dags/plugins/listener_plugin.py
[2026-09-18T11:46:34.534+0700] {processor.py:208} INFO - Processing /Users/andreasanditya/Downloads/572392_Andreas_AirflowETL/code/.venv/lib/python3.9/site-packages/airflow/example_dags/plugins/listener_plugin.py took 0.087 seconds
[2026-09-18T11:48:00.487+0700] {processor.py:186} INFO - Started process (PID=29869) to work on /Users/andreasanditya/Downloads/572392_Andreas_AirflowETL/code/.venv/lib/python3.9/site-packages/airflow/example_dags/plugins/listener_plugin.py
[2026-09-18T11:48:00.488+0700] {processor.py:914} INFO - Processing file /Users/andreasanditya/Downloads/572392_Andreas_AirflowETL/code/.venv/lib/python3.9/site-packages/airflow/example_dags/plugins/listener_plugin.py for tasks to queue
[2026-09-18T11:48:00.489+0700] {logging_mixin.py:190} INFO - [2026-09-18T11:48:00.489+0700] {dagbag.py:588} INFO - Filling up the DagBag from /Users/andreasanditya/Downloads/572392_Andreas_AirflowETL/code/.venv/lib/python3.9/site-packages/airflow/example_dags/plugins/listener_plugin.py
[2026-09-18T11:48:00.491+0700] {processor.py:927} WARNING - No viable dags retrieved from /Users/andreasanditya/Downloads/572392_Andreas_AirflowETL/code/.venv/lib/python3.9/site-packages/airflow/example_dags/plugins/listener_plugin.py
[2026-09-18T11:48:00.576+0700] {processor.py:208} INFO - Processing /Users/andreasanditya/Downloads/572392_Andreas_AirflowETL/code/.venv/lib/python3.9/site-packages/airflow/example_dags/plugins/listener_plugin.py took 0.091 seconds
[2026-09-18T11:49:27.535+0700] {processor.py:186} INFO - Started process (PID=30717) to work on /Users/andreasanditya/Downloads/572392_Andreas_AirflowETL/code/.venv/lib/python3.9/site-packages/airflow/example_dags/plugins/listener_plugin.py
[2026-09-18T11:49:27.536+0700] {processor.py:914} INFO - Processing file /Users/andreasanditya/Downloads/572392_Andreas_AirflowETL/code/.venv/lib/python3.9/site-packages/airflow/example_dags/plugins/listener_plugin.py for tasks to queue
[2026-09-18T11:49:27.537+0700] {logging_mixin.py:190} INFO - [2026-09-18T11:49:27.537+0700] {dagbag.py:588} INFO - Filling up the DagBag from /Users/andreasanditya/Downloads/572392_Andreas_AirflowETL/code/.venv/lib/python3.9/site-packages/airflow/example_dags/plugins/listener_plugin.py
[2026-09-18T11:49:27.539+0700] {processor.py:927} WARNING - No viable dags retrieved from /Users/andreasanditya/Downloads/572392_Andreas_AirflowETL/code/.venv/lib/python3.9/site-packages/airflow/example_dags/plugins/listener_plugin.py
[2026-09-18T11:49:27.621+0700] {processor.py:208} INFO - Processing /Users/andreasanditya/Downloads/572392_Andreas_AirflowETL/code/.venv/lib/python3.9/site-packages/airflow/example_dags/plugins/listener_plugin.py took 0.087 seconds
[2026-09-18T11:50:53.640+0700] {processor.py:186} INFO - Started process (PID=31614) to work on /Users/andreasanditya/Downloads/572392_Andreas_AirflowETL/code/.venv/lib/python3.9/site-packages/airflow/example_dags/plugins/listener_plugin.py
[2026-09-18T11:50:53.642+0700] {processor.py:914} INFO - Processing file /Users/andreasanditya/Downloads/572392_Andreas_AirflowETL/code/.venv/lib/python3.9/site-packages/airflow/example_dags/plugins/listener_plugin.py for tasks to queue
[2026-09-18T11:50:53.643+0700] {logging_mixin.py:190} INFO - [2026-09-18T11:50:53.643+0700] {dagbag.py:588} INFO - Filling up the DagBag from /Users/andreasanditya/Downloads/572392_Andreas_AirflowETL/code/.venv/lib/python3.9/site-packages/airflow/example_dags/plugins/listener_plugin.py
[2026-09-18T11:50:53.644+0700] {processor.py:927} WARNING - No viable dags retrieved from /Users/andreasanditya/Downloads/572392_Andreas_AirflowETL/code/.venv/lib/python3.9/site-packages/airflow/example_dags/plugins/listener_plugin.py
[2026-09-18T11:50:53.726+0700] {processor.py:208} INFO - Processing /Users/andreasanditya/Downloads/572392_Andreas_AirflowETL/code/.venv/lib/python3.9/site-packages/airflow/example_dags/plugins/listener_plugin.py took 0.087 seconds
[2026-09-18T11:52:18.500+0700] {processor.py:186} INFO - Started process (PID=32434) to work on /Users/andreasanditya/Downloads/572392_Andreas_AirflowETL/code/.venv/lib/python3.9/site-packages/airflow/example_dags/plugins/listener_plugin.py
[2026-09-18T11:52:18.502+0700] {processor.py:914} INFO - Processing file /Users/andreasanditya/Downloads/572392_Andreas_AirflowETL/code/.venv/lib/python3.9/site-packages/airflow/example_dags/plugins/listener_plugin.py for tasks to queue
[2026-09-18T11:52:18.502+0700] {logging_mixin.py:190} INFO - [2026-09-18T11:52:18.502+0700] {dagbag.py:588} INFO - Filling up the DagBag from /Users/andreasanditya/Downloads/572392_Andreas_AirflowETL/code/.venv/lib/python3.9/site-packages/airflow/example_dags/plugins/listener_plugin.py
[2026-09-18T11:52:18.505+0700] {processor.py:927} WARNING - No viable dags retrieved from /Users/andreasanditya/Downloads/572392_Andreas_AirflowETL/code/.venv/lib/python3.9/site-packages/airflow/example_dags/plugins/listener_plugin.py
[2026-09-18T11:52:18.588+0700] {processor.py:208} INFO - Processing /Users/andreasanditya/Downloads/572392_Andreas_AirflowETL/code/.venv/lib/python3.9/site-packages/airflow/example_dags/plugins/listener_plugin.py took 0.090 seconds
[2026-09-18T11:53:45.417+0700] {processor.py:186} INFO - Started process (PID=33339) to work on /Users/andreasanditya/Downloads/572392_Andreas_AirflowETL/code/.venv/lib/python3.9/site-packages/airflow/example_dags/plugins/listener_plugin.py
[2026-09-18T11:53:45.418+0700] {processor.py:914} INFO - Processing file /Users/andreasanditya/Downloads/572392_Andreas_AirflowETL/code/.venv/lib/python3.9/site-packages/airflow/example_dags/plugins/listener_plugin.py for tasks to queue
[2026-09-18T11:53:45.418+0700] {logging_mixin.py:190} INFO - [2026-09-18T11:53:45.418+0700] {dagbag.py:588} INFO - Filling up the DagBag from /Users/andreasanditya/Downloads/572392_Andreas_AirflowETL/code/.venv/lib/python3.9/site-packages/airflow/example_dags/plugins/listener_plugin.py
[2026-09-18T11:53:45.420+0700] {processor.py:927} WARNING - No viable dags retrieved from /Users/andreasanditya/Downloads/572392_Andreas_AirflowETL/code/.venv/lib/python3.9/site-packages/airflow/example_dags/plugins/listener_plugin.py
[2026-09-18T11:53:45.502+0700] {processor.py:208} INFO - Processing /Users/andreasanditya/Downloads/572392_Andreas_AirflowETL/code/.venv/lib/python3.9/site-packages/airflow/example_dags/plugins/listener_plugin.py took 0.088 seconds
[2026-09-18T11:55:12.675+0700] {processor.py:186} INFO - Started process (PID=34264) to work on /Users/andreasanditya/Downloads/572392_Andreas_AirflowETL/code/.venv/lib/python3.9/site-packages/airflow/example_dags/plugins/listener_plugin.py
[2026-09-18T11:55:12.676+0700] {processor.py:914} INFO - Processing file /Users/andreasanditya/Downloads/572392_Andreas_AirflowETL/code/.venv/lib/python3.9/site-packages/airflow/example_dags/plugins/listener_plugin.py for tasks to queue
[2026-09-18T11:55:12.677+0700] {logging_mixin.py:190} INFO - [2026-09-18T11:55:12.677+0700] {dagbag.py:588} INFO - Filling up the DagBag from /Users/andreasanditya/Downloads/572392_Andreas_AirflowETL/code/.venv/lib/python3.9/site-packages/airflow/example_dags/plugins/listener_plugin.py
[2026-09-18T11:55:12.679+0700] {processor.py:927} WARNING - No viable dags retrieved from /Users/andreasanditya/Downloads/572392_Andreas_AirflowETL/code/.venv/lib/python3.9/site-packages/airflow/example_dags/plugins/listener_plugin.py
[2026-09-18T11:55:12.761+0700] {processor.py:208} INFO - Processing /Users/andreasanditya/Downloads/572392_Andreas_AirflowETL/code/.venv/lib/python3.9/site-packages/airflow/example_dags/plugins/listener_plugin.py took 0.088 seconds
[2026-09-18T11:56:39.821+0700] {processor.py:186} INFO - Started process (PID=35099) to work on /Users/andreasanditya/Downloads/572392_Andreas_AirflowETL/code/.venv/lib/python3.9/site-packages/airflow/example_dags/plugins/listener_plugin.py
[2026-09-18T11:56:39.821+0700] {processor.py:914} INFO - Processing file /Users/andreasanditya/Downloads/572392_Andreas_AirflowETL/code/.venv/lib/python3.9/site-packages/airflow/example_dags/plugins/listener_plugin.py for tasks to queue
[2026-09-18T11:56:39.822+0700] {logging_mixin.py:190} INFO - [2026-09-18T11:56:39.822+0700] {dagbag.py:588} INFO - Filling up the DagBag from /Users/andreasanditya/Downloads/572392_Andreas_AirflowETL/code/.venv/lib/python3.9/site-packages/airflow/example_dags/plugins/listener_plugin.py
[2026-09-18T11:56:39.824+0700] {processor.py:927} WARNING - No viable dags retrieved from /Users/andreasanditya/Downloads/572392_Andreas_AirflowETL/code/.venv/lib/python3.9/site-packages/airflow/example_dags/plugins/listener_plugin.py
[2026-09-18T11:56:39.906+0700] {processor.py:208} INFO - Processing /Users/andreasanditya/Downloads/572392_Andreas_AirflowETL/code/.venv/lib/python3.9/site-packages/airflow/example_dags/plugins/listener_plugin.py took 0.087 seconds
[2026-09-18T11:58:07.442+0700] {processor.py:186} INFO - Started process (PID=35997) to work on /Users/andreasanditya/Downloads/572392_Andreas_AirflowETL/code/.venv/lib/python3.9/site-packages/airflow/example_dags/plugins/listener_plugin.py
[2026-09-18T11:58:07.443+0700] {processor.py:914} INFO - Processing file /Users/andreasanditya/Downloads/572392_Andreas_AirflowETL/code/.venv/lib/python3.9/site-packages/airflow/example_dags/plugins/listener_plugin.py for tasks to queue
[2026-09-18T11:58:07.444+0700] {logging_mixin.py:190} INFO - [2026-09-18T11:58:07.443+0700] {dagbag.py:588} INFO - Filling up the DagBag from /Users/andreasanditya/Downloads/572392_Andreas_AirflowETL/code/.venv/lib/python3.9/site-packages/airflow/example_dags/plugins/listener_plugin.py
[2026-09-18T11:58:07.445+0700] {processor.py:927} WARNING - No viable dags retrieved from /Users/andreasanditya/Downloads/572392_Andreas_AirflowETL/code/.venv/lib/python3.9/site-packages/airflow/example_dags/plugins/listener_plugin.py
[2026-09-18T11:58:07.526+0700] {processor.py:208} INFO - Processing /Users/andreasanditya/Downloads/572392_Andreas_AirflowETL/code/.venv/lib/python3.9/site-packages/airflow/example_dags/plugins/listener_plugin.py took 0.086 seconds
[2026-09-18T11:59:31.513+0700] {processor.py:186} INFO - Started process (PID=36818) to work on /Users/andreasanditya/Downloads/572392_Andreas_AirflowETL/code/.venv/lib/python3.9/site-packages/airflow/example_dags/plugins/listener_plugin.py
[2026-09-18T11:59:31.514+0700] {processor.py:914} INFO - Processing file /Users/andreasanditya/Downloads/572392_Andreas_AirflowETL/code/.venv/lib/python3.9/site-packages/airflow/example_dags/plugins/listener_plugin.py for tasks to queue
[2026-09-18T11:59:31.514+0700] {logging_mixin.py:190} INFO - [2026-09-18T11:59:31.514+0700] {dagbag.py:588} INFO - Filling up the DagBag from /Users/andreasanditya/Downloads/572392_Andreas_AirflowETL/code/.venv/lib/python3.9/site-packages/airflow/example_dags/plugins/listener_plugin.py
[2026-09-18T11:59:31.516+0700] {processor.py:927} WARNING - No viable dags retrieved from /Users/andreasanditya/Downloads/572392_Andreas_AirflowETL/code/.venv/lib/python3.9/site-packages/airflow/example_dags/plugins/listener_plugin.py
[2026-09-18T11:59:31.597+0700] {processor.py:208} INFO - Processing /Users/andreasanditya/Downloads/572392_Andreas_AirflowETL/code/.venv/lib/python3.9/site-packages/airflow/example_dags/plugins/listener_plugin.py took 0.087 seconds
[2026-09-18T12:00:58.150+0700] {processor.py:186} INFO - Started process (PID=37739) to work on /Users/andreasanditya/Downloads/572392_Andreas_AirflowETL/code/.venv/lib/python3.9/site-packages/airflow/example_dags/plugins/listener_plugin.py
[2026-09-18T12:00:58.151+0700] {processor.py:914} INFO - Processing file /Users/andreasanditya/Downloads/572392_Andreas_AirflowETL/code/.venv/lib/python3.9/site-packages/airflow/example_dags/plugins/listener_plugin.py for tasks to queue
[2026-09-18T12:00:58.152+0700] {logging_mixin.py:190} INFO - [2026-09-18T12:00:58.152+0700] {dagbag.py:588} INFO - Filling up the DagBag from /Users/andreasanditya/Downloads/572392_Andreas_AirflowETL/code/.venv/lib/python3.9/site-packages/airflow/example_dags/plugins/listener_plugin.py
[2026-09-18T12:00:58.154+0700] {processor.py:927} WARNING - No viable dags retrieved from /Users/andreasanditya/Downloads/572392_Andreas_AirflowETL/code/.venv/lib/python3.9/site-packages/airflow/example_dags/plugins/listener_plugin.py
[2026-09-18T12:00:58.236+0700] {processor.py:208} INFO - Processing /Users/andreasanditya/Downloads/572392_Andreas_AirflowETL/code/.venv/lib/python3.9/site-packages/airflow/example_dags/plugins/listener_plugin.py took 0.088 seconds
[2026-09-18T12:02:25.369+0700] {processor.py:186} INFO - Started process (PID=38563) to work on /Users/andreasanditya/Downloads/572392_Andreas_AirflowETL/code/.venv/lib/python3.9/site-packages/airflow/example_dags/plugins/listener_plugin.py
[2026-09-18T12:02:25.371+0700] {processor.py:914} INFO - Processing file /Users/andreasanditya/Downloads/572392_Andreas_AirflowETL/code/.venv/lib/python3.9/site-packages/airflow/example_dags/plugins/listener_plugin.py for tasks to queue
[2026-09-18T12:02:25.371+0700] {logging_mixin.py:190} INFO - [2026-09-18T12:02:25.371+0700] {dagbag.py:588} INFO - Filling up the DagBag from /Users/andreasanditya/Downloads/572392_Andreas_AirflowETL/code/.venv/lib/python3.9/site-packages/airflow/example_dags/plugins/listener_plugin.py
[2026-09-18T12:02:25.373+0700] {processor.py:927} WARNING - No viable dags retrieved from /Users/andreasanditya/Downloads/572392_Andreas_AirflowETL/code/.venv/lib/python3.9/site-packages/airflow/example_dags/plugins/listener_plugin.py
[2026-09-18T12:02:25.456+0700] {processor.py:208} INFO - Processing /Users/andreasanditya/Downloads/572392_Andreas_AirflowETL/code/.venv/lib/python3.9/site-packages/airflow/example_dags/plugins/listener_plugin.py took 0.089 seconds
[2026-09-18T12:03:52.483+0700] {processor.py:186} INFO - Started process (PID=39485) to work on /Users/andreasanditya/Downloads/572392_Andreas_AirflowETL/code/.venv/lib/python3.9/site-packages/airflow/example_dags/plugins/listener_plugin.py
[2026-09-18T12:03:52.483+0700] {processor.py:914} INFO - Processing file /Users/andreasanditya/Downloads/572392_Andreas_AirflowETL/code/.venv/lib/python3.9/site-packages/airflow/example_dags/plugins/listener_plugin.py for tasks to queue
[2026-09-18T12:03:52.484+0700] {logging_mixin.py:190} INFO - [2026-09-18T12:03:52.484+0700] {dagbag.py:588} INFO - Filling up the DagBag from /Users/andreasanditya/Downloads/572392_Andreas_AirflowETL/code/.venv/lib/python3.9/site-packages/airflow/example_dags/plugins/listener_plugin.py
[2026-09-18T12:03:52.485+0700] {processor.py:927} WARNING - No viable dags retrieved from /Users/andreasanditya/Downloads/572392_Andreas_AirflowETL/code/.venv/lib/python3.9/site-packages/airflow/example_dags/plugins/listener_plugin.py
[2026-09-18T12:03:52.566+0700] {processor.py:208} INFO - Processing /Users/andreasanditya/Downloads/572392_Andreas_AirflowETL/code/.venv/lib/python3.9/site-packages/airflow/example_dags/plugins/listener_plugin.py took 0.086 seconds
[2026-09-18T12:05:18.515+0700] {processor.py:186} INFO - Started process (PID=40311) to work on /Users/andreasanditya/Downloads/572392_Andreas_AirflowETL/code/.venv/lib/python3.9/site-packages/airflow/example_dags/plugins/listener_plugin.py
[2026-09-18T12:05:18.516+0700] {processor.py:914} INFO - Processing file /Users/andreasanditya/Downloads/572392_Andreas_AirflowETL/code/.venv/lib/python3.9/site-packages/airflow/example_dags/plugins/listener_plugin.py for tasks to queue
[2026-09-18T12:05:18.517+0700] {logging_mixin.py:190} INFO - [2026-09-18T12:05:18.517+0700] {dagbag.py:588} INFO - Filling up the DagBag from /Users/andreasanditya/Downloads/572392_Andreas_AirflowETL/code/.venv/lib/python3.9/site-packages/airflow/example_dags/plugins/listener_plugin.py
[2026-09-18T12:05:18.518+0700] {processor.py:927} WARNING - No viable dags retrieved from /Users/andreasanditya/Downloads/572392_Andreas_AirflowETL/code/.venv/lib/python3.9/site-packages/airflow/example_dags/plugins/listener_plugin.py
[2026-09-18T12:05:18.602+0700] {processor.py:208} INFO - Processing /Users/andreasanditya/Downloads/572392_Andreas_AirflowETL/code/.venv/lib/python3.9/site-packages/airflow/example_dags/plugins/listener_plugin.py took 0.089 seconds
[2026-09-18T12:06:45.805+0700] {processor.py:186} INFO - Started process (PID=41229) to work on /Users/andreasanditya/Downloads/572392_Andreas_AirflowETL/code/.venv/lib/python3.9/site-packages/airflow/example_dags/plugins/listener_plugin.py
[2026-09-18T12:06:45.806+0700] {processor.py:914} INFO - Processing file /Users/andreasanditya/Downloads/572392_Andreas_AirflowETL/code/.venv/lib/python3.9/site-packages/airflow/example_dags/plugins/listener_plugin.py for tasks to queue
[2026-09-18T12:06:45.807+0700] {logging_mixin.py:190} INFO - [2026-09-18T12:06:45.807+0700] {dagbag.py:588} INFO - Filling up the DagBag from /Users/andreasanditya/Downloads/572392_Andreas_AirflowETL/code/.venv/lib/python3.9/site-packages/airflow/example_dags/plugins/listener_plugin.py
[2026-09-18T12:06:45.809+0700] {processor.py:927} WARNING - No viable dags retrieved from /Users/andreasanditya/Downloads/572392_Andreas_AirflowETL/code/.venv/lib/python3.9/site-packages/airflow/example_dags/plugins/listener_plugin.py
[2026-09-18T12:06:45.892+0700] {processor.py:208} INFO - Processing /Users/andreasanditya/Downloads/572392_Andreas_AirflowETL/code/.venv/lib/python3.9/site-packages/airflow/example_dags/plugins/listener_plugin.py took 0.089 seconds
[2026-09-18T12:08:14.347+0700] {processor.py:186} INFO - Started process (PID=42139) to work on /Users/andreasanditya/Downloads/572392_Andreas_AirflowETL/code/.venv/lib/python3.9/site-packages/airflow/example_dags/plugins/listener_plugin.py
[2026-09-18T12:08:14.348+0700] {processor.py:914} INFO - Processing file /Users/andreasanditya/Downloads/572392_Andreas_AirflowETL/code/.venv/lib/python3.9/site-packages/airflow/example_dags/plugins/listener_plugin.py for tasks to queue
[2026-09-18T12:08:14.349+0700] {logging_mixin.py:190} INFO - [2026-09-18T12:08:14.349+0700] {dagbag.py:588} INFO - Filling up the DagBag from /Users/andreasanditya/Downloads/572392_Andreas_AirflowETL/code/.venv/lib/python3.9/site-packages/airflow/example_dags/plugins/listener_plugin.py
[2026-09-18T12:08:14.350+0700] {processor.py:927} WARNING - No viable dags retrieved from /Users/andreasanditya/Downloads/572392_Andreas_AirflowETL/code/.venv/lib/python3.9/site-packages/airflow/example_dags/plugins/listener_plugin.py
[2026-09-18T12:08:14.433+0700] {processor.py:208} INFO - Processing /Users/andreasanditya/Downloads/572392_Andreas_AirflowETL/code/.venv/lib/python3.9/site-packages/airflow/example_dags/plugins/listener_plugin.py took 0.088 seconds
[2026-09-18T12:09:41.141+0700] {processor.py:186} INFO - Started process (PID=42977) to work on /Users/andreasanditya/Downloads/572392_Andreas_AirflowETL/code/.venv/lib/python3.9/site-packages/airflow/example_dags/plugins/listener_plugin.py
[2026-09-18T12:09:41.142+0700] {processor.py:914} INFO - Processing file /Users/andreasanditya/Downloads/572392_Andreas_AirflowETL/code/.venv/lib/python3.9/site-packages/airflow/example_dags/plugins/listener_plugin.py for tasks to queue
[2026-09-18T12:09:41.143+0700] {logging_mixin.py:190} INFO - [2026-09-18T12:09:41.143+0700] {dagbag.py:588} INFO - Filling up the DagBag from /Users/andreasanditya/Downloads/572392_Andreas_AirflowETL/code/.venv/lib/python3.9/site-packages/airflow/example_dags/plugins/listener_plugin.py
[2026-09-18T12:09:41.145+0700] {processor.py:927} WARNING - No viable dags retrieved from /Users/andreasanditya/Downloads/572392_Andreas_AirflowETL/code/.venv/lib/python3.9/site-packages/airflow/example_dags/plugins/listener_plugin.py
[2026-09-18T12:09:41.228+0700] {processor.py:208} INFO - Processing /Users/andreasanditya/Downloads/572392_Andreas_AirflowETL/code/.venv/lib/python3.9/site-packages/airflow/example_dags/plugins/listener_plugin.py took 0.089 seconds
[2026-09-18T12:11:06.893+0700] {processor.py:186} INFO - Started process (PID=43866) to work on /Users/andreasanditya/Downloads/572392_Andreas_AirflowETL/code/.venv/lib/python3.9/site-packages/airflow/example_dags/plugins/listener_plugin.py
[2026-09-18T12:11:06.894+0700] {processor.py:914} INFO - Processing file /Users/andreasanditya/Downloads/572392_Andreas_AirflowETL/code/.venv/lib/python3.9/site-packages/airflow/example_dags/plugins/listener_plugin.py for tasks to queue
[2026-09-18T12:11:06.895+0700] {logging_mixin.py:190} INFO - [2026-09-18T12:11:06.895+0700] {dagbag.py:588} INFO - Filling up the DagBag from /Users/andreasanditya/Downloads/572392_Andreas_AirflowETL/code/.venv/lib/python3.9/site-packages/airflow/example_dags/plugins/listener_plugin.py
[2026-09-18T12:11:06.897+0700] {processor.py:927} WARNING - No viable dags retrieved from /Users/andreasanditya/Downloads/572392_Andreas_AirflowETL/code/.venv/lib/python3.9/site-packages/airflow/example_dags/plugins/listener_plugin.py
[2026-09-18T12:11:06.979+0700] {processor.py:208} INFO - Processing /Users/andreasanditya/Downloads/572392_Andreas_AirflowETL/code/.venv/lib/python3.9/site-packages/airflow/example_dags/plugins/listener_plugin.py took 0.088 seconds
[2026-09-18T12:12:36.649+0700] {processor.py:186} INFO - Started process (PID=44780) to work on /Users/andreasanditya/Downloads/572392_Andreas_AirflowETL/code/.venv/lib/python3.9/site-packages/airflow/example_dags/plugins/listener_plugin.py
[2026-09-18T12:12:36.650+0700] {processor.py:914} INFO - Processing file /Users/andreasanditya/Downloads/572392_Andreas_AirflowETL/code/.venv/lib/python3.9/site-packages/airflow/example_dags/plugins/listener_plugin.py for tasks to queue
[2026-09-18T12:12:36.651+0700] {logging_mixin.py:190} INFO - [2026-09-18T12:12:36.651+0700] {dagbag.py:588} INFO - Filling up the DagBag from /Users/andreasanditya/Downloads/572392_Andreas_AirflowETL/code/.venv/lib/python3.9/site-packages/airflow/example_dags/plugins/listener_plugin.py
[2026-09-18T12:12:36.653+0700] {processor.py:927} WARNING - No viable dags retrieved from /Users/andreasanditya/Downloads/572392_Andreas_AirflowETL/code/.venv/lib/python3.9/site-packages/airflow/example_dags/plugins/listener_plugin.py
[2026-09-18T12:12:36.738+0700] {processor.py:208} INFO - Processing /Users/andreasanditya/Downloads/572392_Andreas_AirflowETL/code/.venv/lib/python3.9/site-packages/airflow/example_dags/plugins/listener_plugin.py took 0.092 seconds
[2026-09-18T12:14:05.621+0700] {processor.py:186} INFO - Started process (PID=46459) to work on /Users/andreasanditya/Downloads/572392_Andreas_AirflowETL/code/.venv/lib/python3.9/site-packages/airflow/example_dags/plugins/listener_plugin.py
[2026-09-18T12:14:05.622+0700] {processor.py:914} INFO - Processing file /Users/andreasanditya/Downloads/572392_Andreas_AirflowETL/code/.venv/lib/python3.9/site-packages/airflow/example_dags/plugins/listener_plugin.py for tasks to queue
[2026-09-18T12:14:05.623+0700] {logging_mixin.py:190} INFO - [2026-09-18T12:14:05.623+0700] {dagbag.py:588} INFO - Filling up the DagBag from /Users/andreasanditya/Downloads/572392_Andreas_AirflowETL/code/.venv/lib/python3.9/site-packages/airflow/example_dags/plugins/listener_plugin.py
[2026-09-18T12:14:05.626+0700] {processor.py:927} WARNING - No viable dags retrieved from /Users/andreasanditya/Downloads/572392_Andreas_AirflowETL/code/.venv/lib/python3.9/site-packages/airflow/example_dags/plugins/listener_plugin.py
[2026-09-18T12:14:05.724+0700] {processor.py:208} INFO - Processing /Users/andreasanditya/Downloads/572392_Andreas_AirflowETL/code/.venv/lib/python3.9/site-packages/airflow/example_dags/plugins/listener_plugin.py took 0.105 seconds
[2026-09-18T12:15:32.950+0700] {processor.py:186} INFO - Started process (PID=47812) to work on /Users/andreasanditya/Downloads/572392_Andreas_AirflowETL/code/.venv/lib/python3.9/site-packages/airflow/example_dags/plugins/listener_plugin.py
[2026-09-18T12:15:32.951+0700] {processor.py:914} INFO - Processing file /Users/andreasanditya/Downloads/572392_Andreas_AirflowETL/code/.venv/lib/python3.9/site-packages/airflow/example_dags/plugins/listener_plugin.py for tasks to queue
[2026-09-18T12:15:32.951+0700] {logging_mixin.py:190} INFO - [2026-09-18T12:15:32.951+0700] {dagbag.py:588} INFO - Filling up the DagBag from /Users/andreasanditya/Downloads/572392_Andreas_AirflowETL/code/.venv/lib/python3.9/site-packages/airflow/example_dags/plugins/listener_plugin.py
[2026-09-18T12:15:32.953+0700] {processor.py:927} WARNING - No viable dags retrieved from /Users/andreasanditya/Downloads/572392_Andreas_AirflowETL/code/.venv/lib/python3.9/site-packages/airflow/example_dags/plugins/listener_plugin.py
[2026-09-18T12:15:33.035+0700] {processor.py:208} INFO - Processing /Users/andreasanditya/Downloads/572392_Andreas_AirflowETL/code/.venv/lib/python3.9/site-packages/airflow/example_dags/plugins/listener_plugin.py took 0.087 seconds
[2026-09-18T12:17:00.509+0700] {processor.py:186} INFO - Started process (PID=49287) to work on /Users/andreasanditya/Downloads/572392_Andreas_AirflowETL/code/.venv/lib/python3.9/site-packages/airflow/example_dags/plugins/listener_plugin.py
[2026-09-18T12:17:00.510+0700] {processor.py:914} INFO - Processing file /Users/andreasanditya/Downloads/572392_Andreas_AirflowETL/code/.venv/lib/python3.9/site-packages/airflow/example_dags/plugins/listener_plugin.py for tasks to queue
[2026-09-18T12:17:00.511+0700] {logging_mixin.py:190} INFO - [2026-09-18T12:17:00.511+0700] {dagbag.py:588} INFO - Filling up the DagBag from /Users/andreasanditya/Downloads/572392_Andreas_AirflowETL/code/.venv/lib/python3.9/site-packages/airflow/example_dags/plugins/listener_plugin.py
[2026-09-18T12:17:00.513+0700] {processor.py:927} WARNING - No viable dags retrieved from /Users/andreasanditya/Downloads/572392_Andreas_AirflowETL/code/.venv/lib/python3.9/site-packages/airflow/example_dags/plugins/listener_plugin.py
[2026-09-18T12:17:00.594+0700] {processor.py:208} INFO - Processing /Users/andreasanditya/Downloads/572392_Andreas_AirflowETL/code/.venv/lib/python3.9/site-packages/airflow/example_dags/plugins/listener_plugin.py took 0.086 seconds
[2026-09-18T12:18:30.506+0700] {processor.py:186} INFO - Started process (PID=50768) to work on /Users/andreasanditya/Downloads/572392_Andreas_AirflowETL/code/.venv/lib/python3.9/site-packages/airflow/example_dags/plugins/listener_plugin.py
[2026-09-18T12:18:30.507+0700] {processor.py:914} INFO - Processing file /Users/andreasanditya/Downloads/572392_Andreas_AirflowETL/code/.venv/lib/python3.9/site-packages/airflow/example_dags/plugins/listener_plugin.py for tasks to queue
[2026-09-18T12:18:30.508+0700] {logging_mixin.py:190} INFO - [2026-09-18T12:18:30.507+0700] {dagbag.py:588} INFO - Filling up the DagBag from /Users/andreasanditya/Downloads/572392_Andreas_AirflowETL/code/.venv/lib/python3.9/site-packages/airflow/example_dags/plugins/listener_plugin.py
[2026-09-18T12:18:30.509+0700] {processor.py:927} WARNING - No viable dags retrieved from /Users/andreasanditya/Downloads/572392_Andreas_AirflowETL/code/.venv/lib/python3.9/site-packages/airflow/example_dags/plugins/listener_plugin.py
[2026-09-18T12:18:30.592+0700] {processor.py:208} INFO - Processing /Users/andreasanditya/Downloads/572392_Andreas_AirflowETL/code/.venv/lib/python3.9/site-packages/airflow/example_dags/plugins/listener_plugin.py took 0.087 seconds
[2026-09-18T12:19:58.758+0700] {processor.py:186} INFO - Started process (PID=52419) to work on /Users/andreasanditya/Downloads/572392_Andreas_AirflowETL/code/.venv/lib/python3.9/site-packages/airflow/example_dags/plugins/listener_plugin.py
[2026-09-18T12:19:58.759+0700] {processor.py:914} INFO - Processing file /Users/andreasanditya/Downloads/572392_Andreas_AirflowETL/code/.venv/lib/python3.9/site-packages/airflow/example_dags/plugins/listener_plugin.py for tasks to queue
[2026-09-18T12:19:58.760+0700] {logging_mixin.py:190} INFO - [2026-09-18T12:19:58.760+0700] {dagbag.py:588} INFO - Filling up the DagBag from /Users/andreasanditya/Downloads/572392_Andreas_AirflowETL/code/.venv/lib/python3.9/site-packages/airflow/example_dags/plugins/listener_plugin.py
[2026-09-18T12:19:58.761+0700] {processor.py:927} WARNING - No viable dags retrieved from /Users/andreasanditya/Downloads/572392_Andreas_AirflowETL/code/.venv/lib/python3.9/site-packages/airflow/example_dags/plugins/listener_plugin.py
[2026-09-18T12:19:58.843+0700] {processor.py:208} INFO - Processing /Users/andreasanditya/Downloads/572392_Andreas_AirflowETL/code/.venv/lib/python3.9/site-packages/airflow/example_dags/plugins/listener_plugin.py took 0.087 seconds
[2026-09-18T12:21:26.644+0700] {processor.py:186} INFO - Started process (PID=53648) to work on /Users/andreasanditya/Downloads/572392_Andreas_AirflowETL/code/.venv/lib/python3.9/site-packages/airflow/example_dags/plugins/listener_plugin.py
[2026-09-18T12:21:26.645+0700] {processor.py:914} INFO - Processing file /Users/andreasanditya/Downloads/572392_Andreas_AirflowETL/code/.venv/lib/python3.9/site-packages/airflow/example_dags/plugins/listener_plugin.py for tasks to queue
[2026-09-18T12:21:26.646+0700] {logging_mixin.py:190} INFO - [2026-09-18T12:21:26.646+0700] {dagbag.py:588} INFO - Filling up the DagBag from /Users/andreasanditya/Downloads/572392_Andreas_AirflowETL/code/.venv/lib/python3.9/site-packages/airflow/example_dags/plugins/listener_plugin.py
[2026-09-18T12:21:26.648+0700] {processor.py:927} WARNING - No viable dags retrieved from /Users/andreasanditya/Downloads/572392_Andreas_AirflowETL/code/.venv/lib/python3.9/site-packages/airflow/example_dags/plugins/listener_plugin.py
[2026-09-18T12:21:26.730+0700] {processor.py:208} INFO - Processing /Users/andreasanditya/Downloads/572392_Andreas_AirflowETL/code/.venv/lib/python3.9/site-packages/airflow/example_dags/plugins/listener_plugin.py took 0.087 seconds
[2026-09-18T12:22:53.621+0700] {processor.py:186} INFO - Started process (PID=54466) to work on /Users/andreasanditya/Downloads/572392_Andreas_AirflowETL/code/.venv/lib/python3.9/site-packages/airflow/example_dags/plugins/listener_plugin.py
[2026-09-18T12:22:53.622+0700] {processor.py:914} INFO - Processing file /Users/andreasanditya/Downloads/572392_Andreas_AirflowETL/code/.venv/lib/python3.9/site-packages/airflow/example_dags/plugins/listener_plugin.py for tasks to queue
[2026-09-18T12:22:53.623+0700] {logging_mixin.py:190} INFO - [2026-09-18T12:22:53.623+0700] {dagbag.py:588} INFO - Filling up the DagBag from /Users/andreasanditya/Downloads/572392_Andreas_AirflowETL/code/.venv/lib/python3.9/site-packages/airflow/example_dags/plugins/listener_plugin.py
[2026-09-18T12:22:53.625+0700] {processor.py:927} WARNING - No viable dags retrieved from /Users/andreasanditya/Downloads/572392_Andreas_AirflowETL/code/.venv/lib/python3.9/site-packages/airflow/example_dags/plugins/listener_plugin.py
[2026-09-18T12:22:53.708+0700] {processor.py:208} INFO - Processing /Users/andreasanditya/Downloads/572392_Andreas_AirflowETL/code/.venv/lib/python3.9/site-packages/airflow/example_dags/plugins/listener_plugin.py took 0.089 seconds
[2026-09-18T12:24:20.024+0700] {processor.py:186} INFO - Started process (PID=55402) to work on /Users/andreasanditya/Downloads/572392_Andreas_AirflowETL/code/.venv/lib/python3.9/site-packages/airflow/example_dags/plugins/listener_plugin.py
[2026-09-18T12:24:20.025+0700] {processor.py:914} INFO - Processing file /Users/andreasanditya/Downloads/572392_Andreas_AirflowETL/code/.venv/lib/python3.9/site-packages/airflow/example_dags/plugins/listener_plugin.py for tasks to queue
[2026-09-18T12:24:20.026+0700] {logging_mixin.py:190} INFO - [2026-09-18T12:24:20.025+0700] {dagbag.py:588} INFO - Filling up the DagBag from /Users/andreasanditya/Downloads/572392_Andreas_AirflowETL/code/.venv/lib/python3.9/site-packages/airflow/example_dags/plugins/listener_plugin.py
[2026-09-18T12:24:20.027+0700] {processor.py:927} WARNING - No viable dags retrieved from /Users/andreasanditya/Downloads/572392_Andreas_AirflowETL/code/.venv/lib/python3.9/site-packages/airflow/example_dags/plugins/listener_plugin.py
[2026-09-18T12:24:20.109+0700] {processor.py:208} INFO - Processing /Users/andreasanditya/Downloads/572392_Andreas_AirflowETL/code/.venv/lib/python3.9/site-packages/airflow/example_dags/plugins/listener_plugin.py took 0.087 seconds
[2026-09-18T12:25:46.618+0700] {processor.py:186} INFO - Started process (PID=56309) to work on /Users/andreasanditya/Downloads/572392_Andreas_AirflowETL/code/.venv/lib/python3.9/site-packages/airflow/example_dags/plugins/listener_plugin.py
[2026-09-18T12:25:46.619+0700] {processor.py:914} INFO - Processing file /Users/andreasanditya/Downloads/572392_Andreas_AirflowETL/code/.venv/lib/python3.9/site-packages/airflow/example_dags/plugins/listener_plugin.py for tasks to queue
[2026-09-18T12:25:46.619+0700] {logging_mixin.py:190} INFO - [2026-09-18T12:25:46.619+0700] {dagbag.py:588} INFO - Filling up the DagBag from /Users/andreasanditya/Downloads/572392_Andreas_AirflowETL/code/.venv/lib/python3.9/site-packages/airflow/example_dags/plugins/listener_plugin.py
[2026-09-18T12:25:46.621+0700] {processor.py:927} WARNING - No viable dags retrieved from /Users/andreasanditya/Downloads/572392_Andreas_AirflowETL/code/.venv/lib/python3.9/site-packages/airflow/example_dags/plugins/listener_plugin.py
[2026-09-18T12:25:46.702+0700] {processor.py:208} INFO - Processing /Users/andreasanditya/Downloads/572392_Andreas_AirflowETL/code/.venv/lib/python3.9/site-packages/airflow/example_dags/plugins/listener_plugin.py took 0.086 seconds
[2026-09-18T12:27:12.459+0700] {processor.py:186} INFO - Started process (PID=57230) to work on /Users/andreasanditya/Downloads/572392_Andreas_AirflowETL/code/.venv/lib/python3.9/site-packages/airflow/example_dags/plugins/listener_plugin.py
[2026-09-18T12:27:12.460+0700] {processor.py:914} INFO - Processing file /Users/andreasanditya/Downloads/572392_Andreas_AirflowETL/code/.venv/lib/python3.9/site-packages/airflow/example_dags/plugins/listener_plugin.py for tasks to queue
[2026-09-18T12:27:12.461+0700] {logging_mixin.py:190} INFO - [2026-09-18T12:27:12.461+0700] {dagbag.py:588} INFO - Filling up the DagBag from /Users/andreasanditya/Downloads/572392_Andreas_AirflowETL/code/.venv/lib/python3.9/site-packages/airflow/example_dags/plugins/listener_plugin.py
[2026-09-18T12:27:12.463+0700] {processor.py:927} WARNING - No viable dags retrieved from /Users/andreasanditya/Downloads/572392_Andreas_AirflowETL/code/.venv/lib/python3.9/site-packages/airflow/example_dags/plugins/listener_plugin.py
[2026-09-18T12:27:12.545+0700] {processor.py:208} INFO - Processing /Users/andreasanditya/Downloads/572392_Andreas_AirflowETL/code/.venv/lib/python3.9/site-packages/airflow/example_dags/plugins/listener_plugin.py took 0.088 seconds
[2026-09-18T12:28:40.455+0700] {processor.py:186} INFO - Started process (PID=58163) to work on /Users/andreasanditya/Downloads/572392_Andreas_AirflowETL/code/.venv/lib/python3.9/site-packages/airflow/example_dags/plugins/listener_plugin.py
[2026-09-18T12:28:40.457+0700] {processor.py:914} INFO - Processing file /Users/andreasanditya/Downloads/572392_Andreas_AirflowETL/code/.venv/lib/python3.9/site-packages/airflow/example_dags/plugins/listener_plugin.py for tasks to queue
[2026-09-18T12:28:40.458+0700] {logging_mixin.py:190} INFO - [2026-09-18T12:28:40.458+0700] {dagbag.py:588} INFO - Filling up the DagBag from /Users/andreasanditya/Downloads/572392_Andreas_AirflowETL/code/.venv/lib/python3.9/site-packages/airflow/example_dags/plugins/listener_plugin.py
[2026-09-18T12:28:40.460+0700] {processor.py:927} WARNING - No viable dags retrieved from /Users/andreasanditya/Downloads/572392_Andreas_AirflowETL/code/.venv/lib/python3.9/site-packages/airflow/example_dags/plugins/listener_plugin.py
[2026-09-18T12:28:40.541+0700] {processor.py:208} INFO - Processing /Users/andreasanditya/Downloads/572392_Andreas_AirflowETL/code/.venv/lib/python3.9/site-packages/airflow/example_dags/plugins/listener_plugin.py took 0.088 seconds
[2026-09-18T12:30:02.742+0700] {processor.py:186} INFO - Started process (PID=59001) to work on /Users/andreasanditya/Downloads/572392_Andreas_AirflowETL/code/.venv/lib/python3.9/site-packages/airflow/example_dags/plugins/listener_plugin.py
[2026-09-18T12:30:02.743+0700] {processor.py:914} INFO - Processing file /Users/andreasanditya/Downloads/572392_Andreas_AirflowETL/code/.venv/lib/python3.9/site-packages/airflow/example_dags/plugins/listener_plugin.py for tasks to queue
[2026-09-18T12:30:02.744+0700] {logging_mixin.py:190} INFO - [2026-09-18T12:30:02.744+0700] {dagbag.py:588} INFO - Filling up the DagBag from /Users/andreasanditya/Downloads/572392_Andreas_AirflowETL/code/.venv/lib/python3.9/site-packages/airflow/example_dags/plugins/listener_plugin.py
[2026-09-18T12:30:02.746+0700] {processor.py:927} WARNING - No viable dags retrieved from /Users/andreasanditya/Downloads/572392_Andreas_AirflowETL/code/.venv/lib/python3.9/site-packages/airflow/example_dags/plugins/listener_plugin.py
[2026-09-18T12:30:02.826+0700] {processor.py:208} INFO - Processing /Users/andreasanditya/Downloads/572392_Andreas_AirflowETL/code/.venv/lib/python3.9/site-packages/airflow/example_dags/plugins/listener_plugin.py took 0.086 seconds
[2026-09-18T12:31:27.221+0700] {processor.py:186} INFO - Started process (PID=59830) to work on /Users/andreasanditya/Downloads/572392_Andreas_AirflowETL/code/.venv/lib/python3.9/site-packages/airflow/example_dags/plugins/listener_plugin.py
[2026-09-18T12:31:27.223+0700] {processor.py:914} INFO - Processing file /Users/andreasanditya/Downloads/572392_Andreas_AirflowETL/code/.venv/lib/python3.9/site-packages/airflow/example_dags/plugins/listener_plugin.py for tasks to queue
[2026-09-18T12:31:27.223+0700] {logging_mixin.py:190} INFO - [2026-09-18T12:31:27.223+0700] {dagbag.py:588} INFO - Filling up the DagBag from /Users/andreasanditya/Downloads/572392_Andreas_AirflowETL/code/.venv/lib/python3.9/site-packages/airflow/example_dags/plugins/listener_plugin.py
[2026-09-18T12:31:27.225+0700] {processor.py:927} WARNING - No viable dags retrieved from /Users/andreasanditya/Downloads/572392_Andreas_AirflowETL/code/.venv/lib/python3.9/site-packages/airflow/example_dags/plugins/listener_plugin.py
[2026-09-18T12:31:27.306+0700] {processor.py:208} INFO - Processing /Users/andreasanditya/Downloads/572392_Andreas_AirflowETL/code/.venv/lib/python3.9/site-packages/airflow/example_dags/plugins/listener_plugin.py took 0.087 seconds
[2026-09-18T12:32:50.168+0700] {processor.py:186} INFO - Started process (PID=60662) to work on /Users/andreasanditya/Downloads/572392_Andreas_AirflowETL/code/.venv/lib/python3.9/site-packages/airflow/example_dags/plugins/listener_plugin.py
[2026-09-18T12:32:50.169+0700] {processor.py:914} INFO - Processing file /Users/andreasanditya/Downloads/572392_Andreas_AirflowETL/code/.venv/lib/python3.9/site-packages/airflow/example_dags/plugins/listener_plugin.py for tasks to queue
[2026-09-18T12:32:50.170+0700] {logging_mixin.py:190} INFO - [2026-09-18T12:32:50.170+0700] {dagbag.py:588} INFO - Filling up the DagBag from /Users/andreasanditya/Downloads/572392_Andreas_AirflowETL/code/.venv/lib/python3.9/site-packages/airflow/example_dags/plugins/listener_plugin.py
[2026-09-18T12:32:50.172+0700] {processor.py:927} WARNING - No viable dags retrieved from /Users/andreasanditya/Downloads/572392_Andreas_AirflowETL/code/.venv/lib/python3.9/site-packages/airflow/example_dags/plugins/listener_plugin.py
[2026-09-18T12:32:50.253+0700] {processor.py:208} INFO - Processing /Users/andreasanditya/Downloads/572392_Andreas_AirflowETL/code/.venv/lib/python3.9/site-packages/airflow/example_dags/plugins/listener_plugin.py took 0.086 seconds
[2026-09-18T12:34:17.022+0700] {processor.py:186} INFO - Started process (PID=61598) to work on /Users/andreasanditya/Downloads/572392_Andreas_AirflowETL/code/.venv/lib/python3.9/site-packages/airflow/example_dags/plugins/listener_plugin.py
[2026-09-18T12:34:17.023+0700] {processor.py:914} INFO - Processing file /Users/andreasanditya/Downloads/572392_Andreas_AirflowETL/code/.venv/lib/python3.9/site-packages/airflow/example_dags/plugins/listener_plugin.py for tasks to queue
[2026-09-18T12:34:17.024+0700] {logging_mixin.py:190} INFO - [2026-09-18T12:34:17.024+0700] {dagbag.py:588} INFO - Filling up the DagBag from /Users/andreasanditya/Downloads/572392_Andreas_AirflowETL/code/.venv/lib/python3.9/site-packages/airflow/example_dags/plugins/listener_plugin.py
[2026-09-18T12:34:17.026+0700] {processor.py:927} WARNING - No viable dags retrieved from /Users/andreasanditya/Downloads/572392_Andreas_AirflowETL/code/.venv/lib/python3.9/site-packages/airflow/example_dags/plugins/listener_plugin.py
[2026-09-18T12:34:17.106+0700] {processor.py:208} INFO - Processing /Users/andreasanditya/Downloads/572392_Andreas_AirflowETL/code/.venv/lib/python3.9/site-packages/airflow/example_dags/plugins/listener_plugin.py took 0.086 seconds
[2026-09-18T12:35:42.314+0700] {processor.py:186} INFO - Started process (PID=62429) to work on /Users/andreasanditya/Downloads/572392_Andreas_AirflowETL/code/.venv/lib/python3.9/site-packages/airflow/example_dags/plugins/listener_plugin.py
[2026-09-18T12:35:42.315+0700] {processor.py:914} INFO - Processing file /Users/andreasanditya/Downloads/572392_Andreas_AirflowETL/code/.venv/lib/python3.9/site-packages/airflow/example_dags/plugins/listener_plugin.py for tasks to queue
[2026-09-18T12:35:42.316+0700] {logging_mixin.py:190} INFO - [2026-09-18T12:35:42.316+0700] {dagbag.py:588} INFO - Filling up the DagBag from /Users/andreasanditya/Downloads/572392_Andreas_AirflowETL/code/.venv/lib/python3.9/site-packages/airflow/example_dags/plugins/listener_plugin.py
[2026-09-18T12:35:42.318+0700] {processor.py:927} WARNING - No viable dags retrieved from /Users/andreasanditya/Downloads/572392_Andreas_AirflowETL/code/.venv/lib/python3.9/site-packages/airflow/example_dags/plugins/listener_plugin.py
[2026-09-18T12:35:42.398+0700] {processor.py:208} INFO - Processing /Users/andreasanditya/Downloads/572392_Andreas_AirflowETL/code/.venv/lib/python3.9/site-packages/airflow/example_dags/plugins/listener_plugin.py took 0.085 seconds
[2026-09-18T12:37:06.601+0700] {processor.py:186} INFO - Started process (PID=63354) to work on /Users/andreasanditya/Downloads/572392_Andreas_AirflowETL/code/.venv/lib/python3.9/site-packages/airflow/example_dags/plugins/listener_plugin.py
[2026-09-18T12:37:06.603+0700] {processor.py:914} INFO - Processing file /Users/andreasanditya/Downloads/572392_Andreas_AirflowETL/code/.venv/lib/python3.9/site-packages/airflow/example_dags/plugins/listener_plugin.py for tasks to queue
[2026-09-18T12:37:06.603+0700] {logging_mixin.py:190} INFO - [2026-09-18T12:37:06.603+0700] {dagbag.py:588} INFO - Filling up the DagBag from /Users/andreasanditya/Downloads/572392_Andreas_AirflowETL/code/.venv/lib/python3.9/site-packages/airflow/example_dags/plugins/listener_plugin.py
[2026-09-18T12:37:06.605+0700] {processor.py:927} WARNING - No viable dags retrieved from /Users/andreasanditya/Downloads/572392_Andreas_AirflowETL/code/.venv/lib/python3.9/site-packages/airflow/example_dags/plugins/listener_plugin.py
[2026-09-18T12:37:06.686+0700] {processor.py:208} INFO - Processing /Users/andreasanditya/Downloads/572392_Andreas_AirflowETL/code/.venv/lib/python3.9/site-packages/airflow/example_dags/plugins/listener_plugin.py took 0.087 seconds
[2026-09-18T12:38:33.714+0700] {processor.py:186} INFO - Started process (PID=64198) to work on /Users/andreasanditya/Downloads/572392_Andreas_AirflowETL/code/.venv/lib/python3.9/site-packages/airflow/example_dags/plugins/listener_plugin.py
[2026-09-18T12:38:33.715+0700] {processor.py:914} INFO - Processing file /Users/andreasanditya/Downloads/572392_Andreas_AirflowETL/code/.venv/lib/python3.9/site-packages/airflow/example_dags/plugins/listener_plugin.py for tasks to queue
[2026-09-18T12:38:33.715+0700] {logging_mixin.py:190} INFO - [2026-09-18T12:38:33.715+0700] {dagbag.py:588} INFO - Filling up the DagBag from /Users/andreasanditya/Downloads/572392_Andreas_AirflowETL/code/.venv/lib/python3.9/site-packages/airflow/example_dags/plugins/listener_plugin.py
[2026-09-18T12:38:33.717+0700] {processor.py:927} WARNING - No viable dags retrieved from /Users/andreasanditya/Downloads/572392_Andreas_AirflowETL/code/.venv/lib/python3.9/site-packages/airflow/example_dags/plugins/listener_plugin.py
[2026-09-18T12:38:33.797+0700] {processor.py:208} INFO - Processing /Users/andreasanditya/Downloads/572392_Andreas_AirflowETL/code/.venv/lib/python3.9/site-packages/airflow/example_dags/plugins/listener_plugin.py took 0.085 seconds
[2026-09-18T12:40:01.480+0700] {processor.py:186} INFO - Started process (PID=65121) to work on /Users/andreasanditya/Downloads/572392_Andreas_AirflowETL/code/.venv/lib/python3.9/site-packages/airflow/example_dags/plugins/listener_plugin.py
[2026-09-18T12:40:01.481+0700] {processor.py:914} INFO - Processing file /Users/andreasanditya/Downloads/572392_Andreas_AirflowETL/code/.venv/lib/python3.9/site-packages/airflow/example_dags/plugins/listener_plugin.py for tasks to queue
[2026-09-18T12:40:01.481+0700] {logging_mixin.py:190} INFO - [2026-09-18T12:40:01.481+0700] {dagbag.py:588} INFO - Filling up the DagBag from /Users/andreasanditya/Downloads/572392_Andreas_AirflowETL/code/.venv/lib/python3.9/site-packages/airflow/example_dags/plugins/listener_plugin.py
[2026-09-18T12:40:01.483+0700] {processor.py:927} WARNING - No viable dags retrieved from /Users/andreasanditya/Downloads/572392_Andreas_AirflowETL/code/.venv/lib/python3.9/site-packages/airflow/example_dags/plugins/listener_plugin.py
[2026-09-18T12:40:01.564+0700] {processor.py:208} INFO - Processing /Users/andreasanditya/Downloads/572392_Andreas_AirflowETL/code/.venv/lib/python3.9/site-packages/airflow/example_dags/plugins/listener_plugin.py took 0.086 seconds
[2026-09-18T12:41:28.837+0700] {processor.py:186} INFO - Started process (PID=66031) to work on /Users/andreasanditya/Downloads/572392_Andreas_AirflowETL/code/.venv/lib/python3.9/site-packages/airflow/example_dags/plugins/listener_plugin.py
[2026-09-18T12:41:28.839+0700] {processor.py:914} INFO - Processing file /Users/andreasanditya/Downloads/572392_Andreas_AirflowETL/code/.venv/lib/python3.9/site-packages/airflow/example_dags/plugins/listener_plugin.py for tasks to queue
[2026-09-18T12:41:28.840+0700] {logging_mixin.py:190} INFO - [2026-09-18T12:41:28.840+0700] {dagbag.py:588} INFO - Filling up the DagBag from /Users/andreasanditya/Downloads/572392_Andreas_AirflowETL/code/.venv/lib/python3.9/site-packages/airflow/example_dags/plugins/listener_plugin.py
[2026-09-18T12:41:28.842+0700] {processor.py:927} WARNING - No viable dags retrieved from /Users/andreasanditya/Downloads/572392_Andreas_AirflowETL/code/.venv/lib/python3.9/site-packages/airflow/example_dags/plugins/listener_plugin.py
[2026-09-18T12:41:28.922+0700] {processor.py:208} INFO - Processing /Users/andreasanditya/Downloads/572392_Andreas_AirflowETL/code/.venv/lib/python3.9/site-packages/airflow/example_dags/plugins/listener_plugin.py took 0.087 seconds
[2026-09-18T12:42:53.304+0700] {processor.py:186} INFO - Started process (PID=66854) to work on /Users/andreasanditya/Downloads/572392_Andreas_AirflowETL/code/.venv/lib/python3.9/site-packages/airflow/example_dags/plugins/listener_plugin.py
[2026-09-18T12:42:53.305+0700] {processor.py:914} INFO - Processing file /Users/andreasanditya/Downloads/572392_Andreas_AirflowETL/code/.venv/lib/python3.9/site-packages/airflow/example_dags/plugins/listener_plugin.py for tasks to queue
[2026-09-18T12:42:53.305+0700] {logging_mixin.py:190} INFO - [2026-09-18T12:42:53.305+0700] {dagbag.py:588} INFO - Filling up the DagBag from /Users/andreasanditya/Downloads/572392_Andreas_AirflowETL/code/.venv/lib/python3.9/site-packages/airflow/example_dags/plugins/listener_plugin.py
[2026-09-18T12:42:53.307+0700] {processor.py:927} WARNING - No viable dags retrieved from /Users/andreasanditya/Downloads/572392_Andreas_AirflowETL/code/.venv/lib/python3.9/site-packages/airflow/example_dags/plugins/listener_plugin.py
[2026-09-18T12:42:53.389+0700] {processor.py:208} INFO - Processing /Users/andreasanditya/Downloads/572392_Andreas_AirflowETL/code/.venv/lib/python3.9/site-packages/airflow/example_dags/plugins/listener_plugin.py took 0.087 seconds
[2026-09-18T12:44:20.321+0700] {processor.py:186} INFO - Started process (PID=67691) to work on /Users/andreasanditya/Downloads/572392_Andreas_AirflowETL/code/.venv/lib/python3.9/site-packages/airflow/example_dags/plugins/listener_plugin.py
[2026-09-18T12:44:20.322+0700] {processor.py:914} INFO - Processing file /Users/andreasanditya/Downloads/572392_Andreas_AirflowETL/code/.venv/lib/python3.9/site-packages/airflow/example_dags/plugins/listener_plugin.py for tasks to queue
[2026-09-18T12:44:20.323+0700] {logging_mixin.py:190} INFO - [2026-09-18T12:44:20.323+0700] {dagbag.py:588} INFO - Filling up the DagBag from /Users/andreasanditya/Downloads/572392_Andreas_AirflowETL/code/.venv/lib/python3.9/site-packages/airflow/example_dags/plugins/listener_plugin.py
[2026-09-18T12:44:20.325+0700] {processor.py:927} WARNING - No viable dags retrieved from /Users/andreasanditya/Downloads/572392_Andreas_AirflowETL/code/.venv/lib/python3.9/site-packages/airflow/example_dags/plugins/listener_plugin.py
[2026-09-18T12:44:20.405+0700] {processor.py:208} INFO - Processing /Users/andreasanditya/Downloads/572392_Andreas_AirflowETL/code/.venv/lib/python3.9/site-packages/airflow/example_dags/plugins/listener_plugin.py took 0.086 seconds
[2026-09-18T12:45:46.702+0700] {processor.py:186} INFO - Started process (PID=68618) to work on /Users/andreasanditya/Downloads/572392_Andreas_AirflowETL/code/.venv/lib/python3.9/site-packages/airflow/example_dags/plugins/listener_plugin.py
[2026-09-18T12:45:46.703+0700] {processor.py:914} INFO - Processing file /Users/andreasanditya/Downloads/572392_Andreas_AirflowETL/code/.venv/lib/python3.9/site-packages/airflow/example_dags/plugins/listener_plugin.py for tasks to queue
[2026-09-18T12:45:46.704+0700] {logging_mixin.py:190} INFO - [2026-09-18T12:45:46.704+0700] {dagbag.py:588} INFO - Filling up the DagBag from /Users/andreasanditya/Downloads/572392_Andreas_AirflowETL/code/.venv/lib/python3.9/site-packages/airflow/example_dags/plugins/listener_plugin.py
[2026-09-18T12:45:46.706+0700] {processor.py:927} WARNING - No viable dags retrieved from /Users/andreasanditya/Downloads/572392_Andreas_AirflowETL/code/.venv/lib/python3.9/site-packages/airflow/example_dags/plugins/listener_plugin.py
[2026-09-18T12:45:46.787+0700] {processor.py:208} INFO - Processing /Users/andreasanditya/Downloads/572392_Andreas_AirflowETL/code/.venv/lib/python3.9/site-packages/airflow/example_dags/plugins/listener_plugin.py took 0.087 seconds
[2026-09-18T12:47:13.365+0700] {processor.py:186} INFO - Started process (PID=69535) to work on /Users/andreasanditya/Downloads/572392_Andreas_AirflowETL/code/.venv/lib/python3.9/site-packages/airflow/example_dags/plugins/listener_plugin.py
[2026-09-18T12:47:13.366+0700] {processor.py:914} INFO - Processing file /Users/andreasanditya/Downloads/572392_Andreas_AirflowETL/code/.venv/lib/python3.9/site-packages/airflow/example_dags/plugins/listener_plugin.py for tasks to queue
[2026-09-18T12:47:13.367+0700] {logging_mixin.py:190} INFO - [2026-09-18T12:47:13.367+0700] {dagbag.py:588} INFO - Filling up the DagBag from /Users/andreasanditya/Downloads/572392_Andreas_AirflowETL/code/.venv/lib/python3.9/site-packages/airflow/example_dags/plugins/listener_plugin.py
[2026-09-18T12:47:13.369+0700] {processor.py:927} WARNING - No viable dags retrieved from /Users/andreasanditya/Downloads/572392_Andreas_AirflowETL/code/.venv/lib/python3.9/site-packages/airflow/example_dags/plugins/listener_plugin.py
[2026-09-18T12:47:13.450+0700] {processor.py:208} INFO - Processing /Users/andreasanditya/Downloads/572392_Andreas_AirflowETL/code/.venv/lib/python3.9/site-packages/airflow/example_dags/plugins/listener_plugin.py took 0.087 seconds
[2026-09-18T12:48:39.077+0700] {processor.py:186} INFO - Started process (PID=70352) to work on /Users/andreasanditya/Downloads/572392_Andreas_AirflowETL/code/.venv/lib/python3.9/site-packages/airflow/example_dags/plugins/listener_plugin.py
[2026-09-18T12:48:39.078+0700] {processor.py:914} INFO - Processing file /Users/andreasanditya/Downloads/572392_Andreas_AirflowETL/code/.venv/lib/python3.9/site-packages/airflow/example_dags/plugins/listener_plugin.py for tasks to queue
[2026-09-18T12:48:39.078+0700] {logging_mixin.py:190} INFO - [2026-09-18T12:48:39.078+0700] {dagbag.py:588} INFO - Filling up the DagBag from /Users/andreasanditya/Downloads/572392_Andreas_AirflowETL/code/.venv/lib/python3.9/site-packages/airflow/example_dags/plugins/listener_plugin.py
[2026-09-18T12:48:39.080+0700] {processor.py:927} WARNING - No viable dags retrieved from /Users/andreasanditya/Downloads/572392_Andreas_AirflowETL/code/.venv/lib/python3.9/site-packages/airflow/example_dags/plugins/listener_plugin.py
[2026-09-18T12:48:39.161+0700] {processor.py:208} INFO - Processing /Users/andreasanditya/Downloads/572392_Andreas_AirflowETL/code/.venv/lib/python3.9/site-packages/airflow/example_dags/plugins/listener_plugin.py took 0.087 seconds
[2026-09-18T12:50:03.910+0700] {processor.py:186} INFO - Started process (PID=71192) to work on /Users/andreasanditya/Downloads/572392_Andreas_AirflowETL/code/.venv/lib/python3.9/site-packages/airflow/example_dags/plugins/listener_plugin.py
[2026-09-18T12:50:03.911+0700] {processor.py:914} INFO - Processing file /Users/andreasanditya/Downloads/572392_Andreas_AirflowETL/code/.venv/lib/python3.9/site-packages/airflow/example_dags/plugins/listener_plugin.py for tasks to queue
[2026-09-18T12:50:03.912+0700] {logging_mixin.py:190} INFO - [2026-09-18T12:50:03.912+0700] {dagbag.py:588} INFO - Filling up the DagBag from /Users/andreasanditya/Downloads/572392_Andreas_AirflowETL/code/.venv/lib/python3.9/site-packages/airflow/example_dags/plugins/listener_plugin.py
[2026-09-18T12:50:03.914+0700] {processor.py:927} WARNING - No viable dags retrieved from /Users/andreasanditya/Downloads/572392_Andreas_AirflowETL/code/.venv/lib/python3.9/site-packages/airflow/example_dags/plugins/listener_plugin.py
[2026-09-18T12:50:03.999+0700] {processor.py:208} INFO - Processing /Users/andreasanditya/Downloads/572392_Andreas_AirflowETL/code/.venv/lib/python3.9/site-packages/airflow/example_dags/plugins/listener_plugin.py took 0.091 seconds
[2026-09-18T12:51:28.436+0700] {processor.py:186} INFO - Started process (PID=72099) to work on /Users/andreasanditya/Downloads/572392_Andreas_AirflowETL/code/.venv/lib/python3.9/site-packages/airflow/example_dags/plugins/listener_plugin.py
[2026-09-18T12:51:28.437+0700] {processor.py:914} INFO - Processing file /Users/andreasanditya/Downloads/572392_Andreas_AirflowETL/code/.venv/lib/python3.9/site-packages/airflow/example_dags/plugins/listener_plugin.py for tasks to queue
[2026-09-18T12:51:28.438+0700] {logging_mixin.py:190} INFO - [2026-09-18T12:51:28.438+0700] {dagbag.py:588} INFO - Filling up the DagBag from /Users/andreasanditya/Downloads/572392_Andreas_AirflowETL/code/.venv/lib/python3.9/site-packages/airflow/example_dags/plugins/listener_plugin.py
[2026-09-18T12:51:28.440+0700] {processor.py:927} WARNING - No viable dags retrieved from /Users/andreasanditya/Downloads/572392_Andreas_AirflowETL/code/.venv/lib/python3.9/site-packages/airflow/example_dags/plugins/listener_plugin.py
[2026-09-18T12:51:28.520+0700] {processor.py:208} INFO - Processing /Users/andreasanditya/Downloads/572392_Andreas_AirflowETL/code/.venv/lib/python3.9/site-packages/airflow/example_dags/plugins/listener_plugin.py took 0.086 seconds
[2026-09-18T12:52:52.696+0700] {processor.py:186} INFO - Started process (PID=72930) to work on /Users/andreasanditya/Downloads/572392_Andreas_AirflowETL/code/.venv/lib/python3.9/site-packages/airflow/example_dags/plugins/listener_plugin.py
[2026-09-18T12:52:52.697+0700] {processor.py:914} INFO - Processing file /Users/andreasanditya/Downloads/572392_Andreas_AirflowETL/code/.venv/lib/python3.9/site-packages/airflow/example_dags/plugins/listener_plugin.py for tasks to queue
[2026-09-18T12:52:52.698+0700] {logging_mixin.py:190} INFO - [2026-09-18T12:52:52.697+0700] {dagbag.py:588} INFO - Filling up the DagBag from /Users/andreasanditya/Downloads/572392_Andreas_AirflowETL/code/.venv/lib/python3.9/site-packages/airflow/example_dags/plugins/listener_plugin.py
[2026-09-18T12:52:52.699+0700] {processor.py:927} WARNING - No viable dags retrieved from /Users/andreasanditya/Downloads/572392_Andreas_AirflowETL/code/.venv/lib/python3.9/site-packages/airflow/example_dags/plugins/listener_plugin.py
[2026-09-18T12:52:52.780+0700] {processor.py:208} INFO - Processing /Users/andreasanditya/Downloads/572392_Andreas_AirflowETL/code/.venv/lib/python3.9/site-packages/airflow/example_dags/plugins/listener_plugin.py took 0.086 seconds
[2026-09-18T12:54:17.706+0700] {processor.py:186} INFO - Started process (PID=73784) to work on /Users/andreasanditya/Downloads/572392_Andreas_AirflowETL/code/.venv/lib/python3.9/site-packages/airflow/example_dags/plugins/listener_plugin.py
[2026-09-18T12:54:17.709+0700] {processor.py:914} INFO - Processing file /Users/andreasanditya/Downloads/572392_Andreas_AirflowETL/code/.venv/lib/python3.9/site-packages/airflow/example_dags/plugins/listener_plugin.py for tasks to queue
[2026-09-18T12:54:17.710+0700] {logging_mixin.py:190} INFO - [2026-09-18T12:54:17.710+0700] {dagbag.py:588} INFO - Filling up the DagBag from /Users/andreasanditya/Downloads/572392_Andreas_AirflowETL/code/.venv/lib/python3.9/site-packages/airflow/example_dags/plugins/listener_plugin.py
[2026-09-18T12:54:17.712+0700] {processor.py:927} WARNING - No viable dags retrieved from /Users/andreasanditya/Downloads/572392_Andreas_AirflowETL/code/.venv/lib/python3.9/site-packages/airflow/example_dags/plugins/listener_plugin.py
[2026-09-18T12:54:17.792+0700] {processor.py:208} INFO - Processing /Users/andreasanditya/Downloads/572392_Andreas_AirflowETL/code/.venv/lib/python3.9/site-packages/airflow/example_dags/plugins/listener_plugin.py took 0.088 seconds
[2026-09-18T12:55:41.263+0700] {processor.py:186} INFO - Started process (PID=74692) to work on /Users/andreasanditya/Downloads/572392_Andreas_AirflowETL/code/.venv/lib/python3.9/site-packages/airflow/example_dags/plugins/listener_plugin.py
[2026-09-18T12:55:41.265+0700] {processor.py:914} INFO - Processing file /Users/andreasanditya/Downloads/572392_Andreas_AirflowETL/code/.venv/lib/python3.9/site-packages/airflow/example_dags/plugins/listener_plugin.py for tasks to queue
[2026-09-18T12:55:41.265+0700] {logging_mixin.py:190} INFO - [2026-09-18T12:55:41.265+0700] {dagbag.py:588} INFO - Filling up the DagBag from /Users/andreasanditya/Downloads/572392_Andreas_AirflowETL/code/.venv/lib/python3.9/site-packages/airflow/example_dags/plugins/listener_plugin.py
[2026-09-18T12:55:41.267+0700] {processor.py:927} WARNING - No viable dags retrieved from /Users/andreasanditya/Downloads/572392_Andreas_AirflowETL/code/.venv/lib/python3.9/site-packages/airflow/example_dags/plugins/listener_plugin.py
[2026-09-18T12:55:41.349+0700] {processor.py:208} INFO - Processing /Users/andreasanditya/Downloads/572392_Andreas_AirflowETL/code/.venv/lib/python3.9/site-packages/airflow/example_dags/plugins/listener_plugin.py took 0.088 seconds
[2026-09-18T12:57:07.145+0700] {processor.py:186} INFO - Started process (PID=75529) to work on /Users/andreasanditya/Downloads/572392_Andreas_AirflowETL/code/.venv/lib/python3.9/site-packages/airflow/example_dags/plugins/listener_plugin.py
[2026-09-18T12:57:07.146+0700] {processor.py:914} INFO - Processing file /Users/andreasanditya/Downloads/572392_Andreas_AirflowETL/code/.venv/lib/python3.9/site-packages/airflow/example_dags/plugins/listener_plugin.py for tasks to queue
[2026-09-18T12:57:07.147+0700] {logging_mixin.py:190} INFO - [2026-09-18T12:57:07.147+0700] {dagbag.py:588} INFO - Filling up the DagBag from /Users/andreasanditya/Downloads/572392_Andreas_AirflowETL/code/.venv/lib/python3.9/site-packages/airflow/example_dags/plugins/listener_plugin.py
[2026-09-18T12:57:07.148+0700] {processor.py:927} WARNING - No viable dags retrieved from /Users/andreasanditya/Downloads/572392_Andreas_AirflowETL/code/.venv/lib/python3.9/site-packages/airflow/example_dags/plugins/listener_plugin.py
[2026-09-18T12:57:07.230+0700] {processor.py:208} INFO - Processing /Users/andreasanditya/Downloads/572392_Andreas_AirflowETL/code/.venv/lib/python3.9/site-packages/airflow/example_dags/plugins/listener_plugin.py took 0.088 seconds
[2026-09-18T12:58:32.005+0700] {processor.py:186} INFO - Started process (PID=76471) to work on /Users/andreasanditya/Downloads/572392_Andreas_AirflowETL/code/.venv/lib/python3.9/site-packages/airflow/example_dags/plugins/listener_plugin.py
[2026-09-18T12:58:32.006+0700] {processor.py:914} INFO - Processing file /Users/andreasanditya/Downloads/572392_Andreas_AirflowETL/code/.venv/lib/python3.9/site-packages/airflow/example_dags/plugins/listener_plugin.py for tasks to queue
[2026-09-18T12:58:32.007+0700] {logging_mixin.py:190} INFO - [2026-09-18T12:58:32.007+0700] {dagbag.py:588} INFO - Filling up the DagBag from /Users/andreasanditya/Downloads/572392_Andreas_AirflowETL/code/.venv/lib/python3.9/site-packages/airflow/example_dags/plugins/listener_plugin.py
[2026-09-18T12:58:32.009+0700] {processor.py:927} WARNING - No viable dags retrieved from /Users/andreasanditya/Downloads/572392_Andreas_AirflowETL/code/.venv/lib/python3.9/site-packages/airflow/example_dags/plugins/listener_plugin.py
[2026-09-18T12:58:32.090+0700] {processor.py:208} INFO - Processing /Users/andreasanditya/Downloads/572392_Andreas_AirflowETL/code/.venv/lib/python3.9/site-packages/airflow/example_dags/plugins/listener_plugin.py took 0.086 seconds
[2026-09-18T12:59:58.871+0700] {processor.py:186} INFO - Started process (PID=77306) to work on /Users/andreasanditya/Downloads/572392_Andreas_AirflowETL/code/.venv/lib/python3.9/site-packages/airflow/example_dags/plugins/listener_plugin.py
[2026-09-18T12:59:58.872+0700] {processor.py:914} INFO - Processing file /Users/andreasanditya/Downloads/572392_Andreas_AirflowETL/code/.venv/lib/python3.9/site-packages/airflow/example_dags/plugins/listener_plugin.py for tasks to queue
[2026-09-18T12:59:58.873+0700] {logging_mixin.py:190} INFO - [2026-09-18T12:59:58.873+0700] {dagbag.py:588} INFO - Filling up the DagBag from /Users/andreasanditya/Downloads/572392_Andreas_AirflowETL/code/.venv/lib/python3.9/site-packages/airflow/example_dags/plugins/listener_plugin.py
[2026-09-18T12:59:58.875+0700] {processor.py:927} WARNING - No viable dags retrieved from /Users/andreasanditya/Downloads/572392_Andreas_AirflowETL/code/.venv/lib/python3.9/site-packages/airflow/example_dags/plugins/listener_plugin.py
[2026-09-18T12:59:58.955+0700] {processor.py:208} INFO - Processing /Users/andreasanditya/Downloads/572392_Andreas_AirflowETL/code/.venv/lib/python3.9/site-packages/airflow/example_dags/plugins/listener_plugin.py took 0.086 seconds
[2026-09-18T13:01:25.614+0700] {processor.py:186} INFO - Started process (PID=78211) to work on /Users/andreasanditya/Downloads/572392_Andreas_AirflowETL/code/.venv/lib/python3.9/site-packages/airflow/example_dags/plugins/listener_plugin.py
[2026-09-18T13:01:25.615+0700] {processor.py:914} INFO - Processing file /Users/andreasanditya/Downloads/572392_Andreas_AirflowETL/code/.venv/lib/python3.9/site-packages/airflow/example_dags/plugins/listener_plugin.py for tasks to queue
[2026-09-18T13:01:25.616+0700] {logging_mixin.py:190} INFO - [2026-09-18T13:01:25.616+0700] {dagbag.py:588} INFO - Filling up the DagBag from /Users/andreasanditya/Downloads/572392_Andreas_AirflowETL/code/.venv/lib/python3.9/site-packages/airflow/example_dags/plugins/listener_plugin.py
[2026-09-18T13:01:25.618+0700] {processor.py:927} WARNING - No viable dags retrieved from /Users/andreasanditya/Downloads/572392_Andreas_AirflowETL/code/.venv/lib/python3.9/site-packages/airflow/example_dags/plugins/listener_plugin.py
[2026-09-18T13:01:25.697+0700] {processor.py:208} INFO - Processing /Users/andreasanditya/Downloads/572392_Andreas_AirflowETL/code/.venv/lib/python3.9/site-packages/airflow/example_dags/plugins/listener_plugin.py took 0.085 seconds
[2026-09-18T13:02:52.235+0700] {processor.py:186} INFO - Started process (PID=79064) to work on /Users/andreasanditya/Downloads/572392_Andreas_AirflowETL/code/.venv/lib/python3.9/site-packages/airflow/example_dags/plugins/listener_plugin.py
[2026-09-18T13:02:52.237+0700] {processor.py:914} INFO - Processing file /Users/andreasanditya/Downloads/572392_Andreas_AirflowETL/code/.venv/lib/python3.9/site-packages/airflow/example_dags/plugins/listener_plugin.py for tasks to queue
[2026-09-18T13:02:52.238+0700] {logging_mixin.py:190} INFO - [2026-09-18T13:02:52.237+0700] {dagbag.py:588} INFO - Filling up the DagBag from /Users/andreasanditya/Downloads/572392_Andreas_AirflowETL/code/.venv/lib/python3.9/site-packages/airflow/example_dags/plugins/listener_plugin.py
[2026-09-18T13:02:52.240+0700] {processor.py:927} WARNING - No viable dags retrieved from /Users/andreasanditya/Downloads/572392_Andreas_AirflowETL/code/.venv/lib/python3.9/site-packages/airflow/example_dags/plugins/listener_plugin.py
[2026-09-18T13:02:52.320+0700] {processor.py:208} INFO - Processing /Users/andreasanditya/Downloads/572392_Andreas_AirflowETL/code/.venv/lib/python3.9/site-packages/airflow/example_dags/plugins/listener_plugin.py took 0.086 seconds
[2026-09-18T13:04:18.285+0700] {processor.py:186} INFO - Started process (PID=79999) to work on /Users/andreasanditya/Downloads/572392_Andreas_AirflowETL/code/.venv/lib/python3.9/site-packages/airflow/example_dags/plugins/listener_plugin.py
[2026-09-18T13:04:18.286+0700] {processor.py:914} INFO - Processing file /Users/andreasanditya/Downloads/572392_Andreas_AirflowETL/code/.venv/lib/python3.9/site-packages/airflow/example_dags/plugins/listener_plugin.py for tasks to queue
[2026-09-18T13:04:18.287+0700] {logging_mixin.py:190} INFO - [2026-09-18T13:04:18.287+0700] {dagbag.py:588} INFO - Filling up the DagBag from /Users/andreasanditya/Downloads/572392_Andreas_AirflowETL/code/.venv/lib/python3.9/site-packages/airflow/example_dags/plugins/listener_plugin.py
[2026-09-18T13:04:18.289+0700] {processor.py:927} WARNING - No viable dags retrieved from /Users/andreasanditya/Downloads/572392_Andreas_AirflowETL/code/.venv/lib/python3.9/site-packages/airflow/example_dags/plugins/listener_plugin.py
[2026-09-18T13:04:18.369+0700] {processor.py:208} INFO - Processing /Users/andreasanditya/Downloads/572392_Andreas_AirflowETL/code/.venv/lib/python3.9/site-packages/airflow/example_dags/plugins/listener_plugin.py took 0.086 seconds
[2026-09-18T13:05:43.292+0700] {processor.py:186} INFO - Started process (PID=80832) to work on /Users/andreasanditya/Downloads/572392_Andreas_AirflowETL/code/.venv/lib/python3.9/site-packages/airflow/example_dags/plugins/listener_plugin.py
[2026-09-18T13:05:43.293+0700] {processor.py:914} INFO - Processing file /Users/andreasanditya/Downloads/572392_Andreas_AirflowETL/code/.venv/lib/python3.9/site-packages/airflow/example_dags/plugins/listener_plugin.py for tasks to queue
[2026-09-18T13:05:43.294+0700] {logging_mixin.py:190} INFO - [2026-09-18T13:05:43.294+0700] {dagbag.py:588} INFO - Filling up the DagBag from /Users/andreasanditya/Downloads/572392_Andreas_AirflowETL/code/.venv/lib/python3.9/site-packages/airflow/example_dags/plugins/listener_plugin.py
[2026-09-18T13:05:43.296+0700] {processor.py:927} WARNING - No viable dags retrieved from /Users/andreasanditya/Downloads/572392_Andreas_AirflowETL/code/.venv/lib/python3.9/site-packages/airflow/example_dags/plugins/listener_plugin.py
[2026-09-18T13:05:43.376+0700] {processor.py:208} INFO - Processing /Users/andreasanditya/Downloads/572392_Andreas_AirflowETL/code/.venv/lib/python3.9/site-packages/airflow/example_dags/plugins/listener_plugin.py took 0.086 seconds
[2026-09-18T13:07:08.163+0700] {processor.py:186} INFO - Started process (PID=81749) to work on /Users/andreasanditya/Downloads/572392_Andreas_AirflowETL/code/.venv/lib/python3.9/site-packages/airflow/example_dags/plugins/listener_plugin.py
[2026-09-18T13:07:08.164+0700] {processor.py:914} INFO - Processing file /Users/andreasanditya/Downloads/572392_Andreas_AirflowETL/code/.venv/lib/python3.9/site-packages/airflow/example_dags/plugins/listener_plugin.py for tasks to queue
[2026-09-18T13:07:08.165+0700] {logging_mixin.py:190} INFO - [2026-09-18T13:07:08.164+0700] {dagbag.py:588} INFO - Filling up the DagBag from /Users/andreasanditya/Downloads/572392_Andreas_AirflowETL/code/.venv/lib/python3.9/site-packages/airflow/example_dags/plugins/listener_plugin.py
[2026-09-18T13:07:08.166+0700] {processor.py:927} WARNING - No viable dags retrieved from /Users/andreasanditya/Downloads/572392_Andreas_AirflowETL/code/.venv/lib/python3.9/site-packages/airflow/example_dags/plugins/listener_plugin.py
[2026-09-18T13:07:08.247+0700] {processor.py:208} INFO - Processing /Users/andreasanditya/Downloads/572392_Andreas_AirflowETL/code/.venv/lib/python3.9/site-packages/airflow/example_dags/plugins/listener_plugin.py took 0.086 seconds
[2026-09-18T13:08:29.979+0700] {processor.py:186} INFO - Started process (PID=82582) to work on /Users/andreasanditya/Downloads/572392_Andreas_AirflowETL/code/.venv/lib/python3.9/site-packages/airflow/example_dags/plugins/listener_plugin.py
[2026-09-18T13:08:29.981+0700] {processor.py:914} INFO - Processing file /Users/andreasanditya/Downloads/572392_Andreas_AirflowETL/code/.venv/lib/python3.9/site-packages/airflow/example_dags/plugins/listener_plugin.py for tasks to queue
[2026-09-18T13:08:29.981+0700] {logging_mixin.py:190} INFO - [2026-09-18T13:08:29.981+0700] {dagbag.py:588} INFO - Filling up the DagBag from /Users/andreasanditya/Downloads/572392_Andreas_AirflowETL/code/.venv/lib/python3.9/site-packages/airflow/example_dags/plugins/listener_plugin.py
[2026-09-18T13:08:29.983+0700] {processor.py:927} WARNING - No viable dags retrieved from /Users/andreasanditya/Downloads/572392_Andreas_AirflowETL/code/.venv/lib/python3.9/site-packages/airflow/example_dags/plugins/listener_plugin.py
[2026-09-18T13:08:30.064+0700] {processor.py:208} INFO - Processing /Users/andreasanditya/Downloads/572392_Andreas_AirflowETL/code/.venv/lib/python3.9/site-packages/airflow/example_dags/plugins/listener_plugin.py took 0.086 seconds
[2026-09-18T13:09:57.802+0700] {processor.py:186} INFO - Started process (PID=83416) to work on /Users/andreasanditya/Downloads/572392_Andreas_AirflowETL/code/.venv/lib/python3.9/site-packages/airflow/example_dags/plugins/listener_plugin.py
[2026-09-18T13:09:57.804+0700] {processor.py:914} INFO - Processing file /Users/andreasanditya/Downloads/572392_Andreas_AirflowETL/code/.venv/lib/python3.9/site-packages/airflow/example_dags/plugins/listener_plugin.py for tasks to queue
[2026-09-18T13:09:57.804+0700] {logging_mixin.py:190} INFO - [2026-09-18T13:09:57.804+0700] {dagbag.py:588} INFO - Filling up the DagBag from /Users/andreasanditya/Downloads/572392_Andreas_AirflowETL/code/.venv/lib/python3.9/site-packages/airflow/example_dags/plugins/listener_plugin.py
[2026-09-18T13:09:57.806+0700] {processor.py:927} WARNING - No viable dags retrieved from /Users/andreasanditya/Downloads/572392_Andreas_AirflowETL/code/.venv/lib/python3.9/site-packages/airflow/example_dags/plugins/listener_plugin.py
[2026-09-18T13:09:57.886+0700] {processor.py:208} INFO - Processing /Users/andreasanditya/Downloads/572392_Andreas_AirflowETL/code/.venv/lib/python3.9/site-packages/airflow/example_dags/plugins/listener_plugin.py took 0.086 seconds
[2026-09-18T13:11:24.163+0700] {processor.py:186} INFO - Started process (PID=84335) to work on /Users/andreasanditya/Downloads/572392_Andreas_AirflowETL/code/.venv/lib/python3.9/site-packages/airflow/example_dags/plugins/listener_plugin.py
[2026-09-18T13:11:24.164+0700] {processor.py:914} INFO - Processing file /Users/andreasanditya/Downloads/572392_Andreas_AirflowETL/code/.venv/lib/python3.9/site-packages/airflow/example_dags/plugins/listener_plugin.py for tasks to queue
[2026-09-18T13:11:24.165+0700] {logging_mixin.py:190} INFO - [2026-09-18T13:11:24.165+0700] {dagbag.py:588} INFO - Filling up the DagBag from /Users/andreasanditya/Downloads/572392_Andreas_AirflowETL/code/.venv/lib/python3.9/site-packages/airflow/example_dags/plugins/listener_plugin.py
[2026-09-18T13:11:24.167+0700] {processor.py:927} WARNING - No viable dags retrieved from /Users/andreasanditya/Downloads/572392_Andreas_AirflowETL/code/.venv/lib/python3.9/site-packages/airflow/example_dags/plugins/listener_plugin.py
[2026-09-18T13:11:24.247+0700] {processor.py:208} INFO - Processing /Users/andreasanditya/Downloads/572392_Andreas_AirflowETL/code/.venv/lib/python3.9/site-packages/airflow/example_dags/plugins/listener_plugin.py took 0.086 seconds
[2026-09-18T13:12:50.823+0700] {processor.py:186} INFO - Started process (PID=85173) to work on /Users/andreasanditya/Downloads/572392_Andreas_AirflowETL/code/.venv/lib/python3.9/site-packages/airflow/example_dags/plugins/listener_plugin.py
[2026-09-18T13:12:50.824+0700] {processor.py:914} INFO - Processing file /Users/andreasanditya/Downloads/572392_Andreas_AirflowETL/code/.venv/lib/python3.9/site-packages/airflow/example_dags/plugins/listener_plugin.py for tasks to queue
[2026-09-18T13:12:50.825+0700] {logging_mixin.py:190} INFO - [2026-09-18T13:12:50.824+0700] {dagbag.py:588} INFO - Filling up the DagBag from /Users/andreasanditya/Downloads/572392_Andreas_AirflowETL/code/.venv/lib/python3.9/site-packages/airflow/example_dags/plugins/listener_plugin.py
[2026-09-18T13:12:50.827+0700] {processor.py:927} WARNING - No viable dags retrieved from /Users/andreasanditya/Downloads/572392_Andreas_AirflowETL/code/.venv/lib/python3.9/site-packages/airflow/example_dags/plugins/listener_plugin.py
[2026-09-18T13:12:50.907+0700] {processor.py:208} INFO - Processing /Users/andreasanditya/Downloads/572392_Andreas_AirflowETL/code/.venv/lib/python3.9/site-packages/airflow/example_dags/plugins/listener_plugin.py took 0.086 seconds
[2026-09-18T13:14:16.609+0700] {processor.py:186} INFO - Started process (PID=86094) to work on /Users/andreasanditya/Downloads/572392_Andreas_AirflowETL/code/.venv/lib/python3.9/site-packages/airflow/example_dags/plugins/listener_plugin.py
[2026-09-18T13:14:16.611+0700] {processor.py:914} INFO - Processing file /Users/andreasanditya/Downloads/572392_Andreas_AirflowETL/code/.venv/lib/python3.9/site-packages/airflow/example_dags/plugins/listener_plugin.py for tasks to queue
[2026-09-18T13:14:16.611+0700] {logging_mixin.py:190} INFO - [2026-09-18T13:14:16.611+0700] {dagbag.py:588} INFO - Filling up the DagBag from /Users/andreasanditya/Downloads/572392_Andreas_AirflowETL/code/.venv/lib/python3.9/site-packages/airflow/example_dags/plugins/listener_plugin.py
[2026-09-18T13:14:16.612+0700] {processor.py:927} WARNING - No viable dags retrieved from /Users/andreasanditya/Downloads/572392_Andreas_AirflowETL/code/.venv/lib/python3.9/site-packages/airflow/example_dags/plugins/listener_plugin.py
[2026-09-18T13:14:16.693+0700] {processor.py:208} INFO - Processing /Users/andreasanditya/Downloads/572392_Andreas_AirflowETL/code/.venv/lib/python3.9/site-packages/airflow/example_dags/plugins/listener_plugin.py took 0.085 seconds
[2026-09-18T13:15:42.758+0700] {processor.py:186} INFO - Started process (PID=86924) to work on /Users/andreasanditya/Downloads/572392_Andreas_AirflowETL/code/.venv/lib/python3.9/site-packages/airflow/example_dags/plugins/listener_plugin.py
[2026-09-18T13:15:42.760+0700] {processor.py:914} INFO - Processing file /Users/andreasanditya/Downloads/572392_Andreas_AirflowETL/code/.venv/lib/python3.9/site-packages/airflow/example_dags/plugins/listener_plugin.py for tasks to queue
[2026-09-18T13:15:42.760+0700] {logging_mixin.py:190} INFO - [2026-09-18T13:15:42.760+0700] {dagbag.py:588} INFO - Filling up the DagBag from /Users/andreasanditya/Downloads/572392_Andreas_AirflowETL/code/.venv/lib/python3.9/site-packages/airflow/example_dags/plugins/listener_plugin.py
[2026-09-18T13:15:42.762+0700] {processor.py:927} WARNING - No viable dags retrieved from /Users/andreasanditya/Downloads/572392_Andreas_AirflowETL/code/.venv/lib/python3.9/site-packages/airflow/example_dags/plugins/listener_plugin.py
[2026-09-18T13:15:42.842+0700] {processor.py:208} INFO - Processing /Users/andreasanditya/Downloads/572392_Andreas_AirflowETL/code/.venv/lib/python3.9/site-packages/airflow/example_dags/plugins/listener_plugin.py took 0.086 seconds
[2026-09-18T13:17:09.178+0700] {processor.py:186} INFO - Started process (PID=87827) to work on /Users/andreasanditya/Downloads/572392_Andreas_AirflowETL/code/.venv/lib/python3.9/site-packages/airflow/example_dags/plugins/listener_plugin.py
[2026-09-18T13:17:09.179+0700] {processor.py:914} INFO - Processing file /Users/andreasanditya/Downloads/572392_Andreas_AirflowETL/code/.venv/lib/python3.9/site-packages/airflow/example_dags/plugins/listener_plugin.py for tasks to queue
[2026-09-18T13:17:09.179+0700] {logging_mixin.py:190} INFO - [2026-09-18T13:17:09.179+0700] {dagbag.py:588} INFO - Filling up the DagBag from /Users/andreasanditya/Downloads/572392_Andreas_AirflowETL/code/.venv/lib/python3.9/site-packages/airflow/example_dags/plugins/listener_plugin.py
[2026-09-18T13:17:09.181+0700] {processor.py:927} WARNING - No viable dags retrieved from /Users/andreasanditya/Downloads/572392_Andreas_AirflowETL/code/.venv/lib/python3.9/site-packages/airflow/example_dags/plugins/listener_plugin.py
[2026-09-18T13:17:09.264+0700] {processor.py:208} INFO - Processing /Users/andreasanditya/Downloads/572392_Andreas_AirflowETL/code/.venv/lib/python3.9/site-packages/airflow/example_dags/plugins/listener_plugin.py took 0.088 seconds
[2026-09-18T13:18:34.643+0700] {processor.py:186} INFO - Started process (PID=88657) to work on /Users/andreasanditya/Downloads/572392_Andreas_AirflowETL/code/.venv/lib/python3.9/site-packages/airflow/example_dags/plugins/listener_plugin.py
[2026-09-18T13:18:34.646+0700] {processor.py:914} INFO - Processing file /Users/andreasanditya/Downloads/572392_Andreas_AirflowETL/code/.venv/lib/python3.9/site-packages/airflow/example_dags/plugins/listener_plugin.py for tasks to queue
[2026-09-18T13:18:34.647+0700] {logging_mixin.py:190} INFO - [2026-09-18T13:18:34.647+0700] {dagbag.py:588} INFO - Filling up the DagBag from /Users/andreasanditya/Downloads/572392_Andreas_AirflowETL/code/.venv/lib/python3.9/site-packages/airflow/example_dags/plugins/listener_plugin.py
[2026-09-18T13:18:34.648+0700] {processor.py:927} WARNING - No viable dags retrieved from /Users/andreasanditya/Downloads/572392_Andreas_AirflowETL/code/.venv/lib/python3.9/site-packages/airflow/example_dags/plugins/listener_plugin.py
[2026-09-18T13:18:34.728+0700] {processor.py:208} INFO - Processing /Users/andreasanditya/Downloads/572392_Andreas_AirflowETL/code/.venv/lib/python3.9/site-packages/airflow/example_dags/plugins/listener_plugin.py took 0.087 seconds
[2026-09-18T13:19:58.621+0700] {processor.py:186} INFO - Started process (PID=89569) to work on /Users/andreasanditya/Downloads/572392_Andreas_AirflowETL/code/.venv/lib/python3.9/site-packages/airflow/example_dags/plugins/listener_plugin.py
[2026-09-18T13:19:58.623+0700] {processor.py:914} INFO - Processing file /Users/andreasanditya/Downloads/572392_Andreas_AirflowETL/code/.venv/lib/python3.9/site-packages/airflow/example_dags/plugins/listener_plugin.py for tasks to queue
[2026-09-18T13:19:58.624+0700] {logging_mixin.py:190} INFO - [2026-09-18T13:19:58.623+0700] {dagbag.py:588} INFO - Filling up the DagBag from /Users/andreasanditya/Downloads/572392_Andreas_AirflowETL/code/.venv/lib/python3.9/site-packages/airflow/example_dags/plugins/listener_plugin.py
[2026-09-18T13:19:58.626+0700] {processor.py:927} WARNING - No viable dags retrieved from /Users/andreasanditya/Downloads/572392_Andreas_AirflowETL/code/.venv/lib/python3.9/site-packages/airflow/example_dags/plugins/listener_plugin.py
[2026-09-18T13:19:58.705+0700] {processor.py:208} INFO - Processing /Users/andreasanditya/Downloads/572392_Andreas_AirflowETL/code/.venv/lib/python3.9/site-packages/airflow/example_dags/plugins/listener_plugin.py took 0.086 seconds
[2026-09-18T13:21:23.759+0700] {processor.py:186} INFO - Started process (PID=90393) to work on /Users/andreasanditya/Downloads/572392_Andreas_AirflowETL/code/.venv/lib/python3.9/site-packages/airflow/example_dags/plugins/listener_plugin.py
[2026-09-18T13:21:23.761+0700] {processor.py:914} INFO - Processing file /Users/andreasanditya/Downloads/572392_Andreas_AirflowETL/code/.venv/lib/python3.9/site-packages/airflow/example_dags/plugins/listener_plugin.py for tasks to queue
[2026-09-18T13:21:23.762+0700] {logging_mixin.py:190} INFO - [2026-09-18T13:21:23.761+0700] {dagbag.py:588} INFO - Filling up the DagBag from /Users/andreasanditya/Downloads/572392_Andreas_AirflowETL/code/.venv/lib/python3.9/site-packages/airflow/example_dags/plugins/listener_plugin.py
[2026-09-18T13:21:23.764+0700] {processor.py:927} WARNING - No viable dags retrieved from /Users/andreasanditya/Downloads/572392_Andreas_AirflowETL/code/.venv/lib/python3.9/site-packages/airflow/example_dags/plugins/listener_plugin.py
[2026-09-18T13:21:23.844+0700] {processor.py:208} INFO - Processing /Users/andreasanditya/Downloads/572392_Andreas_AirflowETL/code/.venv/lib/python3.9/site-packages/airflow/example_dags/plugins/listener_plugin.py took 0.087 seconds
[2026-09-18T13:22:47.295+0700] {processor.py:186} INFO - Started process (PID=91222) to work on /Users/andreasanditya/Downloads/572392_Andreas_AirflowETL/code/.venv/lib/python3.9/site-packages/airflow/example_dags/plugins/listener_plugin.py
[2026-09-18T13:22:47.296+0700] {processor.py:914} INFO - Processing file /Users/andreasanditya/Downloads/572392_Andreas_AirflowETL/code/.venv/lib/python3.9/site-packages/airflow/example_dags/plugins/listener_plugin.py for tasks to queue
[2026-09-18T13:22:47.297+0700] {logging_mixin.py:190} INFO - [2026-09-18T13:22:47.297+0700] {dagbag.py:588} INFO - Filling up the DagBag from /Users/andreasanditya/Downloads/572392_Andreas_AirflowETL/code/.venv/lib/python3.9/site-packages/airflow/example_dags/plugins/listener_plugin.py
[2026-09-18T13:22:47.299+0700] {processor.py:927} WARNING - No viable dags retrieved from /Users/andreasanditya/Downloads/572392_Andreas_AirflowETL/code/.venv/lib/python3.9/site-packages/airflow/example_dags/plugins/listener_plugin.py
[2026-09-18T13:22:47.379+0700] {processor.py:208} INFO - Processing /Users/andreasanditya/Downloads/572392_Andreas_AirflowETL/code/.venv/lib/python3.9/site-packages/airflow/example_dags/plugins/listener_plugin.py took 0.086 seconds
[2026-09-18T13:24:12.062+0700] {processor.py:186} INFO - Started process (PID=92144) to work on /Users/andreasanditya/Downloads/572392_Andreas_AirflowETL/code/.venv/lib/python3.9/site-packages/airflow/example_dags/plugins/listener_plugin.py
[2026-09-18T13:24:12.063+0700] {processor.py:914} INFO - Processing file /Users/andreasanditya/Downloads/572392_Andreas_AirflowETL/code/.venv/lib/python3.9/site-packages/airflow/example_dags/plugins/listener_plugin.py for tasks to queue
[2026-09-18T13:24:12.064+0700] {logging_mixin.py:190} INFO - [2026-09-18T13:24:12.064+0700] {dagbag.py:588} INFO - Filling up the DagBag from /Users/andreasanditya/Downloads/572392_Andreas_AirflowETL/code/.venv/lib/python3.9/site-packages/airflow/example_dags/plugins/listener_plugin.py
[2026-09-18T13:24:12.065+0700] {processor.py:927} WARNING - No viable dags retrieved from /Users/andreasanditya/Downloads/572392_Andreas_AirflowETL/code/.venv/lib/python3.9/site-packages/airflow/example_dags/plugins/listener_plugin.py
[2026-09-18T13:24:12.163+0700] {processor.py:208} INFO - Processing /Users/andreasanditya/Downloads/572392_Andreas_AirflowETL/code/.venv/lib/python3.9/site-packages/airflow/example_dags/plugins/listener_plugin.py took 0.103 seconds
[2026-09-18T13:25:36.697+0700] {processor.py:186} INFO - Started process (PID=93070) to work on /Users/andreasanditya/Downloads/572392_Andreas_AirflowETL/code/.venv/lib/python3.9/site-packages/airflow/example_dags/plugins/listener_plugin.py
[2026-09-18T13:25:36.698+0700] {processor.py:914} INFO - Processing file /Users/andreasanditya/Downloads/572392_Andreas_AirflowETL/code/.venv/lib/python3.9/site-packages/airflow/example_dags/plugins/listener_plugin.py for tasks to queue
[2026-09-18T13:25:36.699+0700] {logging_mixin.py:190} INFO - [2026-09-18T13:25:36.699+0700] {dagbag.py:588} INFO - Filling up the DagBag from /Users/andreasanditya/Downloads/572392_Andreas_AirflowETL/code/.venv/lib/python3.9/site-packages/airflow/example_dags/plugins/listener_plugin.py
[2026-09-18T13:25:36.701+0700] {processor.py:927} WARNING - No viable dags retrieved from /Users/andreasanditya/Downloads/572392_Andreas_AirflowETL/code/.venv/lib/python3.9/site-packages/airflow/example_dags/plugins/listener_plugin.py
[2026-09-18T13:25:36.790+0700] {processor.py:208} INFO - Processing /Users/andreasanditya/Downloads/572392_Andreas_AirflowETL/code/.venv/lib/python3.9/site-packages/airflow/example_dags/plugins/listener_plugin.py took 0.095 seconds
[2026-09-18T13:27:05.811+0700] {processor.py:186} INFO - Started process (PID=94151) to work on /Users/andreasanditya/Downloads/572392_Andreas_AirflowETL/code/.venv/lib/python3.9/site-packages/airflow/example_dags/plugins/listener_plugin.py
[2026-09-18T13:27:05.813+0700] {processor.py:914} INFO - Processing file /Users/andreasanditya/Downloads/572392_Andreas_AirflowETL/code/.venv/lib/python3.9/site-packages/airflow/example_dags/plugins/listener_plugin.py for tasks to queue
[2026-09-18T13:27:05.814+0700] {logging_mixin.py:190} INFO - [2026-09-18T13:27:05.814+0700] {dagbag.py:588} INFO - Filling up the DagBag from /Users/andreasanditya/Downloads/572392_Andreas_AirflowETL/code/.venv/lib/python3.9/site-packages/airflow/example_dags/plugins/listener_plugin.py
[2026-09-18T13:27:05.816+0700] {processor.py:927} WARNING - No viable dags retrieved from /Users/andreasanditya/Downloads/572392_Andreas_AirflowETL/code/.venv/lib/python3.9/site-packages/airflow/example_dags/plugins/listener_plugin.py
[2026-09-18T13:27:05.898+0700] {processor.py:208} INFO - Processing /Users/andreasanditya/Downloads/572392_Andreas_AirflowETL/code/.venv/lib/python3.9/site-packages/airflow/example_dags/plugins/listener_plugin.py took 0.089 seconds
[2026-09-18T13:28:34.499+0700] {processor.py:186} INFO - Started process (PID=95001) to work on /Users/andreasanditya/Downloads/572392_Andreas_AirflowETL/code/.venv/lib/python3.9/site-packages/airflow/example_dags/plugins/listener_plugin.py
[2026-09-18T13:28:34.500+0700] {processor.py:914} INFO - Processing file /Users/andreasanditya/Downloads/572392_Andreas_AirflowETL/code/.venv/lib/python3.9/site-packages/airflow/example_dags/plugins/listener_plugin.py for tasks to queue
[2026-09-18T13:28:34.501+0700] {logging_mixin.py:190} INFO - [2026-09-18T13:28:34.501+0700] {dagbag.py:588} INFO - Filling up the DagBag from /Users/andreasanditya/Downloads/572392_Andreas_AirflowETL/code/.venv/lib/python3.9/site-packages/airflow/example_dags/plugins/listener_plugin.py
[2026-09-18T13:28:34.503+0700] {processor.py:927} WARNING - No viable dags retrieved from /Users/andreasanditya/Downloads/572392_Andreas_AirflowETL/code/.venv/lib/python3.9/site-packages/airflow/example_dags/plugins/listener_plugin.py
[2026-09-18T13:28:34.587+0700] {processor.py:208} INFO - Processing /Users/andreasanditya/Downloads/572392_Andreas_AirflowETL/code/.venv/lib/python3.9/site-packages/airflow/example_dags/plugins/listener_plugin.py took 0.090 seconds
[2026-09-18T13:30:05.569+0700] {processor.py:186} INFO - Started process (PID=96106) to work on /Users/andreasanditya/Downloads/572392_Andreas_AirflowETL/code/.venv/lib/python3.9/site-packages/airflow/example_dags/plugins/listener_plugin.py
[2026-09-18T13:30:05.570+0700] {processor.py:914} INFO - Processing file /Users/andreasanditya/Downloads/572392_Andreas_AirflowETL/code/.venv/lib/python3.9/site-packages/airflow/example_dags/plugins/listener_plugin.py for tasks to queue
[2026-09-18T13:30:05.570+0700] {logging_mixin.py:190} INFO - [2026-09-18T13:30:05.570+0700] {dagbag.py:588} INFO - Filling up the DagBag from /Users/andreasanditya/Downloads/572392_Andreas_AirflowETL/code/.venv/lib/python3.9/site-packages/airflow/example_dags/plugins/listener_plugin.py
[2026-09-18T13:30:05.573+0700] {processor.py:927} WARNING - No viable dags retrieved from /Users/andreasanditya/Downloads/572392_Andreas_AirflowETL/code/.venv/lib/python3.9/site-packages/airflow/example_dags/plugins/listener_plugin.py
[2026-09-18T13:30:05.659+0700] {processor.py:208} INFO - Processing /Users/andreasanditya/Downloads/572392_Andreas_AirflowETL/code/.venv/lib/python3.9/site-packages/airflow/example_dags/plugins/listener_plugin.py took 0.093 seconds
[2026-09-18T13:31:36.397+0700] {processor.py:186} INFO - Started process (PID=97048) to work on /Users/andreasanditya/Downloads/572392_Andreas_AirflowETL/code/.venv/lib/python3.9/site-packages/airflow/example_dags/plugins/listener_plugin.py
[2026-09-18T13:31:36.398+0700] {processor.py:914} INFO - Processing file /Users/andreasanditya/Downloads/572392_Andreas_AirflowETL/code/.venv/lib/python3.9/site-packages/airflow/example_dags/plugins/listener_plugin.py for tasks to queue
[2026-09-18T13:31:36.398+0700] {logging_mixin.py:190} INFO - [2026-09-18T13:31:36.398+0700] {dagbag.py:588} INFO - Filling up the DagBag from /Users/andreasanditya/Downloads/572392_Andreas_AirflowETL/code/.venv/lib/python3.9/site-packages/airflow/example_dags/plugins/listener_plugin.py
[2026-09-18T13:31:36.400+0700] {processor.py:927} WARNING - No viable dags retrieved from /Users/andreasanditya/Downloads/572392_Andreas_AirflowETL/code/.venv/lib/python3.9/site-packages/airflow/example_dags/plugins/listener_plugin.py
[2026-09-18T13:31:36.486+0700] {processor.py:208} INFO - Processing /Users/andreasanditya/Downloads/572392_Andreas_AirflowETL/code/.venv/lib/python3.9/site-packages/airflow/example_dags/plugins/listener_plugin.py took 0.091 seconds
[2026-09-18T13:33:03.735+0700] {processor.py:186} INFO - Started process (PID=98021) to work on /Users/andreasanditya/Downloads/572392_Andreas_AirflowETL/code/.venv/lib/python3.9/site-packages/airflow/example_dags/plugins/listener_plugin.py
[2026-09-18T13:33:03.736+0700] {processor.py:914} INFO - Processing file /Users/andreasanditya/Downloads/572392_Andreas_AirflowETL/code/.venv/lib/python3.9/site-packages/airflow/example_dags/plugins/listener_plugin.py for tasks to queue
[2026-09-18T13:33:03.737+0700] {logging_mixin.py:190} INFO - [2026-09-18T13:33:03.737+0700] {dagbag.py:588} INFO - Filling up the DagBag from /Users/andreasanditya/Downloads/572392_Andreas_AirflowETL/code/.venv/lib/python3.9/site-packages/airflow/example_dags/plugins/listener_plugin.py
[2026-09-18T13:33:03.739+0700] {processor.py:927} WARNING - No viable dags retrieved from /Users/andreasanditya/Downloads/572392_Andreas_AirflowETL/code/.venv/lib/python3.9/site-packages/airflow/example_dags/plugins/listener_plugin.py
[2026-09-18T13:33:03.824+0700] {processor.py:208} INFO - Processing /Users/andreasanditya/Downloads/572392_Andreas_AirflowETL/code/.venv/lib/python3.9/site-packages/airflow/example_dags/plugins/listener_plugin.py took 0.090 seconds
[2026-09-18T13:34:29.464+0700] {processor.py:186} INFO - Started process (PID=98856) to work on /Users/andreasanditya/Downloads/572392_Andreas_AirflowETL/code/.venv/lib/python3.9/site-packages/airflow/example_dags/plugins/listener_plugin.py
[2026-09-18T13:34:29.465+0700] {processor.py:914} INFO - Processing file /Users/andreasanditya/Downloads/572392_Andreas_AirflowETL/code/.venv/lib/python3.9/site-packages/airflow/example_dags/plugins/listener_plugin.py for tasks to queue
[2026-09-18T13:34:29.466+0700] {logging_mixin.py:190} INFO - [2026-09-18T13:34:29.466+0700] {dagbag.py:588} INFO - Filling up the DagBag from /Users/andreasanditya/Downloads/572392_Andreas_AirflowETL/code/.venv/lib/python3.9/site-packages/airflow/example_dags/plugins/listener_plugin.py
[2026-09-18T13:34:29.467+0700] {processor.py:927} WARNING - No viable dags retrieved from /Users/andreasanditya/Downloads/572392_Andreas_AirflowETL/code/.venv/lib/python3.9/site-packages/airflow/example_dags/plugins/listener_plugin.py
[2026-09-18T13:34:29.550+0700] {processor.py:208} INFO - Processing /Users/andreasanditya/Downloads/572392_Andreas_AirflowETL/code/.venv/lib/python3.9/site-packages/airflow/example_dags/plugins/listener_plugin.py took 0.088 seconds
[2026-09-18T13:35:57.851+0700] {processor.py:186} INFO - Started process (PID=99780) to work on /Users/andreasanditya/Downloads/572392_Andreas_AirflowETL/code/.venv/lib/python3.9/site-packages/airflow/example_dags/plugins/listener_plugin.py
[2026-09-18T13:35:57.853+0700] {processor.py:914} INFO - Processing file /Users/andreasanditya/Downloads/572392_Andreas_AirflowETL/code/.venv/lib/python3.9/site-packages/airflow/example_dags/plugins/listener_plugin.py for tasks to queue
[2026-09-18T13:35:57.853+0700] {logging_mixin.py:190} INFO - [2026-09-18T13:35:57.853+0700] {dagbag.py:588} INFO - Filling up the DagBag from /Users/andreasanditya/Downloads/572392_Andreas_AirflowETL/code/.venv/lib/python3.9/site-packages/airflow/example_dags/plugins/listener_plugin.py
[2026-09-18T13:35:57.855+0700] {processor.py:927} WARNING - No viable dags retrieved from /Users/andreasanditya/Downloads/572392_Andreas_AirflowETL/code/.venv/lib/python3.9/site-packages/airflow/example_dags/plugins/listener_plugin.py
[2026-09-18T13:35:57.937+0700] {processor.py:208} INFO - Processing /Users/andreasanditya/Downloads/572392_Andreas_AirflowETL/code/.venv/lib/python3.9/site-packages/airflow/example_dags/plugins/listener_plugin.py took 0.088 seconds
[2026-09-18T13:37:24.923+0700] {processor.py:186} INFO - Started process (PID=966) to work on /Users/andreasanditya/Downloads/572392_Andreas_AirflowETL/code/.venv/lib/python3.9/site-packages/airflow/example_dags/plugins/listener_plugin.py
[2026-09-18T13:37:24.924+0700] {processor.py:914} INFO - Processing file /Users/andreasanditya/Downloads/572392_Andreas_AirflowETL/code/.venv/lib/python3.9/site-packages/airflow/example_dags/plugins/listener_plugin.py for tasks to queue
[2026-09-18T13:37:24.925+0700] {logging_mixin.py:190} INFO - [2026-09-18T13:37:24.925+0700] {dagbag.py:588} INFO - Filling up the DagBag from /Users/andreasanditya/Downloads/572392_Andreas_AirflowETL/code/.venv/lib/python3.9/site-packages/airflow/example_dags/plugins/listener_plugin.py
[2026-09-18T13:37:24.927+0700] {processor.py:927} WARNING - No viable dags retrieved from /Users/andreasanditya/Downloads/572392_Andreas_AirflowETL/code/.venv/lib/python3.9/site-packages/airflow/example_dags/plugins/listener_plugin.py
[2026-09-18T13:37:25.012+0700] {processor.py:208} INFO - Processing /Users/andreasanditya/Downloads/572392_Andreas_AirflowETL/code/.venv/lib/python3.9/site-packages/airflow/example_dags/plugins/listener_plugin.py took 0.092 seconds
[2026-09-18T13:38:51.751+0700] {processor.py:186} INFO - Started process (PID=1943) to work on /Users/andreasanditya/Downloads/572392_Andreas_AirflowETL/code/.venv/lib/python3.9/site-packages/airflow/example_dags/plugins/listener_plugin.py
[2026-09-18T13:38:51.752+0700] {processor.py:914} INFO - Processing file /Users/andreasanditya/Downloads/572392_Andreas_AirflowETL/code/.venv/lib/python3.9/site-packages/airflow/example_dags/plugins/listener_plugin.py for tasks to queue
[2026-09-18T13:38:51.753+0700] {logging_mixin.py:190} INFO - [2026-09-18T13:38:51.753+0700] {dagbag.py:588} INFO - Filling up the DagBag from /Users/andreasanditya/Downloads/572392_Andreas_AirflowETL/code/.venv/lib/python3.9/site-packages/airflow/example_dags/plugins/listener_plugin.py
[2026-09-18T13:38:51.755+0700] {processor.py:927} WARNING - No viable dags retrieved from /Users/andreasanditya/Downloads/572392_Andreas_AirflowETL/code/.venv/lib/python3.9/site-packages/airflow/example_dags/plugins/listener_plugin.py
[2026-09-18T13:38:51.837+0700] {processor.py:208} INFO - Processing /Users/andreasanditya/Downloads/572392_Andreas_AirflowETL/code/.venv/lib/python3.9/site-packages/airflow/example_dags/plugins/listener_plugin.py took 0.088 seconds
