[2026-09-18T11:16:34.145+0700] {processor.py:186} INFO - Started process (PID=10126) to work on /Users/andreasanditya/Downloads/572392_Andreas_AirflowETL/code/.venv/lib/python3.9/site-packages/airflow/example_dags/plugins/workday.py
[2026-09-18T11:16:34.146+0700] {processor.py:914} INFO - Processing file /Users/andreasanditya/Downloads/572392_Andreas_AirflowETL/code/.venv/lib/python3.9/site-packages/airflow/example_dags/plugins/workday.py for tasks to queue
[2026-09-18T11:16:34.147+0700] {logging_mixin.py:190} INFO - [2026-09-18T11:16:34.147+0700] {dagbag.py:588} INFO - Filling up the DagBag from /Users/andreasanditya/Downloads/572392_Andreas_AirflowETL/code/.venv/lib/python3.9/site-packages/airflow/example_dags/plugins/workday.py
[2026-09-18T11:16:34.375+0700] {processor.py:927} WARNING - No viable dags retrieved from /Users/andreasanditya/Downloads/572392_Andreas_AirflowETL/code/.venv/lib/python3.9/site-packages/airflow/example_dags/plugins/workday.py
[2026-09-18T11:16:34.434+0700] {processor.py:208} INFO - Processing /Users/andreasanditya/Downloads/572392_Andreas_AirflowETL/code/.venv/lib/python3.9/site-packages/airflow/example_dags/plugins/workday.py took 0.291 seconds
[2026-09-18T11:18:48.010+0700] {processor.py:186} INFO - Started process (PID=11538) to work on /Users/andreasanditya/Downloads/572392_Andreas_AirflowETL/code/.venv/lib/python3.9/site-packages/airflow/example_dags/plugins/workday.py
[2026-09-18T11:18:48.011+0700] {processor.py:914} INFO - Processing file /Users/andreasanditya/Downloads/572392_Andreas_AirflowETL/code/.venv/lib/python3.9/site-packages/airflow/example_dags/plugins/workday.py for tasks to queue
[2026-09-18T11:18:48.012+0700] {logging_mixin.py:190} INFO - [2026-09-18T11:18:48.012+0700] {dagbag.py:588} INFO - Filling up the DagBag from /Users/andreasanditya/Downloads/572392_Andreas_AirflowETL/code/.venv/lib/python3.9/site-packages/airflow/example_dags/plugins/workday.py
[2026-09-18T11:18:48.239+0700] {processor.py:927} WARNING - No viable dags retrieved from /Users/andreasanditya/Downloads/572392_Andreas_AirflowETL/code/.venv/lib/python3.9/site-packages/airflow/example_dags/plugins/workday.py
[2026-09-18T11:18:48.296+0700] {processor.py:208} INFO - Processing /Users/andreasanditya/Downloads/572392_Andreas_AirflowETL/code/.venv/lib/python3.9/site-packages/airflow/example_dags/plugins/workday.py took 0.288 seconds
[2026-09-18T11:20:24.430+0700] {processor.py:186} INFO - Started process (PID=12623) to work on /Users/andreasanditya/Downloads/572392_Andreas_AirflowETL/code/.venv/lib/python3.9/site-packages/airflow/example_dags/plugins/workday.py
[2026-09-18T11:20:24.431+0700] {processor.py:914} INFO - Processing file /Users/andreasanditya/Downloads/572392_Andreas_AirflowETL/code/.venv/lib/python3.9/site-packages/airflow/example_dags/plugins/workday.py for tasks to queue
[2026-09-18T11:20:24.431+0700] {logging_mixin.py:190} INFO - [2026-09-18T11:20:24.431+0700] {dagbag.py:588} INFO - Filling up the DagBag from /Users/andreasanditya/Downloads/572392_Andreas_AirflowETL/code/.venv/lib/python3.9/site-packages/airflow/example_dags/plugins/workday.py
[2026-09-18T11:20:24.652+0700] {processor.py:927} WARNING - No viable dags retrieved from /Users/andreasanditya/Downloads/572392_Andreas_AirflowETL/code/.venv/lib/python3.9/site-packages/airflow/example_dags/plugins/workday.py
[2026-09-18T11:20:24.710+0700] {processor.py:208} INFO - Processing /Users/andreasanditya/Downloads/572392_Andreas_AirflowETL/code/.venv/lib/python3.9/site-packages/airflow/example_dags/plugins/workday.py took 0.283 seconds
[2026-09-18T11:21:53.461+0700] {processor.py:186} INFO - Started process (PID=13499) to work on /Users/andreasanditya/Downloads/572392_Andreas_AirflowETL/code/.venv/lib/python3.9/site-packages/airflow/example_dags/plugins/workday.py
[2026-09-18T11:21:53.462+0700] {processor.py:914} INFO - Processing file /Users/andreasanditya/Downloads/572392_Andreas_AirflowETL/code/.venv/lib/python3.9/site-packages/airflow/example_dags/plugins/workday.py for tasks to queue
[2026-09-18T11:21:53.463+0700] {logging_mixin.py:190} INFO - [2026-09-18T11:21:53.463+0700] {dagbag.py:588} INFO - Filling up the DagBag from /Users/andreasanditya/Downloads/572392_Andreas_AirflowETL/code/.venv/lib/python3.9/site-packages/airflow/example_dags/plugins/workday.py
[2026-09-18T11:21:53.698+0700] {processor.py:927} WARNING - No viable dags retrieved from /Users/andreasanditya/Downloads/572392_Andreas_AirflowETL/code/.venv/lib/python3.9/site-packages/airflow/example_dags/plugins/workday.py
[2026-09-18T11:21:53.756+0700] {processor.py:208} INFO - Processing /Users/andreasanditya/Downloads/572392_Andreas_AirflowETL/code/.venv/lib/python3.9/site-packages/airflow/example_dags/plugins/workday.py took 0.297 seconds
[2026-09-18T11:22:23.732+0700] {processor.py:186} INFO - Started process (PID=13836) to work on /Users/andreasanditya/Downloads/572392_Andreas_AirflowETL/code/.venv/lib/python3.9/site-packages/airflow/example_dags/plugins/workday.py
[2026-09-18T11:22:23.734+0700] {processor.py:914} INFO - Processing file /Users/andreasanditya/Downloads/572392_Andreas_AirflowETL/code/.venv/lib/python3.9/site-packages/airflow/example_dags/plugins/workday.py for tasks to queue
[2026-09-18T11:22:23.735+0700] {logging_mixin.py:190} INFO - [2026-09-18T11:22:23.734+0700] {dagbag.py:588} INFO - Filling up the DagBag from /Users/andreasanditya/Downloads/572392_Andreas_AirflowETL/code/.venv/lib/python3.9/site-packages/airflow/example_dags/plugins/workday.py
[2026-09-18T11:22:23.963+0700] {processor.py:927} WARNING - No viable dags retrieved from /Users/andreasanditya/Downloads/572392_Andreas_AirflowETL/code/.venv/lib/python3.9/site-packages/airflow/example_dags/plugins/workday.py
[2026-09-18T11:22:24.022+0700] {processor.py:208} INFO - Processing /Users/andreasanditya/Downloads/572392_Andreas_AirflowETL/code/.venv/lib/python3.9/site-packages/airflow/example_dags/plugins/workday.py took 0.292 seconds
[2026-09-18T11:23:49.724+0700] {processor.py:186} INFO - Started process (PID=14903) to work on /Users/andreasanditya/Downloads/572392_Andreas_AirflowETL/code/.venv/lib/python3.9/site-packages/airflow/example_dags/plugins/workday.py
[2026-09-18T11:23:49.726+0700] {processor.py:914} INFO - Processing file /Users/andreasanditya/Downloads/572392_Andreas_AirflowETL/code/.venv/lib/python3.9/site-packages/airflow/example_dags/plugins/workday.py for tasks to queue
[2026-09-18T11:23:49.726+0700] {logging_mixin.py:190} INFO - [2026-09-18T11:23:49.726+0700] {dagbag.py:588} INFO - Filling up the DagBag from /Users/andreasanditya/Downloads/572392_Andreas_AirflowETL/code/.venv/lib/python3.9/site-packages/airflow/example_dags/plugins/workday.py
[2026-09-18T11:23:49.967+0700] {processor.py:927} WARNING - No viable dags retrieved from /Users/andreasanditya/Downloads/572392_Andreas_AirflowETL/code/.venv/lib/python3.9/site-packages/airflow/example_dags/plugins/workday.py
[2026-09-18T11:23:50.029+0700] {processor.py:208} INFO - Processing /Users/andreasanditya/Downloads/572392_Andreas_AirflowETL/code/.venv/lib/python3.9/site-packages/airflow/example_dags/plugins/workday.py took 0.307 seconds
[2026-09-18T11:25:53.236+0700] {processor.py:186} INFO - Started process (PID=16169) to work on /Users/andreasanditya/Downloads/572392_Andreas_AirflowETL/code/.venv/lib/python3.9/site-packages/airflow/example_dags/plugins/workday.py
[2026-09-18T11:25:53.236+0700] {processor.py:914} INFO - Processing file /Users/andreasanditya/Downloads/572392_Andreas_AirflowETL/code/.venv/lib/python3.9/site-packages/airflow/example_dags/plugins/workday.py for tasks to queue
[2026-09-18T11:25:53.237+0700] {logging_mixin.py:190} INFO - [2026-09-18T11:25:53.237+0700] {dagbag.py:588} INFO - Filling up the DagBag from /Users/andreasanditya/Downloads/572392_Andreas_AirflowETL/code/.venv/lib/python3.9/site-packages/airflow/example_dags/plugins/workday.py
[2026-09-18T11:25:53.461+0700] {processor.py:927} WARNING - No viable dags retrieved from /Users/andreasanditya/Downloads/572392_Andreas_AirflowETL/code/.venv/lib/python3.9/site-packages/airflow/example_dags/plugins/workday.py
[2026-09-18T11:25:53.517+0700] {processor.py:208} INFO - Processing /Users/andreasanditya/Downloads/572392_Andreas_AirflowETL/code/.venv/lib/python3.9/site-packages/airflow/example_dags/plugins/workday.py took 0.284 seconds
[2026-09-18T11:27:27.587+0700] {processor.py:186} INFO - Started process (PID=17087) to work on /Users/andreasanditya/Downloads/572392_Andreas_AirflowETL/code/.venv/lib/python3.9/site-packages/airflow/example_dags/plugins/workday.py
[2026-09-18T11:27:27.588+0700] {processor.py:914} INFO - Processing file /Users/andreasanditya/Downloads/572392_Andreas_AirflowETL/code/.venv/lib/python3.9/site-packages/airflow/example_dags/plugins/workday.py for tasks to queue
[2026-09-18T11:27:27.589+0700] {logging_mixin.py:190} INFO - [2026-09-18T11:27:27.589+0700] {dagbag.py:588} INFO - Filling up the DagBag from /Users/andreasanditya/Downloads/572392_Andreas_AirflowETL/code/.venv/lib/python3.9/site-packages/airflow/example_dags/plugins/workday.py
[2026-09-18T11:27:27.816+0700] {processor.py:927} WARNING - No viable dags retrieved from /Users/andreasanditya/Downloads/572392_Andreas_AirflowETL/code/.venv/lib/python3.9/site-packages/airflow/example_dags/plugins/workday.py
[2026-09-18T11:27:27.873+0700] {processor.py:208} INFO - Processing /Users/andreasanditya/Downloads/572392_Andreas_AirflowETL/code/.venv/lib/python3.9/site-packages/airflow/example_dags/plugins/workday.py took 0.288 seconds
[2026-09-18T11:28:55.743+0700] {processor.py:186} INFO - Started process (PID=18016) to work on /Users/andreasanditya/Downloads/572392_Andreas_AirflowETL/code/.venv/lib/python3.9/site-packages/airflow/example_dags/plugins/workday.py
[2026-09-18T11:28:55.744+0700] {processor.py:914} INFO - Processing file /Users/andreasanditya/Downloads/572392_Andreas_AirflowETL/code/.venv/lib/python3.9/site-packages/airflow/example_dags/plugins/workday.py for tasks to queue
[2026-09-18T11:28:55.745+0700] {logging_mixin.py:190} INFO - [2026-09-18T11:28:55.745+0700] {dagbag.py:588} INFO - Filling up the DagBag from /Users/andreasanditya/Downloads/572392_Andreas_AirflowETL/code/.venv/lib/python3.9/site-packages/airflow/example_dags/plugins/workday.py
[2026-09-18T11:28:55.978+0700] {processor.py:927} WARNING - No viable dags retrieved from /Users/andreasanditya/Downloads/572392_Andreas_AirflowETL/code/.venv/lib/python3.9/site-packages/airflow/example_dags/plugins/workday.py
[2026-09-18T11:28:56.035+0700] {processor.py:208} INFO - Processing /Users/andreasanditya/Downloads/572392_Andreas_AirflowETL/code/.venv/lib/python3.9/site-packages/airflow/example_dags/plugins/workday.py took 0.294 seconds
[2026-09-18T11:30:25.452+0700] {processor.py:186} INFO - Started process (PID=18977) to work on /Users/andreasanditya/Downloads/572392_Andreas_AirflowETL/code/.venv/lib/python3.9/site-packages/airflow/example_dags/plugins/workday.py
[2026-09-18T11:30:25.453+0700] {processor.py:914} INFO - Processing file /Users/andreasanditya/Downloads/572392_Andreas_AirflowETL/code/.venv/lib/python3.9/site-packages/airflow/example_dags/plugins/workday.py for tasks to queue
[2026-09-18T11:30:25.453+0700] {logging_mixin.py:190} INFO - [2026-09-18T11:30:25.453+0700] {dagbag.py:588} INFO - Filling up the DagBag from /Users/andreasanditya/Downloads/572392_Andreas_AirflowETL/code/.venv/lib/python3.9/site-packages/airflow/example_dags/plugins/workday.py
[2026-09-18T11:30:25.685+0700] {processor.py:927} WARNING - No viable dags retrieved from /Users/andreasanditya/Downloads/572392_Andreas_AirflowETL/code/.venv/lib/python3.9/site-packages/airflow/example_dags/plugins/workday.py
[2026-09-18T11:30:25.744+0700] {processor.py:208} INFO - Processing /Users/andreasanditya/Downloads/572392_Andreas_AirflowETL/code/.venv/lib/python3.9/site-packages/airflow/example_dags/plugins/workday.py took 0.294 seconds
[2026-09-18T11:31:54.311+0700] {processor.py:186} INFO - Started process (PID=19895) to work on /Users/andreasanditya/Downloads/572392_Andreas_AirflowETL/code/.venv/lib/python3.9/site-packages/airflow/example_dags/plugins/workday.py
[2026-09-18T11:31:54.312+0700] {processor.py:914} INFO - Processing file /Users/andreasanditya/Downloads/572392_Andreas_AirflowETL/code/.venv/lib/python3.9/site-packages/airflow/example_dags/plugins/workday.py for tasks to queue
[2026-09-18T11:31:54.313+0700] {logging_mixin.py:190} INFO - [2026-09-18T11:31:54.312+0700] {dagbag.py:588} INFO - Filling up the DagBag from /Users/andreasanditya/Downloads/572392_Andreas_AirflowETL/code/.venv/lib/python3.9/site-packages/airflow/example_dags/plugins/workday.py
[2026-09-18T11:31:54.533+0700] {processor.py:927} WARNING - No viable dags retrieved from /Users/andreasanditya/Downloads/572392_Andreas_AirflowETL/code/.venv/lib/python3.9/site-packages/airflow/example_dags/plugins/workday.py
[2026-09-18T11:31:54.587+0700] {processor.py:208} INFO - Processing /Users/andreasanditya/Downloads/572392_Andreas_AirflowETL/code/.venv/lib/python3.9/site-packages/airflow/example_dags/plugins/workday.py took 0.279 seconds
[2026-09-18T11:33:21.714+0700] {processor.py:186} INFO - Started process (PID=20805) to work on /Users/andreasanditya/Downloads/572392_Andreas_AirflowETL/code/.venv/lib/python3.9/site-packages/airflow/example_dags/plugins/workday.py
[2026-09-18T11:33:21.715+0700] {processor.py:914} INFO - Processing file /Users/andreasanditya/Downloads/572392_Andreas_AirflowETL/code/.venv/lib/python3.9/site-packages/airflow/example_dags/plugins/workday.py for tasks to queue
[2026-09-18T11:33:21.716+0700] {logging_mixin.py:190} INFO - [2026-09-18T11:33:21.716+0700] {dagbag.py:588} INFO - Filling up the DagBag from /Users/andreasanditya/Downloads/572392_Andreas_AirflowETL/code/.venv/lib/python3.9/site-packages/airflow/example_dags/plugins/workday.py
[2026-09-18T11:33:21.947+0700] {processor.py:927} WARNING - No viable dags retrieved from /Users/andreasanditya/Downloads/572392_Andreas_AirflowETL/code/.venv/lib/python3.9/site-packages/airflow/example_dags/plugins/workday.py
[2026-09-18T11:33:22.005+0700] {processor.py:208} INFO - Processing /Users/andreasanditya/Downloads/572392_Andreas_AirflowETL/code/.venv/lib/python3.9/site-packages/airflow/example_dags/plugins/workday.py took 0.293 seconds
[2026-09-18T11:34:49.425+0700] {processor.py:186} INFO - Started process (PID=21756) to work on /Users/andreasanditya/Downloads/572392_Andreas_AirflowETL/code/.venv/lib/python3.9/site-packages/airflow/example_dags/plugins/workday.py
[2026-09-18T11:34:49.426+0700] {processor.py:914} INFO - Processing file /Users/andreasanditya/Downloads/572392_Andreas_AirflowETL/code/.venv/lib/python3.9/site-packages/airflow/example_dags/plugins/workday.py for tasks to queue
[2026-09-18T11:34:49.427+0700] {logging_mixin.py:190} INFO - [2026-09-18T11:34:49.427+0700] {dagbag.py:588} INFO - Filling up the DagBag from /Users/andreasanditya/Downloads/572392_Andreas_AirflowETL/code/.venv/lib/python3.9/site-packages/airflow/example_dags/plugins/workday.py
[2026-09-18T11:34:49.663+0700] {processor.py:927} WARNING - No viable dags retrieved from /Users/andreasanditya/Downloads/572392_Andreas_AirflowETL/code/.venv/lib/python3.9/site-packages/airflow/example_dags/plugins/workday.py
[2026-09-18T11:34:49.720+0700] {processor.py:208} INFO - Processing /Users/andreasanditya/Downloads/572392_Andreas_AirflowETL/code/.venv/lib/python3.9/site-packages/airflow/example_dags/plugins/workday.py took 0.297 seconds
[2026-09-18T11:36:16.116+0700] {processor.py:186} INFO - Started process (PID=22605) to work on /Users/andreasanditya/Downloads/572392_Andreas_AirflowETL/code/.venv/lib/python3.9/site-packages/airflow/example_dags/plugins/workday.py
[2026-09-18T11:36:16.117+0700] {processor.py:914} INFO - Processing file /Users/andreasanditya/Downloads/572392_Andreas_AirflowETL/code/.venv/lib/python3.9/site-packages/airflow/example_dags/plugins/workday.py for tasks to queue
[2026-09-18T11:36:16.118+0700] {logging_mixin.py:190} INFO - [2026-09-18T11:36:16.118+0700] {dagbag.py:588} INFO - Filling up the DagBag from /Users/andreasanditya/Downloads/572392_Andreas_AirflowETL/code/.venv/lib/python3.9/site-packages/airflow/example_dags/plugins/workday.py
[2026-09-18T11:36:16.344+0700] {processor.py:927} WARNING - No viable dags retrieved from /Users/andreasanditya/Downloads/572392_Andreas_AirflowETL/code/.venv/lib/python3.9/site-packages/airflow/example_dags/plugins/workday.py
[2026-09-18T11:36:16.400+0700] {processor.py:208} INFO - Processing /Users/andreasanditya/Downloads/572392_Andreas_AirflowETL/code/.venv/lib/python3.9/site-packages/airflow/example_dags/plugins/workday.py took 0.286 seconds
[2026-09-18T11:37:45.097+0700] {processor.py:186} INFO - Started process (PID=23623) to work on /Users/andreasanditya/Downloads/572392_Andreas_AirflowETL/code/.venv/lib/python3.9/site-packages/airflow/example_dags/plugins/workday.py
[2026-09-18T11:37:45.098+0700] {processor.py:914} INFO - Processing file /Users/andreasanditya/Downloads/572392_Andreas_AirflowETL/code/.venv/lib/python3.9/site-packages/airflow/example_dags/plugins/workday.py for tasks to queue
[2026-09-18T11:37:45.098+0700] {logging_mixin.py:190} INFO - [2026-09-18T11:37:45.098+0700] {dagbag.py:588} INFO - Filling up the DagBag from /Users/andreasanditya/Downloads/572392_Andreas_AirflowETL/code/.venv/lib/python3.9/site-packages/airflow/example_dags/plugins/workday.py
[2026-09-18T11:37:45.327+0700] {processor.py:927} WARNING - No viable dags retrieved from /Users/andreasanditya/Downloads/572392_Andreas_AirflowETL/code/.venv/lib/python3.9/site-packages/airflow/example_dags/plugins/workday.py
[2026-09-18T11:37:45.383+0700] {processor.py:208} INFO - Processing /Users/andreasanditya/Downloads/572392_Andreas_AirflowETL/code/.venv/lib/python3.9/site-packages/airflow/example_dags/plugins/workday.py took 0.288 seconds
[2026-09-18T11:39:11.371+0700] {processor.py:186} INFO - Started process (PID=24532) to work on /Users/andreasanditya/Downloads/572392_Andreas_AirflowETL/code/.venv/lib/python3.9/site-packages/airflow/example_dags/plugins/workday.py
[2026-09-18T11:39:11.372+0700] {processor.py:914} INFO - Processing file /Users/andreasanditya/Downloads/572392_Andreas_AirflowETL/code/.venv/lib/python3.9/site-packages/airflow/example_dags/plugins/workday.py for tasks to queue
[2026-09-18T11:39:11.373+0700] {logging_mixin.py:190} INFO - [2026-09-18T11:39:11.372+0700] {dagbag.py:588} INFO - Filling up the DagBag from /Users/andreasanditya/Downloads/572392_Andreas_AirflowETL/code/.venv/lib/python3.9/site-packages/airflow/example_dags/plugins/workday.py
[2026-09-18T11:39:11.607+0700] {processor.py:927} WARNING - No viable dags retrieved from /Users/andreasanditya/Downloads/572392_Andreas_AirflowETL/code/.venv/lib/python3.9/site-packages/airflow/example_dags/plugins/workday.py
[2026-09-18T11:39:11.663+0700] {processor.py:208} INFO - Processing /Users/andreasanditya/Downloads/572392_Andreas_AirflowETL/code/.venv/lib/python3.9/site-packages/airflow/example_dags/plugins/workday.py took 0.294 seconds
[2026-09-18T11:40:39.965+0700] {processor.py:186} INFO - Started process (PID=25379) to work on /Users/andreasanditya/Downloads/572392_Andreas_AirflowETL/code/.venv/lib/python3.9/site-packages/airflow/example_dags/plugins/workday.py
[2026-09-18T11:40:39.966+0700] {processor.py:914} INFO - Processing file /Users/andreasanditya/Downloads/572392_Andreas_AirflowETL/code/.venv/lib/python3.9/site-packages/airflow/example_dags/plugins/workday.py for tasks to queue
[2026-09-18T11:40:39.967+0700] {logging_mixin.py:190} INFO - [2026-09-18T11:40:39.967+0700] {dagbag.py:588} INFO - Filling up the DagBag from /Users/andreasanditya/Downloads/572392_Andreas_AirflowETL/code/.venv/lib/python3.9/site-packages/airflow/example_dags/plugins/workday.py
[2026-09-18T11:40:40.195+0700] {processor.py:927} WARNING - No viable dags retrieved from /Users/andreasanditya/Downloads/572392_Andreas_AirflowETL/code/.venv/lib/python3.9/site-packages/airflow/example_dags/plugins/workday.py
[2026-09-18T11:40:40.253+0700] {processor.py:208} INFO - Processing /Users/andreasanditya/Downloads/572392_Andreas_AirflowETL/code/.venv/lib/python3.9/site-packages/airflow/example_dags/plugins/workday.py took 0.290 seconds
[2026-09-18T11:42:11.016+0700] {processor.py:186} INFO - Started process (PID=26336) to work on /Users/andreasanditya/Downloads/572392_Andreas_AirflowETL/code/.venv/lib/python3.9/site-packages/airflow/example_dags/plugins/workday.py
[2026-09-18T11:42:11.017+0700] {processor.py:914} INFO - Processing file /Users/andreasanditya/Downloads/572392_Andreas_AirflowETL/code/.venv/lib/python3.9/site-packages/airflow/example_dags/plugins/workday.py for tasks to queue
[2026-09-18T11:42:11.017+0700] {logging_mixin.py:190} INFO - [2026-09-18T11:42:11.017+0700] {dagbag.py:588} INFO - Filling up the DagBag from /Users/andreasanditya/Downloads/572392_Andreas_AirflowETL/code/.venv/lib/python3.9/site-packages/airflow/example_dags/plugins/workday.py
[2026-09-18T11:42:11.251+0700] {processor.py:927} WARNING - No viable dags retrieved from /Users/andreasanditya/Downloads/572392_Andreas_AirflowETL/code/.venv/lib/python3.9/site-packages/airflow/example_dags/plugins/workday.py
[2026-09-18T11:42:11.313+0700] {processor.py:208} INFO - Processing /Users/andreasanditya/Downloads/572392_Andreas_AirflowETL/code/.venv/lib/python3.9/site-packages/airflow/example_dags/plugins/workday.py took 0.299 seconds
[2026-09-18T11:43:37.741+0700] {processor.py:186} INFO - Started process (PID=27236) to work on /Users/andreasanditya/Downloads/572392_Andreas_AirflowETL/code/.venv/lib/python3.9/site-packages/airflow/example_dags/plugins/workday.py
[2026-09-18T11:43:37.742+0700] {processor.py:914} INFO - Processing file /Users/andreasanditya/Downloads/572392_Andreas_AirflowETL/code/.venv/lib/python3.9/site-packages/airflow/example_dags/plugins/workday.py for tasks to queue
[2026-09-18T11:43:37.743+0700] {logging_mixin.py:190} INFO - [2026-09-18T11:43:37.743+0700] {dagbag.py:588} INFO - Filling up the DagBag from /Users/andreasanditya/Downloads/572392_Andreas_AirflowETL/code/.venv/lib/python3.9/site-packages/airflow/example_dags/plugins/workday.py
[2026-09-18T11:43:37.972+0700] {processor.py:927} WARNING - No viable dags retrieved from /Users/andreasanditya/Downloads/572392_Andreas_AirflowETL/code/.venv/lib/python3.9/site-packages/airflow/example_dags/plugins/workday.py
[2026-09-18T11:43:38.028+0700] {processor.py:208} INFO - Processing /Users/andreasanditya/Downloads/572392_Andreas_AirflowETL/code/.venv/lib/python3.9/site-packages/airflow/example_dags/plugins/workday.py took 0.288 seconds
[2026-09-18T11:45:05.958+0700] {processor.py:186} INFO - Started process (PID=28138) to work on /Users/andreasanditya/Downloads/572392_Andreas_AirflowETL/code/.venv/lib/python3.9/site-packages/airflow/example_dags/plugins/workday.py
[2026-09-18T11:45:05.959+0700] {processor.py:914} INFO - Processing file /Users/andreasanditya/Downloads/572392_Andreas_AirflowETL/code/.venv/lib/python3.9/site-packages/airflow/example_dags/plugins/workday.py for tasks to queue
[2026-09-18T11:45:05.959+0700] {logging_mixin.py:190} INFO - [2026-09-18T11:45:05.959+0700] {dagbag.py:588} INFO - Filling up the DagBag from /Users/andreasanditya/Downloads/572392_Andreas_AirflowETL/code/.venv/lib/python3.9/site-packages/airflow/example_dags/plugins/workday.py
[2026-09-18T11:45:06.178+0700] {processor.py:927} WARNING - No viable dags retrieved from /Users/andreasanditya/Downloads/572392_Andreas_AirflowETL/code/.venv/lib/python3.9/site-packages/airflow/example_dags/plugins/workday.py
[2026-09-18T11:45:06.234+0700] {processor.py:208} INFO - Processing /Users/andreasanditya/Downloads/572392_Andreas_AirflowETL/code/.venv/lib/python3.9/site-packages/airflow/example_dags/plugins/workday.py took 0.279 seconds
[2026-09-18T11:46:32.518+0700] {processor.py:186} INFO - Started process (PID=28957) to work on /Users/andreasanditya/Downloads/572392_Andreas_AirflowETL/code/.venv/lib/python3.9/site-packages/airflow/example_dags/plugins/workday.py
[2026-09-18T11:46:32.519+0700] {processor.py:914} INFO - Processing file /Users/andreasanditya/Downloads/572392_Andreas_AirflowETL/code/.venv/lib/python3.9/site-packages/airflow/example_dags/plugins/workday.py for tasks to queue
[2026-09-18T11:46:32.520+0700] {logging_mixin.py:190} INFO - [2026-09-18T11:46:32.520+0700] {dagbag.py:588} INFO - Filling up the DagBag from /Users/andreasanditya/Downloads/572392_Andreas_AirflowETL/code/.venv/lib/python3.9/site-packages/airflow/example_dags/plugins/workday.py
[2026-09-18T11:46:32.750+0700] {processor.py:927} WARNING - No viable dags retrieved from /Users/andreasanditya/Downloads/572392_Andreas_AirflowETL/code/.venv/lib/python3.9/site-packages/airflow/example_dags/plugins/workday.py
[2026-09-18T11:46:32.806+0700] {processor.py:208} INFO - Processing /Users/andreasanditya/Downloads/572392_Andreas_AirflowETL/code/.venv/lib/python3.9/site-packages/airflow/example_dags/plugins/workday.py took 0.290 seconds
[2026-09-18T11:47:58.170+0700] {processor.py:186} INFO - Started process (PID=29866) to work on /Users/andreasanditya/Downloads/572392_Andreas_AirflowETL/code/.venv/lib/python3.9/site-packages/airflow/example_dags/plugins/workday.py
[2026-09-18T11:47:58.171+0700] {processor.py:914} INFO - Processing file /Users/andreasanditya/Downloads/572392_Andreas_AirflowETL/code/.venv/lib/python3.9/site-packages/airflow/example_dags/plugins/workday.py for tasks to queue
[2026-09-18T11:47:58.172+0700] {logging_mixin.py:190} INFO - [2026-09-18T11:47:58.172+0700] {dagbag.py:588} INFO - Filling up the DagBag from /Users/andreasanditya/Downloads/572392_Andreas_AirflowETL/code/.venv/lib/python3.9/site-packages/airflow/example_dags/plugins/workday.py
[2026-09-18T11:47:58.398+0700] {processor.py:927} WARNING - No viable dags retrieved from /Users/andreasanditya/Downloads/572392_Andreas_AirflowETL/code/.venv/lib/python3.9/site-packages/airflow/example_dags/plugins/workday.py
[2026-09-18T11:47:58.453+0700] {processor.py:208} INFO - Processing /Users/andreasanditya/Downloads/572392_Andreas_AirflowETL/code/.venv/lib/python3.9/site-packages/airflow/example_dags/plugins/workday.py took 0.285 seconds
[2026-09-18T11:49:25.239+0700] {processor.py:186} INFO - Started process (PID=30715) to work on /Users/andreasanditya/Downloads/572392_Andreas_AirflowETL/code/.venv/lib/python3.9/site-packages/airflow/example_dags/plugins/workday.py
[2026-09-18T11:49:25.240+0700] {processor.py:914} INFO - Processing file /Users/andreasanditya/Downloads/572392_Andreas_AirflowETL/code/.venv/lib/python3.9/site-packages/airflow/example_dags/plugins/workday.py for tasks to queue
[2026-09-18T11:49:25.240+0700] {logging_mixin.py:190} INFO - [2026-09-18T11:49:25.240+0700] {dagbag.py:588} INFO - Filling up the DagBag from /Users/andreasanditya/Downloads/572392_Andreas_AirflowETL/code/.venv/lib/python3.9/site-packages/airflow/example_dags/plugins/workday.py
[2026-09-18T11:49:25.459+0700] {processor.py:927} WARNING - No viable dags retrieved from /Users/andreasanditya/Downloads/572392_Andreas_AirflowETL/code/.venv/lib/python3.9/site-packages/airflow/example_dags/plugins/workday.py
[2026-09-18T11:49:25.516+0700] {processor.py:208} INFO - Processing /Users/andreasanditya/Downloads/572392_Andreas_AirflowETL/code/.venv/lib/python3.9/site-packages/airflow/example_dags/plugins/workday.py took 0.279 seconds
[2026-09-18T11:50:52.258+0700] {processor.py:186} INFO - Started process (PID=31612) to work on /Users/andreasanditya/Downloads/572392_Andreas_AirflowETL/code/.venv/lib/python3.9/site-packages/airflow/example_dags/plugins/workday.py
[2026-09-18T11:50:52.259+0700] {processor.py:914} INFO - Processing file /Users/andreasanditya/Downloads/572392_Andreas_AirflowETL/code/.venv/lib/python3.9/site-packages/airflow/example_dags/plugins/workday.py for tasks to queue
[2026-09-18T11:50:52.259+0700] {logging_mixin.py:190} INFO - [2026-09-18T11:50:52.259+0700] {dagbag.py:588} INFO - Filling up the DagBag from /Users/andreasanditya/Downloads/572392_Andreas_AirflowETL/code/.venv/lib/python3.9/site-packages/airflow/example_dags/plugins/workday.py
[2026-09-18T11:50:52.488+0700] {processor.py:927} WARNING - No viable dags retrieved from /Users/andreasanditya/Downloads/572392_Andreas_AirflowETL/code/.venv/lib/python3.9/site-packages/airflow/example_dags/plugins/workday.py
[2026-09-18T11:50:52.545+0700] {processor.py:208} INFO - Processing /Users/andreasanditya/Downloads/572392_Andreas_AirflowETL/code/.venv/lib/python3.9/site-packages/airflow/example_dags/plugins/workday.py took 0.289 seconds
[2026-09-18T11:52:16.200+0700] {processor.py:186} INFO - Started process (PID=32432) to work on /Users/andreasanditya/Downloads/572392_Andreas_AirflowETL/code/.venv/lib/python3.9/site-packages/airflow/example_dags/plugins/workday.py
[2026-09-18T11:52:16.201+0700] {processor.py:914} INFO - Processing file /Users/andreasanditya/Downloads/572392_Andreas_AirflowETL/code/.venv/lib/python3.9/site-packages/airflow/example_dags/plugins/workday.py for tasks to queue
[2026-09-18T11:52:16.202+0700] {logging_mixin.py:190} INFO - [2026-09-18T11:52:16.202+0700] {dagbag.py:588} INFO - Filling up the DagBag from /Users/andreasanditya/Downloads/572392_Andreas_AirflowETL/code/.venv/lib/python3.9/site-packages/airflow/example_dags/plugins/workday.py
[2026-09-18T11:52:16.429+0700] {processor.py:927} WARNING - No viable dags retrieved from /Users/andreasanditya/Downloads/572392_Andreas_AirflowETL/code/.venv/lib/python3.9/site-packages/airflow/example_dags/plugins/workday.py
[2026-09-18T11:52:16.484+0700] {processor.py:208} INFO - Processing /Users/andreasanditya/Downloads/572392_Andreas_AirflowETL/code/.venv/lib/python3.9/site-packages/airflow/example_dags/plugins/workday.py took 0.286 seconds
[2026-09-18T11:53:43.133+0700] {processor.py:186} INFO - Started process (PID=33337) to work on /Users/andreasanditya/Downloads/572392_Andreas_AirflowETL/code/.venv/lib/python3.9/site-packages/airflow/example_dags/plugins/workday.py
[2026-09-18T11:53:43.136+0700] {processor.py:914} INFO - Processing file /Users/andreasanditya/Downloads/572392_Andreas_AirflowETL/code/.venv/lib/python3.9/site-packages/airflow/example_dags/plugins/workday.py for tasks to queue
[2026-09-18T11:53:43.136+0700] {logging_mixin.py:190} INFO - [2026-09-18T11:53:43.136+0700] {dagbag.py:588} INFO - Filling up the DagBag from /Users/andreasanditya/Downloads/572392_Andreas_AirflowETL/code/.venv/lib/python3.9/site-packages/airflow/example_dags/plugins/workday.py
[2026-09-18T11:53:43.356+0700] {processor.py:927} WARNING - No viable dags retrieved from /Users/andreasanditya/Downloads/572392_Andreas_AirflowETL/code/.venv/lib/python3.9/site-packages/airflow/example_dags/plugins/workday.py
[2026-09-18T11:53:43.414+0700] {processor.py:208} INFO - Processing /Users/andreasanditya/Downloads/572392_Andreas_AirflowETL/code/.venv/lib/python3.9/site-packages/airflow/example_dags/plugins/workday.py took 0.283 seconds
[2026-09-18T11:55:10.748+0700] {processor.py:186} INFO - Started process (PID=34181) to work on /Users/andreasanditya/Downloads/572392_Andreas_AirflowETL/code/.venv/lib/python3.9/site-packages/airflow/example_dags/plugins/workday.py
[2026-09-18T11:55:10.748+0700] {processor.py:914} INFO - Processing file /Users/andreasanditya/Downloads/572392_Andreas_AirflowETL/code/.venv/lib/python3.9/site-packages/airflow/example_dags/plugins/workday.py for tasks to queue
[2026-09-18T11:55:10.749+0700] {logging_mixin.py:190} INFO - [2026-09-18T11:55:10.749+0700] {dagbag.py:588} INFO - Filling up the DagBag from /Users/andreasanditya/Downloads/572392_Andreas_AirflowETL/code/.venv/lib/python3.9/site-packages/airflow/example_dags/plugins/workday.py
[2026-09-18T11:55:10.980+0700] {processor.py:927} WARNING - No viable dags retrieved from /Users/andreasanditya/Downloads/572392_Andreas_AirflowETL/code/.venv/lib/python3.9/site-packages/airflow/example_dags/plugins/workday.py
[2026-09-18T11:55:11.036+0700] {processor.py:208} INFO - Processing /Users/andreasanditya/Downloads/572392_Andreas_AirflowETL/code/.venv/lib/python3.9/site-packages/airflow/example_dags/plugins/workday.py took 0.291 seconds
[2026-09-18T11:56:37.492+0700] {processor.py:186} INFO - Started process (PID=35084) to work on /Users/andreasanditya/Downloads/572392_Andreas_AirflowETL/code/.venv/lib/python3.9/site-packages/airflow/example_dags/plugins/workday.py
[2026-09-18T11:56:37.493+0700] {processor.py:914} INFO - Processing file /Users/andreasanditya/Downloads/572392_Andreas_AirflowETL/code/.venv/lib/python3.9/site-packages/airflow/example_dags/plugins/workday.py for tasks to queue
[2026-09-18T11:56:37.493+0700] {logging_mixin.py:190} INFO - [2026-09-18T11:56:37.493+0700] {dagbag.py:588} INFO - Filling up the DagBag from /Users/andreasanditya/Downloads/572392_Andreas_AirflowETL/code/.venv/lib/python3.9/site-packages/airflow/example_dags/plugins/workday.py
[2026-09-18T11:56:37.723+0700] {processor.py:927} WARNING - No viable dags retrieved from /Users/andreasanditya/Downloads/572392_Andreas_AirflowETL/code/.venv/lib/python3.9/site-packages/airflow/example_dags/plugins/workday.py
[2026-09-18T11:56:37.778+0700] {processor.py:208} INFO - Processing /Users/andreasanditya/Downloads/572392_Andreas_AirflowETL/code/.venv/lib/python3.9/site-packages/airflow/example_dags/plugins/workday.py took 0.289 seconds
[2026-09-18T11:58:05.156+0700] {processor.py:186} INFO - Started process (PID=35994) to work on /Users/andreasanditya/Downloads/572392_Andreas_AirflowETL/code/.venv/lib/python3.9/site-packages/airflow/example_dags/plugins/workday.py
[2026-09-18T11:58:05.156+0700] {processor.py:914} INFO - Processing file /Users/andreasanditya/Downloads/572392_Andreas_AirflowETL/code/.venv/lib/python3.9/site-packages/airflow/example_dags/plugins/workday.py for tasks to queue
[2026-09-18T11:58:05.157+0700] {logging_mixin.py:190} INFO - [2026-09-18T11:58:05.157+0700] {dagbag.py:588} INFO - Filling up the DagBag from /Users/andreasanditya/Downloads/572392_Andreas_AirflowETL/code/.venv/lib/python3.9/site-packages/airflow/example_dags/plugins/workday.py
[2026-09-18T11:58:05.378+0700] {processor.py:927} WARNING - No viable dags retrieved from /Users/andreasanditya/Downloads/572392_Andreas_AirflowETL/code/.venv/lib/python3.9/site-packages/airflow/example_dags/plugins/workday.py
[2026-09-18T11:58:05.434+0700] {processor.py:208} INFO - Processing /Users/andreasanditya/Downloads/572392_Andreas_AirflowETL/code/.venv/lib/python3.9/site-packages/airflow/example_dags/plugins/workday.py took 0.281 seconds
[2026-09-18T11:59:29.205+0700] {processor.py:186} INFO - Started process (PID=36816) to work on /Users/andreasanditya/Downloads/572392_Andreas_AirflowETL/code/.venv/lib/python3.9/site-packages/airflow/example_dags/plugins/workday.py
[2026-09-18T11:59:29.207+0700] {processor.py:914} INFO - Processing file /Users/andreasanditya/Downloads/572392_Andreas_AirflowETL/code/.venv/lib/python3.9/site-packages/airflow/example_dags/plugins/workday.py for tasks to queue
[2026-09-18T11:59:29.207+0700] {logging_mixin.py:190} INFO - [2026-09-18T11:59:29.207+0700] {dagbag.py:588} INFO - Filling up the DagBag from /Users/andreasanditya/Downloads/572392_Andreas_AirflowETL/code/.venv/lib/python3.9/site-packages/airflow/example_dags/plugins/workday.py
[2026-09-18T11:59:29.442+0700] {processor.py:927} WARNING - No viable dags retrieved from /Users/andreasanditya/Downloads/572392_Andreas_AirflowETL/code/.venv/lib/python3.9/site-packages/airflow/example_dags/plugins/workday.py
[2026-09-18T11:59:29.499+0700] {processor.py:208} INFO - Processing /Users/andreasanditya/Downloads/572392_Andreas_AirflowETL/code/.venv/lib/python3.9/site-packages/airflow/example_dags/plugins/workday.py took 0.296 seconds
[2026-09-18T12:00:56.208+0700] {processor.py:186} INFO - Started process (PID=37656) to work on /Users/andreasanditya/Downloads/572392_Andreas_AirflowETL/code/.venv/lib/python3.9/site-packages/airflow/example_dags/plugins/workday.py
[2026-09-18T12:00:56.209+0700] {processor.py:914} INFO - Processing file /Users/andreasanditya/Downloads/572392_Andreas_AirflowETL/code/.venv/lib/python3.9/site-packages/airflow/example_dags/plugins/workday.py for tasks to queue
[2026-09-18T12:00:56.209+0700] {logging_mixin.py:190} INFO - [2026-09-18T12:00:56.209+0700] {dagbag.py:588} INFO - Filling up the DagBag from /Users/andreasanditya/Downloads/572392_Andreas_AirflowETL/code/.venv/lib/python3.9/site-packages/airflow/example_dags/plugins/workday.py
[2026-09-18T12:00:56.441+0700] {processor.py:927} WARNING - No viable dags retrieved from /Users/andreasanditya/Downloads/572392_Andreas_AirflowETL/code/.venv/lib/python3.9/site-packages/airflow/example_dags/plugins/workday.py
[2026-09-18T12:00:56.496+0700] {processor.py:208} INFO - Processing /Users/andreasanditya/Downloads/572392_Andreas_AirflowETL/code/.venv/lib/python3.9/site-packages/airflow/example_dags/plugins/workday.py took 0.290 seconds
[2026-09-18T12:02:23.067+0700] {processor.py:186} INFO - Started process (PID=38548) to work on /Users/andreasanditya/Downloads/572392_Andreas_AirflowETL/code/.venv/lib/python3.9/site-packages/airflow/example_dags/plugins/workday.py
[2026-09-18T12:02:23.068+0700] {processor.py:914} INFO - Processing file /Users/andreasanditya/Downloads/572392_Andreas_AirflowETL/code/.venv/lib/python3.9/site-packages/airflow/example_dags/plugins/workday.py for tasks to queue
[2026-09-18T12:02:23.069+0700] {logging_mixin.py:190} INFO - [2026-09-18T12:02:23.069+0700] {dagbag.py:588} INFO - Filling up the DagBag from /Users/andreasanditya/Downloads/572392_Andreas_AirflowETL/code/.venv/lib/python3.9/site-packages/airflow/example_dags/plugins/workday.py
[2026-09-18T12:02:23.291+0700] {processor.py:927} WARNING - No viable dags retrieved from /Users/andreasanditya/Downloads/572392_Andreas_AirflowETL/code/.venv/lib/python3.9/site-packages/airflow/example_dags/plugins/workday.py
[2026-09-18T12:02:23.349+0700] {processor.py:208} INFO - Processing /Users/andreasanditya/Downloads/572392_Andreas_AirflowETL/code/.venv/lib/python3.9/site-packages/airflow/example_dags/plugins/workday.py took 0.284 seconds
[2026-09-18T12:03:50.183+0700] {processor.py:186} INFO - Started process (PID=39483) to work on /Users/andreasanditya/Downloads/572392_Andreas_AirflowETL/code/.venv/lib/python3.9/site-packages/airflow/example_dags/plugins/workday.py
[2026-09-18T12:03:50.185+0700] {processor.py:914} INFO - Processing file /Users/andreasanditya/Downloads/572392_Andreas_AirflowETL/code/.venv/lib/python3.9/site-packages/airflow/example_dags/plugins/workday.py for tasks to queue
[2026-09-18T12:03:50.186+0700] {logging_mixin.py:190} INFO - [2026-09-18T12:03:50.186+0700] {dagbag.py:588} INFO - Filling up the DagBag from /Users/andreasanditya/Downloads/572392_Andreas_AirflowETL/code/.venv/lib/python3.9/site-packages/airflow/example_dags/plugins/workday.py
[2026-09-18T12:03:50.409+0700] {processor.py:927} WARNING - No viable dags retrieved from /Users/andreasanditya/Downloads/572392_Andreas_AirflowETL/code/.venv/lib/python3.9/site-packages/airflow/example_dags/plugins/workday.py
[2026-09-18T12:03:50.465+0700] {processor.py:208} INFO - Processing /Users/andreasanditya/Downloads/572392_Andreas_AirflowETL/code/.venv/lib/python3.9/site-packages/airflow/example_dags/plugins/workday.py took 0.285 seconds
[2026-09-18T12:05:17.032+0700] {processor.py:186} INFO - Started process (PID=40309) to work on /Users/andreasanditya/Downloads/572392_Andreas_AirflowETL/code/.venv/lib/python3.9/site-packages/airflow/example_dags/plugins/workday.py
[2026-09-18T12:05:17.035+0700] {processor.py:914} INFO - Processing file /Users/andreasanditya/Downloads/572392_Andreas_AirflowETL/code/.venv/lib/python3.9/site-packages/airflow/example_dags/plugins/workday.py for tasks to queue
[2026-09-18T12:05:17.036+0700] {logging_mixin.py:190} INFO - [2026-09-18T12:05:17.036+0700] {dagbag.py:588} INFO - Filling up the DagBag from /Users/andreasanditya/Downloads/572392_Andreas_AirflowETL/code/.venv/lib/python3.9/site-packages/airflow/example_dags/plugins/workday.py
[2026-09-18T12:05:17.264+0700] {processor.py:927} WARNING - No viable dags retrieved from /Users/andreasanditya/Downloads/572392_Andreas_AirflowETL/code/.venv/lib/python3.9/site-packages/airflow/example_dags/plugins/workday.py
[2026-09-18T12:05:17.321+0700] {processor.py:208} INFO - Processing /Users/andreasanditya/Downloads/572392_Andreas_AirflowETL/code/.venv/lib/python3.9/site-packages/airflow/example_dags/plugins/workday.py took 0.291 seconds
[2026-09-18T12:06:44.421+0700] {processor.py:186} INFO - Started process (PID=41227) to work on /Users/andreasanditya/Downloads/572392_Andreas_AirflowETL/code/.venv/lib/python3.9/site-packages/airflow/example_dags/plugins/workday.py
[2026-09-18T12:06:44.422+0700] {processor.py:914} INFO - Processing file /Users/andreasanditya/Downloads/572392_Andreas_AirflowETL/code/.venv/lib/python3.9/site-packages/airflow/example_dags/plugins/workday.py for tasks to queue
[2026-09-18T12:06:44.423+0700] {logging_mixin.py:190} INFO - [2026-09-18T12:06:44.423+0700] {dagbag.py:588} INFO - Filling up the DagBag from /Users/andreasanditya/Downloads/572392_Andreas_AirflowETL/code/.venv/lib/python3.9/site-packages/airflow/example_dags/plugins/workday.py
[2026-09-18T12:06:44.655+0700] {processor.py:927} WARNING - No viable dags retrieved from /Users/andreasanditya/Downloads/572392_Andreas_AirflowETL/code/.venv/lib/python3.9/site-packages/airflow/example_dags/plugins/workday.py
[2026-09-18T12:06:44.710+0700] {processor.py:208} INFO - Processing /Users/andreasanditya/Downloads/572392_Andreas_AirflowETL/code/.venv/lib/python3.9/site-packages/airflow/example_dags/plugins/workday.py took 0.291 seconds
[2026-09-18T12:08:12.559+0700] {processor.py:186} INFO - Started process (PID=42056) to work on /Users/andreasanditya/Downloads/572392_Andreas_AirflowETL/code/.venv/lib/python3.9/site-packages/airflow/example_dags/plugins/workday.py
[2026-09-18T12:08:12.560+0700] {processor.py:914} INFO - Processing file /Users/andreasanditya/Downloads/572392_Andreas_AirflowETL/code/.venv/lib/python3.9/site-packages/airflow/example_dags/plugins/workday.py for tasks to queue
[2026-09-18T12:08:12.560+0700] {logging_mixin.py:190} INFO - [2026-09-18T12:08:12.560+0700] {dagbag.py:588} INFO - Filling up the DagBag from /Users/andreasanditya/Downloads/572392_Andreas_AirflowETL/code/.venv/lib/python3.9/site-packages/airflow/example_dags/plugins/workday.py
[2026-09-18T12:08:12.788+0700] {processor.py:927} WARNING - No viable dags retrieved from /Users/andreasanditya/Downloads/572392_Andreas_AirflowETL/code/.venv/lib/python3.9/site-packages/airflow/example_dags/plugins/workday.py
[2026-09-18T12:08:12.845+0700] {processor.py:208} INFO - Processing /Users/andreasanditya/Downloads/572392_Andreas_AirflowETL/code/.venv/lib/python3.9/site-packages/airflow/example_dags/plugins/workday.py took 0.288 seconds
[2026-09-18T12:09:39.228+0700] {processor.py:186} INFO - Started process (PID=42962) to work on /Users/andreasanditya/Downloads/572392_Andreas_AirflowETL/code/.venv/lib/python3.9/site-packages/airflow/example_dags/plugins/workday.py
[2026-09-18T12:09:39.230+0700] {processor.py:914} INFO - Processing file /Users/andreasanditya/Downloads/572392_Andreas_AirflowETL/code/.venv/lib/python3.9/site-packages/airflow/example_dags/plugins/workday.py for tasks to queue
[2026-09-18T12:09:39.230+0700] {logging_mixin.py:190} INFO - [2026-09-18T12:09:39.230+0700] {dagbag.py:588} INFO - Filling up the DagBag from /Users/andreasanditya/Downloads/572392_Andreas_AirflowETL/code/.venv/lib/python3.9/site-packages/airflow/example_dags/plugins/workday.py
[2026-09-18T12:09:39.461+0700] {processor.py:927} WARNING - No viable dags retrieved from /Users/andreasanditya/Downloads/572392_Andreas_AirflowETL/code/.venv/lib/python3.9/site-packages/airflow/example_dags/plugins/workday.py
[2026-09-18T12:09:39.518+0700] {processor.py:208} INFO - Processing /Users/andreasanditya/Downloads/572392_Andreas_AirflowETL/code/.venv/lib/python3.9/site-packages/airflow/example_dags/plugins/workday.py took 0.291 seconds
[2026-09-18T12:11:04.509+0700] {processor.py:186} INFO - Started process (PID=43783) to work on /Users/andreasanditya/Downloads/572392_Andreas_AirflowETL/code/.venv/lib/python3.9/site-packages/airflow/example_dags/plugins/workday.py
[2026-09-18T12:11:04.509+0700] {processor.py:914} INFO - Processing file /Users/andreasanditya/Downloads/572392_Andreas_AirflowETL/code/.venv/lib/python3.9/site-packages/airflow/example_dags/plugins/workday.py for tasks to queue
[2026-09-18T12:11:04.510+0700] {logging_mixin.py:190} INFO - [2026-09-18T12:11:04.510+0700] {dagbag.py:588} INFO - Filling up the DagBag from /Users/andreasanditya/Downloads/572392_Andreas_AirflowETL/code/.venv/lib/python3.9/site-packages/airflow/example_dags/plugins/workday.py
[2026-09-18T12:11:04.771+0700] {processor.py:927} WARNING - No viable dags retrieved from /Users/andreasanditya/Downloads/572392_Andreas_AirflowETL/code/.venv/lib/python3.9/site-packages/airflow/example_dags/plugins/workday.py
[2026-09-18T12:11:04.836+0700] {processor.py:208} INFO - Processing /Users/andreasanditya/Downloads/572392_Andreas_AirflowETL/code/.venv/lib/python3.9/site-packages/airflow/example_dags/plugins/workday.py took 0.329 seconds
[2026-09-18T12:12:34.593+0700] {processor.py:186} INFO - Started process (PID=44697) to work on /Users/andreasanditya/Downloads/572392_Andreas_AirflowETL/code/.venv/lib/python3.9/site-packages/airflow/example_dags/plugins/workday.py
[2026-09-18T12:12:34.594+0700] {processor.py:914} INFO - Processing file /Users/andreasanditya/Downloads/572392_Andreas_AirflowETL/code/.venv/lib/python3.9/site-packages/airflow/example_dags/plugins/workday.py for tasks to queue
[2026-09-18T12:12:34.595+0700] {logging_mixin.py:190} INFO - [2026-09-18T12:12:34.595+0700] {dagbag.py:588} INFO - Filling up the DagBag from /Users/andreasanditya/Downloads/572392_Andreas_AirflowETL/code/.venv/lib/python3.9/site-packages/airflow/example_dags/plugins/workday.py
[2026-09-18T12:12:34.906+0700] {processor.py:927} WARNING - No viable dags retrieved from /Users/andreasanditya/Downloads/572392_Andreas_AirflowETL/code/.venv/lib/python3.9/site-packages/airflow/example_dags/plugins/workday.py
[2026-09-18T12:12:34.979+0700] {processor.py:208} INFO - Processing /Users/andreasanditya/Downloads/572392_Andreas_AirflowETL/code/.venv/lib/python3.9/site-packages/airflow/example_dags/plugins/workday.py took 0.388 seconds
[2026-09-18T12:14:03.113+0700] {processor.py:186} INFO - Started process (PID=46457) to work on /Users/andreasanditya/Downloads/572392_Andreas_AirflowETL/code/.venv/lib/python3.9/site-packages/airflow/example_dags/plugins/workday.py
[2026-09-18T12:14:03.114+0700] {processor.py:914} INFO - Processing file /Users/andreasanditya/Downloads/572392_Andreas_AirflowETL/code/.venv/lib/python3.9/site-packages/airflow/example_dags/plugins/workday.py for tasks to queue
[2026-09-18T12:14:03.115+0700] {logging_mixin.py:190} INFO - [2026-09-18T12:14:03.115+0700] {dagbag.py:588} INFO - Filling up the DagBag from /Users/andreasanditya/Downloads/572392_Andreas_AirflowETL/code/.venv/lib/python3.9/site-packages/airflow/example_dags/plugins/workday.py
[2026-09-18T12:14:03.396+0700] {processor.py:927} WARNING - No viable dags retrieved from /Users/andreasanditya/Downloads/572392_Andreas_AirflowETL/code/.venv/lib/python3.9/site-packages/airflow/example_dags/plugins/workday.py
[2026-09-18T12:14:03.455+0700] {processor.py:208} INFO - Processing /Users/andreasanditya/Downloads/572392_Andreas_AirflowETL/code/.venv/lib/python3.9/site-packages/airflow/example_dags/plugins/workday.py took 0.344 seconds
[2026-09-18T12:15:30.610+0700] {processor.py:186} INFO - Started process (PID=47805) to work on /Users/andreasanditya/Downloads/572392_Andreas_AirflowETL/code/.venv/lib/python3.9/site-packages/airflow/example_dags/plugins/workday.py
[2026-09-18T12:15:30.611+0700] {processor.py:914} INFO - Processing file /Users/andreasanditya/Downloads/572392_Andreas_AirflowETL/code/.venv/lib/python3.9/site-packages/airflow/example_dags/plugins/workday.py for tasks to queue
[2026-09-18T12:15:30.612+0700] {logging_mixin.py:190} INFO - [2026-09-18T12:15:30.612+0700] {dagbag.py:588} INFO - Filling up the DagBag from /Users/andreasanditya/Downloads/572392_Andreas_AirflowETL/code/.venv/lib/python3.9/site-packages/airflow/example_dags/plugins/workday.py
[2026-09-18T12:15:30.843+0700] {processor.py:927} WARNING - No viable dags retrieved from /Users/andreasanditya/Downloads/572392_Andreas_AirflowETL/code/.venv/lib/python3.9/site-packages/airflow/example_dags/plugins/workday.py
[2026-09-18T12:15:30.900+0700] {processor.py:208} INFO - Processing /Users/andreasanditya/Downloads/572392_Andreas_AirflowETL/code/.venv/lib/python3.9/site-packages/airflow/example_dags/plugins/workday.py took 0.292 seconds
[2026-09-18T12:16:58.528+0700] {processor.py:186} INFO - Started process (PID=49196) to work on /Users/andreasanditya/Downloads/572392_Andreas_AirflowETL/code/.venv/lib/python3.9/site-packages/airflow/example_dags/plugins/workday.py
[2026-09-18T12:16:58.529+0700] {processor.py:914} INFO - Processing file /Users/andreasanditya/Downloads/572392_Andreas_AirflowETL/code/.venv/lib/python3.9/site-packages/airflow/example_dags/plugins/workday.py for tasks to queue
[2026-09-18T12:16:58.530+0700] {logging_mixin.py:190} INFO - [2026-09-18T12:16:58.530+0700] {dagbag.py:588} INFO - Filling up the DagBag from /Users/andreasanditya/Downloads/572392_Andreas_AirflowETL/code/.venv/lib/python3.9/site-packages/airflow/example_dags/plugins/workday.py
[2026-09-18T12:16:58.748+0700] {processor.py:927} WARNING - No viable dags retrieved from /Users/andreasanditya/Downloads/572392_Andreas_AirflowETL/code/.venv/lib/python3.9/site-packages/airflow/example_dags/plugins/workday.py
[2026-09-18T12:16:58.803+0700] {processor.py:208} INFO - Processing /Users/andreasanditya/Downloads/572392_Andreas_AirflowETL/code/.venv/lib/python3.9/site-packages/airflow/example_dags/plugins/workday.py took 0.277 seconds
[2026-09-18T12:18:28.843+0700] {processor.py:186} INFO - Started process (PID=50678) to work on /Users/andreasanditya/Downloads/572392_Andreas_AirflowETL/code/.venv/lib/python3.9/site-packages/airflow/example_dags/plugins/workday.py
[2026-09-18T12:18:28.844+0700] {processor.py:914} INFO - Processing file /Users/andreasanditya/Downloads/572392_Andreas_AirflowETL/code/.venv/lib/python3.9/site-packages/airflow/example_dags/plugins/workday.py for tasks to queue
[2026-09-18T12:18:28.845+0700] {logging_mixin.py:190} INFO - [2026-09-18T12:18:28.845+0700] {dagbag.py:588} INFO - Filling up the DagBag from /Users/andreasanditya/Downloads/572392_Andreas_AirflowETL/code/.venv/lib/python3.9/site-packages/airflow/example_dags/plugins/workday.py
[2026-09-18T12:18:29.080+0700] {processor.py:927} WARNING - No viable dags retrieved from /Users/andreasanditya/Downloads/572392_Andreas_AirflowETL/code/.venv/lib/python3.9/site-packages/airflow/example_dags/plugins/workday.py
[2026-09-18T12:18:29.138+0700] {processor.py:208} INFO - Processing /Users/andreasanditya/Downloads/572392_Andreas_AirflowETL/code/.venv/lib/python3.9/site-packages/airflow/example_dags/plugins/workday.py took 0.297 seconds
[2026-09-18T12:19:56.990+0700] {processor.py:186} INFO - Started process (PID=52305) to work on /Users/andreasanditya/Downloads/572392_Andreas_AirflowETL/code/.venv/lib/python3.9/site-packages/airflow/example_dags/plugins/workday.py
[2026-09-18T12:19:56.991+0700] {processor.py:914} INFO - Processing file /Users/andreasanditya/Downloads/572392_Andreas_AirflowETL/code/.venv/lib/python3.9/site-packages/airflow/example_dags/plugins/workday.py for tasks to queue
[2026-09-18T12:19:56.992+0700] {logging_mixin.py:190} INFO - [2026-09-18T12:19:56.991+0700] {dagbag.py:588} INFO - Filling up the DagBag from /Users/andreasanditya/Downloads/572392_Andreas_AirflowETL/code/.venv/lib/python3.9/site-packages/airflow/example_dags/plugins/workday.py
[2026-09-18T12:19:57.238+0700] {processor.py:927} WARNING - No viable dags retrieved from /Users/andreasanditya/Downloads/572392_Andreas_AirflowETL/code/.venv/lib/python3.9/site-packages/airflow/example_dags/plugins/workday.py
[2026-09-18T12:19:57.299+0700] {processor.py:208} INFO - Processing /Users/andreasanditya/Downloads/572392_Andreas_AirflowETL/code/.venv/lib/python3.9/site-packages/airflow/example_dags/plugins/workday.py took 0.311 seconds
[2026-09-18T12:21:24.758+0700] {processor.py:186} INFO - Started process (PID=53633) to work on /Users/andreasanditya/Downloads/572392_Andreas_AirflowETL/code/.venv/lib/python3.9/site-packages/airflow/example_dags/plugins/workday.py
[2026-09-18T12:21:24.759+0700] {processor.py:914} INFO - Processing file /Users/andreasanditya/Downloads/572392_Andreas_AirflowETL/code/.venv/lib/python3.9/site-packages/airflow/example_dags/plugins/workday.py for tasks to queue
[2026-09-18T12:21:24.760+0700] {logging_mixin.py:190} INFO - [2026-09-18T12:21:24.760+0700] {dagbag.py:588} INFO - Filling up the DagBag from /Users/andreasanditya/Downloads/572392_Andreas_AirflowETL/code/.venv/lib/python3.9/site-packages/airflow/example_dags/plugins/workday.py
[2026-09-18T12:21:24.984+0700] {processor.py:927} WARNING - No viable dags retrieved from /Users/andreasanditya/Downloads/572392_Andreas_AirflowETL/code/.venv/lib/python3.9/site-packages/airflow/example_dags/plugins/workday.py
[2026-09-18T12:21:25.039+0700] {processor.py:208} INFO - Processing /Users/andreasanditya/Downloads/572392_Andreas_AirflowETL/code/.venv/lib/python3.9/site-packages/airflow/example_dags/plugins/workday.py took 0.283 seconds
[2026-09-18T12:22:51.235+0700] {processor.py:186} INFO - Started process (PID=54464) to work on /Users/andreasanditya/Downloads/572392_Andreas_AirflowETL/code/.venv/lib/python3.9/site-packages/airflow/example_dags/plugins/workday.py
[2026-09-18T12:22:51.236+0700] {processor.py:914} INFO - Processing file /Users/andreasanditya/Downloads/572392_Andreas_AirflowETL/code/.venv/lib/python3.9/site-packages/airflow/example_dags/plugins/workday.py for tasks to queue
[2026-09-18T12:22:51.237+0700] {logging_mixin.py:190} INFO - [2026-09-18T12:22:51.237+0700] {dagbag.py:588} INFO - Filling up the DagBag from /Users/andreasanditya/Downloads/572392_Andreas_AirflowETL/code/.venv/lib/python3.9/site-packages/airflow/example_dags/plugins/workday.py
[2026-09-18T12:22:51.465+0700] {processor.py:927} WARNING - No viable dags retrieved from /Users/andreasanditya/Downloads/572392_Andreas_AirflowETL/code/.venv/lib/python3.9/site-packages/airflow/example_dags/plugins/workday.py
[2026-09-18T12:22:51.521+0700] {processor.py:208} INFO - Processing /Users/andreasanditya/Downloads/572392_Andreas_AirflowETL/code/.venv/lib/python3.9/site-packages/airflow/example_dags/plugins/workday.py took 0.289 seconds
[2026-09-18T12:24:17.727+0700] {processor.py:186} INFO - Started process (PID=55398) to work on /Users/andreasanditya/Downloads/572392_Andreas_AirflowETL/code/.venv/lib/python3.9/site-packages/airflow/example_dags/plugins/workday.py
[2026-09-18T12:24:17.730+0700] {processor.py:914} INFO - Processing file /Users/andreasanditya/Downloads/572392_Andreas_AirflowETL/code/.venv/lib/python3.9/site-packages/airflow/example_dags/plugins/workday.py for tasks to queue
[2026-09-18T12:24:17.730+0700] {logging_mixin.py:190} INFO - [2026-09-18T12:24:17.730+0700] {dagbag.py:588} INFO - Filling up the DagBag from /Users/andreasanditya/Downloads/572392_Andreas_AirflowETL/code/.venv/lib/python3.9/site-packages/airflow/example_dags/plugins/workday.py
[2026-09-18T12:24:17.954+0700] {processor.py:927} WARNING - No viable dags retrieved from /Users/andreasanditya/Downloads/572392_Andreas_AirflowETL/code/.venv/lib/python3.9/site-packages/airflow/example_dags/plugins/workday.py
[2026-09-18T12:24:18.010+0700] {processor.py:208} INFO - Processing /Users/andreasanditya/Downloads/572392_Andreas_AirflowETL/code/.venv/lib/python3.9/site-packages/airflow/example_dags/plugins/workday.py took 0.286 seconds
[2026-09-18T12:25:44.654+0700] {processor.py:186} INFO - Started process (PID=56307) to work on /Users/andreasanditya/Downloads/572392_Andreas_AirflowETL/code/.venv/lib/python3.9/site-packages/airflow/example_dags/plugins/workday.py
[2026-09-18T12:25:44.655+0700] {processor.py:914} INFO - Processing file /Users/andreasanditya/Downloads/572392_Andreas_AirflowETL/code/.venv/lib/python3.9/site-packages/airflow/example_dags/plugins/workday.py for tasks to queue
[2026-09-18T12:25:44.656+0700] {logging_mixin.py:190} INFO - [2026-09-18T12:25:44.656+0700] {dagbag.py:588} INFO - Filling up the DagBag from /Users/andreasanditya/Downloads/572392_Andreas_AirflowETL/code/.venv/lib/python3.9/site-packages/airflow/example_dags/plugins/workday.py
[2026-09-18T12:25:44.876+0700] {processor.py:927} WARNING - No viable dags retrieved from /Users/andreasanditya/Downloads/572392_Andreas_AirflowETL/code/.venv/lib/python3.9/site-packages/airflow/example_dags/plugins/workday.py
[2026-09-18T12:25:44.932+0700] {processor.py:208} INFO - Processing /Users/andreasanditya/Downloads/572392_Andreas_AirflowETL/code/.venv/lib/python3.9/site-packages/airflow/example_dags/plugins/workday.py took 0.280 seconds
[2026-09-18T12:27:10.153+0700] {processor.py:186} INFO - Started process (PID=57214) to work on /Users/andreasanditya/Downloads/572392_Andreas_AirflowETL/code/.venv/lib/python3.9/site-packages/airflow/example_dags/plugins/workday.py
[2026-09-18T12:27:10.154+0700] {processor.py:914} INFO - Processing file /Users/andreasanditya/Downloads/572392_Andreas_AirflowETL/code/.venv/lib/python3.9/site-packages/airflow/example_dags/plugins/workday.py for tasks to queue
[2026-09-18T12:27:10.155+0700] {logging_mixin.py:190} INFO - [2026-09-18T12:27:10.155+0700] {dagbag.py:588} INFO - Filling up the DagBag from /Users/andreasanditya/Downloads/572392_Andreas_AirflowETL/code/.venv/lib/python3.9/site-packages/airflow/example_dags/plugins/workday.py
[2026-09-18T12:27:10.391+0700] {processor.py:927} WARNING - No viable dags retrieved from /Users/andreasanditya/Downloads/572392_Andreas_AirflowETL/code/.venv/lib/python3.9/site-packages/airflow/example_dags/plugins/workday.py
[2026-09-18T12:27:10.447+0700] {processor.py:208} INFO - Processing /Users/andreasanditya/Downloads/572392_Andreas_AirflowETL/code/.venv/lib/python3.9/site-packages/airflow/example_dags/plugins/workday.py took 0.296 seconds
[2026-09-18T12:28:38.180+0700] {processor.py:186} INFO - Started process (PID=58067) to work on /Users/andreasanditya/Downloads/572392_Andreas_AirflowETL/code/.venv/lib/python3.9/site-packages/airflow/example_dags/plugins/workday.py
[2026-09-18T12:28:38.181+0700] {processor.py:914} INFO - Processing file /Users/andreasanditya/Downloads/572392_Andreas_AirflowETL/code/.venv/lib/python3.9/site-packages/airflow/example_dags/plugins/workday.py for tasks to queue
[2026-09-18T12:28:38.182+0700] {logging_mixin.py:190} INFO - [2026-09-18T12:28:38.182+0700] {dagbag.py:588} INFO - Filling up the DagBag from /Users/andreasanditya/Downloads/572392_Andreas_AirflowETL/code/.venv/lib/python3.9/site-packages/airflow/example_dags/plugins/workday.py
[2026-09-18T12:28:38.405+0700] {processor.py:927} WARNING - No viable dags retrieved from /Users/andreasanditya/Downloads/572392_Andreas_AirflowETL/code/.venv/lib/python3.9/site-packages/airflow/example_dags/plugins/workday.py
[2026-09-18T12:28:38.460+0700] {processor.py:208} INFO - Processing /Users/andreasanditya/Downloads/572392_Andreas_AirflowETL/code/.venv/lib/python3.9/site-packages/airflow/example_dags/plugins/workday.py took 0.282 seconds
[2026-09-18T12:30:00.841+0700] {processor.py:186} INFO - Started process (PID=58999) to work on /Users/andreasanditya/Downloads/572392_Andreas_AirflowETL/code/.venv/lib/python3.9/site-packages/airflow/example_dags/plugins/workday.py
[2026-09-18T12:30:00.842+0700] {processor.py:914} INFO - Processing file /Users/andreasanditya/Downloads/572392_Andreas_AirflowETL/code/.venv/lib/python3.9/site-packages/airflow/example_dags/plugins/workday.py for tasks to queue
[2026-09-18T12:30:00.842+0700] {logging_mixin.py:190} INFO - [2026-09-18T12:30:00.842+0700] {dagbag.py:588} INFO - Filling up the DagBag from /Users/andreasanditya/Downloads/572392_Andreas_AirflowETL/code/.venv/lib/python3.9/site-packages/airflow/example_dags/plugins/workday.py
[2026-09-18T12:30:01.064+0700] {processor.py:927} WARNING - No viable dags retrieved from /Users/andreasanditya/Downloads/572392_Andreas_AirflowETL/code/.venv/lib/python3.9/site-packages/airflow/example_dags/plugins/workday.py
[2026-09-18T12:30:01.120+0700] {processor.py:208} INFO - Processing /Users/andreasanditya/Downloads/572392_Andreas_AirflowETL/code/.venv/lib/python3.9/site-packages/airflow/example_dags/plugins/workday.py took 0.281 seconds
[2026-09-18T12:31:25.302+0700] {processor.py:186} INFO - Started process (PID=59815) to work on /Users/andreasanditya/Downloads/572392_Andreas_AirflowETL/code/.venv/lib/python3.9/site-packages/airflow/example_dags/plugins/workday.py
[2026-09-18T12:31:25.303+0700] {processor.py:914} INFO - Processing file /Users/andreasanditya/Downloads/572392_Andreas_AirflowETL/code/.venv/lib/python3.9/site-packages/airflow/example_dags/plugins/workday.py for tasks to queue
[2026-09-18T12:31:25.304+0700] {logging_mixin.py:190} INFO - [2026-09-18T12:31:25.303+0700] {dagbag.py:588} INFO - Filling up the DagBag from /Users/andreasanditya/Downloads/572392_Andreas_AirflowETL/code/.venv/lib/python3.9/site-packages/airflow/example_dags/plugins/workday.py
[2026-09-18T12:31:25.521+0700] {processor.py:927} WARNING - No viable dags retrieved from /Users/andreasanditya/Downloads/572392_Andreas_AirflowETL/code/.venv/lib/python3.9/site-packages/airflow/example_dags/plugins/workday.py
[2026-09-18T12:31:25.576+0700] {processor.py:208} INFO - Processing /Users/andreasanditya/Downloads/572392_Andreas_AirflowETL/code/.venv/lib/python3.9/site-packages/airflow/example_dags/plugins/workday.py took 0.276 seconds
[2026-09-18T12:32:47.896+0700] {processor.py:186} INFO - Started process (PID=60660) to work on /Users/andreasanditya/Downloads/572392_Andreas_AirflowETL/code/.venv/lib/python3.9/site-packages/airflow/example_dags/plugins/workday.py
[2026-09-18T12:32:47.897+0700] {processor.py:914} INFO - Processing file /Users/andreasanditya/Downloads/572392_Andreas_AirflowETL/code/.venv/lib/python3.9/site-packages/airflow/example_dags/plugins/workday.py for tasks to queue
[2026-09-18T12:32:47.898+0700] {logging_mixin.py:190} INFO - [2026-09-18T12:32:47.897+0700] {dagbag.py:588} INFO - Filling up the DagBag from /Users/andreasanditya/Downloads/572392_Andreas_AirflowETL/code/.venv/lib/python3.9/site-packages/airflow/example_dags/plugins/workday.py
[2026-09-18T12:32:48.114+0700] {processor.py:927} WARNING - No viable dags retrieved from /Users/andreasanditya/Downloads/572392_Andreas_AirflowETL/code/.venv/lib/python3.9/site-packages/airflow/example_dags/plugins/workday.py
[2026-09-18T12:32:48.169+0700] {processor.py:208} INFO - Processing /Users/andreasanditya/Downloads/572392_Andreas_AirflowETL/code/.venv/lib/python3.9/site-packages/airflow/example_dags/plugins/workday.py took 0.275 seconds
[2026-09-18T12:34:15.105+0700] {processor.py:186} INFO - Started process (PID=61596) to work on /Users/andreasanditya/Downloads/572392_Andreas_AirflowETL/code/.venv/lib/python3.9/site-packages/airflow/example_dags/plugins/workday.py
[2026-09-18T12:34:15.106+0700] {processor.py:914} INFO - Processing file /Users/andreasanditya/Downloads/572392_Andreas_AirflowETL/code/.venv/lib/python3.9/site-packages/airflow/example_dags/plugins/workday.py for tasks to queue
[2026-09-18T12:34:15.107+0700] {logging_mixin.py:190} INFO - [2026-09-18T12:34:15.107+0700] {dagbag.py:588} INFO - Filling up the DagBag from /Users/andreasanditya/Downloads/572392_Andreas_AirflowETL/code/.venv/lib/python3.9/site-packages/airflow/example_dags/plugins/workday.py
[2026-09-18T12:34:15.330+0700] {processor.py:927} WARNING - No viable dags retrieved from /Users/andreasanditya/Downloads/572392_Andreas_AirflowETL/code/.venv/lib/python3.9/site-packages/airflow/example_dags/plugins/workday.py
[2026-09-18T12:34:15.384+0700] {processor.py:208} INFO - Processing /Users/andreasanditya/Downloads/572392_Andreas_AirflowETL/code/.venv/lib/python3.9/site-packages/airflow/example_dags/plugins/workday.py took 0.281 seconds
[2026-09-18T12:35:40.042+0700] {processor.py:186} INFO - Started process (PID=62414) to work on /Users/andreasanditya/Downloads/572392_Andreas_AirflowETL/code/.venv/lib/python3.9/site-packages/airflow/example_dags/plugins/workday.py
[2026-09-18T12:35:40.044+0700] {processor.py:914} INFO - Processing file /Users/andreasanditya/Downloads/572392_Andreas_AirflowETL/code/.venv/lib/python3.9/site-packages/airflow/example_dags/plugins/workday.py for tasks to queue
[2026-09-18T12:35:40.044+0700] {logging_mixin.py:190} INFO - [2026-09-18T12:35:40.044+0700] {dagbag.py:588} INFO - Filling up the DagBag from /Users/andreasanditya/Downloads/572392_Andreas_AirflowETL/code/.venv/lib/python3.9/site-packages/airflow/example_dags/plugins/workday.py
[2026-09-18T12:35:40.261+0700] {processor.py:927} WARNING - No viable dags retrieved from /Users/andreasanditya/Downloads/572392_Andreas_AirflowETL/code/.venv/lib/python3.9/site-packages/airflow/example_dags/plugins/workday.py
[2026-09-18T12:35:40.316+0700] {processor.py:208} INFO - Processing /Users/andreasanditya/Downloads/572392_Andreas_AirflowETL/code/.venv/lib/python3.9/site-packages/airflow/example_dags/plugins/workday.py took 0.276 seconds
[2026-09-18T12:37:04.308+0700] {processor.py:186} INFO - Started process (PID=63269) to work on /Users/andreasanditya/Downloads/572392_Andreas_AirflowETL/code/.venv/lib/python3.9/site-packages/airflow/example_dags/plugins/workday.py
[2026-09-18T12:37:04.309+0700] {processor.py:914} INFO - Processing file /Users/andreasanditya/Downloads/572392_Andreas_AirflowETL/code/.venv/lib/python3.9/site-packages/airflow/example_dags/plugins/workday.py for tasks to queue
[2026-09-18T12:37:04.309+0700] {logging_mixin.py:190} INFO - [2026-09-18T12:37:04.309+0700] {dagbag.py:588} INFO - Filling up the DagBag from /Users/andreasanditya/Downloads/572392_Andreas_AirflowETL/code/.venv/lib/python3.9/site-packages/airflow/example_dags/plugins/workday.py
[2026-09-18T12:37:04.534+0700] {processor.py:927} WARNING - No viable dags retrieved from /Users/andreasanditya/Downloads/572392_Andreas_AirflowETL/code/.venv/lib/python3.9/site-packages/airflow/example_dags/plugins/workday.py
[2026-09-18T12:37:04.588+0700] {processor.py:208} INFO - Processing /Users/andreasanditya/Downloads/572392_Andreas_AirflowETL/code/.venv/lib/python3.9/site-packages/airflow/example_dags/plugins/workday.py took 0.283 seconds
[2026-09-18T12:38:31.426+0700] {processor.py:186} INFO - Started process (PID=64196) to work on /Users/andreasanditya/Downloads/572392_Andreas_AirflowETL/code/.venv/lib/python3.9/site-packages/airflow/example_dags/plugins/workday.py
[2026-09-18T12:38:31.427+0700] {processor.py:914} INFO - Processing file /Users/andreasanditya/Downloads/572392_Andreas_AirflowETL/code/.venv/lib/python3.9/site-packages/airflow/example_dags/plugins/workday.py for tasks to queue
[2026-09-18T12:38:31.428+0700] {logging_mixin.py:190} INFO - [2026-09-18T12:38:31.428+0700] {dagbag.py:588} INFO - Filling up the DagBag from /Users/andreasanditya/Downloads/572392_Andreas_AirflowETL/code/.venv/lib/python3.9/site-packages/airflow/example_dags/plugins/workday.py
[2026-09-18T12:38:31.651+0700] {processor.py:927} WARNING - No viable dags retrieved from /Users/andreasanditya/Downloads/572392_Andreas_AirflowETL/code/.venv/lib/python3.9/site-packages/airflow/example_dags/plugins/workday.py
[2026-09-18T12:38:31.707+0700] {processor.py:208} INFO - Processing /Users/andreasanditya/Downloads/572392_Andreas_AirflowETL/code/.venv/lib/python3.9/site-packages/airflow/example_dags/plugins/workday.py took 0.283 seconds
[2026-09-18T12:39:59.546+0700] {processor.py:186} INFO - Started process (PID=65110) to work on /Users/andreasanditya/Downloads/572392_Andreas_AirflowETL/code/.venv/lib/python3.9/site-packages/airflow/example_dags/plugins/workday.py
[2026-09-18T12:39:59.547+0700] {processor.py:914} INFO - Processing file /Users/andreasanditya/Downloads/572392_Andreas_AirflowETL/code/.venv/lib/python3.9/site-packages/airflow/example_dags/plugins/workday.py for tasks to queue
[2026-09-18T12:39:59.548+0700] {logging_mixin.py:190} INFO - [2026-09-18T12:39:59.548+0700] {dagbag.py:588} INFO - Filling up the DagBag from /Users/andreasanditya/Downloads/572392_Andreas_AirflowETL/code/.venv/lib/python3.9/site-packages/airflow/example_dags/plugins/workday.py
[2026-09-18T12:39:59.768+0700] {processor.py:927} WARNING - No viable dags retrieved from /Users/andreasanditya/Downloads/572392_Andreas_AirflowETL/code/.venv/lib/python3.9/site-packages/airflow/example_dags/plugins/workday.py
[2026-09-18T12:39:59.825+0700] {processor.py:208} INFO - Processing /Users/andreasanditya/Downloads/572392_Andreas_AirflowETL/code/.venv/lib/python3.9/site-packages/airflow/example_dags/plugins/workday.py took 0.281 seconds
[2026-09-18T12:41:26.557+0700] {processor.py:186} INFO - Started process (PID=65948) to work on /Users/andreasanditya/Downloads/572392_Andreas_AirflowETL/code/.venv/lib/python3.9/site-packages/airflow/example_dags/plugins/workday.py
[2026-09-18T12:41:26.559+0700] {processor.py:914} INFO - Processing file /Users/andreasanditya/Downloads/572392_Andreas_AirflowETL/code/.venv/lib/python3.9/site-packages/airflow/example_dags/plugins/workday.py for tasks to queue
[2026-09-18T12:41:26.560+0700] {logging_mixin.py:190} INFO - [2026-09-18T12:41:26.560+0700] {dagbag.py:588} INFO - Filling up the DagBag from /Users/andreasanditya/Downloads/572392_Andreas_AirflowETL/code/.venv/lib/python3.9/site-packages/airflow/example_dags/plugins/workday.py
[2026-09-18T12:41:26.778+0700] {processor.py:927} WARNING - No viable dags retrieved from /Users/andreasanditya/Downloads/572392_Andreas_AirflowETL/code/.venv/lib/python3.9/site-packages/airflow/example_dags/plugins/workday.py
[2026-09-18T12:41:26.833+0700] {processor.py:208} INFO - Processing /Users/andreasanditya/Downloads/572392_Andreas_AirflowETL/code/.venv/lib/python3.9/site-packages/airflow/example_dags/plugins/workday.py took 0.277 seconds
[2026-09-18T12:42:50.985+0700] {processor.py:186} INFO - Started process (PID=66852) to work on /Users/andreasanditya/Downloads/572392_Andreas_AirflowETL/code/.venv/lib/python3.9/site-packages/airflow/example_dags/plugins/workday.py
[2026-09-18T12:42:50.986+0700] {processor.py:914} INFO - Processing file /Users/andreasanditya/Downloads/572392_Andreas_AirflowETL/code/.venv/lib/python3.9/site-packages/airflow/example_dags/plugins/workday.py for tasks to queue
[2026-09-18T12:42:50.987+0700] {logging_mixin.py:190} INFO - [2026-09-18T12:42:50.987+0700] {dagbag.py:588} INFO - Filling up the DagBag from /Users/andreasanditya/Downloads/572392_Andreas_AirflowETL/code/.venv/lib/python3.9/site-packages/airflow/example_dags/plugins/workday.py
[2026-09-18T12:42:51.210+0700] {processor.py:927} WARNING - No viable dags retrieved from /Users/andreasanditya/Downloads/572392_Andreas_AirflowETL/code/.venv/lib/python3.9/site-packages/airflow/example_dags/plugins/workday.py
[2026-09-18T12:42:51.267+0700] {processor.py:208} INFO - Processing /Users/andreasanditya/Downloads/572392_Andreas_AirflowETL/code/.venv/lib/python3.9/site-packages/airflow/example_dags/plugins/workday.py took 0.284 seconds
[2026-09-18T12:44:18.055+0700] {processor.py:186} INFO - Started process (PID=67689) to work on /Users/andreasanditya/Downloads/572392_Andreas_AirflowETL/code/.venv/lib/python3.9/site-packages/airflow/example_dags/plugins/workday.py
[2026-09-18T12:44:18.057+0700] {processor.py:914} INFO - Processing file /Users/andreasanditya/Downloads/572392_Andreas_AirflowETL/code/.venv/lib/python3.9/site-packages/airflow/example_dags/plugins/workday.py for tasks to queue
[2026-09-18T12:44:18.058+0700] {logging_mixin.py:190} INFO - [2026-09-18T12:44:18.058+0700] {dagbag.py:588} INFO - Filling up the DagBag from /Users/andreasanditya/Downloads/572392_Andreas_AirflowETL/code/.venv/lib/python3.9/site-packages/airflow/example_dags/plugins/workday.py
[2026-09-18T12:44:18.274+0700] {processor.py:927} WARNING - No viable dags retrieved from /Users/andreasanditya/Downloads/572392_Andreas_AirflowETL/code/.venv/lib/python3.9/site-packages/airflow/example_dags/plugins/workday.py
[2026-09-18T12:44:18.329+0700] {processor.py:208} INFO - Processing /Users/andreasanditya/Downloads/572392_Andreas_AirflowETL/code/.venv/lib/python3.9/site-packages/airflow/example_dags/plugins/workday.py took 0.276 seconds
[2026-09-18T12:45:44.774+0700] {processor.py:186} INFO - Started process (PID=68616) to work on /Users/andreasanditya/Downloads/572392_Andreas_AirflowETL/code/.venv/lib/python3.9/site-packages/airflow/example_dags/plugins/workday.py
[2026-09-18T12:45:44.775+0700] {processor.py:914} INFO - Processing file /Users/andreasanditya/Downloads/572392_Andreas_AirflowETL/code/.venv/lib/python3.9/site-packages/airflow/example_dags/plugins/workday.py for tasks to queue
[2026-09-18T12:45:44.775+0700] {logging_mixin.py:190} INFO - [2026-09-18T12:45:44.775+0700] {dagbag.py:588} INFO - Filling up the DagBag from /Users/andreasanditya/Downloads/572392_Andreas_AirflowETL/code/.venv/lib/python3.9/site-packages/airflow/example_dags/plugins/workday.py
[2026-09-18T12:45:44.994+0700] {processor.py:927} WARNING - No viable dags retrieved from /Users/andreasanditya/Downloads/572392_Andreas_AirflowETL/code/.venv/lib/python3.9/site-packages/airflow/example_dags/plugins/workday.py
[2026-09-18T12:45:45.049+0700] {processor.py:208} INFO - Processing /Users/andreasanditya/Downloads/572392_Andreas_AirflowETL/code/.venv/lib/python3.9/site-packages/airflow/example_dags/plugins/workday.py took 0.277 seconds
[2026-09-18T12:47:11.073+0700] {processor.py:186} INFO - Started process (PID=69439) to work on /Users/andreasanditya/Downloads/572392_Andreas_AirflowETL/code/.venv/lib/python3.9/site-packages/airflow/example_dags/plugins/workday.py
[2026-09-18T12:47:11.075+0700] {processor.py:914} INFO - Processing file /Users/andreasanditya/Downloads/572392_Andreas_AirflowETL/code/.venv/lib/python3.9/site-packages/airflow/example_dags/plugins/workday.py for tasks to queue
[2026-09-18T12:47:11.076+0700] {logging_mixin.py:190} INFO - [2026-09-18T12:47:11.075+0700] {dagbag.py:588} INFO - Filling up the DagBag from /Users/andreasanditya/Downloads/572392_Andreas_AirflowETL/code/.venv/lib/python3.9/site-packages/airflow/example_dags/plugins/workday.py
[2026-09-18T12:47:11.294+0700] {processor.py:927} WARNING - No viable dags retrieved from /Users/andreasanditya/Downloads/572392_Andreas_AirflowETL/code/.venv/lib/python3.9/site-packages/airflow/example_dags/plugins/workday.py
[2026-09-18T12:47:11.348+0700] {processor.py:208} INFO - Processing /Users/andreasanditya/Downloads/572392_Andreas_AirflowETL/code/.venv/lib/python3.9/site-packages/airflow/example_dags/plugins/workday.py took 0.276 seconds
[2026-09-18T12:48:36.798+0700] {processor.py:186} INFO - Started process (PID=70350) to work on /Users/andreasanditya/Downloads/572392_Andreas_AirflowETL/code/.venv/lib/python3.9/site-packages/airflow/example_dags/plugins/workday.py
[2026-09-18T12:48:36.799+0700] {processor.py:914} INFO - Processing file /Users/andreasanditya/Downloads/572392_Andreas_AirflowETL/code/.venv/lib/python3.9/site-packages/airflow/example_dags/plugins/workday.py for tasks to queue
[2026-09-18T12:48:36.799+0700] {logging_mixin.py:190} INFO - [2026-09-18T12:48:36.799+0700] {dagbag.py:588} INFO - Filling up the DagBag from /Users/andreasanditya/Downloads/572392_Andreas_AirflowETL/code/.venv/lib/python3.9/site-packages/airflow/example_dags/plugins/workday.py
[2026-09-18T12:48:37.024+0700] {processor.py:927} WARNING - No viable dags retrieved from /Users/andreasanditya/Downloads/572392_Andreas_AirflowETL/code/.venv/lib/python3.9/site-packages/airflow/example_dags/plugins/workday.py
[2026-09-18T12:48:37.078+0700] {processor.py:208} INFO - Processing /Users/andreasanditya/Downloads/572392_Andreas_AirflowETL/code/.venv/lib/python3.9/site-packages/airflow/example_dags/plugins/workday.py took 0.282 seconds
[2026-09-18T12:50:01.984+0700] {processor.py:186} INFO - Started process (PID=71189) to work on /Users/andreasanditya/Downloads/572392_Andreas_AirflowETL/code/.venv/lib/python3.9/site-packages/airflow/example_dags/plugins/workday.py
[2026-09-18T12:50:01.985+0700] {processor.py:914} INFO - Processing file /Users/andreasanditya/Downloads/572392_Andreas_AirflowETL/code/.venv/lib/python3.9/site-packages/airflow/example_dags/plugins/workday.py for tasks to queue
[2026-09-18T12:50:01.985+0700] {logging_mixin.py:190} INFO - [2026-09-18T12:50:01.985+0700] {dagbag.py:588} INFO - Filling up the DagBag from /Users/andreasanditya/Downloads/572392_Andreas_AirflowETL/code/.venv/lib/python3.9/site-packages/airflow/example_dags/plugins/workday.py
[2026-09-18T12:50:02.203+0700] {processor.py:927} WARNING - No viable dags retrieved from /Users/andreasanditya/Downloads/572392_Andreas_AirflowETL/code/.venv/lib/python3.9/site-packages/airflow/example_dags/plugins/workday.py
[2026-09-18T12:50:02.258+0700] {processor.py:208} INFO - Processing /Users/andreasanditya/Downloads/572392_Andreas_AirflowETL/code/.venv/lib/python3.9/site-packages/airflow/example_dags/plugins/workday.py took 0.276 seconds
[2026-09-18T12:51:26.488+0700] {processor.py:186} INFO - Started process (PID=72097) to work on /Users/andreasanditya/Downloads/572392_Andreas_AirflowETL/code/.venv/lib/python3.9/site-packages/airflow/example_dags/plugins/workday.py
[2026-09-18T12:51:26.489+0700] {processor.py:914} INFO - Processing file /Users/andreasanditya/Downloads/572392_Andreas_AirflowETL/code/.venv/lib/python3.9/site-packages/airflow/example_dags/plugins/workday.py for tasks to queue
[2026-09-18T12:51:26.490+0700] {logging_mixin.py:190} INFO - [2026-09-18T12:51:26.490+0700] {dagbag.py:588} INFO - Filling up the DagBag from /Users/andreasanditya/Downloads/572392_Andreas_AirflowETL/code/.venv/lib/python3.9/site-packages/airflow/example_dags/plugins/workday.py
[2026-09-18T12:51:26.716+0700] {processor.py:927} WARNING - No viable dags retrieved from /Users/andreasanditya/Downloads/572392_Andreas_AirflowETL/code/.venv/lib/python3.9/site-packages/airflow/example_dags/plugins/workday.py
[2026-09-18T12:51:26.773+0700] {processor.py:208} INFO - Processing /Users/andreasanditya/Downloads/572392_Andreas_AirflowETL/code/.venv/lib/python3.9/site-packages/airflow/example_dags/plugins/workday.py took 0.287 seconds
[2026-09-18T12:52:50.399+0700] {processor.py:186} INFO - Started process (PID=72928) to work on /Users/andreasanditya/Downloads/572392_Andreas_AirflowETL/code/.venv/lib/python3.9/site-packages/airflow/example_dags/plugins/workday.py
[2026-09-18T12:52:50.400+0700] {processor.py:914} INFO - Processing file /Users/andreasanditya/Downloads/572392_Andreas_AirflowETL/code/.venv/lib/python3.9/site-packages/airflow/example_dags/plugins/workday.py for tasks to queue
[2026-09-18T12:52:50.401+0700] {logging_mixin.py:190} INFO - [2026-09-18T12:52:50.401+0700] {dagbag.py:588} INFO - Filling up the DagBag from /Users/andreasanditya/Downloads/572392_Andreas_AirflowETL/code/.venv/lib/python3.9/site-packages/airflow/example_dags/plugins/workday.py
[2026-09-18T12:52:50.627+0700] {processor.py:927} WARNING - No viable dags retrieved from /Users/andreasanditya/Downloads/572392_Andreas_AirflowETL/code/.venv/lib/python3.9/site-packages/airflow/example_dags/plugins/workday.py
[2026-09-18T12:52:50.683+0700] {processor.py:208} INFO - Processing /Users/andreasanditya/Downloads/572392_Andreas_AirflowETL/code/.venv/lib/python3.9/site-packages/airflow/example_dags/plugins/workday.py took 0.286 seconds
[2026-09-18T12:54:15.411+0700] {processor.py:186} INFO - Started process (PID=73780) to work on /Users/andreasanditya/Downloads/572392_Andreas_AirflowETL/code/.venv/lib/python3.9/site-packages/airflow/example_dags/plugins/workday.py
[2026-09-18T12:54:15.412+0700] {processor.py:914} INFO - Processing file /Users/andreasanditya/Downloads/572392_Andreas_AirflowETL/code/.venv/lib/python3.9/site-packages/airflow/example_dags/plugins/workday.py for tasks to queue
[2026-09-18T12:54:15.413+0700] {logging_mixin.py:190} INFO - [2026-09-18T12:54:15.412+0700] {dagbag.py:588} INFO - Filling up the DagBag from /Users/andreasanditya/Downloads/572392_Andreas_AirflowETL/code/.venv/lib/python3.9/site-packages/airflow/example_dags/plugins/workday.py
[2026-09-18T12:54:15.638+0700] {processor.py:927} WARNING - No viable dags retrieved from /Users/andreasanditya/Downloads/572392_Andreas_AirflowETL/code/.venv/lib/python3.9/site-packages/airflow/example_dags/plugins/workday.py
[2026-09-18T12:54:15.694+0700] {processor.py:208} INFO - Processing /Users/andreasanditya/Downloads/572392_Andreas_AirflowETL/code/.venv/lib/python3.9/site-packages/airflow/example_dags/plugins/workday.py took 0.285 seconds
[2026-09-18T12:55:38.973+0700] {processor.py:186} INFO - Started process (PID=74620) to work on /Users/andreasanditya/Downloads/572392_Andreas_AirflowETL/code/.venv/lib/python3.9/site-packages/airflow/example_dags/plugins/workday.py
[2026-09-18T12:55:38.974+0700] {processor.py:914} INFO - Processing file /Users/andreasanditya/Downloads/572392_Andreas_AirflowETL/code/.venv/lib/python3.9/site-packages/airflow/example_dags/plugins/workday.py for tasks to queue
[2026-09-18T12:55:38.975+0700] {logging_mixin.py:190} INFO - [2026-09-18T12:55:38.975+0700] {dagbag.py:588} INFO - Filling up the DagBag from /Users/andreasanditya/Downloads/572392_Andreas_AirflowETL/code/.venv/lib/python3.9/site-packages/airflow/example_dags/plugins/workday.py
[2026-09-18T12:55:39.195+0700] {processor.py:927} WARNING - No viable dags retrieved from /Users/andreasanditya/Downloads/572392_Andreas_AirflowETL/code/.venv/lib/python3.9/site-packages/airflow/example_dags/plugins/workday.py
[2026-09-18T12:55:39.249+0700] {processor.py:208} INFO - Processing /Users/andreasanditya/Downloads/572392_Andreas_AirflowETL/code/.venv/lib/python3.9/site-packages/airflow/example_dags/plugins/workday.py took 0.278 seconds
[2026-09-18T12:57:05.221+0700] {processor.py:186} INFO - Started process (PID=75526) to work on /Users/andreasanditya/Downloads/572392_Andreas_AirflowETL/code/.venv/lib/python3.9/site-packages/airflow/example_dags/plugins/workday.py
[2026-09-18T12:57:05.222+0700] {processor.py:914} INFO - Processing file /Users/andreasanditya/Downloads/572392_Andreas_AirflowETL/code/.venv/lib/python3.9/site-packages/airflow/example_dags/plugins/workday.py for tasks to queue
[2026-09-18T12:57:05.223+0700] {logging_mixin.py:190} INFO - [2026-09-18T12:57:05.223+0700] {dagbag.py:588} INFO - Filling up the DagBag from /Users/andreasanditya/Downloads/572392_Andreas_AirflowETL/code/.venv/lib/python3.9/site-packages/airflow/example_dags/plugins/workday.py
[2026-09-18T12:57:05.442+0700] {processor.py:927} WARNING - No viable dags retrieved from /Users/andreasanditya/Downloads/572392_Andreas_AirflowETL/code/.venv/lib/python3.9/site-packages/airflow/example_dags/plugins/workday.py
[2026-09-18T12:57:05.497+0700] {processor.py:208} INFO - Processing /Users/andreasanditya/Downloads/572392_Andreas_AirflowETL/code/.venv/lib/python3.9/site-packages/airflow/example_dags/plugins/workday.py took 0.278 seconds
[2026-09-18T12:58:30.091+0700] {processor.py:186} INFO - Started process (PID=76386) to work on /Users/andreasanditya/Downloads/572392_Andreas_AirflowETL/code/.venv/lib/python3.9/site-packages/airflow/example_dags/plugins/workday.py
[2026-09-18T12:58:30.093+0700] {processor.py:914} INFO - Processing file /Users/andreasanditya/Downloads/572392_Andreas_AirflowETL/code/.venv/lib/python3.9/site-packages/airflow/example_dags/plugins/workday.py for tasks to queue
[2026-09-18T12:58:30.093+0700] {logging_mixin.py:190} INFO - [2026-09-18T12:58:30.093+0700] {dagbag.py:588} INFO - Filling up the DagBag from /Users/andreasanditya/Downloads/572392_Andreas_AirflowETL/code/.venv/lib/python3.9/site-packages/airflow/example_dags/plugins/workday.py
[2026-09-18T12:58:30.322+0700] {processor.py:927} WARNING - No viable dags retrieved from /Users/andreasanditya/Downloads/572392_Andreas_AirflowETL/code/.venv/lib/python3.9/site-packages/airflow/example_dags/plugins/workday.py
[2026-09-18T12:58:30.378+0700] {processor.py:208} INFO - Processing /Users/andreasanditya/Downloads/572392_Andreas_AirflowETL/code/.venv/lib/python3.9/site-packages/airflow/example_dags/plugins/workday.py took 0.289 seconds
[2026-09-18T12:59:56.603+0700] {processor.py:186} INFO - Started process (PID=77291) to work on /Users/andreasanditya/Downloads/572392_Andreas_AirflowETL/code/.venv/lib/python3.9/site-packages/airflow/example_dags/plugins/workday.py
[2026-09-18T12:59:56.606+0700] {processor.py:914} INFO - Processing file /Users/andreasanditya/Downloads/572392_Andreas_AirflowETL/code/.venv/lib/python3.9/site-packages/airflow/example_dags/plugins/workday.py for tasks to queue
[2026-09-18T12:59:56.607+0700] {logging_mixin.py:190} INFO - [2026-09-18T12:59:56.607+0700] {dagbag.py:588} INFO - Filling up the DagBag from /Users/andreasanditya/Downloads/572392_Andreas_AirflowETL/code/.venv/lib/python3.9/site-packages/airflow/example_dags/plugins/workday.py
[2026-09-18T12:59:56.826+0700] {processor.py:927} WARNING - No viable dags retrieved from /Users/andreasanditya/Downloads/572392_Andreas_AirflowETL/code/.venv/lib/python3.9/site-packages/airflow/example_dags/plugins/workday.py
[2026-09-18T12:59:56.880+0700] {processor.py:208} INFO - Processing /Users/andreasanditya/Downloads/572392_Andreas_AirflowETL/code/.venv/lib/python3.9/site-packages/airflow/example_dags/plugins/workday.py took 0.279 seconds
[2026-09-18T13:01:23.358+0700] {processor.py:186} INFO - Started process (PID=78146) to work on /Users/andreasanditya/Downloads/572392_Andreas_AirflowETL/code/.venv/lib/python3.9/site-packages/airflow/example_dags/plugins/workday.py
[2026-09-18T13:01:23.360+0700] {processor.py:914} INFO - Processing file /Users/andreasanditya/Downloads/572392_Andreas_AirflowETL/code/.venv/lib/python3.9/site-packages/airflow/example_dags/plugins/workday.py for tasks to queue
[2026-09-18T13:01:23.360+0700] {logging_mixin.py:190} INFO - [2026-09-18T13:01:23.360+0700] {dagbag.py:588} INFO - Filling up the DagBag from /Users/andreasanditya/Downloads/572392_Andreas_AirflowETL/code/.venv/lib/python3.9/site-packages/airflow/example_dags/plugins/workday.py
[2026-09-18T13:01:23.577+0700] {processor.py:927} WARNING - No viable dags retrieved from /Users/andreasanditya/Downloads/572392_Andreas_AirflowETL/code/.venv/lib/python3.9/site-packages/airflow/example_dags/plugins/workday.py
[2026-09-18T13:01:23.632+0700] {processor.py:208} INFO - Processing /Users/andreasanditya/Downloads/572392_Andreas_AirflowETL/code/.venv/lib/python3.9/site-packages/airflow/example_dags/plugins/workday.py took 0.276 seconds
[2026-09-18T13:02:50.294+0700] {processor.py:186} INFO - Started process (PID=79062) to work on /Users/andreasanditya/Downloads/572392_Andreas_AirflowETL/code/.venv/lib/python3.9/site-packages/airflow/example_dags/plugins/workday.py
[2026-09-18T13:02:50.295+0700] {processor.py:914} INFO - Processing file /Users/andreasanditya/Downloads/572392_Andreas_AirflowETL/code/.venv/lib/python3.9/site-packages/airflow/example_dags/plugins/workday.py for tasks to queue
[2026-09-18T13:02:50.296+0700] {logging_mixin.py:190} INFO - [2026-09-18T13:02:50.295+0700] {dagbag.py:588} INFO - Filling up the DagBag from /Users/andreasanditya/Downloads/572392_Andreas_AirflowETL/code/.venv/lib/python3.9/site-packages/airflow/example_dags/plugins/workday.py
[2026-09-18T13:02:50.523+0700] {processor.py:927} WARNING - No viable dags retrieved from /Users/andreasanditya/Downloads/572392_Andreas_AirflowETL/code/.venv/lib/python3.9/site-packages/airflow/example_dags/plugins/workday.py
[2026-09-18T13:02:50.578+0700] {processor.py:208} INFO - Processing /Users/andreasanditya/Downloads/572392_Andreas_AirflowETL/code/.venv/lib/python3.9/site-packages/airflow/example_dags/plugins/workday.py took 0.286 seconds
[2026-09-18T13:04:16.691+0700] {processor.py:186} INFO - Started process (PID=79997) to work on /Users/andreasanditya/Downloads/572392_Andreas_AirflowETL/code/.venv/lib/python3.9/site-packages/airflow/example_dags/plugins/workday.py
[2026-09-18T13:04:16.692+0700] {processor.py:914} INFO - Processing file /Users/andreasanditya/Downloads/572392_Andreas_AirflowETL/code/.venv/lib/python3.9/site-packages/airflow/example_dags/plugins/workday.py for tasks to queue
[2026-09-18T13:04:16.693+0700] {logging_mixin.py:190} INFO - [2026-09-18T13:04:16.692+0700] {dagbag.py:588} INFO - Filling up the DagBag from /Users/andreasanditya/Downloads/572392_Andreas_AirflowETL/code/.venv/lib/python3.9/site-packages/airflow/example_dags/plugins/workday.py
[2026-09-18T13:04:16.918+0700] {processor.py:927} WARNING - No viable dags retrieved from /Users/andreasanditya/Downloads/572392_Andreas_AirflowETL/code/.venv/lib/python3.9/site-packages/airflow/example_dags/plugins/workday.py
[2026-09-18T13:04:16.973+0700] {processor.py:208} INFO - Processing /Users/andreasanditya/Downloads/572392_Andreas_AirflowETL/code/.venv/lib/python3.9/site-packages/airflow/example_dags/plugins/workday.py took 0.284 seconds
[2026-09-18T13:05:41.008+0700] {processor.py:186} INFO - Started process (PID=80817) to work on /Users/andreasanditya/Downloads/572392_Andreas_AirflowETL/code/.venv/lib/python3.9/site-packages/airflow/example_dags/plugins/workday.py
[2026-09-18T13:05:41.009+0700] {processor.py:914} INFO - Processing file /Users/andreasanditya/Downloads/572392_Andreas_AirflowETL/code/.venv/lib/python3.9/site-packages/airflow/example_dags/plugins/workday.py for tasks to queue
[2026-09-18T13:05:41.009+0700] {logging_mixin.py:190} INFO - [2026-09-18T13:05:41.009+0700] {dagbag.py:588} INFO - Filling up the DagBag from /Users/andreasanditya/Downloads/572392_Andreas_AirflowETL/code/.venv/lib/python3.9/site-packages/airflow/example_dags/plugins/workday.py
[2026-09-18T13:05:41.229+0700] {processor.py:927} WARNING - No viable dags retrieved from /Users/andreasanditya/Downloads/572392_Andreas_AirflowETL/code/.venv/lib/python3.9/site-packages/airflow/example_dags/plugins/workday.py
[2026-09-18T13:05:41.285+0700] {processor.py:208} INFO - Processing /Users/andreasanditya/Downloads/572392_Andreas_AirflowETL/code/.venv/lib/python3.9/site-packages/airflow/example_dags/plugins/workday.py took 0.279 seconds
[2026-09-18T13:07:06.205+0700] {processor.py:186} INFO - Started process (PID=81665) to work on /Users/andreasanditya/Downloads/572392_Andreas_AirflowETL/code/.venv/lib/python3.9/site-packages/airflow/example_dags/plugins/workday.py
[2026-09-18T13:07:06.207+0700] {processor.py:914} INFO - Processing file /Users/andreasanditya/Downloads/572392_Andreas_AirflowETL/code/.venv/lib/python3.9/site-packages/airflow/example_dags/plugins/workday.py for tasks to queue
[2026-09-18T13:07:06.208+0700] {logging_mixin.py:190} INFO - [2026-09-18T13:07:06.207+0700] {dagbag.py:588} INFO - Filling up the DagBag from /Users/andreasanditya/Downloads/572392_Andreas_AirflowETL/code/.venv/lib/python3.9/site-packages/airflow/example_dags/plugins/workday.py
[2026-09-18T13:07:06.430+0700] {processor.py:927} WARNING - No viable dags retrieved from /Users/andreasanditya/Downloads/572392_Andreas_AirflowETL/code/.venv/lib/python3.9/site-packages/airflow/example_dags/plugins/workday.py
[2026-09-18T13:07:06.485+0700] {processor.py:208} INFO - Processing /Users/andreasanditya/Downloads/572392_Andreas_AirflowETL/code/.venv/lib/python3.9/site-packages/airflow/example_dags/plugins/workday.py took 0.282 seconds
[2026-09-18T13:08:28.624+0700] {processor.py:186} INFO - Started process (PID=82499) to work on /Users/andreasanditya/Downloads/572392_Andreas_AirflowETL/code/.venv/lib/python3.9/site-packages/airflow/example_dags/plugins/workday.py
[2026-09-18T13:08:28.625+0700] {processor.py:914} INFO - Processing file /Users/andreasanditya/Downloads/572392_Andreas_AirflowETL/code/.venv/lib/python3.9/site-packages/airflow/example_dags/plugins/workday.py for tasks to queue
[2026-09-18T13:08:28.626+0700] {logging_mixin.py:190} INFO - [2026-09-18T13:08:28.626+0700] {dagbag.py:588} INFO - Filling up the DagBag from /Users/andreasanditya/Downloads/572392_Andreas_AirflowETL/code/.venv/lib/python3.9/site-packages/airflow/example_dags/plugins/workday.py
[2026-09-18T13:08:28.846+0700] {processor.py:927} WARNING - No viable dags retrieved from /Users/andreasanditya/Downloads/572392_Andreas_AirflowETL/code/.venv/lib/python3.9/site-packages/airflow/example_dags/plugins/workday.py
[2026-09-18T13:08:28.901+0700] {processor.py:208} INFO - Processing /Users/andreasanditya/Downloads/572392_Andreas_AirflowETL/code/.venv/lib/python3.9/site-packages/airflow/example_dags/plugins/workday.py took 0.279 seconds
[2026-09-18T13:09:55.847+0700] {processor.py:186} INFO - Started process (PID=83401) to work on /Users/andreasanditya/Downloads/572392_Andreas_AirflowETL/code/.venv/lib/python3.9/site-packages/airflow/example_dags/plugins/workday.py
[2026-09-18T13:09:55.848+0700] {processor.py:914} INFO - Processing file /Users/andreasanditya/Downloads/572392_Andreas_AirflowETL/code/.venv/lib/python3.9/site-packages/airflow/example_dags/plugins/workday.py for tasks to queue
[2026-09-18T13:09:55.849+0700] {logging_mixin.py:190} INFO - [2026-09-18T13:09:55.849+0700] {dagbag.py:588} INFO - Filling up the DagBag from /Users/andreasanditya/Downloads/572392_Andreas_AirflowETL/code/.venv/lib/python3.9/site-packages/airflow/example_dags/plugins/workday.py
[2026-09-18T13:09:56.071+0700] {processor.py:927} WARNING - No viable dags retrieved from /Users/andreasanditya/Downloads/572392_Andreas_AirflowETL/code/.venv/lib/python3.9/site-packages/airflow/example_dags/plugins/workday.py
[2026-09-18T13:09:56.126+0700] {processor.py:208} INFO - Processing /Users/andreasanditya/Downloads/572392_Andreas_AirflowETL/code/.venv/lib/python3.9/site-packages/airflow/example_dags/plugins/workday.py took 0.281 seconds
[2026-09-18T13:11:22.170+0700] {processor.py:186} INFO - Started process (PID=84333) to work on /Users/andreasanditya/Downloads/572392_Andreas_AirflowETL/code/.venv/lib/python3.9/site-packages/airflow/example_dags/plugins/workday.py
[2026-09-18T13:11:22.170+0700] {processor.py:914} INFO - Processing file /Users/andreasanditya/Downloads/572392_Andreas_AirflowETL/code/.venv/lib/python3.9/site-packages/airflow/example_dags/plugins/workday.py for tasks to queue
[2026-09-18T13:11:22.171+0700] {logging_mixin.py:190} INFO - [2026-09-18T13:11:22.171+0700] {dagbag.py:588} INFO - Filling up the DagBag from /Users/andreasanditya/Downloads/572392_Andreas_AirflowETL/code/.venv/lib/python3.9/site-packages/airflow/example_dags/plugins/workday.py
[2026-09-18T13:11:22.388+0700] {processor.py:927} WARNING - No viable dags retrieved from /Users/andreasanditya/Downloads/572392_Andreas_AirflowETL/code/.venv/lib/python3.9/site-packages/airflow/example_dags/plugins/workday.py
[2026-09-18T13:11:22.444+0700] {processor.py:208} INFO - Processing /Users/andreasanditya/Downloads/572392_Andreas_AirflowETL/code/.venv/lib/python3.9/site-packages/airflow/example_dags/plugins/workday.py took 0.277 seconds
[2026-09-18T13:12:48.520+0700] {processor.py:186} INFO - Started process (PID=85171) to work on /Users/andreasanditya/Downloads/572392_Andreas_AirflowETL/code/.venv/lib/python3.9/site-packages/airflow/example_dags/plugins/workday.py
[2026-09-18T13:12:48.521+0700] {processor.py:914} INFO - Processing file /Users/andreasanditya/Downloads/572392_Andreas_AirflowETL/code/.venv/lib/python3.9/site-packages/airflow/example_dags/plugins/workday.py for tasks to queue
[2026-09-18T13:12:48.522+0700] {logging_mixin.py:190} INFO - [2026-09-18T13:12:48.522+0700] {dagbag.py:588} INFO - Filling up the DagBag from /Users/andreasanditya/Downloads/572392_Andreas_AirflowETL/code/.venv/lib/python3.9/site-packages/airflow/example_dags/plugins/workday.py
[2026-09-18T13:12:48.743+0700] {processor.py:927} WARNING - No viable dags retrieved from /Users/andreasanditya/Downloads/572392_Andreas_AirflowETL/code/.venv/lib/python3.9/site-packages/airflow/example_dags/plugins/workday.py
[2026-09-18T13:12:48.799+0700] {processor.py:208} INFO - Processing /Users/andreasanditya/Downloads/572392_Andreas_AirflowETL/code/.venv/lib/python3.9/site-packages/airflow/example_dags/plugins/workday.py took 0.280 seconds
[2026-09-18T13:14:14.856+0700] {processor.py:186} INFO - Started process (PID=86092) to work on /Users/andreasanditya/Downloads/572392_Andreas_AirflowETL/code/.venv/lib/python3.9/site-packages/airflow/example_dags/plugins/workday.py
[2026-09-18T13:14:14.857+0700] {processor.py:914} INFO - Processing file /Users/andreasanditya/Downloads/572392_Andreas_AirflowETL/code/.venv/lib/python3.9/site-packages/airflow/example_dags/plugins/workday.py for tasks to queue
[2026-09-18T13:14:14.858+0700] {logging_mixin.py:190} INFO - [2026-09-18T13:14:14.858+0700] {dagbag.py:588} INFO - Filling up the DagBag from /Users/andreasanditya/Downloads/572392_Andreas_AirflowETL/code/.venv/lib/python3.9/site-packages/airflow/example_dags/plugins/workday.py
[2026-09-18T13:14:15.080+0700] {processor.py:927} WARNING - No viable dags retrieved from /Users/andreasanditya/Downloads/572392_Andreas_AirflowETL/code/.venv/lib/python3.9/site-packages/airflow/example_dags/plugins/workday.py
[2026-09-18T13:14:15.135+0700] {processor.py:208} INFO - Processing /Users/andreasanditya/Downloads/572392_Andreas_AirflowETL/code/.venv/lib/python3.9/site-packages/airflow/example_dags/plugins/workday.py took 0.280 seconds
[2026-09-18T13:15:40.484+0700] {processor.py:186} INFO - Started process (PID=86909) to work on /Users/andreasanditya/Downloads/572392_Andreas_AirflowETL/code/.venv/lib/python3.9/site-packages/airflow/example_dags/plugins/workday.py
[2026-09-18T13:15:40.485+0700] {processor.py:914} INFO - Processing file /Users/andreasanditya/Downloads/572392_Andreas_AirflowETL/code/.venv/lib/python3.9/site-packages/airflow/example_dags/plugins/workday.py for tasks to queue
[2026-09-18T13:15:40.486+0700] {logging_mixin.py:190} INFO - [2026-09-18T13:15:40.486+0700] {dagbag.py:588} INFO - Filling up the DagBag from /Users/andreasanditya/Downloads/572392_Andreas_AirflowETL/code/.venv/lib/python3.9/site-packages/airflow/example_dags/plugins/workday.py
[2026-09-18T13:15:40.703+0700] {processor.py:927} WARNING - No viable dags retrieved from /Users/andreasanditya/Downloads/572392_Andreas_AirflowETL/code/.venv/lib/python3.9/site-packages/airflow/example_dags/plugins/workday.py
[2026-09-18T13:15:40.758+0700] {processor.py:208} INFO - Processing /Users/andreasanditya/Downloads/572392_Andreas_AirflowETL/code/.venv/lib/python3.9/site-packages/airflow/example_dags/plugins/workday.py took 0.275 seconds
[2026-09-18T13:17:06.859+0700] {processor.py:186} INFO - Started process (PID=87824) to work on /Users/andreasanditya/Downloads/572392_Andreas_AirflowETL/code/.venv/lib/python3.9/site-packages/airflow/example_dags/plugins/workday.py
[2026-09-18T13:17:06.860+0700] {processor.py:914} INFO - Processing file /Users/andreasanditya/Downloads/572392_Andreas_AirflowETL/code/.venv/lib/python3.9/site-packages/airflow/example_dags/plugins/workday.py for tasks to queue
[2026-09-18T13:17:06.861+0700] {logging_mixin.py:190} INFO - [2026-09-18T13:17:06.861+0700] {dagbag.py:588} INFO - Filling up the DagBag from /Users/andreasanditya/Downloads/572392_Andreas_AirflowETL/code/.venv/lib/python3.9/site-packages/airflow/example_dags/plugins/workday.py
[2026-09-18T13:17:07.080+0700] {processor.py:927} WARNING - No viable dags retrieved from /Users/andreasanditya/Downloads/572392_Andreas_AirflowETL/code/.venv/lib/python3.9/site-packages/airflow/example_dags/plugins/workday.py
[2026-09-18T13:17:07.134+0700] {processor.py:208} INFO - Processing /Users/andreasanditya/Downloads/572392_Andreas_AirflowETL/code/.venv/lib/python3.9/site-packages/airflow/example_dags/plugins/workday.py took 0.278 seconds
[2026-09-18T13:18:32.708+0700] {processor.py:186} INFO - Started process (PID=88655) to work on /Users/andreasanditya/Downloads/572392_Andreas_AirflowETL/code/.venv/lib/python3.9/site-packages/airflow/example_dags/plugins/workday.py
[2026-09-18T13:18:32.710+0700] {processor.py:914} INFO - Processing file /Users/andreasanditya/Downloads/572392_Andreas_AirflowETL/code/.venv/lib/python3.9/site-packages/airflow/example_dags/plugins/workday.py for tasks to queue
[2026-09-18T13:18:32.711+0700] {logging_mixin.py:190} INFO - [2026-09-18T13:18:32.710+0700] {dagbag.py:588} INFO - Filling up the DagBag from /Users/andreasanditya/Downloads/572392_Andreas_AirflowETL/code/.venv/lib/python3.9/site-packages/airflow/example_dags/plugins/workday.py
[2026-09-18T13:18:32.928+0700] {processor.py:927} WARNING - No viable dags retrieved from /Users/andreasanditya/Downloads/572392_Andreas_AirflowETL/code/.venv/lib/python3.9/site-packages/airflow/example_dags/plugins/workday.py
[2026-09-18T13:18:32.983+0700] {processor.py:208} INFO - Processing /Users/andreasanditya/Downloads/572392_Andreas_AirflowETL/code/.venv/lib/python3.9/site-packages/airflow/example_dags/plugins/workday.py took 0.277 seconds
[2026-09-18T13:19:56.340+0700] {processor.py:186} INFO - Started process (PID=89473) to work on /Users/andreasanditya/Downloads/572392_Andreas_AirflowETL/code/.venv/lib/python3.9/site-packages/airflow/example_dags/plugins/workday.py
[2026-09-18T13:19:56.342+0700] {processor.py:914} INFO - Processing file /Users/andreasanditya/Downloads/572392_Andreas_AirflowETL/code/.venv/lib/python3.9/site-packages/airflow/example_dags/plugins/workday.py for tasks to queue
[2026-09-18T13:19:56.343+0700] {logging_mixin.py:190} INFO - [2026-09-18T13:19:56.342+0700] {dagbag.py:588} INFO - Filling up the DagBag from /Users/andreasanditya/Downloads/572392_Andreas_AirflowETL/code/.venv/lib/python3.9/site-packages/airflow/example_dags/plugins/workday.py
[2026-09-18T13:19:56.570+0700] {processor.py:927} WARNING - No viable dags retrieved from /Users/andreasanditya/Downloads/572392_Andreas_AirflowETL/code/.venv/lib/python3.9/site-packages/airflow/example_dags/plugins/workday.py
[2026-09-18T13:19:56.625+0700] {processor.py:208} INFO - Processing /Users/andreasanditya/Downloads/572392_Andreas_AirflowETL/code/.venv/lib/python3.9/site-packages/airflow/example_dags/plugins/workday.py took 0.287 seconds
[2026-09-18T13:21:21.825+0700] {processor.py:186} INFO - Started process (PID=90391) to work on /Users/andreasanditya/Downloads/572392_Andreas_AirflowETL/code/.venv/lib/python3.9/site-packages/airflow/example_dags/plugins/workday.py
[2026-09-18T13:21:21.828+0700] {processor.py:914} INFO - Processing file /Users/andreasanditya/Downloads/572392_Andreas_AirflowETL/code/.venv/lib/python3.9/site-packages/airflow/example_dags/plugins/workday.py for tasks to queue
[2026-09-18T13:21:21.828+0700] {logging_mixin.py:190} INFO - [2026-09-18T13:21:21.828+0700] {dagbag.py:588} INFO - Filling up the DagBag from /Users/andreasanditya/Downloads/572392_Andreas_AirflowETL/code/.venv/lib/python3.9/site-packages/airflow/example_dags/plugins/workday.py
[2026-09-18T13:21:22.046+0700] {processor.py:927} WARNING - No viable dags retrieved from /Users/andreasanditya/Downloads/572392_Andreas_AirflowETL/code/.venv/lib/python3.9/site-packages/airflow/example_dags/plugins/workday.py
[2026-09-18T13:21:22.103+0700] {processor.py:208} INFO - Processing /Users/andreasanditya/Downloads/572392_Andreas_AirflowETL/code/.venv/lib/python3.9/site-packages/airflow/example_dags/plugins/workday.py took 0.280 seconds
[2026-09-18T13:22:45.350+0700] {processor.py:186} INFO - Started process (PID=91220) to work on /Users/andreasanditya/Downloads/572392_Andreas_AirflowETL/code/.venv/lib/python3.9/site-packages/airflow/example_dags/plugins/workday.py
[2026-09-18T13:22:45.351+0700] {processor.py:914} INFO - Processing file /Users/andreasanditya/Downloads/572392_Andreas_AirflowETL/code/.venv/lib/python3.9/site-packages/airflow/example_dags/plugins/workday.py for tasks to queue
[2026-09-18T13:22:45.352+0700] {logging_mixin.py:190} INFO - [2026-09-18T13:22:45.352+0700] {dagbag.py:588} INFO - Filling up the DagBag from /Users/andreasanditya/Downloads/572392_Andreas_AirflowETL/code/.venv/lib/python3.9/site-packages/airflow/example_dags/plugins/workday.py
[2026-09-18T13:22:45.579+0700] {processor.py:927} WARNING - No viable dags retrieved from /Users/andreasanditya/Downloads/572392_Andreas_AirflowETL/code/.venv/lib/python3.9/site-packages/airflow/example_dags/plugins/workday.py
[2026-09-18T13:22:45.635+0700] {processor.py:208} INFO - Processing /Users/andreasanditya/Downloads/572392_Andreas_AirflowETL/code/.venv/lib/python3.9/site-packages/airflow/example_dags/plugins/workday.py took 0.287 seconds
[2026-09-18T13:24:10.139+0700] {processor.py:186} INFO - Started process (PID=92053) to work on /Users/andreasanditya/Downloads/572392_Andreas_AirflowETL/code/.venv/lib/python3.9/site-packages/airflow/example_dags/plugins/workday.py
[2026-09-18T13:24:10.140+0700] {processor.py:914} INFO - Processing file /Users/andreasanditya/Downloads/572392_Andreas_AirflowETL/code/.venv/lib/python3.9/site-packages/airflow/example_dags/plugins/workday.py for tasks to queue
[2026-09-18T13:24:10.141+0700] {logging_mixin.py:190} INFO - [2026-09-18T13:24:10.141+0700] {dagbag.py:588} INFO - Filling up the DagBag from /Users/andreasanditya/Downloads/572392_Andreas_AirflowETL/code/.venv/lib/python3.9/site-packages/airflow/example_dags/plugins/workday.py
[2026-09-18T13:24:10.371+0700] {processor.py:927} WARNING - No viable dags retrieved from /Users/andreasanditya/Downloads/572392_Andreas_AirflowETL/code/.venv/lib/python3.9/site-packages/airflow/example_dags/plugins/workday.py
[2026-09-18T13:24:10.427+0700] {processor.py:208} INFO - Processing /Users/andreasanditya/Downloads/572392_Andreas_AirflowETL/code/.venv/lib/python3.9/site-packages/airflow/example_dags/plugins/workday.py took 0.290 seconds
[2026-09-18T13:25:34.397+0700] {processor.py:186} INFO - Started process (PID=93066) to work on /Users/andreasanditya/Downloads/572392_Andreas_AirflowETL/code/.venv/lib/python3.9/site-packages/airflow/example_dags/plugins/workday.py
[2026-09-18T13:25:34.398+0700] {processor.py:914} INFO - Processing file /Users/andreasanditya/Downloads/572392_Andreas_AirflowETL/code/.venv/lib/python3.9/site-packages/airflow/example_dags/plugins/workday.py for tasks to queue
[2026-09-18T13:25:34.398+0700] {logging_mixin.py:190} INFO - [2026-09-18T13:25:34.398+0700] {dagbag.py:588} INFO - Filling up the DagBag from /Users/andreasanditya/Downloads/572392_Andreas_AirflowETL/code/.venv/lib/python3.9/site-packages/airflow/example_dags/plugins/workday.py
[2026-09-18T13:25:34.625+0700] {processor.py:927} WARNING - No viable dags retrieved from /Users/andreasanditya/Downloads/572392_Andreas_AirflowETL/code/.venv/lib/python3.9/site-packages/airflow/example_dags/plugins/workday.py
[2026-09-18T13:25:34.680+0700] {processor.py:208} INFO - Processing /Users/andreasanditya/Downloads/572392_Andreas_AirflowETL/code/.venv/lib/python3.9/site-packages/airflow/example_dags/plugins/workday.py took 0.285 seconds
[2026-09-18T13:27:03.448+0700] {processor.py:186} INFO - Started process (PID=94069) to work on /Users/andreasanditya/Downloads/572392_Andreas_AirflowETL/code/.venv/lib/python3.9/site-packages/airflow/example_dags/plugins/workday.py
[2026-09-18T13:27:03.449+0700] {processor.py:914} INFO - Processing file /Users/andreasanditya/Downloads/572392_Andreas_AirflowETL/code/.venv/lib/python3.9/site-packages/airflow/example_dags/plugins/workday.py for tasks to queue
[2026-09-18T13:27:03.450+0700] {logging_mixin.py:190} INFO - [2026-09-18T13:27:03.450+0700] {dagbag.py:588} INFO - Filling up the DagBag from /Users/andreasanditya/Downloads/572392_Andreas_AirflowETL/code/.venv/lib/python3.9/site-packages/airflow/example_dags/plugins/workday.py
[2026-09-18T13:27:03.688+0700] {processor.py:927} WARNING - No viable dags retrieved from /Users/andreasanditya/Downloads/572392_Andreas_AirflowETL/code/.venv/lib/python3.9/site-packages/airflow/example_dags/plugins/workday.py
[2026-09-18T13:27:03.746+0700] {processor.py:208} INFO - Processing /Users/andreasanditya/Downloads/572392_Andreas_AirflowETL/code/.venv/lib/python3.9/site-packages/airflow/example_dags/plugins/workday.py took 0.300 seconds
[2026-09-18T13:28:32.958+0700] {processor.py:186} INFO - Started process (PID=94999) to work on /Users/andreasanditya/Downloads/572392_Andreas_AirflowETL/code/.venv/lib/python3.9/site-packages/airflow/example_dags/plugins/workday.py
[2026-09-18T13:28:32.960+0700] {processor.py:914} INFO - Processing file /Users/andreasanditya/Downloads/572392_Andreas_AirflowETL/code/.venv/lib/python3.9/site-packages/airflow/example_dags/plugins/workday.py for tasks to queue
[2026-09-18T13:28:32.960+0700] {logging_mixin.py:190} INFO - [2026-09-18T13:28:32.960+0700] {dagbag.py:588} INFO - Filling up the DagBag from /Users/andreasanditya/Downloads/572392_Andreas_AirflowETL/code/.venv/lib/python3.9/site-packages/airflow/example_dags/plugins/workday.py
[2026-09-18T13:28:33.192+0700] {processor.py:927} WARNING - No viable dags retrieved from /Users/andreasanditya/Downloads/572392_Andreas_AirflowETL/code/.venv/lib/python3.9/site-packages/airflow/example_dags/plugins/workday.py
[2026-09-18T13:28:33.248+0700] {processor.py:208} INFO - Processing /Users/andreasanditya/Downloads/572392_Andreas_AirflowETL/code/.venv/lib/python3.9/site-packages/airflow/example_dags/plugins/workday.py took 0.292 seconds
[2026-09-18T13:30:03.713+0700] {processor.py:186} INFO - Started process (PID=96104) to work on /Users/andreasanditya/Downloads/572392_Andreas_AirflowETL/code/.venv/lib/python3.9/site-packages/airflow/example_dags/plugins/workday.py
[2026-09-18T13:30:03.714+0700] {processor.py:914} INFO - Processing file /Users/andreasanditya/Downloads/572392_Andreas_AirflowETL/code/.venv/lib/python3.9/site-packages/airflow/example_dags/plugins/workday.py for tasks to queue
[2026-09-18T13:30:03.715+0700] {logging_mixin.py:190} INFO - [2026-09-18T13:30:03.715+0700] {dagbag.py:588} INFO - Filling up the DagBag from /Users/andreasanditya/Downloads/572392_Andreas_AirflowETL/code/.venv/lib/python3.9/site-packages/airflow/example_dags/plugins/workday.py
[2026-09-18T13:30:03.940+0700] {processor.py:927} WARNING - No viable dags retrieved from /Users/andreasanditya/Downloads/572392_Andreas_AirflowETL/code/.venv/lib/python3.9/site-packages/airflow/example_dags/plugins/workday.py
[2026-09-18T13:30:03.996+0700] {processor.py:208} INFO - Processing /Users/andreasanditya/Downloads/572392_Andreas_AirflowETL/code/.venv/lib/python3.9/site-packages/airflow/example_dags/plugins/workday.py took 0.285 seconds
[2026-09-18T13:31:34.075+0700] {processor.py:186} INFO - Started process (PID=97046) to work on /Users/andreasanditya/Downloads/572392_Andreas_AirflowETL/code/.venv/lib/python3.9/site-packages/airflow/example_dags/plugins/workday.py
[2026-09-18T13:31:34.076+0700] {processor.py:914} INFO - Processing file /Users/andreasanditya/Downloads/572392_Andreas_AirflowETL/code/.venv/lib/python3.9/site-packages/airflow/example_dags/plugins/workday.py for tasks to queue
[2026-09-18T13:31:34.076+0700] {logging_mixin.py:190} INFO - [2026-09-18T13:31:34.076+0700] {dagbag.py:588} INFO - Filling up the DagBag from /Users/andreasanditya/Downloads/572392_Andreas_AirflowETL/code/.venv/lib/python3.9/site-packages/airflow/example_dags/plugins/workday.py
[2026-09-18T13:31:34.312+0700] {processor.py:927} WARNING - No viable dags retrieved from /Users/andreasanditya/Downloads/572392_Andreas_AirflowETL/code/.venv/lib/python3.9/site-packages/airflow/example_dags/plugins/workday.py
[2026-09-18T13:31:34.369+0700] {processor.py:208} INFO - Processing /Users/andreasanditya/Downloads/572392_Andreas_AirflowETL/code/.venv/lib/python3.9/site-packages/airflow/example_dags/plugins/workday.py took 0.297 seconds
[2026-09-18T13:33:01.807+0700] {processor.py:186} INFO - Started process (PID=98019) to work on /Users/andreasanditya/Downloads/572392_Andreas_AirflowETL/code/.venv/lib/python3.9/site-packages/airflow/example_dags/plugins/workday.py
[2026-09-18T13:33:01.809+0700] {processor.py:914} INFO - Processing file /Users/andreasanditya/Downloads/572392_Andreas_AirflowETL/code/.venv/lib/python3.9/site-packages/airflow/example_dags/plugins/workday.py for tasks to queue
[2026-09-18T13:33:01.810+0700] {logging_mixin.py:190} INFO - [2026-09-18T13:33:01.809+0700] {dagbag.py:588} INFO - Filling up the DagBag from /Users/andreasanditya/Downloads/572392_Andreas_AirflowETL/code/.venv/lib/python3.9/site-packages/airflow/example_dags/plugins/workday.py
[2026-09-18T13:33:02.041+0700] {processor.py:927} WARNING - No viable dags retrieved from /Users/andreasanditya/Downloads/572392_Andreas_AirflowETL/code/.venv/lib/python3.9/site-packages/airflow/example_dags/plugins/workday.py
[2026-09-18T13:33:02.098+0700] {processor.py:208} INFO - Processing /Users/andreasanditya/Downloads/572392_Andreas_AirflowETL/code/.venv/lib/python3.9/site-packages/airflow/example_dags/plugins/workday.py took 0.292 seconds
[2026-09-18T13:34:27.120+0700] {processor.py:186} INFO - Started process (PID=98840) to work on /Users/andreasanditya/Downloads/572392_Andreas_AirflowETL/code/.venv/lib/python3.9/site-packages/airflow/example_dags/plugins/workday.py
[2026-09-18T13:34:27.121+0700] {processor.py:914} INFO - Processing file /Users/andreasanditya/Downloads/572392_Andreas_AirflowETL/code/.venv/lib/python3.9/site-packages/airflow/example_dags/plugins/workday.py for tasks to queue
[2026-09-18T13:34:27.122+0700] {logging_mixin.py:190} INFO - [2026-09-18T13:34:27.122+0700] {dagbag.py:588} INFO - Filling up the DagBag from /Users/andreasanditya/Downloads/572392_Andreas_AirflowETL/code/.venv/lib/python3.9/site-packages/airflow/example_dags/plugins/workday.py
[2026-09-18T13:34:27.342+0700] {processor.py:927} WARNING - No viable dags retrieved from /Users/andreasanditya/Downloads/572392_Andreas_AirflowETL/code/.venv/lib/python3.9/site-packages/airflow/example_dags/plugins/workday.py
[2026-09-18T13:34:27.397+0700] {processor.py:208} INFO - Processing /Users/andreasanditya/Downloads/572392_Andreas_AirflowETL/code/.venv/lib/python3.9/site-packages/airflow/example_dags/plugins/workday.py took 0.279 seconds
[2026-09-18T13:35:56.103+0700] {processor.py:186} INFO - Started process (PID=99777) to work on /Users/andreasanditya/Downloads/572392_Andreas_AirflowETL/code/.venv/lib/python3.9/site-packages/airflow/example_dags/plugins/workday.py
[2026-09-18T13:35:56.104+0700] {processor.py:914} INFO - Processing file /Users/andreasanditya/Downloads/572392_Andreas_AirflowETL/code/.venv/lib/python3.9/site-packages/airflow/example_dags/plugins/workday.py for tasks to queue
[2026-09-18T13:35:56.105+0700] {logging_mixin.py:190} INFO - [2026-09-18T13:35:56.105+0700] {dagbag.py:588} INFO - Filling up the DagBag from /Users/andreasanditya/Downloads/572392_Andreas_AirflowETL/code/.venv/lib/python3.9/site-packages/airflow/example_dags/plugins/workday.py
[2026-09-18T13:35:56.323+0700] {processor.py:927} WARNING - No viable dags retrieved from /Users/andreasanditya/Downloads/572392_Andreas_AirflowETL/code/.venv/lib/python3.9/site-packages/airflow/example_dags/plugins/workday.py
[2026-09-18T13:35:56.381+0700] {processor.py:208} INFO - Processing /Users/andreasanditya/Downloads/572392_Andreas_AirflowETL/code/.venv/lib/python3.9/site-packages/airflow/example_dags/plugins/workday.py took 0.280 seconds
[2026-09-18T13:37:23.027+0700] {processor.py:186} INFO - Started process (PID=964) to work on /Users/andreasanditya/Downloads/572392_Andreas_AirflowETL/code/.venv/lib/python3.9/site-packages/airflow/example_dags/plugins/workday.py
[2026-09-18T13:37:23.028+0700] {processor.py:914} INFO - Processing file /Users/andreasanditya/Downloads/572392_Andreas_AirflowETL/code/.venv/lib/python3.9/site-packages/airflow/example_dags/plugins/workday.py for tasks to queue
[2026-09-18T13:37:23.029+0700] {logging_mixin.py:190} INFO - [2026-09-18T13:37:23.029+0700] {dagbag.py:588} INFO - Filling up the DagBag from /Users/andreasanditya/Downloads/572392_Andreas_AirflowETL/code/.venv/lib/python3.9/site-packages/airflow/example_dags/plugins/workday.py
[2026-09-18T13:37:23.263+0700] {processor.py:927} WARNING - No viable dags retrieved from /Users/andreasanditya/Downloads/572392_Andreas_AirflowETL/code/.venv/lib/python3.9/site-packages/airflow/example_dags/plugins/workday.py
[2026-09-18T13:37:23.326+0700] {processor.py:208} INFO - Processing /Users/andreasanditya/Downloads/572392_Andreas_AirflowETL/code/.venv/lib/python3.9/site-packages/airflow/example_dags/plugins/workday.py took 0.301 seconds
[2026-09-18T13:38:49.764+0700] {processor.py:186} INFO - Started process (PID=1865) to work on /Users/andreasanditya/Downloads/572392_Andreas_AirflowETL/code/.venv/lib/python3.9/site-packages/airflow/example_dags/plugins/workday.py
[2026-09-18T13:38:49.765+0700] {processor.py:914} INFO - Processing file /Users/andreasanditya/Downloads/572392_Andreas_AirflowETL/code/.venv/lib/python3.9/site-packages/airflow/example_dags/plugins/workday.py for tasks to queue
[2026-09-18T13:38:49.766+0700] {logging_mixin.py:190} INFO - [2026-09-18T13:38:49.765+0700] {dagbag.py:588} INFO - Filling up the DagBag from /Users/andreasanditya/Downloads/572392_Andreas_AirflowETL/code/.venv/lib/python3.9/site-packages/airflow/example_dags/plugins/workday.py
[2026-09-18T13:38:50.018+0700] {processor.py:927} WARNING - No viable dags retrieved from /Users/andreasanditya/Downloads/572392_Andreas_AirflowETL/code/.venv/lib/python3.9/site-packages/airflow/example_dags/plugins/workday.py
[2026-09-18T13:38:50.075+0700] {processor.py:208} INFO - Processing /Users/andreasanditya/Downloads/572392_Andreas_AirflowETL/code/.venv/lib/python3.9/site-packages/airflow/example_dags/plugins/workday.py took 0.313 seconds
