[2026-09-18T11:17:20.292+0700] {processor.py:186} INFO - Started process (PID=10579) to work on /Users/andreasanditya/Downloads/572392_Andreas_AirflowETL/code/.venv/lib/python3.9/site-packages/airflow/example_dags/example_short_circuit_decorator.py
[2026-09-18T11:17:20.293+0700] {processor.py:914} INFO - Processing file /Users/andreasanditya/Downloads/572392_Andreas_AirflowETL/code/.venv/lib/python3.9/site-packages/airflow/example_dags/example_short_circuit_decorator.py for tasks to queue
[2026-09-18T11:17:20.294+0700] {logging_mixin.py:190} INFO - [2026-09-18T11:17:20.294+0700] {dagbag.py:588} INFO - Filling up the DagBag from /Users/andreasanditya/Downloads/572392_Andreas_AirflowETL/code/.venv/lib/python3.9/site-packages/airflow/example_dags/example_short_circuit_decorator.py
[2026-09-18T11:17:20.342+0700] {processor.py:925} INFO - DAG(s) 'example_short_circuit_decorator' retrieved from /Users/andreasanditya/Downloads/572392_Andreas_AirflowETL/code/.venv/lib/python3.9/site-packages/airflow/example_dags/example_short_circuit_decorator.py
[2026-09-18T11:17:20.450+0700] {logging_mixin.py:190} INFO - [2026-09-18T11:17:20.450+0700] {override.py:1912} INFO - Created Permission View: can delete on DAG:example_short_circuit_decorator
[2026-09-18T11:17:20.455+0700] {logging_mixin.py:190} INFO - [2026-09-18T11:17:20.455+0700] {override.py:1912} INFO - Created Permission View: can edit on DAG:example_short_circuit_decorator
[2026-09-18T11:17:20.458+0700] {logging_mixin.py:190} INFO - [2026-09-18T11:17:20.458+0700] {override.py:1912} INFO - Created Permission View: can read on DAG:example_short_circuit_decorator
[2026-09-18T11:17:20.462+0700] {logging_mixin.py:190} INFO - [2026-09-18T11:17:20.462+0700] {override.py:1912} INFO - Created Permission View: menu access on DAG Run:example_short_circuit_decorator
[2026-09-18T11:17:20.465+0700] {logging_mixin.py:190} INFO - [2026-09-18T11:17:20.465+0700] {override.py:1912} INFO - Created Permission View: can delete on DAG Run:example_short_circuit_decorator
[2026-09-18T11:17:20.468+0700] {logging_mixin.py:190} INFO - [2026-09-18T11:17:20.468+0700] {override.py:1912} INFO - Created Permission View: can create on DAG Run:example_short_circuit_decorator
[2026-09-18T11:17:20.471+0700] {logging_mixin.py:190} INFO - [2026-09-18T11:17:20.471+0700] {override.py:1912} INFO - Created Permission View: can read on DAG Run:example_short_circuit_decorator
[2026-09-18T11:17:20.472+0700] {logging_mixin.py:190} INFO - [2026-09-18T11:17:20.471+0700] {dag.py:3239} INFO - Sync 1 DAGs
[2026-09-18T11:17:20.478+0700] {logging_mixin.py:190} INFO - [2026-09-18T11:17:20.478+0700] {dag.py:3262} INFO - Creating ORM DAG for example_short_circuit_decorator
[2026-09-18T11:17:20.478+0700] {logging_mixin.py:190} INFO - [2026-09-18T11:17:20.478+0700] {dag.py:4180} INFO - Setting next_dagrun for example_short_circuit_decorator to None, run_after=None
[2026-09-18T11:17:20.487+0700] {processor.py:208} INFO - Processing /Users/andreasanditya/Downloads/572392_Andreas_AirflowETL/code/.venv/lib/python3.9/site-packages/airflow/example_dags/example_short_circuit_decorator.py took 0.197 seconds
[2026-09-18T11:19:36.795+0700] {processor.py:186} INFO - Started process (PID=12062) to work on /Users/andreasanditya/Downloads/572392_Andreas_AirflowETL/code/.venv/lib/python3.9/site-packages/airflow/example_dags/example_short_circuit_decorator.py
[2026-09-18T11:19:36.796+0700] {processor.py:914} INFO - Processing file /Users/andreasanditya/Downloads/572392_Andreas_AirflowETL/code/.venv/lib/python3.9/site-packages/airflow/example_dags/example_short_circuit_decorator.py for tasks to queue
[2026-09-18T11:19:36.797+0700] {logging_mixin.py:190} INFO - [2026-09-18T11:19:36.796+0700] {dagbag.py:588} INFO - Filling up the DagBag from /Users/andreasanditya/Downloads/572392_Andreas_AirflowETL/code/.venv/lib/python3.9/site-packages/airflow/example_dags/example_short_circuit_decorator.py
[2026-09-18T11:19:36.846+0700] {processor.py:925} INFO - DAG(s) 'example_short_circuit_decorator' retrieved from /Users/andreasanditya/Downloads/572392_Andreas_AirflowETL/code/.venv/lib/python3.9/site-packages/airflow/example_dags/example_short_circuit_decorator.py
[2026-09-18T11:19:36.908+0700] {logging_mixin.py:190} INFO - [2026-09-18T11:19:36.908+0700] {dag.py:3239} INFO - Sync 1 DAGs
[2026-09-18T11:19:36.915+0700] {logging_mixin.py:190} INFO - [2026-09-18T11:19:36.915+0700] {dag.py:4180} INFO - Setting next_dagrun for example_short_circuit_decorator to None, run_after=None
[2026-09-18T11:19:36.926+0700] {processor.py:208} INFO - Processing /Users/andreasanditya/Downloads/572392_Andreas_AirflowETL/code/.venv/lib/python3.9/site-packages/airflow/example_dags/example_short_circuit_decorator.py took 0.133 seconds
[2026-09-18T11:21:08.940+0700] {processor.py:186} INFO - Started process (PID=13056) to work on /Users/andreasanditya/Downloads/572392_Andreas_AirflowETL/code/.venv/lib/python3.9/site-packages/airflow/example_dags/example_short_circuit_decorator.py
[2026-09-18T11:21:08.941+0700] {processor.py:914} INFO - Processing file /Users/andreasanditya/Downloads/572392_Andreas_AirflowETL/code/.venv/lib/python3.9/site-packages/airflow/example_dags/example_short_circuit_decorator.py for tasks to queue
[2026-09-18T11:21:08.942+0700] {logging_mixin.py:190} INFO - [2026-09-18T11:21:08.942+0700] {dagbag.py:588} INFO - Filling up the DagBag from /Users/andreasanditya/Downloads/572392_Andreas_AirflowETL/code/.venv/lib/python3.9/site-packages/airflow/example_dags/example_short_circuit_decorator.py
[2026-09-18T11:21:08.991+0700] {processor.py:925} INFO - DAG(s) 'example_short_circuit_decorator' retrieved from /Users/andreasanditya/Downloads/572392_Andreas_AirflowETL/code/.venv/lib/python3.9/site-packages/airflow/example_dags/example_short_circuit_decorator.py
[2026-09-18T11:21:09.054+0700] {logging_mixin.py:190} INFO - [2026-09-18T11:21:09.054+0700] {dag.py:3239} INFO - Sync 1 DAGs
[2026-09-18T11:21:09.060+0700] {logging_mixin.py:190} INFO - [2026-09-18T11:21:09.060+0700] {dag.py:4180} INFO - Setting next_dagrun for example_short_circuit_decorator to None, run_after=None
[2026-09-18T11:21:09.070+0700] {processor.py:208} INFO - Processing /Users/andreasanditya/Downloads/572392_Andreas_AirflowETL/code/.venv/lib/python3.9/site-packages/airflow/example_dags/example_short_circuit_decorator.py took 0.132 seconds
[2026-09-18T11:23:10.178+0700] {processor.py:186} INFO - Started process (PID=14433) to work on /Users/andreasanditya/Downloads/572392_Andreas_AirflowETL/code/.venv/lib/python3.9/site-packages/airflow/example_dags/example_short_circuit_decorator.py
[2026-09-18T11:23:10.179+0700] {processor.py:914} INFO - Processing file /Users/andreasanditya/Downloads/572392_Andreas_AirflowETL/code/.venv/lib/python3.9/site-packages/airflow/example_dags/example_short_circuit_decorator.py for tasks to queue
[2026-09-18T11:23:10.180+0700] {logging_mixin.py:190} INFO - [2026-09-18T11:23:10.180+0700] {dagbag.py:588} INFO - Filling up the DagBag from /Users/andreasanditya/Downloads/572392_Andreas_AirflowETL/code/.venv/lib/python3.9/site-packages/airflow/example_dags/example_short_circuit_decorator.py
[2026-09-18T11:23:10.233+0700] {processor.py:925} INFO - DAG(s) 'example_short_circuit_decorator' retrieved from /Users/andreasanditya/Downloads/572392_Andreas_AirflowETL/code/.venv/lib/python3.9/site-packages/airflow/example_dags/example_short_circuit_decorator.py
[2026-09-18T11:23:10.295+0700] {logging_mixin.py:190} INFO - [2026-09-18T11:23:10.294+0700] {dag.py:3239} INFO - Sync 1 DAGs
[2026-09-18T11:23:10.301+0700] {logging_mixin.py:190} INFO - [2026-09-18T11:23:10.300+0700] {dag.py:4180} INFO - Setting next_dagrun for example_short_circuit_decorator to None, run_after=None
[2026-09-18T11:23:10.310+0700] {processor.py:208} INFO - Processing /Users/andreasanditya/Downloads/572392_Andreas_AirflowETL/code/.venv/lib/python3.9/site-packages/airflow/example_dags/example_short_circuit_decorator.py took 0.134 seconds
[2026-09-18T11:24:35.048+0700] {processor.py:186} INFO - Started process (PID=15354) to work on /Users/andreasanditya/Downloads/572392_Andreas_AirflowETL/code/.venv/lib/python3.9/site-packages/airflow/example_dags/example_short_circuit_decorator.py
[2026-09-18T11:24:35.049+0700] {processor.py:914} INFO - Processing file /Users/andreasanditya/Downloads/572392_Andreas_AirflowETL/code/.venv/lib/python3.9/site-packages/airflow/example_dags/example_short_circuit_decorator.py for tasks to queue
[2026-09-18T11:24:35.049+0700] {logging_mixin.py:190} INFO - [2026-09-18T11:24:35.049+0700] {dagbag.py:588} INFO - Filling up the DagBag from /Users/andreasanditya/Downloads/572392_Andreas_AirflowETL/code/.venv/lib/python3.9/site-packages/airflow/example_dags/example_short_circuit_decorator.py
[2026-09-18T11:24:35.096+0700] {processor.py:925} INFO - DAG(s) 'example_short_circuit_decorator' retrieved from /Users/andreasanditya/Downloads/572392_Andreas_AirflowETL/code/.venv/lib/python3.9/site-packages/airflow/example_dags/example_short_circuit_decorator.py
[2026-09-18T11:24:35.158+0700] {logging_mixin.py:190} INFO - [2026-09-18T11:24:35.158+0700] {dag.py:3239} INFO - Sync 1 DAGs
[2026-09-18T11:24:35.165+0700] {logging_mixin.py:190} INFO - [2026-09-18T11:24:35.165+0700] {dag.py:4180} INFO - Setting next_dagrun for example_short_circuit_decorator to None, run_after=None
[2026-09-18T11:24:35.176+0700] {processor.py:208} INFO - Processing /Users/andreasanditya/Downloads/572392_Andreas_AirflowETL/code/.venv/lib/python3.9/site-packages/airflow/example_dags/example_short_circuit_decorator.py took 0.131 seconds
[2026-09-18T11:26:37.379+0700] {processor.py:186} INFO - Started process (PID=16581) to work on /Users/andreasanditya/Downloads/572392_Andreas_AirflowETL/code/.venv/lib/python3.9/site-packages/airflow/example_dags/example_short_circuit_decorator.py
[2026-09-18T11:26:37.380+0700] {processor.py:914} INFO - Processing file /Users/andreasanditya/Downloads/572392_Andreas_AirflowETL/code/.venv/lib/python3.9/site-packages/airflow/example_dags/example_short_circuit_decorator.py for tasks to queue
[2026-09-18T11:26:37.381+0700] {logging_mixin.py:190} INFO - [2026-09-18T11:26:37.381+0700] {dagbag.py:588} INFO - Filling up the DagBag from /Users/andreasanditya/Downloads/572392_Andreas_AirflowETL/code/.venv/lib/python3.9/site-packages/airflow/example_dags/example_short_circuit_decorator.py
[2026-09-18T11:26:37.430+0700] {processor.py:925} INFO - DAG(s) 'example_short_circuit_decorator' retrieved from /Users/andreasanditya/Downloads/572392_Andreas_AirflowETL/code/.venv/lib/python3.9/site-packages/airflow/example_dags/example_short_circuit_decorator.py
[2026-09-18T11:26:37.496+0700] {logging_mixin.py:190} INFO - [2026-09-18T11:26:37.495+0700] {dag.py:3239} INFO - Sync 1 DAGs
[2026-09-18T11:26:37.502+0700] {logging_mixin.py:190} INFO - [2026-09-18T11:26:37.502+0700] {dag.py:4180} INFO - Setting next_dagrun for example_short_circuit_decorator to None, run_after=None
[2026-09-18T11:26:37.512+0700] {processor.py:208} INFO - Processing /Users/andreasanditya/Downloads/572392_Andreas_AirflowETL/code/.venv/lib/python3.9/site-packages/airflow/example_dags/example_short_circuit_decorator.py took 0.135 seconds
[2026-09-18T11:28:11.606+0700] {processor.py:186} INFO - Started process (PID=17580) to work on /Users/andreasanditya/Downloads/572392_Andreas_AirflowETL/code/.venv/lib/python3.9/site-packages/airflow/example_dags/example_short_circuit_decorator.py
[2026-09-18T11:28:11.607+0700] {processor.py:914} INFO - Processing file /Users/andreasanditya/Downloads/572392_Andreas_AirflowETL/code/.venv/lib/python3.9/site-packages/airflow/example_dags/example_short_circuit_decorator.py for tasks to queue
[2026-09-18T11:28:11.608+0700] {logging_mixin.py:190} INFO - [2026-09-18T11:28:11.608+0700] {dagbag.py:588} INFO - Filling up the DagBag from /Users/andreasanditya/Downloads/572392_Andreas_AirflowETL/code/.venv/lib/python3.9/site-packages/airflow/example_dags/example_short_circuit_decorator.py
[2026-09-18T11:28:11.659+0700] {processor.py:925} INFO - DAG(s) 'example_short_circuit_decorator' retrieved from /Users/andreasanditya/Downloads/572392_Andreas_AirflowETL/code/.venv/lib/python3.9/site-packages/airflow/example_dags/example_short_circuit_decorator.py
[2026-09-18T11:28:11.721+0700] {logging_mixin.py:190} INFO - [2026-09-18T11:28:11.721+0700] {dag.py:3239} INFO - Sync 1 DAGs
[2026-09-18T11:28:11.727+0700] {logging_mixin.py:190} INFO - [2026-09-18T11:28:11.727+0700] {dag.py:4180} INFO - Setting next_dagrun for example_short_circuit_decorator to None, run_after=None
[2026-09-18T11:28:11.737+0700] {processor.py:208} INFO - Processing /Users/andreasanditya/Downloads/572392_Andreas_AirflowETL/code/.venv/lib/python3.9/site-packages/airflow/example_dags/example_short_circuit_decorator.py took 0.134 seconds
[2026-09-18T11:29:41.299+0700] {processor.py:186} INFO - Started process (PID=18440) to work on /Users/andreasanditya/Downloads/572392_Andreas_AirflowETL/code/.venv/lib/python3.9/site-packages/airflow/example_dags/example_short_circuit_decorator.py
[2026-09-18T11:29:41.301+0700] {processor.py:914} INFO - Processing file /Users/andreasanditya/Downloads/572392_Andreas_AirflowETL/code/.venv/lib/python3.9/site-packages/airflow/example_dags/example_short_circuit_decorator.py for tasks to queue
[2026-09-18T11:29:41.301+0700] {logging_mixin.py:190} INFO - [2026-09-18T11:29:41.301+0700] {dagbag.py:588} INFO - Filling up the DagBag from /Users/andreasanditya/Downloads/572392_Andreas_AirflowETL/code/.venv/lib/python3.9/site-packages/airflow/example_dags/example_short_circuit_decorator.py
[2026-09-18T11:29:41.349+0700] {processor.py:925} INFO - DAG(s) 'example_short_circuit_decorator' retrieved from /Users/andreasanditya/Downloads/572392_Andreas_AirflowETL/code/.venv/lib/python3.9/site-packages/airflow/example_dags/example_short_circuit_decorator.py
[2026-09-18T11:29:41.412+0700] {logging_mixin.py:190} INFO - [2026-09-18T11:29:41.412+0700] {dag.py:3239} INFO - Sync 1 DAGs
[2026-09-18T11:29:41.419+0700] {logging_mixin.py:190} INFO - [2026-09-18T11:29:41.419+0700] {dag.py:4180} INFO - Setting next_dagrun for example_short_circuit_decorator to None, run_after=None
[2026-09-18T11:29:41.430+0700] {processor.py:208} INFO - Processing /Users/andreasanditya/Downloads/572392_Andreas_AirflowETL/code/.venv/lib/python3.9/site-packages/airflow/example_dags/example_short_circuit_decorator.py took 0.133 seconds
[2026-09-18T11:31:09.547+0700] {processor.py:186} INFO - Started process (PID=19395) to work on /Users/andreasanditya/Downloads/572392_Andreas_AirflowETL/code/.venv/lib/python3.9/site-packages/airflow/example_dags/example_short_circuit_decorator.py
[2026-09-18T11:31:09.548+0700] {processor.py:914} INFO - Processing file /Users/andreasanditya/Downloads/572392_Andreas_AirflowETL/code/.venv/lib/python3.9/site-packages/airflow/example_dags/example_short_circuit_decorator.py for tasks to queue
[2026-09-18T11:31:09.548+0700] {logging_mixin.py:190} INFO - [2026-09-18T11:31:09.548+0700] {dagbag.py:588} INFO - Filling up the DagBag from /Users/andreasanditya/Downloads/572392_Andreas_AirflowETL/code/.venv/lib/python3.9/site-packages/airflow/example_dags/example_short_circuit_decorator.py
[2026-09-18T11:31:09.596+0700] {processor.py:925} INFO - DAG(s) 'example_short_circuit_decorator' retrieved from /Users/andreasanditya/Downloads/572392_Andreas_AirflowETL/code/.venv/lib/python3.9/site-packages/airflow/example_dags/example_short_circuit_decorator.py
[2026-09-18T11:31:09.657+0700] {logging_mixin.py:190} INFO - [2026-09-18T11:31:09.657+0700] {dag.py:3239} INFO - Sync 1 DAGs
[2026-09-18T11:31:09.663+0700] {logging_mixin.py:190} INFO - [2026-09-18T11:31:09.663+0700] {dag.py:4180} INFO - Setting next_dagrun for example_short_circuit_decorator to None, run_after=None
[2026-09-18T11:31:09.673+0700] {processor.py:208} INFO - Processing /Users/andreasanditya/Downloads/572392_Andreas_AirflowETL/code/.venv/lib/python3.9/site-packages/airflow/example_dags/example_short_circuit_decorator.py took 0.128 seconds
[2026-09-18T11:32:39.459+0700] {processor.py:186} INFO - Started process (PID=20306) to work on /Users/andreasanditya/Downloads/572392_Andreas_AirflowETL/code/.venv/lib/python3.9/site-packages/airflow/example_dags/example_short_circuit_decorator.py
[2026-09-18T11:32:39.462+0700] {processor.py:914} INFO - Processing file /Users/andreasanditya/Downloads/572392_Andreas_AirflowETL/code/.venv/lib/python3.9/site-packages/airflow/example_dags/example_short_circuit_decorator.py for tasks to queue
[2026-09-18T11:32:39.464+0700] {logging_mixin.py:190} INFO - [2026-09-18T11:32:39.464+0700] {dagbag.py:588} INFO - Filling up the DagBag from /Users/andreasanditya/Downloads/572392_Andreas_AirflowETL/code/.venv/lib/python3.9/site-packages/airflow/example_dags/example_short_circuit_decorator.py
[2026-09-18T11:32:39.536+0700] {processor.py:925} INFO - DAG(s) 'example_short_circuit_decorator' retrieved from /Users/andreasanditya/Downloads/572392_Andreas_AirflowETL/code/.venv/lib/python3.9/site-packages/airflow/example_dags/example_short_circuit_decorator.py
[2026-09-18T11:32:39.609+0700] {logging_mixin.py:190} INFO - [2026-09-18T11:32:39.608+0700] {dag.py:3239} INFO - Sync 1 DAGs
[2026-09-18T11:32:39.615+0700] {logging_mixin.py:190} INFO - [2026-09-18T11:32:39.615+0700] {dag.py:4180} INFO - Setting next_dagrun for example_short_circuit_decorator to None, run_after=None
[2026-09-18T11:32:39.626+0700] {processor.py:208} INFO - Processing /Users/andreasanditya/Downloads/572392_Andreas_AirflowETL/code/.venv/lib/python3.9/site-packages/airflow/example_dags/example_short_circuit_decorator.py took 0.170 seconds
[2026-09-18T11:34:06.547+0700] {processor.py:186} INFO - Started process (PID=21324) to work on /Users/andreasanditya/Downloads/572392_Andreas_AirflowETL/code/.venv/lib/python3.9/site-packages/airflow/example_dags/example_short_circuit_decorator.py
[2026-09-18T11:34:06.548+0700] {processor.py:914} INFO - Processing file /Users/andreasanditya/Downloads/572392_Andreas_AirflowETL/code/.venv/lib/python3.9/site-packages/airflow/example_dags/example_short_circuit_decorator.py for tasks to queue
[2026-09-18T11:34:06.549+0700] {logging_mixin.py:190} INFO - [2026-09-18T11:34:06.549+0700] {dagbag.py:588} INFO - Filling up the DagBag from /Users/andreasanditya/Downloads/572392_Andreas_AirflowETL/code/.venv/lib/python3.9/site-packages/airflow/example_dags/example_short_circuit_decorator.py
[2026-09-18T11:34:06.597+0700] {processor.py:925} INFO - DAG(s) 'example_short_circuit_decorator' retrieved from /Users/andreasanditya/Downloads/572392_Andreas_AirflowETL/code/.venv/lib/python3.9/site-packages/airflow/example_dags/example_short_circuit_decorator.py
[2026-09-18T11:34:06.658+0700] {logging_mixin.py:190} INFO - [2026-09-18T11:34:06.658+0700] {dag.py:3239} INFO - Sync 1 DAGs
[2026-09-18T11:34:06.665+0700] {logging_mixin.py:190} INFO - [2026-09-18T11:34:06.665+0700] {dag.py:4180} INFO - Setting next_dagrun for example_short_circuit_decorator to None, run_after=None
[2026-09-18T11:34:06.675+0700] {processor.py:208} INFO - Processing /Users/andreasanditya/Downloads/572392_Andreas_AirflowETL/code/.venv/lib/python3.9/site-packages/airflow/example_dags/example_short_circuit_decorator.py took 0.130 seconds
[2026-09-18T11:35:34.120+0700] {processor.py:186} INFO - Started process (PID=22192) to work on /Users/andreasanditya/Downloads/572392_Andreas_AirflowETL/code/.venv/lib/python3.9/site-packages/airflow/example_dags/example_short_circuit_decorator.py
[2026-09-18T11:35:34.121+0700] {processor.py:914} INFO - Processing file /Users/andreasanditya/Downloads/572392_Andreas_AirflowETL/code/.venv/lib/python3.9/site-packages/airflow/example_dags/example_short_circuit_decorator.py for tasks to queue
[2026-09-18T11:35:34.122+0700] {logging_mixin.py:190} INFO - [2026-09-18T11:35:34.122+0700] {dagbag.py:588} INFO - Filling up the DagBag from /Users/andreasanditya/Downloads/572392_Andreas_AirflowETL/code/.venv/lib/python3.9/site-packages/airflow/example_dags/example_short_circuit_decorator.py
[2026-09-18T11:35:34.172+0700] {processor.py:925} INFO - DAG(s) 'example_short_circuit_decorator' retrieved from /Users/andreasanditya/Downloads/572392_Andreas_AirflowETL/code/.venv/lib/python3.9/site-packages/airflow/example_dags/example_short_circuit_decorator.py
[2026-09-18T11:35:34.233+0700] {logging_mixin.py:190} INFO - [2026-09-18T11:35:34.232+0700] {dag.py:3239} INFO - Sync 1 DAGs
[2026-09-18T11:35:34.239+0700] {logging_mixin.py:190} INFO - [2026-09-18T11:35:34.238+0700] {dag.py:4180} INFO - Setting next_dagrun for example_short_circuit_decorator to None, run_after=None
[2026-09-18T11:35:34.249+0700] {processor.py:208} INFO - Processing /Users/andreasanditya/Downloads/572392_Andreas_AirflowETL/code/.venv/lib/python3.9/site-packages/airflow/example_dags/example_short_circuit_decorator.py took 0.130 seconds
[2026-09-18T11:37:02.490+0700] {processor.py:186} INFO - Started process (PID=23201) to work on /Users/andreasanditya/Downloads/572392_Andreas_AirflowETL/code/.venv/lib/python3.9/site-packages/airflow/example_dags/example_short_circuit_decorator.py
[2026-09-18T11:37:02.491+0700] {processor.py:914} INFO - Processing file /Users/andreasanditya/Downloads/572392_Andreas_AirflowETL/code/.venv/lib/python3.9/site-packages/airflow/example_dags/example_short_circuit_decorator.py for tasks to queue
[2026-09-18T11:37:02.492+0700] {logging_mixin.py:190} INFO - [2026-09-18T11:37:02.492+0700] {dagbag.py:588} INFO - Filling up the DagBag from /Users/andreasanditya/Downloads/572392_Andreas_AirflowETL/code/.venv/lib/python3.9/site-packages/airflow/example_dags/example_short_circuit_decorator.py
[2026-09-18T11:37:02.542+0700] {processor.py:925} INFO - DAG(s) 'example_short_circuit_decorator' retrieved from /Users/andreasanditya/Downloads/572392_Andreas_AirflowETL/code/.venv/lib/python3.9/site-packages/airflow/example_dags/example_short_circuit_decorator.py
[2026-09-18T11:37:02.606+0700] {logging_mixin.py:190} INFO - [2026-09-18T11:37:02.606+0700] {dag.py:3239} INFO - Sync 1 DAGs
[2026-09-18T11:37:02.612+0700] {logging_mixin.py:190} INFO - [2026-09-18T11:37:02.612+0700] {dag.py:4180} INFO - Setting next_dagrun for example_short_circuit_decorator to None, run_after=None
[2026-09-18T11:37:02.622+0700] {processor.py:208} INFO - Processing /Users/andreasanditya/Downloads/572392_Andreas_AirflowETL/code/.venv/lib/python3.9/site-packages/airflow/example_dags/example_short_circuit_decorator.py took 0.135 seconds
[2026-09-18T11:38:29.175+0700] {processor.py:186} INFO - Started process (PID=24038) to work on /Users/andreasanditya/Downloads/572392_Andreas_AirflowETL/code/.venv/lib/python3.9/site-packages/airflow/example_dags/example_short_circuit_decorator.py
[2026-09-18T11:38:29.176+0700] {processor.py:914} INFO - Processing file /Users/andreasanditya/Downloads/572392_Andreas_AirflowETL/code/.venv/lib/python3.9/site-packages/airflow/example_dags/example_short_circuit_decorator.py for tasks to queue
[2026-09-18T11:38:29.177+0700] {logging_mixin.py:190} INFO - [2026-09-18T11:38:29.177+0700] {dagbag.py:588} INFO - Filling up the DagBag from /Users/andreasanditya/Downloads/572392_Andreas_AirflowETL/code/.venv/lib/python3.9/site-packages/airflow/example_dags/example_short_circuit_decorator.py
[2026-09-18T11:38:29.223+0700] {processor.py:925} INFO - DAG(s) 'example_short_circuit_decorator' retrieved from /Users/andreasanditya/Downloads/572392_Andreas_AirflowETL/code/.venv/lib/python3.9/site-packages/airflow/example_dags/example_short_circuit_decorator.py
[2026-09-18T11:38:29.284+0700] {logging_mixin.py:190} INFO - [2026-09-18T11:38:29.284+0700] {dag.py:3239} INFO - Sync 1 DAGs
[2026-09-18T11:38:29.291+0700] {logging_mixin.py:190} INFO - [2026-09-18T11:38:29.291+0700] {dag.py:4180} INFO - Setting next_dagrun for example_short_circuit_decorator to None, run_after=None
[2026-09-18T11:38:29.302+0700] {processor.py:208} INFO - Processing /Users/andreasanditya/Downloads/572392_Andreas_AirflowETL/code/.venv/lib/python3.9/site-packages/airflow/example_dags/example_short_circuit_decorator.py took 0.128 seconds
[2026-09-18T11:39:56.150+0700] {processor.py:186} INFO - Started process (PID=24967) to work on /Users/andreasanditya/Downloads/572392_Andreas_AirflowETL/code/.venv/lib/python3.9/site-packages/airflow/example_dags/example_short_circuit_decorator.py
[2026-09-18T11:39:56.151+0700] {processor.py:914} INFO - Processing file /Users/andreasanditya/Downloads/572392_Andreas_AirflowETL/code/.venv/lib/python3.9/site-packages/airflow/example_dags/example_short_circuit_decorator.py for tasks to queue
[2026-09-18T11:39:56.152+0700] {logging_mixin.py:190} INFO - [2026-09-18T11:39:56.152+0700] {dagbag.py:588} INFO - Filling up the DagBag from /Users/andreasanditya/Downloads/572392_Andreas_AirflowETL/code/.venv/lib/python3.9/site-packages/airflow/example_dags/example_short_circuit_decorator.py
[2026-09-18T11:39:56.200+0700] {processor.py:925} INFO - DAG(s) 'example_short_circuit_decorator' retrieved from /Users/andreasanditya/Downloads/572392_Andreas_AirflowETL/code/.venv/lib/python3.9/site-packages/airflow/example_dags/example_short_circuit_decorator.py
[2026-09-18T11:39:56.263+0700] {logging_mixin.py:190} INFO - [2026-09-18T11:39:56.262+0700] {dag.py:3239} INFO - Sync 1 DAGs
[2026-09-18T11:39:56.269+0700] {logging_mixin.py:190} INFO - [2026-09-18T11:39:56.268+0700] {dag.py:4180} INFO - Setting next_dagrun for example_short_circuit_decorator to None, run_after=None
[2026-09-18T11:39:56.279+0700] {processor.py:208} INFO - Processing /Users/andreasanditya/Downloads/572392_Andreas_AirflowETL/code/.venv/lib/python3.9/site-packages/airflow/example_dags/example_short_circuit_decorator.py took 0.131 seconds
[2026-09-18T11:41:25.173+0700] {processor.py:186} INFO - Started process (PID=25911) to work on /Users/andreasanditya/Downloads/572392_Andreas_AirflowETL/code/.venv/lib/python3.9/site-packages/airflow/example_dags/example_short_circuit_decorator.py
[2026-09-18T11:41:25.174+0700] {processor.py:914} INFO - Processing file /Users/andreasanditya/Downloads/572392_Andreas_AirflowETL/code/.venv/lib/python3.9/site-packages/airflow/example_dags/example_short_circuit_decorator.py for tasks to queue
[2026-09-18T11:41:25.174+0700] {logging_mixin.py:190} INFO - [2026-09-18T11:41:25.174+0700] {dagbag.py:588} INFO - Filling up the DagBag from /Users/andreasanditya/Downloads/572392_Andreas_AirflowETL/code/.venv/lib/python3.9/site-packages/airflow/example_dags/example_short_circuit_decorator.py
[2026-09-18T11:41:25.221+0700] {processor.py:925} INFO - DAG(s) 'example_short_circuit_decorator' retrieved from /Users/andreasanditya/Downloads/572392_Andreas_AirflowETL/code/.venv/lib/python3.9/site-packages/airflow/example_dags/example_short_circuit_decorator.py
[2026-09-18T11:41:25.281+0700] {logging_mixin.py:190} INFO - [2026-09-18T11:41:25.281+0700] {dag.py:3239} INFO - Sync 1 DAGs
[2026-09-18T11:41:25.287+0700] {logging_mixin.py:190} INFO - [2026-09-18T11:41:25.286+0700] {dag.py:4180} INFO - Setting next_dagrun for example_short_circuit_decorator to None, run_after=None
[2026-09-18T11:41:25.304+0700] {processor.py:208} INFO - Processing /Users/andreasanditya/Downloads/572392_Andreas_AirflowETL/code/.venv/lib/python3.9/site-packages/airflow/example_dags/example_short_circuit_decorator.py took 0.134 seconds
[2026-09-18T11:42:55.959+0700] {processor.py:186} INFO - Started process (PID=26835) to work on /Users/andreasanditya/Downloads/572392_Andreas_AirflowETL/code/.venv/lib/python3.9/site-packages/airflow/example_dags/example_short_circuit_decorator.py
[2026-09-18T11:42:55.960+0700] {processor.py:914} INFO - Processing file /Users/andreasanditya/Downloads/572392_Andreas_AirflowETL/code/.venv/lib/python3.9/site-packages/airflow/example_dags/example_short_circuit_decorator.py for tasks to queue
[2026-09-18T11:42:55.960+0700] {logging_mixin.py:190} INFO - [2026-09-18T11:42:55.960+0700] {dagbag.py:588} INFO - Filling up the DagBag from /Users/andreasanditya/Downloads/572392_Andreas_AirflowETL/code/.venv/lib/python3.9/site-packages/airflow/example_dags/example_short_circuit_decorator.py
[2026-09-18T11:42:56.008+0700] {processor.py:925} INFO - DAG(s) 'example_short_circuit_decorator' retrieved from /Users/andreasanditya/Downloads/572392_Andreas_AirflowETL/code/.venv/lib/python3.9/site-packages/airflow/example_dags/example_short_circuit_decorator.py
[2026-09-18T11:42:56.069+0700] {logging_mixin.py:190} INFO - [2026-09-18T11:42:56.069+0700] {dag.py:3239} INFO - Sync 1 DAGs
[2026-09-18T11:42:56.075+0700] {logging_mixin.py:190} INFO - [2026-09-18T11:42:56.075+0700] {dag.py:4180} INFO - Setting next_dagrun for example_short_circuit_decorator to None, run_after=None
[2026-09-18T11:42:56.085+0700] {processor.py:208} INFO - Processing /Users/andreasanditya/Downloads/572392_Andreas_AirflowETL/code/.venv/lib/python3.9/site-packages/airflow/example_dags/example_short_circuit_decorator.py took 0.128 seconds
[2026-09-18T11:44:23.672+0700] {processor.py:186} INFO - Started process (PID=27647) to work on /Users/andreasanditya/Downloads/572392_Andreas_AirflowETL/code/.venv/lib/python3.9/site-packages/airflow/example_dags/example_short_circuit_decorator.py
[2026-09-18T11:44:23.673+0700] {processor.py:914} INFO - Processing file /Users/andreasanditya/Downloads/572392_Andreas_AirflowETL/code/.venv/lib/python3.9/site-packages/airflow/example_dags/example_short_circuit_decorator.py for tasks to queue
[2026-09-18T11:44:23.674+0700] {logging_mixin.py:190} INFO - [2026-09-18T11:44:23.673+0700] {dagbag.py:588} INFO - Filling up the DagBag from /Users/andreasanditya/Downloads/572392_Andreas_AirflowETL/code/.venv/lib/python3.9/site-packages/airflow/example_dags/example_short_circuit_decorator.py
[2026-09-18T11:44:23.722+0700] {processor.py:925} INFO - DAG(s) 'example_short_circuit_decorator' retrieved from /Users/andreasanditya/Downloads/572392_Andreas_AirflowETL/code/.venv/lib/python3.9/site-packages/airflow/example_dags/example_short_circuit_decorator.py
[2026-09-18T11:44:23.783+0700] {logging_mixin.py:190} INFO - [2026-09-18T11:44:23.783+0700] {dag.py:3239} INFO - Sync 1 DAGs
[2026-09-18T11:44:23.789+0700] {logging_mixin.py:190} INFO - [2026-09-18T11:44:23.789+0700] {dag.py:4180} INFO - Setting next_dagrun for example_short_circuit_decorator to None, run_after=None
[2026-09-18T11:44:23.799+0700] {processor.py:208} INFO - Processing /Users/andreasanditya/Downloads/572392_Andreas_AirflowETL/code/.venv/lib/python3.9/site-packages/airflow/example_dags/example_short_circuit_decorator.py took 0.129 seconds
[2026-09-18T11:45:49.341+0700] {processor.py:186} INFO - Started process (PID=28550) to work on /Users/andreasanditya/Downloads/572392_Andreas_AirflowETL/code/.venv/lib/python3.9/site-packages/airflow/example_dags/example_short_circuit_decorator.py
[2026-09-18T11:45:49.342+0700] {processor.py:914} INFO - Processing file /Users/andreasanditya/Downloads/572392_Andreas_AirflowETL/code/.venv/lib/python3.9/site-packages/airflow/example_dags/example_short_circuit_decorator.py for tasks to queue
[2026-09-18T11:45:49.343+0700] {logging_mixin.py:190} INFO - [2026-09-18T11:45:49.343+0700] {dagbag.py:588} INFO - Filling up the DagBag from /Users/andreasanditya/Downloads/572392_Andreas_AirflowETL/code/.venv/lib/python3.9/site-packages/airflow/example_dags/example_short_circuit_decorator.py
[2026-09-18T11:45:49.389+0700] {processor.py:925} INFO - DAG(s) 'example_short_circuit_decorator' retrieved from /Users/andreasanditya/Downloads/572392_Andreas_AirflowETL/code/.venv/lib/python3.9/site-packages/airflow/example_dags/example_short_circuit_decorator.py
[2026-09-18T11:45:49.449+0700] {logging_mixin.py:190} INFO - [2026-09-18T11:45:49.449+0700] {dag.py:3239} INFO - Sync 1 DAGs
[2026-09-18T11:45:49.455+0700] {logging_mixin.py:190} INFO - [2026-09-18T11:45:49.455+0700] {dag.py:4180} INFO - Setting next_dagrun for example_short_circuit_decorator to None, run_after=None
[2026-09-18T11:45:49.464+0700] {processor.py:208} INFO - Processing /Users/andreasanditya/Downloads/572392_Andreas_AirflowETL/code/.venv/lib/python3.9/site-packages/airflow/example_dags/example_short_circuit_decorator.py took 0.125 seconds
[2026-09-18T11:47:15.756+0700] {processor.py:186} INFO - Started process (PID=29369) to work on /Users/andreasanditya/Downloads/572392_Andreas_AirflowETL/code/.venv/lib/python3.9/site-packages/airflow/example_dags/example_short_circuit_decorator.py
[2026-09-18T11:47:15.757+0700] {processor.py:914} INFO - Processing file /Users/andreasanditya/Downloads/572392_Andreas_AirflowETL/code/.venv/lib/python3.9/site-packages/airflow/example_dags/example_short_circuit_decorator.py for tasks to queue
[2026-09-18T11:47:15.758+0700] {logging_mixin.py:190} INFO - [2026-09-18T11:47:15.757+0700] {dagbag.py:588} INFO - Filling up the DagBag from /Users/andreasanditya/Downloads/572392_Andreas_AirflowETL/code/.venv/lib/python3.9/site-packages/airflow/example_dags/example_short_circuit_decorator.py
[2026-09-18T11:47:15.811+0700] {processor.py:925} INFO - DAG(s) 'example_short_circuit_decorator' retrieved from /Users/andreasanditya/Downloads/572392_Andreas_AirflowETL/code/.venv/lib/python3.9/site-packages/airflow/example_dags/example_short_circuit_decorator.py
[2026-09-18T11:47:15.874+0700] {logging_mixin.py:190} INFO - [2026-09-18T11:47:15.873+0700] {dag.py:3239} INFO - Sync 1 DAGs
[2026-09-18T11:47:15.879+0700] {logging_mixin.py:190} INFO - [2026-09-18T11:47:15.879+0700] {dag.py:4180} INFO - Setting next_dagrun for example_short_circuit_decorator to None, run_after=None
[2026-09-18T11:47:15.889+0700] {processor.py:208} INFO - Processing /Users/andreasanditya/Downloads/572392_Andreas_AirflowETL/code/.venv/lib/python3.9/site-packages/airflow/example_dags/example_short_circuit_decorator.py took 0.136 seconds
[2026-09-18T11:48:43.536+0700] {processor.py:186} INFO - Started process (PID=30299) to work on /Users/andreasanditya/Downloads/572392_Andreas_AirflowETL/code/.venv/lib/python3.9/site-packages/airflow/example_dags/example_short_circuit_decorator.py
[2026-09-18T11:48:43.538+0700] {processor.py:914} INFO - Processing file /Users/andreasanditya/Downloads/572392_Andreas_AirflowETL/code/.venv/lib/python3.9/site-packages/airflow/example_dags/example_short_circuit_decorator.py for tasks to queue
[2026-09-18T11:48:43.539+0700] {logging_mixin.py:190} INFO - [2026-09-18T11:48:43.539+0700] {dagbag.py:588} INFO - Filling up the DagBag from /Users/andreasanditya/Downloads/572392_Andreas_AirflowETL/code/.venv/lib/python3.9/site-packages/airflow/example_dags/example_short_circuit_decorator.py
[2026-09-18T11:48:43.587+0700] {processor.py:925} INFO - DAG(s) 'example_short_circuit_decorator' retrieved from /Users/andreasanditya/Downloads/572392_Andreas_AirflowETL/code/.venv/lib/python3.9/site-packages/airflow/example_dags/example_short_circuit_decorator.py
[2026-09-18T11:48:43.648+0700] {logging_mixin.py:190} INFO - [2026-09-18T11:48:43.648+0700] {dag.py:3239} INFO - Sync 1 DAGs
[2026-09-18T11:48:43.654+0700] {logging_mixin.py:190} INFO - [2026-09-18T11:48:43.654+0700] {dag.py:4180} INFO - Setting next_dagrun for example_short_circuit_decorator to None, run_after=None
[2026-09-18T11:48:43.664+0700] {processor.py:208} INFO - Processing /Users/andreasanditya/Downloads/572392_Andreas_AirflowETL/code/.venv/lib/python3.9/site-packages/airflow/example_dags/example_short_circuit_decorator.py took 0.129 seconds
[2026-09-18T11:50:09.499+0700] {processor.py:186} INFO - Started process (PID=31214) to work on /Users/andreasanditya/Downloads/572392_Andreas_AirflowETL/code/.venv/lib/python3.9/site-packages/airflow/example_dags/example_short_circuit_decorator.py
[2026-09-18T11:50:09.500+0700] {processor.py:914} INFO - Processing file /Users/andreasanditya/Downloads/572392_Andreas_AirflowETL/code/.venv/lib/python3.9/site-packages/airflow/example_dags/example_short_circuit_decorator.py for tasks to queue
[2026-09-18T11:50:09.501+0700] {logging_mixin.py:190} INFO - [2026-09-18T11:50:09.500+0700] {dagbag.py:588} INFO - Filling up the DagBag from /Users/andreasanditya/Downloads/572392_Andreas_AirflowETL/code/.venv/lib/python3.9/site-packages/airflow/example_dags/example_short_circuit_decorator.py
[2026-09-18T11:50:09.548+0700] {processor.py:925} INFO - DAG(s) 'example_short_circuit_decorator' retrieved from /Users/andreasanditya/Downloads/572392_Andreas_AirflowETL/code/.venv/lib/python3.9/site-packages/airflow/example_dags/example_short_circuit_decorator.py
[2026-09-18T11:50:09.609+0700] {logging_mixin.py:190} INFO - [2026-09-18T11:50:09.609+0700] {dag.py:3239} INFO - Sync 1 DAGs
[2026-09-18T11:50:09.615+0700] {logging_mixin.py:190} INFO - [2026-09-18T11:50:09.615+0700] {dag.py:4180} INFO - Setting next_dagrun for example_short_circuit_decorator to None, run_after=None
[2026-09-18T11:50:09.625+0700] {processor.py:208} INFO - Processing /Users/andreasanditya/Downloads/572392_Andreas_AirflowETL/code/.venv/lib/python3.9/site-packages/airflow/example_dags/example_short_circuit_decorator.py took 0.128 seconds
[2026-09-18T11:51:34.137+0700] {processor.py:186} INFO - Started process (PID=32021) to work on /Users/andreasanditya/Downloads/572392_Andreas_AirflowETL/code/.venv/lib/python3.9/site-packages/airflow/example_dags/example_short_circuit_decorator.py
[2026-09-18T11:51:34.138+0700] {processor.py:914} INFO - Processing file /Users/andreasanditya/Downloads/572392_Andreas_AirflowETL/code/.venv/lib/python3.9/site-packages/airflow/example_dags/example_short_circuit_decorator.py for tasks to queue
[2026-09-18T11:51:34.138+0700] {logging_mixin.py:190} INFO - [2026-09-18T11:51:34.138+0700] {dagbag.py:588} INFO - Filling up the DagBag from /Users/andreasanditya/Downloads/572392_Andreas_AirflowETL/code/.venv/lib/python3.9/site-packages/airflow/example_dags/example_short_circuit_decorator.py
[2026-09-18T11:51:34.184+0700] {processor.py:925} INFO - DAG(s) 'example_short_circuit_decorator' retrieved from /Users/andreasanditya/Downloads/572392_Andreas_AirflowETL/code/.venv/lib/python3.9/site-packages/airflow/example_dags/example_short_circuit_decorator.py
[2026-09-18T11:51:34.244+0700] {logging_mixin.py:190} INFO - [2026-09-18T11:51:34.244+0700] {dag.py:3239} INFO - Sync 1 DAGs
[2026-09-18T11:51:34.250+0700] {logging_mixin.py:190} INFO - [2026-09-18T11:51:34.250+0700] {dag.py:4180} INFO - Setting next_dagrun for example_short_circuit_decorator to None, run_after=None
[2026-09-18T11:51:34.260+0700] {processor.py:208} INFO - Processing /Users/andreasanditya/Downloads/572392_Andreas_AirflowETL/code/.venv/lib/python3.9/site-packages/airflow/example_dags/example_short_circuit_decorator.py took 0.125 seconds
[2026-09-18T11:53:00.480+0700] {processor.py:186} INFO - Started process (PID=32844) to work on /Users/andreasanditya/Downloads/572392_Andreas_AirflowETL/code/.venv/lib/python3.9/site-packages/airflow/example_dags/example_short_circuit_decorator.py
[2026-09-18T11:53:00.481+0700] {processor.py:914} INFO - Processing file /Users/andreasanditya/Downloads/572392_Andreas_AirflowETL/code/.venv/lib/python3.9/site-packages/airflow/example_dags/example_short_circuit_decorator.py for tasks to queue
[2026-09-18T11:53:00.481+0700] {logging_mixin.py:190} INFO - [2026-09-18T11:53:00.481+0700] {dagbag.py:588} INFO - Filling up the DagBag from /Users/andreasanditya/Downloads/572392_Andreas_AirflowETL/code/.venv/lib/python3.9/site-packages/airflow/example_dags/example_short_circuit_decorator.py
[2026-09-18T11:53:00.528+0700] {processor.py:925} INFO - DAG(s) 'example_short_circuit_decorator' retrieved from /Users/andreasanditya/Downloads/572392_Andreas_AirflowETL/code/.venv/lib/python3.9/site-packages/airflow/example_dags/example_short_circuit_decorator.py
[2026-09-18T11:53:00.591+0700] {logging_mixin.py:190} INFO - [2026-09-18T11:53:00.590+0700] {dag.py:3239} INFO - Sync 1 DAGs
[2026-09-18T11:53:00.596+0700] {logging_mixin.py:190} INFO - [2026-09-18T11:53:00.596+0700] {dag.py:4180} INFO - Setting next_dagrun for example_short_circuit_decorator to None, run_after=None
[2026-09-18T11:53:00.606+0700] {processor.py:208} INFO - Processing /Users/andreasanditya/Downloads/572392_Andreas_AirflowETL/code/.venv/lib/python3.9/site-packages/airflow/example_dags/example_short_circuit_decorator.py took 0.129 seconds
[2026-09-18T11:54:27.525+0700] {processor.py:186} INFO - Started process (PID=33760) to work on /Users/andreasanditya/Downloads/572392_Andreas_AirflowETL/code/.venv/lib/python3.9/site-packages/airflow/example_dags/example_short_circuit_decorator.py
[2026-09-18T11:54:27.526+0700] {processor.py:914} INFO - Processing file /Users/andreasanditya/Downloads/572392_Andreas_AirflowETL/code/.venv/lib/python3.9/site-packages/airflow/example_dags/example_short_circuit_decorator.py for tasks to queue
[2026-09-18T11:54:27.526+0700] {logging_mixin.py:190} INFO - [2026-09-18T11:54:27.526+0700] {dagbag.py:588} INFO - Filling up the DagBag from /Users/andreasanditya/Downloads/572392_Andreas_AirflowETL/code/.venv/lib/python3.9/site-packages/airflow/example_dags/example_short_circuit_decorator.py
[2026-09-18T11:54:27.575+0700] {processor.py:925} INFO - DAG(s) 'example_short_circuit_decorator' retrieved from /Users/andreasanditya/Downloads/572392_Andreas_AirflowETL/code/.venv/lib/python3.9/site-packages/airflow/example_dags/example_short_circuit_decorator.py
[2026-09-18T11:54:27.637+0700] {logging_mixin.py:190} INFO - [2026-09-18T11:54:27.636+0700] {dag.py:3239} INFO - Sync 1 DAGs
[2026-09-18T11:54:27.642+0700] {logging_mixin.py:190} INFO - [2026-09-18T11:54:27.642+0700] {dag.py:4180} INFO - Setting next_dagrun for example_short_circuit_decorator to None, run_after=None
[2026-09-18T11:54:27.652+0700] {processor.py:208} INFO - Processing /Users/andreasanditya/Downloads/572392_Andreas_AirflowETL/code/.venv/lib/python3.9/site-packages/airflow/example_dags/example_short_circuit_decorator.py took 0.130 seconds
[2026-09-18T11:55:55.395+0700] {processor.py:186} INFO - Started process (PID=34686) to work on /Users/andreasanditya/Downloads/572392_Andreas_AirflowETL/code/.venv/lib/python3.9/site-packages/airflow/example_dags/example_short_circuit_decorator.py
[2026-09-18T11:55:55.396+0700] {processor.py:914} INFO - Processing file /Users/andreasanditya/Downloads/572392_Andreas_AirflowETL/code/.venv/lib/python3.9/site-packages/airflow/example_dags/example_short_circuit_decorator.py for tasks to queue
[2026-09-18T11:55:55.397+0700] {logging_mixin.py:190} INFO - [2026-09-18T11:55:55.397+0700] {dagbag.py:588} INFO - Filling up the DagBag from /Users/andreasanditya/Downloads/572392_Andreas_AirflowETL/code/.venv/lib/python3.9/site-packages/airflow/example_dags/example_short_circuit_decorator.py
[2026-09-18T11:55:55.444+0700] {processor.py:925} INFO - DAG(s) 'example_short_circuit_decorator' retrieved from /Users/andreasanditya/Downloads/572392_Andreas_AirflowETL/code/.venv/lib/python3.9/site-packages/airflow/example_dags/example_short_circuit_decorator.py
[2026-09-18T11:55:55.505+0700] {logging_mixin.py:190} INFO - [2026-09-18T11:55:55.505+0700] {dag.py:3239} INFO - Sync 1 DAGs
[2026-09-18T11:55:55.511+0700] {logging_mixin.py:190} INFO - [2026-09-18T11:55:55.510+0700] {dag.py:4180} INFO - Setting next_dagrun for example_short_circuit_decorator to None, run_after=None
[2026-09-18T11:55:55.521+0700] {processor.py:208} INFO - Processing /Users/andreasanditya/Downloads/572392_Andreas_AirflowETL/code/.venv/lib/python3.9/site-packages/airflow/example_dags/example_short_circuit_decorator.py took 0.127 seconds
[2026-09-18T11:57:23.086+0700] {processor.py:186} INFO - Started process (PID=35503) to work on /Users/andreasanditya/Downloads/572392_Andreas_AirflowETL/code/.venv/lib/python3.9/site-packages/airflow/example_dags/example_short_circuit_decorator.py
[2026-09-18T11:57:23.087+0700] {processor.py:914} INFO - Processing file /Users/andreasanditya/Downloads/572392_Andreas_AirflowETL/code/.venv/lib/python3.9/site-packages/airflow/example_dags/example_short_circuit_decorator.py for tasks to queue
[2026-09-18T11:57:23.088+0700] {logging_mixin.py:190} INFO - [2026-09-18T11:57:23.088+0700] {dagbag.py:588} INFO - Filling up the DagBag from /Users/andreasanditya/Downloads/572392_Andreas_AirflowETL/code/.venv/lib/python3.9/site-packages/airflow/example_dags/example_short_circuit_decorator.py
[2026-09-18T11:57:23.135+0700] {processor.py:925} INFO - DAG(s) 'example_short_circuit_decorator' retrieved from /Users/andreasanditya/Downloads/572392_Andreas_AirflowETL/code/.venv/lib/python3.9/site-packages/airflow/example_dags/example_short_circuit_decorator.py
[2026-09-18T11:57:23.195+0700] {logging_mixin.py:190} INFO - [2026-09-18T11:57:23.195+0700] {dag.py:3239} INFO - Sync 1 DAGs
[2026-09-18T11:57:23.201+0700] {logging_mixin.py:190} INFO - [2026-09-18T11:57:23.201+0700] {dag.py:4180} INFO - Setting next_dagrun for example_short_circuit_decorator to None, run_after=None
[2026-09-18T11:57:23.211+0700] {processor.py:208} INFO - Processing /Users/andreasanditya/Downloads/572392_Andreas_AirflowETL/code/.venv/lib/python3.9/site-packages/airflow/example_dags/example_short_circuit_decorator.py took 0.126 seconds
[2026-09-18T11:58:47.481+0700] {processor.py:186} INFO - Started process (PID=36406) to work on /Users/andreasanditya/Downloads/572392_Andreas_AirflowETL/code/.venv/lib/python3.9/site-packages/airflow/example_dags/example_short_circuit_decorator.py
[2026-09-18T11:58:47.482+0700] {processor.py:914} INFO - Processing file /Users/andreasanditya/Downloads/572392_Andreas_AirflowETL/code/.venv/lib/python3.9/site-packages/airflow/example_dags/example_short_circuit_decorator.py for tasks to queue
[2026-09-18T11:58:47.483+0700] {logging_mixin.py:190} INFO - [2026-09-18T11:58:47.483+0700] {dagbag.py:588} INFO - Filling up the DagBag from /Users/andreasanditya/Downloads/572392_Andreas_AirflowETL/code/.venv/lib/python3.9/site-packages/airflow/example_dags/example_short_circuit_decorator.py
[2026-09-18T11:58:47.529+0700] {processor.py:925} INFO - DAG(s) 'example_short_circuit_decorator' retrieved from /Users/andreasanditya/Downloads/572392_Andreas_AirflowETL/code/.venv/lib/python3.9/site-packages/airflow/example_dags/example_short_circuit_decorator.py
[2026-09-18T11:58:47.589+0700] {logging_mixin.py:190} INFO - [2026-09-18T11:58:47.589+0700] {dag.py:3239} INFO - Sync 1 DAGs
[2026-09-18T11:58:47.595+0700] {logging_mixin.py:190} INFO - [2026-09-18T11:58:47.595+0700] {dag.py:4180} INFO - Setting next_dagrun for example_short_circuit_decorator to None, run_after=None
[2026-09-18T11:58:47.605+0700] {processor.py:208} INFO - Processing /Users/andreasanditya/Downloads/572392_Andreas_AirflowETL/code/.venv/lib/python3.9/site-packages/airflow/example_dags/example_short_circuit_decorator.py took 0.125 seconds
[2026-09-18T12:00:13.042+0700] {processor.py:186} INFO - Started process (PID=37232) to work on /Users/andreasanditya/Downloads/572392_Andreas_AirflowETL/code/.venv/lib/python3.9/site-packages/airflow/example_dags/example_short_circuit_decorator.py
[2026-09-18T12:00:13.044+0700] {processor.py:914} INFO - Processing file /Users/andreasanditya/Downloads/572392_Andreas_AirflowETL/code/.venv/lib/python3.9/site-packages/airflow/example_dags/example_short_circuit_decorator.py for tasks to queue
[2026-09-18T12:00:13.044+0700] {logging_mixin.py:190} INFO - [2026-09-18T12:00:13.044+0700] {dagbag.py:588} INFO - Filling up the DagBag from /Users/andreasanditya/Downloads/572392_Andreas_AirflowETL/code/.venv/lib/python3.9/site-packages/airflow/example_dags/example_short_circuit_decorator.py
[2026-09-18T12:00:13.094+0700] {processor.py:925} INFO - DAG(s) 'example_short_circuit_decorator' retrieved from /Users/andreasanditya/Downloads/572392_Andreas_AirflowETL/code/.venv/lib/python3.9/site-packages/airflow/example_dags/example_short_circuit_decorator.py
[2026-09-18T12:00:13.154+0700] {logging_mixin.py:190} INFO - [2026-09-18T12:00:13.154+0700] {dag.py:3239} INFO - Sync 1 DAGs
[2026-09-18T12:00:13.160+0700] {logging_mixin.py:190} INFO - [2026-09-18T12:00:13.160+0700] {dag.py:4180} INFO - Setting next_dagrun for example_short_circuit_decorator to None, run_after=None
[2026-09-18T12:00:13.170+0700] {processor.py:208} INFO - Processing /Users/andreasanditya/Downloads/572392_Andreas_AirflowETL/code/.venv/lib/python3.9/site-packages/airflow/example_dags/example_short_circuit_decorator.py took 0.131 seconds
[2026-09-18T12:01:40.329+0700] {processor.py:186} INFO - Started process (PID=38154) to work on /Users/andreasanditya/Downloads/572392_Andreas_AirflowETL/code/.venv/lib/python3.9/site-packages/airflow/example_dags/example_short_circuit_decorator.py
[2026-09-18T12:01:40.330+0700] {processor.py:914} INFO - Processing file /Users/andreasanditya/Downloads/572392_Andreas_AirflowETL/code/.venv/lib/python3.9/site-packages/airflow/example_dags/example_short_circuit_decorator.py for tasks to queue
[2026-09-18T12:01:40.331+0700] {logging_mixin.py:190} INFO - [2026-09-18T12:01:40.330+0700] {dagbag.py:588} INFO - Filling up the DagBag from /Users/andreasanditya/Downloads/572392_Andreas_AirflowETL/code/.venv/lib/python3.9/site-packages/airflow/example_dags/example_short_circuit_decorator.py
[2026-09-18T12:01:40.378+0700] {processor.py:925} INFO - DAG(s) 'example_short_circuit_decorator' retrieved from /Users/andreasanditya/Downloads/572392_Andreas_AirflowETL/code/.venv/lib/python3.9/site-packages/airflow/example_dags/example_short_circuit_decorator.py
[2026-09-18T12:01:40.439+0700] {logging_mixin.py:190} INFO - [2026-09-18T12:01:40.439+0700] {dag.py:3239} INFO - Sync 1 DAGs
[2026-09-18T12:01:40.445+0700] {logging_mixin.py:190} INFO - [2026-09-18T12:01:40.445+0700] {dag.py:4180} INFO - Setting next_dagrun for example_short_circuit_decorator to None, run_after=None
[2026-09-18T12:01:40.455+0700] {processor.py:208} INFO - Processing /Users/andreasanditya/Downloads/572392_Andreas_AirflowETL/code/.venv/lib/python3.9/site-packages/airflow/example_dags/example_short_circuit_decorator.py took 0.128 seconds
[2026-09-18T12:03:08.111+0700] {processor.py:186} INFO - Started process (PID=38987) to work on /Users/andreasanditya/Downloads/572392_Andreas_AirflowETL/code/.venv/lib/python3.9/site-packages/airflow/example_dags/example_short_circuit_decorator.py
[2026-09-18T12:03:08.111+0700] {processor.py:914} INFO - Processing file /Users/andreasanditya/Downloads/572392_Andreas_AirflowETL/code/.venv/lib/python3.9/site-packages/airflow/example_dags/example_short_circuit_decorator.py for tasks to queue
[2026-09-18T12:03:08.112+0700] {logging_mixin.py:190} INFO - [2026-09-18T12:03:08.112+0700] {dagbag.py:588} INFO - Filling up the DagBag from /Users/andreasanditya/Downloads/572392_Andreas_AirflowETL/code/.venv/lib/python3.9/site-packages/airflow/example_dags/example_short_circuit_decorator.py
[2026-09-18T12:03:08.159+0700] {processor.py:925} INFO - DAG(s) 'example_short_circuit_decorator' retrieved from /Users/andreasanditya/Downloads/572392_Andreas_AirflowETL/code/.venv/lib/python3.9/site-packages/airflow/example_dags/example_short_circuit_decorator.py
[2026-09-18T12:03:08.219+0700] {logging_mixin.py:190} INFO - [2026-09-18T12:03:08.218+0700] {dag.py:3239} INFO - Sync 1 DAGs
[2026-09-18T12:03:08.224+0700] {logging_mixin.py:190} INFO - [2026-09-18T12:03:08.224+0700] {dag.py:4180} INFO - Setting next_dagrun for example_short_circuit_decorator to None, run_after=None
[2026-09-18T12:03:08.234+0700] {processor.py:208} INFO - Processing /Users/andreasanditya/Downloads/572392_Andreas_AirflowETL/code/.venv/lib/python3.9/site-packages/airflow/example_dags/example_short_circuit_decorator.py took 0.126 seconds
[2026-09-18T12:04:34.120+0700] {processor.py:186} INFO - Started process (PID=39896) to work on /Users/andreasanditya/Downloads/572392_Andreas_AirflowETL/code/.venv/lib/python3.9/site-packages/airflow/example_dags/example_short_circuit_decorator.py
[2026-09-18T12:04:34.121+0700] {processor.py:914} INFO - Processing file /Users/andreasanditya/Downloads/572392_Andreas_AirflowETL/code/.venv/lib/python3.9/site-packages/airflow/example_dags/example_short_circuit_decorator.py for tasks to queue
[2026-09-18T12:04:34.122+0700] {logging_mixin.py:190} INFO - [2026-09-18T12:04:34.122+0700] {dagbag.py:588} INFO - Filling up the DagBag from /Users/andreasanditya/Downloads/572392_Andreas_AirflowETL/code/.venv/lib/python3.9/site-packages/airflow/example_dags/example_short_circuit_decorator.py
[2026-09-18T12:04:34.167+0700] {processor.py:925} INFO - DAG(s) 'example_short_circuit_decorator' retrieved from /Users/andreasanditya/Downloads/572392_Andreas_AirflowETL/code/.venv/lib/python3.9/site-packages/airflow/example_dags/example_short_circuit_decorator.py
[2026-09-18T12:04:34.228+0700] {logging_mixin.py:190} INFO - [2026-09-18T12:04:34.228+0700] {dag.py:3239} INFO - Sync 1 DAGs
[2026-09-18T12:04:34.234+0700] {logging_mixin.py:190} INFO - [2026-09-18T12:04:34.234+0700] {dag.py:4180} INFO - Setting next_dagrun for example_short_circuit_decorator to None, run_after=None
[2026-09-18T12:04:34.244+0700] {processor.py:208} INFO - Processing /Users/andreasanditya/Downloads/572392_Andreas_AirflowETL/code/.venv/lib/python3.9/site-packages/airflow/example_dags/example_short_circuit_decorator.py took 0.126 seconds
[2026-09-18T12:06:01.108+0700] {processor.py:186} INFO - Started process (PID=40725) to work on /Users/andreasanditya/Downloads/572392_Andreas_AirflowETL/code/.venv/lib/python3.9/site-packages/airflow/example_dags/example_short_circuit_decorator.py
[2026-09-18T12:06:01.109+0700] {processor.py:914} INFO - Processing file /Users/andreasanditya/Downloads/572392_Andreas_AirflowETL/code/.venv/lib/python3.9/site-packages/airflow/example_dags/example_short_circuit_decorator.py for tasks to queue
[2026-09-18T12:06:01.110+0700] {logging_mixin.py:190} INFO - [2026-09-18T12:06:01.110+0700] {dagbag.py:588} INFO - Filling up the DagBag from /Users/andreasanditya/Downloads/572392_Andreas_AirflowETL/code/.venv/lib/python3.9/site-packages/airflow/example_dags/example_short_circuit_decorator.py
[2026-09-18T12:06:01.165+0700] {processor.py:925} INFO - DAG(s) 'example_short_circuit_decorator' retrieved from /Users/andreasanditya/Downloads/572392_Andreas_AirflowETL/code/.venv/lib/python3.9/site-packages/airflow/example_dags/example_short_circuit_decorator.py
[2026-09-18T12:06:01.230+0700] {logging_mixin.py:190} INFO - [2026-09-18T12:06:01.230+0700] {dag.py:3239} INFO - Sync 1 DAGs
[2026-09-18T12:06:01.237+0700] {logging_mixin.py:190} INFO - [2026-09-18T12:06:01.237+0700] {dag.py:4180} INFO - Setting next_dagrun for example_short_circuit_decorator to None, run_after=None
[2026-09-18T12:06:01.248+0700] {processor.py:208} INFO - Processing /Users/andreasanditya/Downloads/572392_Andreas_AirflowETL/code/.venv/lib/python3.9/site-packages/airflow/example_dags/example_short_circuit_decorator.py took 0.142 seconds
[2026-09-18T12:07:29.768+0700] {processor.py:186} INFO - Started process (PID=41638) to work on /Users/andreasanditya/Downloads/572392_Andreas_AirflowETL/code/.venv/lib/python3.9/site-packages/airflow/example_dags/example_short_circuit_decorator.py
[2026-09-18T12:07:29.769+0700] {processor.py:914} INFO - Processing file /Users/andreasanditya/Downloads/572392_Andreas_AirflowETL/code/.venv/lib/python3.9/site-packages/airflow/example_dags/example_short_circuit_decorator.py for tasks to queue
[2026-09-18T12:07:29.770+0700] {logging_mixin.py:190} INFO - [2026-09-18T12:07:29.770+0700] {dagbag.py:588} INFO - Filling up the DagBag from /Users/andreasanditya/Downloads/572392_Andreas_AirflowETL/code/.venv/lib/python3.9/site-packages/airflow/example_dags/example_short_circuit_decorator.py
[2026-09-18T12:07:29.818+0700] {processor.py:925} INFO - DAG(s) 'example_short_circuit_decorator' retrieved from /Users/andreasanditya/Downloads/572392_Andreas_AirflowETL/code/.venv/lib/python3.9/site-packages/airflow/example_dags/example_short_circuit_decorator.py
[2026-09-18T12:07:29.878+0700] {logging_mixin.py:190} INFO - [2026-09-18T12:07:29.878+0700] {dag.py:3239} INFO - Sync 1 DAGs
[2026-09-18T12:07:29.884+0700] {logging_mixin.py:190} INFO - [2026-09-18T12:07:29.884+0700] {dag.py:4180} INFO - Setting next_dagrun for example_short_circuit_decorator to None, run_after=None
[2026-09-18T12:07:29.894+0700] {processor.py:208} INFO - Processing /Users/andreasanditya/Downloads/572392_Andreas_AirflowETL/code/.venv/lib/python3.9/site-packages/airflow/example_dags/example_short_circuit_decorator.py took 0.128 seconds
[2026-09-18T12:08:55.662+0700] {processor.py:186} INFO - Started process (PID=42548) to work on /Users/andreasanditya/Downloads/572392_Andreas_AirflowETL/code/.venv/lib/python3.9/site-packages/airflow/example_dags/example_short_circuit_decorator.py
[2026-09-18T12:08:55.663+0700] {processor.py:914} INFO - Processing file /Users/andreasanditya/Downloads/572392_Andreas_AirflowETL/code/.venv/lib/python3.9/site-packages/airflow/example_dags/example_short_circuit_decorator.py for tasks to queue
[2026-09-18T12:08:55.664+0700] {logging_mixin.py:190} INFO - [2026-09-18T12:08:55.664+0700] {dagbag.py:588} INFO - Filling up the DagBag from /Users/andreasanditya/Downloads/572392_Andreas_AirflowETL/code/.venv/lib/python3.9/site-packages/airflow/example_dags/example_short_circuit_decorator.py
[2026-09-18T12:08:55.711+0700] {processor.py:925} INFO - DAG(s) 'example_short_circuit_decorator' retrieved from /Users/andreasanditya/Downloads/572392_Andreas_AirflowETL/code/.venv/lib/python3.9/site-packages/airflow/example_dags/example_short_circuit_decorator.py
[2026-09-18T12:08:55.770+0700] {logging_mixin.py:190} INFO - [2026-09-18T12:08:55.770+0700] {dag.py:3239} INFO - Sync 1 DAGs
[2026-09-18T12:08:55.776+0700] {logging_mixin.py:190} INFO - [2026-09-18T12:08:55.776+0700] {dag.py:4180} INFO - Setting next_dagrun for example_short_circuit_decorator to None, run_after=None
[2026-09-18T12:08:55.794+0700] {processor.py:208} INFO - Processing /Users/andreasanditya/Downloads/572392_Andreas_AirflowETL/code/.venv/lib/python3.9/site-packages/airflow/example_dags/example_short_circuit_decorator.py took 0.134 seconds
[2026-09-18T12:10:21.863+0700] {processor.py:186} INFO - Started process (PID=43372) to work on /Users/andreasanditya/Downloads/572392_Andreas_AirflowETL/code/.venv/lib/python3.9/site-packages/airflow/example_dags/example_short_circuit_decorator.py
[2026-09-18T12:10:21.864+0700] {processor.py:914} INFO - Processing file /Users/andreasanditya/Downloads/572392_Andreas_AirflowETL/code/.venv/lib/python3.9/site-packages/airflow/example_dags/example_short_circuit_decorator.py for tasks to queue
[2026-09-18T12:10:21.865+0700] {logging_mixin.py:190} INFO - [2026-09-18T12:10:21.865+0700] {dagbag.py:588} INFO - Filling up the DagBag from /Users/andreasanditya/Downloads/572392_Andreas_AirflowETL/code/.venv/lib/python3.9/site-packages/airflow/example_dags/example_short_circuit_decorator.py
[2026-09-18T12:10:21.911+0700] {processor.py:925} INFO - DAG(s) 'example_short_circuit_decorator' retrieved from /Users/andreasanditya/Downloads/572392_Andreas_AirflowETL/code/.venv/lib/python3.9/site-packages/airflow/example_dags/example_short_circuit_decorator.py
[2026-09-18T12:10:21.971+0700] {logging_mixin.py:190} INFO - [2026-09-18T12:10:21.971+0700] {dag.py:3239} INFO - Sync 1 DAGs
[2026-09-18T12:10:21.977+0700] {logging_mixin.py:190} INFO - [2026-09-18T12:10:21.977+0700] {dag.py:4180} INFO - Setting next_dagrun for example_short_circuit_decorator to None, run_after=None
[2026-09-18T12:10:21.987+0700] {processor.py:208} INFO - Processing /Users/andreasanditya/Downloads/572392_Andreas_AirflowETL/code/.venv/lib/python3.9/site-packages/airflow/example_dags/example_short_circuit_decorator.py took 0.126 seconds
[2026-09-18T12:11:50.805+0700] {processor.py:186} INFO - Started process (PID=44290) to work on /Users/andreasanditya/Downloads/572392_Andreas_AirflowETL/code/.venv/lib/python3.9/site-packages/airflow/example_dags/example_short_circuit_decorator.py
[2026-09-18T12:11:50.807+0700] {processor.py:914} INFO - Processing file /Users/andreasanditya/Downloads/572392_Andreas_AirflowETL/code/.venv/lib/python3.9/site-packages/airflow/example_dags/example_short_circuit_decorator.py for tasks to queue
[2026-09-18T12:11:50.808+0700] {logging_mixin.py:190} INFO - [2026-09-18T12:11:50.807+0700] {dagbag.py:588} INFO - Filling up the DagBag from /Users/andreasanditya/Downloads/572392_Andreas_AirflowETL/code/.venv/lib/python3.9/site-packages/airflow/example_dags/example_short_circuit_decorator.py
[2026-09-18T12:11:50.853+0700] {processor.py:925} INFO - DAG(s) 'example_short_circuit_decorator' retrieved from /Users/andreasanditya/Downloads/572392_Andreas_AirflowETL/code/.venv/lib/python3.9/site-packages/airflow/example_dags/example_short_circuit_decorator.py
[2026-09-18T12:11:50.913+0700] {logging_mixin.py:190} INFO - [2026-09-18T12:11:50.913+0700] {dag.py:3239} INFO - Sync 1 DAGs
[2026-09-18T12:11:50.919+0700] {logging_mixin.py:190} INFO - [2026-09-18T12:11:50.919+0700] {dag.py:4180} INFO - Setting next_dagrun for example_short_circuit_decorator to None, run_after=None
[2026-09-18T12:11:50.930+0700] {processor.py:208} INFO - Processing /Users/andreasanditya/Downloads/572392_Andreas_AirflowETL/code/.venv/lib/python3.9/site-packages/airflow/example_dags/example_short_circuit_decorator.py took 0.127 seconds
[2026-09-18T12:13:20.006+0700] {processor.py:186} INFO - Started process (PID=45938) to work on /Users/andreasanditya/Downloads/572392_Andreas_AirflowETL/code/.venv/lib/python3.9/site-packages/airflow/example_dags/example_short_circuit_decorator.py
[2026-09-18T12:13:20.008+0700] {processor.py:914} INFO - Processing file /Users/andreasanditya/Downloads/572392_Andreas_AirflowETL/code/.venv/lib/python3.9/site-packages/airflow/example_dags/example_short_circuit_decorator.py for tasks to queue
[2026-09-18T12:13:20.008+0700] {logging_mixin.py:190} INFO - [2026-09-18T12:13:20.008+0700] {dagbag.py:588} INFO - Filling up the DagBag from /Users/andreasanditya/Downloads/572392_Andreas_AirflowETL/code/.venv/lib/python3.9/site-packages/airflow/example_dags/example_short_circuit_decorator.py
[2026-09-18T12:13:20.059+0700] {processor.py:925} INFO - DAG(s) 'example_short_circuit_decorator' retrieved from /Users/andreasanditya/Downloads/572392_Andreas_AirflowETL/code/.venv/lib/python3.9/site-packages/airflow/example_dags/example_short_circuit_decorator.py
[2026-09-18T12:13:20.124+0700] {logging_mixin.py:190} INFO - [2026-09-18T12:13:20.124+0700] {dag.py:3239} INFO - Sync 1 DAGs
[2026-09-18T12:13:20.131+0700] {logging_mixin.py:190} INFO - [2026-09-18T12:13:20.131+0700] {dag.py:4180} INFO - Setting next_dagrun for example_short_circuit_decorator to None, run_after=None
[2026-09-18T12:13:20.142+0700] {processor.py:208} INFO - Processing /Users/andreasanditya/Downloads/572392_Andreas_AirflowETL/code/.venv/lib/python3.9/site-packages/airflow/example_dags/example_short_circuit_decorator.py took 0.138 seconds
[2026-09-18T12:14:48.666+0700] {processor.py:186} INFO - Started process (PID=46978) to work on /Users/andreasanditya/Downloads/572392_Andreas_AirflowETL/code/.venv/lib/python3.9/site-packages/airflow/example_dags/example_short_circuit_decorator.py
[2026-09-18T12:14:48.667+0700] {processor.py:914} INFO - Processing file /Users/andreasanditya/Downloads/572392_Andreas_AirflowETL/code/.venv/lib/python3.9/site-packages/airflow/example_dags/example_short_circuit_decorator.py for tasks to queue
[2026-09-18T12:14:48.667+0700] {logging_mixin.py:190} INFO - [2026-09-18T12:14:48.667+0700] {dagbag.py:588} INFO - Filling up the DagBag from /Users/andreasanditya/Downloads/572392_Andreas_AirflowETL/code/.venv/lib/python3.9/site-packages/airflow/example_dags/example_short_circuit_decorator.py
[2026-09-18T12:14:48.716+0700] {processor.py:925} INFO - DAG(s) 'example_short_circuit_decorator' retrieved from /Users/andreasanditya/Downloads/572392_Andreas_AirflowETL/code/.venv/lib/python3.9/site-packages/airflow/example_dags/example_short_circuit_decorator.py
[2026-09-18T12:14:48.776+0700] {logging_mixin.py:190} INFO - [2026-09-18T12:14:48.776+0700] {dag.py:3239} INFO - Sync 1 DAGs
[2026-09-18T12:14:48.782+0700] {logging_mixin.py:190} INFO - [2026-09-18T12:14:48.782+0700] {dag.py:4180} INFO - Setting next_dagrun for example_short_circuit_decorator to None, run_after=None
[2026-09-18T12:14:48.792+0700] {processor.py:208} INFO - Processing /Users/andreasanditya/Downloads/572392_Andreas_AirflowETL/code/.venv/lib/python3.9/site-packages/airflow/example_dags/example_short_circuit_decorator.py took 0.128 seconds
[2026-09-18T12:16:15.280+0700] {processor.py:186} INFO - Started process (PID=48709) to work on /Users/andreasanditya/Downloads/572392_Andreas_AirflowETL/code/.venv/lib/python3.9/site-packages/airflow/example_dags/example_short_circuit_decorator.py
[2026-09-18T12:16:15.281+0700] {processor.py:914} INFO - Processing file /Users/andreasanditya/Downloads/572392_Andreas_AirflowETL/code/.venv/lib/python3.9/site-packages/airflow/example_dags/example_short_circuit_decorator.py for tasks to queue
[2026-09-18T12:16:15.282+0700] {logging_mixin.py:190} INFO - [2026-09-18T12:16:15.282+0700] {dagbag.py:588} INFO - Filling up the DagBag from /Users/andreasanditya/Downloads/572392_Andreas_AirflowETL/code/.venv/lib/python3.9/site-packages/airflow/example_dags/example_short_circuit_decorator.py
[2026-09-18T12:16:15.338+0700] {processor.py:925} INFO - DAG(s) 'example_short_circuit_decorator' retrieved from /Users/andreasanditya/Downloads/572392_Andreas_AirflowETL/code/.venv/lib/python3.9/site-packages/airflow/example_dags/example_short_circuit_decorator.py
[2026-09-18T12:16:15.412+0700] {logging_mixin.py:190} INFO - [2026-09-18T12:16:15.411+0700] {dag.py:3239} INFO - Sync 1 DAGs
[2026-09-18T12:16:15.418+0700] {logging_mixin.py:190} INFO - [2026-09-18T12:16:15.418+0700] {dag.py:4180} INFO - Setting next_dagrun for example_short_circuit_decorator to None, run_after=None
[2026-09-18T12:16:15.430+0700] {processor.py:208} INFO - Processing /Users/andreasanditya/Downloads/572392_Andreas_AirflowETL/code/.venv/lib/python3.9/site-packages/airflow/example_dags/example_short_circuit_decorator.py took 0.153 seconds
[2026-09-18T12:17:43.215+0700] {processor.py:186} INFO - Started process (PID=49904) to work on /Users/andreasanditya/Downloads/572392_Andreas_AirflowETL/code/.venv/lib/python3.9/site-packages/airflow/example_dags/example_short_circuit_decorator.py
[2026-09-18T12:17:43.216+0700] {processor.py:914} INFO - Processing file /Users/andreasanditya/Downloads/572392_Andreas_AirflowETL/code/.venv/lib/python3.9/site-packages/airflow/example_dags/example_short_circuit_decorator.py for tasks to queue
[2026-09-18T12:17:43.216+0700] {logging_mixin.py:190} INFO - [2026-09-18T12:17:43.216+0700] {dagbag.py:588} INFO - Filling up the DagBag from /Users/andreasanditya/Downloads/572392_Andreas_AirflowETL/code/.venv/lib/python3.9/site-packages/airflow/example_dags/example_short_circuit_decorator.py
[2026-09-18T12:17:43.267+0700] {processor.py:925} INFO - DAG(s) 'example_short_circuit_decorator' retrieved from /Users/andreasanditya/Downloads/572392_Andreas_AirflowETL/code/.venv/lib/python3.9/site-packages/airflow/example_dags/example_short_circuit_decorator.py
[2026-09-18T12:17:43.328+0700] {logging_mixin.py:190} INFO - [2026-09-18T12:17:43.327+0700] {dag.py:3239} INFO - Sync 1 DAGs
[2026-09-18T12:17:43.334+0700] {logging_mixin.py:190} INFO - [2026-09-18T12:17:43.333+0700] {dag.py:4180} INFO - Setting next_dagrun for example_short_circuit_decorator to None, run_after=None
[2026-09-18T12:17:43.344+0700] {processor.py:208} INFO - Processing /Users/andreasanditya/Downloads/572392_Andreas_AirflowETL/code/.venv/lib/python3.9/site-packages/airflow/example_dags/example_short_circuit_decorator.py took 0.131 seconds
[2026-09-18T12:19:11.894+0700] {processor.py:186} INFO - Started process (PID=51620) to work on /Users/andreasanditya/Downloads/572392_Andreas_AirflowETL/code/.venv/lib/python3.9/site-packages/airflow/example_dags/example_short_circuit_decorator.py
[2026-09-18T12:19:11.895+0700] {processor.py:914} INFO - Processing file /Users/andreasanditya/Downloads/572392_Andreas_AirflowETL/code/.venv/lib/python3.9/site-packages/airflow/example_dags/example_short_circuit_decorator.py for tasks to queue
[2026-09-18T12:19:11.895+0700] {logging_mixin.py:190} INFO - [2026-09-18T12:19:11.895+0700] {dagbag.py:588} INFO - Filling up the DagBag from /Users/andreasanditya/Downloads/572392_Andreas_AirflowETL/code/.venv/lib/python3.9/site-packages/airflow/example_dags/example_short_circuit_decorator.py
[2026-09-18T12:19:11.944+0700] {processor.py:925} INFO - DAG(s) 'example_short_circuit_decorator' retrieved from /Users/andreasanditya/Downloads/572392_Andreas_AirflowETL/code/.venv/lib/python3.9/site-packages/airflow/example_dags/example_short_circuit_decorator.py
[2026-09-18T12:19:12.006+0700] {logging_mixin.py:190} INFO - [2026-09-18T12:19:12.006+0700] {dag.py:3239} INFO - Sync 1 DAGs
[2026-09-18T12:19:12.012+0700] {logging_mixin.py:190} INFO - [2026-09-18T12:19:12.012+0700] {dag.py:4180} INFO - Setting next_dagrun for example_short_circuit_decorator to None, run_after=None
[2026-09-18T12:19:12.022+0700] {processor.py:208} INFO - Processing /Users/andreasanditya/Downloads/572392_Andreas_AirflowETL/code/.venv/lib/python3.9/site-packages/airflow/example_dags/example_short_circuit_decorator.py took 0.130 seconds
[2026-09-18T12:20:41.599+0700] {processor.py:186} INFO - Started process (PID=53098) to work on /Users/andreasanditya/Downloads/572392_Andreas_AirflowETL/code/.venv/lib/python3.9/site-packages/airflow/example_dags/example_short_circuit_decorator.py
[2026-09-18T12:20:41.601+0700] {processor.py:914} INFO - Processing file /Users/andreasanditya/Downloads/572392_Andreas_AirflowETL/code/.venv/lib/python3.9/site-packages/airflow/example_dags/example_short_circuit_decorator.py for tasks to queue
[2026-09-18T12:20:41.601+0700] {logging_mixin.py:190} INFO - [2026-09-18T12:20:41.601+0700] {dagbag.py:588} INFO - Filling up the DagBag from /Users/andreasanditya/Downloads/572392_Andreas_AirflowETL/code/.venv/lib/python3.9/site-packages/airflow/example_dags/example_short_circuit_decorator.py
[2026-09-18T12:20:41.653+0700] {processor.py:925} INFO - DAG(s) 'example_short_circuit_decorator' retrieved from /Users/andreasanditya/Downloads/572392_Andreas_AirflowETL/code/.venv/lib/python3.9/site-packages/airflow/example_dags/example_short_circuit_decorator.py
[2026-09-18T12:20:41.713+0700] {logging_mixin.py:190} INFO - [2026-09-18T12:20:41.713+0700] {dag.py:3239} INFO - Sync 1 DAGs
[2026-09-18T12:20:41.719+0700] {logging_mixin.py:190} INFO - [2026-09-18T12:20:41.719+0700] {dag.py:4180} INFO - Setting next_dagrun for example_short_circuit_decorator to None, run_after=None
[2026-09-18T12:20:41.729+0700] {processor.py:208} INFO - Processing /Users/andreasanditya/Downloads/572392_Andreas_AirflowETL/code/.venv/lib/python3.9/site-packages/airflow/example_dags/example_short_circuit_decorator.py took 0.132 seconds
[2026-09-18T12:22:08.480+0700] {processor.py:186} INFO - Started process (PID=54055) to work on /Users/andreasanditya/Downloads/572392_Andreas_AirflowETL/code/.venv/lib/python3.9/site-packages/airflow/example_dags/example_short_circuit_decorator.py
[2026-09-18T12:22:08.481+0700] {processor.py:914} INFO - Processing file /Users/andreasanditya/Downloads/572392_Andreas_AirflowETL/code/.venv/lib/python3.9/site-packages/airflow/example_dags/example_short_circuit_decorator.py for tasks to queue
[2026-09-18T12:22:08.482+0700] {logging_mixin.py:190} INFO - [2026-09-18T12:22:08.482+0700] {dagbag.py:588} INFO - Filling up the DagBag from /Users/andreasanditya/Downloads/572392_Andreas_AirflowETL/code/.venv/lib/python3.9/site-packages/airflow/example_dags/example_short_circuit_decorator.py
[2026-09-18T12:22:08.528+0700] {processor.py:925} INFO - DAG(s) 'example_short_circuit_decorator' retrieved from /Users/andreasanditya/Downloads/572392_Andreas_AirflowETL/code/.venv/lib/python3.9/site-packages/airflow/example_dags/example_short_circuit_decorator.py
[2026-09-18T12:22:08.589+0700] {logging_mixin.py:190} INFO - [2026-09-18T12:22:08.589+0700] {dag.py:3239} INFO - Sync 1 DAGs
[2026-09-18T12:22:08.595+0700] {logging_mixin.py:190} INFO - [2026-09-18T12:22:08.595+0700] {dag.py:4180} INFO - Setting next_dagrun for example_short_circuit_decorator to None, run_after=None
[2026-09-18T12:22:08.604+0700] {processor.py:208} INFO - Processing /Users/andreasanditya/Downloads/572392_Andreas_AirflowETL/code/.venv/lib/python3.9/site-packages/airflow/example_dags/example_short_circuit_decorator.py took 0.126 seconds
[2026-09-18T12:23:36.283+0700] {processor.py:186} INFO - Started process (PID=54963) to work on /Users/andreasanditya/Downloads/572392_Andreas_AirflowETL/code/.venv/lib/python3.9/site-packages/airflow/example_dags/example_short_circuit_decorator.py
[2026-09-18T12:23:36.283+0700] {processor.py:914} INFO - Processing file /Users/andreasanditya/Downloads/572392_Andreas_AirflowETL/code/.venv/lib/python3.9/site-packages/airflow/example_dags/example_short_circuit_decorator.py for tasks to queue
[2026-09-18T12:23:36.284+0700] {logging_mixin.py:190} INFO - [2026-09-18T12:23:36.284+0700] {dagbag.py:588} INFO - Filling up the DagBag from /Users/andreasanditya/Downloads/572392_Andreas_AirflowETL/code/.venv/lib/python3.9/site-packages/airflow/example_dags/example_short_circuit_decorator.py
[2026-09-18T12:23:36.330+0700] {processor.py:925} INFO - DAG(s) 'example_short_circuit_decorator' retrieved from /Users/andreasanditya/Downloads/572392_Andreas_AirflowETL/code/.venv/lib/python3.9/site-packages/airflow/example_dags/example_short_circuit_decorator.py
[2026-09-18T12:23:36.391+0700] {logging_mixin.py:190} INFO - [2026-09-18T12:23:36.391+0700] {dag.py:3239} INFO - Sync 1 DAGs
[2026-09-18T12:23:36.397+0700] {logging_mixin.py:190} INFO - [2026-09-18T12:23:36.396+0700] {dag.py:4180} INFO - Setting next_dagrun for example_short_circuit_decorator to None, run_after=None
[2026-09-18T12:23:36.407+0700] {processor.py:208} INFO - Processing /Users/andreasanditya/Downloads/572392_Andreas_AirflowETL/code/.venv/lib/python3.9/site-packages/airflow/example_dags/example_short_circuit_decorator.py took 0.126 seconds
[2026-09-18T12:25:01.927+0700] {processor.py:186} INFO - Started process (PID=55824) to work on /Users/andreasanditya/Downloads/572392_Andreas_AirflowETL/code/.venv/lib/python3.9/site-packages/airflow/example_dags/example_short_circuit_decorator.py
[2026-09-18T12:25:01.928+0700] {processor.py:914} INFO - Processing file /Users/andreasanditya/Downloads/572392_Andreas_AirflowETL/code/.venv/lib/python3.9/site-packages/airflow/example_dags/example_short_circuit_decorator.py for tasks to queue
[2026-09-18T12:25:01.929+0700] {logging_mixin.py:190} INFO - [2026-09-18T12:25:01.928+0700] {dagbag.py:588} INFO - Filling up the DagBag from /Users/andreasanditya/Downloads/572392_Andreas_AirflowETL/code/.venv/lib/python3.9/site-packages/airflow/example_dags/example_short_circuit_decorator.py
[2026-09-18T12:25:01.974+0700] {processor.py:925} INFO - DAG(s) 'example_short_circuit_decorator' retrieved from /Users/andreasanditya/Downloads/572392_Andreas_AirflowETL/code/.venv/lib/python3.9/site-packages/airflow/example_dags/example_short_circuit_decorator.py
[2026-09-18T12:25:02.034+0700] {logging_mixin.py:190} INFO - [2026-09-18T12:25:02.034+0700] {dag.py:3239} INFO - Sync 1 DAGs
[2026-09-18T12:25:02.040+0700] {logging_mixin.py:190} INFO - [2026-09-18T12:25:02.039+0700] {dag.py:4180} INFO - Setting next_dagrun for example_short_circuit_decorator to None, run_after=None
[2026-09-18T12:25:02.049+0700] {processor.py:208} INFO - Processing /Users/andreasanditya/Downloads/572392_Andreas_AirflowETL/code/.venv/lib/python3.9/site-packages/airflow/example_dags/example_short_circuit_decorator.py took 0.124 seconds
[2026-09-18T12:26:28.469+0700] {processor.py:186} INFO - Started process (PID=56808) to work on /Users/andreasanditya/Downloads/572392_Andreas_AirflowETL/code/.venv/lib/python3.9/site-packages/airflow/example_dags/example_short_circuit_decorator.py
[2026-09-18T12:26:28.470+0700] {processor.py:914} INFO - Processing file /Users/andreasanditya/Downloads/572392_Andreas_AirflowETL/code/.venv/lib/python3.9/site-packages/airflow/example_dags/example_short_circuit_decorator.py for tasks to queue
[2026-09-18T12:26:28.471+0700] {logging_mixin.py:190} INFO - [2026-09-18T12:26:28.470+0700] {dagbag.py:588} INFO - Filling up the DagBag from /Users/andreasanditya/Downloads/572392_Andreas_AirflowETL/code/.venv/lib/python3.9/site-packages/airflow/example_dags/example_short_circuit_decorator.py
[2026-09-18T12:26:28.518+0700] {processor.py:925} INFO - DAG(s) 'example_short_circuit_decorator' retrieved from /Users/andreasanditya/Downloads/572392_Andreas_AirflowETL/code/.venv/lib/python3.9/site-packages/airflow/example_dags/example_short_circuit_decorator.py
[2026-09-18T12:26:28.578+0700] {logging_mixin.py:190} INFO - [2026-09-18T12:26:28.578+0700] {dag.py:3239} INFO - Sync 1 DAGs
[2026-09-18T12:26:28.584+0700] {logging_mixin.py:190} INFO - [2026-09-18T12:26:28.584+0700] {dag.py:4180} INFO - Setting next_dagrun for example_short_circuit_decorator to None, run_after=None
[2026-09-18T12:26:28.594+0700] {processor.py:208} INFO - Processing /Users/andreasanditya/Downloads/572392_Andreas_AirflowETL/code/.venv/lib/python3.9/site-packages/airflow/example_dags/example_short_circuit_decorator.py took 0.127 seconds
[2026-09-18T12:27:56.119+0700] {processor.py:186} INFO - Started process (PID=57660) to work on /Users/andreasanditya/Downloads/572392_Andreas_AirflowETL/code/.venv/lib/python3.9/site-packages/airflow/example_dags/example_short_circuit_decorator.py
[2026-09-18T12:27:56.120+0700] {processor.py:914} INFO - Processing file /Users/andreasanditya/Downloads/572392_Andreas_AirflowETL/code/.venv/lib/python3.9/site-packages/airflow/example_dags/example_short_circuit_decorator.py for tasks to queue
[2026-09-18T12:27:56.120+0700] {logging_mixin.py:190} INFO - [2026-09-18T12:27:56.120+0700] {dagbag.py:588} INFO - Filling up the DagBag from /Users/andreasanditya/Downloads/572392_Andreas_AirflowETL/code/.venv/lib/python3.9/site-packages/airflow/example_dags/example_short_circuit_decorator.py
[2026-09-18T12:27:56.166+0700] {processor.py:925} INFO - DAG(s) 'example_short_circuit_decorator' retrieved from /Users/andreasanditya/Downloads/572392_Andreas_AirflowETL/code/.venv/lib/python3.9/site-packages/airflow/example_dags/example_short_circuit_decorator.py
[2026-09-18T12:27:56.226+0700] {logging_mixin.py:190} INFO - [2026-09-18T12:27:56.226+0700] {dag.py:3239} INFO - Sync 1 DAGs
[2026-09-18T12:27:56.232+0700] {logging_mixin.py:190} INFO - [2026-09-18T12:27:56.232+0700] {dag.py:4180} INFO - Setting next_dagrun for example_short_circuit_decorator to None, run_after=None
[2026-09-18T12:27:56.242+0700] {processor.py:208} INFO - Processing /Users/andreasanditya/Downloads/572392_Andreas_AirflowETL/code/.venv/lib/python3.9/site-packages/airflow/example_dags/example_short_circuit_decorator.py took 0.126 seconds
[2026-09-18T12:29:20.271+0700] {processor.py:186} INFO - Started process (PID=58581) to work on /Users/andreasanditya/Downloads/572392_Andreas_AirflowETL/code/.venv/lib/python3.9/site-packages/airflow/example_dags/example_short_circuit_decorator.py
[2026-09-18T12:29:20.272+0700] {processor.py:914} INFO - Processing file /Users/andreasanditya/Downloads/572392_Andreas_AirflowETL/code/.venv/lib/python3.9/site-packages/airflow/example_dags/example_short_circuit_decorator.py for tasks to queue
[2026-09-18T12:29:20.273+0700] {logging_mixin.py:190} INFO - [2026-09-18T12:29:20.273+0700] {dagbag.py:588} INFO - Filling up the DagBag from /Users/andreasanditya/Downloads/572392_Andreas_AirflowETL/code/.venv/lib/python3.9/site-packages/airflow/example_dags/example_short_circuit_decorator.py
[2026-09-18T12:29:20.318+0700] {processor.py:925} INFO - DAG(s) 'example_short_circuit_decorator' retrieved from /Users/andreasanditya/Downloads/572392_Andreas_AirflowETL/code/.venv/lib/python3.9/site-packages/airflow/example_dags/example_short_circuit_decorator.py
[2026-09-18T12:29:20.378+0700] {logging_mixin.py:190} INFO - [2026-09-18T12:29:20.378+0700] {dag.py:3239} INFO - Sync 1 DAGs
[2026-09-18T12:29:20.384+0700] {logging_mixin.py:190} INFO - [2026-09-18T12:29:20.384+0700] {dag.py:4180} INFO - Setting next_dagrun for example_short_circuit_decorator to None, run_after=None
[2026-09-18T12:29:20.393+0700] {processor.py:208} INFO - Processing /Users/andreasanditya/Downloads/572392_Andreas_AirflowETL/code/.venv/lib/python3.9/site-packages/airflow/example_dags/example_short_circuit_decorator.py took 0.124 seconds
[2026-09-18T12:30:44.518+0700] {processor.py:186} INFO - Started process (PID=59413) to work on /Users/andreasanditya/Downloads/572392_Andreas_AirflowETL/code/.venv/lib/python3.9/site-packages/airflow/example_dags/example_short_circuit_decorator.py
[2026-09-18T12:30:44.520+0700] {processor.py:914} INFO - Processing file /Users/andreasanditya/Downloads/572392_Andreas_AirflowETL/code/.venv/lib/python3.9/site-packages/airflow/example_dags/example_short_circuit_decorator.py for tasks to queue
[2026-09-18T12:30:44.520+0700] {logging_mixin.py:190} INFO - [2026-09-18T12:30:44.520+0700] {dagbag.py:588} INFO - Filling up the DagBag from /Users/andreasanditya/Downloads/572392_Andreas_AirflowETL/code/.venv/lib/python3.9/site-packages/airflow/example_dags/example_short_circuit_decorator.py
[2026-09-18T12:30:44.566+0700] {processor.py:925} INFO - DAG(s) 'example_short_circuit_decorator' retrieved from /Users/andreasanditya/Downloads/572392_Andreas_AirflowETL/code/.venv/lib/python3.9/site-packages/airflow/example_dags/example_short_circuit_decorator.py
[2026-09-18T12:30:44.627+0700] {logging_mixin.py:190} INFO - [2026-09-18T12:30:44.627+0700] {dag.py:3239} INFO - Sync 1 DAGs
[2026-09-18T12:30:44.633+0700] {logging_mixin.py:190} INFO - [2026-09-18T12:30:44.632+0700] {dag.py:4180} INFO - Setting next_dagrun for example_short_circuit_decorator to None, run_after=None
[2026-09-18T12:30:44.642+0700] {processor.py:208} INFO - Processing /Users/andreasanditya/Downloads/572392_Andreas_AirflowETL/code/.venv/lib/python3.9/site-packages/airflow/example_dags/example_short_circuit_decorator.py took 0.126 seconds
[2026-09-18T12:32:05.886+0700] {processor.py:186} INFO - Started process (PID=60236) to work on /Users/andreasanditya/Downloads/572392_Andreas_AirflowETL/code/.venv/lib/python3.9/site-packages/airflow/example_dags/example_short_circuit_decorator.py
[2026-09-18T12:32:05.889+0700] {processor.py:914} INFO - Processing file /Users/andreasanditya/Downloads/572392_Andreas_AirflowETL/code/.venv/lib/python3.9/site-packages/airflow/example_dags/example_short_circuit_decorator.py for tasks to queue
[2026-09-18T12:32:05.890+0700] {logging_mixin.py:190} INFO - [2026-09-18T12:32:05.889+0700] {dagbag.py:588} INFO - Filling up the DagBag from /Users/andreasanditya/Downloads/572392_Andreas_AirflowETL/code/.venv/lib/python3.9/site-packages/airflow/example_dags/example_short_circuit_decorator.py
[2026-09-18T12:32:05.935+0700] {processor.py:925} INFO - DAG(s) 'example_short_circuit_decorator' retrieved from /Users/andreasanditya/Downloads/572392_Andreas_AirflowETL/code/.venv/lib/python3.9/site-packages/airflow/example_dags/example_short_circuit_decorator.py
[2026-09-18T12:32:05.995+0700] {logging_mixin.py:190} INFO - [2026-09-18T12:32:05.995+0700] {dag.py:3239} INFO - Sync 1 DAGs
[2026-09-18T12:32:06.001+0700] {logging_mixin.py:190} INFO - [2026-09-18T12:32:06.000+0700] {dag.py:4180} INFO - Setting next_dagrun for example_short_circuit_decorator to None, run_after=None
[2026-09-18T12:32:06.010+0700] {processor.py:208} INFO - Processing /Users/andreasanditya/Downloads/572392_Andreas_AirflowETL/code/.venv/lib/python3.9/site-packages/airflow/example_dags/example_short_circuit_decorator.py took 0.127 seconds
[2026-09-18T12:33:32.720+0700] {processor.py:186} INFO - Started process (PID=61177) to work on /Users/andreasanditya/Downloads/572392_Andreas_AirflowETL/code/.venv/lib/python3.9/site-packages/airflow/example_dags/example_short_circuit_decorator.py
[2026-09-18T12:33:32.721+0700] {processor.py:914} INFO - Processing file /Users/andreasanditya/Downloads/572392_Andreas_AirflowETL/code/.venv/lib/python3.9/site-packages/airflow/example_dags/example_short_circuit_decorator.py for tasks to queue
[2026-09-18T12:33:32.722+0700] {logging_mixin.py:190} INFO - [2026-09-18T12:33:32.722+0700] {dagbag.py:588} INFO - Filling up the DagBag from /Users/andreasanditya/Downloads/572392_Andreas_AirflowETL/code/.venv/lib/python3.9/site-packages/airflow/example_dags/example_short_circuit_decorator.py
[2026-09-18T12:33:32.768+0700] {processor.py:925} INFO - DAG(s) 'example_short_circuit_decorator' retrieved from /Users/andreasanditya/Downloads/572392_Andreas_AirflowETL/code/.venv/lib/python3.9/site-packages/airflow/example_dags/example_short_circuit_decorator.py
[2026-09-18T12:33:32.829+0700] {logging_mixin.py:190} INFO - [2026-09-18T12:33:32.829+0700] {dag.py:3239} INFO - Sync 1 DAGs
[2026-09-18T12:33:32.835+0700] {logging_mixin.py:190} INFO - [2026-09-18T12:33:32.835+0700] {dag.py:4180} INFO - Setting next_dagrun for example_short_circuit_decorator to None, run_after=None
[2026-09-18T12:33:32.845+0700] {processor.py:208} INFO - Processing /Users/andreasanditya/Downloads/572392_Andreas_AirflowETL/code/.venv/lib/python3.9/site-packages/airflow/example_dags/example_short_circuit_decorator.py took 0.126 seconds
[2026-09-18T12:34:57.805+0700] {processor.py:186} INFO - Started process (PID=62008) to work on /Users/andreasanditya/Downloads/572392_Andreas_AirflowETL/code/.venv/lib/python3.9/site-packages/airflow/example_dags/example_short_circuit_decorator.py
[2026-09-18T12:34:57.806+0700] {processor.py:914} INFO - Processing file /Users/andreasanditya/Downloads/572392_Andreas_AirflowETL/code/.venv/lib/python3.9/site-packages/airflow/example_dags/example_short_circuit_decorator.py for tasks to queue
[2026-09-18T12:34:57.807+0700] {logging_mixin.py:190} INFO - [2026-09-18T12:34:57.807+0700] {dagbag.py:588} INFO - Filling up the DagBag from /Users/andreasanditya/Downloads/572392_Andreas_AirflowETL/code/.venv/lib/python3.9/site-packages/airflow/example_dags/example_short_circuit_decorator.py
[2026-09-18T12:34:57.853+0700] {processor.py:925} INFO - DAG(s) 'example_short_circuit_decorator' retrieved from /Users/andreasanditya/Downloads/572392_Andreas_AirflowETL/code/.venv/lib/python3.9/site-packages/airflow/example_dags/example_short_circuit_decorator.py
[2026-09-18T12:34:57.913+0700] {logging_mixin.py:190} INFO - [2026-09-18T12:34:57.912+0700] {dag.py:3239} INFO - Sync 1 DAGs
[2026-09-18T12:34:57.918+0700] {logging_mixin.py:190} INFO - [2026-09-18T12:34:57.918+0700] {dag.py:4180} INFO - Setting next_dagrun for example_short_circuit_decorator to None, run_after=None
[2026-09-18T12:34:57.928+0700] {processor.py:208} INFO - Processing /Users/andreasanditya/Downloads/572392_Andreas_AirflowETL/code/.venv/lib/python3.9/site-packages/airflow/example_dags/example_short_circuit_decorator.py took 0.125 seconds
[2026-09-18T12:36:22.035+0700] {processor.py:186} INFO - Started process (PID=62839) to work on /Users/andreasanditya/Downloads/572392_Andreas_AirflowETL/code/.venv/lib/python3.9/site-packages/airflow/example_dags/example_short_circuit_decorator.py
[2026-09-18T12:36:22.036+0700] {processor.py:914} INFO - Processing file /Users/andreasanditya/Downloads/572392_Andreas_AirflowETL/code/.venv/lib/python3.9/site-packages/airflow/example_dags/example_short_circuit_decorator.py for tasks to queue
[2026-09-18T12:36:22.037+0700] {logging_mixin.py:190} INFO - [2026-09-18T12:36:22.037+0700] {dagbag.py:588} INFO - Filling up the DagBag from /Users/andreasanditya/Downloads/572392_Andreas_AirflowETL/code/.venv/lib/python3.9/site-packages/airflow/example_dags/example_short_circuit_decorator.py
[2026-09-18T12:36:22.083+0700] {processor.py:925} INFO - DAG(s) 'example_short_circuit_decorator' retrieved from /Users/andreasanditya/Downloads/572392_Andreas_AirflowETL/code/.venv/lib/python3.9/site-packages/airflow/example_dags/example_short_circuit_decorator.py
[2026-09-18T12:36:22.142+0700] {logging_mixin.py:190} INFO - [2026-09-18T12:36:22.142+0700] {dag.py:3239} INFO - Sync 1 DAGs
[2026-09-18T12:36:22.148+0700] {logging_mixin.py:190} INFO - [2026-09-18T12:36:22.148+0700] {dag.py:4180} INFO - Setting next_dagrun for example_short_circuit_decorator to None, run_after=None
[2026-09-18T12:36:22.158+0700] {processor.py:208} INFO - Processing /Users/andreasanditya/Downloads/572392_Andreas_AirflowETL/code/.venv/lib/python3.9/site-packages/airflow/example_dags/example_short_circuit_decorator.py took 0.125 seconds
[2026-09-18T12:37:49.326+0700] {processor.py:186} INFO - Started process (PID=63780) to work on /Users/andreasanditya/Downloads/572392_Andreas_AirflowETL/code/.venv/lib/python3.9/site-packages/airflow/example_dags/example_short_circuit_decorator.py
[2026-09-18T12:37:49.327+0700] {processor.py:914} INFO - Processing file /Users/andreasanditya/Downloads/572392_Andreas_AirflowETL/code/.venv/lib/python3.9/site-packages/airflow/example_dags/example_short_circuit_decorator.py for tasks to queue
[2026-09-18T12:37:49.328+0700] {logging_mixin.py:190} INFO - [2026-09-18T12:37:49.328+0700] {dagbag.py:588} INFO - Filling up the DagBag from /Users/andreasanditya/Downloads/572392_Andreas_AirflowETL/code/.venv/lib/python3.9/site-packages/airflow/example_dags/example_short_circuit_decorator.py
[2026-09-18T12:37:49.374+0700] {processor.py:925} INFO - DAG(s) 'example_short_circuit_decorator' retrieved from /Users/andreasanditya/Downloads/572392_Andreas_AirflowETL/code/.venv/lib/python3.9/site-packages/airflow/example_dags/example_short_circuit_decorator.py
[2026-09-18T12:37:49.435+0700] {logging_mixin.py:190} INFO - [2026-09-18T12:37:49.435+0700] {dag.py:3239} INFO - Sync 1 DAGs
[2026-09-18T12:37:49.441+0700] {logging_mixin.py:190} INFO - [2026-09-18T12:37:49.441+0700] {dag.py:4180} INFO - Setting next_dagrun for example_short_circuit_decorator to None, run_after=None
[2026-09-18T12:37:49.451+0700] {processor.py:208} INFO - Processing /Users/andreasanditya/Downloads/572392_Andreas_AirflowETL/code/.venv/lib/python3.9/site-packages/airflow/example_dags/example_short_circuit_decorator.py took 0.127 seconds
[2026-09-18T12:39:16.207+0700] {processor.py:186} INFO - Started process (PID=64619) to work on /Users/andreasanditya/Downloads/572392_Andreas_AirflowETL/code/.venv/lib/python3.9/site-packages/airflow/example_dags/example_short_circuit_decorator.py
[2026-09-18T12:39:16.210+0700] {processor.py:914} INFO - Processing file /Users/andreasanditya/Downloads/572392_Andreas_AirflowETL/code/.venv/lib/python3.9/site-packages/airflow/example_dags/example_short_circuit_decorator.py for tasks to queue
[2026-09-18T12:39:16.210+0700] {logging_mixin.py:190} INFO - [2026-09-18T12:39:16.210+0700] {dagbag.py:588} INFO - Filling up the DagBag from /Users/andreasanditya/Downloads/572392_Andreas_AirflowETL/code/.venv/lib/python3.9/site-packages/airflow/example_dags/example_short_circuit_decorator.py
[2026-09-18T12:39:16.256+0700] {processor.py:925} INFO - DAG(s) 'example_short_circuit_decorator' retrieved from /Users/andreasanditya/Downloads/572392_Andreas_AirflowETL/code/.venv/lib/python3.9/site-packages/airflow/example_dags/example_short_circuit_decorator.py
[2026-09-18T12:39:16.319+0700] {logging_mixin.py:190} INFO - [2026-09-18T12:39:16.319+0700] {dag.py:3239} INFO - Sync 1 DAGs
[2026-09-18T12:39:16.325+0700] {logging_mixin.py:190} INFO - [2026-09-18T12:39:16.325+0700] {dag.py:4180} INFO - Setting next_dagrun for example_short_circuit_decorator to None, run_after=None
[2026-09-18T12:39:16.335+0700] {processor.py:208} INFO - Processing /Users/andreasanditya/Downloads/572392_Andreas_AirflowETL/code/.venv/lib/python3.9/site-packages/airflow/example_dags/example_short_circuit_decorator.py took 0.130 seconds
[2026-09-18T12:40:44.301+0700] {processor.py:186} INFO - Started process (PID=65533) to work on /Users/andreasanditya/Downloads/572392_Andreas_AirflowETL/code/.venv/lib/python3.9/site-packages/airflow/example_dags/example_short_circuit_decorator.py
[2026-09-18T12:40:44.302+0700] {processor.py:914} INFO - Processing file /Users/andreasanditya/Downloads/572392_Andreas_AirflowETL/code/.venv/lib/python3.9/site-packages/airflow/example_dags/example_short_circuit_decorator.py for tasks to queue
[2026-09-18T12:40:44.303+0700] {logging_mixin.py:190} INFO - [2026-09-18T12:40:44.303+0700] {dagbag.py:588} INFO - Filling up the DagBag from /Users/andreasanditya/Downloads/572392_Andreas_AirflowETL/code/.venv/lib/python3.9/site-packages/airflow/example_dags/example_short_circuit_decorator.py
[2026-09-18T12:40:44.349+0700] {processor.py:925} INFO - DAG(s) 'example_short_circuit_decorator' retrieved from /Users/andreasanditya/Downloads/572392_Andreas_AirflowETL/code/.venv/lib/python3.9/site-packages/airflow/example_dags/example_short_circuit_decorator.py
[2026-09-18T12:40:44.409+0700] {logging_mixin.py:190} INFO - [2026-09-18T12:40:44.409+0700] {dag.py:3239} INFO - Sync 1 DAGs
[2026-09-18T12:40:44.415+0700] {logging_mixin.py:190} INFO - [2026-09-18T12:40:44.415+0700] {dag.py:4180} INFO - Setting next_dagrun for example_short_circuit_decorator to None, run_after=None
[2026-09-18T12:40:44.425+0700] {processor.py:208} INFO - Processing /Users/andreasanditya/Downloads/572392_Andreas_AirflowETL/code/.venv/lib/python3.9/site-packages/airflow/example_dags/example_short_circuit_decorator.py took 0.126 seconds
[2026-09-18T12:42:08.646+0700] {processor.py:186} INFO - Started process (PID=66355) to work on /Users/andreasanditya/Downloads/572392_Andreas_AirflowETL/code/.venv/lib/python3.9/site-packages/airflow/example_dags/example_short_circuit_decorator.py
[2026-09-18T12:42:08.647+0700] {processor.py:914} INFO - Processing file /Users/andreasanditya/Downloads/572392_Andreas_AirflowETL/code/.venv/lib/python3.9/site-packages/airflow/example_dags/example_short_circuit_decorator.py for tasks to queue
[2026-09-18T12:42:08.648+0700] {logging_mixin.py:190} INFO - [2026-09-18T12:42:08.648+0700] {dagbag.py:588} INFO - Filling up the DagBag from /Users/andreasanditya/Downloads/572392_Andreas_AirflowETL/code/.venv/lib/python3.9/site-packages/airflow/example_dags/example_short_circuit_decorator.py
[2026-09-18T12:42:08.693+0700] {processor.py:925} INFO - DAG(s) 'example_short_circuit_decorator' retrieved from /Users/andreasanditya/Downloads/572392_Andreas_AirflowETL/code/.venv/lib/python3.9/site-packages/airflow/example_dags/example_short_circuit_decorator.py
[2026-09-18T12:42:08.753+0700] {logging_mixin.py:190} INFO - [2026-09-18T12:42:08.753+0700] {dag.py:3239} INFO - Sync 1 DAGs
[2026-09-18T12:42:08.759+0700] {logging_mixin.py:190} INFO - [2026-09-18T12:42:08.759+0700] {dag.py:4180} INFO - Setting next_dagrun for example_short_circuit_decorator to None, run_after=None
[2026-09-18T12:42:08.769+0700] {processor.py:208} INFO - Processing /Users/andreasanditya/Downloads/572392_Andreas_AirflowETL/code/.venv/lib/python3.9/site-packages/airflow/example_dags/example_short_circuit_decorator.py took 0.124 seconds
[2026-09-18T12:43:36.377+0700] {processor.py:186} INFO - Started process (PID=67269) to work on /Users/andreasanditya/Downloads/572392_Andreas_AirflowETL/code/.venv/lib/python3.9/site-packages/airflow/example_dags/example_short_circuit_decorator.py
[2026-09-18T12:43:36.379+0700] {processor.py:914} INFO - Processing file /Users/andreasanditya/Downloads/572392_Andreas_AirflowETL/code/.venv/lib/python3.9/site-packages/airflow/example_dags/example_short_circuit_decorator.py for tasks to queue
[2026-09-18T12:43:36.379+0700] {logging_mixin.py:190} INFO - [2026-09-18T12:43:36.379+0700] {dagbag.py:588} INFO - Filling up the DagBag from /Users/andreasanditya/Downloads/572392_Andreas_AirflowETL/code/.venv/lib/python3.9/site-packages/airflow/example_dags/example_short_circuit_decorator.py
[2026-09-18T12:43:36.426+0700] {processor.py:925} INFO - DAG(s) 'example_short_circuit_decorator' retrieved from /Users/andreasanditya/Downloads/572392_Andreas_AirflowETL/code/.venv/lib/python3.9/site-packages/airflow/example_dags/example_short_circuit_decorator.py
[2026-09-18T12:43:36.488+0700] {logging_mixin.py:190} INFO - [2026-09-18T12:43:36.488+0700] {dag.py:3239} INFO - Sync 1 DAGs
[2026-09-18T12:43:36.494+0700] {logging_mixin.py:190} INFO - [2026-09-18T12:43:36.494+0700] {dag.py:4180} INFO - Setting next_dagrun for example_short_circuit_decorator to None, run_after=None
[2026-09-18T12:43:36.504+0700] {processor.py:208} INFO - Processing /Users/andreasanditya/Downloads/572392_Andreas_AirflowETL/code/.venv/lib/python3.9/site-packages/airflow/example_dags/example_short_circuit_decorator.py took 0.128 seconds
[2026-09-18T12:45:02.740+0700] {processor.py:186} INFO - Started process (PID=68190) to work on /Users/andreasanditya/Downloads/572392_Andreas_AirflowETL/code/.venv/lib/python3.9/site-packages/airflow/example_dags/example_short_circuit_decorator.py
[2026-09-18T12:45:02.741+0700] {processor.py:914} INFO - Processing file /Users/andreasanditya/Downloads/572392_Andreas_AirflowETL/code/.venv/lib/python3.9/site-packages/airflow/example_dags/example_short_circuit_decorator.py for tasks to queue
[2026-09-18T12:45:02.741+0700] {logging_mixin.py:190} INFO - [2026-09-18T12:45:02.741+0700] {dagbag.py:588} INFO - Filling up the DagBag from /Users/andreasanditya/Downloads/572392_Andreas_AirflowETL/code/.venv/lib/python3.9/site-packages/airflow/example_dags/example_short_circuit_decorator.py
[2026-09-18T12:45:02.788+0700] {processor.py:925} INFO - DAG(s) 'example_short_circuit_decorator' retrieved from /Users/andreasanditya/Downloads/572392_Andreas_AirflowETL/code/.venv/lib/python3.9/site-packages/airflow/example_dags/example_short_circuit_decorator.py
[2026-09-18T12:45:02.848+0700] {logging_mixin.py:190} INFO - [2026-09-18T12:45:02.848+0700] {dag.py:3239} INFO - Sync 1 DAGs
[2026-09-18T12:45:02.854+0700] {logging_mixin.py:190} INFO - [2026-09-18T12:45:02.854+0700] {dag.py:4180} INFO - Setting next_dagrun for example_short_circuit_decorator to None, run_after=None
[2026-09-18T12:45:02.864+0700] {processor.py:208} INFO - Processing /Users/andreasanditya/Downloads/572392_Andreas_AirflowETL/code/.venv/lib/python3.9/site-packages/airflow/example_dags/example_short_circuit_decorator.py took 0.126 seconds
[2026-09-18T12:46:29.446+0700] {processor.py:186} INFO - Started process (PID=69033) to work on /Users/andreasanditya/Downloads/572392_Andreas_AirflowETL/code/.venv/lib/python3.9/site-packages/airflow/example_dags/example_short_circuit_decorator.py
[2026-09-18T12:46:29.447+0700] {processor.py:914} INFO - Processing file /Users/andreasanditya/Downloads/572392_Andreas_AirflowETL/code/.venv/lib/python3.9/site-packages/airflow/example_dags/example_short_circuit_decorator.py for tasks to queue
[2026-09-18T12:46:29.448+0700] {logging_mixin.py:190} INFO - [2026-09-18T12:46:29.447+0700] {dagbag.py:588} INFO - Filling up the DagBag from /Users/andreasanditya/Downloads/572392_Andreas_AirflowETL/code/.venv/lib/python3.9/site-packages/airflow/example_dags/example_short_circuit_decorator.py
[2026-09-18T12:46:29.493+0700] {processor.py:925} INFO - DAG(s) 'example_short_circuit_decorator' retrieved from /Users/andreasanditya/Downloads/572392_Andreas_AirflowETL/code/.venv/lib/python3.9/site-packages/airflow/example_dags/example_short_circuit_decorator.py
[2026-09-18T12:46:29.554+0700] {logging_mixin.py:190} INFO - [2026-09-18T12:46:29.553+0700] {dag.py:3239} INFO - Sync 1 DAGs
[2026-09-18T12:46:29.559+0700] {logging_mixin.py:190} INFO - [2026-09-18T12:46:29.559+0700] {dag.py:4180} INFO - Setting next_dagrun for example_short_circuit_decorator to None, run_after=None
[2026-09-18T12:46:29.569+0700] {processor.py:208} INFO - Processing /Users/andreasanditya/Downloads/572392_Andreas_AirflowETL/code/.venv/lib/python3.9/site-packages/airflow/example_dags/example_short_circuit_decorator.py took 0.125 seconds
[2026-09-18T12:47:54.470+0700] {processor.py:186} INFO - Started process (PID=69932) to work on /Users/andreasanditya/Downloads/572392_Andreas_AirflowETL/code/.venv/lib/python3.9/site-packages/airflow/example_dags/example_short_circuit_decorator.py
[2026-09-18T12:47:54.471+0700] {processor.py:914} INFO - Processing file /Users/andreasanditya/Downloads/572392_Andreas_AirflowETL/code/.venv/lib/python3.9/site-packages/airflow/example_dags/example_short_circuit_decorator.py for tasks to queue
[2026-09-18T12:47:54.472+0700] {logging_mixin.py:190} INFO - [2026-09-18T12:47:54.472+0700] {dagbag.py:588} INFO - Filling up the DagBag from /Users/andreasanditya/Downloads/572392_Andreas_AirflowETL/code/.venv/lib/python3.9/site-packages/airflow/example_dags/example_short_circuit_decorator.py
[2026-09-18T12:47:54.518+0700] {processor.py:925} INFO - DAG(s) 'example_short_circuit_decorator' retrieved from /Users/andreasanditya/Downloads/572392_Andreas_AirflowETL/code/.venv/lib/python3.9/site-packages/airflow/example_dags/example_short_circuit_decorator.py
[2026-09-18T12:47:54.577+0700] {logging_mixin.py:190} INFO - [2026-09-18T12:47:54.577+0700] {dag.py:3239} INFO - Sync 1 DAGs
[2026-09-18T12:47:54.583+0700] {logging_mixin.py:190} INFO - [2026-09-18T12:47:54.583+0700] {dag.py:4180} INFO - Setting next_dagrun for example_short_circuit_decorator to None, run_after=None
[2026-09-18T12:47:54.592+0700] {processor.py:208} INFO - Processing /Users/andreasanditya/Downloads/572392_Andreas_AirflowETL/code/.venv/lib/python3.9/site-packages/airflow/example_dags/example_short_circuit_decorator.py took 0.124 seconds
[2026-09-18T12:49:21.366+0700] {processor.py:186} INFO - Started process (PID=70772) to work on /Users/andreasanditya/Downloads/572392_Andreas_AirflowETL/code/.venv/lib/python3.9/site-packages/airflow/example_dags/example_short_circuit_decorator.py
[2026-09-18T12:49:21.367+0700] {processor.py:914} INFO - Processing file /Users/andreasanditya/Downloads/572392_Andreas_AirflowETL/code/.venv/lib/python3.9/site-packages/airflow/example_dags/example_short_circuit_decorator.py for tasks to queue
[2026-09-18T12:49:21.368+0700] {logging_mixin.py:190} INFO - [2026-09-18T12:49:21.368+0700] {dagbag.py:588} INFO - Filling up the DagBag from /Users/andreasanditya/Downloads/572392_Andreas_AirflowETL/code/.venv/lib/python3.9/site-packages/airflow/example_dags/example_short_circuit_decorator.py
[2026-09-18T12:49:21.415+0700] {processor.py:925} INFO - DAG(s) 'example_short_circuit_decorator' retrieved from /Users/andreasanditya/Downloads/572392_Andreas_AirflowETL/code/.venv/lib/python3.9/site-packages/airflow/example_dags/example_short_circuit_decorator.py
[2026-09-18T12:49:21.475+0700] {logging_mixin.py:190} INFO - [2026-09-18T12:49:21.474+0700] {dag.py:3239} INFO - Sync 1 DAGs
[2026-09-18T12:49:21.482+0700] {logging_mixin.py:190} INFO - [2026-09-18T12:49:21.482+0700] {dag.py:4180} INFO - Setting next_dagrun for example_short_circuit_decorator to None, run_after=None
[2026-09-18T12:49:21.492+0700] {processor.py:208} INFO - Processing /Users/andreasanditya/Downloads/572392_Andreas_AirflowETL/code/.venv/lib/python3.9/site-packages/airflow/example_dags/example_short_circuit_decorator.py took 0.127 seconds
[2026-09-18T12:50:45.727+0700] {processor.py:186} INFO - Started process (PID=71683) to work on /Users/andreasanditya/Downloads/572392_Andreas_AirflowETL/code/.venv/lib/python3.9/site-packages/airflow/example_dags/example_short_circuit_decorator.py
[2026-09-18T12:50:45.728+0700] {processor.py:914} INFO - Processing file /Users/andreasanditya/Downloads/572392_Andreas_AirflowETL/code/.venv/lib/python3.9/site-packages/airflow/example_dags/example_short_circuit_decorator.py for tasks to queue
[2026-09-18T12:50:45.729+0700] {logging_mixin.py:190} INFO - [2026-09-18T12:50:45.729+0700] {dagbag.py:588} INFO - Filling up the DagBag from /Users/andreasanditya/Downloads/572392_Andreas_AirflowETL/code/.venv/lib/python3.9/site-packages/airflow/example_dags/example_short_circuit_decorator.py
[2026-09-18T12:50:45.774+0700] {processor.py:925} INFO - DAG(s) 'example_short_circuit_decorator' retrieved from /Users/andreasanditya/Downloads/572392_Andreas_AirflowETL/code/.venv/lib/python3.9/site-packages/airflow/example_dags/example_short_circuit_decorator.py
[2026-09-18T12:50:45.834+0700] {logging_mixin.py:190} INFO - [2026-09-18T12:50:45.834+0700] {dag.py:3239} INFO - Sync 1 DAGs
[2026-09-18T12:50:45.840+0700] {logging_mixin.py:190} INFO - [2026-09-18T12:50:45.840+0700] {dag.py:4180} INFO - Setting next_dagrun for example_short_circuit_decorator to None, run_after=None
[2026-09-18T12:50:45.849+0700] {processor.py:208} INFO - Processing /Users/andreasanditya/Downloads/572392_Andreas_AirflowETL/code/.venv/lib/python3.9/site-packages/airflow/example_dags/example_short_circuit_decorator.py took 0.124 seconds
[2026-09-18T12:52:08.066+0700] {processor.py:186} INFO - Started process (PID=72510) to work on /Users/andreasanditya/Downloads/572392_Andreas_AirflowETL/code/.venv/lib/python3.9/site-packages/airflow/example_dags/example_short_circuit_decorator.py
[2026-09-18T12:52:08.067+0700] {processor.py:914} INFO - Processing file /Users/andreasanditya/Downloads/572392_Andreas_AirflowETL/code/.venv/lib/python3.9/site-packages/airflow/example_dags/example_short_circuit_decorator.py for tasks to queue
[2026-09-18T12:52:08.068+0700] {logging_mixin.py:190} INFO - [2026-09-18T12:52:08.068+0700] {dagbag.py:588} INFO - Filling up the DagBag from /Users/andreasanditya/Downloads/572392_Andreas_AirflowETL/code/.venv/lib/python3.9/site-packages/airflow/example_dags/example_short_circuit_decorator.py
[2026-09-18T12:52:08.120+0700] {processor.py:925} INFO - DAG(s) 'example_short_circuit_decorator' retrieved from /Users/andreasanditya/Downloads/572392_Andreas_AirflowETL/code/.venv/lib/python3.9/site-packages/airflow/example_dags/example_short_circuit_decorator.py
[2026-09-18T12:52:08.179+0700] {logging_mixin.py:190} INFO - [2026-09-18T12:52:08.179+0700] {dag.py:3239} INFO - Sync 1 DAGs
[2026-09-18T12:52:08.185+0700] {logging_mixin.py:190} INFO - [2026-09-18T12:52:08.185+0700] {dag.py:4180} INFO - Setting next_dagrun for example_short_circuit_decorator to None, run_after=None
[2026-09-18T12:52:08.195+0700] {processor.py:208} INFO - Processing /Users/andreasanditya/Downloads/572392_Andreas_AirflowETL/code/.venv/lib/python3.9/site-packages/airflow/example_dags/example_short_circuit_decorator.py took 0.131 seconds
[2026-09-18T12:53:35.118+0700] {processor.py:186} INFO - Started process (PID=73349) to work on /Users/andreasanditya/Downloads/572392_Andreas_AirflowETL/code/.venv/lib/python3.9/site-packages/airflow/example_dags/example_short_circuit_decorator.py
[2026-09-18T12:53:35.119+0700] {processor.py:914} INFO - Processing file /Users/andreasanditya/Downloads/572392_Andreas_AirflowETL/code/.venv/lib/python3.9/site-packages/airflow/example_dags/example_short_circuit_decorator.py for tasks to queue
[2026-09-18T12:53:35.119+0700] {logging_mixin.py:190} INFO - [2026-09-18T12:53:35.119+0700] {dagbag.py:588} INFO - Filling up the DagBag from /Users/andreasanditya/Downloads/572392_Andreas_AirflowETL/code/.venv/lib/python3.9/site-packages/airflow/example_dags/example_short_circuit_decorator.py
[2026-09-18T12:53:35.165+0700] {processor.py:925} INFO - DAG(s) 'example_short_circuit_decorator' retrieved from /Users/andreasanditya/Downloads/572392_Andreas_AirflowETL/code/.venv/lib/python3.9/site-packages/airflow/example_dags/example_short_circuit_decorator.py
[2026-09-18T12:53:35.225+0700] {logging_mixin.py:190} INFO - [2026-09-18T12:53:35.225+0700] {dag.py:3239} INFO - Sync 1 DAGs
[2026-09-18T12:53:35.231+0700] {logging_mixin.py:190} INFO - [2026-09-18T12:53:35.231+0700] {dag.py:4180} INFO - Setting next_dagrun for example_short_circuit_decorator to None, run_after=None
[2026-09-18T12:53:35.241+0700] {processor.py:208} INFO - Processing /Users/andreasanditya/Downloads/572392_Andreas_AirflowETL/code/.venv/lib/python3.9/site-packages/airflow/example_dags/example_short_circuit_decorator.py took 0.125 seconds
[2026-09-18T12:54:58.754+0700] {processor.py:186} INFO - Started process (PID=74283) to work on /Users/andreasanditya/Downloads/572392_Andreas_AirflowETL/code/.venv/lib/python3.9/site-packages/airflow/example_dags/example_short_circuit_decorator.py
[2026-09-18T12:54:58.755+0700] {processor.py:914} INFO - Processing file /Users/andreasanditya/Downloads/572392_Andreas_AirflowETL/code/.venv/lib/python3.9/site-packages/airflow/example_dags/example_short_circuit_decorator.py for tasks to queue
[2026-09-18T12:54:58.756+0700] {logging_mixin.py:190} INFO - [2026-09-18T12:54:58.755+0700] {dagbag.py:588} INFO - Filling up the DagBag from /Users/andreasanditya/Downloads/572392_Andreas_AirflowETL/code/.venv/lib/python3.9/site-packages/airflow/example_dags/example_short_circuit_decorator.py
[2026-09-18T12:54:58.801+0700] {processor.py:925} INFO - DAG(s) 'example_short_circuit_decorator' retrieved from /Users/andreasanditya/Downloads/572392_Andreas_AirflowETL/code/.venv/lib/python3.9/site-packages/airflow/example_dags/example_short_circuit_decorator.py
[2026-09-18T12:54:58.862+0700] {logging_mixin.py:190} INFO - [2026-09-18T12:54:58.861+0700] {dag.py:3239} INFO - Sync 1 DAGs
[2026-09-18T12:54:58.867+0700] {logging_mixin.py:190} INFO - [2026-09-18T12:54:58.867+0700] {dag.py:4180} INFO - Setting next_dagrun for example_short_circuit_decorator to None, run_after=None
[2026-09-18T12:54:58.877+0700] {processor.py:208} INFO - Processing /Users/andreasanditya/Downloads/572392_Andreas_AirflowETL/code/.venv/lib/python3.9/site-packages/airflow/example_dags/example_short_circuit_decorator.py took 0.126 seconds
[2026-09-18T12:56:23.177+0700] {processor.py:186} INFO - Started process (PID=75107) to work on /Users/andreasanditya/Downloads/572392_Andreas_AirflowETL/code/.venv/lib/python3.9/site-packages/airflow/example_dags/example_short_circuit_decorator.py
[2026-09-18T12:56:23.179+0700] {processor.py:914} INFO - Processing file /Users/andreasanditya/Downloads/572392_Andreas_AirflowETL/code/.venv/lib/python3.9/site-packages/airflow/example_dags/example_short_circuit_decorator.py for tasks to queue
[2026-09-18T12:56:23.179+0700] {logging_mixin.py:190} INFO - [2026-09-18T12:56:23.179+0700] {dagbag.py:588} INFO - Filling up the DagBag from /Users/andreasanditya/Downloads/572392_Andreas_AirflowETL/code/.venv/lib/python3.9/site-packages/airflow/example_dags/example_short_circuit_decorator.py
[2026-09-18T12:56:23.225+0700] {processor.py:925} INFO - DAG(s) 'example_short_circuit_decorator' retrieved from /Users/andreasanditya/Downloads/572392_Andreas_AirflowETL/code/.venv/lib/python3.9/site-packages/airflow/example_dags/example_short_circuit_decorator.py
[2026-09-18T12:56:23.285+0700] {logging_mixin.py:190} INFO - [2026-09-18T12:56:23.285+0700] {dag.py:3239} INFO - Sync 1 DAGs
[2026-09-18T12:56:23.291+0700] {logging_mixin.py:190} INFO - [2026-09-18T12:56:23.291+0700] {dag.py:4180} INFO - Setting next_dagrun for example_short_circuit_decorator to None, run_after=None
[2026-09-18T12:56:23.300+0700] {processor.py:208} INFO - Processing /Users/andreasanditya/Downloads/572392_Andreas_AirflowETL/code/.venv/lib/python3.9/site-packages/airflow/example_dags/example_short_circuit_decorator.py took 0.125 seconds
[2026-09-18T12:57:49.750+0700] {processor.py:186} INFO - Started process (PID=75939) to work on /Users/andreasanditya/Downloads/572392_Andreas_AirflowETL/code/.venv/lib/python3.9/site-packages/airflow/example_dags/example_short_circuit_decorator.py
[2026-09-18T12:57:49.751+0700] {processor.py:914} INFO - Processing file /Users/andreasanditya/Downloads/572392_Andreas_AirflowETL/code/.venv/lib/python3.9/site-packages/airflow/example_dags/example_short_circuit_decorator.py for tasks to queue
[2026-09-18T12:57:49.751+0700] {logging_mixin.py:190} INFO - [2026-09-18T12:57:49.751+0700] {dagbag.py:588} INFO - Filling up the DagBag from /Users/andreasanditya/Downloads/572392_Andreas_AirflowETL/code/.venv/lib/python3.9/site-packages/airflow/example_dags/example_short_circuit_decorator.py
[2026-09-18T12:57:49.802+0700] {processor.py:925} INFO - DAG(s) 'example_short_circuit_decorator' retrieved from /Users/andreasanditya/Downloads/572392_Andreas_AirflowETL/code/.venv/lib/python3.9/site-packages/airflow/example_dags/example_short_circuit_decorator.py
[2026-09-18T12:57:49.862+0700] {logging_mixin.py:190} INFO - [2026-09-18T12:57:49.862+0700] {dag.py:3239} INFO - Sync 1 DAGs
[2026-09-18T12:57:49.868+0700] {logging_mixin.py:190} INFO - [2026-09-18T12:57:49.868+0700] {dag.py:4180} INFO - Setting next_dagrun for example_short_circuit_decorator to None, run_after=None
[2026-09-18T12:57:49.878+0700] {processor.py:208} INFO - Processing /Users/andreasanditya/Downloads/572392_Andreas_AirflowETL/code/.venv/lib/python3.9/site-packages/airflow/example_dags/example_short_circuit_decorator.py took 0.130 seconds
[2026-09-18T12:59:14.191+0700] {processor.py:186} INFO - Started process (PID=76891) to work on /Users/andreasanditya/Downloads/572392_Andreas_AirflowETL/code/.venv/lib/python3.9/site-packages/airflow/example_dags/example_short_circuit_decorator.py
[2026-09-18T12:59:14.192+0700] {processor.py:914} INFO - Processing file /Users/andreasanditya/Downloads/572392_Andreas_AirflowETL/code/.venv/lib/python3.9/site-packages/airflow/example_dags/example_short_circuit_decorator.py for tasks to queue
[2026-09-18T12:59:14.192+0700] {logging_mixin.py:190} INFO - [2026-09-18T12:59:14.192+0700] {dagbag.py:588} INFO - Filling up the DagBag from /Users/andreasanditya/Downloads/572392_Andreas_AirflowETL/code/.venv/lib/python3.9/site-packages/airflow/example_dags/example_short_circuit_decorator.py
[2026-09-18T12:59:14.238+0700] {processor.py:925} INFO - DAG(s) 'example_short_circuit_decorator' retrieved from /Users/andreasanditya/Downloads/572392_Andreas_AirflowETL/code/.venv/lib/python3.9/site-packages/airflow/example_dags/example_short_circuit_decorator.py
[2026-09-18T12:59:14.300+0700] {logging_mixin.py:190} INFO - [2026-09-18T12:59:14.300+0700] {dag.py:3239} INFO - Sync 1 DAGs
[2026-09-18T12:59:14.306+0700] {logging_mixin.py:190} INFO - [2026-09-18T12:59:14.306+0700] {dag.py:4180} INFO - Setting next_dagrun for example_short_circuit_decorator to None, run_after=None
[2026-09-18T12:59:14.316+0700] {processor.py:208} INFO - Processing /Users/andreasanditya/Downloads/572392_Andreas_AirflowETL/code/.venv/lib/python3.9/site-packages/airflow/example_dags/example_short_circuit_decorator.py took 0.127 seconds
[2026-09-18T13:00:41.424+0700] {processor.py:186} INFO - Started process (PID=77711) to work on /Users/andreasanditya/Downloads/572392_Andreas_AirflowETL/code/.venv/lib/python3.9/site-packages/airflow/example_dags/example_short_circuit_decorator.py
[2026-09-18T13:00:41.425+0700] {processor.py:914} INFO - Processing file /Users/andreasanditya/Downloads/572392_Andreas_AirflowETL/code/.venv/lib/python3.9/site-packages/airflow/example_dags/example_short_circuit_decorator.py for tasks to queue
[2026-09-18T13:00:41.425+0700] {logging_mixin.py:190} INFO - [2026-09-18T13:00:41.425+0700] {dagbag.py:588} INFO - Filling up the DagBag from /Users/andreasanditya/Downloads/572392_Andreas_AirflowETL/code/.venv/lib/python3.9/site-packages/airflow/example_dags/example_short_circuit_decorator.py
[2026-09-18T13:00:41.476+0700] {processor.py:925} INFO - DAG(s) 'example_short_circuit_decorator' retrieved from /Users/andreasanditya/Downloads/572392_Andreas_AirflowETL/code/.venv/lib/python3.9/site-packages/airflow/example_dags/example_short_circuit_decorator.py
[2026-09-18T13:00:41.537+0700] {logging_mixin.py:190} INFO - [2026-09-18T13:00:41.537+0700] {dag.py:3239} INFO - Sync 1 DAGs
[2026-09-18T13:00:41.543+0700] {logging_mixin.py:190} INFO - [2026-09-18T13:00:41.543+0700] {dag.py:4180} INFO - Setting next_dagrun for example_short_circuit_decorator to None, run_after=None
[2026-09-18T13:00:41.554+0700] {processor.py:208} INFO - Processing /Users/andreasanditya/Downloads/572392_Andreas_AirflowETL/code/.venv/lib/python3.9/site-packages/airflow/example_dags/example_short_circuit_decorator.py took 0.132 seconds
[2026-09-18T13:02:07.179+0700] {processor.py:186} INFO - Started process (PID=78630) to work on /Users/andreasanditya/Downloads/572392_Andreas_AirflowETL/code/.venv/lib/python3.9/site-packages/airflow/example_dags/example_short_circuit_decorator.py
[2026-09-18T13:02:07.180+0700] {processor.py:914} INFO - Processing file /Users/andreasanditya/Downloads/572392_Andreas_AirflowETL/code/.venv/lib/python3.9/site-packages/airflow/example_dags/example_short_circuit_decorator.py for tasks to queue
[2026-09-18T13:02:07.181+0700] {logging_mixin.py:190} INFO - [2026-09-18T13:02:07.181+0700] {dagbag.py:588} INFO - Filling up the DagBag from /Users/andreasanditya/Downloads/572392_Andreas_AirflowETL/code/.venv/lib/python3.9/site-packages/airflow/example_dags/example_short_circuit_decorator.py
[2026-09-18T13:02:07.226+0700] {processor.py:925} INFO - DAG(s) 'example_short_circuit_decorator' retrieved from /Users/andreasanditya/Downloads/572392_Andreas_AirflowETL/code/.venv/lib/python3.9/site-packages/airflow/example_dags/example_short_circuit_decorator.py
[2026-09-18T13:02:07.286+0700] {logging_mixin.py:190} INFO - [2026-09-18T13:02:07.286+0700] {dag.py:3239} INFO - Sync 1 DAGs
[2026-09-18T13:02:07.292+0700] {logging_mixin.py:190} INFO - [2026-09-18T13:02:07.292+0700] {dag.py:4180} INFO - Setting next_dagrun for example_short_circuit_decorator to None, run_after=None
[2026-09-18T13:02:07.302+0700] {processor.py:208} INFO - Processing /Users/andreasanditya/Downloads/572392_Andreas_AirflowETL/code/.venv/lib/python3.9/site-packages/airflow/example_dags/example_short_circuit_decorator.py took 0.125 seconds
[2026-09-18T13:03:33.420+0700] {processor.py:186} INFO - Started process (PID=79486) to work on /Users/andreasanditya/Downloads/572392_Andreas_AirflowETL/code/.venv/lib/python3.9/site-packages/airflow/example_dags/example_short_circuit_decorator.py
[2026-09-18T13:03:33.422+0700] {processor.py:914} INFO - Processing file /Users/andreasanditya/Downloads/572392_Andreas_AirflowETL/code/.venv/lib/python3.9/site-packages/airflow/example_dags/example_short_circuit_decorator.py for tasks to queue
[2026-09-18T13:03:33.423+0700] {logging_mixin.py:190} INFO - [2026-09-18T13:03:33.423+0700] {dagbag.py:588} INFO - Filling up the DagBag from /Users/andreasanditya/Downloads/572392_Andreas_AirflowETL/code/.venv/lib/python3.9/site-packages/airflow/example_dags/example_short_circuit_decorator.py
[2026-09-18T13:03:33.468+0700] {processor.py:925} INFO - DAG(s) 'example_short_circuit_decorator' retrieved from /Users/andreasanditya/Downloads/572392_Andreas_AirflowETL/code/.venv/lib/python3.9/site-packages/airflow/example_dags/example_short_circuit_decorator.py
[2026-09-18T13:03:33.527+0700] {logging_mixin.py:190} INFO - [2026-09-18T13:03:33.527+0700] {dag.py:3239} INFO - Sync 1 DAGs
[2026-09-18T13:03:33.533+0700] {logging_mixin.py:190} INFO - [2026-09-18T13:03:33.533+0700] {dag.py:4180} INFO - Setting next_dagrun for example_short_circuit_decorator to None, run_after=None
[2026-09-18T13:03:33.542+0700] {processor.py:208} INFO - Processing /Users/andreasanditya/Downloads/572392_Andreas_AirflowETL/code/.venv/lib/python3.9/site-packages/airflow/example_dags/example_short_circuit_decorator.py took 0.125 seconds
[2026-09-18T13:04:59.098+0700] {processor.py:186} INFO - Started process (PID=80408) to work on /Users/andreasanditya/Downloads/572392_Andreas_AirflowETL/code/.venv/lib/python3.9/site-packages/airflow/example_dags/example_short_circuit_decorator.py
[2026-09-18T13:04:59.099+0700] {processor.py:914} INFO - Processing file /Users/andreasanditya/Downloads/572392_Andreas_AirflowETL/code/.venv/lib/python3.9/site-packages/airflow/example_dags/example_short_circuit_decorator.py for tasks to queue
[2026-09-18T13:04:59.100+0700] {logging_mixin.py:190} INFO - [2026-09-18T13:04:59.100+0700] {dagbag.py:588} INFO - Filling up the DagBag from /Users/andreasanditya/Downloads/572392_Andreas_AirflowETL/code/.venv/lib/python3.9/site-packages/airflow/example_dags/example_short_circuit_decorator.py
[2026-09-18T13:04:59.151+0700] {processor.py:925} INFO - DAG(s) 'example_short_circuit_decorator' retrieved from /Users/andreasanditya/Downloads/572392_Andreas_AirflowETL/code/.venv/lib/python3.9/site-packages/airflow/example_dags/example_short_circuit_decorator.py
[2026-09-18T13:04:59.211+0700] {logging_mixin.py:190} INFO - [2026-09-18T13:04:59.211+0700] {dag.py:3239} INFO - Sync 1 DAGs
[2026-09-18T13:04:59.217+0700] {logging_mixin.py:190} INFO - [2026-09-18T13:04:59.217+0700] {dag.py:4180} INFO - Setting next_dagrun for example_short_circuit_decorator to None, run_after=None
[2026-09-18T13:04:59.227+0700] {processor.py:208} INFO - Processing /Users/andreasanditya/Downloads/572392_Andreas_AirflowETL/code/.venv/lib/python3.9/site-packages/airflow/example_dags/example_short_circuit_decorator.py took 0.131 seconds
[2026-09-18T13:06:24.251+0700] {processor.py:186} INFO - Started process (PID=81235) to work on /Users/andreasanditya/Downloads/572392_Andreas_AirflowETL/code/.venv/lib/python3.9/site-packages/airflow/example_dags/example_short_circuit_decorator.py
[2026-09-18T13:06:24.252+0700] {processor.py:914} INFO - Processing file /Users/andreasanditya/Downloads/572392_Andreas_AirflowETL/code/.venv/lib/python3.9/site-packages/airflow/example_dags/example_short_circuit_decorator.py for tasks to queue
[2026-09-18T13:06:24.253+0700] {logging_mixin.py:190} INFO - [2026-09-18T13:06:24.252+0700] {dagbag.py:588} INFO - Filling up the DagBag from /Users/andreasanditya/Downloads/572392_Andreas_AirflowETL/code/.venv/lib/python3.9/site-packages/airflow/example_dags/example_short_circuit_decorator.py
[2026-09-18T13:06:24.298+0700] {processor.py:925} INFO - DAG(s) 'example_short_circuit_decorator' retrieved from /Users/andreasanditya/Downloads/572392_Andreas_AirflowETL/code/.venv/lib/python3.9/site-packages/airflow/example_dags/example_short_circuit_decorator.py
[2026-09-18T13:06:24.358+0700] {logging_mixin.py:190} INFO - [2026-09-18T13:06:24.357+0700] {dag.py:3239} INFO - Sync 1 DAGs
[2026-09-18T13:06:24.363+0700] {logging_mixin.py:190} INFO - [2026-09-18T13:06:24.363+0700] {dag.py:4180} INFO - Setting next_dagrun for example_short_circuit_decorator to None, run_after=None
[2026-09-18T13:06:24.373+0700] {processor.py:208} INFO - Processing /Users/andreasanditya/Downloads/572392_Andreas_AirflowETL/code/.venv/lib/python3.9/site-packages/airflow/example_dags/example_short_circuit_decorator.py took 0.124 seconds
[2026-09-18T13:07:48.856+0700] {processor.py:186} INFO - Started process (PID=82160) to work on /Users/andreasanditya/Downloads/572392_Andreas_AirflowETL/code/.venv/lib/python3.9/site-packages/airflow/example_dags/example_short_circuit_decorator.py
[2026-09-18T13:07:48.857+0700] {processor.py:914} INFO - Processing file /Users/andreasanditya/Downloads/572392_Andreas_AirflowETL/code/.venv/lib/python3.9/site-packages/airflow/example_dags/example_short_circuit_decorator.py for tasks to queue
[2026-09-18T13:07:48.857+0700] {logging_mixin.py:190} INFO - [2026-09-18T13:07:48.857+0700] {dagbag.py:588} INFO - Filling up the DagBag from /Users/andreasanditya/Downloads/572392_Andreas_AirflowETL/code/.venv/lib/python3.9/site-packages/airflow/example_dags/example_short_circuit_decorator.py
[2026-09-18T13:07:48.904+0700] {processor.py:925} INFO - DAG(s) 'example_short_circuit_decorator' retrieved from /Users/andreasanditya/Downloads/572392_Andreas_AirflowETL/code/.venv/lib/python3.9/site-packages/airflow/example_dags/example_short_circuit_decorator.py
[2026-09-18T13:07:48.964+0700] {logging_mixin.py:190} INFO - [2026-09-18T13:07:48.964+0700] {dag.py:3239} INFO - Sync 1 DAGs
[2026-09-18T13:07:48.970+0700] {logging_mixin.py:190} INFO - [2026-09-18T13:07:48.970+0700] {dag.py:4180} INFO - Setting next_dagrun for example_short_circuit_decorator to None, run_after=None
[2026-09-18T13:07:48.980+0700] {processor.py:208} INFO - Processing /Users/andreasanditya/Downloads/572392_Andreas_AirflowETL/code/.venv/lib/python3.9/site-packages/airflow/example_dags/example_short_circuit_decorator.py took 0.126 seconds
[2026-09-18T13:09:12.993+0700] {processor.py:186} INFO - Started process (PID=83003) to work on /Users/andreasanditya/Downloads/572392_Andreas_AirflowETL/code/.venv/lib/python3.9/site-packages/airflow/example_dags/example_short_circuit_decorator.py
[2026-09-18T13:09:12.994+0700] {processor.py:914} INFO - Processing file /Users/andreasanditya/Downloads/572392_Andreas_AirflowETL/code/.venv/lib/python3.9/site-packages/airflow/example_dags/example_short_circuit_decorator.py for tasks to queue
[2026-09-18T13:09:12.994+0700] {logging_mixin.py:190} INFO - [2026-09-18T13:09:12.994+0700] {dagbag.py:588} INFO - Filling up the DagBag from /Users/andreasanditya/Downloads/572392_Andreas_AirflowETL/code/.venv/lib/python3.9/site-packages/airflow/example_dags/example_short_circuit_decorator.py
[2026-09-18T13:09:13.040+0700] {processor.py:925} INFO - DAG(s) 'example_short_circuit_decorator' retrieved from /Users/andreasanditya/Downloads/572392_Andreas_AirflowETL/code/.venv/lib/python3.9/site-packages/airflow/example_dags/example_short_circuit_decorator.py
[2026-09-18T13:09:13.101+0700] {logging_mixin.py:190} INFO - [2026-09-18T13:09:13.100+0700] {dag.py:3239} INFO - Sync 1 DAGs
[2026-09-18T13:09:13.106+0700] {logging_mixin.py:190} INFO - [2026-09-18T13:09:13.106+0700] {dag.py:4180} INFO - Setting next_dagrun for example_short_circuit_decorator to None, run_after=None
[2026-09-18T13:09:13.116+0700] {processor.py:208} INFO - Processing /Users/andreasanditya/Downloads/572392_Andreas_AirflowETL/code/.venv/lib/python3.9/site-packages/airflow/example_dags/example_short_circuit_decorator.py took 0.125 seconds
[2026-09-18T13:10:39.058+0700] {processor.py:186} INFO - Started process (PID=83825) to work on /Users/andreasanditya/Downloads/572392_Andreas_AirflowETL/code/.venv/lib/python3.9/site-packages/airflow/example_dags/example_short_circuit_decorator.py
[2026-09-18T13:10:39.061+0700] {processor.py:914} INFO - Processing file /Users/andreasanditya/Downloads/572392_Andreas_AirflowETL/code/.venv/lib/python3.9/site-packages/airflow/example_dags/example_short_circuit_decorator.py for tasks to queue
[2026-09-18T13:10:39.061+0700] {logging_mixin.py:190} INFO - [2026-09-18T13:10:39.061+0700] {dagbag.py:588} INFO - Filling up the DagBag from /Users/andreasanditya/Downloads/572392_Andreas_AirflowETL/code/.venv/lib/python3.9/site-packages/airflow/example_dags/example_short_circuit_decorator.py
[2026-09-18T13:10:39.108+0700] {processor.py:925} INFO - DAG(s) 'example_short_circuit_decorator' retrieved from /Users/andreasanditya/Downloads/572392_Andreas_AirflowETL/code/.venv/lib/python3.9/site-packages/airflow/example_dags/example_short_circuit_decorator.py
[2026-09-18T13:10:39.167+0700] {logging_mixin.py:190} INFO - [2026-09-18T13:10:39.167+0700] {dag.py:3239} INFO - Sync 1 DAGs
[2026-09-18T13:10:39.173+0700] {logging_mixin.py:190} INFO - [2026-09-18T13:10:39.173+0700] {dag.py:4180} INFO - Setting next_dagrun for example_short_circuit_decorator to None, run_after=None
[2026-09-18T13:10:39.184+0700] {processor.py:208} INFO - Processing /Users/andreasanditya/Downloads/572392_Andreas_AirflowETL/code/.venv/lib/python3.9/site-packages/airflow/example_dags/example_short_circuit_decorator.py took 0.128 seconds
[2026-09-18T13:12:06.131+0700] {processor.py:186} INFO - Started process (PID=84756) to work on /Users/andreasanditya/Downloads/572392_Andreas_AirflowETL/code/.venv/lib/python3.9/site-packages/airflow/example_dags/example_short_circuit_decorator.py
[2026-09-18T13:12:06.132+0700] {processor.py:914} INFO - Processing file /Users/andreasanditya/Downloads/572392_Andreas_AirflowETL/code/.venv/lib/python3.9/site-packages/airflow/example_dags/example_short_circuit_decorator.py for tasks to queue
[2026-09-18T13:12:06.133+0700] {logging_mixin.py:190} INFO - [2026-09-18T13:12:06.133+0700] {dagbag.py:588} INFO - Filling up the DagBag from /Users/andreasanditya/Downloads/572392_Andreas_AirflowETL/code/.venv/lib/python3.9/site-packages/airflow/example_dags/example_short_circuit_decorator.py
[2026-09-18T13:12:06.178+0700] {processor.py:925} INFO - DAG(s) 'example_short_circuit_decorator' retrieved from /Users/andreasanditya/Downloads/572392_Andreas_AirflowETL/code/.venv/lib/python3.9/site-packages/airflow/example_dags/example_short_circuit_decorator.py
[2026-09-18T13:12:06.239+0700] {logging_mixin.py:190} INFO - [2026-09-18T13:12:06.239+0700] {dag.py:3239} INFO - Sync 1 DAGs
[2026-09-18T13:12:06.244+0700] {logging_mixin.py:190} INFO - [2026-09-18T13:12:06.244+0700] {dag.py:4180} INFO - Setting next_dagrun for example_short_circuit_decorator to None, run_after=None
[2026-09-18T13:12:06.254+0700] {processor.py:208} INFO - Processing /Users/andreasanditya/Downloads/572392_Andreas_AirflowETL/code/.venv/lib/python3.9/site-packages/airflow/example_dags/example_short_circuit_decorator.py took 0.125 seconds
[2026-09-18T13:13:32.167+0700] {processor.py:186} INFO - Started process (PID=85589) to work on /Users/andreasanditya/Downloads/572392_Andreas_AirflowETL/code/.venv/lib/python3.9/site-packages/airflow/example_dags/example_short_circuit_decorator.py
[2026-09-18T13:13:32.168+0700] {processor.py:914} INFO - Processing file /Users/andreasanditya/Downloads/572392_Andreas_AirflowETL/code/.venv/lib/python3.9/site-packages/airflow/example_dags/example_short_circuit_decorator.py for tasks to queue
[2026-09-18T13:13:32.169+0700] {logging_mixin.py:190} INFO - [2026-09-18T13:13:32.169+0700] {dagbag.py:588} INFO - Filling up the DagBag from /Users/andreasanditya/Downloads/572392_Andreas_AirflowETL/code/.venv/lib/python3.9/site-packages/airflow/example_dags/example_short_circuit_decorator.py
[2026-09-18T13:13:32.214+0700] {processor.py:925} INFO - DAG(s) 'example_short_circuit_decorator' retrieved from /Users/andreasanditya/Downloads/572392_Andreas_AirflowETL/code/.venv/lib/python3.9/site-packages/airflow/example_dags/example_short_circuit_decorator.py
[2026-09-18T13:13:32.275+0700] {logging_mixin.py:190} INFO - [2026-09-18T13:13:32.274+0700] {dag.py:3239} INFO - Sync 1 DAGs
[2026-09-18T13:13:32.280+0700] {logging_mixin.py:190} INFO - [2026-09-18T13:13:32.280+0700] {dag.py:4180} INFO - Setting next_dagrun for example_short_circuit_decorator to None, run_after=None
[2026-09-18T13:13:32.290+0700] {processor.py:208} INFO - Processing /Users/andreasanditya/Downloads/572392_Andreas_AirflowETL/code/.venv/lib/python3.9/site-packages/airflow/example_dags/example_short_circuit_decorator.py took 0.125 seconds
[2026-09-18T13:14:57.373+0700] {processor.py:186} INFO - Started process (PID=86491) to work on /Users/andreasanditya/Downloads/572392_Andreas_AirflowETL/code/.venv/lib/python3.9/site-packages/airflow/example_dags/example_short_circuit_decorator.py
[2026-09-18T13:14:57.374+0700] {processor.py:914} INFO - Processing file /Users/andreasanditya/Downloads/572392_Andreas_AirflowETL/code/.venv/lib/python3.9/site-packages/airflow/example_dags/example_short_circuit_decorator.py for tasks to queue
[2026-09-18T13:14:57.375+0700] {logging_mixin.py:190} INFO - [2026-09-18T13:14:57.375+0700] {dagbag.py:588} INFO - Filling up the DagBag from /Users/andreasanditya/Downloads/572392_Andreas_AirflowETL/code/.venv/lib/python3.9/site-packages/airflow/example_dags/example_short_circuit_decorator.py
[2026-09-18T13:14:57.420+0700] {processor.py:925} INFO - DAG(s) 'example_short_circuit_decorator' retrieved from /Users/andreasanditya/Downloads/572392_Andreas_AirflowETL/code/.venv/lib/python3.9/site-packages/airflow/example_dags/example_short_circuit_decorator.py
[2026-09-18T13:14:57.479+0700] {logging_mixin.py:190} INFO - [2026-09-18T13:14:57.479+0700] {dag.py:3239} INFO - Sync 1 DAGs
[2026-09-18T13:14:57.485+0700] {logging_mixin.py:190} INFO - [2026-09-18T13:14:57.485+0700] {dag.py:4180} INFO - Setting next_dagrun for example_short_circuit_decorator to None, run_after=None
[2026-09-18T13:14:57.495+0700] {processor.py:208} INFO - Processing /Users/andreasanditya/Downloads/572392_Andreas_AirflowETL/code/.venv/lib/python3.9/site-packages/airflow/example_dags/example_short_circuit_decorator.py took 0.124 seconds
[2026-09-18T13:16:24.788+0700] {processor.py:186} INFO - Started process (PID=87327) to work on /Users/andreasanditya/Downloads/572392_Andreas_AirflowETL/code/.venv/lib/python3.9/site-packages/airflow/example_dags/example_short_circuit_decorator.py
[2026-09-18T13:16:24.789+0700] {processor.py:914} INFO - Processing file /Users/andreasanditya/Downloads/572392_Andreas_AirflowETL/code/.venv/lib/python3.9/site-packages/airflow/example_dags/example_short_circuit_decorator.py for tasks to queue
[2026-09-18T13:16:24.789+0700] {logging_mixin.py:190} INFO - [2026-09-18T13:16:24.789+0700] {dagbag.py:588} INFO - Filling up the DagBag from /Users/andreasanditya/Downloads/572392_Andreas_AirflowETL/code/.venv/lib/python3.9/site-packages/airflow/example_dags/example_short_circuit_decorator.py
[2026-09-18T13:16:24.835+0700] {processor.py:925} INFO - DAG(s) 'example_short_circuit_decorator' retrieved from /Users/andreasanditya/Downloads/572392_Andreas_AirflowETL/code/.venv/lib/python3.9/site-packages/airflow/example_dags/example_short_circuit_decorator.py
[2026-09-18T13:16:24.895+0700] {logging_mixin.py:190} INFO - [2026-09-18T13:16:24.895+0700] {dag.py:3239} INFO - Sync 1 DAGs
[2026-09-18T13:16:24.901+0700] {logging_mixin.py:190} INFO - [2026-09-18T13:16:24.901+0700] {dag.py:4180} INFO - Setting next_dagrun for example_short_circuit_decorator to None, run_after=None
[2026-09-18T13:16:24.910+0700] {processor.py:208} INFO - Processing /Users/andreasanditya/Downloads/572392_Andreas_AirflowETL/code/.venv/lib/python3.9/site-packages/airflow/example_dags/example_short_circuit_decorator.py took 0.125 seconds
[2026-09-18T13:17:50.651+0700] {processor.py:186} INFO - Started process (PID=88238) to work on /Users/andreasanditya/Downloads/572392_Andreas_AirflowETL/code/.venv/lib/python3.9/site-packages/airflow/example_dags/example_short_circuit_decorator.py
[2026-09-18T13:17:50.652+0700] {processor.py:914} INFO - Processing file /Users/andreasanditya/Downloads/572392_Andreas_AirflowETL/code/.venv/lib/python3.9/site-packages/airflow/example_dags/example_short_circuit_decorator.py for tasks to queue
[2026-09-18T13:17:50.653+0700] {logging_mixin.py:190} INFO - [2026-09-18T13:17:50.653+0700] {dagbag.py:588} INFO - Filling up the DagBag from /Users/andreasanditya/Downloads/572392_Andreas_AirflowETL/code/.venv/lib/python3.9/site-packages/airflow/example_dags/example_short_circuit_decorator.py
[2026-09-18T13:17:50.698+0700] {processor.py:925} INFO - DAG(s) 'example_short_circuit_decorator' retrieved from /Users/andreasanditya/Downloads/572392_Andreas_AirflowETL/code/.venv/lib/python3.9/site-packages/airflow/example_dags/example_short_circuit_decorator.py
[2026-09-18T13:17:50.758+0700] {logging_mixin.py:190} INFO - [2026-09-18T13:17:50.758+0700] {dag.py:3239} INFO - Sync 1 DAGs
[2026-09-18T13:17:50.764+0700] {logging_mixin.py:190} INFO - [2026-09-18T13:17:50.764+0700] {dag.py:4180} INFO - Setting next_dagrun for example_short_circuit_decorator to None, run_after=None
[2026-09-18T13:17:50.773+0700] {processor.py:208} INFO - Processing /Users/andreasanditya/Downloads/572392_Andreas_AirflowETL/code/.venv/lib/python3.9/site-packages/airflow/example_dags/example_short_circuit_decorator.py took 0.125 seconds
[2026-09-18T13:19:16.093+0700] {processor.py:186} INFO - Started process (PID=89079) to work on /Users/andreasanditya/Downloads/572392_Andreas_AirflowETL/code/.venv/lib/python3.9/site-packages/airflow/example_dags/example_short_circuit_decorator.py
[2026-09-18T13:19:16.096+0700] {processor.py:914} INFO - Processing file /Users/andreasanditya/Downloads/572392_Andreas_AirflowETL/code/.venv/lib/python3.9/site-packages/airflow/example_dags/example_short_circuit_decorator.py for tasks to queue
[2026-09-18T13:19:16.097+0700] {logging_mixin.py:190} INFO - [2026-09-18T13:19:16.097+0700] {dagbag.py:588} INFO - Filling up the DagBag from /Users/andreasanditya/Downloads/572392_Andreas_AirflowETL/code/.venv/lib/python3.9/site-packages/airflow/example_dags/example_short_circuit_decorator.py
[2026-09-18T13:19:16.143+0700] {processor.py:925} INFO - DAG(s) 'example_short_circuit_decorator' retrieved from /Users/andreasanditya/Downloads/572392_Andreas_AirflowETL/code/.venv/lib/python3.9/site-packages/airflow/example_dags/example_short_circuit_decorator.py
[2026-09-18T13:19:16.202+0700] {logging_mixin.py:190} INFO - [2026-09-18T13:19:16.202+0700] {dag.py:3239} INFO - Sync 1 DAGs
[2026-09-18T13:19:16.208+0700] {logging_mixin.py:190} INFO - [2026-09-18T13:19:16.208+0700] {dag.py:4180} INFO - Setting next_dagrun for example_short_circuit_decorator to None, run_after=None
[2026-09-18T13:19:16.218+0700] {processor.py:208} INFO - Processing /Users/andreasanditya/Downloads/572392_Andreas_AirflowETL/code/.venv/lib/python3.9/site-packages/airflow/example_dags/example_short_circuit_decorator.py took 0.127 seconds
[2026-09-18T13:20:40.954+0700] {processor.py:186} INFO - Started process (PID=89974) to work on /Users/andreasanditya/Downloads/572392_Andreas_AirflowETL/code/.venv/lib/python3.9/site-packages/airflow/example_dags/example_short_circuit_decorator.py
[2026-09-18T13:20:40.956+0700] {processor.py:914} INFO - Processing file /Users/andreasanditya/Downloads/572392_Andreas_AirflowETL/code/.venv/lib/python3.9/site-packages/airflow/example_dags/example_short_circuit_decorator.py for tasks to queue
[2026-09-18T13:20:40.957+0700] {logging_mixin.py:190} INFO - [2026-09-18T13:20:40.957+0700] {dagbag.py:588} INFO - Filling up the DagBag from /Users/andreasanditya/Downloads/572392_Andreas_AirflowETL/code/.venv/lib/python3.9/site-packages/airflow/example_dags/example_short_circuit_decorator.py
[2026-09-18T13:20:41.002+0700] {processor.py:925} INFO - DAG(s) 'example_short_circuit_decorator' retrieved from /Users/andreasanditya/Downloads/572392_Andreas_AirflowETL/code/.venv/lib/python3.9/site-packages/airflow/example_dags/example_short_circuit_decorator.py
[2026-09-18T13:20:41.062+0700] {logging_mixin.py:190} INFO - [2026-09-18T13:20:41.061+0700] {dag.py:3239} INFO - Sync 1 DAGs
[2026-09-18T13:20:41.067+0700] {logging_mixin.py:190} INFO - [2026-09-18T13:20:41.067+0700] {dag.py:4180} INFO - Setting next_dagrun for example_short_circuit_decorator to None, run_after=None
[2026-09-18T13:20:41.077+0700] {processor.py:208} INFO - Processing /Users/andreasanditya/Downloads/572392_Andreas_AirflowETL/code/.venv/lib/python3.9/site-packages/airflow/example_dags/example_short_circuit_decorator.py took 0.125 seconds
[2026-09-18T13:22:05.455+0700] {processor.py:186} INFO - Started process (PID=90812) to work on /Users/andreasanditya/Downloads/572392_Andreas_AirflowETL/code/.venv/lib/python3.9/site-packages/airflow/example_dags/example_short_circuit_decorator.py
[2026-09-18T13:22:05.456+0700] {processor.py:914} INFO - Processing file /Users/andreasanditya/Downloads/572392_Andreas_AirflowETL/code/.venv/lib/python3.9/site-packages/airflow/example_dags/example_short_circuit_decorator.py for tasks to queue
[2026-09-18T13:22:05.457+0700] {logging_mixin.py:190} INFO - [2026-09-18T13:22:05.457+0700] {dagbag.py:588} INFO - Filling up the DagBag from /Users/andreasanditya/Downloads/572392_Andreas_AirflowETL/code/.venv/lib/python3.9/site-packages/airflow/example_dags/example_short_circuit_decorator.py
[2026-09-18T13:22:05.502+0700] {processor.py:925} INFO - DAG(s) 'example_short_circuit_decorator' retrieved from /Users/andreasanditya/Downloads/572392_Andreas_AirflowETL/code/.venv/lib/python3.9/site-packages/airflow/example_dags/example_short_circuit_decorator.py
[2026-09-18T13:22:05.562+0700] {logging_mixin.py:190} INFO - [2026-09-18T13:22:05.562+0700] {dag.py:3239} INFO - Sync 1 DAGs
[2026-09-18T13:22:05.568+0700] {logging_mixin.py:190} INFO - [2026-09-18T13:22:05.568+0700] {dag.py:4180} INFO - Setting next_dagrun for example_short_circuit_decorator to None, run_after=None
[2026-09-18T13:22:05.578+0700] {processor.py:208} INFO - Processing /Users/andreasanditya/Downloads/572392_Andreas_AirflowETL/code/.venv/lib/python3.9/site-packages/airflow/example_dags/example_short_circuit_decorator.py took 0.125 seconds
[2026-09-18T13:23:27.359+0700] {processor.py:186} INFO - Started process (PID=91627) to work on /Users/andreasanditya/Downloads/572392_Andreas_AirflowETL/code/.venv/lib/python3.9/site-packages/airflow/example_dags/example_short_circuit_decorator.py
[2026-09-18T13:23:27.361+0700] {processor.py:914} INFO - Processing file /Users/andreasanditya/Downloads/572392_Andreas_AirflowETL/code/.venv/lib/python3.9/site-packages/airflow/example_dags/example_short_circuit_decorator.py for tasks to queue
[2026-09-18T13:23:27.361+0700] {logging_mixin.py:190} INFO - [2026-09-18T13:23:27.361+0700] {dagbag.py:588} INFO - Filling up the DagBag from /Users/andreasanditya/Downloads/572392_Andreas_AirflowETL/code/.venv/lib/python3.9/site-packages/airflow/example_dags/example_short_circuit_decorator.py
[2026-09-18T13:23:27.408+0700] {processor.py:925} INFO - DAG(s) 'example_short_circuit_decorator' retrieved from /Users/andreasanditya/Downloads/572392_Andreas_AirflowETL/code/.venv/lib/python3.9/site-packages/airflow/example_dags/example_short_circuit_decorator.py
[2026-09-18T13:23:27.469+0700] {logging_mixin.py:190} INFO - [2026-09-18T13:23:27.468+0700] {dag.py:3239} INFO - Sync 1 DAGs
[2026-09-18T13:23:27.474+0700] {logging_mixin.py:190} INFO - [2026-09-18T13:23:27.474+0700] {dag.py:4180} INFO - Setting next_dagrun for example_short_circuit_decorator to None, run_after=None
[2026-09-18T13:23:27.484+0700] {processor.py:208} INFO - Processing /Users/andreasanditya/Downloads/572392_Andreas_AirflowETL/code/.venv/lib/python3.9/site-packages/airflow/example_dags/example_short_circuit_decorator.py took 0.127 seconds
[2026-09-18T13:24:51.763+0700] {processor.py:186} INFO - Started process (PID=92590) to work on /Users/andreasanditya/Downloads/572392_Andreas_AirflowETL/code/.venv/lib/python3.9/site-packages/airflow/example_dags/example_short_circuit_decorator.py
[2026-09-18T13:24:51.764+0700] {processor.py:914} INFO - Processing file /Users/andreasanditya/Downloads/572392_Andreas_AirflowETL/code/.venv/lib/python3.9/site-packages/airflow/example_dags/example_short_circuit_decorator.py for tasks to queue
[2026-09-18T13:24:51.765+0700] {logging_mixin.py:190} INFO - [2026-09-18T13:24:51.765+0700] {dagbag.py:588} INFO - Filling up the DagBag from /Users/andreasanditya/Downloads/572392_Andreas_AirflowETL/code/.venv/lib/python3.9/site-packages/airflow/example_dags/example_short_circuit_decorator.py
[2026-09-18T13:24:51.811+0700] {processor.py:925} INFO - DAG(s) 'example_short_circuit_decorator' retrieved from /Users/andreasanditya/Downloads/572392_Andreas_AirflowETL/code/.venv/lib/python3.9/site-packages/airflow/example_dags/example_short_circuit_decorator.py
[2026-09-18T13:24:51.873+0700] {logging_mixin.py:190} INFO - [2026-09-18T13:24:51.873+0700] {dag.py:3239} INFO - Sync 1 DAGs
[2026-09-18T13:24:51.879+0700] {logging_mixin.py:190} INFO - [2026-09-18T13:24:51.879+0700] {dag.py:4180} INFO - Setting next_dagrun for example_short_circuit_decorator to None, run_after=None
[2026-09-18T13:24:51.890+0700] {processor.py:208} INFO - Processing /Users/andreasanditya/Downloads/572392_Andreas_AirflowETL/code/.venv/lib/python3.9/site-packages/airflow/example_dags/example_short_circuit_decorator.py took 0.128 seconds
[2026-09-18T13:26:17.800+0700] {processor.py:186} INFO - Started process (PID=93553) to work on /Users/andreasanditya/Downloads/572392_Andreas_AirflowETL/code/.venv/lib/python3.9/site-packages/airflow/example_dags/example_short_circuit_decorator.py
[2026-09-18T13:26:17.801+0700] {processor.py:914} INFO - Processing file /Users/andreasanditya/Downloads/572392_Andreas_AirflowETL/code/.venv/lib/python3.9/site-packages/airflow/example_dags/example_short_circuit_decorator.py for tasks to queue
[2026-09-18T13:26:17.802+0700] {logging_mixin.py:190} INFO - [2026-09-18T13:26:17.802+0700] {dagbag.py:588} INFO - Filling up the DagBag from /Users/andreasanditya/Downloads/572392_Andreas_AirflowETL/code/.venv/lib/python3.9/site-packages/airflow/example_dags/example_short_circuit_decorator.py
[2026-09-18T13:26:17.855+0700] {processor.py:925} INFO - DAG(s) 'example_short_circuit_decorator' retrieved from /Users/andreasanditya/Downloads/572392_Andreas_AirflowETL/code/.venv/lib/python3.9/site-packages/airflow/example_dags/example_short_circuit_decorator.py
[2026-09-18T13:26:17.915+0700] {logging_mixin.py:190} INFO - [2026-09-18T13:26:17.915+0700] {dag.py:3239} INFO - Sync 1 DAGs
[2026-09-18T13:26:17.921+0700] {logging_mixin.py:190} INFO - [2026-09-18T13:26:17.921+0700] {dag.py:4180} INFO - Setting next_dagrun for example_short_circuit_decorator to None, run_after=None
[2026-09-18T13:26:17.931+0700] {processor.py:208} INFO - Processing /Users/andreasanditya/Downloads/572392_Andreas_AirflowETL/code/.venv/lib/python3.9/site-packages/airflow/example_dags/example_short_circuit_decorator.py took 0.133 seconds
[2026-09-18T13:27:48.735+0700] {processor.py:186} INFO - Started process (PID=94567) to work on /Users/andreasanditya/Downloads/572392_Andreas_AirflowETL/code/.venv/lib/python3.9/site-packages/airflow/example_dags/example_short_circuit_decorator.py
[2026-09-18T13:27:48.736+0700] {processor.py:914} INFO - Processing file /Users/andreasanditya/Downloads/572392_Andreas_AirflowETL/code/.venv/lib/python3.9/site-packages/airflow/example_dags/example_short_circuit_decorator.py for tasks to queue
[2026-09-18T13:27:48.737+0700] {logging_mixin.py:190} INFO - [2026-09-18T13:27:48.737+0700] {dagbag.py:588} INFO - Filling up the DagBag from /Users/andreasanditya/Downloads/572392_Andreas_AirflowETL/code/.venv/lib/python3.9/site-packages/airflow/example_dags/example_short_circuit_decorator.py
[2026-09-18T13:27:48.787+0700] {processor.py:925} INFO - DAG(s) 'example_short_circuit_decorator' retrieved from /Users/andreasanditya/Downloads/572392_Andreas_AirflowETL/code/.venv/lib/python3.9/site-packages/airflow/example_dags/example_short_circuit_decorator.py
[2026-09-18T13:27:48.849+0700] {logging_mixin.py:190} INFO - [2026-09-18T13:27:48.849+0700] {dag.py:3239} INFO - Sync 1 DAGs
[2026-09-18T13:27:48.855+0700] {logging_mixin.py:190} INFO - [2026-09-18T13:27:48.855+0700] {dag.py:4180} INFO - Setting next_dagrun for example_short_circuit_decorator to None, run_after=None
[2026-09-18T13:27:48.866+0700] {processor.py:208} INFO - Processing /Users/andreasanditya/Downloads/572392_Andreas_AirflowETL/code/.venv/lib/python3.9/site-packages/airflow/example_dags/example_short_circuit_decorator.py took 0.133 seconds
[2026-09-18T13:29:18.196+0700] {processor.py:186} INFO - Started process (PID=95501) to work on /Users/andreasanditya/Downloads/572392_Andreas_AirflowETL/code/.venv/lib/python3.9/site-packages/airflow/example_dags/example_short_circuit_decorator.py
[2026-09-18T13:29:18.197+0700] {processor.py:914} INFO - Processing file /Users/andreasanditya/Downloads/572392_Andreas_AirflowETL/code/.venv/lib/python3.9/site-packages/airflow/example_dags/example_short_circuit_decorator.py for tasks to queue
[2026-09-18T13:29:18.198+0700] {logging_mixin.py:190} INFO - [2026-09-18T13:29:18.198+0700] {dagbag.py:588} INFO - Filling up the DagBag from /Users/andreasanditya/Downloads/572392_Andreas_AirflowETL/code/.venv/lib/python3.9/site-packages/airflow/example_dags/example_short_circuit_decorator.py
[2026-09-18T13:29:18.247+0700] {processor.py:925} INFO - DAG(s) 'example_short_circuit_decorator' retrieved from /Users/andreasanditya/Downloads/572392_Andreas_AirflowETL/code/.venv/lib/python3.9/site-packages/airflow/example_dags/example_short_circuit_decorator.py
[2026-09-18T13:29:18.307+0700] {logging_mixin.py:190} INFO - [2026-09-18T13:29:18.307+0700] {dag.py:3239} INFO - Sync 1 DAGs
[2026-09-18T13:29:18.314+0700] {logging_mixin.py:190} INFO - [2026-09-18T13:29:18.314+0700] {dag.py:4180} INFO - Setting next_dagrun for example_short_circuit_decorator to None, run_after=None
[2026-09-18T13:29:18.325+0700] {processor.py:208} INFO - Processing /Users/andreasanditya/Downloads/572392_Andreas_AirflowETL/code/.venv/lib/python3.9/site-packages/airflow/example_dags/example_short_circuit_decorator.py took 0.131 seconds
[2026-09-18T13:30:48.546+0700] {processor.py:186} INFO - Started process (PID=96618) to work on /Users/andreasanditya/Downloads/572392_Andreas_AirflowETL/code/.venv/lib/python3.9/site-packages/airflow/example_dags/example_short_circuit_decorator.py
[2026-09-18T13:30:48.547+0700] {processor.py:914} INFO - Processing file /Users/andreasanditya/Downloads/572392_Andreas_AirflowETL/code/.venv/lib/python3.9/site-packages/airflow/example_dags/example_short_circuit_decorator.py for tasks to queue
[2026-09-18T13:30:48.547+0700] {logging_mixin.py:190} INFO - [2026-09-18T13:30:48.547+0700] {dagbag.py:588} INFO - Filling up the DagBag from /Users/andreasanditya/Downloads/572392_Andreas_AirflowETL/code/.venv/lib/python3.9/site-packages/airflow/example_dags/example_short_circuit_decorator.py
[2026-09-18T13:30:48.596+0700] {processor.py:925} INFO - DAG(s) 'example_short_circuit_decorator' retrieved from /Users/andreasanditya/Downloads/572392_Andreas_AirflowETL/code/.venv/lib/python3.9/site-packages/airflow/example_dags/example_short_circuit_decorator.py
[2026-09-18T13:30:48.656+0700] {logging_mixin.py:190} INFO - [2026-09-18T13:30:48.656+0700] {dag.py:3239} INFO - Sync 1 DAGs
[2026-09-18T13:30:48.662+0700] {logging_mixin.py:190} INFO - [2026-09-18T13:30:48.662+0700] {dag.py:4180} INFO - Setting next_dagrun for example_short_circuit_decorator to None, run_after=None
[2026-09-18T13:30:48.672+0700] {processor.py:208} INFO - Processing /Users/andreasanditya/Downloads/572392_Andreas_AirflowETL/code/.venv/lib/python3.9/site-packages/airflow/example_dags/example_short_circuit_decorator.py took 0.128 seconds
[2026-09-18T13:32:17.843+0700] {processor.py:186} INFO - Started process (PID=97506) to work on /Users/andreasanditya/Downloads/572392_Andreas_AirflowETL/code/.venv/lib/python3.9/site-packages/airflow/example_dags/example_short_circuit_decorator.py
[2026-09-18T13:32:17.844+0700] {processor.py:914} INFO - Processing file /Users/andreasanditya/Downloads/572392_Andreas_AirflowETL/code/.venv/lib/python3.9/site-packages/airflow/example_dags/example_short_circuit_decorator.py for tasks to queue
[2026-09-18T13:32:17.845+0700] {logging_mixin.py:190} INFO - [2026-09-18T13:32:17.845+0700] {dagbag.py:588} INFO - Filling up the DagBag from /Users/andreasanditya/Downloads/572392_Andreas_AirflowETL/code/.venv/lib/python3.9/site-packages/airflow/example_dags/example_short_circuit_decorator.py
[2026-09-18T13:32:17.892+0700] {processor.py:925} INFO - DAG(s) 'example_short_circuit_decorator' retrieved from /Users/andreasanditya/Downloads/572392_Andreas_AirflowETL/code/.venv/lib/python3.9/site-packages/airflow/example_dags/example_short_circuit_decorator.py
[2026-09-18T13:32:17.952+0700] {logging_mixin.py:190} INFO - [2026-09-18T13:32:17.952+0700] {dag.py:3239} INFO - Sync 1 DAGs
[2026-09-18T13:32:17.958+0700] {logging_mixin.py:190} INFO - [2026-09-18T13:32:17.958+0700] {dag.py:4180} INFO - Setting next_dagrun for example_short_circuit_decorator to None, run_after=None
[2026-09-18T13:32:17.967+0700] {processor.py:208} INFO - Processing /Users/andreasanditya/Downloads/572392_Andreas_AirflowETL/code/.venv/lib/python3.9/site-packages/airflow/example_dags/example_short_circuit_decorator.py took 0.126 seconds
[2026-09-18T13:33:44.712+0700] {processor.py:186} INFO - Started process (PID=98432) to work on /Users/andreasanditya/Downloads/572392_Andreas_AirflowETL/code/.venv/lib/python3.9/site-packages/airflow/example_dags/example_short_circuit_decorator.py
[2026-09-18T13:33:44.713+0700] {processor.py:914} INFO - Processing file /Users/andreasanditya/Downloads/572392_Andreas_AirflowETL/code/.venv/lib/python3.9/site-packages/airflow/example_dags/example_short_circuit_decorator.py for tasks to queue
[2026-09-18T13:33:44.714+0700] {logging_mixin.py:190} INFO - [2026-09-18T13:33:44.714+0700] {dagbag.py:588} INFO - Filling up the DagBag from /Users/andreasanditya/Downloads/572392_Andreas_AirflowETL/code/.venv/lib/python3.9/site-packages/airflow/example_dags/example_short_circuit_decorator.py
[2026-09-18T13:33:44.760+0700] {processor.py:925} INFO - DAG(s) 'example_short_circuit_decorator' retrieved from /Users/andreasanditya/Downloads/572392_Andreas_AirflowETL/code/.venv/lib/python3.9/site-packages/airflow/example_dags/example_short_circuit_decorator.py
[2026-09-18T13:33:44.820+0700] {logging_mixin.py:190} INFO - [2026-09-18T13:33:44.820+0700] {dag.py:3239} INFO - Sync 1 DAGs
[2026-09-18T13:33:44.826+0700] {logging_mixin.py:190} INFO - [2026-09-18T13:33:44.826+0700] {dag.py:4180} INFO - Setting next_dagrun for example_short_circuit_decorator to None, run_after=None
[2026-09-18T13:33:44.835+0700] {processor.py:208} INFO - Processing /Users/andreasanditya/Downloads/572392_Andreas_AirflowETL/code/.venv/lib/python3.9/site-packages/airflow/example_dags/example_short_circuit_decorator.py took 0.125 seconds
[2026-09-18T13:35:13.505+0700] {processor.py:186} INFO - Started process (PID=99372) to work on /Users/andreasanditya/Downloads/572392_Andreas_AirflowETL/code/.venv/lib/python3.9/site-packages/airflow/example_dags/example_short_circuit_decorator.py
[2026-09-18T13:35:13.506+0700] {processor.py:914} INFO - Processing file /Users/andreasanditya/Downloads/572392_Andreas_AirflowETL/code/.venv/lib/python3.9/site-packages/airflow/example_dags/example_short_circuit_decorator.py for tasks to queue
[2026-09-18T13:35:13.506+0700] {logging_mixin.py:190} INFO - [2026-09-18T13:35:13.506+0700] {dagbag.py:588} INFO - Filling up the DagBag from /Users/andreasanditya/Downloads/572392_Andreas_AirflowETL/code/.venv/lib/python3.9/site-packages/airflow/example_dags/example_short_circuit_decorator.py
[2026-09-18T13:35:13.554+0700] {processor.py:925} INFO - DAG(s) 'example_short_circuit_decorator' retrieved from /Users/andreasanditya/Downloads/572392_Andreas_AirflowETL/code/.venv/lib/python3.9/site-packages/airflow/example_dags/example_short_circuit_decorator.py
[2026-09-18T13:35:13.616+0700] {logging_mixin.py:190} INFO - [2026-09-18T13:35:13.616+0700] {dag.py:3239} INFO - Sync 1 DAGs
[2026-09-18T13:35:13.622+0700] {logging_mixin.py:190} INFO - [2026-09-18T13:35:13.622+0700] {dag.py:4180} INFO - Setting next_dagrun for example_short_circuit_decorator to None, run_after=None
[2026-09-18T13:35:13.631+0700] {processor.py:208} INFO - Processing /Users/andreasanditya/Downloads/572392_Andreas_AirflowETL/code/.venv/lib/python3.9/site-packages/airflow/example_dags/example_short_circuit_decorator.py took 0.129 seconds
[2026-09-18T13:36:40.088+0700] {processor.py:186} INFO - Started process (PID=310) to work on /Users/andreasanditya/Downloads/572392_Andreas_AirflowETL/code/.venv/lib/python3.9/site-packages/airflow/example_dags/example_short_circuit_decorator.py
[2026-09-18T13:36:40.089+0700] {processor.py:914} INFO - Processing file /Users/andreasanditya/Downloads/572392_Andreas_AirflowETL/code/.venv/lib/python3.9/site-packages/airflow/example_dags/example_short_circuit_decorator.py for tasks to queue
[2026-09-18T13:36:40.090+0700] {logging_mixin.py:190} INFO - [2026-09-18T13:36:40.090+0700] {dagbag.py:588} INFO - Filling up the DagBag from /Users/andreasanditya/Downloads/572392_Andreas_AirflowETL/code/.venv/lib/python3.9/site-packages/airflow/example_dags/example_short_circuit_decorator.py
[2026-09-18T13:36:40.145+0700] {processor.py:925} INFO - DAG(s) 'example_short_circuit_decorator' retrieved from /Users/andreasanditya/Downloads/572392_Andreas_AirflowETL/code/.venv/lib/python3.9/site-packages/airflow/example_dags/example_short_circuit_decorator.py
[2026-09-18T13:36:40.211+0700] {logging_mixin.py:190} INFO - [2026-09-18T13:36:40.211+0700] {dag.py:3239} INFO - Sync 1 DAGs
[2026-09-18T13:36:40.219+0700] {logging_mixin.py:190} INFO - [2026-09-18T13:36:40.219+0700] {dag.py:4180} INFO - Setting next_dagrun for example_short_circuit_decorator to None, run_after=None
[2026-09-18T13:36:40.230+0700] {processor.py:208} INFO - Processing /Users/andreasanditya/Downloads/572392_Andreas_AirflowETL/code/.venv/lib/python3.9/site-packages/airflow/example_dags/example_short_circuit_decorator.py took 0.145 seconds
[2026-09-18T13:38:07.091+0700] {processor.py:186} INFO - Started process (PID=1419) to work on /Users/andreasanditya/Downloads/572392_Andreas_AirflowETL/code/.venv/lib/python3.9/site-packages/airflow/example_dags/example_short_circuit_decorator.py
[2026-09-18T13:38:07.092+0700] {processor.py:914} INFO - Processing file /Users/andreasanditya/Downloads/572392_Andreas_AirflowETL/code/.venv/lib/python3.9/site-packages/airflow/example_dags/example_short_circuit_decorator.py for tasks to queue
[2026-09-18T13:38:07.093+0700] {logging_mixin.py:190} INFO - [2026-09-18T13:38:07.093+0700] {dagbag.py:588} INFO - Filling up the DagBag from /Users/andreasanditya/Downloads/572392_Andreas_AirflowETL/code/.venv/lib/python3.9/site-packages/airflow/example_dags/example_short_circuit_decorator.py
[2026-09-18T13:38:07.140+0700] {processor.py:925} INFO - DAG(s) 'example_short_circuit_decorator' retrieved from /Users/andreasanditya/Downloads/572392_Andreas_AirflowETL/code/.venv/lib/python3.9/site-packages/airflow/example_dags/example_short_circuit_decorator.py
[2026-09-18T13:38:07.200+0700] {logging_mixin.py:190} INFO - [2026-09-18T13:38:07.200+0700] {dag.py:3239} INFO - Sync 1 DAGs
[2026-09-18T13:38:07.206+0700] {logging_mixin.py:190} INFO - [2026-09-18T13:38:07.206+0700] {dag.py:4180} INFO - Setting next_dagrun for example_short_circuit_decorator to None, run_after=None
[2026-09-18T13:38:07.216+0700] {processor.py:208} INFO - Processing /Users/andreasanditya/Downloads/572392_Andreas_AirflowETL/code/.venv/lib/python3.9/site-packages/airflow/example_dags/example_short_circuit_decorator.py took 0.127 seconds
