[2026-09-18T11:17:07.911+0700] {processor.py:186} INFO - Started process (PID=10454) to work on /Users/andreasanditya/Downloads/572392_Andreas_AirflowETL/code/.venv/lib/python3.9/site-packages/airflow/example_dags/example_task_group_decorator.py
[2026-09-18T11:17:07.912+0700] {processor.py:914} INFO - Processing file /Users/andreasanditya/Downloads/572392_Andreas_AirflowETL/code/.venv/lib/python3.9/site-packages/airflow/example_dags/example_task_group_decorator.py for tasks to queue
[2026-09-18T11:17:07.913+0700] {logging_mixin.py:190} INFO - [2026-09-18T11:17:07.913+0700] {dagbag.py:588} INFO - Filling up the DagBag from /Users/andreasanditya/Downloads/572392_Andreas_AirflowETL/code/.venv/lib/python3.9/site-packages/airflow/example_dags/example_task_group_decorator.py
[2026-09-18T11:17:07.965+0700] {processor.py:925} INFO - DAG(s) 'example_task_group_decorator' retrieved from /Users/andreasanditya/Downloads/572392_Andreas_AirflowETL/code/.venv/lib/python3.9/site-packages/airflow/example_dags/example_task_group_decorator.py
[2026-09-18T11:17:08.074+0700] {logging_mixin.py:190} INFO - [2026-09-18T11:17:08.073+0700] {override.py:1912} INFO - Created Permission View: can edit on DAG:example_task_group_decorator
[2026-09-18T11:17:08.079+0700] {logging_mixin.py:190} INFO - [2026-09-18T11:17:08.079+0700] {override.py:1912} INFO - Created Permission View: can read on DAG:example_task_group_decorator
[2026-09-18T11:17:08.082+0700] {logging_mixin.py:190} INFO - [2026-09-18T11:17:08.082+0700] {override.py:1912} INFO - Created Permission View: can delete on DAG:example_task_group_decorator
[2026-09-18T11:17:08.086+0700] {logging_mixin.py:190} INFO - [2026-09-18T11:17:08.086+0700] {override.py:1912} INFO - Created Permission View: can create on DAG Run:example_task_group_decorator
[2026-09-18T11:17:08.088+0700] {logging_mixin.py:190} INFO - [2026-09-18T11:17:08.088+0700] {override.py:1912} INFO - Created Permission View: can read on DAG Run:example_task_group_decorator
[2026-09-18T11:17:08.091+0700] {logging_mixin.py:190} INFO - [2026-09-18T11:17:08.091+0700] {override.py:1912} INFO - Created Permission View: can delete on DAG Run:example_task_group_decorator
[2026-09-18T11:17:08.094+0700] {logging_mixin.py:190} INFO - [2026-09-18T11:17:08.094+0700] {override.py:1912} INFO - Created Permission View: menu access on DAG Run:example_task_group_decorator
[2026-09-18T11:17:08.094+0700] {logging_mixin.py:190} INFO - [2026-09-18T11:17:08.094+0700] {dag.py:3239} INFO - Sync 1 DAGs
[2026-09-18T11:17:08.101+0700] {logging_mixin.py:190} INFO - [2026-09-18T11:17:08.101+0700] {dag.py:3262} INFO - Creating ORM DAG for example_task_group_decorator
[2026-09-18T11:17:08.101+0700] {logging_mixin.py:190} INFO - [2026-09-18T11:17:08.101+0700] {dag.py:4180} INFO - Setting next_dagrun for example_task_group_decorator to None, run_after=None
[2026-09-18T11:17:08.110+0700] {processor.py:208} INFO - Processing /Users/andreasanditya/Downloads/572392_Andreas_AirflowETL/code/.venv/lib/python3.9/site-packages/airflow/example_dags/example_task_group_decorator.py took 0.200 seconds
[2026-09-18T11:19:24.690+0700] {processor.py:186} INFO - Started process (PID=11965) to work on /Users/andreasanditya/Downloads/572392_Andreas_AirflowETL/code/.venv/lib/python3.9/site-packages/airflow/example_dags/example_task_group_decorator.py
[2026-09-18T11:19:24.691+0700] {processor.py:914} INFO - Processing file /Users/andreasanditya/Downloads/572392_Andreas_AirflowETL/code/.venv/lib/python3.9/site-packages/airflow/example_dags/example_task_group_decorator.py for tasks to queue
[2026-09-18T11:19:24.692+0700] {logging_mixin.py:190} INFO - [2026-09-18T11:19:24.692+0700] {dagbag.py:588} INFO - Filling up the DagBag from /Users/andreasanditya/Downloads/572392_Andreas_AirflowETL/code/.venv/lib/python3.9/site-packages/airflow/example_dags/example_task_group_decorator.py
[2026-09-18T11:19:24.744+0700] {processor.py:925} INFO - DAG(s) 'example_task_group_decorator' retrieved from /Users/andreasanditya/Downloads/572392_Andreas_AirflowETL/code/.venv/lib/python3.9/site-packages/airflow/example_dags/example_task_group_decorator.py
[2026-09-18T11:19:24.808+0700] {logging_mixin.py:190} INFO - [2026-09-18T11:19:24.808+0700] {dag.py:3239} INFO - Sync 1 DAGs
[2026-09-18T11:19:24.814+0700] {logging_mixin.py:190} INFO - [2026-09-18T11:19:24.814+0700] {dag.py:4180} INFO - Setting next_dagrun for example_task_group_decorator to None, run_after=None
[2026-09-18T11:19:24.825+0700] {processor.py:208} INFO - Processing /Users/andreasanditya/Downloads/572392_Andreas_AirflowETL/code/.venv/lib/python3.9/site-packages/airflow/example_dags/example_task_group_decorator.py took 0.137 seconds
[2026-09-18T11:20:57.756+0700] {processor.py:186} INFO - Started process (PID=12936) to work on /Users/andreasanditya/Downloads/572392_Andreas_AirflowETL/code/.venv/lib/python3.9/site-packages/airflow/example_dags/example_task_group_decorator.py
[2026-09-18T11:20:57.757+0700] {processor.py:914} INFO - Processing file /Users/andreasanditya/Downloads/572392_Andreas_AirflowETL/code/.venv/lib/python3.9/site-packages/airflow/example_dags/example_task_group_decorator.py for tasks to queue
[2026-09-18T11:20:57.757+0700] {logging_mixin.py:190} INFO - [2026-09-18T11:20:57.757+0700] {dagbag.py:588} INFO - Filling up the DagBag from /Users/andreasanditya/Downloads/572392_Andreas_AirflowETL/code/.venv/lib/python3.9/site-packages/airflow/example_dags/example_task_group_decorator.py
[2026-09-18T11:20:57.811+0700] {processor.py:925} INFO - DAG(s) 'example_task_group_decorator' retrieved from /Users/andreasanditya/Downloads/572392_Andreas_AirflowETL/code/.venv/lib/python3.9/site-packages/airflow/example_dags/example_task_group_decorator.py
[2026-09-18T11:20:57.874+0700] {logging_mixin.py:190} INFO - [2026-09-18T11:20:57.874+0700] {dag.py:3239} INFO - Sync 1 DAGs
[2026-09-18T11:20:57.880+0700] {logging_mixin.py:190} INFO - [2026-09-18T11:20:57.880+0700] {dag.py:4180} INFO - Setting next_dagrun for example_task_group_decorator to None, run_after=None
[2026-09-18T11:20:57.891+0700] {processor.py:208} INFO - Processing /Users/andreasanditya/Downloads/572392_Andreas_AirflowETL/code/.venv/lib/python3.9/site-packages/airflow/example_dags/example_task_group_decorator.py took 0.137 seconds
[2026-09-18T11:22:57.306+0700] {processor.py:186} INFO - Started process (PID=14279) to work on /Users/andreasanditya/Downloads/572392_Andreas_AirflowETL/code/.venv/lib/python3.9/site-packages/airflow/example_dags/example_task_group_decorator.py
[2026-09-18T11:22:57.307+0700] {processor.py:914} INFO - Processing file /Users/andreasanditya/Downloads/572392_Andreas_AirflowETL/code/.venv/lib/python3.9/site-packages/airflow/example_dags/example_task_group_decorator.py for tasks to queue
[2026-09-18T11:22:57.307+0700] {logging_mixin.py:190} INFO - [2026-09-18T11:22:57.307+0700] {dagbag.py:588} INFO - Filling up the DagBag from /Users/andreasanditya/Downloads/572392_Andreas_AirflowETL/code/.venv/lib/python3.9/site-packages/airflow/example_dags/example_task_group_decorator.py
[2026-09-18T11:22:57.359+0700] {processor.py:925} INFO - DAG(s) 'example_task_group_decorator' retrieved from /Users/andreasanditya/Downloads/572392_Andreas_AirflowETL/code/.venv/lib/python3.9/site-packages/airflow/example_dags/example_task_group_decorator.py
[2026-09-18T11:22:57.432+0700] {logging_mixin.py:190} INFO - [2026-09-18T11:22:57.432+0700] {dag.py:3239} INFO - Sync 1 DAGs
[2026-09-18T11:22:57.440+0700] {logging_mixin.py:190} INFO - [2026-09-18T11:22:57.440+0700] {dag.py:4180} INFO - Setting next_dagrun for example_task_group_decorator to None, run_after=None
[2026-09-18T11:22:57.453+0700] {processor.py:208} INFO - Processing /Users/andreasanditya/Downloads/572392_Andreas_AirflowETL/code/.venv/lib/python3.9/site-packages/airflow/example_dags/example_task_group_decorator.py took 0.149 seconds
[2026-09-18T11:24:23.187+0700] {processor.py:186} INFO - Started process (PID=15240) to work on /Users/andreasanditya/Downloads/572392_Andreas_AirflowETL/code/.venv/lib/python3.9/site-packages/airflow/example_dags/example_task_group_decorator.py
[2026-09-18T11:24:23.188+0700] {processor.py:914} INFO - Processing file /Users/andreasanditya/Downloads/572392_Andreas_AirflowETL/code/.venv/lib/python3.9/site-packages/airflow/example_dags/example_task_group_decorator.py for tasks to queue
[2026-09-18T11:24:23.188+0700] {logging_mixin.py:190} INFO - [2026-09-18T11:24:23.188+0700] {dagbag.py:588} INFO - Filling up the DagBag from /Users/andreasanditya/Downloads/572392_Andreas_AirflowETL/code/.venv/lib/python3.9/site-packages/airflow/example_dags/example_task_group_decorator.py
[2026-09-18T11:24:23.241+0700] {processor.py:925} INFO - DAG(s) 'example_task_group_decorator' retrieved from /Users/andreasanditya/Downloads/572392_Andreas_AirflowETL/code/.venv/lib/python3.9/site-packages/airflow/example_dags/example_task_group_decorator.py
[2026-09-18T11:24:23.303+0700] {logging_mixin.py:190} INFO - [2026-09-18T11:24:23.303+0700] {dag.py:3239} INFO - Sync 1 DAGs
[2026-09-18T11:24:23.309+0700] {logging_mixin.py:190} INFO - [2026-09-18T11:24:23.309+0700] {dag.py:4180} INFO - Setting next_dagrun for example_task_group_decorator to None, run_after=None
[2026-09-18T11:24:23.319+0700] {processor.py:208} INFO - Processing /Users/andreasanditya/Downloads/572392_Andreas_AirflowETL/code/.venv/lib/python3.9/site-packages/airflow/example_dags/example_task_group_decorator.py took 0.134 seconds
[2026-09-18T11:26:27.002+0700] {processor.py:186} INFO - Started process (PID=16484) to work on /Users/andreasanditya/Downloads/572392_Andreas_AirflowETL/code/.venv/lib/python3.9/site-packages/airflow/example_dags/example_task_group_decorator.py
[2026-09-18T11:26:27.005+0700] {processor.py:914} INFO - Processing file /Users/andreasanditya/Downloads/572392_Andreas_AirflowETL/code/.venv/lib/python3.9/site-packages/airflow/example_dags/example_task_group_decorator.py for tasks to queue
[2026-09-18T11:26:27.005+0700] {logging_mixin.py:190} INFO - [2026-09-18T11:26:27.005+0700] {dagbag.py:588} INFO - Filling up the DagBag from /Users/andreasanditya/Downloads/572392_Andreas_AirflowETL/code/.venv/lib/python3.9/site-packages/airflow/example_dags/example_task_group_decorator.py
[2026-09-18T11:26:27.057+0700] {processor.py:925} INFO - DAG(s) 'example_task_group_decorator' retrieved from /Users/andreasanditya/Downloads/572392_Andreas_AirflowETL/code/.venv/lib/python3.9/site-packages/airflow/example_dags/example_task_group_decorator.py
[2026-09-18T11:26:27.124+0700] {logging_mixin.py:190} INFO - [2026-09-18T11:26:27.124+0700] {dag.py:3239} INFO - Sync 1 DAGs
[2026-09-18T11:26:27.130+0700] {logging_mixin.py:190} INFO - [2026-09-18T11:26:27.130+0700] {dag.py:4180} INFO - Setting next_dagrun for example_task_group_decorator to None, run_after=None
[2026-09-18T11:26:27.140+0700] {processor.py:208} INFO - Processing /Users/andreasanditya/Downloads/572392_Andreas_AirflowETL/code/.venv/lib/python3.9/site-packages/airflow/example_dags/example_task_group_decorator.py took 0.140 seconds
[2026-09-18T11:27:59.285+0700] {processor.py:186} INFO - Started process (PID=17393) to work on /Users/andreasanditya/Downloads/572392_Andreas_AirflowETL/code/.venv/lib/python3.9/site-packages/airflow/example_dags/example_task_group_decorator.py
[2026-09-18T11:27:59.286+0700] {processor.py:914} INFO - Processing file /Users/andreasanditya/Downloads/572392_Andreas_AirflowETL/code/.venv/lib/python3.9/site-packages/airflow/example_dags/example_task_group_decorator.py for tasks to queue
[2026-09-18T11:27:59.286+0700] {logging_mixin.py:190} INFO - [2026-09-18T11:27:59.286+0700] {dagbag.py:588} INFO - Filling up the DagBag from /Users/andreasanditya/Downloads/572392_Andreas_AirflowETL/code/.venv/lib/python3.9/site-packages/airflow/example_dags/example_task_group_decorator.py
[2026-09-18T11:27:59.336+0700] {processor.py:925} INFO - DAG(s) 'example_task_group_decorator' retrieved from /Users/andreasanditya/Downloads/572392_Andreas_AirflowETL/code/.venv/lib/python3.9/site-packages/airflow/example_dags/example_task_group_decorator.py
[2026-09-18T11:27:59.399+0700] {logging_mixin.py:190} INFO - [2026-09-18T11:27:59.399+0700] {dag.py:3239} INFO - Sync 1 DAGs
[2026-09-18T11:27:59.405+0700] {logging_mixin.py:190} INFO - [2026-09-18T11:27:59.405+0700] {dag.py:4180} INFO - Setting next_dagrun for example_task_group_decorator to None, run_after=None
[2026-09-18T11:27:59.415+0700] {processor.py:208} INFO - Processing /Users/andreasanditya/Downloads/572392_Andreas_AirflowETL/code/.venv/lib/python3.9/site-packages/airflow/example_dags/example_task_group_decorator.py took 0.133 seconds
[2026-09-18T11:29:28.642+0700] {processor.py:186} INFO - Started process (PID=18331) to work on /Users/andreasanditya/Downloads/572392_Andreas_AirflowETL/code/.venv/lib/python3.9/site-packages/airflow/example_dags/example_task_group_decorator.py
[2026-09-18T11:29:28.643+0700] {processor.py:914} INFO - Processing file /Users/andreasanditya/Downloads/572392_Andreas_AirflowETL/code/.venv/lib/python3.9/site-packages/airflow/example_dags/example_task_group_decorator.py for tasks to queue
[2026-09-18T11:29:28.644+0700] {logging_mixin.py:190} INFO - [2026-09-18T11:29:28.644+0700] {dagbag.py:588} INFO - Filling up the DagBag from /Users/andreasanditya/Downloads/572392_Andreas_AirflowETL/code/.venv/lib/python3.9/site-packages/airflow/example_dags/example_task_group_decorator.py
[2026-09-18T11:29:28.697+0700] {processor.py:925} INFO - DAG(s) 'example_task_group_decorator' retrieved from /Users/andreasanditya/Downloads/572392_Andreas_AirflowETL/code/.venv/lib/python3.9/site-packages/airflow/example_dags/example_task_group_decorator.py
[2026-09-18T11:29:28.759+0700] {logging_mixin.py:190} INFO - [2026-09-18T11:29:28.759+0700] {dag.py:3239} INFO - Sync 1 DAGs
[2026-09-18T11:29:28.765+0700] {logging_mixin.py:190} INFO - [2026-09-18T11:29:28.765+0700] {dag.py:4180} INFO - Setting next_dagrun for example_task_group_decorator to None, run_after=None
[2026-09-18T11:29:28.775+0700] {processor.py:208} INFO - Processing /Users/andreasanditya/Downloads/572392_Andreas_AirflowETL/code/.venv/lib/python3.9/site-packages/airflow/example_dags/example_task_group_decorator.py took 0.135 seconds
[2026-09-18T11:30:57.507+0700] {processor.py:186} INFO - Started process (PID=19289) to work on /Users/andreasanditya/Downloads/572392_Andreas_AirflowETL/code/.venv/lib/python3.9/site-packages/airflow/example_dags/example_task_group_decorator.py
[2026-09-18T11:30:57.508+0700] {processor.py:914} INFO - Processing file /Users/andreasanditya/Downloads/572392_Andreas_AirflowETL/code/.venv/lib/python3.9/site-packages/airflow/example_dags/example_task_group_decorator.py for tasks to queue
[2026-09-18T11:30:57.509+0700] {logging_mixin.py:190} INFO - [2026-09-18T11:30:57.509+0700] {dagbag.py:588} INFO - Filling up the DagBag from /Users/andreasanditya/Downloads/572392_Andreas_AirflowETL/code/.venv/lib/python3.9/site-packages/airflow/example_dags/example_task_group_decorator.py
[2026-09-18T11:30:57.565+0700] {processor.py:925} INFO - DAG(s) 'example_task_group_decorator' retrieved from /Users/andreasanditya/Downloads/572392_Andreas_AirflowETL/code/.venv/lib/python3.9/site-packages/airflow/example_dags/example_task_group_decorator.py
[2026-09-18T11:30:57.629+0700] {logging_mixin.py:190} INFO - [2026-09-18T11:30:57.629+0700] {dag.py:3239} INFO - Sync 1 DAGs
[2026-09-18T11:30:57.635+0700] {logging_mixin.py:190} INFO - [2026-09-18T11:30:57.635+0700] {dag.py:4180} INFO - Setting next_dagrun for example_task_group_decorator to None, run_after=None
[2026-09-18T11:30:57.645+0700] {processor.py:208} INFO - Processing /Users/andreasanditya/Downloads/572392_Andreas_AirflowETL/code/.venv/lib/python3.9/site-packages/airflow/example_dags/example_task_group_decorator.py took 0.140 seconds
[2026-09-18T11:32:26.699+0700] {processor.py:186} INFO - Started process (PID=20199) to work on /Users/andreasanditya/Downloads/572392_Andreas_AirflowETL/code/.venv/lib/python3.9/site-packages/airflow/example_dags/example_task_group_decorator.py
[2026-09-18T11:32:26.700+0700] {processor.py:914} INFO - Processing file /Users/andreasanditya/Downloads/572392_Andreas_AirflowETL/code/.venv/lib/python3.9/site-packages/airflow/example_dags/example_task_group_decorator.py for tasks to queue
[2026-09-18T11:32:26.701+0700] {logging_mixin.py:190} INFO - [2026-09-18T11:32:26.701+0700] {dagbag.py:588} INFO - Filling up the DagBag from /Users/andreasanditya/Downloads/572392_Andreas_AirflowETL/code/.venv/lib/python3.9/site-packages/airflow/example_dags/example_task_group_decorator.py
[2026-09-18T11:32:26.755+0700] {processor.py:925} INFO - DAG(s) 'example_task_group_decorator' retrieved from /Users/andreasanditya/Downloads/572392_Andreas_AirflowETL/code/.venv/lib/python3.9/site-packages/airflow/example_dags/example_task_group_decorator.py
[2026-09-18T11:32:26.818+0700] {logging_mixin.py:190} INFO - [2026-09-18T11:32:26.818+0700] {dag.py:3239} INFO - Sync 1 DAGs
[2026-09-18T11:32:26.824+0700] {logging_mixin.py:190} INFO - [2026-09-18T11:32:26.823+0700] {dag.py:4180} INFO - Setting next_dagrun for example_task_group_decorator to None, run_after=None
[2026-09-18T11:32:26.834+0700] {processor.py:208} INFO - Processing /Users/andreasanditya/Downloads/572392_Andreas_AirflowETL/code/.venv/lib/python3.9/site-packages/airflow/example_dags/example_task_group_decorator.py took 0.137 seconds
[2026-09-18T11:33:54.106+0700] {processor.py:186} INFO - Started process (PID=21138) to work on /Users/andreasanditya/Downloads/572392_Andreas_AirflowETL/code/.venv/lib/python3.9/site-packages/airflow/example_dags/example_task_group_decorator.py
[2026-09-18T11:33:54.107+0700] {processor.py:914} INFO - Processing file /Users/andreasanditya/Downloads/572392_Andreas_AirflowETL/code/.venv/lib/python3.9/site-packages/airflow/example_dags/example_task_group_decorator.py for tasks to queue
[2026-09-18T11:33:54.108+0700] {logging_mixin.py:190} INFO - [2026-09-18T11:33:54.108+0700] {dagbag.py:588} INFO - Filling up the DagBag from /Users/andreasanditya/Downloads/572392_Andreas_AirflowETL/code/.venv/lib/python3.9/site-packages/airflow/example_dags/example_task_group_decorator.py
[2026-09-18T11:33:54.180+0700] {processor.py:925} INFO - DAG(s) 'example_task_group_decorator' retrieved from /Users/andreasanditya/Downloads/572392_Andreas_AirflowETL/code/.venv/lib/python3.9/site-packages/airflow/example_dags/example_task_group_decorator.py
[2026-09-18T11:33:54.250+0700] {logging_mixin.py:190} INFO - [2026-09-18T11:33:54.249+0700] {dag.py:3239} INFO - Sync 1 DAGs
[2026-09-18T11:33:54.257+0700] {logging_mixin.py:190} INFO - [2026-09-18T11:33:54.256+0700] {dag.py:4180} INFO - Setting next_dagrun for example_task_group_decorator to None, run_after=None
[2026-09-18T11:33:54.268+0700] {processor.py:208} INFO - Processing /Users/andreasanditya/Downloads/572392_Andreas_AirflowETL/code/.venv/lib/python3.9/site-packages/airflow/example_dags/example_task_group_decorator.py took 0.164 seconds
[2026-09-18T11:35:21.693+0700] {processor.py:186} INFO - Started process (PID=22085) to work on /Users/andreasanditya/Downloads/572392_Andreas_AirflowETL/code/.venv/lib/python3.9/site-packages/airflow/example_dags/example_task_group_decorator.py
[2026-09-18T11:35:21.694+0700] {processor.py:914} INFO - Processing file /Users/andreasanditya/Downloads/572392_Andreas_AirflowETL/code/.venv/lib/python3.9/site-packages/airflow/example_dags/example_task_group_decorator.py for tasks to queue
[2026-09-18T11:35:21.695+0700] {logging_mixin.py:190} INFO - [2026-09-18T11:35:21.695+0700] {dagbag.py:588} INFO - Filling up the DagBag from /Users/andreasanditya/Downloads/572392_Andreas_AirflowETL/code/.venv/lib/python3.9/site-packages/airflow/example_dags/example_task_group_decorator.py
[2026-09-18T11:35:21.755+0700] {processor.py:925} INFO - DAG(s) 'example_task_group_decorator' retrieved from /Users/andreasanditya/Downloads/572392_Andreas_AirflowETL/code/.venv/lib/python3.9/site-packages/airflow/example_dags/example_task_group_decorator.py
[2026-09-18T11:35:21.827+0700] {logging_mixin.py:190} INFO - [2026-09-18T11:35:21.826+0700] {dag.py:3239} INFO - Sync 1 DAGs
[2026-09-18T11:35:21.834+0700] {logging_mixin.py:190} INFO - [2026-09-18T11:35:21.834+0700] {dag.py:4180} INFO - Setting next_dagrun for example_task_group_decorator to None, run_after=None
[2026-09-18T11:35:21.845+0700] {processor.py:208} INFO - Processing /Users/andreasanditya/Downloads/572392_Andreas_AirflowETL/code/.venv/lib/python3.9/site-packages/airflow/example_dags/example_task_group_decorator.py took 0.154 seconds
[2026-09-18T11:36:49.716+0700] {processor.py:186} INFO - Started process (PID=23073) to work on /Users/andreasanditya/Downloads/572392_Andreas_AirflowETL/code/.venv/lib/python3.9/site-packages/airflow/example_dags/example_task_group_decorator.py
[2026-09-18T11:36:49.717+0700] {processor.py:914} INFO - Processing file /Users/andreasanditya/Downloads/572392_Andreas_AirflowETL/code/.venv/lib/python3.9/site-packages/airflow/example_dags/example_task_group_decorator.py for tasks to queue
[2026-09-18T11:36:49.718+0700] {logging_mixin.py:190} INFO - [2026-09-18T11:36:49.717+0700] {dagbag.py:588} INFO - Filling up the DagBag from /Users/andreasanditya/Downloads/572392_Andreas_AirflowETL/code/.venv/lib/python3.9/site-packages/airflow/example_dags/example_task_group_decorator.py
[2026-09-18T11:36:49.771+0700] {processor.py:925} INFO - DAG(s) 'example_task_group_decorator' retrieved from /Users/andreasanditya/Downloads/572392_Andreas_AirflowETL/code/.venv/lib/python3.9/site-packages/airflow/example_dags/example_task_group_decorator.py
[2026-09-18T11:36:49.835+0700] {logging_mixin.py:190} INFO - [2026-09-18T11:36:49.835+0700] {dag.py:3239} INFO - Sync 1 DAGs
[2026-09-18T11:36:49.841+0700] {logging_mixin.py:190} INFO - [2026-09-18T11:36:49.841+0700] {dag.py:4180} INFO - Setting next_dagrun for example_task_group_decorator to None, run_after=None
[2026-09-18T11:36:49.851+0700] {processor.py:208} INFO - Processing /Users/andreasanditya/Downloads/572392_Andreas_AirflowETL/code/.venv/lib/python3.9/site-packages/airflow/example_dags/example_task_group_decorator.py took 0.137 seconds
[2026-09-18T11:38:16.662+0700] {processor.py:186} INFO - Started process (PID=23932) to work on /Users/andreasanditya/Downloads/572392_Andreas_AirflowETL/code/.venv/lib/python3.9/site-packages/airflow/example_dags/example_task_group_decorator.py
[2026-09-18T11:38:16.663+0700] {processor.py:914} INFO - Processing file /Users/andreasanditya/Downloads/572392_Andreas_AirflowETL/code/.venv/lib/python3.9/site-packages/airflow/example_dags/example_task_group_decorator.py for tasks to queue
[2026-09-18T11:38:16.664+0700] {logging_mixin.py:190} INFO - [2026-09-18T11:38:16.663+0700] {dagbag.py:588} INFO - Filling up the DagBag from /Users/andreasanditya/Downloads/572392_Andreas_AirflowETL/code/.venv/lib/python3.9/site-packages/airflow/example_dags/example_task_group_decorator.py
[2026-09-18T11:38:16.715+0700] {processor.py:925} INFO - DAG(s) 'example_task_group_decorator' retrieved from /Users/andreasanditya/Downloads/572392_Andreas_AirflowETL/code/.venv/lib/python3.9/site-packages/airflow/example_dags/example_task_group_decorator.py
[2026-09-18T11:38:16.779+0700] {logging_mixin.py:190} INFO - [2026-09-18T11:38:16.779+0700] {dag.py:3239} INFO - Sync 1 DAGs
[2026-09-18T11:38:16.785+0700] {logging_mixin.py:190} INFO - [2026-09-18T11:38:16.785+0700] {dag.py:4180} INFO - Setting next_dagrun for example_task_group_decorator to None, run_after=None
[2026-09-18T11:38:16.795+0700] {processor.py:208} INFO - Processing /Users/andreasanditya/Downloads/572392_Andreas_AirflowETL/code/.venv/lib/python3.9/site-packages/airflow/example_dags/example_task_group_decorator.py took 0.135 seconds
[2026-09-18T11:39:43.771+0700] {processor.py:186} INFO - Started process (PID=24861) to work on /Users/andreasanditya/Downloads/572392_Andreas_AirflowETL/code/.venv/lib/python3.9/site-packages/airflow/example_dags/example_task_group_decorator.py
[2026-09-18T11:39:43.772+0700] {processor.py:914} INFO - Processing file /Users/andreasanditya/Downloads/572392_Andreas_AirflowETL/code/.venv/lib/python3.9/site-packages/airflow/example_dags/example_task_group_decorator.py for tasks to queue
[2026-09-18T11:39:43.773+0700] {logging_mixin.py:190} INFO - [2026-09-18T11:39:43.772+0700] {dagbag.py:588} INFO - Filling up the DagBag from /Users/andreasanditya/Downloads/572392_Andreas_AirflowETL/code/.venv/lib/python3.9/site-packages/airflow/example_dags/example_task_group_decorator.py
[2026-09-18T11:39:43.826+0700] {processor.py:925} INFO - DAG(s) 'example_task_group_decorator' retrieved from /Users/andreasanditya/Downloads/572392_Andreas_AirflowETL/code/.venv/lib/python3.9/site-packages/airflow/example_dags/example_task_group_decorator.py
[2026-09-18T11:39:43.889+0700] {logging_mixin.py:190} INFO - [2026-09-18T11:39:43.889+0700] {dag.py:3239} INFO - Sync 1 DAGs
[2026-09-18T11:39:43.895+0700] {logging_mixin.py:190} INFO - [2026-09-18T11:39:43.895+0700] {dag.py:4180} INFO - Setting next_dagrun for example_task_group_decorator to None, run_after=None
[2026-09-18T11:39:43.905+0700] {processor.py:208} INFO - Processing /Users/andreasanditya/Downloads/572392_Andreas_AirflowETL/code/.venv/lib/python3.9/site-packages/airflow/example_dags/example_task_group_decorator.py took 0.137 seconds
[2026-09-18T11:41:12.515+0700] {processor.py:186} INFO - Started process (PID=25795) to work on /Users/andreasanditya/Downloads/572392_Andreas_AirflowETL/code/.venv/lib/python3.9/site-packages/airflow/example_dags/example_task_group_decorator.py
[2026-09-18T11:41:12.516+0700] {processor.py:914} INFO - Processing file /Users/andreasanditya/Downloads/572392_Andreas_AirflowETL/code/.venv/lib/python3.9/site-packages/airflow/example_dags/example_task_group_decorator.py for tasks to queue
[2026-09-18T11:41:12.517+0700] {logging_mixin.py:190} INFO - [2026-09-18T11:41:12.517+0700] {dagbag.py:588} INFO - Filling up the DagBag from /Users/andreasanditya/Downloads/572392_Andreas_AirflowETL/code/.venv/lib/python3.9/site-packages/airflow/example_dags/example_task_group_decorator.py
[2026-09-18T11:41:12.567+0700] {processor.py:925} INFO - DAG(s) 'example_task_group_decorator' retrieved from /Users/andreasanditya/Downloads/572392_Andreas_AirflowETL/code/.venv/lib/python3.9/site-packages/airflow/example_dags/example_task_group_decorator.py
[2026-09-18T11:41:12.630+0700] {logging_mixin.py:190} INFO - [2026-09-18T11:41:12.630+0700] {dag.py:3239} INFO - Sync 1 DAGs
[2026-09-18T11:41:12.636+0700] {logging_mixin.py:190} INFO - [2026-09-18T11:41:12.636+0700] {dag.py:4180} INFO - Setting next_dagrun for example_task_group_decorator to None, run_after=None
[2026-09-18T11:41:12.646+0700] {processor.py:208} INFO - Processing /Users/andreasanditya/Downloads/572392_Andreas_AirflowETL/code/.venv/lib/python3.9/site-packages/airflow/example_dags/example_task_group_decorator.py took 0.133 seconds
[2026-09-18T11:42:43.679+0700] {processor.py:186} INFO - Started process (PID=26727) to work on /Users/andreasanditya/Downloads/572392_Andreas_AirflowETL/code/.venv/lib/python3.9/site-packages/airflow/example_dags/example_task_group_decorator.py
[2026-09-18T11:42:43.682+0700] {processor.py:914} INFO - Processing file /Users/andreasanditya/Downloads/572392_Andreas_AirflowETL/code/.venv/lib/python3.9/site-packages/airflow/example_dags/example_task_group_decorator.py for tasks to queue
[2026-09-18T11:42:43.683+0700] {logging_mixin.py:190} INFO - [2026-09-18T11:42:43.682+0700] {dagbag.py:588} INFO - Filling up the DagBag from /Users/andreasanditya/Downloads/572392_Andreas_AirflowETL/code/.venv/lib/python3.9/site-packages/airflow/example_dags/example_task_group_decorator.py
[2026-09-18T11:42:43.738+0700] {processor.py:925} INFO - DAG(s) 'example_task_group_decorator' retrieved from /Users/andreasanditya/Downloads/572392_Andreas_AirflowETL/code/.venv/lib/python3.9/site-packages/airflow/example_dags/example_task_group_decorator.py
[2026-09-18T11:42:43.803+0700] {logging_mixin.py:190} INFO - [2026-09-18T11:42:43.803+0700] {dag.py:3239} INFO - Sync 1 DAGs
[2026-09-18T11:42:43.809+0700] {logging_mixin.py:190} INFO - [2026-09-18T11:42:43.809+0700] {dag.py:4180} INFO - Setting next_dagrun for example_task_group_decorator to None, run_after=None
[2026-09-18T11:42:43.819+0700] {processor.py:208} INFO - Processing /Users/andreasanditya/Downloads/572392_Andreas_AirflowETL/code/.venv/lib/python3.9/site-packages/airflow/example_dags/example_task_group_decorator.py took 0.142 seconds
[2026-09-18T11:44:11.150+0700] {processor.py:186} INFO - Started process (PID=27553) to work on /Users/andreasanditya/Downloads/572392_Andreas_AirflowETL/code/.venv/lib/python3.9/site-packages/airflow/example_dags/example_task_group_decorator.py
[2026-09-18T11:44:11.151+0700] {processor.py:914} INFO - Processing file /Users/andreasanditya/Downloads/572392_Andreas_AirflowETL/code/.venv/lib/python3.9/site-packages/airflow/example_dags/example_task_group_decorator.py for tasks to queue
[2026-09-18T11:44:11.152+0700] {logging_mixin.py:190} INFO - [2026-09-18T11:44:11.152+0700] {dagbag.py:588} INFO - Filling up the DagBag from /Users/andreasanditya/Downloads/572392_Andreas_AirflowETL/code/.venv/lib/python3.9/site-packages/airflow/example_dags/example_task_group_decorator.py
[2026-09-18T11:44:11.202+0700] {processor.py:925} INFO - DAG(s) 'example_task_group_decorator' retrieved from /Users/andreasanditya/Downloads/572392_Andreas_AirflowETL/code/.venv/lib/python3.9/site-packages/airflow/example_dags/example_task_group_decorator.py
[2026-09-18T11:44:11.265+0700] {logging_mixin.py:190} INFO - [2026-09-18T11:44:11.264+0700] {dag.py:3239} INFO - Sync 1 DAGs
[2026-09-18T11:44:11.270+0700] {logging_mixin.py:190} INFO - [2026-09-18T11:44:11.270+0700] {dag.py:4180} INFO - Setting next_dagrun for example_task_group_decorator to None, run_after=None
[2026-09-18T11:44:11.280+0700] {processor.py:208} INFO - Processing /Users/andreasanditya/Downloads/572392_Andreas_AirflowETL/code/.venv/lib/python3.9/site-packages/airflow/example_dags/example_task_group_decorator.py took 0.133 seconds
[2026-09-18T11:45:38.222+0700] {processor.py:186} INFO - Started process (PID=28444) to work on /Users/andreasanditya/Downloads/572392_Andreas_AirflowETL/code/.venv/lib/python3.9/site-packages/airflow/example_dags/example_task_group_decorator.py
[2026-09-18T11:45:38.223+0700] {processor.py:914} INFO - Processing file /Users/andreasanditya/Downloads/572392_Andreas_AirflowETL/code/.venv/lib/python3.9/site-packages/airflow/example_dags/example_task_group_decorator.py for tasks to queue
[2026-09-18T11:45:38.223+0700] {logging_mixin.py:190} INFO - [2026-09-18T11:45:38.223+0700] {dagbag.py:588} INFO - Filling up the DagBag from /Users/andreasanditya/Downloads/572392_Andreas_AirflowETL/code/.venv/lib/python3.9/site-packages/airflow/example_dags/example_task_group_decorator.py
[2026-09-18T11:45:38.273+0700] {processor.py:925} INFO - DAG(s) 'example_task_group_decorator' retrieved from /Users/andreasanditya/Downloads/572392_Andreas_AirflowETL/code/.venv/lib/python3.9/site-packages/airflow/example_dags/example_task_group_decorator.py
[2026-09-18T11:45:38.335+0700] {logging_mixin.py:190} INFO - [2026-09-18T11:45:38.335+0700] {dag.py:3239} INFO - Sync 1 DAGs
[2026-09-18T11:45:38.341+0700] {logging_mixin.py:190} INFO - [2026-09-18T11:45:38.340+0700] {dag.py:4180} INFO - Setting next_dagrun for example_task_group_decorator to None, run_after=None
[2026-09-18T11:45:38.350+0700] {processor.py:208} INFO - Processing /Users/andreasanditya/Downloads/572392_Andreas_AirflowETL/code/.venv/lib/python3.9/site-packages/airflow/example_dags/example_task_group_decorator.py took 0.131 seconds
[2026-09-18T11:47:03.482+0700] {processor.py:186} INFO - Started process (PID=29263) to work on /Users/andreasanditya/Downloads/572392_Andreas_AirflowETL/code/.venv/lib/python3.9/site-packages/airflow/example_dags/example_task_group_decorator.py
[2026-09-18T11:47:03.483+0700] {processor.py:914} INFO - Processing file /Users/andreasanditya/Downloads/572392_Andreas_AirflowETL/code/.venv/lib/python3.9/site-packages/airflow/example_dags/example_task_group_decorator.py for tasks to queue
[2026-09-18T11:47:03.484+0700] {logging_mixin.py:190} INFO - [2026-09-18T11:47:03.484+0700] {dagbag.py:588} INFO - Filling up the DagBag from /Users/andreasanditya/Downloads/572392_Andreas_AirflowETL/code/.venv/lib/python3.9/site-packages/airflow/example_dags/example_task_group_decorator.py
[2026-09-18T11:47:03.534+0700] {processor.py:925} INFO - DAG(s) 'example_task_group_decorator' retrieved from /Users/andreasanditya/Downloads/572392_Andreas_AirflowETL/code/.venv/lib/python3.9/site-packages/airflow/example_dags/example_task_group_decorator.py
[2026-09-18T11:47:03.597+0700] {logging_mixin.py:190} INFO - [2026-09-18T11:47:03.597+0700] {dag.py:3239} INFO - Sync 1 DAGs
[2026-09-18T11:47:03.603+0700] {logging_mixin.py:190} INFO - [2026-09-18T11:47:03.603+0700] {dag.py:4180} INFO - Setting next_dagrun for example_task_group_decorator to None, run_after=None
[2026-09-18T11:47:03.612+0700] {processor.py:208} INFO - Processing /Users/andreasanditya/Downloads/572392_Andreas_AirflowETL/code/.venv/lib/python3.9/site-packages/airflow/example_dags/example_task_group_decorator.py took 0.132 seconds
[2026-09-18T11:48:31.018+0700] {processor.py:186} INFO - Started process (PID=30179) to work on /Users/andreasanditya/Downloads/572392_Andreas_AirflowETL/code/.venv/lib/python3.9/site-packages/airflow/example_dags/example_task_group_decorator.py
[2026-09-18T11:48:31.020+0700] {processor.py:914} INFO - Processing file /Users/andreasanditya/Downloads/572392_Andreas_AirflowETL/code/.venv/lib/python3.9/site-packages/airflow/example_dags/example_task_group_decorator.py for tasks to queue
[2026-09-18T11:48:31.020+0700] {logging_mixin.py:190} INFO - [2026-09-18T11:48:31.020+0700] {dagbag.py:588} INFO - Filling up the DagBag from /Users/andreasanditya/Downloads/572392_Andreas_AirflowETL/code/.venv/lib/python3.9/site-packages/airflow/example_dags/example_task_group_decorator.py
[2026-09-18T11:48:31.070+0700] {processor.py:925} INFO - DAG(s) 'example_task_group_decorator' retrieved from /Users/andreasanditya/Downloads/572392_Andreas_AirflowETL/code/.venv/lib/python3.9/site-packages/airflow/example_dags/example_task_group_decorator.py
[2026-09-18T11:48:31.135+0700] {logging_mixin.py:190} INFO - [2026-09-18T11:48:31.135+0700] {dag.py:3239} INFO - Sync 1 DAGs
[2026-09-18T11:48:31.141+0700] {logging_mixin.py:190} INFO - [2026-09-18T11:48:31.141+0700] {dag.py:4180} INFO - Setting next_dagrun for example_task_group_decorator to None, run_after=None
[2026-09-18T11:48:31.151+0700] {processor.py:208} INFO - Processing /Users/andreasanditya/Downloads/572392_Andreas_AirflowETL/code/.venv/lib/python3.9/site-packages/airflow/example_dags/example_task_group_decorator.py took 0.135 seconds
[2026-09-18T11:49:57.057+0700] {processor.py:186} INFO - Started process (PID=31024) to work on /Users/andreasanditya/Downloads/572392_Andreas_AirflowETL/code/.venv/lib/python3.9/site-packages/airflow/example_dags/example_task_group_decorator.py
[2026-09-18T11:49:57.058+0700] {processor.py:914} INFO - Processing file /Users/andreasanditya/Downloads/572392_Andreas_AirflowETL/code/.venv/lib/python3.9/site-packages/airflow/example_dags/example_task_group_decorator.py for tasks to queue
[2026-09-18T11:49:57.059+0700] {logging_mixin.py:190} INFO - [2026-09-18T11:49:57.059+0700] {dagbag.py:588} INFO - Filling up the DagBag from /Users/andreasanditya/Downloads/572392_Andreas_AirflowETL/code/.venv/lib/python3.9/site-packages/airflow/example_dags/example_task_group_decorator.py
[2026-09-18T11:49:57.108+0700] {processor.py:925} INFO - DAG(s) 'example_task_group_decorator' retrieved from /Users/andreasanditya/Downloads/572392_Andreas_AirflowETL/code/.venv/lib/python3.9/site-packages/airflow/example_dags/example_task_group_decorator.py
[2026-09-18T11:49:57.170+0700] {logging_mixin.py:190} INFO - [2026-09-18T11:49:57.170+0700] {dag.py:3239} INFO - Sync 1 DAGs
[2026-09-18T11:49:57.176+0700] {logging_mixin.py:190} INFO - [2026-09-18T11:49:57.176+0700] {dag.py:4180} INFO - Setting next_dagrun for example_task_group_decorator to None, run_after=None
[2026-09-18T11:49:57.186+0700] {processor.py:208} INFO - Processing /Users/andreasanditya/Downloads/572392_Andreas_AirflowETL/code/.venv/lib/python3.9/site-packages/airflow/example_dags/example_task_group_decorator.py took 0.131 seconds
[2026-09-18T11:51:22.540+0700] {processor.py:186} INFO - Started process (PID=31914) to work on /Users/andreasanditya/Downloads/572392_Andreas_AirflowETL/code/.venv/lib/python3.9/site-packages/airflow/example_dags/example_task_group_decorator.py
[2026-09-18T11:51:22.540+0700] {processor.py:914} INFO - Processing file /Users/andreasanditya/Downloads/572392_Andreas_AirflowETL/code/.venv/lib/python3.9/site-packages/airflow/example_dags/example_task_group_decorator.py for tasks to queue
[2026-09-18T11:51:22.541+0700] {logging_mixin.py:190} INFO - [2026-09-18T11:51:22.541+0700] {dagbag.py:588} INFO - Filling up the DagBag from /Users/andreasanditya/Downloads/572392_Andreas_AirflowETL/code/.venv/lib/python3.9/site-packages/airflow/example_dags/example_task_group_decorator.py
[2026-09-18T11:51:22.591+0700] {processor.py:925} INFO - DAG(s) 'example_task_group_decorator' retrieved from /Users/andreasanditya/Downloads/572392_Andreas_AirflowETL/code/.venv/lib/python3.9/site-packages/airflow/example_dags/example_task_group_decorator.py
[2026-09-18T11:51:22.654+0700] {logging_mixin.py:190} INFO - [2026-09-18T11:51:22.654+0700] {dag.py:3239} INFO - Sync 1 DAGs
[2026-09-18T11:51:22.660+0700] {logging_mixin.py:190} INFO - [2026-09-18T11:51:22.660+0700] {dag.py:4180} INFO - Setting next_dagrun for example_task_group_decorator to None, run_after=None
[2026-09-18T11:51:22.670+0700] {processor.py:208} INFO - Processing /Users/andreasanditya/Downloads/572392_Andreas_AirflowETL/code/.venv/lib/python3.9/site-packages/airflow/example_dags/example_task_group_decorator.py took 0.132 seconds
[2026-09-18T11:52:48.930+0700] {processor.py:186} INFO - Started process (PID=32738) to work on /Users/andreasanditya/Downloads/572392_Andreas_AirflowETL/code/.venv/lib/python3.9/site-packages/airflow/example_dags/example_task_group_decorator.py
[2026-09-18T11:52:48.931+0700] {processor.py:914} INFO - Processing file /Users/andreasanditya/Downloads/572392_Andreas_AirflowETL/code/.venv/lib/python3.9/site-packages/airflow/example_dags/example_task_group_decorator.py for tasks to queue
[2026-09-18T11:52:48.931+0700] {logging_mixin.py:190} INFO - [2026-09-18T11:52:48.931+0700] {dagbag.py:588} INFO - Filling up the DagBag from /Users/andreasanditya/Downloads/572392_Andreas_AirflowETL/code/.venv/lib/python3.9/site-packages/airflow/example_dags/example_task_group_decorator.py
[2026-09-18T11:52:48.982+0700] {processor.py:925} INFO - DAG(s) 'example_task_group_decorator' retrieved from /Users/andreasanditya/Downloads/572392_Andreas_AirflowETL/code/.venv/lib/python3.9/site-packages/airflow/example_dags/example_task_group_decorator.py
[2026-09-18T11:52:49.044+0700] {logging_mixin.py:190} INFO - [2026-09-18T11:52:49.044+0700] {dag.py:3239} INFO - Sync 1 DAGs
[2026-09-18T11:52:49.050+0700] {logging_mixin.py:190} INFO - [2026-09-18T11:52:49.050+0700] {dag.py:4180} INFO - Setting next_dagrun for example_task_group_decorator to None, run_after=None
[2026-09-18T11:52:49.059+0700] {processor.py:208} INFO - Processing /Users/andreasanditya/Downloads/572392_Andreas_AirflowETL/code/.venv/lib/python3.9/site-packages/airflow/example_dags/example_task_group_decorator.py took 0.132 seconds
[2026-09-18T11:54:15.066+0700] {processor.py:186} INFO - Started process (PID=33648) to work on /Users/andreasanditya/Downloads/572392_Andreas_AirflowETL/code/.venv/lib/python3.9/site-packages/airflow/example_dags/example_task_group_decorator.py
[2026-09-18T11:54:15.067+0700] {processor.py:914} INFO - Processing file /Users/andreasanditya/Downloads/572392_Andreas_AirflowETL/code/.venv/lib/python3.9/site-packages/airflow/example_dags/example_task_group_decorator.py for tasks to queue
[2026-09-18T11:54:15.068+0700] {logging_mixin.py:190} INFO - [2026-09-18T11:54:15.067+0700] {dagbag.py:588} INFO - Filling up the DagBag from /Users/andreasanditya/Downloads/572392_Andreas_AirflowETL/code/.venv/lib/python3.9/site-packages/airflow/example_dags/example_task_group_decorator.py
[2026-09-18T11:54:15.117+0700] {processor.py:925} INFO - DAG(s) 'example_task_group_decorator' retrieved from /Users/andreasanditya/Downloads/572392_Andreas_AirflowETL/code/.venv/lib/python3.9/site-packages/airflow/example_dags/example_task_group_decorator.py
[2026-09-18T11:54:15.179+0700] {logging_mixin.py:190} INFO - [2026-09-18T11:54:15.179+0700] {dag.py:3239} INFO - Sync 1 DAGs
[2026-09-18T11:54:15.185+0700] {logging_mixin.py:190} INFO - [2026-09-18T11:54:15.185+0700] {dag.py:4180} INFO - Setting next_dagrun for example_task_group_decorator to None, run_after=None
[2026-09-18T11:54:15.195+0700] {processor.py:208} INFO - Processing /Users/andreasanditya/Downloads/572392_Andreas_AirflowETL/code/.venv/lib/python3.9/site-packages/airflow/example_dags/example_task_group_decorator.py took 0.131 seconds
[2026-09-18T11:55:43.135+0700] {processor.py:186} INFO - Started process (PID=34580) to work on /Users/andreasanditya/Downloads/572392_Andreas_AirflowETL/code/.venv/lib/python3.9/site-packages/airflow/example_dags/example_task_group_decorator.py
[2026-09-18T11:55:43.136+0700] {processor.py:914} INFO - Processing file /Users/andreasanditya/Downloads/572392_Andreas_AirflowETL/code/.venv/lib/python3.9/site-packages/airflow/example_dags/example_task_group_decorator.py for tasks to queue
[2026-09-18T11:55:43.137+0700] {logging_mixin.py:190} INFO - [2026-09-18T11:55:43.137+0700] {dagbag.py:588} INFO - Filling up the DagBag from /Users/andreasanditya/Downloads/572392_Andreas_AirflowETL/code/.venv/lib/python3.9/site-packages/airflow/example_dags/example_task_group_decorator.py
[2026-09-18T11:55:43.186+0700] {processor.py:925} INFO - DAG(s) 'example_task_group_decorator' retrieved from /Users/andreasanditya/Downloads/572392_Andreas_AirflowETL/code/.venv/lib/python3.9/site-packages/airflow/example_dags/example_task_group_decorator.py
[2026-09-18T11:55:43.249+0700] {logging_mixin.py:190} INFO - [2026-09-18T11:55:43.249+0700] {dag.py:3239} INFO - Sync 1 DAGs
[2026-09-18T11:55:43.255+0700] {logging_mixin.py:190} INFO - [2026-09-18T11:55:43.255+0700] {dag.py:4180} INFO - Setting next_dagrun for example_task_group_decorator to None, run_after=None
[2026-09-18T11:55:43.265+0700] {processor.py:208} INFO - Processing /Users/andreasanditya/Downloads/572392_Andreas_AirflowETL/code/.venv/lib/python3.9/site-packages/airflow/example_dags/example_task_group_decorator.py took 0.131 seconds
[2026-09-18T11:57:10.509+0700] {processor.py:186} INFO - Started process (PID=35410) to work on /Users/andreasanditya/Downloads/572392_Andreas_AirflowETL/code/.venv/lib/python3.9/site-packages/airflow/example_dags/example_task_group_decorator.py
[2026-09-18T11:57:10.510+0700] {processor.py:914} INFO - Processing file /Users/andreasanditya/Downloads/572392_Andreas_AirflowETL/code/.venv/lib/python3.9/site-packages/airflow/example_dags/example_task_group_decorator.py for tasks to queue
[2026-09-18T11:57:10.511+0700] {logging_mixin.py:190} INFO - [2026-09-18T11:57:10.511+0700] {dagbag.py:588} INFO - Filling up the DagBag from /Users/andreasanditya/Downloads/572392_Andreas_AirflowETL/code/.venv/lib/python3.9/site-packages/airflow/example_dags/example_task_group_decorator.py
[2026-09-18T11:57:10.561+0700] {processor.py:925} INFO - DAG(s) 'example_task_group_decorator' retrieved from /Users/andreasanditya/Downloads/572392_Andreas_AirflowETL/code/.venv/lib/python3.9/site-packages/airflow/example_dags/example_task_group_decorator.py
[2026-09-18T11:57:10.625+0700] {logging_mixin.py:190} INFO - [2026-09-18T11:57:10.625+0700] {dag.py:3239} INFO - Sync 1 DAGs
[2026-09-18T11:57:10.631+0700] {logging_mixin.py:190} INFO - [2026-09-18T11:57:10.631+0700] {dag.py:4180} INFO - Setting next_dagrun for example_task_group_decorator to None, run_after=None
[2026-09-18T11:57:10.641+0700] {processor.py:208} INFO - Processing /Users/andreasanditya/Downloads/572392_Andreas_AirflowETL/code/.venv/lib/python3.9/site-packages/airflow/example_dags/example_task_group_decorator.py took 0.134 seconds
[2026-09-18T11:58:36.785+0700] {processor.py:186} INFO - Started process (PID=36300) to work on /Users/andreasanditya/Downloads/572392_Andreas_AirflowETL/code/.venv/lib/python3.9/site-packages/airflow/example_dags/example_task_group_decorator.py
[2026-09-18T11:58:36.786+0700] {processor.py:914} INFO - Processing file /Users/andreasanditya/Downloads/572392_Andreas_AirflowETL/code/.venv/lib/python3.9/site-packages/airflow/example_dags/example_task_group_decorator.py for tasks to queue
[2026-09-18T11:58:36.787+0700] {logging_mixin.py:190} INFO - [2026-09-18T11:58:36.787+0700] {dagbag.py:588} INFO - Filling up the DagBag from /Users/andreasanditya/Downloads/572392_Andreas_AirflowETL/code/.venv/lib/python3.9/site-packages/airflow/example_dags/example_task_group_decorator.py
[2026-09-18T11:58:36.836+0700] {processor.py:925} INFO - DAG(s) 'example_task_group_decorator' retrieved from /Users/andreasanditya/Downloads/572392_Andreas_AirflowETL/code/.venv/lib/python3.9/site-packages/airflow/example_dags/example_task_group_decorator.py
[2026-09-18T11:58:36.898+0700] {logging_mixin.py:190} INFO - [2026-09-18T11:58:36.898+0700] {dag.py:3239} INFO - Sync 1 DAGs
[2026-09-18T11:58:36.904+0700] {logging_mixin.py:190} INFO - [2026-09-18T11:58:36.904+0700] {dag.py:4180} INFO - Setting next_dagrun for example_task_group_decorator to None, run_after=None
[2026-09-18T11:58:36.913+0700] {processor.py:208} INFO - Processing /Users/andreasanditya/Downloads/572392_Andreas_AirflowETL/code/.venv/lib/python3.9/site-packages/airflow/example_dags/example_task_group_decorator.py took 0.130 seconds
[2026-09-18T12:00:01.436+0700] {processor.py:186} INFO - Started process (PID=37122) to work on /Users/andreasanditya/Downloads/572392_Andreas_AirflowETL/code/.venv/lib/python3.9/site-packages/airflow/example_dags/example_task_group_decorator.py
[2026-09-18T12:00:01.437+0700] {processor.py:914} INFO - Processing file /Users/andreasanditya/Downloads/572392_Andreas_AirflowETL/code/.venv/lib/python3.9/site-packages/airflow/example_dags/example_task_group_decorator.py for tasks to queue
[2026-09-18T12:00:01.437+0700] {logging_mixin.py:190} INFO - [2026-09-18T12:00:01.437+0700] {dagbag.py:588} INFO - Filling up the DagBag from /Users/andreasanditya/Downloads/572392_Andreas_AirflowETL/code/.venv/lib/python3.9/site-packages/airflow/example_dags/example_task_group_decorator.py
[2026-09-18T12:00:01.486+0700] {processor.py:925} INFO - DAG(s) 'example_task_group_decorator' retrieved from /Users/andreasanditya/Downloads/572392_Andreas_AirflowETL/code/.venv/lib/python3.9/site-packages/airflow/example_dags/example_task_group_decorator.py
[2026-09-18T12:00:01.548+0700] {logging_mixin.py:190} INFO - [2026-09-18T12:00:01.548+0700] {dag.py:3239} INFO - Sync 1 DAGs
[2026-09-18T12:00:01.554+0700] {logging_mixin.py:190} INFO - [2026-09-18T12:00:01.554+0700] {dag.py:4180} INFO - Setting next_dagrun for example_task_group_decorator to None, run_after=None
[2026-09-18T12:00:01.564+0700] {processor.py:208} INFO - Processing /Users/andreasanditya/Downloads/572392_Andreas_AirflowETL/code/.venv/lib/python3.9/site-packages/airflow/example_dags/example_task_group_decorator.py took 0.130 seconds
[2026-09-18T12:01:28.036+0700] {processor.py:186} INFO - Started process (PID=38043) to work on /Users/andreasanditya/Downloads/572392_Andreas_AirflowETL/code/.venv/lib/python3.9/site-packages/airflow/example_dags/example_task_group_decorator.py
[2026-09-18T12:01:28.037+0700] {processor.py:914} INFO - Processing file /Users/andreasanditya/Downloads/572392_Andreas_AirflowETL/code/.venv/lib/python3.9/site-packages/airflow/example_dags/example_task_group_decorator.py for tasks to queue
[2026-09-18T12:01:28.037+0700] {logging_mixin.py:190} INFO - [2026-09-18T12:01:28.037+0700] {dagbag.py:588} INFO - Filling up the DagBag from /Users/andreasanditya/Downloads/572392_Andreas_AirflowETL/code/.venv/lib/python3.9/site-packages/airflow/example_dags/example_task_group_decorator.py
[2026-09-18T12:01:28.088+0700] {processor.py:925} INFO - DAG(s) 'example_task_group_decorator' retrieved from /Users/andreasanditya/Downloads/572392_Andreas_AirflowETL/code/.venv/lib/python3.9/site-packages/airflow/example_dags/example_task_group_decorator.py
[2026-09-18T12:01:28.151+0700] {logging_mixin.py:190} INFO - [2026-09-18T12:01:28.151+0700] {dag.py:3239} INFO - Sync 1 DAGs
[2026-09-18T12:01:28.157+0700] {logging_mixin.py:190} INFO - [2026-09-18T12:01:28.157+0700] {dag.py:4180} INFO - Setting next_dagrun for example_task_group_decorator to None, run_after=None
[2026-09-18T12:01:28.166+0700] {processor.py:208} INFO - Processing /Users/andreasanditya/Downloads/572392_Andreas_AirflowETL/code/.venv/lib/python3.9/site-packages/airflow/example_dags/example_task_group_decorator.py took 0.132 seconds
[2026-09-18T12:02:55.575+0700] {processor.py:186} INFO - Started process (PID=38889) to work on /Users/andreasanditya/Downloads/572392_Andreas_AirflowETL/code/.venv/lib/python3.9/site-packages/airflow/example_dags/example_task_group_decorator.py
[2026-09-18T12:02:55.576+0700] {processor.py:914} INFO - Processing file /Users/andreasanditya/Downloads/572392_Andreas_AirflowETL/code/.venv/lib/python3.9/site-packages/airflow/example_dags/example_task_group_decorator.py for tasks to queue
[2026-09-18T12:02:55.577+0700] {logging_mixin.py:190} INFO - [2026-09-18T12:02:55.576+0700] {dagbag.py:588} INFO - Filling up the DagBag from /Users/andreasanditya/Downloads/572392_Andreas_AirflowETL/code/.venv/lib/python3.9/site-packages/airflow/example_dags/example_task_group_decorator.py
[2026-09-18T12:02:55.627+0700] {processor.py:925} INFO - DAG(s) 'example_task_group_decorator' retrieved from /Users/andreasanditya/Downloads/572392_Andreas_AirflowETL/code/.venv/lib/python3.9/site-packages/airflow/example_dags/example_task_group_decorator.py
[2026-09-18T12:02:55.688+0700] {logging_mixin.py:190} INFO - [2026-09-18T12:02:55.688+0700] {dag.py:3239} INFO - Sync 1 DAGs
[2026-09-18T12:02:55.694+0700] {logging_mixin.py:190} INFO - [2026-09-18T12:02:55.694+0700] {dag.py:4180} INFO - Setting next_dagrun for example_task_group_decorator to None, run_after=None
[2026-09-18T12:02:55.704+0700] {processor.py:208} INFO - Processing /Users/andreasanditya/Downloads/572392_Andreas_AirflowETL/code/.venv/lib/python3.9/site-packages/airflow/example_dags/example_task_group_decorator.py took 0.131 seconds
[2026-09-18T12:04:22.453+0700] {processor.py:186} INFO - Started process (PID=39790) to work on /Users/andreasanditya/Downloads/572392_Andreas_AirflowETL/code/.venv/lib/python3.9/site-packages/airflow/example_dags/example_task_group_decorator.py
[2026-09-18T12:04:22.454+0700] {processor.py:914} INFO - Processing file /Users/andreasanditya/Downloads/572392_Andreas_AirflowETL/code/.venv/lib/python3.9/site-packages/airflow/example_dags/example_task_group_decorator.py for tasks to queue
[2026-09-18T12:04:22.455+0700] {logging_mixin.py:190} INFO - [2026-09-18T12:04:22.455+0700] {dagbag.py:588} INFO - Filling up the DagBag from /Users/andreasanditya/Downloads/572392_Andreas_AirflowETL/code/.venv/lib/python3.9/site-packages/airflow/example_dags/example_task_group_decorator.py
[2026-09-18T12:04:22.504+0700] {processor.py:925} INFO - DAG(s) 'example_task_group_decorator' retrieved from /Users/andreasanditya/Downloads/572392_Andreas_AirflowETL/code/.venv/lib/python3.9/site-packages/airflow/example_dags/example_task_group_decorator.py
[2026-09-18T12:04:22.569+0700] {logging_mixin.py:190} INFO - [2026-09-18T12:04:22.569+0700] {dag.py:3239} INFO - Sync 1 DAGs
[2026-09-18T12:04:22.575+0700] {logging_mixin.py:190} INFO - [2026-09-18T12:04:22.575+0700] {dag.py:4180} INFO - Setting next_dagrun for example_task_group_decorator to None, run_after=None
[2026-09-18T12:04:22.585+0700] {processor.py:208} INFO - Processing /Users/andreasanditya/Downloads/572392_Andreas_AirflowETL/code/.venv/lib/python3.9/site-packages/airflow/example_dags/example_task_group_decorator.py took 0.133 seconds
[2026-09-18T12:05:48.483+0700] {processor.py:186} INFO - Started process (PID=40618) to work on /Users/andreasanditya/Downloads/572392_Andreas_AirflowETL/code/.venv/lib/python3.9/site-packages/airflow/example_dags/example_task_group_decorator.py
[2026-09-18T12:05:48.484+0700] {processor.py:914} INFO - Processing file /Users/andreasanditya/Downloads/572392_Andreas_AirflowETL/code/.venv/lib/python3.9/site-packages/airflow/example_dags/example_task_group_decorator.py for tasks to queue
[2026-09-18T12:05:48.485+0700] {logging_mixin.py:190} INFO - [2026-09-18T12:05:48.485+0700] {dagbag.py:588} INFO - Filling up the DagBag from /Users/andreasanditya/Downloads/572392_Andreas_AirflowETL/code/.venv/lib/python3.9/site-packages/airflow/example_dags/example_task_group_decorator.py
[2026-09-18T12:05:48.536+0700] {processor.py:925} INFO - DAG(s) 'example_task_group_decorator' retrieved from /Users/andreasanditya/Downloads/572392_Andreas_AirflowETL/code/.venv/lib/python3.9/site-packages/airflow/example_dags/example_task_group_decorator.py
[2026-09-18T12:05:48.600+0700] {logging_mixin.py:190} INFO - [2026-09-18T12:05:48.600+0700] {dag.py:3239} INFO - Sync 1 DAGs
[2026-09-18T12:05:48.607+0700] {logging_mixin.py:190} INFO - [2026-09-18T12:05:48.606+0700] {dag.py:4180} INFO - Setting next_dagrun for example_task_group_decorator to None, run_after=None
[2026-09-18T12:05:48.617+0700] {processor.py:208} INFO - Processing /Users/andreasanditya/Downloads/572392_Andreas_AirflowETL/code/.venv/lib/python3.9/site-packages/airflow/example_dags/example_task_group_decorator.py took 0.136 seconds
[2026-09-18T12:07:17.163+0700] {processor.py:186} INFO - Started process (PID=41532) to work on /Users/andreasanditya/Downloads/572392_Andreas_AirflowETL/code/.venv/lib/python3.9/site-packages/airflow/example_dags/example_task_group_decorator.py
[2026-09-18T12:07:17.163+0700] {processor.py:914} INFO - Processing file /Users/andreasanditya/Downloads/572392_Andreas_AirflowETL/code/.venv/lib/python3.9/site-packages/airflow/example_dags/example_task_group_decorator.py for tasks to queue
[2026-09-18T12:07:17.164+0700] {logging_mixin.py:190} INFO - [2026-09-18T12:07:17.164+0700] {dagbag.py:588} INFO - Filling up the DagBag from /Users/andreasanditya/Downloads/572392_Andreas_AirflowETL/code/.venv/lib/python3.9/site-packages/airflow/example_dags/example_task_group_decorator.py
[2026-09-18T12:07:17.215+0700] {processor.py:925} INFO - DAG(s) 'example_task_group_decorator' retrieved from /Users/andreasanditya/Downloads/572392_Andreas_AirflowETL/code/.venv/lib/python3.9/site-packages/airflow/example_dags/example_task_group_decorator.py
[2026-09-18T12:07:17.278+0700] {logging_mixin.py:190} INFO - [2026-09-18T12:07:17.278+0700] {dag.py:3239} INFO - Sync 1 DAGs
[2026-09-18T12:07:17.284+0700] {logging_mixin.py:190} INFO - [2026-09-18T12:07:17.284+0700] {dag.py:4180} INFO - Setting next_dagrun for example_task_group_decorator to None, run_after=None
[2026-09-18T12:07:17.294+0700] {processor.py:208} INFO - Processing /Users/andreasanditya/Downloads/572392_Andreas_AirflowETL/code/.venv/lib/python3.9/site-packages/airflow/example_dags/example_task_group_decorator.py took 0.134 seconds
[2026-09-18T12:08:44.462+0700] {processor.py:186} INFO - Started process (PID=42442) to work on /Users/andreasanditya/Downloads/572392_Andreas_AirflowETL/code/.venv/lib/python3.9/site-packages/airflow/example_dags/example_task_group_decorator.py
[2026-09-18T12:08:44.463+0700] {processor.py:914} INFO - Processing file /Users/andreasanditya/Downloads/572392_Andreas_AirflowETL/code/.venv/lib/python3.9/site-packages/airflow/example_dags/example_task_group_decorator.py for tasks to queue
[2026-09-18T12:08:44.464+0700] {logging_mixin.py:190} INFO - [2026-09-18T12:08:44.464+0700] {dagbag.py:588} INFO - Filling up the DagBag from /Users/andreasanditya/Downloads/572392_Andreas_AirflowETL/code/.venv/lib/python3.9/site-packages/airflow/example_dags/example_task_group_decorator.py
[2026-09-18T12:08:44.516+0700] {processor.py:925} INFO - DAG(s) 'example_task_group_decorator' retrieved from /Users/andreasanditya/Downloads/572392_Andreas_AirflowETL/code/.venv/lib/python3.9/site-packages/airflow/example_dags/example_task_group_decorator.py
[2026-09-18T12:08:44.577+0700] {logging_mixin.py:190} INFO - [2026-09-18T12:08:44.577+0700] {dag.py:3239} INFO - Sync 1 DAGs
[2026-09-18T12:08:44.583+0700] {logging_mixin.py:190} INFO - [2026-09-18T12:08:44.583+0700] {dag.py:4180} INFO - Setting next_dagrun for example_task_group_decorator to None, run_after=None
[2026-09-18T12:08:44.593+0700] {processor.py:208} INFO - Processing /Users/andreasanditya/Downloads/572392_Andreas_AirflowETL/code/.venv/lib/python3.9/site-packages/airflow/example_dags/example_task_group_decorator.py took 0.132 seconds
[2026-09-18T12:10:10.634+0700] {processor.py:186} INFO - Started process (PID=43277) to work on /Users/andreasanditya/Downloads/572392_Andreas_AirflowETL/code/.venv/lib/python3.9/site-packages/airflow/example_dags/example_task_group_decorator.py
[2026-09-18T12:10:10.635+0700] {processor.py:914} INFO - Processing file /Users/andreasanditya/Downloads/572392_Andreas_AirflowETL/code/.venv/lib/python3.9/site-packages/airflow/example_dags/example_task_group_decorator.py for tasks to queue
[2026-09-18T12:10:10.636+0700] {logging_mixin.py:190} INFO - [2026-09-18T12:10:10.636+0700] {dagbag.py:588} INFO - Filling up the DagBag from /Users/andreasanditya/Downloads/572392_Andreas_AirflowETL/code/.venv/lib/python3.9/site-packages/airflow/example_dags/example_task_group_decorator.py
[2026-09-18T12:10:10.686+0700] {processor.py:925} INFO - DAG(s) 'example_task_group_decorator' retrieved from /Users/andreasanditya/Downloads/572392_Andreas_AirflowETL/code/.venv/lib/python3.9/site-packages/airflow/example_dags/example_task_group_decorator.py
[2026-09-18T12:10:10.748+0700] {logging_mixin.py:190} INFO - [2026-09-18T12:10:10.747+0700] {dag.py:3239} INFO - Sync 1 DAGs
[2026-09-18T12:10:10.753+0700] {logging_mixin.py:190} INFO - [2026-09-18T12:10:10.753+0700] {dag.py:4180} INFO - Setting next_dagrun for example_task_group_decorator to None, run_after=None
[2026-09-18T12:10:10.763+0700] {processor.py:208} INFO - Processing /Users/andreasanditya/Downloads/572392_Andreas_AirflowETL/code/.venv/lib/python3.9/site-packages/airflow/example_dags/example_task_group_decorator.py took 0.131 seconds
[2026-09-18T12:11:38.033+0700] {processor.py:186} INFO - Started process (PID=44184) to work on /Users/andreasanditya/Downloads/572392_Andreas_AirflowETL/code/.venv/lib/python3.9/site-packages/airflow/example_dags/example_task_group_decorator.py
[2026-09-18T12:11:38.034+0700] {processor.py:914} INFO - Processing file /Users/andreasanditya/Downloads/572392_Andreas_AirflowETL/code/.venv/lib/python3.9/site-packages/airflow/example_dags/example_task_group_decorator.py for tasks to queue
[2026-09-18T12:11:38.034+0700] {logging_mixin.py:190} INFO - [2026-09-18T12:11:38.034+0700] {dagbag.py:588} INFO - Filling up the DagBag from /Users/andreasanditya/Downloads/572392_Andreas_AirflowETL/code/.venv/lib/python3.9/site-packages/airflow/example_dags/example_task_group_decorator.py
[2026-09-18T12:11:38.085+0700] {processor.py:925} INFO - DAG(s) 'example_task_group_decorator' retrieved from /Users/andreasanditya/Downloads/572392_Andreas_AirflowETL/code/.venv/lib/python3.9/site-packages/airflow/example_dags/example_task_group_decorator.py
[2026-09-18T12:11:38.146+0700] {logging_mixin.py:190} INFO - [2026-09-18T12:11:38.146+0700] {dag.py:3239} INFO - Sync 1 DAGs
[2026-09-18T12:11:38.152+0700] {logging_mixin.py:190} INFO - [2026-09-18T12:11:38.152+0700] {dag.py:4180} INFO - Setting next_dagrun for example_task_group_decorator to None, run_after=None
[2026-09-18T12:11:38.162+0700] {processor.py:208} INFO - Processing /Users/andreasanditya/Downloads/572392_Andreas_AirflowETL/code/.venv/lib/python3.9/site-packages/airflow/example_dags/example_task_group_decorator.py took 0.131 seconds
[2026-09-18T12:13:07.360+0700] {processor.py:186} INFO - Started process (PID=45829) to work on /Users/andreasanditya/Downloads/572392_Andreas_AirflowETL/code/.venv/lib/python3.9/site-packages/airflow/example_dags/example_task_group_decorator.py
[2026-09-18T12:13:07.361+0700] {processor.py:914} INFO - Processing file /Users/andreasanditya/Downloads/572392_Andreas_AirflowETL/code/.venv/lib/python3.9/site-packages/airflow/example_dags/example_task_group_decorator.py for tasks to queue
[2026-09-18T12:13:07.362+0700] {logging_mixin.py:190} INFO - [2026-09-18T12:13:07.362+0700] {dagbag.py:588} INFO - Filling up the DagBag from /Users/andreasanditya/Downloads/572392_Andreas_AirflowETL/code/.venv/lib/python3.9/site-packages/airflow/example_dags/example_task_group_decorator.py
[2026-09-18T12:13:07.414+0700] {processor.py:925} INFO - DAG(s) 'example_task_group_decorator' retrieved from /Users/andreasanditya/Downloads/572392_Andreas_AirflowETL/code/.venv/lib/python3.9/site-packages/airflow/example_dags/example_task_group_decorator.py
[2026-09-18T12:13:07.482+0700] {logging_mixin.py:190} INFO - [2026-09-18T12:13:07.481+0700] {dag.py:3239} INFO - Sync 1 DAGs
[2026-09-18T12:13:07.488+0700] {logging_mixin.py:190} INFO - [2026-09-18T12:13:07.488+0700] {dag.py:4180} INFO - Setting next_dagrun for example_task_group_decorator to None, run_after=None
[2026-09-18T12:13:07.501+0700] {processor.py:208} INFO - Processing /Users/andreasanditya/Downloads/572392_Andreas_AirflowETL/code/.venv/lib/python3.9/site-packages/airflow/example_dags/example_task_group_decorator.py took 0.143 seconds
[2026-09-18T12:14:36.688+0700] {processor.py:186} INFO - Started process (PID=46770) to work on /Users/andreasanditya/Downloads/572392_Andreas_AirflowETL/code/.venv/lib/python3.9/site-packages/airflow/example_dags/example_task_group_decorator.py
[2026-09-18T12:14:36.689+0700] {processor.py:914} INFO - Processing file /Users/andreasanditya/Downloads/572392_Andreas_AirflowETL/code/.venv/lib/python3.9/site-packages/airflow/example_dags/example_task_group_decorator.py for tasks to queue
[2026-09-18T12:14:36.690+0700] {logging_mixin.py:190} INFO - [2026-09-18T12:14:36.690+0700] {dagbag.py:588} INFO - Filling up the DagBag from /Users/andreasanditya/Downloads/572392_Andreas_AirflowETL/code/.venv/lib/python3.9/site-packages/airflow/example_dags/example_task_group_decorator.py
[2026-09-18T12:14:36.741+0700] {processor.py:925} INFO - DAG(s) 'example_task_group_decorator' retrieved from /Users/andreasanditya/Downloads/572392_Andreas_AirflowETL/code/.venv/lib/python3.9/site-packages/airflow/example_dags/example_task_group_decorator.py
[2026-09-18T12:14:36.804+0700] {logging_mixin.py:190} INFO - [2026-09-18T12:14:36.804+0700] {dag.py:3239} INFO - Sync 1 DAGs
[2026-09-18T12:14:36.812+0700] {logging_mixin.py:190} INFO - [2026-09-18T12:14:36.812+0700] {dag.py:4180} INFO - Setting next_dagrun for example_task_group_decorator to None, run_after=None
[2026-09-18T12:14:36.824+0700] {processor.py:208} INFO - Processing /Users/andreasanditya/Downloads/572392_Andreas_AirflowETL/code/.venv/lib/python3.9/site-packages/airflow/example_dags/example_task_group_decorator.py took 0.138 seconds
[2026-09-18T12:16:03.631+0700] {processor.py:186} INFO - Started process (PID=48413) to work on /Users/andreasanditya/Downloads/572392_Andreas_AirflowETL/code/.venv/lib/python3.9/site-packages/airflow/example_dags/example_task_group_decorator.py
[2026-09-18T12:16:03.632+0700] {processor.py:914} INFO - Processing file /Users/andreasanditya/Downloads/572392_Andreas_AirflowETL/code/.venv/lib/python3.9/site-packages/airflow/example_dags/example_task_group_decorator.py for tasks to queue
[2026-09-18T12:16:03.633+0700] {logging_mixin.py:190} INFO - [2026-09-18T12:16:03.633+0700] {dagbag.py:588} INFO - Filling up the DagBag from /Users/andreasanditya/Downloads/572392_Andreas_AirflowETL/code/.venv/lib/python3.9/site-packages/airflow/example_dags/example_task_group_decorator.py
[2026-09-18T12:16:03.682+0700] {processor.py:925} INFO - DAG(s) 'example_task_group_decorator' retrieved from /Users/andreasanditya/Downloads/572392_Andreas_AirflowETL/code/.venv/lib/python3.9/site-packages/airflow/example_dags/example_task_group_decorator.py
[2026-09-18T12:16:03.746+0700] {logging_mixin.py:190} INFO - [2026-09-18T12:16:03.745+0700] {dag.py:3239} INFO - Sync 1 DAGs
[2026-09-18T12:16:03.752+0700] {logging_mixin.py:190} INFO - [2026-09-18T12:16:03.752+0700] {dag.py:4180} INFO - Setting next_dagrun for example_task_group_decorator to None, run_after=None
[2026-09-18T12:16:03.762+0700] {processor.py:208} INFO - Processing /Users/andreasanditya/Downloads/572392_Andreas_AirflowETL/code/.venv/lib/python3.9/site-packages/airflow/example_dags/example_task_group_decorator.py took 0.132 seconds
[2026-09-18T12:17:31.080+0700] {processor.py:186} INFO - Started process (PID=49724) to work on /Users/andreasanditya/Downloads/572392_Andreas_AirflowETL/code/.venv/lib/python3.9/site-packages/airflow/example_dags/example_task_group_decorator.py
[2026-09-18T12:17:31.081+0700] {processor.py:914} INFO - Processing file /Users/andreasanditya/Downloads/572392_Andreas_AirflowETL/code/.venv/lib/python3.9/site-packages/airflow/example_dags/example_task_group_decorator.py for tasks to queue
[2026-09-18T12:17:31.082+0700] {logging_mixin.py:190} INFO - [2026-09-18T12:17:31.082+0700] {dagbag.py:588} INFO - Filling up the DagBag from /Users/andreasanditya/Downloads/572392_Andreas_AirflowETL/code/.venv/lib/python3.9/site-packages/airflow/example_dags/example_task_group_decorator.py
[2026-09-18T12:17:31.134+0700] {processor.py:925} INFO - DAG(s) 'example_task_group_decorator' retrieved from /Users/andreasanditya/Downloads/572392_Andreas_AirflowETL/code/.venv/lib/python3.9/site-packages/airflow/example_dags/example_task_group_decorator.py
[2026-09-18T12:17:31.197+0700] {logging_mixin.py:190} INFO - [2026-09-18T12:17:31.197+0700] {dag.py:3239} INFO - Sync 1 DAGs
[2026-09-18T12:17:31.203+0700] {logging_mixin.py:190} INFO - [2026-09-18T12:17:31.203+0700] {dag.py:4180} INFO - Setting next_dagrun for example_task_group_decorator to None, run_after=None
[2026-09-18T12:17:31.213+0700] {processor.py:208} INFO - Processing /Users/andreasanditya/Downloads/572392_Andreas_AirflowETL/code/.venv/lib/python3.9/site-packages/airflow/example_dags/example_task_group_decorator.py took 0.135 seconds
[2026-09-18T12:19:00.745+0700] {processor.py:186} INFO - Started process (PID=51402) to work on /Users/andreasanditya/Downloads/572392_Andreas_AirflowETL/code/.venv/lib/python3.9/site-packages/airflow/example_dags/example_task_group_decorator.py
[2026-09-18T12:19:00.746+0700] {processor.py:914} INFO - Processing file /Users/andreasanditya/Downloads/572392_Andreas_AirflowETL/code/.venv/lib/python3.9/site-packages/airflow/example_dags/example_task_group_decorator.py for tasks to queue
[2026-09-18T12:19:00.747+0700] {logging_mixin.py:190} INFO - [2026-09-18T12:19:00.747+0700] {dagbag.py:588} INFO - Filling up the DagBag from /Users/andreasanditya/Downloads/572392_Andreas_AirflowETL/code/.venv/lib/python3.9/site-packages/airflow/example_dags/example_task_group_decorator.py
[2026-09-18T12:19:00.805+0700] {processor.py:925} INFO - DAG(s) 'example_task_group_decorator' retrieved from /Users/andreasanditya/Downloads/572392_Andreas_AirflowETL/code/.venv/lib/python3.9/site-packages/airflow/example_dags/example_task_group_decorator.py
[2026-09-18T12:19:00.870+0700] {logging_mixin.py:190} INFO - [2026-09-18T12:19:00.870+0700] {dag.py:3239} INFO - Sync 1 DAGs
[2026-09-18T12:19:00.876+0700] {logging_mixin.py:190} INFO - [2026-09-18T12:19:00.876+0700] {dag.py:4180} INFO - Setting next_dagrun for example_task_group_decorator to None, run_after=None
[2026-09-18T12:19:00.886+0700] {processor.py:208} INFO - Processing /Users/andreasanditya/Downloads/572392_Andreas_AirflowETL/code/.venv/lib/python3.9/site-packages/airflow/example_dags/example_task_group_decorator.py took 0.144 seconds
[2026-09-18T12:20:29.193+0700] {processor.py:186} INFO - Started process (PID=52984) to work on /Users/andreasanditya/Downloads/572392_Andreas_AirflowETL/code/.venv/lib/python3.9/site-packages/airflow/example_dags/example_task_group_decorator.py
[2026-09-18T12:20:29.195+0700] {processor.py:914} INFO - Processing file /Users/andreasanditya/Downloads/572392_Andreas_AirflowETL/code/.venv/lib/python3.9/site-packages/airflow/example_dags/example_task_group_decorator.py for tasks to queue
[2026-09-18T12:20:29.196+0700] {logging_mixin.py:190} INFO - [2026-09-18T12:20:29.195+0700] {dagbag.py:588} INFO - Filling up the DagBag from /Users/andreasanditya/Downloads/572392_Andreas_AirflowETL/code/.venv/lib/python3.9/site-packages/airflow/example_dags/example_task_group_decorator.py
[2026-09-18T12:20:29.250+0700] {processor.py:925} INFO - DAG(s) 'example_task_group_decorator' retrieved from /Users/andreasanditya/Downloads/572392_Andreas_AirflowETL/code/.venv/lib/python3.9/site-packages/airflow/example_dags/example_task_group_decorator.py
[2026-09-18T12:20:29.314+0700] {logging_mixin.py:190} INFO - [2026-09-18T12:20:29.313+0700] {dag.py:3239} INFO - Sync 1 DAGs
[2026-09-18T12:20:29.320+0700] {logging_mixin.py:190} INFO - [2026-09-18T12:20:29.320+0700] {dag.py:4180} INFO - Setting next_dagrun for example_task_group_decorator to None, run_after=None
[2026-09-18T12:20:29.330+0700] {processor.py:208} INFO - Processing /Users/andreasanditya/Downloads/572392_Andreas_AirflowETL/code/.venv/lib/python3.9/site-packages/airflow/example_dags/example_task_group_decorator.py took 0.138 seconds
[2026-09-18T12:21:56.419+0700] {processor.py:186} INFO - Started process (PID=53954) to work on /Users/andreasanditya/Downloads/572392_Andreas_AirflowETL/code/.venv/lib/python3.9/site-packages/airflow/example_dags/example_task_group_decorator.py
[2026-09-18T12:21:56.420+0700] {processor.py:914} INFO - Processing file /Users/andreasanditya/Downloads/572392_Andreas_AirflowETL/code/.venv/lib/python3.9/site-packages/airflow/example_dags/example_task_group_decorator.py for tasks to queue
[2026-09-18T12:21:56.421+0700] {logging_mixin.py:190} INFO - [2026-09-18T12:21:56.420+0700] {dagbag.py:588} INFO - Filling up the DagBag from /Users/andreasanditya/Downloads/572392_Andreas_AirflowETL/code/.venv/lib/python3.9/site-packages/airflow/example_dags/example_task_group_decorator.py
[2026-09-18T12:21:56.473+0700] {processor.py:925} INFO - DAG(s) 'example_task_group_decorator' retrieved from /Users/andreasanditya/Downloads/572392_Andreas_AirflowETL/code/.venv/lib/python3.9/site-packages/airflow/example_dags/example_task_group_decorator.py
[2026-09-18T12:21:56.535+0700] {logging_mixin.py:190} INFO - [2026-09-18T12:21:56.535+0700] {dag.py:3239} INFO - Sync 1 DAGs
[2026-09-18T12:21:56.541+0700] {logging_mixin.py:190} INFO - [2026-09-18T12:21:56.541+0700] {dag.py:4180} INFO - Setting next_dagrun for example_task_group_decorator to None, run_after=None
[2026-09-18T12:21:56.552+0700] {processor.py:208} INFO - Processing /Users/andreasanditya/Downloads/572392_Andreas_AirflowETL/code/.venv/lib/python3.9/site-packages/airflow/example_dags/example_task_group_decorator.py took 0.135 seconds
[2026-09-18T12:23:24.077+0700] {processor.py:186} INFO - Started process (PID=54773) to work on /Users/andreasanditya/Downloads/572392_Andreas_AirflowETL/code/.venv/lib/python3.9/site-packages/airflow/example_dags/example_task_group_decorator.py
[2026-09-18T12:23:24.078+0700] {processor.py:914} INFO - Processing file /Users/andreasanditya/Downloads/572392_Andreas_AirflowETL/code/.venv/lib/python3.9/site-packages/airflow/example_dags/example_task_group_decorator.py for tasks to queue
[2026-09-18T12:23:24.078+0700] {logging_mixin.py:190} INFO - [2026-09-18T12:23:24.078+0700] {dagbag.py:588} INFO - Filling up the DagBag from /Users/andreasanditya/Downloads/572392_Andreas_AirflowETL/code/.venv/lib/python3.9/site-packages/airflow/example_dags/example_task_group_decorator.py
[2026-09-18T12:23:24.129+0700] {processor.py:925} INFO - DAG(s) 'example_task_group_decorator' retrieved from /Users/andreasanditya/Downloads/572392_Andreas_AirflowETL/code/.venv/lib/python3.9/site-packages/airflow/example_dags/example_task_group_decorator.py
[2026-09-18T12:23:24.191+0700] {logging_mixin.py:190} INFO - [2026-09-18T12:23:24.190+0700] {dag.py:3239} INFO - Sync 1 DAGs
[2026-09-18T12:23:24.196+0700] {logging_mixin.py:190} INFO - [2026-09-18T12:23:24.196+0700] {dag.py:4180} INFO - Setting next_dagrun for example_task_group_decorator to None, run_after=None
[2026-09-18T12:23:24.206+0700] {processor.py:208} INFO - Processing /Users/andreasanditya/Downloads/572392_Andreas_AirflowETL/code/.venv/lib/python3.9/site-packages/airflow/example_dags/example_task_group_decorator.py took 0.131 seconds
[2026-09-18T12:24:49.941+0700] {processor.py:186} INFO - Started process (PID=55709) to work on /Users/andreasanditya/Downloads/572392_Andreas_AirflowETL/code/.venv/lib/python3.9/site-packages/airflow/example_dags/example_task_group_decorator.py
[2026-09-18T12:24:49.942+0700] {processor.py:914} INFO - Processing file /Users/andreasanditya/Downloads/572392_Andreas_AirflowETL/code/.venv/lib/python3.9/site-packages/airflow/example_dags/example_task_group_decorator.py for tasks to queue
[2026-09-18T12:24:49.943+0700] {logging_mixin.py:190} INFO - [2026-09-18T12:24:49.943+0700] {dagbag.py:588} INFO - Filling up the DagBag from /Users/andreasanditya/Downloads/572392_Andreas_AirflowETL/code/.venv/lib/python3.9/site-packages/airflow/example_dags/example_task_group_decorator.py
[2026-09-18T12:24:49.992+0700] {processor.py:925} INFO - DAG(s) 'example_task_group_decorator' retrieved from /Users/andreasanditya/Downloads/572392_Andreas_AirflowETL/code/.venv/lib/python3.9/site-packages/airflow/example_dags/example_task_group_decorator.py
[2026-09-18T12:24:50.054+0700] {logging_mixin.py:190} INFO - [2026-09-18T12:24:50.054+0700] {dag.py:3239} INFO - Sync 1 DAGs
[2026-09-18T12:24:50.060+0700] {logging_mixin.py:190} INFO - [2026-09-18T12:24:50.060+0700] {dag.py:4180} INFO - Setting next_dagrun for example_task_group_decorator to None, run_after=None
[2026-09-18T12:24:50.070+0700] {processor.py:208} INFO - Processing /Users/andreasanditya/Downloads/572392_Andreas_AirflowETL/code/.venv/lib/python3.9/site-packages/airflow/example_dags/example_task_group_decorator.py took 0.131 seconds
[2026-09-18T12:26:16.202+0700] {processor.py:186} INFO - Started process (PID=56619) to work on /Users/andreasanditya/Downloads/572392_Andreas_AirflowETL/code/.venv/lib/python3.9/site-packages/airflow/example_dags/example_task_group_decorator.py
[2026-09-18T12:26:16.203+0700] {processor.py:914} INFO - Processing file /Users/andreasanditya/Downloads/572392_Andreas_AirflowETL/code/.venv/lib/python3.9/site-packages/airflow/example_dags/example_task_group_decorator.py for tasks to queue
[2026-09-18T12:26:16.204+0700] {logging_mixin.py:190} INFO - [2026-09-18T12:26:16.204+0700] {dagbag.py:588} INFO - Filling up the DagBag from /Users/andreasanditya/Downloads/572392_Andreas_AirflowETL/code/.venv/lib/python3.9/site-packages/airflow/example_dags/example_task_group_decorator.py
[2026-09-18T12:26:16.252+0700] {processor.py:925} INFO - DAG(s) 'example_task_group_decorator' retrieved from /Users/andreasanditya/Downloads/572392_Andreas_AirflowETL/code/.venv/lib/python3.9/site-packages/airflow/example_dags/example_task_group_decorator.py
[2026-09-18T12:26:16.315+0700] {logging_mixin.py:190} INFO - [2026-09-18T12:26:16.315+0700] {dag.py:3239} INFO - Sync 1 DAGs
[2026-09-18T12:26:16.321+0700] {logging_mixin.py:190} INFO - [2026-09-18T12:26:16.321+0700] {dag.py:4180} INFO - Setting next_dagrun for example_task_group_decorator to None, run_after=None
[2026-09-18T12:26:16.331+0700] {processor.py:208} INFO - Processing /Users/andreasanditya/Downloads/572392_Andreas_AirflowETL/code/.venv/lib/python3.9/site-packages/airflow/example_dags/example_task_group_decorator.py took 0.131 seconds
[2026-09-18T12:27:43.581+0700] {processor.py:186} INFO - Started process (PID=57539) to work on /Users/andreasanditya/Downloads/572392_Andreas_AirflowETL/code/.venv/lib/python3.9/site-packages/airflow/example_dags/example_task_group_decorator.py
[2026-09-18T12:27:43.582+0700] {processor.py:914} INFO - Processing file /Users/andreasanditya/Downloads/572392_Andreas_AirflowETL/code/.venv/lib/python3.9/site-packages/airflow/example_dags/example_task_group_decorator.py for tasks to queue
[2026-09-18T12:27:43.583+0700] {logging_mixin.py:190} INFO - [2026-09-18T12:27:43.583+0700] {dagbag.py:588} INFO - Filling up the DagBag from /Users/andreasanditya/Downloads/572392_Andreas_AirflowETL/code/.venv/lib/python3.9/site-packages/airflow/example_dags/example_task_group_decorator.py
[2026-09-18T12:27:43.638+0700] {processor.py:925} INFO - DAG(s) 'example_task_group_decorator' retrieved from /Users/andreasanditya/Downloads/572392_Andreas_AirflowETL/code/.venv/lib/python3.9/site-packages/airflow/example_dags/example_task_group_decorator.py
[2026-09-18T12:27:43.705+0700] {logging_mixin.py:190} INFO - [2026-09-18T12:27:43.705+0700] {dag.py:3239} INFO - Sync 1 DAGs
[2026-09-18T12:27:43.711+0700] {logging_mixin.py:190} INFO - [2026-09-18T12:27:43.711+0700] {dag.py:4180} INFO - Setting next_dagrun for example_task_group_decorator to None, run_after=None
[2026-09-18T12:27:43.722+0700] {processor.py:208} INFO - Processing /Users/andreasanditya/Downloads/572392_Andreas_AirflowETL/code/.venv/lib/python3.9/site-packages/airflow/example_dags/example_task_group_decorator.py took 0.143 seconds
[2026-09-18T12:29:08.696+0700] {processor.py:186} INFO - Started process (PID=58384) to work on /Users/andreasanditya/Downloads/572392_Andreas_AirflowETL/code/.venv/lib/python3.9/site-packages/airflow/example_dags/example_task_group_decorator.py
[2026-09-18T12:29:08.697+0700] {processor.py:914} INFO - Processing file /Users/andreasanditya/Downloads/572392_Andreas_AirflowETL/code/.venv/lib/python3.9/site-packages/airflow/example_dags/example_task_group_decorator.py for tasks to queue
[2026-09-18T12:29:08.698+0700] {logging_mixin.py:190} INFO - [2026-09-18T12:29:08.698+0700] {dagbag.py:588} INFO - Filling up the DagBag from /Users/andreasanditya/Downloads/572392_Andreas_AirflowETL/code/.venv/lib/python3.9/site-packages/airflow/example_dags/example_task_group_decorator.py
[2026-09-18T12:29:08.746+0700] {processor.py:925} INFO - DAG(s) 'example_task_group_decorator' retrieved from /Users/andreasanditya/Downloads/572392_Andreas_AirflowETL/code/.venv/lib/python3.9/site-packages/airflow/example_dags/example_task_group_decorator.py
[2026-09-18T12:29:08.807+0700] {logging_mixin.py:190} INFO - [2026-09-18T12:29:08.807+0700] {dag.py:3239} INFO - Sync 1 DAGs
[2026-09-18T12:29:08.813+0700] {logging_mixin.py:190} INFO - [2026-09-18T12:29:08.813+0700] {dag.py:4180} INFO - Setting next_dagrun for example_task_group_decorator to None, run_after=None
[2026-09-18T12:29:08.823+0700] {processor.py:208} INFO - Processing /Users/andreasanditya/Downloads/572392_Andreas_AirflowETL/code/.venv/lib/python3.9/site-packages/airflow/example_dags/example_task_group_decorator.py took 0.129 seconds
[2026-09-18T12:30:32.293+0700] {processor.py:186} INFO - Started process (PID=59304) to work on /Users/andreasanditya/Downloads/572392_Andreas_AirflowETL/code/.venv/lib/python3.9/site-packages/airflow/example_dags/example_task_group_decorator.py
[2026-09-18T12:30:32.295+0700] {processor.py:914} INFO - Processing file /Users/andreasanditya/Downloads/572392_Andreas_AirflowETL/code/.venv/lib/python3.9/site-packages/airflow/example_dags/example_task_group_decorator.py for tasks to queue
[2026-09-18T12:30:32.296+0700] {logging_mixin.py:190} INFO - [2026-09-18T12:30:32.296+0700] {dagbag.py:588} INFO - Filling up the DagBag from /Users/andreasanditya/Downloads/572392_Andreas_AirflowETL/code/.venv/lib/python3.9/site-packages/airflow/example_dags/example_task_group_decorator.py
[2026-09-18T12:30:32.344+0700] {processor.py:925} INFO - DAG(s) 'example_task_group_decorator' retrieved from /Users/andreasanditya/Downloads/572392_Andreas_AirflowETL/code/.venv/lib/python3.9/site-packages/airflow/example_dags/example_task_group_decorator.py
[2026-09-18T12:30:32.406+0700] {logging_mixin.py:190} INFO - [2026-09-18T12:30:32.405+0700] {dag.py:3239} INFO - Sync 1 DAGs
[2026-09-18T12:30:32.411+0700] {logging_mixin.py:190} INFO - [2026-09-18T12:30:32.411+0700] {dag.py:4180} INFO - Setting next_dagrun for example_task_group_decorator to None, run_after=None
[2026-09-18T12:30:32.421+0700] {processor.py:208} INFO - Processing /Users/andreasanditya/Downloads/572392_Andreas_AirflowETL/code/.venv/lib/python3.9/site-packages/airflow/example_dags/example_task_group_decorator.py took 0.129 seconds
[2026-09-18T12:31:54.262+0700] {processor.py:186} INFO - Started process (PID=60120) to work on /Users/andreasanditya/Downloads/572392_Andreas_AirflowETL/code/.venv/lib/python3.9/site-packages/airflow/example_dags/example_task_group_decorator.py
[2026-09-18T12:31:54.263+0700] {processor.py:914} INFO - Processing file /Users/andreasanditya/Downloads/572392_Andreas_AirflowETL/code/.venv/lib/python3.9/site-packages/airflow/example_dags/example_task_group_decorator.py for tasks to queue
[2026-09-18T12:31:54.264+0700] {logging_mixin.py:190} INFO - [2026-09-18T12:31:54.263+0700] {dagbag.py:588} INFO - Filling up the DagBag from /Users/andreasanditya/Downloads/572392_Andreas_AirflowETL/code/.venv/lib/python3.9/site-packages/airflow/example_dags/example_task_group_decorator.py
[2026-09-18T12:31:54.312+0700] {processor.py:925} INFO - DAG(s) 'example_task_group_decorator' retrieved from /Users/andreasanditya/Downloads/572392_Andreas_AirflowETL/code/.venv/lib/python3.9/site-packages/airflow/example_dags/example_task_group_decorator.py
[2026-09-18T12:31:54.374+0700] {logging_mixin.py:190} INFO - [2026-09-18T12:31:54.374+0700] {dag.py:3239} INFO - Sync 1 DAGs
[2026-09-18T12:31:54.380+0700] {logging_mixin.py:190} INFO - [2026-09-18T12:31:54.380+0700] {dag.py:4180} INFO - Setting next_dagrun for example_task_group_decorator to None, run_after=None
[2026-09-18T12:31:54.389+0700] {processor.py:208} INFO - Processing /Users/andreasanditya/Downloads/572392_Andreas_AirflowETL/code/.venv/lib/python3.9/site-packages/airflow/example_dags/example_task_group_decorator.py took 0.129 seconds
[2026-09-18T12:33:20.256+0700] {processor.py:186} INFO - Started process (PID=60986) to work on /Users/andreasanditya/Downloads/572392_Andreas_AirflowETL/code/.venv/lib/python3.9/site-packages/airflow/example_dags/example_task_group_decorator.py
[2026-09-18T12:33:20.257+0700] {processor.py:914} INFO - Processing file /Users/andreasanditya/Downloads/572392_Andreas_AirflowETL/code/.venv/lib/python3.9/site-packages/airflow/example_dags/example_task_group_decorator.py for tasks to queue
[2026-09-18T12:33:20.257+0700] {logging_mixin.py:190} INFO - [2026-09-18T12:33:20.257+0700] {dagbag.py:588} INFO - Filling up the DagBag from /Users/andreasanditya/Downloads/572392_Andreas_AirflowETL/code/.venv/lib/python3.9/site-packages/airflow/example_dags/example_task_group_decorator.py
[2026-09-18T12:33:20.306+0700] {processor.py:925} INFO - DAG(s) 'example_task_group_decorator' retrieved from /Users/andreasanditya/Downloads/572392_Andreas_AirflowETL/code/.venv/lib/python3.9/site-packages/airflow/example_dags/example_task_group_decorator.py
[2026-09-18T12:33:20.367+0700] {logging_mixin.py:190} INFO - [2026-09-18T12:33:20.367+0700] {dag.py:3239} INFO - Sync 1 DAGs
[2026-09-18T12:33:20.373+0700] {logging_mixin.py:190} INFO - [2026-09-18T12:33:20.373+0700] {dag.py:4180} INFO - Setting next_dagrun for example_task_group_decorator to None, run_after=None
[2026-09-18T12:33:20.382+0700] {processor.py:208} INFO - Processing /Users/andreasanditya/Downloads/572392_Andreas_AirflowETL/code/.venv/lib/python3.9/site-packages/airflow/example_dags/example_task_group_decorator.py took 0.129 seconds
[2026-09-18T12:34:46.124+0700] {processor.py:186} INFO - Started process (PID=61902) to work on /Users/andreasanditya/Downloads/572392_Andreas_AirflowETL/code/.venv/lib/python3.9/site-packages/airflow/example_dags/example_task_group_decorator.py
[2026-09-18T12:34:46.125+0700] {processor.py:914} INFO - Processing file /Users/andreasanditya/Downloads/572392_Andreas_AirflowETL/code/.venv/lib/python3.9/site-packages/airflow/example_dags/example_task_group_decorator.py for tasks to queue
[2026-09-18T12:34:46.126+0700] {logging_mixin.py:190} INFO - [2026-09-18T12:34:46.126+0700] {dagbag.py:588} INFO - Filling up the DagBag from /Users/andreasanditya/Downloads/572392_Andreas_AirflowETL/code/.venv/lib/python3.9/site-packages/airflow/example_dags/example_task_group_decorator.py
[2026-09-18T12:34:46.174+0700] {processor.py:925} INFO - DAG(s) 'example_task_group_decorator' retrieved from /Users/andreasanditya/Downloads/572392_Andreas_AirflowETL/code/.venv/lib/python3.9/site-packages/airflow/example_dags/example_task_group_decorator.py
[2026-09-18T12:34:46.236+0700] {logging_mixin.py:190} INFO - [2026-09-18T12:34:46.236+0700] {dag.py:3239} INFO - Sync 1 DAGs
[2026-09-18T12:34:46.241+0700] {logging_mixin.py:190} INFO - [2026-09-18T12:34:46.241+0700] {dag.py:4180} INFO - Setting next_dagrun for example_task_group_decorator to None, run_after=None
[2026-09-18T12:34:46.251+0700] {processor.py:208} INFO - Processing /Users/andreasanditya/Downloads/572392_Andreas_AirflowETL/code/.venv/lib/python3.9/site-packages/airflow/example_dags/example_task_group_decorator.py took 0.129 seconds
[2026-09-18T12:36:10.495+0700] {processor.py:186} INFO - Started process (PID=62725) to work on /Users/andreasanditya/Downloads/572392_Andreas_AirflowETL/code/.venv/lib/python3.9/site-packages/airflow/example_dags/example_task_group_decorator.py
[2026-09-18T12:36:10.496+0700] {processor.py:914} INFO - Processing file /Users/andreasanditya/Downloads/572392_Andreas_AirflowETL/code/.venv/lib/python3.9/site-packages/airflow/example_dags/example_task_group_decorator.py for tasks to queue
[2026-09-18T12:36:10.497+0700] {logging_mixin.py:190} INFO - [2026-09-18T12:36:10.497+0700] {dagbag.py:588} INFO - Filling up the DagBag from /Users/andreasanditya/Downloads/572392_Andreas_AirflowETL/code/.venv/lib/python3.9/site-packages/airflow/example_dags/example_task_group_decorator.py
[2026-09-18T12:36:10.546+0700] {processor.py:925} INFO - DAG(s) 'example_task_group_decorator' retrieved from /Users/andreasanditya/Downloads/572392_Andreas_AirflowETL/code/.venv/lib/python3.9/site-packages/airflow/example_dags/example_task_group_decorator.py
[2026-09-18T12:36:10.607+0700] {logging_mixin.py:190} INFO - [2026-09-18T12:36:10.607+0700] {dag.py:3239} INFO - Sync 1 DAGs
[2026-09-18T12:36:10.613+0700] {logging_mixin.py:190} INFO - [2026-09-18T12:36:10.613+0700] {dag.py:4180} INFO - Setting next_dagrun for example_task_group_decorator to None, run_after=None
[2026-09-18T12:36:10.623+0700] {processor.py:208} INFO - Processing /Users/andreasanditya/Downloads/572392_Andreas_AirflowETL/code/.venv/lib/python3.9/site-packages/airflow/example_dags/example_task_group_decorator.py took 0.130 seconds
[2026-09-18T12:37:36.800+0700] {processor.py:186} INFO - Started process (PID=63674) to work on /Users/andreasanditya/Downloads/572392_Andreas_AirflowETL/code/.venv/lib/python3.9/site-packages/airflow/example_dags/example_task_group_decorator.py
[2026-09-18T12:37:36.801+0700] {processor.py:914} INFO - Processing file /Users/andreasanditya/Downloads/572392_Andreas_AirflowETL/code/.venv/lib/python3.9/site-packages/airflow/example_dags/example_task_group_decorator.py for tasks to queue
[2026-09-18T12:37:36.802+0700] {logging_mixin.py:190} INFO - [2026-09-18T12:37:36.802+0700] {dagbag.py:588} INFO - Filling up the DagBag from /Users/andreasanditya/Downloads/572392_Andreas_AirflowETL/code/.venv/lib/python3.9/site-packages/airflow/example_dags/example_task_group_decorator.py
[2026-09-18T12:37:36.851+0700] {processor.py:925} INFO - DAG(s) 'example_task_group_decorator' retrieved from /Users/andreasanditya/Downloads/572392_Andreas_AirflowETL/code/.venv/lib/python3.9/site-packages/airflow/example_dags/example_task_group_decorator.py
[2026-09-18T12:37:36.912+0700] {logging_mixin.py:190} INFO - [2026-09-18T12:37:36.912+0700] {dag.py:3239} INFO - Sync 1 DAGs
[2026-09-18T12:37:36.918+0700] {logging_mixin.py:190} INFO - [2026-09-18T12:37:36.918+0700] {dag.py:4180} INFO - Setting next_dagrun for example_task_group_decorator to None, run_after=None
[2026-09-18T12:37:36.928+0700] {processor.py:208} INFO - Processing /Users/andreasanditya/Downloads/572392_Andreas_AirflowETL/code/.venv/lib/python3.9/site-packages/airflow/example_dags/example_task_group_decorator.py took 0.129 seconds
[2026-09-18T12:39:04.488+0700] {processor.py:186} INFO - Started process (PID=64511) to work on /Users/andreasanditya/Downloads/572392_Andreas_AirflowETL/code/.venv/lib/python3.9/site-packages/airflow/example_dags/example_task_group_decorator.py
[2026-09-18T12:39:04.490+0700] {processor.py:914} INFO - Processing file /Users/andreasanditya/Downloads/572392_Andreas_AirflowETL/code/.venv/lib/python3.9/site-packages/airflow/example_dags/example_task_group_decorator.py for tasks to queue
[2026-09-18T12:39:04.491+0700] {logging_mixin.py:190} INFO - [2026-09-18T12:39:04.491+0700] {dagbag.py:588} INFO - Filling up the DagBag from /Users/andreasanditya/Downloads/572392_Andreas_AirflowETL/code/.venv/lib/python3.9/site-packages/airflow/example_dags/example_task_group_decorator.py
[2026-09-18T12:39:04.539+0700] {processor.py:925} INFO - DAG(s) 'example_task_group_decorator' retrieved from /Users/andreasanditya/Downloads/572392_Andreas_AirflowETL/code/.venv/lib/python3.9/site-packages/airflow/example_dags/example_task_group_decorator.py
[2026-09-18T12:39:04.600+0700] {logging_mixin.py:190} INFO - [2026-09-18T12:39:04.600+0700] {dag.py:3239} INFO - Sync 1 DAGs
[2026-09-18T12:39:04.606+0700] {logging_mixin.py:190} INFO - [2026-09-18T12:39:04.606+0700] {dag.py:4180} INFO - Setting next_dagrun for example_task_group_decorator to None, run_after=None
[2026-09-18T12:39:04.616+0700] {processor.py:208} INFO - Processing /Users/andreasanditya/Downloads/572392_Andreas_AirflowETL/code/.venv/lib/python3.9/site-packages/airflow/example_dags/example_task_group_decorator.py took 0.129 seconds
[2026-09-18T12:40:32.056+0700] {processor.py:186} INFO - Started process (PID=65424) to work on /Users/andreasanditya/Downloads/572392_Andreas_AirflowETL/code/.venv/lib/python3.9/site-packages/airflow/example_dags/example_task_group_decorator.py
[2026-09-18T12:40:32.057+0700] {processor.py:914} INFO - Processing file /Users/andreasanditya/Downloads/572392_Andreas_AirflowETL/code/.venv/lib/python3.9/site-packages/airflow/example_dags/example_task_group_decorator.py for tasks to queue
[2026-09-18T12:40:32.058+0700] {logging_mixin.py:190} INFO - [2026-09-18T12:40:32.058+0700] {dagbag.py:588} INFO - Filling up the DagBag from /Users/andreasanditya/Downloads/572392_Andreas_AirflowETL/code/.venv/lib/python3.9/site-packages/airflow/example_dags/example_task_group_decorator.py
[2026-09-18T12:40:32.107+0700] {processor.py:925} INFO - DAG(s) 'example_task_group_decorator' retrieved from /Users/andreasanditya/Downloads/572392_Andreas_AirflowETL/code/.venv/lib/python3.9/site-packages/airflow/example_dags/example_task_group_decorator.py
[2026-09-18T12:40:32.169+0700] {logging_mixin.py:190} INFO - [2026-09-18T12:40:32.169+0700] {dag.py:3239} INFO - Sync 1 DAGs
[2026-09-18T12:40:32.175+0700] {logging_mixin.py:190} INFO - [2026-09-18T12:40:32.175+0700] {dag.py:4180} INFO - Setting next_dagrun for example_task_group_decorator to None, run_after=None
[2026-09-18T12:40:32.184+0700] {processor.py:208} INFO - Processing /Users/andreasanditya/Downloads/572392_Andreas_AirflowETL/code/.venv/lib/python3.9/site-packages/airflow/example_dags/example_task_group_decorator.py took 0.130 seconds
[2026-09-18T12:41:57.230+0700] {processor.py:186} INFO - Started process (PID=66253) to work on /Users/andreasanditya/Downloads/572392_Andreas_AirflowETL/code/.venv/lib/python3.9/site-packages/airflow/example_dags/example_task_group_decorator.py
[2026-09-18T12:41:57.231+0700] {processor.py:914} INFO - Processing file /Users/andreasanditya/Downloads/572392_Andreas_AirflowETL/code/.venv/lib/python3.9/site-packages/airflow/example_dags/example_task_group_decorator.py for tasks to queue
[2026-09-18T12:41:57.231+0700] {logging_mixin.py:190} INFO - [2026-09-18T12:41:57.231+0700] {dagbag.py:588} INFO - Filling up the DagBag from /Users/andreasanditya/Downloads/572392_Andreas_AirflowETL/code/.venv/lib/python3.9/site-packages/airflow/example_dags/example_task_group_decorator.py
[2026-09-18T12:41:57.280+0700] {processor.py:925} INFO - DAG(s) 'example_task_group_decorator' retrieved from /Users/andreasanditya/Downloads/572392_Andreas_AirflowETL/code/.venv/lib/python3.9/site-packages/airflow/example_dags/example_task_group_decorator.py
[2026-09-18T12:41:57.343+0700] {logging_mixin.py:190} INFO - [2026-09-18T12:41:57.343+0700] {dag.py:3239} INFO - Sync 1 DAGs
[2026-09-18T12:41:57.349+0700] {logging_mixin.py:190} INFO - [2026-09-18T12:41:57.348+0700] {dag.py:4180} INFO - Setting next_dagrun for example_task_group_decorator to None, run_after=None
[2026-09-18T12:41:57.358+0700] {processor.py:208} INFO - Processing /Users/andreasanditya/Downloads/572392_Andreas_AirflowETL/code/.venv/lib/python3.9/site-packages/airflow/example_dags/example_task_group_decorator.py took 0.130 seconds
[2026-09-18T12:43:23.891+0700] {processor.py:186} INFO - Started process (PID=67162) to work on /Users/andreasanditya/Downloads/572392_Andreas_AirflowETL/code/.venv/lib/python3.9/site-packages/airflow/example_dags/example_task_group_decorator.py
[2026-09-18T12:43:23.892+0700] {processor.py:914} INFO - Processing file /Users/andreasanditya/Downloads/572392_Andreas_AirflowETL/code/.venv/lib/python3.9/site-packages/airflow/example_dags/example_task_group_decorator.py for tasks to queue
[2026-09-18T12:43:23.892+0700] {logging_mixin.py:190} INFO - [2026-09-18T12:43:23.892+0700] {dagbag.py:588} INFO - Filling up the DagBag from /Users/andreasanditya/Downloads/572392_Andreas_AirflowETL/code/.venv/lib/python3.9/site-packages/airflow/example_dags/example_task_group_decorator.py
[2026-09-18T12:43:23.943+0700] {processor.py:925} INFO - DAG(s) 'example_task_group_decorator' retrieved from /Users/andreasanditya/Downloads/572392_Andreas_AirflowETL/code/.venv/lib/python3.9/site-packages/airflow/example_dags/example_task_group_decorator.py
[2026-09-18T12:43:24.006+0700] {logging_mixin.py:190} INFO - [2026-09-18T12:43:24.006+0700] {dag.py:3239} INFO - Sync 1 DAGs
[2026-09-18T12:43:24.012+0700] {logging_mixin.py:190} INFO - [2026-09-18T12:43:24.011+0700] {dag.py:4180} INFO - Setting next_dagrun for example_task_group_decorator to None, run_after=None
[2026-09-18T12:43:24.022+0700] {processor.py:208} INFO - Processing /Users/andreasanditya/Downloads/572392_Andreas_AirflowETL/code/.venv/lib/python3.9/site-packages/airflow/example_dags/example_task_group_decorator.py took 0.134 seconds
[2026-09-18T12:44:50.571+0700] {processor.py:186} INFO - Started process (PID=67994) to work on /Users/andreasanditya/Downloads/572392_Andreas_AirflowETL/code/.venv/lib/python3.9/site-packages/airflow/example_dags/example_task_group_decorator.py
[2026-09-18T12:44:50.572+0700] {processor.py:914} INFO - Processing file /Users/andreasanditya/Downloads/572392_Andreas_AirflowETL/code/.venv/lib/python3.9/site-packages/airflow/example_dags/example_task_group_decorator.py for tasks to queue
[2026-09-18T12:44:50.573+0700] {logging_mixin.py:190} INFO - [2026-09-18T12:44:50.573+0700] {dagbag.py:588} INFO - Filling up the DagBag from /Users/andreasanditya/Downloads/572392_Andreas_AirflowETL/code/.venv/lib/python3.9/site-packages/airflow/example_dags/example_task_group_decorator.py
[2026-09-18T12:44:50.621+0700] {processor.py:925} INFO - DAG(s) 'example_task_group_decorator' retrieved from /Users/andreasanditya/Downloads/572392_Andreas_AirflowETL/code/.venv/lib/python3.9/site-packages/airflow/example_dags/example_task_group_decorator.py
[2026-09-18T12:44:50.684+0700] {logging_mixin.py:190} INFO - [2026-09-18T12:44:50.683+0700] {dag.py:3239} INFO - Sync 1 DAGs
[2026-09-18T12:44:50.689+0700] {logging_mixin.py:190} INFO - [2026-09-18T12:44:50.689+0700] {dag.py:4180} INFO - Setting next_dagrun for example_task_group_decorator to None, run_after=None
[2026-09-18T12:44:50.699+0700] {processor.py:208} INFO - Processing /Users/andreasanditya/Downloads/572392_Andreas_AirflowETL/code/.venv/lib/python3.9/site-packages/airflow/example_dags/example_task_group_decorator.py took 0.130 seconds
[2026-09-18T12:46:17.206+0700] {processor.py:186} INFO - Started process (PID=68927) to work on /Users/andreasanditya/Downloads/572392_Andreas_AirflowETL/code/.venv/lib/python3.9/site-packages/airflow/example_dags/example_task_group_decorator.py
[2026-09-18T12:46:17.207+0700] {processor.py:914} INFO - Processing file /Users/andreasanditya/Downloads/572392_Andreas_AirflowETL/code/.venv/lib/python3.9/site-packages/airflow/example_dags/example_task_group_decorator.py for tasks to queue
[2026-09-18T12:46:17.207+0700] {logging_mixin.py:190} INFO - [2026-09-18T12:46:17.207+0700] {dagbag.py:588} INFO - Filling up the DagBag from /Users/andreasanditya/Downloads/572392_Andreas_AirflowETL/code/.venv/lib/python3.9/site-packages/airflow/example_dags/example_task_group_decorator.py
[2026-09-18T12:46:17.257+0700] {processor.py:925} INFO - DAG(s) 'example_task_group_decorator' retrieved from /Users/andreasanditya/Downloads/572392_Andreas_AirflowETL/code/.venv/lib/python3.9/site-packages/airflow/example_dags/example_task_group_decorator.py
[2026-09-18T12:46:17.319+0700] {logging_mixin.py:190} INFO - [2026-09-18T12:46:17.319+0700] {dag.py:3239} INFO - Sync 1 DAGs
[2026-09-18T12:46:17.325+0700] {logging_mixin.py:190} INFO - [2026-09-18T12:46:17.325+0700] {dag.py:4180} INFO - Setting next_dagrun for example_task_group_decorator to None, run_after=None
[2026-09-18T12:46:17.334+0700] {processor.py:208} INFO - Processing /Users/andreasanditya/Downloads/572392_Andreas_AirflowETL/code/.venv/lib/python3.9/site-packages/airflow/example_dags/example_task_group_decorator.py took 0.131 seconds
[2026-09-18T12:47:44.389+0700] {processor.py:186} INFO - Started process (PID=69839) to work on /Users/andreasanditya/Downloads/572392_Andreas_AirflowETL/code/.venv/lib/python3.9/site-packages/airflow/example_dags/example_task_group_decorator.py
[2026-09-18T12:47:44.390+0700] {processor.py:914} INFO - Processing file /Users/andreasanditya/Downloads/572392_Andreas_AirflowETL/code/.venv/lib/python3.9/site-packages/airflow/example_dags/example_task_group_decorator.py for tasks to queue
[2026-09-18T12:47:44.390+0700] {logging_mixin.py:190} INFO - [2026-09-18T12:47:44.390+0700] {dagbag.py:588} INFO - Filling up the DagBag from /Users/andreasanditya/Downloads/572392_Andreas_AirflowETL/code/.venv/lib/python3.9/site-packages/airflow/example_dags/example_task_group_decorator.py
[2026-09-18T12:47:44.438+0700] {processor.py:925} INFO - DAG(s) 'example_task_group_decorator' retrieved from /Users/andreasanditya/Downloads/572392_Andreas_AirflowETL/code/.venv/lib/python3.9/site-packages/airflow/example_dags/example_task_group_decorator.py
[2026-09-18T12:47:44.499+0700] {logging_mixin.py:190} INFO - [2026-09-18T12:47:44.499+0700] {dag.py:3239} INFO - Sync 1 DAGs
[2026-09-18T12:47:44.505+0700] {logging_mixin.py:190} INFO - [2026-09-18T12:47:44.505+0700] {dag.py:4180} INFO - Setting next_dagrun for example_task_group_decorator to None, run_after=None
[2026-09-18T12:47:44.515+0700] {processor.py:208} INFO - Processing /Users/andreasanditya/Downloads/572392_Andreas_AirflowETL/code/.venv/lib/python3.9/site-packages/airflow/example_dags/example_task_group_decorator.py took 0.128 seconds
[2026-09-18T12:49:09.731+0700] {processor.py:186} INFO - Started process (PID=70661) to work on /Users/andreasanditya/Downloads/572392_Andreas_AirflowETL/code/.venv/lib/python3.9/site-packages/airflow/example_dags/example_task_group_decorator.py
[2026-09-18T12:49:09.731+0700] {processor.py:914} INFO - Processing file /Users/andreasanditya/Downloads/572392_Andreas_AirflowETL/code/.venv/lib/python3.9/site-packages/airflow/example_dags/example_task_group_decorator.py for tasks to queue
[2026-09-18T12:49:09.732+0700] {logging_mixin.py:190} INFO - [2026-09-18T12:49:09.732+0700] {dagbag.py:588} INFO - Filling up the DagBag from /Users/andreasanditya/Downloads/572392_Andreas_AirflowETL/code/.venv/lib/python3.9/site-packages/airflow/example_dags/example_task_group_decorator.py
[2026-09-18T12:49:09.780+0700] {processor.py:925} INFO - DAG(s) 'example_task_group_decorator' retrieved from /Users/andreasanditya/Downloads/572392_Andreas_AirflowETL/code/.venv/lib/python3.9/site-packages/airflow/example_dags/example_task_group_decorator.py
[2026-09-18T12:49:09.842+0700] {logging_mixin.py:190} INFO - [2026-09-18T12:49:09.842+0700] {dag.py:3239} INFO - Sync 1 DAGs
[2026-09-18T12:49:09.848+0700] {logging_mixin.py:190} INFO - [2026-09-18T12:49:09.848+0700] {dag.py:4180} INFO - Setting next_dagrun for example_task_group_decorator to None, run_after=None
[2026-09-18T12:49:09.857+0700] {processor.py:208} INFO - Processing /Users/andreasanditya/Downloads/572392_Andreas_AirflowETL/code/.venv/lib/python3.9/site-packages/airflow/example_dags/example_task_group_decorator.py took 0.129 seconds
[2026-09-18T12:50:33.502+0700] {processor.py:186} INFO - Started process (PID=71492) to work on /Users/andreasanditya/Downloads/572392_Andreas_AirflowETL/code/.venv/lib/python3.9/site-packages/airflow/example_dags/example_task_group_decorator.py
[2026-09-18T12:50:33.503+0700] {processor.py:914} INFO - Processing file /Users/andreasanditya/Downloads/572392_Andreas_AirflowETL/code/.venv/lib/python3.9/site-packages/airflow/example_dags/example_task_group_decorator.py for tasks to queue
[2026-09-18T12:50:33.504+0700] {logging_mixin.py:190} INFO - [2026-09-18T12:50:33.504+0700] {dagbag.py:588} INFO - Filling up the DagBag from /Users/andreasanditya/Downloads/572392_Andreas_AirflowETL/code/.venv/lib/python3.9/site-packages/airflow/example_dags/example_task_group_decorator.py
[2026-09-18T12:50:33.552+0700] {processor.py:925} INFO - DAG(s) 'example_task_group_decorator' retrieved from /Users/andreasanditya/Downloads/572392_Andreas_AirflowETL/code/.venv/lib/python3.9/site-packages/airflow/example_dags/example_task_group_decorator.py
[2026-09-18T12:50:33.614+0700] {logging_mixin.py:190} INFO - [2026-09-18T12:50:33.614+0700] {dag.py:3239} INFO - Sync 1 DAGs
[2026-09-18T12:50:33.620+0700] {logging_mixin.py:190} INFO - [2026-09-18T12:50:33.619+0700] {dag.py:4180} INFO - Setting next_dagrun for example_task_group_decorator to None, run_after=None
[2026-09-18T12:50:33.629+0700] {processor.py:208} INFO - Processing /Users/andreasanditya/Downloads/572392_Andreas_AirflowETL/code/.venv/lib/python3.9/site-packages/airflow/example_dags/example_task_group_decorator.py took 0.129 seconds
[2026-09-18T12:51:55.502+0700] {processor.py:186} INFO - Started process (PID=72314) to work on /Users/andreasanditya/Downloads/572392_Andreas_AirflowETL/code/.venv/lib/python3.9/site-packages/airflow/example_dags/example_task_group_decorator.py
[2026-09-18T12:51:55.503+0700] {processor.py:914} INFO - Processing file /Users/andreasanditya/Downloads/572392_Andreas_AirflowETL/code/.venv/lib/python3.9/site-packages/airflow/example_dags/example_task_group_decorator.py for tasks to queue
[2026-09-18T12:51:55.504+0700] {logging_mixin.py:190} INFO - [2026-09-18T12:51:55.504+0700] {dagbag.py:588} INFO - Filling up the DagBag from /Users/andreasanditya/Downloads/572392_Andreas_AirflowETL/code/.venv/lib/python3.9/site-packages/airflow/example_dags/example_task_group_decorator.py
[2026-09-18T12:51:55.552+0700] {processor.py:925} INFO - DAG(s) 'example_task_group_decorator' retrieved from /Users/andreasanditya/Downloads/572392_Andreas_AirflowETL/code/.venv/lib/python3.9/site-packages/airflow/example_dags/example_task_group_decorator.py
[2026-09-18T12:51:55.614+0700] {logging_mixin.py:190} INFO - [2026-09-18T12:51:55.613+0700] {dag.py:3239} INFO - Sync 1 DAGs
[2026-09-18T12:51:55.619+0700] {logging_mixin.py:190} INFO - [2026-09-18T12:51:55.619+0700] {dag.py:4180} INFO - Setting next_dagrun for example_task_group_decorator to None, run_after=None
[2026-09-18T12:51:55.629+0700] {processor.py:208} INFO - Processing /Users/andreasanditya/Downloads/572392_Andreas_AirflowETL/code/.venv/lib/python3.9/site-packages/airflow/example_dags/example_task_group_decorator.py took 0.129 seconds
[2026-09-18T12:53:22.815+0700] {processor.py:186} INFO - Started process (PID=73241) to work on /Users/andreasanditya/Downloads/572392_Andreas_AirflowETL/code/.venv/lib/python3.9/site-packages/airflow/example_dags/example_task_group_decorator.py
[2026-09-18T12:53:22.816+0700] {processor.py:914} INFO - Processing file /Users/andreasanditya/Downloads/572392_Andreas_AirflowETL/code/.venv/lib/python3.9/site-packages/airflow/example_dags/example_task_group_decorator.py for tasks to queue
[2026-09-18T12:53:22.817+0700] {logging_mixin.py:190} INFO - [2026-09-18T12:53:22.817+0700] {dagbag.py:588} INFO - Filling up the DagBag from /Users/andreasanditya/Downloads/572392_Andreas_AirflowETL/code/.venv/lib/python3.9/site-packages/airflow/example_dags/example_task_group_decorator.py
[2026-09-18T12:53:22.866+0700] {processor.py:925} INFO - DAG(s) 'example_task_group_decorator' retrieved from /Users/andreasanditya/Downloads/572392_Andreas_AirflowETL/code/.venv/lib/python3.9/site-packages/airflow/example_dags/example_task_group_decorator.py
[2026-09-18T12:53:22.928+0700] {logging_mixin.py:190} INFO - [2026-09-18T12:53:22.928+0700] {dag.py:3239} INFO - Sync 1 DAGs
[2026-09-18T12:53:22.934+0700] {logging_mixin.py:190} INFO - [2026-09-18T12:53:22.934+0700] {dag.py:4180} INFO - Setting next_dagrun for example_task_group_decorator to None, run_after=None
[2026-09-18T12:53:22.944+0700] {processor.py:208} INFO - Processing /Users/andreasanditya/Downloads/572392_Andreas_AirflowETL/code/.venv/lib/python3.9/site-packages/airflow/example_dags/example_task_group_decorator.py took 0.131 seconds
[2026-09-18T12:54:46.980+0700] {processor.py:186} INFO - Started process (PID=74096) to work on /Users/andreasanditya/Downloads/572392_Andreas_AirflowETL/code/.venv/lib/python3.9/site-packages/airflow/example_dags/example_task_group_decorator.py
[2026-09-18T12:54:46.981+0700] {processor.py:914} INFO - Processing file /Users/andreasanditya/Downloads/572392_Andreas_AirflowETL/code/.venv/lib/python3.9/site-packages/airflow/example_dags/example_task_group_decorator.py for tasks to queue
[2026-09-18T12:54:46.982+0700] {logging_mixin.py:190} INFO - [2026-09-18T12:54:46.982+0700] {dagbag.py:588} INFO - Filling up the DagBag from /Users/andreasanditya/Downloads/572392_Andreas_AirflowETL/code/.venv/lib/python3.9/site-packages/airflow/example_dags/example_task_group_decorator.py
[2026-09-18T12:54:47.031+0700] {processor.py:925} INFO - DAG(s) 'example_task_group_decorator' retrieved from /Users/andreasanditya/Downloads/572392_Andreas_AirflowETL/code/.venv/lib/python3.9/site-packages/airflow/example_dags/example_task_group_decorator.py
[2026-09-18T12:54:47.093+0700] {logging_mixin.py:190} INFO - [2026-09-18T12:54:47.092+0700] {dag.py:3239} INFO - Sync 1 DAGs
[2026-09-18T12:54:47.098+0700] {logging_mixin.py:190} INFO - [2026-09-18T12:54:47.098+0700] {dag.py:4180} INFO - Setting next_dagrun for example_task_group_decorator to None, run_after=None
[2026-09-18T12:54:47.108+0700] {processor.py:208} INFO - Processing /Users/andreasanditya/Downloads/572392_Andreas_AirflowETL/code/.venv/lib/python3.9/site-packages/airflow/example_dags/example_task_group_decorator.py took 0.130 seconds
[2026-09-18T12:56:10.811+0700] {processor.py:186} INFO - Started process (PID=75001) to work on /Users/andreasanditya/Downloads/572392_Andreas_AirflowETL/code/.venv/lib/python3.9/site-packages/airflow/example_dags/example_task_group_decorator.py
[2026-09-18T12:56:10.812+0700] {processor.py:914} INFO - Processing file /Users/andreasanditya/Downloads/572392_Andreas_AirflowETL/code/.venv/lib/python3.9/site-packages/airflow/example_dags/example_task_group_decorator.py for tasks to queue
[2026-09-18T12:56:10.813+0700] {logging_mixin.py:190} INFO - [2026-09-18T12:56:10.812+0700] {dagbag.py:588} INFO - Filling up the DagBag from /Users/andreasanditya/Downloads/572392_Andreas_AirflowETL/code/.venv/lib/python3.9/site-packages/airflow/example_dags/example_task_group_decorator.py
[2026-09-18T12:56:10.861+0700] {processor.py:925} INFO - DAG(s) 'example_task_group_decorator' retrieved from /Users/andreasanditya/Downloads/572392_Andreas_AirflowETL/code/.venv/lib/python3.9/site-packages/airflow/example_dags/example_task_group_decorator.py
[2026-09-18T12:56:10.924+0700] {logging_mixin.py:190} INFO - [2026-09-18T12:56:10.923+0700] {dag.py:3239} INFO - Sync 1 DAGs
[2026-09-18T12:56:10.929+0700] {logging_mixin.py:190} INFO - [2026-09-18T12:56:10.929+0700] {dag.py:4180} INFO - Setting next_dagrun for example_task_group_decorator to None, run_after=None
[2026-09-18T12:56:10.939+0700] {processor.py:208} INFO - Processing /Users/andreasanditya/Downloads/572392_Andreas_AirflowETL/code/.venv/lib/python3.9/site-packages/airflow/example_dags/example_task_group_decorator.py took 0.130 seconds
[2026-09-18T12:57:37.512+0700] {processor.py:186} INFO - Started process (PID=75832) to work on /Users/andreasanditya/Downloads/572392_Andreas_AirflowETL/code/.venv/lib/python3.9/site-packages/airflow/example_dags/example_task_group_decorator.py
[2026-09-18T12:57:37.513+0700] {processor.py:914} INFO - Processing file /Users/andreasanditya/Downloads/572392_Andreas_AirflowETL/code/.venv/lib/python3.9/site-packages/airflow/example_dags/example_task_group_decorator.py for tasks to queue
[2026-09-18T12:57:37.514+0700] {logging_mixin.py:190} INFO - [2026-09-18T12:57:37.513+0700] {dagbag.py:588} INFO - Filling up the DagBag from /Users/andreasanditya/Downloads/572392_Andreas_AirflowETL/code/.venv/lib/python3.9/site-packages/airflow/example_dags/example_task_group_decorator.py
[2026-09-18T12:57:37.562+0700] {processor.py:925} INFO - DAG(s) 'example_task_group_decorator' retrieved from /Users/andreasanditya/Downloads/572392_Andreas_AirflowETL/code/.venv/lib/python3.9/site-packages/airflow/example_dags/example_task_group_decorator.py
[2026-09-18T12:57:37.623+0700] {logging_mixin.py:190} INFO - [2026-09-18T12:57:37.623+0700] {dag.py:3239} INFO - Sync 1 DAGs
[2026-09-18T12:57:37.629+0700] {logging_mixin.py:190} INFO - [2026-09-18T12:57:37.629+0700] {dag.py:4180} INFO - Setting next_dagrun for example_task_group_decorator to None, run_after=None
[2026-09-18T12:57:37.638+0700] {processor.py:208} INFO - Processing /Users/andreasanditya/Downloads/572392_Andreas_AirflowETL/code/.venv/lib/python3.9/site-packages/airflow/example_dags/example_task_group_decorator.py took 0.128 seconds
[2026-09-18T12:59:02.424+0700] {processor.py:186} INFO - Started process (PID=76782) to work on /Users/andreasanditya/Downloads/572392_Andreas_AirflowETL/code/.venv/lib/python3.9/site-packages/airflow/example_dags/example_task_group_decorator.py
[2026-09-18T12:59:02.425+0700] {processor.py:914} INFO - Processing file /Users/andreasanditya/Downloads/572392_Andreas_AirflowETL/code/.venv/lib/python3.9/site-packages/airflow/example_dags/example_task_group_decorator.py for tasks to queue
[2026-09-18T12:59:02.425+0700] {logging_mixin.py:190} INFO - [2026-09-18T12:59:02.425+0700] {dagbag.py:588} INFO - Filling up the DagBag from /Users/andreasanditya/Downloads/572392_Andreas_AirflowETL/code/.venv/lib/python3.9/site-packages/airflow/example_dags/example_task_group_decorator.py
[2026-09-18T12:59:02.474+0700] {processor.py:925} INFO - DAG(s) 'example_task_group_decorator' retrieved from /Users/andreasanditya/Downloads/572392_Andreas_AirflowETL/code/.venv/lib/python3.9/site-packages/airflow/example_dags/example_task_group_decorator.py
[2026-09-18T12:59:02.537+0700] {logging_mixin.py:190} INFO - [2026-09-18T12:59:02.537+0700] {dag.py:3239} INFO - Sync 1 DAGs
[2026-09-18T12:59:02.543+0700] {logging_mixin.py:190} INFO - [2026-09-18T12:59:02.543+0700] {dag.py:4180} INFO - Setting next_dagrun for example_task_group_decorator to None, run_after=None
[2026-09-18T12:59:02.553+0700] {processor.py:208} INFO - Processing /Users/andreasanditya/Downloads/572392_Andreas_AirflowETL/code/.venv/lib/python3.9/site-packages/airflow/example_dags/example_task_group_decorator.py took 0.132 seconds
[2026-09-18T13:00:28.956+0700] {processor.py:186} INFO - Started process (PID=77614) to work on /Users/andreasanditya/Downloads/572392_Andreas_AirflowETL/code/.venv/lib/python3.9/site-packages/airflow/example_dags/example_task_group_decorator.py
[2026-09-18T13:00:28.957+0700] {processor.py:914} INFO - Processing file /Users/andreasanditya/Downloads/572392_Andreas_AirflowETL/code/.venv/lib/python3.9/site-packages/airflow/example_dags/example_task_group_decorator.py for tasks to queue
[2026-09-18T13:00:28.958+0700] {logging_mixin.py:190} INFO - [2026-09-18T13:00:28.958+0700] {dagbag.py:588} INFO - Filling up the DagBag from /Users/andreasanditya/Downloads/572392_Andreas_AirflowETL/code/.venv/lib/python3.9/site-packages/airflow/example_dags/example_task_group_decorator.py
[2026-09-18T13:00:29.006+0700] {processor.py:925} INFO - DAG(s) 'example_task_group_decorator' retrieved from /Users/andreasanditya/Downloads/572392_Andreas_AirflowETL/code/.venv/lib/python3.9/site-packages/airflow/example_dags/example_task_group_decorator.py
[2026-09-18T13:00:29.068+0700] {logging_mixin.py:190} INFO - [2026-09-18T13:00:29.068+0700] {dag.py:3239} INFO - Sync 1 DAGs
[2026-09-18T13:00:29.074+0700] {logging_mixin.py:190} INFO - [2026-09-18T13:00:29.074+0700] {dag.py:4180} INFO - Setting next_dagrun for example_task_group_decorator to None, run_after=None
[2026-09-18T13:00:29.083+0700] {processor.py:208} INFO - Processing /Users/andreasanditya/Downloads/572392_Andreas_AirflowETL/code/.venv/lib/python3.9/site-packages/airflow/example_dags/example_task_group_decorator.py took 0.129 seconds
[2026-09-18T13:01:56.087+0700] {processor.py:186} INFO - Started process (PID=78514) to work on /Users/andreasanditya/Downloads/572392_Andreas_AirflowETL/code/.venv/lib/python3.9/site-packages/airflow/example_dags/example_task_group_decorator.py
[2026-09-18T13:01:56.090+0700] {processor.py:914} INFO - Processing file /Users/andreasanditya/Downloads/572392_Andreas_AirflowETL/code/.venv/lib/python3.9/site-packages/airflow/example_dags/example_task_group_decorator.py for tasks to queue
[2026-09-18T13:01:56.090+0700] {logging_mixin.py:190} INFO - [2026-09-18T13:01:56.090+0700] {dagbag.py:588} INFO - Filling up the DagBag from /Users/andreasanditya/Downloads/572392_Andreas_AirflowETL/code/.venv/lib/python3.9/site-packages/airflow/example_dags/example_task_group_decorator.py
[2026-09-18T13:01:56.139+0700] {processor.py:925} INFO - DAG(s) 'example_task_group_decorator' retrieved from /Users/andreasanditya/Downloads/572392_Andreas_AirflowETL/code/.venv/lib/python3.9/site-packages/airflow/example_dags/example_task_group_decorator.py
[2026-09-18T13:01:56.200+0700] {logging_mixin.py:190} INFO - [2026-09-18T13:01:56.200+0700] {dag.py:3239} INFO - Sync 1 DAGs
[2026-09-18T13:01:56.206+0700] {logging_mixin.py:190} INFO - [2026-09-18T13:01:56.206+0700] {dag.py:4180} INFO - Setting next_dagrun for example_task_group_decorator to None, run_after=None
[2026-09-18T13:01:56.216+0700] {processor.py:208} INFO - Processing /Users/andreasanditya/Downloads/572392_Andreas_AirflowETL/code/.venv/lib/python3.9/site-packages/airflow/example_dags/example_task_group_decorator.py took 0.131 seconds
[2026-09-18T13:03:21.190+0700] {processor.py:186} INFO - Started process (PID=79380) to work on /Users/andreasanditya/Downloads/572392_Andreas_AirflowETL/code/.venv/lib/python3.9/site-packages/airflow/example_dags/example_task_group_decorator.py
[2026-09-18T13:03:21.191+0700] {processor.py:914} INFO - Processing file /Users/andreasanditya/Downloads/572392_Andreas_AirflowETL/code/.venv/lib/python3.9/site-packages/airflow/example_dags/example_task_group_decorator.py for tasks to queue
[2026-09-18T13:03:21.192+0700] {logging_mixin.py:190} INFO - [2026-09-18T13:03:21.192+0700] {dagbag.py:588} INFO - Filling up the DagBag from /Users/andreasanditya/Downloads/572392_Andreas_AirflowETL/code/.venv/lib/python3.9/site-packages/airflow/example_dags/example_task_group_decorator.py
[2026-09-18T13:03:21.240+0700] {processor.py:925} INFO - DAG(s) 'example_task_group_decorator' retrieved from /Users/andreasanditya/Downloads/572392_Andreas_AirflowETL/code/.venv/lib/python3.9/site-packages/airflow/example_dags/example_task_group_decorator.py
[2026-09-18T13:03:21.301+0700] {logging_mixin.py:190} INFO - [2026-09-18T13:03:21.301+0700] {dag.py:3239} INFO - Sync 1 DAGs
[2026-09-18T13:03:21.307+0700] {logging_mixin.py:190} INFO - [2026-09-18T13:03:21.307+0700] {dag.py:4180} INFO - Setting next_dagrun for example_task_group_decorator to None, run_after=None
[2026-09-18T13:03:21.317+0700] {processor.py:208} INFO - Processing /Users/andreasanditya/Downloads/572392_Andreas_AirflowETL/code/.venv/lib/python3.9/site-packages/airflow/example_dags/example_task_group_decorator.py took 0.128 seconds
[2026-09-18T13:04:47.127+0700] {processor.py:186} INFO - Started process (PID=80302) to work on /Users/andreasanditya/Downloads/572392_Andreas_AirflowETL/code/.venv/lib/python3.9/site-packages/airflow/example_dags/example_task_group_decorator.py
[2026-09-18T13:04:47.128+0700] {processor.py:914} INFO - Processing file /Users/andreasanditya/Downloads/572392_Andreas_AirflowETL/code/.venv/lib/python3.9/site-packages/airflow/example_dags/example_task_group_decorator.py for tasks to queue
[2026-09-18T13:04:47.128+0700] {logging_mixin.py:190} INFO - [2026-09-18T13:04:47.128+0700] {dagbag.py:588} INFO - Filling up the DagBag from /Users/andreasanditya/Downloads/572392_Andreas_AirflowETL/code/.venv/lib/python3.9/site-packages/airflow/example_dags/example_task_group_decorator.py
[2026-09-18T13:04:47.177+0700] {processor.py:925} INFO - DAG(s) 'example_task_group_decorator' retrieved from /Users/andreasanditya/Downloads/572392_Andreas_AirflowETL/code/.venv/lib/python3.9/site-packages/airflow/example_dags/example_task_group_decorator.py
[2026-09-18T13:04:47.238+0700] {logging_mixin.py:190} INFO - [2026-09-18T13:04:47.238+0700] {dag.py:3239} INFO - Sync 1 DAGs
[2026-09-18T13:04:47.244+0700] {logging_mixin.py:190} INFO - [2026-09-18T13:04:47.244+0700] {dag.py:4180} INFO - Setting next_dagrun for example_task_group_decorator to None, run_after=None
[2026-09-18T13:04:47.253+0700] {processor.py:208} INFO - Processing /Users/andreasanditya/Downloads/572392_Andreas_AirflowETL/code/.venv/lib/python3.9/site-packages/airflow/example_dags/example_task_group_decorator.py took 0.128 seconds
[2026-09-18T13:06:13.900+0700] {processor.py:186} INFO - Started process (PID=81140) to work on /Users/andreasanditya/Downloads/572392_Andreas_AirflowETL/code/.venv/lib/python3.9/site-packages/airflow/example_dags/example_task_group_decorator.py
[2026-09-18T13:06:13.900+0700] {processor.py:914} INFO - Processing file /Users/andreasanditya/Downloads/572392_Andreas_AirflowETL/code/.venv/lib/python3.9/site-packages/airflow/example_dags/example_task_group_decorator.py for tasks to queue
[2026-09-18T13:06:13.901+0700] {logging_mixin.py:190} INFO - [2026-09-18T13:06:13.901+0700] {dagbag.py:588} INFO - Filling up the DagBag from /Users/andreasanditya/Downloads/572392_Andreas_AirflowETL/code/.venv/lib/python3.9/site-packages/airflow/example_dags/example_task_group_decorator.py
[2026-09-18T13:06:13.950+0700] {processor.py:925} INFO - DAG(s) 'example_task_group_decorator' retrieved from /Users/andreasanditya/Downloads/572392_Andreas_AirflowETL/code/.venv/lib/python3.9/site-packages/airflow/example_dags/example_task_group_decorator.py
[2026-09-18T13:06:14.011+0700] {logging_mixin.py:190} INFO - [2026-09-18T13:06:14.011+0700] {dag.py:3239} INFO - Sync 1 DAGs
[2026-09-18T13:06:14.017+0700] {logging_mixin.py:190} INFO - [2026-09-18T13:06:14.016+0700] {dag.py:4180} INFO - Setting next_dagrun for example_task_group_decorator to None, run_after=None
[2026-09-18T13:06:14.026+0700] {processor.py:208} INFO - Processing /Users/andreasanditya/Downloads/572392_Andreas_AirflowETL/code/.venv/lib/python3.9/site-packages/airflow/example_dags/example_task_group_decorator.py took 0.128 seconds
[2026-09-18T13:07:36.443+0700] {processor.py:186} INFO - Started process (PID=81967) to work on /Users/andreasanditya/Downloads/572392_Andreas_AirflowETL/code/.venv/lib/python3.9/site-packages/airflow/example_dags/example_task_group_decorator.py
[2026-09-18T13:07:36.444+0700] {processor.py:914} INFO - Processing file /Users/andreasanditya/Downloads/572392_Andreas_AirflowETL/code/.venv/lib/python3.9/site-packages/airflow/example_dags/example_task_group_decorator.py for tasks to queue
[2026-09-18T13:07:36.444+0700] {logging_mixin.py:190} INFO - [2026-09-18T13:07:36.444+0700] {dagbag.py:588} INFO - Filling up the DagBag from /Users/andreasanditya/Downloads/572392_Andreas_AirflowETL/code/.venv/lib/python3.9/site-packages/airflow/example_dags/example_task_group_decorator.py
[2026-09-18T13:07:36.493+0700] {processor.py:925} INFO - DAG(s) 'example_task_group_decorator' retrieved from /Users/andreasanditya/Downloads/572392_Andreas_AirflowETL/code/.venv/lib/python3.9/site-packages/airflow/example_dags/example_task_group_decorator.py
[2026-09-18T13:07:36.555+0700] {logging_mixin.py:190} INFO - [2026-09-18T13:07:36.555+0700] {dag.py:3239} INFO - Sync 1 DAGs
[2026-09-18T13:07:36.561+0700] {logging_mixin.py:190} INFO - [2026-09-18T13:07:36.561+0700] {dag.py:4180} INFO - Setting next_dagrun for example_task_group_decorator to None, run_after=None
[2026-09-18T13:07:36.571+0700] {processor.py:208} INFO - Processing /Users/andreasanditya/Downloads/572392_Andreas_AirflowETL/code/.venv/lib/python3.9/site-packages/airflow/example_dags/example_task_group_decorator.py took 0.130 seconds
[2026-09-18T13:09:00.409+0700] {processor.py:186} INFO - Started process (PID=82893) to work on /Users/andreasanditya/Downloads/572392_Andreas_AirflowETL/code/.venv/lib/python3.9/site-packages/airflow/example_dags/example_task_group_decorator.py
[2026-09-18T13:09:00.412+0700] {processor.py:914} INFO - Processing file /Users/andreasanditya/Downloads/572392_Andreas_AirflowETL/code/.venv/lib/python3.9/site-packages/airflow/example_dags/example_task_group_decorator.py for tasks to queue
[2026-09-18T13:09:00.413+0700] {logging_mixin.py:190} INFO - [2026-09-18T13:09:00.413+0700] {dagbag.py:588} INFO - Filling up the DagBag from /Users/andreasanditya/Downloads/572392_Andreas_AirflowETL/code/.venv/lib/python3.9/site-packages/airflow/example_dags/example_task_group_decorator.py
[2026-09-18T13:09:00.461+0700] {processor.py:925} INFO - DAG(s) 'example_task_group_decorator' retrieved from /Users/andreasanditya/Downloads/572392_Andreas_AirflowETL/code/.venv/lib/python3.9/site-packages/airflow/example_dags/example_task_group_decorator.py
[2026-09-18T13:09:00.523+0700] {logging_mixin.py:190} INFO - [2026-09-18T13:09:00.522+0700] {dag.py:3239} INFO - Sync 1 DAGs
[2026-09-18T13:09:00.528+0700] {logging_mixin.py:190} INFO - [2026-09-18T13:09:00.528+0700] {dag.py:4180} INFO - Setting next_dagrun for example_task_group_decorator to None, run_after=None
[2026-09-18T13:09:00.538+0700] {processor.py:208} INFO - Processing /Users/andreasanditya/Downloads/572392_Andreas_AirflowETL/code/.venv/lib/python3.9/site-packages/airflow/example_dags/example_task_group_decorator.py took 0.131 seconds
[2026-09-18T13:10:27.447+0700] {processor.py:186} INFO - Started process (PID=83727) to work on /Users/andreasanditya/Downloads/572392_Andreas_AirflowETL/code/.venv/lib/python3.9/site-packages/airflow/example_dags/example_task_group_decorator.py
[2026-09-18T13:10:27.448+0700] {processor.py:914} INFO - Processing file /Users/andreasanditya/Downloads/572392_Andreas_AirflowETL/code/.venv/lib/python3.9/site-packages/airflow/example_dags/example_task_group_decorator.py for tasks to queue
[2026-09-18T13:10:27.449+0700] {logging_mixin.py:190} INFO - [2026-09-18T13:10:27.449+0700] {dagbag.py:588} INFO - Filling up the DagBag from /Users/andreasanditya/Downloads/572392_Andreas_AirflowETL/code/.venv/lib/python3.9/site-packages/airflow/example_dags/example_task_group_decorator.py
[2026-09-18T13:10:27.498+0700] {processor.py:925} INFO - DAG(s) 'example_task_group_decorator' retrieved from /Users/andreasanditya/Downloads/572392_Andreas_AirflowETL/code/.venv/lib/python3.9/site-packages/airflow/example_dags/example_task_group_decorator.py
[2026-09-18T13:10:27.560+0700] {logging_mixin.py:190} INFO - [2026-09-18T13:10:27.560+0700] {dag.py:3239} INFO - Sync 1 DAGs
[2026-09-18T13:10:27.565+0700] {logging_mixin.py:190} INFO - [2026-09-18T13:10:27.565+0700] {dag.py:4180} INFO - Setting next_dagrun for example_task_group_decorator to None, run_after=None
[2026-09-18T13:10:27.575+0700] {processor.py:208} INFO - Processing /Users/andreasanditya/Downloads/572392_Andreas_AirflowETL/code/.venv/lib/python3.9/site-packages/airflow/example_dags/example_task_group_decorator.py took 0.130 seconds
[2026-09-18T13:11:55.129+0700] {processor.py:186} INFO - Started process (PID=84641) to work on /Users/andreasanditya/Downloads/572392_Andreas_AirflowETL/code/.venv/lib/python3.9/site-packages/airflow/example_dags/example_task_group_decorator.py
[2026-09-18T13:11:55.130+0700] {processor.py:914} INFO - Processing file /Users/andreasanditya/Downloads/572392_Andreas_AirflowETL/code/.venv/lib/python3.9/site-packages/airflow/example_dags/example_task_group_decorator.py for tasks to queue
[2026-09-18T13:11:55.131+0700] {logging_mixin.py:190} INFO - [2026-09-18T13:11:55.131+0700] {dagbag.py:588} INFO - Filling up the DagBag from /Users/andreasanditya/Downloads/572392_Andreas_AirflowETL/code/.venv/lib/python3.9/site-packages/airflow/example_dags/example_task_group_decorator.py
[2026-09-18T13:11:55.179+0700] {processor.py:925} INFO - DAG(s) 'example_task_group_decorator' retrieved from /Users/andreasanditya/Downloads/572392_Andreas_AirflowETL/code/.venv/lib/python3.9/site-packages/airflow/example_dags/example_task_group_decorator.py
[2026-09-18T13:11:55.242+0700] {logging_mixin.py:190} INFO - [2026-09-18T13:11:55.241+0700] {dag.py:3239} INFO - Sync 1 DAGs
[2026-09-18T13:11:55.247+0700] {logging_mixin.py:190} INFO - [2026-09-18T13:11:55.247+0700] {dag.py:4180} INFO - Setting next_dagrun for example_task_group_decorator to None, run_after=None
[2026-09-18T13:11:55.258+0700] {processor.py:208} INFO - Processing /Users/andreasanditya/Downloads/572392_Andreas_AirflowETL/code/.venv/lib/python3.9/site-packages/airflow/example_dags/example_task_group_decorator.py took 0.130 seconds
[2026-09-18T13:13:19.722+0700] {processor.py:186} INFO - Started process (PID=85481) to work on /Users/andreasanditya/Downloads/572392_Andreas_AirflowETL/code/.venv/lib/python3.9/site-packages/airflow/example_dags/example_task_group_decorator.py
[2026-09-18T13:13:19.723+0700] {processor.py:914} INFO - Processing file /Users/andreasanditya/Downloads/572392_Andreas_AirflowETL/code/.venv/lib/python3.9/site-packages/airflow/example_dags/example_task_group_decorator.py for tasks to queue
[2026-09-18T13:13:19.724+0700] {logging_mixin.py:190} INFO - [2026-09-18T13:13:19.724+0700] {dagbag.py:588} INFO - Filling up the DagBag from /Users/andreasanditya/Downloads/572392_Andreas_AirflowETL/code/.venv/lib/python3.9/site-packages/airflow/example_dags/example_task_group_decorator.py
[2026-09-18T13:13:19.772+0700] {processor.py:925} INFO - DAG(s) 'example_task_group_decorator' retrieved from /Users/andreasanditya/Downloads/572392_Andreas_AirflowETL/code/.venv/lib/python3.9/site-packages/airflow/example_dags/example_task_group_decorator.py
[2026-09-18T13:13:19.833+0700] {logging_mixin.py:190} INFO - [2026-09-18T13:13:19.833+0700] {dag.py:3239} INFO - Sync 1 DAGs
[2026-09-18T13:13:19.839+0700] {logging_mixin.py:190} INFO - [2026-09-18T13:13:19.839+0700] {dag.py:4180} INFO - Setting next_dagrun for example_task_group_decorator to None, run_after=None
[2026-09-18T13:13:19.849+0700] {processor.py:208} INFO - Processing /Users/andreasanditya/Downloads/572392_Andreas_AirflowETL/code/.venv/lib/python3.9/site-packages/airflow/example_dags/example_task_group_decorator.py took 0.128 seconds
[2026-09-18T13:14:46.118+0700] {processor.py:186} INFO - Started process (PID=86397) to work on /Users/andreasanditya/Downloads/572392_Andreas_AirflowETL/code/.venv/lib/python3.9/site-packages/airflow/example_dags/example_task_group_decorator.py
[2026-09-18T13:14:46.119+0700] {processor.py:914} INFO - Processing file /Users/andreasanditya/Downloads/572392_Andreas_AirflowETL/code/.venv/lib/python3.9/site-packages/airflow/example_dags/example_task_group_decorator.py for tasks to queue
[2026-09-18T13:14:46.120+0700] {logging_mixin.py:190} INFO - [2026-09-18T13:14:46.120+0700] {dagbag.py:588} INFO - Filling up the DagBag from /Users/andreasanditya/Downloads/572392_Andreas_AirflowETL/code/.venv/lib/python3.9/site-packages/airflow/example_dags/example_task_group_decorator.py
[2026-09-18T13:14:46.169+0700] {processor.py:925} INFO - DAG(s) 'example_task_group_decorator' retrieved from /Users/andreasanditya/Downloads/572392_Andreas_AirflowETL/code/.venv/lib/python3.9/site-packages/airflow/example_dags/example_task_group_decorator.py
[2026-09-18T13:14:46.232+0700] {logging_mixin.py:190} INFO - [2026-09-18T13:14:46.232+0700] {dag.py:3239} INFO - Sync 1 DAGs
[2026-09-18T13:14:46.238+0700] {logging_mixin.py:190} INFO - [2026-09-18T13:14:46.238+0700] {dag.py:4180} INFO - Setting next_dagrun for example_task_group_decorator to None, run_after=None
[2026-09-18T13:14:46.248+0700] {processor.py:208} INFO - Processing /Users/andreasanditya/Downloads/572392_Andreas_AirflowETL/code/.venv/lib/python3.9/site-packages/airflow/example_dags/example_task_group_decorator.py took 0.132 seconds
[2026-09-18T13:16:12.750+0700] {processor.py:186} INFO - Started process (PID=87233) to work on /Users/andreasanditya/Downloads/572392_Andreas_AirflowETL/code/.venv/lib/python3.9/site-packages/airflow/example_dags/example_task_group_decorator.py
[2026-09-18T13:16:12.751+0700] {processor.py:914} INFO - Processing file /Users/andreasanditya/Downloads/572392_Andreas_AirflowETL/code/.venv/lib/python3.9/site-packages/airflow/example_dags/example_task_group_decorator.py for tasks to queue
[2026-09-18T13:16:12.752+0700] {logging_mixin.py:190} INFO - [2026-09-18T13:16:12.752+0700] {dagbag.py:588} INFO - Filling up the DagBag from /Users/andreasanditya/Downloads/572392_Andreas_AirflowETL/code/.venv/lib/python3.9/site-packages/airflow/example_dags/example_task_group_decorator.py
[2026-09-18T13:16:12.800+0700] {processor.py:925} INFO - DAG(s) 'example_task_group_decorator' retrieved from /Users/andreasanditya/Downloads/572392_Andreas_AirflowETL/code/.venv/lib/python3.9/site-packages/airflow/example_dags/example_task_group_decorator.py
[2026-09-18T13:16:12.862+0700] {logging_mixin.py:190} INFO - [2026-09-18T13:16:12.861+0700] {dag.py:3239} INFO - Sync 1 DAGs
[2026-09-18T13:16:12.867+0700] {logging_mixin.py:190} INFO - [2026-09-18T13:16:12.867+0700] {dag.py:4180} INFO - Setting next_dagrun for example_task_group_decorator to None, run_after=None
[2026-09-18T13:16:12.877+0700] {processor.py:208} INFO - Processing /Users/andreasanditya/Downloads/572392_Andreas_AirflowETL/code/.venv/lib/python3.9/site-packages/airflow/example_dags/example_task_group_decorator.py took 0.129 seconds
[2026-09-18T13:17:38.967+0700] {processor.py:186} INFO - Started process (PID=88131) to work on /Users/andreasanditya/Downloads/572392_Andreas_AirflowETL/code/.venv/lib/python3.9/site-packages/airflow/example_dags/example_task_group_decorator.py
[2026-09-18T13:17:38.968+0700] {processor.py:914} INFO - Processing file /Users/andreasanditya/Downloads/572392_Andreas_AirflowETL/code/.venv/lib/python3.9/site-packages/airflow/example_dags/example_task_group_decorator.py for tasks to queue
[2026-09-18T13:17:38.968+0700] {logging_mixin.py:190} INFO - [2026-09-18T13:17:38.968+0700] {dagbag.py:588} INFO - Filling up the DagBag from /Users/andreasanditya/Downloads/572392_Andreas_AirflowETL/code/.venv/lib/python3.9/site-packages/airflow/example_dags/example_task_group_decorator.py
[2026-09-18T13:17:39.017+0700] {processor.py:925} INFO - DAG(s) 'example_task_group_decorator' retrieved from /Users/andreasanditya/Downloads/572392_Andreas_AirflowETL/code/.venv/lib/python3.9/site-packages/airflow/example_dags/example_task_group_decorator.py
[2026-09-18T13:17:39.078+0700] {logging_mixin.py:190} INFO - [2026-09-18T13:17:39.078+0700] {dag.py:3239} INFO - Sync 1 DAGs
[2026-09-18T13:17:39.084+0700] {logging_mixin.py:190} INFO - [2026-09-18T13:17:39.084+0700] {dag.py:4180} INFO - Setting next_dagrun for example_task_group_decorator to None, run_after=None
[2026-09-18T13:17:39.094+0700] {processor.py:208} INFO - Processing /Users/andreasanditya/Downloads/572392_Andreas_AirflowETL/code/.venv/lib/python3.9/site-packages/airflow/example_dags/example_task_group_decorator.py took 0.129 seconds
[2026-09-18T13:19:04.154+0700] {processor.py:186} INFO - Started process (PID=88969) to work on /Users/andreasanditya/Downloads/572392_Andreas_AirflowETL/code/.venv/lib/python3.9/site-packages/airflow/example_dags/example_task_group_decorator.py
[2026-09-18T13:19:04.155+0700] {processor.py:914} INFO - Processing file /Users/andreasanditya/Downloads/572392_Andreas_AirflowETL/code/.venv/lib/python3.9/site-packages/airflow/example_dags/example_task_group_decorator.py for tasks to queue
[2026-09-18T13:19:04.156+0700] {logging_mixin.py:190} INFO - [2026-09-18T13:19:04.156+0700] {dagbag.py:588} INFO - Filling up the DagBag from /Users/andreasanditya/Downloads/572392_Andreas_AirflowETL/code/.venv/lib/python3.9/site-packages/airflow/example_dags/example_task_group_decorator.py
[2026-09-18T13:19:04.205+0700] {processor.py:925} INFO - DAG(s) 'example_task_group_decorator' retrieved from /Users/andreasanditya/Downloads/572392_Andreas_AirflowETL/code/.venv/lib/python3.9/site-packages/airflow/example_dags/example_task_group_decorator.py
[2026-09-18T13:19:04.266+0700] {logging_mixin.py:190} INFO - [2026-09-18T13:19:04.266+0700] {dag.py:3239} INFO - Sync 1 DAGs
[2026-09-18T13:19:04.272+0700] {logging_mixin.py:190} INFO - [2026-09-18T13:19:04.272+0700] {dag.py:4180} INFO - Setting next_dagrun for example_task_group_decorator to None, run_after=None
[2026-09-18T13:19:04.281+0700] {processor.py:208} INFO - Processing /Users/andreasanditya/Downloads/572392_Andreas_AirflowETL/code/.venv/lib/python3.9/site-packages/airflow/example_dags/example_task_group_decorator.py took 0.129 seconds
[2026-09-18T13:20:28.749+0700] {processor.py:186} INFO - Started process (PID=89877) to work on /Users/andreasanditya/Downloads/572392_Andreas_AirflowETL/code/.venv/lib/python3.9/site-packages/airflow/example_dags/example_task_group_decorator.py
[2026-09-18T13:20:28.750+0700] {processor.py:914} INFO - Processing file /Users/andreasanditya/Downloads/572392_Andreas_AirflowETL/code/.venv/lib/python3.9/site-packages/airflow/example_dags/example_task_group_decorator.py for tasks to queue
[2026-09-18T13:20:28.750+0700] {logging_mixin.py:190} INFO - [2026-09-18T13:20:28.750+0700] {dagbag.py:588} INFO - Filling up the DagBag from /Users/andreasanditya/Downloads/572392_Andreas_AirflowETL/code/.venv/lib/python3.9/site-packages/airflow/example_dags/example_task_group_decorator.py
[2026-09-18T13:20:28.798+0700] {processor.py:925} INFO - DAG(s) 'example_task_group_decorator' retrieved from /Users/andreasanditya/Downloads/572392_Andreas_AirflowETL/code/.venv/lib/python3.9/site-packages/airflow/example_dags/example_task_group_decorator.py
[2026-09-18T13:20:28.859+0700] {logging_mixin.py:190} INFO - [2026-09-18T13:20:28.859+0700] {dag.py:3239} INFO - Sync 1 DAGs
[2026-09-18T13:20:28.865+0700] {logging_mixin.py:190} INFO - [2026-09-18T13:20:28.865+0700] {dag.py:4180} INFO - Setting next_dagrun for example_task_group_decorator to None, run_after=None
[2026-09-18T13:20:28.874+0700] {processor.py:208} INFO - Processing /Users/andreasanditya/Downloads/572392_Andreas_AirflowETL/code/.venv/lib/python3.9/site-packages/airflow/example_dags/example_task_group_decorator.py took 0.127 seconds
[2026-09-18T13:21:53.447+0700] {processor.py:186} INFO - Started process (PID=90698) to work on /Users/andreasanditya/Downloads/572392_Andreas_AirflowETL/code/.venv/lib/python3.9/site-packages/airflow/example_dags/example_task_group_decorator.py
[2026-09-18T13:21:53.447+0700] {processor.py:914} INFO - Processing file /Users/andreasanditya/Downloads/572392_Andreas_AirflowETL/code/.venv/lib/python3.9/site-packages/airflow/example_dags/example_task_group_decorator.py for tasks to queue
[2026-09-18T13:21:53.448+0700] {logging_mixin.py:190} INFO - [2026-09-18T13:21:53.448+0700] {dagbag.py:588} INFO - Filling up the DagBag from /Users/andreasanditya/Downloads/572392_Andreas_AirflowETL/code/.venv/lib/python3.9/site-packages/airflow/example_dags/example_task_group_decorator.py
[2026-09-18T13:21:53.496+0700] {processor.py:925} INFO - DAG(s) 'example_task_group_decorator' retrieved from /Users/andreasanditya/Downloads/572392_Andreas_AirflowETL/code/.venv/lib/python3.9/site-packages/airflow/example_dags/example_task_group_decorator.py
[2026-09-18T13:21:53.557+0700] {logging_mixin.py:190} INFO - [2026-09-18T13:21:53.557+0700] {dag.py:3239} INFO - Sync 1 DAGs
[2026-09-18T13:21:53.563+0700] {logging_mixin.py:190} INFO - [2026-09-18T13:21:53.563+0700] {dag.py:4180} INFO - Setting next_dagrun for example_task_group_decorator to None, run_after=None
[2026-09-18T13:21:53.572+0700] {processor.py:208} INFO - Processing /Users/andreasanditya/Downloads/572392_Andreas_AirflowETL/code/.venv/lib/python3.9/site-packages/airflow/example_dags/example_task_group_decorator.py took 0.128 seconds
[2026-09-18T13:23:16.841+0700] {processor.py:186} INFO - Started process (PID=91533) to work on /Users/andreasanditya/Downloads/572392_Andreas_AirflowETL/code/.venv/lib/python3.9/site-packages/airflow/example_dags/example_task_group_decorator.py
[2026-09-18T13:23:16.842+0700] {processor.py:914} INFO - Processing file /Users/andreasanditya/Downloads/572392_Andreas_AirflowETL/code/.venv/lib/python3.9/site-packages/airflow/example_dags/example_task_group_decorator.py for tasks to queue
[2026-09-18T13:23:16.843+0700] {logging_mixin.py:190} INFO - [2026-09-18T13:23:16.843+0700] {dagbag.py:588} INFO - Filling up the DagBag from /Users/andreasanditya/Downloads/572392_Andreas_AirflowETL/code/.venv/lib/python3.9/site-packages/airflow/example_dags/example_task_group_decorator.py
[2026-09-18T13:23:16.892+0700] {processor.py:925} INFO - DAG(s) 'example_task_group_decorator' retrieved from /Users/andreasanditya/Downloads/572392_Andreas_AirflowETL/code/.venv/lib/python3.9/site-packages/airflow/example_dags/example_task_group_decorator.py
[2026-09-18T13:23:16.953+0700] {logging_mixin.py:190} INFO - [2026-09-18T13:23:16.953+0700] {dag.py:3239} INFO - Sync 1 DAGs
[2026-09-18T13:23:16.959+0700] {logging_mixin.py:190} INFO - [2026-09-18T13:23:16.959+0700] {dag.py:4180} INFO - Setting next_dagrun for example_task_group_decorator to None, run_after=None
[2026-09-18T13:23:16.969+0700] {processor.py:208} INFO - Processing /Users/andreasanditya/Downloads/572392_Andreas_AirflowETL/code/.venv/lib/python3.9/site-packages/airflow/example_dags/example_task_group_decorator.py took 0.129 seconds
[2026-09-18T13:24:39.282+0700] {processor.py:186} INFO - Started process (PID=92397) to work on /Users/andreasanditya/Downloads/572392_Andreas_AirflowETL/code/.venv/lib/python3.9/site-packages/airflow/example_dags/example_task_group_decorator.py
[2026-09-18T13:24:39.282+0700] {processor.py:914} INFO - Processing file /Users/andreasanditya/Downloads/572392_Andreas_AirflowETL/code/.venv/lib/python3.9/site-packages/airflow/example_dags/example_task_group_decorator.py for tasks to queue
[2026-09-18T13:24:39.283+0700] {logging_mixin.py:190} INFO - [2026-09-18T13:24:39.283+0700] {dagbag.py:588} INFO - Filling up the DagBag from /Users/andreasanditya/Downloads/572392_Andreas_AirflowETL/code/.venv/lib/python3.9/site-packages/airflow/example_dags/example_task_group_decorator.py
[2026-09-18T13:24:39.333+0700] {processor.py:925} INFO - DAG(s) 'example_task_group_decorator' retrieved from /Users/andreasanditya/Downloads/572392_Andreas_AirflowETL/code/.venv/lib/python3.9/site-packages/airflow/example_dags/example_task_group_decorator.py
[2026-09-18T13:24:39.395+0700] {logging_mixin.py:190} INFO - [2026-09-18T13:24:39.395+0700] {dag.py:3239} INFO - Sync 1 DAGs
[2026-09-18T13:24:39.401+0700] {logging_mixin.py:190} INFO - [2026-09-18T13:24:39.401+0700] {dag.py:4180} INFO - Setting next_dagrun for example_task_group_decorator to None, run_after=None
[2026-09-18T13:24:39.410+0700] {processor.py:208} INFO - Processing /Users/andreasanditya/Downloads/572392_Andreas_AirflowETL/code/.venv/lib/python3.9/site-packages/airflow/example_dags/example_task_group_decorator.py took 0.131 seconds
[2026-09-18T13:26:05.307+0700] {processor.py:186} INFO - Started process (PID=93422) to work on /Users/andreasanditya/Downloads/572392_Andreas_AirflowETL/code/.venv/lib/python3.9/site-packages/airflow/example_dags/example_task_group_decorator.py
[2026-09-18T13:26:05.308+0700] {processor.py:914} INFO - Processing file /Users/andreasanditya/Downloads/572392_Andreas_AirflowETL/code/.venv/lib/python3.9/site-packages/airflow/example_dags/example_task_group_decorator.py for tasks to queue
[2026-09-18T13:26:05.309+0700] {logging_mixin.py:190} INFO - [2026-09-18T13:26:05.309+0700] {dagbag.py:588} INFO - Filling up the DagBag from /Users/andreasanditya/Downloads/572392_Andreas_AirflowETL/code/.venv/lib/python3.9/site-packages/airflow/example_dags/example_task_group_decorator.py
[2026-09-18T13:26:05.370+0700] {processor.py:925} INFO - DAG(s) 'example_task_group_decorator' retrieved from /Users/andreasanditya/Downloads/572392_Andreas_AirflowETL/code/.venv/lib/python3.9/site-packages/airflow/example_dags/example_task_group_decorator.py
[2026-09-18T13:26:05.434+0700] {logging_mixin.py:190} INFO - [2026-09-18T13:26:05.434+0700] {dag.py:3239} INFO - Sync 1 DAGs
[2026-09-18T13:26:05.440+0700] {logging_mixin.py:190} INFO - [2026-09-18T13:26:05.440+0700] {dag.py:4180} INFO - Setting next_dagrun for example_task_group_decorator to None, run_after=None
[2026-09-18T13:26:05.450+0700] {processor.py:208} INFO - Processing /Users/andreasanditya/Downloads/572392_Andreas_AirflowETL/code/.venv/lib/python3.9/site-packages/airflow/example_dags/example_task_group_decorator.py took 0.146 seconds
[2026-09-18T13:27:36.713+0700] {processor.py:186} INFO - Started process (PID=94456) to work on /Users/andreasanditya/Downloads/572392_Andreas_AirflowETL/code/.venv/lib/python3.9/site-packages/airflow/example_dags/example_task_group_decorator.py
[2026-09-18T13:27:36.715+0700] {processor.py:914} INFO - Processing file /Users/andreasanditya/Downloads/572392_Andreas_AirflowETL/code/.venv/lib/python3.9/site-packages/airflow/example_dags/example_task_group_decorator.py for tasks to queue
[2026-09-18T13:27:36.716+0700] {logging_mixin.py:190} INFO - [2026-09-18T13:27:36.715+0700] {dagbag.py:588} INFO - Filling up the DagBag from /Users/andreasanditya/Downloads/572392_Andreas_AirflowETL/code/.venv/lib/python3.9/site-packages/airflow/example_dags/example_task_group_decorator.py
[2026-09-18T13:27:36.767+0700] {processor.py:925} INFO - DAG(s) 'example_task_group_decorator' retrieved from /Users/andreasanditya/Downloads/572392_Andreas_AirflowETL/code/.venv/lib/python3.9/site-packages/airflow/example_dags/example_task_group_decorator.py
[2026-09-18T13:27:36.832+0700] {logging_mixin.py:190} INFO - [2026-09-18T13:27:36.832+0700] {dag.py:3239} INFO - Sync 1 DAGs
[2026-09-18T13:27:36.839+0700] {logging_mixin.py:190} INFO - [2026-09-18T13:27:36.839+0700] {dag.py:4180} INFO - Setting next_dagrun for example_task_group_decorator to None, run_after=None
[2026-09-18T13:27:36.851+0700] {processor.py:208} INFO - Processing /Users/andreasanditya/Downloads/572392_Andreas_AirflowETL/code/.venv/lib/python3.9/site-packages/airflow/example_dags/example_task_group_decorator.py took 0.139 seconds
[2026-09-18T13:29:05.444+0700] {processor.py:186} INFO - Started process (PID=95393) to work on /Users/andreasanditya/Downloads/572392_Andreas_AirflowETL/code/.venv/lib/python3.9/site-packages/airflow/example_dags/example_task_group_decorator.py
[2026-09-18T13:29:05.445+0700] {processor.py:914} INFO - Processing file /Users/andreasanditya/Downloads/572392_Andreas_AirflowETL/code/.venv/lib/python3.9/site-packages/airflow/example_dags/example_task_group_decorator.py for tasks to queue
[2026-09-18T13:29:05.446+0700] {logging_mixin.py:190} INFO - [2026-09-18T13:29:05.446+0700] {dagbag.py:588} INFO - Filling up the DagBag from /Users/andreasanditya/Downloads/572392_Andreas_AirflowETL/code/.venv/lib/python3.9/site-packages/airflow/example_dags/example_task_group_decorator.py
[2026-09-18T13:29:05.496+0700] {processor.py:925} INFO - DAG(s) 'example_task_group_decorator' retrieved from /Users/andreasanditya/Downloads/572392_Andreas_AirflowETL/code/.venv/lib/python3.9/site-packages/airflow/example_dags/example_task_group_decorator.py
[2026-09-18T13:29:05.558+0700] {logging_mixin.py:190} INFO - [2026-09-18T13:29:05.558+0700] {dag.py:3239} INFO - Sync 1 DAGs
[2026-09-18T13:29:05.565+0700] {logging_mixin.py:190} INFO - [2026-09-18T13:29:05.565+0700] {dag.py:4180} INFO - Setting next_dagrun for example_task_group_decorator to None, run_after=None
[2026-09-18T13:29:05.575+0700] {processor.py:208} INFO - Processing /Users/andreasanditya/Downloads/572392_Andreas_AirflowETL/code/.venv/lib/python3.9/site-packages/airflow/example_dags/example_task_group_decorator.py took 0.133 seconds
[2026-09-18T13:30:36.247+0700] {processor.py:186} INFO - Started process (PID=96428) to work on /Users/andreasanditya/Downloads/572392_Andreas_AirflowETL/code/.venv/lib/python3.9/site-packages/airflow/example_dags/example_task_group_decorator.py
[2026-09-18T13:30:36.248+0700] {processor.py:914} INFO - Processing file /Users/andreasanditya/Downloads/572392_Andreas_AirflowETL/code/.venv/lib/python3.9/site-packages/airflow/example_dags/example_task_group_decorator.py for tasks to queue
[2026-09-18T13:30:36.249+0700] {logging_mixin.py:190} INFO - [2026-09-18T13:30:36.249+0700] {dagbag.py:588} INFO - Filling up the DagBag from /Users/andreasanditya/Downloads/572392_Andreas_AirflowETL/code/.venv/lib/python3.9/site-packages/airflow/example_dags/example_task_group_decorator.py
[2026-09-18T13:30:36.299+0700] {processor.py:925} INFO - DAG(s) 'example_task_group_decorator' retrieved from /Users/andreasanditya/Downloads/572392_Andreas_AirflowETL/code/.venv/lib/python3.9/site-packages/airflow/example_dags/example_task_group_decorator.py
[2026-09-18T13:30:36.363+0700] {logging_mixin.py:190} INFO - [2026-09-18T13:30:36.363+0700] {dag.py:3239} INFO - Sync 1 DAGs
[2026-09-18T13:30:36.369+0700] {logging_mixin.py:190} INFO - [2026-09-18T13:30:36.369+0700] {dag.py:4180} INFO - Setting next_dagrun for example_task_group_decorator to None, run_after=None
[2026-09-18T13:30:36.379+0700] {processor.py:208} INFO - Processing /Users/andreasanditya/Downloads/572392_Andreas_AirflowETL/code/.venv/lib/python3.9/site-packages/airflow/example_dags/example_task_group_decorator.py took 0.133 seconds
[2026-09-18T13:32:06.717+0700] {processor.py:186} INFO - Started process (PID=97377) to work on /Users/andreasanditya/Downloads/572392_Andreas_AirflowETL/code/.venv/lib/python3.9/site-packages/airflow/example_dags/example_task_group_decorator.py
[2026-09-18T13:32:06.719+0700] {processor.py:914} INFO - Processing file /Users/andreasanditya/Downloads/572392_Andreas_AirflowETL/code/.venv/lib/python3.9/site-packages/airflow/example_dags/example_task_group_decorator.py for tasks to queue
[2026-09-18T13:32:06.720+0700] {logging_mixin.py:190} INFO - [2026-09-18T13:32:06.720+0700] {dagbag.py:588} INFO - Filling up the DagBag from /Users/andreasanditya/Downloads/572392_Andreas_AirflowETL/code/.venv/lib/python3.9/site-packages/airflow/example_dags/example_task_group_decorator.py
[2026-09-18T13:32:06.769+0700] {processor.py:925} INFO - DAG(s) 'example_task_group_decorator' retrieved from /Users/andreasanditya/Downloads/572392_Andreas_AirflowETL/code/.venv/lib/python3.9/site-packages/airflow/example_dags/example_task_group_decorator.py
[2026-09-18T13:32:06.832+0700] {logging_mixin.py:190} INFO - [2026-09-18T13:32:06.832+0700] {dag.py:3239} INFO - Sync 1 DAGs
[2026-09-18T13:32:06.839+0700] {logging_mixin.py:190} INFO - [2026-09-18T13:32:06.839+0700] {dag.py:4180} INFO - Setting next_dagrun for example_task_group_decorator to None, run_after=None
[2026-09-18T13:32:06.849+0700] {processor.py:208} INFO - Processing /Users/andreasanditya/Downloads/572392_Andreas_AirflowETL/code/.venv/lib/python3.9/site-packages/airflow/example_dags/example_task_group_decorator.py took 0.134 seconds
[2026-09-18T13:33:33.264+0700] {processor.py:186} INFO - Started process (PID=98323) to work on /Users/andreasanditya/Downloads/572392_Andreas_AirflowETL/code/.venv/lib/python3.9/site-packages/airflow/example_dags/example_task_group_decorator.py
[2026-09-18T13:33:33.266+0700] {processor.py:914} INFO - Processing file /Users/andreasanditya/Downloads/572392_Andreas_AirflowETL/code/.venv/lib/python3.9/site-packages/airflow/example_dags/example_task_group_decorator.py for tasks to queue
[2026-09-18T13:33:33.267+0700] {logging_mixin.py:190} INFO - [2026-09-18T13:33:33.267+0700] {dagbag.py:588} INFO - Filling up the DagBag from /Users/andreasanditya/Downloads/572392_Andreas_AirflowETL/code/.venv/lib/python3.9/site-packages/airflow/example_dags/example_task_group_decorator.py
[2026-09-18T13:33:33.316+0700] {processor.py:925} INFO - DAG(s) 'example_task_group_decorator' retrieved from /Users/andreasanditya/Downloads/572392_Andreas_AirflowETL/code/.venv/lib/python3.9/site-packages/airflow/example_dags/example_task_group_decorator.py
[2026-09-18T13:33:33.378+0700] {logging_mixin.py:190} INFO - [2026-09-18T13:33:33.378+0700] {dag.py:3239} INFO - Sync 1 DAGs
[2026-09-18T13:33:33.384+0700] {logging_mixin.py:190} INFO - [2026-09-18T13:33:33.384+0700] {dag.py:4180} INFO - Setting next_dagrun for example_task_group_decorator to None, run_after=None
[2026-09-18T13:33:33.394+0700] {processor.py:208} INFO - Processing /Users/andreasanditya/Downloads/572392_Andreas_AirflowETL/code/.venv/lib/python3.9/site-packages/airflow/example_dags/example_task_group_decorator.py took 0.131 seconds
[2026-09-18T13:35:00.912+0700] {processor.py:186} INFO - Started process (PID=99265) to work on /Users/andreasanditya/Downloads/572392_Andreas_AirflowETL/code/.venv/lib/python3.9/site-packages/airflow/example_dags/example_task_group_decorator.py
[2026-09-18T13:35:00.913+0700] {processor.py:914} INFO - Processing file /Users/andreasanditya/Downloads/572392_Andreas_AirflowETL/code/.venv/lib/python3.9/site-packages/airflow/example_dags/example_task_group_decorator.py for tasks to queue
[2026-09-18T13:35:00.914+0700] {logging_mixin.py:190} INFO - [2026-09-18T13:35:00.914+0700] {dagbag.py:588} INFO - Filling up the DagBag from /Users/andreasanditya/Downloads/572392_Andreas_AirflowETL/code/.venv/lib/python3.9/site-packages/airflow/example_dags/example_task_group_decorator.py
[2026-09-18T13:35:00.967+0700] {processor.py:925} INFO - DAG(s) 'example_task_group_decorator' retrieved from /Users/andreasanditya/Downloads/572392_Andreas_AirflowETL/code/.venv/lib/python3.9/site-packages/airflow/example_dags/example_task_group_decorator.py
[2026-09-18T13:35:01.031+0700] {logging_mixin.py:190} INFO - [2026-09-18T13:35:01.031+0700] {dag.py:3239} INFO - Sync 1 DAGs
[2026-09-18T13:35:01.038+0700] {logging_mixin.py:190} INFO - [2026-09-18T13:35:01.038+0700] {dag.py:4180} INFO - Setting next_dagrun for example_task_group_decorator to None, run_after=None
[2026-09-18T13:35:01.047+0700] {processor.py:208} INFO - Processing /Users/andreasanditya/Downloads/572392_Andreas_AirflowETL/code/.venv/lib/python3.9/site-packages/airflow/example_dags/example_task_group_decorator.py took 0.137 seconds
[2026-09-18T13:36:27.811+0700] {processor.py:186} INFO - Started process (PID=200) to work on /Users/andreasanditya/Downloads/572392_Andreas_AirflowETL/code/.venv/lib/python3.9/site-packages/airflow/example_dags/example_task_group_decorator.py
[2026-09-18T13:36:27.812+0700] {processor.py:914} INFO - Processing file /Users/andreasanditya/Downloads/572392_Andreas_AirflowETL/code/.venv/lib/python3.9/site-packages/airflow/example_dags/example_task_group_decorator.py for tasks to queue
[2026-09-18T13:36:27.812+0700] {logging_mixin.py:190} INFO - [2026-09-18T13:36:27.812+0700] {dagbag.py:588} INFO - Filling up the DagBag from /Users/andreasanditya/Downloads/572392_Andreas_AirflowETL/code/.venv/lib/python3.9/site-packages/airflow/example_dags/example_task_group_decorator.py
[2026-09-18T13:36:27.864+0700] {processor.py:925} INFO - DAG(s) 'example_task_group_decorator' retrieved from /Users/andreasanditya/Downloads/572392_Andreas_AirflowETL/code/.venv/lib/python3.9/site-packages/airflow/example_dags/example_task_group_decorator.py
[2026-09-18T13:36:27.927+0700] {logging_mixin.py:190} INFO - [2026-09-18T13:36:27.927+0700] {dag.py:3239} INFO - Sync 1 DAGs
[2026-09-18T13:36:27.933+0700] {logging_mixin.py:190} INFO - [2026-09-18T13:36:27.933+0700] {dag.py:4180} INFO - Setting next_dagrun for example_task_group_decorator to None, run_after=None
[2026-09-18T13:36:27.943+0700] {processor.py:208} INFO - Processing /Users/andreasanditya/Downloads/572392_Andreas_AirflowETL/code/.venv/lib/python3.9/site-packages/airflow/example_dags/example_task_group_decorator.py took 0.134 seconds
[2026-09-18T13:37:54.936+0700] {processor.py:186} INFO - Started process (PID=1291) to work on /Users/andreasanditya/Downloads/572392_Andreas_AirflowETL/code/.venv/lib/python3.9/site-packages/airflow/example_dags/example_task_group_decorator.py
[2026-09-18T13:37:54.937+0700] {processor.py:914} INFO - Processing file /Users/andreasanditya/Downloads/572392_Andreas_AirflowETL/code/.venv/lib/python3.9/site-packages/airflow/example_dags/example_task_group_decorator.py for tasks to queue
[2026-09-18T13:37:54.938+0700] {logging_mixin.py:190} INFO - [2026-09-18T13:37:54.938+0700] {dagbag.py:588} INFO - Filling up the DagBag from /Users/andreasanditya/Downloads/572392_Andreas_AirflowETL/code/.venv/lib/python3.9/site-packages/airflow/example_dags/example_task_group_decorator.py
[2026-09-18T13:37:54.988+0700] {processor.py:925} INFO - DAG(s) 'example_task_group_decorator' retrieved from /Users/andreasanditya/Downloads/572392_Andreas_AirflowETL/code/.venv/lib/python3.9/site-packages/airflow/example_dags/example_task_group_decorator.py
[2026-09-18T13:37:55.052+0700] {logging_mixin.py:190} INFO - [2026-09-18T13:37:55.052+0700] {dag.py:3239} INFO - Sync 1 DAGs
[2026-09-18T13:37:55.058+0700] {logging_mixin.py:190} INFO - [2026-09-18T13:37:55.058+0700] {dag.py:4180} INFO - Setting next_dagrun for example_task_group_decorator to None, run_after=None
[2026-09-18T13:37:55.068+0700] {processor.py:208} INFO - Processing /Users/andreasanditya/Downloads/572392_Andreas_AirflowETL/code/.venv/lib/python3.9/site-packages/airflow/example_dags/example_task_group_decorator.py took 0.134 seconds
[2026-09-18T13:39:21.851+0700] {processor.py:186} INFO - Started process (PID=2585) to work on /Users/andreasanditya/Downloads/572392_Andreas_AirflowETL/code/.venv/lib/python3.9/site-packages/airflow/example_dags/example_task_group_decorator.py
[2026-09-18T13:39:21.852+0700] {processor.py:914} INFO - Processing file /Users/andreasanditya/Downloads/572392_Andreas_AirflowETL/code/.venv/lib/python3.9/site-packages/airflow/example_dags/example_task_group_decorator.py for tasks to queue
[2026-09-18T13:39:21.852+0700] {logging_mixin.py:190} INFO - [2026-09-18T13:39:21.852+0700] {dagbag.py:588} INFO - Filling up the DagBag from /Users/andreasanditya/Downloads/572392_Andreas_AirflowETL/code/.venv/lib/python3.9/site-packages/airflow/example_dags/example_task_group_decorator.py
[2026-09-18T13:39:21.904+0700] {processor.py:925} INFO - DAG(s) 'example_task_group_decorator' retrieved from /Users/andreasanditya/Downloads/572392_Andreas_AirflowETL/code/.venv/lib/python3.9/site-packages/airflow/example_dags/example_task_group_decorator.py
[2026-09-18T13:39:21.967+0700] {logging_mixin.py:190} INFO - [2026-09-18T13:39:21.967+0700] {dag.py:3239} INFO - Sync 1 DAGs
[2026-09-18T13:39:21.972+0700] {logging_mixin.py:190} INFO - [2026-09-18T13:39:21.972+0700] {dag.py:4180} INFO - Setting next_dagrun for example_task_group_decorator to None, run_after=None
[2026-09-18T13:39:21.982+0700] {processor.py:208} INFO - Processing /Users/andreasanditya/Downloads/572392_Andreas_AirflowETL/code/.venv/lib/python3.9/site-packages/airflow/example_dags/example_task_group_decorator.py took 0.133 seconds
[2026-09-18T13:40:49.103+0700] {processor.py:186} INFO - Started process (PID=3988) to work on /Users/andreasanditya/Downloads/572392_Andreas_AirflowETL/code/.venv/lib/python3.9/site-packages/airflow/example_dags/example_task_group_decorator.py
[2026-09-18T13:40:49.104+0700] {processor.py:914} INFO - Processing file /Users/andreasanditya/Downloads/572392_Andreas_AirflowETL/code/.venv/lib/python3.9/site-packages/airflow/example_dags/example_task_group_decorator.py for tasks to queue
[2026-09-18T13:40:49.104+0700] {logging_mixin.py:190} INFO - [2026-09-18T13:40:49.104+0700] {dagbag.py:588} INFO - Filling up the DagBag from /Users/andreasanditya/Downloads/572392_Andreas_AirflowETL/code/.venv/lib/python3.9/site-packages/airflow/example_dags/example_task_group_decorator.py
[2026-09-18T13:40:49.155+0700] {processor.py:925} INFO - DAG(s) 'example_task_group_decorator' retrieved from /Users/andreasanditya/Downloads/572392_Andreas_AirflowETL/code/.venv/lib/python3.9/site-packages/airflow/example_dags/example_task_group_decorator.py
[2026-09-18T13:40:49.219+0700] {logging_mixin.py:190} INFO - [2026-09-18T13:40:49.218+0700] {dag.py:3239} INFO - Sync 1 DAGs
[2026-09-18T13:40:49.225+0700] {logging_mixin.py:190} INFO - [2026-09-18T13:40:49.225+0700] {dag.py:4180} INFO - Setting next_dagrun for example_task_group_decorator to None, run_after=None
[2026-09-18T13:40:49.237+0700] {processor.py:208} INFO - Processing /Users/andreasanditya/Downloads/572392_Andreas_AirflowETL/code/.venv/lib/python3.9/site-packages/airflow/example_dags/example_task_group_decorator.py took 0.139 seconds
[2026-09-18T13:42:16.812+0700] {processor.py:186} INFO - Started process (PID=4919) to work on /Users/andreasanditya/Downloads/572392_Andreas_AirflowETL/code/.venv/lib/python3.9/site-packages/airflow/example_dags/example_task_group_decorator.py
[2026-09-18T13:42:16.813+0700] {processor.py:914} INFO - Processing file /Users/andreasanditya/Downloads/572392_Andreas_AirflowETL/code/.venv/lib/python3.9/site-packages/airflow/example_dags/example_task_group_decorator.py for tasks to queue
[2026-09-18T13:42:16.814+0700] {logging_mixin.py:190} INFO - [2026-09-18T13:42:16.813+0700] {dagbag.py:588} INFO - Filling up the DagBag from /Users/andreasanditya/Downloads/572392_Andreas_AirflowETL/code/.venv/lib/python3.9/site-packages/airflow/example_dags/example_task_group_decorator.py
[2026-09-18T13:42:16.867+0700] {processor.py:925} INFO - DAG(s) 'example_task_group_decorator' retrieved from /Users/andreasanditya/Downloads/572392_Andreas_AirflowETL/code/.venv/lib/python3.9/site-packages/airflow/example_dags/example_task_group_decorator.py
[2026-09-18T13:42:16.930+0700] {logging_mixin.py:190} INFO - [2026-09-18T13:42:16.930+0700] {dag.py:3239} INFO - Sync 1 DAGs
[2026-09-18T13:42:16.936+0700] {logging_mixin.py:190} INFO - [2026-09-18T13:42:16.936+0700] {dag.py:4180} INFO - Setting next_dagrun for example_task_group_decorator to None, run_after=None
[2026-09-18T13:42:16.947+0700] {processor.py:208} INFO - Processing /Users/andreasanditya/Downloads/572392_Andreas_AirflowETL/code/.venv/lib/python3.9/site-packages/airflow/example_dags/example_task_group_decorator.py took 0.137 seconds
[2026-09-18T13:43:44.258+0700] {processor.py:186} INFO - Started process (PID=5759) to work on /Users/andreasanditya/Downloads/572392_Andreas_AirflowETL/code/.venv/lib/python3.9/site-packages/airflow/example_dags/example_task_group_decorator.py
[2026-09-18T13:43:44.259+0700] {processor.py:914} INFO - Processing file /Users/andreasanditya/Downloads/572392_Andreas_AirflowETL/code/.venv/lib/python3.9/site-packages/airflow/example_dags/example_task_group_decorator.py for tasks to queue
[2026-09-18T13:43:44.260+0700] {logging_mixin.py:190} INFO - [2026-09-18T13:43:44.260+0700] {dagbag.py:588} INFO - Filling up the DagBag from /Users/andreasanditya/Downloads/572392_Andreas_AirflowETL/code/.venv/lib/python3.9/site-packages/airflow/example_dags/example_task_group_decorator.py
[2026-09-18T13:43:44.315+0700] {processor.py:925} INFO - DAG(s) 'example_task_group_decorator' retrieved from /Users/andreasanditya/Downloads/572392_Andreas_AirflowETL/code/.venv/lib/python3.9/site-packages/airflow/example_dags/example_task_group_decorator.py
[2026-09-18T13:43:44.377+0700] {logging_mixin.py:190} INFO - [2026-09-18T13:43:44.377+0700] {dag.py:3239} INFO - Sync 1 DAGs
[2026-09-18T13:43:44.383+0700] {logging_mixin.py:190} INFO - [2026-09-18T13:43:44.383+0700] {dag.py:4180} INFO - Setting next_dagrun for example_task_group_decorator to None, run_after=None
[2026-09-18T13:43:44.393+0700] {processor.py:208} INFO - Processing /Users/andreasanditya/Downloads/572392_Andreas_AirflowETL/code/.venv/lib/python3.9/site-packages/airflow/example_dags/example_task_group_decorator.py took 0.137 seconds
[2026-09-18T13:45:12.245+0700] {processor.py:186} INFO - Started process (PID=6670) to work on /Users/andreasanditya/Downloads/572392_Andreas_AirflowETL/code/.venv/lib/python3.9/site-packages/airflow/example_dags/example_task_group_decorator.py
[2026-09-18T13:45:12.247+0700] {processor.py:914} INFO - Processing file /Users/andreasanditya/Downloads/572392_Andreas_AirflowETL/code/.venv/lib/python3.9/site-packages/airflow/example_dags/example_task_group_decorator.py for tasks to queue
[2026-09-18T13:45:12.248+0700] {logging_mixin.py:190} INFO - [2026-09-18T13:45:12.247+0700] {dagbag.py:588} INFO - Filling up the DagBag from /Users/andreasanditya/Downloads/572392_Andreas_AirflowETL/code/.venv/lib/python3.9/site-packages/airflow/example_dags/example_task_group_decorator.py
[2026-09-18T13:45:12.297+0700] {processor.py:925} INFO - DAG(s) 'example_task_group_decorator' retrieved from /Users/andreasanditya/Downloads/572392_Andreas_AirflowETL/code/.venv/lib/python3.9/site-packages/airflow/example_dags/example_task_group_decorator.py
[2026-09-18T13:45:12.359+0700] {logging_mixin.py:190} INFO - [2026-09-18T13:45:12.359+0700] {dag.py:3239} INFO - Sync 1 DAGs
[2026-09-18T13:45:12.365+0700] {logging_mixin.py:190} INFO - [2026-09-18T13:45:12.365+0700] {dag.py:4180} INFO - Setting next_dagrun for example_task_group_decorator to None, run_after=None
[2026-09-18T13:45:12.374+0700] {processor.py:208} INFO - Processing /Users/andreasanditya/Downloads/572392_Andreas_AirflowETL/code/.venv/lib/python3.9/site-packages/airflow/example_dags/example_task_group_decorator.py took 0.131 seconds
[2026-09-18T13:46:44.980+0700] {processor.py:186} INFO - Started process (PID=7629) to work on /Users/andreasanditya/Downloads/572392_Andreas_AirflowETL/code/.venv/lib/python3.9/site-packages/airflow/example_dags/example_task_group_decorator.py
[2026-09-18T13:46:44.981+0700] {processor.py:914} INFO - Processing file /Users/andreasanditya/Downloads/572392_Andreas_AirflowETL/code/.venv/lib/python3.9/site-packages/airflow/example_dags/example_task_group_decorator.py for tasks to queue
[2026-09-18T13:46:44.982+0700] {logging_mixin.py:190} INFO - [2026-09-18T13:46:44.982+0700] {dagbag.py:588} INFO - Filling up the DagBag from /Users/andreasanditya/Downloads/572392_Andreas_AirflowETL/code/.venv/lib/python3.9/site-packages/airflow/example_dags/example_task_group_decorator.py
[2026-09-18T13:46:45.034+0700] {processor.py:925} INFO - DAG(s) 'example_task_group_decorator' retrieved from /Users/andreasanditya/Downloads/572392_Andreas_AirflowETL/code/.venv/lib/python3.9/site-packages/airflow/example_dags/example_task_group_decorator.py
[2026-09-18T13:46:45.096+0700] {logging_mixin.py:190} INFO - [2026-09-18T13:46:45.096+0700] {dag.py:3239} INFO - Sync 1 DAGs
[2026-09-18T13:46:45.102+0700] {logging_mixin.py:190} INFO - [2026-09-18T13:46:45.102+0700] {dag.py:4180} INFO - Setting next_dagrun for example_task_group_decorator to None, run_after=None
[2026-09-18T13:46:45.111+0700] {processor.py:208} INFO - Processing /Users/andreasanditya/Downloads/572392_Andreas_AirflowETL/code/.venv/lib/python3.9/site-packages/airflow/example_dags/example_task_group_decorator.py took 0.133 seconds
[2026-09-18T13:48:12.260+0700] {processor.py:186} INFO - Started process (PID=8540) to work on /Users/andreasanditya/Downloads/572392_Andreas_AirflowETL/code/.venv/lib/python3.9/site-packages/airflow/example_dags/example_task_group_decorator.py
[2026-09-18T13:48:12.261+0700] {processor.py:914} INFO - Processing file /Users/andreasanditya/Downloads/572392_Andreas_AirflowETL/code/.venv/lib/python3.9/site-packages/airflow/example_dags/example_task_group_decorator.py for tasks to queue
[2026-09-18T13:48:12.262+0700] {logging_mixin.py:190} INFO - [2026-09-18T13:48:12.262+0700] {dagbag.py:588} INFO - Filling up the DagBag from /Users/andreasanditya/Downloads/572392_Andreas_AirflowETL/code/.venv/lib/python3.9/site-packages/airflow/example_dags/example_task_group_decorator.py
[2026-09-18T13:48:12.312+0700] {processor.py:925} INFO - DAG(s) 'example_task_group_decorator' retrieved from /Users/andreasanditya/Downloads/572392_Andreas_AirflowETL/code/.venv/lib/python3.9/site-packages/airflow/example_dags/example_task_group_decorator.py
[2026-09-18T13:48:12.373+0700] {logging_mixin.py:190} INFO - [2026-09-18T13:48:12.373+0700] {dag.py:3239} INFO - Sync 1 DAGs
[2026-09-18T13:48:12.379+0700] {logging_mixin.py:190} INFO - [2026-09-18T13:48:12.379+0700] {dag.py:4180} INFO - Setting next_dagrun for example_task_group_decorator to None, run_after=None
[2026-09-18T13:48:12.391+0700] {processor.py:208} INFO - Processing /Users/andreasanditya/Downloads/572392_Andreas_AirflowETL/code/.venv/lib/python3.9/site-packages/airflow/example_dags/example_task_group_decorator.py took 0.133 seconds
[2026-09-18T13:49:40.686+0700] {processor.py:186} INFO - Started process (PID=9603) to work on /Users/andreasanditya/Downloads/572392_Andreas_AirflowETL/code/.venv/lib/python3.9/site-packages/airflow/example_dags/example_task_group_decorator.py
[2026-09-18T13:49:40.687+0700] {processor.py:914} INFO - Processing file /Users/andreasanditya/Downloads/572392_Andreas_AirflowETL/code/.venv/lib/python3.9/site-packages/airflow/example_dags/example_task_group_decorator.py for tasks to queue
[2026-09-18T13:49:40.688+0700] {logging_mixin.py:190} INFO - [2026-09-18T13:49:40.688+0700] {dagbag.py:588} INFO - Filling up the DagBag from /Users/andreasanditya/Downloads/572392_Andreas_AirflowETL/code/.venv/lib/python3.9/site-packages/airflow/example_dags/example_task_group_decorator.py
[2026-09-18T13:49:40.738+0700] {processor.py:925} INFO - DAG(s) 'example_task_group_decorator' retrieved from /Users/andreasanditya/Downloads/572392_Andreas_AirflowETL/code/.venv/lib/python3.9/site-packages/airflow/example_dags/example_task_group_decorator.py
[2026-09-18T13:49:40.801+0700] {logging_mixin.py:190} INFO - [2026-09-18T13:49:40.801+0700] {dag.py:3239} INFO - Sync 1 DAGs
[2026-09-18T13:49:40.807+0700] {logging_mixin.py:190} INFO - [2026-09-18T13:49:40.807+0700] {dag.py:4180} INFO - Setting next_dagrun for example_task_group_decorator to None, run_after=None
[2026-09-18T13:49:40.818+0700] {processor.py:208} INFO - Processing /Users/andreasanditya/Downloads/572392_Andreas_AirflowETL/code/.venv/lib/python3.9/site-packages/airflow/example_dags/example_task_group_decorator.py took 0.134 seconds
[2026-09-18T13:51:09.839+0700] {processor.py:186} INFO - Started process (PID=10711) to work on /Users/andreasanditya/Downloads/572392_Andreas_AirflowETL/code/.venv/lib/python3.9/site-packages/airflow/example_dags/example_task_group_decorator.py
[2026-09-18T13:51:09.840+0700] {processor.py:914} INFO - Processing file /Users/andreasanditya/Downloads/572392_Andreas_AirflowETL/code/.venv/lib/python3.9/site-packages/airflow/example_dags/example_task_group_decorator.py for tasks to queue
[2026-09-18T13:51:09.841+0700] {logging_mixin.py:190} INFO - [2026-09-18T13:51:09.841+0700] {dagbag.py:588} INFO - Filling up the DagBag from /Users/andreasanditya/Downloads/572392_Andreas_AirflowETL/code/.venv/lib/python3.9/site-packages/airflow/example_dags/example_task_group_decorator.py
[2026-09-18T13:51:09.892+0700] {processor.py:925} INFO - DAG(s) 'example_task_group_decorator' retrieved from /Users/andreasanditya/Downloads/572392_Andreas_AirflowETL/code/.venv/lib/python3.9/site-packages/airflow/example_dags/example_task_group_decorator.py
[2026-09-18T13:51:09.953+0700] {logging_mixin.py:190} INFO - [2026-09-18T13:51:09.953+0700] {dag.py:3239} INFO - Sync 1 DAGs
[2026-09-18T13:51:09.959+0700] {logging_mixin.py:190} INFO - [2026-09-18T13:51:09.959+0700] {dag.py:4180} INFO - Setting next_dagrun for example_task_group_decorator to None, run_after=None
[2026-09-18T13:51:09.969+0700] {processor.py:208} INFO - Processing /Users/andreasanditya/Downloads/572392_Andreas_AirflowETL/code/.venv/lib/python3.9/site-packages/airflow/example_dags/example_task_group_decorator.py took 0.131 seconds
[2026-09-18T13:52:37.231+0700] {processor.py:186} INFO - Started process (PID=11814) to work on /Users/andreasanditya/Downloads/572392_Andreas_AirflowETL/code/.venv/lib/python3.9/site-packages/airflow/example_dags/example_task_group_decorator.py
[2026-09-18T13:52:37.233+0700] {processor.py:914} INFO - Processing file /Users/andreasanditya/Downloads/572392_Andreas_AirflowETL/code/.venv/lib/python3.9/site-packages/airflow/example_dags/example_task_group_decorator.py for tasks to queue
[2026-09-18T13:52:37.234+0700] {logging_mixin.py:190} INFO - [2026-09-18T13:52:37.234+0700] {dagbag.py:588} INFO - Filling up the DagBag from /Users/andreasanditya/Downloads/572392_Andreas_AirflowETL/code/.venv/lib/python3.9/site-packages/airflow/example_dags/example_task_group_decorator.py
[2026-09-18T13:52:37.285+0700] {processor.py:925} INFO - DAG(s) 'example_task_group_decorator' retrieved from /Users/andreasanditya/Downloads/572392_Andreas_AirflowETL/code/.venv/lib/python3.9/site-packages/airflow/example_dags/example_task_group_decorator.py
[2026-09-18T13:52:37.347+0700] {logging_mixin.py:190} INFO - [2026-09-18T13:52:37.347+0700] {dag.py:3239} INFO - Sync 1 DAGs
[2026-09-18T13:52:37.353+0700] {logging_mixin.py:190} INFO - [2026-09-18T13:52:37.352+0700] {dag.py:4180} INFO - Setting next_dagrun for example_task_group_decorator to None, run_after=None
[2026-09-18T13:52:37.363+0700] {processor.py:208} INFO - Processing /Users/andreasanditya/Downloads/572392_Andreas_AirflowETL/code/.venv/lib/python3.9/site-packages/airflow/example_dags/example_task_group_decorator.py took 0.134 seconds
[2026-09-18T13:54:02.507+0700] {processor.py:186} INFO - Started process (PID=12667) to work on /Users/andreasanditya/Downloads/572392_Andreas_AirflowETL/code/.venv/lib/python3.9/site-packages/airflow/example_dags/example_task_group_decorator.py
[2026-09-18T13:54:02.508+0700] {processor.py:914} INFO - Processing file /Users/andreasanditya/Downloads/572392_Andreas_AirflowETL/code/.venv/lib/python3.9/site-packages/airflow/example_dags/example_task_group_decorator.py for tasks to queue
[2026-09-18T13:54:02.509+0700] {logging_mixin.py:190} INFO - [2026-09-18T13:54:02.509+0700] {dagbag.py:588} INFO - Filling up the DagBag from /Users/andreasanditya/Downloads/572392_Andreas_AirflowETL/code/.venv/lib/python3.9/site-packages/airflow/example_dags/example_task_group_decorator.py
[2026-09-18T13:54:02.559+0700] {processor.py:925} INFO - DAG(s) 'example_task_group_decorator' retrieved from /Users/andreasanditya/Downloads/572392_Andreas_AirflowETL/code/.venv/lib/python3.9/site-packages/airflow/example_dags/example_task_group_decorator.py
[2026-09-18T13:54:02.620+0700] {logging_mixin.py:190} INFO - [2026-09-18T13:54:02.620+0700] {dag.py:3239} INFO - Sync 1 DAGs
[2026-09-18T13:54:02.627+0700] {logging_mixin.py:190} INFO - [2026-09-18T13:54:02.627+0700] {dag.py:4180} INFO - Setting next_dagrun for example_task_group_decorator to None, run_after=None
[2026-09-18T13:54:02.638+0700] {processor.py:208} INFO - Processing /Users/andreasanditya/Downloads/572392_Andreas_AirflowETL/code/.venv/lib/python3.9/site-packages/airflow/example_dags/example_task_group_decorator.py took 0.133 seconds
