[2026-09-18T11:17:05.404+0700] {processor.py:186} INFO - Started process (PID=10451) to work on /Users/andreasanditya/Downloads/572392_Andreas_AirflowETL/code/.venv/lib/python3.9/site-packages/airflow/example_dags/example_time_delta_sensor_async.py
[2026-09-18T11:17:05.405+0700] {processor.py:914} INFO - Processing file /Users/andreasanditya/Downloads/572392_Andreas_AirflowETL/code/.venv/lib/python3.9/site-packages/airflow/example_dags/example_time_delta_sensor_async.py for tasks to queue
[2026-09-18T11:17:05.406+0700] {logging_mixin.py:190} INFO - [2026-09-18T11:17:05.406+0700] {dagbag.py:588} INFO - Filling up the DagBag from /Users/andreasanditya/Downloads/572392_Andreas_AirflowETL/code/.venv/lib/python3.9/site-packages/airflow/example_dags/example_time_delta_sensor_async.py
[2026-09-18T11:17:05.410+0700] {processor.py:925} INFO - DAG(s) 'example_time_delta_sensor_async' retrieved from /Users/andreasanditya/Downloads/572392_Andreas_AirflowETL/code/.venv/lib/python3.9/site-packages/airflow/example_dags/example_time_delta_sensor_async.py
[2026-09-18T11:17:05.789+0700] {logging_mixin.py:190} INFO - [2026-09-18T11:17:05.789+0700] {override.py:1912} INFO - Created Permission View: can read on DAG:example_time_delta_sensor_async
[2026-09-18T11:17:05.794+0700] {logging_mixin.py:190} INFO - [2026-09-18T11:17:05.794+0700] {override.py:1912} INFO - Created Permission View: can edit on DAG:example_time_delta_sensor_async
[2026-09-18T11:17:05.797+0700] {logging_mixin.py:190} INFO - [2026-09-18T11:17:05.797+0700] {override.py:1912} INFO - Created Permission View: can delete on DAG:example_time_delta_sensor_async
[2026-09-18T11:17:05.801+0700] {logging_mixin.py:190} INFO - [2026-09-18T11:17:05.801+0700] {override.py:1912} INFO - Created Permission View: can read on DAG Run:example_time_delta_sensor_async
[2026-09-18T11:17:05.804+0700] {logging_mixin.py:190} INFO - [2026-09-18T11:17:05.804+0700] {override.py:1912} INFO - Created Permission View: can create on DAG Run:example_time_delta_sensor_async
[2026-09-18T11:17:05.807+0700] {logging_mixin.py:190} INFO - [2026-09-18T11:17:05.807+0700] {override.py:1912} INFO - Created Permission View: menu access on DAG Run:example_time_delta_sensor_async
[2026-09-18T11:17:05.810+0700] {logging_mixin.py:190} INFO - [2026-09-18T11:17:05.809+0700] {override.py:1912} INFO - Created Permission View: can delete on DAG Run:example_time_delta_sensor_async
[2026-09-18T11:17:05.810+0700] {logging_mixin.py:190} INFO - [2026-09-18T11:17:05.810+0700] {dag.py:3239} INFO - Sync 1 DAGs
[2026-09-18T11:17:05.817+0700] {logging_mixin.py:190} INFO - [2026-09-18T11:17:05.817+0700] {dag.py:3262} INFO - Creating ORM DAG for example_time_delta_sensor_async
[2026-09-18T11:17:05.817+0700] {logging_mixin.py:190} INFO - [2026-09-18T11:17:05.817+0700] {dag.py:4180} INFO - Setting next_dagrun for example_time_delta_sensor_async to None, run_after=None
[2026-09-18T11:17:05.826+0700] {processor.py:208} INFO - Processing /Users/andreasanditya/Downloads/572392_Andreas_AirflowETL/code/.venv/lib/python3.9/site-packages/airflow/example_dags/example_time_delta_sensor_async.py took 0.424 seconds
[2026-09-18T11:19:23.151+0700] {processor.py:186} INFO - Started process (PID=11869) to work on /Users/andreasanditya/Downloads/572392_Andreas_AirflowETL/code/.venv/lib/python3.9/site-packages/airflow/example_dags/example_time_delta_sensor_async.py
[2026-09-18T11:19:23.152+0700] {processor.py:914} INFO - Processing file /Users/andreasanditya/Downloads/572392_Andreas_AirflowETL/code/.venv/lib/python3.9/site-packages/airflow/example_dags/example_time_delta_sensor_async.py for tasks to queue
[2026-09-18T11:19:23.153+0700] {logging_mixin.py:190} INFO - [2026-09-18T11:19:23.152+0700] {dagbag.py:588} INFO - Filling up the DagBag from /Users/andreasanditya/Downloads/572392_Andreas_AirflowETL/code/.venv/lib/python3.9/site-packages/airflow/example_dags/example_time_delta_sensor_async.py
[2026-09-18T11:19:23.157+0700] {processor.py:925} INFO - DAG(s) 'example_time_delta_sensor_async' retrieved from /Users/andreasanditya/Downloads/572392_Andreas_AirflowETL/code/.venv/lib/python3.9/site-packages/airflow/example_dags/example_time_delta_sensor_async.py
[2026-09-18T11:19:23.513+0700] {logging_mixin.py:190} INFO - [2026-09-18T11:19:23.513+0700] {dag.py:3239} INFO - Sync 1 DAGs
[2026-09-18T11:19:23.519+0700] {logging_mixin.py:190} INFO - [2026-09-18T11:19:23.519+0700] {dag.py:4180} INFO - Setting next_dagrun for example_time_delta_sensor_async to None, run_after=None
[2026-09-18T11:19:23.531+0700] {processor.py:208} INFO - Processing /Users/andreasanditya/Downloads/572392_Andreas_AirflowETL/code/.venv/lib/python3.9/site-packages/airflow/example_dags/example_time_delta_sensor_async.py took 0.382 seconds
[2026-09-18T11:20:55.338+0700] {processor.py:186} INFO - Started process (PID=12932) to work on /Users/andreasanditya/Downloads/572392_Andreas_AirflowETL/code/.venv/lib/python3.9/site-packages/airflow/example_dags/example_time_delta_sensor_async.py
[2026-09-18T11:20:55.339+0700] {processor.py:914} INFO - Processing file /Users/andreasanditya/Downloads/572392_Andreas_AirflowETL/code/.venv/lib/python3.9/site-packages/airflow/example_dags/example_time_delta_sensor_async.py for tasks to queue
[2026-09-18T11:20:55.339+0700] {logging_mixin.py:190} INFO - [2026-09-18T11:20:55.339+0700] {dagbag.py:588} INFO - Filling up the DagBag from /Users/andreasanditya/Downloads/572392_Andreas_AirflowETL/code/.venv/lib/python3.9/site-packages/airflow/example_dags/example_time_delta_sensor_async.py
[2026-09-18T11:20:55.344+0700] {processor.py:925} INFO - DAG(s) 'example_time_delta_sensor_async' retrieved from /Users/andreasanditya/Downloads/572392_Andreas_AirflowETL/code/.venv/lib/python3.9/site-packages/airflow/example_dags/example_time_delta_sensor_async.py
[2026-09-18T11:20:55.696+0700] {logging_mixin.py:190} INFO - [2026-09-18T11:20:55.696+0700] {dag.py:3239} INFO - Sync 1 DAGs
[2026-09-18T11:20:55.702+0700] {logging_mixin.py:190} INFO - [2026-09-18T11:20:55.702+0700] {dag.py:4180} INFO - Setting next_dagrun for example_time_delta_sensor_async to None, run_after=None
[2026-09-18T11:20:55.713+0700] {processor.py:208} INFO - Processing /Users/andreasanditya/Downloads/572392_Andreas_AirflowETL/code/.venv/lib/python3.9/site-packages/airflow/example_dags/example_time_delta_sensor_async.py took 0.377 seconds
[2026-09-18T11:22:54.891+0700] {processor.py:186} INFO - Started process (PID=14191) to work on /Users/andreasanditya/Downloads/572392_Andreas_AirflowETL/code/.venv/lib/python3.9/site-packages/airflow/example_dags/example_time_delta_sensor_async.py
[2026-09-18T11:22:54.892+0700] {processor.py:914} INFO - Processing file /Users/andreasanditya/Downloads/572392_Andreas_AirflowETL/code/.venv/lib/python3.9/site-packages/airflow/example_dags/example_time_delta_sensor_async.py for tasks to queue
[2026-09-18T11:22:54.893+0700] {logging_mixin.py:190} INFO - [2026-09-18T11:22:54.893+0700] {dagbag.py:588} INFO - Filling up the DagBag from /Users/andreasanditya/Downloads/572392_Andreas_AirflowETL/code/.venv/lib/python3.9/site-packages/airflow/example_dags/example_time_delta_sensor_async.py
[2026-09-18T11:22:54.898+0700] {processor.py:925} INFO - DAG(s) 'example_time_delta_sensor_async' retrieved from /Users/andreasanditya/Downloads/572392_Andreas_AirflowETL/code/.venv/lib/python3.9/site-packages/airflow/example_dags/example_time_delta_sensor_async.py
[2026-09-18T11:22:55.207+0700] {logging_mixin.py:190} INFO - [2026-09-18T11:22:55.207+0700] {dag.py:3239} INFO - Sync 1 DAGs
[2026-09-18T11:22:55.214+0700] {logging_mixin.py:190} INFO - [2026-09-18T11:22:55.214+0700] {dag.py:4180} INFO - Setting next_dagrun for example_time_delta_sensor_async to None, run_after=None
[2026-09-18T11:22:55.227+0700] {processor.py:208} INFO - Processing /Users/andreasanditya/Downloads/572392_Andreas_AirflowETL/code/.venv/lib/python3.9/site-packages/airflow/example_dags/example_time_delta_sensor_async.py took 0.337 seconds
[2026-09-18T11:24:20.784+0700] {processor.py:186} INFO - Started process (PID=15231) to work on /Users/andreasanditya/Downloads/572392_Andreas_AirflowETL/code/.venv/lib/python3.9/site-packages/airflow/example_dags/example_time_delta_sensor_async.py
[2026-09-18T11:24:20.785+0700] {processor.py:914} INFO - Processing file /Users/andreasanditya/Downloads/572392_Andreas_AirflowETL/code/.venv/lib/python3.9/site-packages/airflow/example_dags/example_time_delta_sensor_async.py for tasks to queue
[2026-09-18T11:24:20.786+0700] {logging_mixin.py:190} INFO - [2026-09-18T11:24:20.786+0700] {dagbag.py:588} INFO - Filling up the DagBag from /Users/andreasanditya/Downloads/572392_Andreas_AirflowETL/code/.venv/lib/python3.9/site-packages/airflow/example_dags/example_time_delta_sensor_async.py
[2026-09-18T11:24:20.791+0700] {processor.py:925} INFO - DAG(s) 'example_time_delta_sensor_async' retrieved from /Users/andreasanditya/Downloads/572392_Andreas_AirflowETL/code/.venv/lib/python3.9/site-packages/airflow/example_dags/example_time_delta_sensor_async.py
[2026-09-18T11:24:21.113+0700] {logging_mixin.py:190} INFO - [2026-09-18T11:24:21.113+0700] {dag.py:3239} INFO - Sync 1 DAGs
[2026-09-18T11:24:21.119+0700] {logging_mixin.py:190} INFO - [2026-09-18T11:24:21.119+0700] {dag.py:4180} INFO - Setting next_dagrun for example_time_delta_sensor_async to None, run_after=None
[2026-09-18T11:24:21.130+0700] {processor.py:208} INFO - Processing /Users/andreasanditya/Downloads/572392_Andreas_AirflowETL/code/.venv/lib/python3.9/site-packages/airflow/example_dags/example_time_delta_sensor_async.py took 0.348 seconds
[2026-09-18T11:26:24.577+0700] {processor.py:186} INFO - Started process (PID=16482) to work on /Users/andreasanditya/Downloads/572392_Andreas_AirflowETL/code/.venv/lib/python3.9/site-packages/airflow/example_dags/example_time_delta_sensor_async.py
[2026-09-18T11:26:24.578+0700] {processor.py:914} INFO - Processing file /Users/andreasanditya/Downloads/572392_Andreas_AirflowETL/code/.venv/lib/python3.9/site-packages/airflow/example_dags/example_time_delta_sensor_async.py for tasks to queue
[2026-09-18T11:26:24.579+0700] {logging_mixin.py:190} INFO - [2026-09-18T11:26:24.579+0700] {dagbag.py:588} INFO - Filling up the DagBag from /Users/andreasanditya/Downloads/572392_Andreas_AirflowETL/code/.venv/lib/python3.9/site-packages/airflow/example_dags/example_time_delta_sensor_async.py
[2026-09-18T11:26:24.584+0700] {processor.py:925} INFO - DAG(s) 'example_time_delta_sensor_async' retrieved from /Users/andreasanditya/Downloads/572392_Andreas_AirflowETL/code/.venv/lib/python3.9/site-packages/airflow/example_dags/example_time_delta_sensor_async.py
[2026-09-18T11:26:24.937+0700] {logging_mixin.py:190} INFO - [2026-09-18T11:26:24.937+0700] {dag.py:3239} INFO - Sync 1 DAGs
[2026-09-18T11:26:24.943+0700] {logging_mixin.py:190} INFO - [2026-09-18T11:26:24.943+0700] {dag.py:4180} INFO - Setting next_dagrun for example_time_delta_sensor_async to None, run_after=None
[2026-09-18T11:26:24.954+0700] {processor.py:208} INFO - Processing /Users/andreasanditya/Downloads/572392_Andreas_AirflowETL/code/.venv/lib/python3.9/site-packages/airflow/example_dags/example_time_delta_sensor_async.py took 0.379 seconds
[2026-09-18T11:27:57.379+0700] {processor.py:186} INFO - Started process (PID=17391) to work on /Users/andreasanditya/Downloads/572392_Andreas_AirflowETL/code/.venv/lib/python3.9/site-packages/airflow/example_dags/example_time_delta_sensor_async.py
[2026-09-18T11:27:57.380+0700] {processor.py:914} INFO - Processing file /Users/andreasanditya/Downloads/572392_Andreas_AirflowETL/code/.venv/lib/python3.9/site-packages/airflow/example_dags/example_time_delta_sensor_async.py for tasks to queue
[2026-09-18T11:27:57.380+0700] {logging_mixin.py:190} INFO - [2026-09-18T11:27:57.380+0700] {dagbag.py:588} INFO - Filling up the DagBag from /Users/andreasanditya/Downloads/572392_Andreas_AirflowETL/code/.venv/lib/python3.9/site-packages/airflow/example_dags/example_time_delta_sensor_async.py
[2026-09-18T11:27:57.386+0700] {processor.py:925} INFO - DAG(s) 'example_time_delta_sensor_async' retrieved from /Users/andreasanditya/Downloads/572392_Andreas_AirflowETL/code/.venv/lib/python3.9/site-packages/airflow/example_dags/example_time_delta_sensor_async.py
[2026-09-18T11:27:57.739+0700] {logging_mixin.py:190} INFO - [2026-09-18T11:27:57.739+0700] {dag.py:3239} INFO - Sync 1 DAGs
[2026-09-18T11:27:57.745+0700] {logging_mixin.py:190} INFO - [2026-09-18T11:27:57.745+0700] {dag.py:4180} INFO - Setting next_dagrun for example_time_delta_sensor_async to None, run_after=None
[2026-09-18T11:27:57.756+0700] {processor.py:208} INFO - Processing /Users/andreasanditya/Downloads/572392_Andreas_AirflowETL/code/.venv/lib/python3.9/site-packages/airflow/example_dags/example_time_delta_sensor_async.py took 0.379 seconds
[2026-09-18T11:29:26.218+0700] {processor.py:186} INFO - Started process (PID=18329) to work on /Users/andreasanditya/Downloads/572392_Andreas_AirflowETL/code/.venv/lib/python3.9/site-packages/airflow/example_dags/example_time_delta_sensor_async.py
[2026-09-18T11:29:26.219+0700] {processor.py:914} INFO - Processing file /Users/andreasanditya/Downloads/572392_Andreas_AirflowETL/code/.venv/lib/python3.9/site-packages/airflow/example_dags/example_time_delta_sensor_async.py for tasks to queue
[2026-09-18T11:29:26.220+0700] {logging_mixin.py:190} INFO - [2026-09-18T11:29:26.220+0700] {dagbag.py:588} INFO - Filling up the DagBag from /Users/andreasanditya/Downloads/572392_Andreas_AirflowETL/code/.venv/lib/python3.9/site-packages/airflow/example_dags/example_time_delta_sensor_async.py
[2026-09-18T11:29:26.224+0700] {processor.py:925} INFO - DAG(s) 'example_time_delta_sensor_async' retrieved from /Users/andreasanditya/Downloads/572392_Andreas_AirflowETL/code/.venv/lib/python3.9/site-packages/airflow/example_dags/example_time_delta_sensor_async.py
[2026-09-18T11:29:26.569+0700] {logging_mixin.py:190} INFO - [2026-09-18T11:29:26.569+0700] {dag.py:3239} INFO - Sync 1 DAGs
[2026-09-18T11:29:26.575+0700] {logging_mixin.py:190} INFO - [2026-09-18T11:29:26.575+0700] {dag.py:4180} INFO - Setting next_dagrun for example_time_delta_sensor_async to None, run_after=None
[2026-09-18T11:29:26.586+0700] {processor.py:208} INFO - Processing /Users/andreasanditya/Downloads/572392_Andreas_AirflowETL/code/.venv/lib/python3.9/site-packages/airflow/example_dags/example_time_delta_sensor_async.py took 0.370 seconds
[2026-09-18T11:30:55.532+0700] {processor.py:186} INFO - Started process (PID=19286) to work on /Users/andreasanditya/Downloads/572392_Andreas_AirflowETL/code/.venv/lib/python3.9/site-packages/airflow/example_dags/example_time_delta_sensor_async.py
[2026-09-18T11:30:55.533+0700] {processor.py:914} INFO - Processing file /Users/andreasanditya/Downloads/572392_Andreas_AirflowETL/code/.venv/lib/python3.9/site-packages/airflow/example_dags/example_time_delta_sensor_async.py for tasks to queue
[2026-09-18T11:30:55.534+0700] {logging_mixin.py:190} INFO - [2026-09-18T11:30:55.534+0700] {dagbag.py:588} INFO - Filling up the DagBag from /Users/andreasanditya/Downloads/572392_Andreas_AirflowETL/code/.venv/lib/python3.9/site-packages/airflow/example_dags/example_time_delta_sensor_async.py
[2026-09-18T11:30:55.539+0700] {processor.py:925} INFO - DAG(s) 'example_time_delta_sensor_async' retrieved from /Users/andreasanditya/Downloads/572392_Andreas_AirflowETL/code/.venv/lib/python3.9/site-packages/airflow/example_dags/example_time_delta_sensor_async.py
[2026-09-18T11:30:55.844+0700] {logging_mixin.py:190} INFO - [2026-09-18T11:30:55.843+0700] {dag.py:3239} INFO - Sync 1 DAGs
[2026-09-18T11:30:55.850+0700] {logging_mixin.py:190} INFO - [2026-09-18T11:30:55.850+0700] {dag.py:4180} INFO - Setting next_dagrun for example_time_delta_sensor_async to None, run_after=None
[2026-09-18T11:30:55.862+0700] {processor.py:208} INFO - Processing /Users/andreasanditya/Downloads/572392_Andreas_AirflowETL/code/.venv/lib/python3.9/site-packages/airflow/example_dags/example_time_delta_sensor_async.py took 0.332 seconds
[2026-09-18T11:32:24.234+0700] {processor.py:186} INFO - Started process (PID=20195) to work on /Users/andreasanditya/Downloads/572392_Andreas_AirflowETL/code/.venv/lib/python3.9/site-packages/airflow/example_dags/example_time_delta_sensor_async.py
[2026-09-18T11:32:24.235+0700] {processor.py:914} INFO - Processing file /Users/andreasanditya/Downloads/572392_Andreas_AirflowETL/code/.venv/lib/python3.9/site-packages/airflow/example_dags/example_time_delta_sensor_async.py for tasks to queue
[2026-09-18T11:32:24.236+0700] {logging_mixin.py:190} INFO - [2026-09-18T11:32:24.236+0700] {dagbag.py:588} INFO - Filling up the DagBag from /Users/andreasanditya/Downloads/572392_Andreas_AirflowETL/code/.venv/lib/python3.9/site-packages/airflow/example_dags/example_time_delta_sensor_async.py
[2026-09-18T11:32:24.241+0700] {processor.py:925} INFO - DAG(s) 'example_time_delta_sensor_async' retrieved from /Users/andreasanditya/Downloads/572392_Andreas_AirflowETL/code/.venv/lib/python3.9/site-packages/airflow/example_dags/example_time_delta_sensor_async.py
[2026-09-18T11:32:24.591+0700] {logging_mixin.py:190} INFO - [2026-09-18T11:32:24.591+0700] {dag.py:3239} INFO - Sync 1 DAGs
[2026-09-18T11:32:24.598+0700] {logging_mixin.py:190} INFO - [2026-09-18T11:32:24.597+0700] {dag.py:4180} INFO - Setting next_dagrun for example_time_delta_sensor_async to None, run_after=None
[2026-09-18T11:32:24.608+0700] {processor.py:208} INFO - Processing /Users/andreasanditya/Downloads/572392_Andreas_AirflowETL/code/.venv/lib/python3.9/site-packages/airflow/example_dags/example_time_delta_sensor_async.py took 0.377 seconds
[2026-09-18T11:33:51.701+0700] {processor.py:186} INFO - Started process (PID=21123) to work on /Users/andreasanditya/Downloads/572392_Andreas_AirflowETL/code/.venv/lib/python3.9/site-packages/airflow/example_dags/example_time_delta_sensor_async.py
[2026-09-18T11:33:51.702+0700] {processor.py:914} INFO - Processing file /Users/andreasanditya/Downloads/572392_Andreas_AirflowETL/code/.venv/lib/python3.9/site-packages/airflow/example_dags/example_time_delta_sensor_async.py for tasks to queue
[2026-09-18T11:33:51.703+0700] {logging_mixin.py:190} INFO - [2026-09-18T11:33:51.703+0700] {dagbag.py:588} INFO - Filling up the DagBag from /Users/andreasanditya/Downloads/572392_Andreas_AirflowETL/code/.venv/lib/python3.9/site-packages/airflow/example_dags/example_time_delta_sensor_async.py
[2026-09-18T11:33:51.708+0700] {processor.py:925} INFO - DAG(s) 'example_time_delta_sensor_async' retrieved from /Users/andreasanditya/Downloads/572392_Andreas_AirflowETL/code/.venv/lib/python3.9/site-packages/airflow/example_dags/example_time_delta_sensor_async.py
[2026-09-18T11:33:52.021+0700] {logging_mixin.py:190} INFO - [2026-09-18T11:33:52.021+0700] {dag.py:3239} INFO - Sync 1 DAGs
[2026-09-18T11:33:52.028+0700] {logging_mixin.py:190} INFO - [2026-09-18T11:33:52.028+0700] {dag.py:4180} INFO - Setting next_dagrun for example_time_delta_sensor_async to None, run_after=None
[2026-09-18T11:33:52.039+0700] {processor.py:208} INFO - Processing /Users/andreasanditya/Downloads/572392_Andreas_AirflowETL/code/.venv/lib/python3.9/site-packages/airflow/example_dags/example_time_delta_sensor_async.py took 0.340 seconds
[2026-09-18T11:35:19.826+0700] {processor.py:186} INFO - Started process (PID=22083) to work on /Users/andreasanditya/Downloads/572392_Andreas_AirflowETL/code/.venv/lib/python3.9/site-packages/airflow/example_dags/example_time_delta_sensor_async.py
[2026-09-18T11:35:19.827+0700] {processor.py:914} INFO - Processing file /Users/andreasanditya/Downloads/572392_Andreas_AirflowETL/code/.venv/lib/python3.9/site-packages/airflow/example_dags/example_time_delta_sensor_async.py for tasks to queue
[2026-09-18T11:35:19.827+0700] {logging_mixin.py:190} INFO - [2026-09-18T11:35:19.827+0700] {dagbag.py:588} INFO - Filling up the DagBag from /Users/andreasanditya/Downloads/572392_Andreas_AirflowETL/code/.venv/lib/python3.9/site-packages/airflow/example_dags/example_time_delta_sensor_async.py
[2026-09-18T11:35:19.832+0700] {processor.py:925} INFO - DAG(s) 'example_time_delta_sensor_async' retrieved from /Users/andreasanditya/Downloads/572392_Andreas_AirflowETL/code/.venv/lib/python3.9/site-packages/airflow/example_dags/example_time_delta_sensor_async.py
[2026-09-18T11:35:20.171+0700] {logging_mixin.py:190} INFO - [2026-09-18T11:35:20.171+0700] {dag.py:3239} INFO - Sync 1 DAGs
[2026-09-18T11:35:20.177+0700] {logging_mixin.py:190} INFO - [2026-09-18T11:35:20.177+0700] {dag.py:4180} INFO - Setting next_dagrun for example_time_delta_sensor_async to None, run_after=None
[2026-09-18T11:35:20.187+0700] {processor.py:208} INFO - Processing /Users/andreasanditya/Downloads/572392_Andreas_AirflowETL/code/.venv/lib/python3.9/site-packages/airflow/example_dags/example_time_delta_sensor_async.py took 0.363 seconds
[2026-09-18T11:36:47.229+0700] {processor.py:186} INFO - Started process (PID=22967) to work on /Users/andreasanditya/Downloads/572392_Andreas_AirflowETL/code/.venv/lib/python3.9/site-packages/airflow/example_dags/example_time_delta_sensor_async.py
[2026-09-18T11:36:47.230+0700] {processor.py:914} INFO - Processing file /Users/andreasanditya/Downloads/572392_Andreas_AirflowETL/code/.venv/lib/python3.9/site-packages/airflow/example_dags/example_time_delta_sensor_async.py for tasks to queue
[2026-09-18T11:36:47.231+0700] {logging_mixin.py:190} INFO - [2026-09-18T11:36:47.231+0700] {dagbag.py:588} INFO - Filling up the DagBag from /Users/andreasanditya/Downloads/572392_Andreas_AirflowETL/code/.venv/lib/python3.9/site-packages/airflow/example_dags/example_time_delta_sensor_async.py
[2026-09-18T11:36:47.236+0700] {processor.py:925} INFO - DAG(s) 'example_time_delta_sensor_async' retrieved from /Users/andreasanditya/Downloads/572392_Andreas_AirflowETL/code/.venv/lib/python3.9/site-packages/airflow/example_dags/example_time_delta_sensor_async.py
[2026-09-18T11:36:47.610+0700] {logging_mixin.py:190} INFO - [2026-09-18T11:36:47.610+0700] {dag.py:3239} INFO - Sync 1 DAGs
[2026-09-18T11:36:47.616+0700] {logging_mixin.py:190} INFO - [2026-09-18T11:36:47.616+0700] {dag.py:4180} INFO - Setting next_dagrun for example_time_delta_sensor_async to None, run_after=None
[2026-09-18T11:36:47.627+0700] {processor.py:208} INFO - Processing /Users/andreasanditya/Downloads/572392_Andreas_AirflowETL/code/.venv/lib/python3.9/site-packages/airflow/example_dags/example_time_delta_sensor_async.py took 0.400 seconds
[2026-09-18T11:38:14.319+0700] {processor.py:186} INFO - Started process (PID=23930) to work on /Users/andreasanditya/Downloads/572392_Andreas_AirflowETL/code/.venv/lib/python3.9/site-packages/airflow/example_dags/example_time_delta_sensor_async.py
[2026-09-18T11:38:14.320+0700] {processor.py:914} INFO - Processing file /Users/andreasanditya/Downloads/572392_Andreas_AirflowETL/code/.venv/lib/python3.9/site-packages/airflow/example_dags/example_time_delta_sensor_async.py for tasks to queue
[2026-09-18T11:38:14.321+0700] {logging_mixin.py:190} INFO - [2026-09-18T11:38:14.321+0700] {dagbag.py:588} INFO - Filling up the DagBag from /Users/andreasanditya/Downloads/572392_Andreas_AirflowETL/code/.venv/lib/python3.9/site-packages/airflow/example_dags/example_time_delta_sensor_async.py
[2026-09-18T11:38:14.326+0700] {processor.py:925} INFO - DAG(s) 'example_time_delta_sensor_async' retrieved from /Users/andreasanditya/Downloads/572392_Andreas_AirflowETL/code/.venv/lib/python3.9/site-packages/airflow/example_dags/example_time_delta_sensor_async.py
[2026-09-18T11:38:14.619+0700] {logging_mixin.py:190} INFO - [2026-09-18T11:38:14.619+0700] {dag.py:3239} INFO - Sync 1 DAGs
[2026-09-18T11:38:14.625+0700] {logging_mixin.py:190} INFO - [2026-09-18T11:38:14.625+0700] {dag.py:4180} INFO - Setting next_dagrun for example_time_delta_sensor_async to None, run_after=None
[2026-09-18T11:38:14.636+0700] {processor.py:208} INFO - Processing /Users/andreasanditya/Downloads/572392_Andreas_AirflowETL/code/.venv/lib/python3.9/site-packages/airflow/example_dags/example_time_delta_sensor_async.py took 0.319 seconds
[2026-09-18T11:39:41.393+0700] {processor.py:186} INFO - Started process (PID=24859) to work on /Users/andreasanditya/Downloads/572392_Andreas_AirflowETL/code/.venv/lib/python3.9/site-packages/airflow/example_dags/example_time_delta_sensor_async.py
[2026-09-18T11:39:41.394+0700] {processor.py:914} INFO - Processing file /Users/andreasanditya/Downloads/572392_Andreas_AirflowETL/code/.venv/lib/python3.9/site-packages/airflow/example_dags/example_time_delta_sensor_async.py for tasks to queue
[2026-09-18T11:39:41.394+0700] {logging_mixin.py:190} INFO - [2026-09-18T11:39:41.394+0700] {dagbag.py:588} INFO - Filling up the DagBag from /Users/andreasanditya/Downloads/572392_Andreas_AirflowETL/code/.venv/lib/python3.9/site-packages/airflow/example_dags/example_time_delta_sensor_async.py
[2026-09-18T11:39:41.399+0700] {processor.py:925} INFO - DAG(s) 'example_time_delta_sensor_async' retrieved from /Users/andreasanditya/Downloads/572392_Andreas_AirflowETL/code/.venv/lib/python3.9/site-packages/airflow/example_dags/example_time_delta_sensor_async.py
[2026-09-18T11:39:41.753+0700] {logging_mixin.py:190} INFO - [2026-09-18T11:39:41.753+0700] {dag.py:3239} INFO - Sync 1 DAGs
[2026-09-18T11:39:41.759+0700] {logging_mixin.py:190} INFO - [2026-09-18T11:39:41.759+0700] {dag.py:4180} INFO - Setting next_dagrun for example_time_delta_sensor_async to None, run_after=None
[2026-09-18T11:39:41.771+0700] {processor.py:208} INFO - Processing /Users/andreasanditya/Downloads/572392_Andreas_AirflowETL/code/.venv/lib/python3.9/site-packages/airflow/example_dags/example_time_delta_sensor_async.py took 0.380 seconds
[2026-09-18T11:41:10.158+0700] {processor.py:186} INFO - Started process (PID=25712) to work on /Users/andreasanditya/Downloads/572392_Andreas_AirflowETL/code/.venv/lib/python3.9/site-packages/airflow/example_dags/example_time_delta_sensor_async.py
[2026-09-18T11:41:10.159+0700] {processor.py:914} INFO - Processing file /Users/andreasanditya/Downloads/572392_Andreas_AirflowETL/code/.venv/lib/python3.9/site-packages/airflow/example_dags/example_time_delta_sensor_async.py for tasks to queue
[2026-09-18T11:41:10.160+0700] {logging_mixin.py:190} INFO - [2026-09-18T11:41:10.160+0700] {dagbag.py:588} INFO - Filling up the DagBag from /Users/andreasanditya/Downloads/572392_Andreas_AirflowETL/code/.venv/lib/python3.9/site-packages/airflow/example_dags/example_time_delta_sensor_async.py
[2026-09-18T11:41:10.165+0700] {processor.py:925} INFO - DAG(s) 'example_time_delta_sensor_async' retrieved from /Users/andreasanditya/Downloads/572392_Andreas_AirflowETL/code/.venv/lib/python3.9/site-packages/airflow/example_dags/example_time_delta_sensor_async.py
[2026-09-18T11:41:10.466+0700] {logging_mixin.py:190} INFO - [2026-09-18T11:41:10.466+0700] {dag.py:3239} INFO - Sync 1 DAGs
[2026-09-18T11:41:10.472+0700] {logging_mixin.py:190} INFO - [2026-09-18T11:41:10.472+0700] {dag.py:4180} INFO - Setting next_dagrun for example_time_delta_sensor_async to None, run_after=None
[2026-09-18T11:41:10.483+0700] {processor.py:208} INFO - Processing /Users/andreasanditya/Downloads/572392_Andreas_AirflowETL/code/.venv/lib/python3.9/site-packages/airflow/example_dags/example_time_delta_sensor_async.py took 0.327 seconds
[2026-09-18T11:42:41.872+0700] {processor.py:186} INFO - Started process (PID=26644) to work on /Users/andreasanditya/Downloads/572392_Andreas_AirflowETL/code/.venv/lib/python3.9/site-packages/airflow/example_dags/example_time_delta_sensor_async.py
[2026-09-18T11:42:41.873+0700] {processor.py:914} INFO - Processing file /Users/andreasanditya/Downloads/572392_Andreas_AirflowETL/code/.venv/lib/python3.9/site-packages/airflow/example_dags/example_time_delta_sensor_async.py for tasks to queue
[2026-09-18T11:42:41.874+0700] {logging_mixin.py:190} INFO - [2026-09-18T11:42:41.874+0700] {dagbag.py:588} INFO - Filling up the DagBag from /Users/andreasanditya/Downloads/572392_Andreas_AirflowETL/code/.venv/lib/python3.9/site-packages/airflow/example_dags/example_time_delta_sensor_async.py
[2026-09-18T11:42:41.879+0700] {processor.py:925} INFO - DAG(s) 'example_time_delta_sensor_async' retrieved from /Users/andreasanditya/Downloads/572392_Andreas_AirflowETL/code/.venv/lib/python3.9/site-packages/airflow/example_dags/example_time_delta_sensor_async.py
[2026-09-18T11:42:42.221+0700] {logging_mixin.py:190} INFO - [2026-09-18T11:42:42.221+0700] {dag.py:3239} INFO - Sync 1 DAGs
[2026-09-18T11:42:42.228+0700] {logging_mixin.py:190} INFO - [2026-09-18T11:42:42.228+0700] {dag.py:4180} INFO - Setting next_dagrun for example_time_delta_sensor_async to None, run_after=None
[2026-09-18T11:42:42.240+0700] {processor.py:208} INFO - Processing /Users/andreasanditya/Downloads/572392_Andreas_AirflowETL/code/.venv/lib/python3.9/site-packages/airflow/example_dags/example_time_delta_sensor_async.py took 0.370 seconds
[2026-09-18T11:44:08.731+0700] {processor.py:186} INFO - Started process (PID=27537) to work on /Users/andreasanditya/Downloads/572392_Andreas_AirflowETL/code/.venv/lib/python3.9/site-packages/airflow/example_dags/example_time_delta_sensor_async.py
[2026-09-18T11:44:08.732+0700] {processor.py:914} INFO - Processing file /Users/andreasanditya/Downloads/572392_Andreas_AirflowETL/code/.venv/lib/python3.9/site-packages/airflow/example_dags/example_time_delta_sensor_async.py for tasks to queue
[2026-09-18T11:44:08.733+0700] {logging_mixin.py:190} INFO - [2026-09-18T11:44:08.733+0700] {dagbag.py:588} INFO - Filling up the DagBag from /Users/andreasanditya/Downloads/572392_Andreas_AirflowETL/code/.venv/lib/python3.9/site-packages/airflow/example_dags/example_time_delta_sensor_async.py
[2026-09-18T11:44:08.737+0700] {processor.py:925} INFO - DAG(s) 'example_time_delta_sensor_async' retrieved from /Users/andreasanditya/Downloads/572392_Andreas_AirflowETL/code/.venv/lib/python3.9/site-packages/airflow/example_dags/example_time_delta_sensor_async.py
[2026-09-18T11:44:09.081+0700] {logging_mixin.py:190} INFO - [2026-09-18T11:44:09.080+0700] {dag.py:3239} INFO - Sync 1 DAGs
[2026-09-18T11:44:09.087+0700] {logging_mixin.py:190} INFO - [2026-09-18T11:44:09.087+0700] {dag.py:4180} INFO - Setting next_dagrun for example_time_delta_sensor_async to None, run_after=None
[2026-09-18T11:44:09.097+0700] {processor.py:208} INFO - Processing /Users/andreasanditya/Downloads/572392_Andreas_AirflowETL/code/.venv/lib/python3.9/site-packages/airflow/example_dags/example_time_delta_sensor_async.py took 0.369 seconds
[2026-09-18T11:45:35.834+0700] {processor.py:186} INFO - Started process (PID=28439) to work on /Users/andreasanditya/Downloads/572392_Andreas_AirflowETL/code/.venv/lib/python3.9/site-packages/airflow/example_dags/example_time_delta_sensor_async.py
[2026-09-18T11:45:35.835+0700] {processor.py:914} INFO - Processing file /Users/andreasanditya/Downloads/572392_Andreas_AirflowETL/code/.venv/lib/python3.9/site-packages/airflow/example_dags/example_time_delta_sensor_async.py for tasks to queue
[2026-09-18T11:45:35.836+0700] {logging_mixin.py:190} INFO - [2026-09-18T11:45:35.836+0700] {dagbag.py:588} INFO - Filling up the DagBag from /Users/andreasanditya/Downloads/572392_Andreas_AirflowETL/code/.venv/lib/python3.9/site-packages/airflow/example_dags/example_time_delta_sensor_async.py
[2026-09-18T11:45:35.842+0700] {processor.py:925} INFO - DAG(s) 'example_time_delta_sensor_async' retrieved from /Users/andreasanditya/Downloads/572392_Andreas_AirflowETL/code/.venv/lib/python3.9/site-packages/airflow/example_dags/example_time_delta_sensor_async.py
[2026-09-18T11:45:36.188+0700] {logging_mixin.py:190} INFO - [2026-09-18T11:45:36.188+0700] {dag.py:3239} INFO - Sync 1 DAGs
[2026-09-18T11:45:36.194+0700] {logging_mixin.py:190} INFO - [2026-09-18T11:45:36.194+0700] {dag.py:4180} INFO - Setting next_dagrun for example_time_delta_sensor_async to None, run_after=None
[2026-09-18T11:45:36.205+0700] {processor.py:208} INFO - Processing /Users/andreasanditya/Downloads/572392_Andreas_AirflowETL/code/.venv/lib/python3.9/site-packages/airflow/example_dags/example_time_delta_sensor_async.py took 0.373 seconds
[2026-09-18T11:47:01.206+0700] {processor.py:186} INFO - Started process (PID=29259) to work on /Users/andreasanditya/Downloads/572392_Andreas_AirflowETL/code/.venv/lib/python3.9/site-packages/airflow/example_dags/example_time_delta_sensor_async.py
[2026-09-18T11:47:01.207+0700] {processor.py:914} INFO - Processing file /Users/andreasanditya/Downloads/572392_Andreas_AirflowETL/code/.venv/lib/python3.9/site-packages/airflow/example_dags/example_time_delta_sensor_async.py for tasks to queue
[2026-09-18T11:47:01.207+0700] {logging_mixin.py:190} INFO - [2026-09-18T11:47:01.207+0700] {dagbag.py:588} INFO - Filling up the DagBag from /Users/andreasanditya/Downloads/572392_Andreas_AirflowETL/code/.venv/lib/python3.9/site-packages/airflow/example_dags/example_time_delta_sensor_async.py
[2026-09-18T11:47:01.212+0700] {processor.py:925} INFO - DAG(s) 'example_time_delta_sensor_async' retrieved from /Users/andreasanditya/Downloads/572392_Andreas_AirflowETL/code/.venv/lib/python3.9/site-packages/airflow/example_dags/example_time_delta_sensor_async.py
[2026-09-18T11:47:01.557+0700] {logging_mixin.py:190} INFO - [2026-09-18T11:47:01.557+0700] {dag.py:3239} INFO - Sync 1 DAGs
[2026-09-18T11:47:01.564+0700] {logging_mixin.py:190} INFO - [2026-09-18T11:47:01.563+0700] {dag.py:4180} INFO - Setting next_dagrun for example_time_delta_sensor_async to None, run_after=None
[2026-09-18T11:47:01.575+0700] {processor.py:208} INFO - Processing /Users/andreasanditya/Downloads/572392_Andreas_AirflowETL/code/.venv/lib/python3.9/site-packages/airflow/example_dags/example_time_delta_sensor_async.py took 0.371 seconds
[2026-09-18T11:48:28.616+0700] {processor.py:186} INFO - Started process (PID=30175) to work on /Users/andreasanditya/Downloads/572392_Andreas_AirflowETL/code/.venv/lib/python3.9/site-packages/airflow/example_dags/example_time_delta_sensor_async.py
[2026-09-18T11:48:28.617+0700] {processor.py:914} INFO - Processing file /Users/andreasanditya/Downloads/572392_Andreas_AirflowETL/code/.venv/lib/python3.9/site-packages/airflow/example_dags/example_time_delta_sensor_async.py for tasks to queue
[2026-09-18T11:48:28.617+0700] {logging_mixin.py:190} INFO - [2026-09-18T11:48:28.617+0700] {dagbag.py:588} INFO - Filling up the DagBag from /Users/andreasanditya/Downloads/572392_Andreas_AirflowETL/code/.venv/lib/python3.9/site-packages/airflow/example_dags/example_time_delta_sensor_async.py
[2026-09-18T11:48:28.622+0700] {processor.py:925} INFO - DAG(s) 'example_time_delta_sensor_async' retrieved from /Users/andreasanditya/Downloads/572392_Andreas_AirflowETL/code/.venv/lib/python3.9/site-packages/airflow/example_dags/example_time_delta_sensor_async.py
[2026-09-18T11:48:28.963+0700] {logging_mixin.py:190} INFO - [2026-09-18T11:48:28.962+0700] {dag.py:3239} INFO - Sync 1 DAGs
[2026-09-18T11:48:28.969+0700] {logging_mixin.py:190} INFO - [2026-09-18T11:48:28.969+0700] {dag.py:4180} INFO - Setting next_dagrun for example_time_delta_sensor_async to None, run_after=None
[2026-09-18T11:48:28.979+0700] {processor.py:208} INFO - Processing /Users/andreasanditya/Downloads/572392_Andreas_AirflowETL/code/.venv/lib/python3.9/site-packages/airflow/example_dags/example_time_delta_sensor_async.py took 0.366 seconds
[2026-09-18T11:49:54.657+0700] {processor.py:186} INFO - Started process (PID=31022) to work on /Users/andreasanditya/Downloads/572392_Andreas_AirflowETL/code/.venv/lib/python3.9/site-packages/airflow/example_dags/example_time_delta_sensor_async.py
[2026-09-18T11:49:54.658+0700] {processor.py:914} INFO - Processing file /Users/andreasanditya/Downloads/572392_Andreas_AirflowETL/code/.venv/lib/python3.9/site-packages/airflow/example_dags/example_time_delta_sensor_async.py for tasks to queue
[2026-09-18T11:49:54.659+0700] {logging_mixin.py:190} INFO - [2026-09-18T11:49:54.659+0700] {dagbag.py:588} INFO - Filling up the DagBag from /Users/andreasanditya/Downloads/572392_Andreas_AirflowETL/code/.venv/lib/python3.9/site-packages/airflow/example_dags/example_time_delta_sensor_async.py
[2026-09-18T11:49:54.663+0700] {processor.py:925} INFO - DAG(s) 'example_time_delta_sensor_async' retrieved from /Users/andreasanditya/Downloads/572392_Andreas_AirflowETL/code/.venv/lib/python3.9/site-packages/airflow/example_dags/example_time_delta_sensor_async.py
[2026-09-18T11:49:55.004+0700] {logging_mixin.py:190} INFO - [2026-09-18T11:49:55.004+0700] {dag.py:3239} INFO - Sync 1 DAGs
[2026-09-18T11:49:55.010+0700] {logging_mixin.py:190} INFO - [2026-09-18T11:49:55.010+0700] {dag.py:4180} INFO - Setting next_dagrun for example_time_delta_sensor_async to None, run_after=None
[2026-09-18T11:49:55.021+0700] {processor.py:208} INFO - Processing /Users/andreasanditya/Downloads/572392_Andreas_AirflowETL/code/.venv/lib/python3.9/site-packages/airflow/example_dags/example_time_delta_sensor_async.py took 0.366 seconds
[2026-09-18T11:51:20.651+0700] {processor.py:186} INFO - Started process (PID=31912) to work on /Users/andreasanditya/Downloads/572392_Andreas_AirflowETL/code/.venv/lib/python3.9/site-packages/airflow/example_dags/example_time_delta_sensor_async.py
[2026-09-18T11:51:20.655+0700] {processor.py:914} INFO - Processing file /Users/andreasanditya/Downloads/572392_Andreas_AirflowETL/code/.venv/lib/python3.9/site-packages/airflow/example_dags/example_time_delta_sensor_async.py for tasks to queue
[2026-09-18T11:51:20.656+0700] {logging_mixin.py:190} INFO - [2026-09-18T11:51:20.656+0700] {dagbag.py:588} INFO - Filling up the DagBag from /Users/andreasanditya/Downloads/572392_Andreas_AirflowETL/code/.venv/lib/python3.9/site-packages/airflow/example_dags/example_time_delta_sensor_async.py
[2026-09-18T11:51:20.660+0700] {processor.py:925} INFO - DAG(s) 'example_time_delta_sensor_async' retrieved from /Users/andreasanditya/Downloads/572392_Andreas_AirflowETL/code/.venv/lib/python3.9/site-packages/airflow/example_dags/example_time_delta_sensor_async.py
[2026-09-18T11:51:20.977+0700] {logging_mixin.py:190} INFO - [2026-09-18T11:51:20.977+0700] {dag.py:3239} INFO - Sync 1 DAGs
[2026-09-18T11:51:20.983+0700] {logging_mixin.py:190} INFO - [2026-09-18T11:51:20.983+0700] {dag.py:4180} INFO - Setting next_dagrun for example_time_delta_sensor_async to None, run_after=None
[2026-09-18T11:51:20.994+0700] {processor.py:208} INFO - Processing /Users/andreasanditya/Downloads/572392_Andreas_AirflowETL/code/.venv/lib/python3.9/site-packages/airflow/example_dags/example_time_delta_sensor_async.py took 0.345 seconds
[2026-09-18T11:52:46.516+0700] {processor.py:186} INFO - Started process (PID=32736) to work on /Users/andreasanditya/Downloads/572392_Andreas_AirflowETL/code/.venv/lib/python3.9/site-packages/airflow/example_dags/example_time_delta_sensor_async.py
[2026-09-18T11:52:46.517+0700] {processor.py:914} INFO - Processing file /Users/andreasanditya/Downloads/572392_Andreas_AirflowETL/code/.venv/lib/python3.9/site-packages/airflow/example_dags/example_time_delta_sensor_async.py for tasks to queue
[2026-09-18T11:52:46.518+0700] {logging_mixin.py:190} INFO - [2026-09-18T11:52:46.518+0700] {dagbag.py:588} INFO - Filling up the DagBag from /Users/andreasanditya/Downloads/572392_Andreas_AirflowETL/code/.venv/lib/python3.9/site-packages/airflow/example_dags/example_time_delta_sensor_async.py
[2026-09-18T11:52:46.522+0700] {processor.py:925} INFO - DAG(s) 'example_time_delta_sensor_async' retrieved from /Users/andreasanditya/Downloads/572392_Andreas_AirflowETL/code/.venv/lib/python3.9/site-packages/airflow/example_dags/example_time_delta_sensor_async.py
[2026-09-18T11:52:46.866+0700] {logging_mixin.py:190} INFO - [2026-09-18T11:52:46.866+0700] {dag.py:3239} INFO - Sync 1 DAGs
[2026-09-18T11:52:46.873+0700] {logging_mixin.py:190} INFO - [2026-09-18T11:52:46.872+0700] {dag.py:4180} INFO - Setting next_dagrun for example_time_delta_sensor_async to None, run_after=None
[2026-09-18T11:52:46.883+0700] {processor.py:208} INFO - Processing /Users/andreasanditya/Downloads/572392_Andreas_AirflowETL/code/.venv/lib/python3.9/site-packages/airflow/example_dags/example_time_delta_sensor_async.py took 0.369 seconds
[2026-09-18T11:54:12.628+0700] {processor.py:186} INFO - Started process (PID=33641) to work on /Users/andreasanditya/Downloads/572392_Andreas_AirflowETL/code/.venv/lib/python3.9/site-packages/airflow/example_dags/example_time_delta_sensor_async.py
[2026-09-18T11:54:12.630+0700] {processor.py:914} INFO - Processing file /Users/andreasanditya/Downloads/572392_Andreas_AirflowETL/code/.venv/lib/python3.9/site-packages/airflow/example_dags/example_time_delta_sensor_async.py for tasks to queue
[2026-09-18T11:54:12.631+0700] {logging_mixin.py:190} INFO - [2026-09-18T11:54:12.631+0700] {dagbag.py:588} INFO - Filling up the DagBag from /Users/andreasanditya/Downloads/572392_Andreas_AirflowETL/code/.venv/lib/python3.9/site-packages/airflow/example_dags/example_time_delta_sensor_async.py
[2026-09-18T11:54:12.636+0700] {processor.py:925} INFO - DAG(s) 'example_time_delta_sensor_async' retrieved from /Users/andreasanditya/Downloads/572392_Andreas_AirflowETL/code/.venv/lib/python3.9/site-packages/airflow/example_dags/example_time_delta_sensor_async.py
[2026-09-18T11:54:12.999+0700] {logging_mixin.py:190} INFO - [2026-09-18T11:54:12.999+0700] {dag.py:3239} INFO - Sync 1 DAGs
[2026-09-18T11:54:13.006+0700] {logging_mixin.py:190} INFO - [2026-09-18T11:54:13.005+0700] {dag.py:4180} INFO - Setting next_dagrun for example_time_delta_sensor_async to None, run_after=None
[2026-09-18T11:54:13.017+0700] {processor.py:208} INFO - Processing /Users/andreasanditya/Downloads/572392_Andreas_AirflowETL/code/.venv/lib/python3.9/site-packages/airflow/example_dags/example_time_delta_sensor_async.py took 0.390 seconds
[2026-09-18T11:55:40.839+0700] {processor.py:186} INFO - Started process (PID=34496) to work on /Users/andreasanditya/Downloads/572392_Andreas_AirflowETL/code/.venv/lib/python3.9/site-packages/airflow/example_dags/example_time_delta_sensor_async.py
[2026-09-18T11:55:40.840+0700] {processor.py:914} INFO - Processing file /Users/andreasanditya/Downloads/572392_Andreas_AirflowETL/code/.venv/lib/python3.9/site-packages/airflow/example_dags/example_time_delta_sensor_async.py for tasks to queue
[2026-09-18T11:55:40.840+0700] {logging_mixin.py:190} INFO - [2026-09-18T11:55:40.840+0700] {dagbag.py:588} INFO - Filling up the DagBag from /Users/andreasanditya/Downloads/572392_Andreas_AirflowETL/code/.venv/lib/python3.9/site-packages/airflow/example_dags/example_time_delta_sensor_async.py
[2026-09-18T11:55:40.845+0700] {processor.py:925} INFO - DAG(s) 'example_time_delta_sensor_async' retrieved from /Users/andreasanditya/Downloads/572392_Andreas_AirflowETL/code/.venv/lib/python3.9/site-packages/airflow/example_dags/example_time_delta_sensor_async.py
[2026-09-18T11:55:41.138+0700] {logging_mixin.py:190} INFO - [2026-09-18T11:55:41.137+0700] {dag.py:3239} INFO - Sync 1 DAGs
[2026-09-18T11:55:41.144+0700] {logging_mixin.py:190} INFO - [2026-09-18T11:55:41.144+0700] {dag.py:4180} INFO - Setting next_dagrun for example_time_delta_sensor_async to None, run_after=None
[2026-09-18T11:55:41.155+0700] {processor.py:208} INFO - Processing /Users/andreasanditya/Downloads/572392_Andreas_AirflowETL/code/.venv/lib/python3.9/site-packages/airflow/example_dags/example_time_delta_sensor_async.py took 0.318 seconds
[2026-09-18T11:57:08.123+0700] {processor.py:186} INFO - Started process (PID=35395) to work on /Users/andreasanditya/Downloads/572392_Andreas_AirflowETL/code/.venv/lib/python3.9/site-packages/airflow/example_dags/example_time_delta_sensor_async.py
[2026-09-18T11:57:08.124+0700] {processor.py:914} INFO - Processing file /Users/andreasanditya/Downloads/572392_Andreas_AirflowETL/code/.venv/lib/python3.9/site-packages/airflow/example_dags/example_time_delta_sensor_async.py for tasks to queue
[2026-09-18T11:57:08.125+0700] {logging_mixin.py:190} INFO - [2026-09-18T11:57:08.125+0700] {dagbag.py:588} INFO - Filling up the DagBag from /Users/andreasanditya/Downloads/572392_Andreas_AirflowETL/code/.venv/lib/python3.9/site-packages/airflow/example_dags/example_time_delta_sensor_async.py
[2026-09-18T11:57:08.131+0700] {processor.py:925} INFO - DAG(s) 'example_time_delta_sensor_async' retrieved from /Users/andreasanditya/Downloads/572392_Andreas_AirflowETL/code/.venv/lib/python3.9/site-packages/airflow/example_dags/example_time_delta_sensor_async.py
[2026-09-18T11:57:08.473+0700] {logging_mixin.py:190} INFO - [2026-09-18T11:57:08.473+0700] {dag.py:3239} INFO - Sync 1 DAGs
[2026-09-18T11:57:08.479+0700] {logging_mixin.py:190} INFO - [2026-09-18T11:57:08.479+0700] {dag.py:4180} INFO - Setting next_dagrun for example_time_delta_sensor_async to None, run_after=None
[2026-09-18T11:57:08.490+0700] {processor.py:208} INFO - Processing /Users/andreasanditya/Downloads/572392_Andreas_AirflowETL/code/.venv/lib/python3.9/site-packages/airflow/example_dags/example_time_delta_sensor_async.py took 0.368 seconds
[2026-09-18T11:58:35.041+0700] {processor.py:186} INFO - Started process (PID=36214) to work on /Users/andreasanditya/Downloads/572392_Andreas_AirflowETL/code/.venv/lib/python3.9/site-packages/airflow/example_dags/example_time_delta_sensor_async.py
[2026-09-18T11:58:35.042+0700] {processor.py:914} INFO - Processing file /Users/andreasanditya/Downloads/572392_Andreas_AirflowETL/code/.venv/lib/python3.9/site-packages/airflow/example_dags/example_time_delta_sensor_async.py for tasks to queue
[2026-09-18T11:58:35.043+0700] {logging_mixin.py:190} INFO - [2026-09-18T11:58:35.043+0700] {dagbag.py:588} INFO - Filling up the DagBag from /Users/andreasanditya/Downloads/572392_Andreas_AirflowETL/code/.venv/lib/python3.9/site-packages/airflow/example_dags/example_time_delta_sensor_async.py
[2026-09-18T11:58:35.047+0700] {processor.py:925} INFO - DAG(s) 'example_time_delta_sensor_async' retrieved from /Users/andreasanditya/Downloads/572392_Andreas_AirflowETL/code/.venv/lib/python3.9/site-packages/airflow/example_dags/example_time_delta_sensor_async.py
[2026-09-18T11:58:35.362+0700] {logging_mixin.py:190} INFO - [2026-09-18T11:58:35.362+0700] {dag.py:3239} INFO - Sync 1 DAGs
[2026-09-18T11:58:35.368+0700] {logging_mixin.py:190} INFO - [2026-09-18T11:58:35.368+0700] {dag.py:4180} INFO - Setting next_dagrun for example_time_delta_sensor_async to None, run_after=None
[2026-09-18T11:58:35.379+0700] {processor.py:208} INFO - Processing /Users/andreasanditya/Downloads/572392_Andreas_AirflowETL/code/.venv/lib/python3.9/site-packages/airflow/example_dags/example_time_delta_sensor_async.py took 0.340 seconds
[2026-09-18T11:59:59.051+0700] {processor.py:186} INFO - Started process (PID=37120) to work on /Users/andreasanditya/Downloads/572392_Andreas_AirflowETL/code/.venv/lib/python3.9/site-packages/airflow/example_dags/example_time_delta_sensor_async.py
[2026-09-18T11:59:59.052+0700] {processor.py:914} INFO - Processing file /Users/andreasanditya/Downloads/572392_Andreas_AirflowETL/code/.venv/lib/python3.9/site-packages/airflow/example_dags/example_time_delta_sensor_async.py for tasks to queue
[2026-09-18T11:59:59.053+0700] {logging_mixin.py:190} INFO - [2026-09-18T11:59:59.053+0700] {dagbag.py:588} INFO - Filling up the DagBag from /Users/andreasanditya/Downloads/572392_Andreas_AirflowETL/code/.venv/lib/python3.9/site-packages/airflow/example_dags/example_time_delta_sensor_async.py
[2026-09-18T11:59:59.059+0700] {processor.py:925} INFO - DAG(s) 'example_time_delta_sensor_async' retrieved from /Users/andreasanditya/Downloads/572392_Andreas_AirflowETL/code/.venv/lib/python3.9/site-packages/airflow/example_dags/example_time_delta_sensor_async.py
[2026-09-18T11:59:59.398+0700] {logging_mixin.py:190} INFO - [2026-09-18T11:59:59.398+0700] {dag.py:3239} INFO - Sync 1 DAGs
[2026-09-18T11:59:59.405+0700] {logging_mixin.py:190} INFO - [2026-09-18T11:59:59.404+0700] {dag.py:4180} INFO - Setting next_dagrun for example_time_delta_sensor_async to None, run_after=None
[2026-09-18T11:59:59.416+0700] {processor.py:208} INFO - Processing /Users/andreasanditya/Downloads/572392_Andreas_AirflowETL/code/.venv/lib/python3.9/site-packages/airflow/example_dags/example_time_delta_sensor_async.py took 0.367 seconds
[2026-09-18T12:01:26.151+0700] {processor.py:186} INFO - Started process (PID=37959) to work on /Users/andreasanditya/Downloads/572392_Andreas_AirflowETL/code/.venv/lib/python3.9/site-packages/airflow/example_dags/example_time_delta_sensor_async.py
[2026-09-18T12:01:26.152+0700] {processor.py:914} INFO - Processing file /Users/andreasanditya/Downloads/572392_Andreas_AirflowETL/code/.venv/lib/python3.9/site-packages/airflow/example_dags/example_time_delta_sensor_async.py for tasks to queue
[2026-09-18T12:01:26.153+0700] {logging_mixin.py:190} INFO - [2026-09-18T12:01:26.153+0700] {dagbag.py:588} INFO - Filling up the DagBag from /Users/andreasanditya/Downloads/572392_Andreas_AirflowETL/code/.venv/lib/python3.9/site-packages/airflow/example_dags/example_time_delta_sensor_async.py
[2026-09-18T12:01:26.157+0700] {processor.py:925} INFO - DAG(s) 'example_time_delta_sensor_async' retrieved from /Users/andreasanditya/Downloads/572392_Andreas_AirflowETL/code/.venv/lib/python3.9/site-packages/airflow/example_dags/example_time_delta_sensor_async.py
[2026-09-18T12:01:26.448+0700] {logging_mixin.py:190} INFO - [2026-09-18T12:01:26.448+0700] {dag.py:3239} INFO - Sync 1 DAGs
[2026-09-18T12:01:26.454+0700] {logging_mixin.py:190} INFO - [2026-09-18T12:01:26.454+0700] {dag.py:4180} INFO - Setting next_dagrun for example_time_delta_sensor_async to None, run_after=None
[2026-09-18T12:01:26.465+0700] {processor.py:208} INFO - Processing /Users/andreasanditya/Downloads/572392_Andreas_AirflowETL/code/.venv/lib/python3.9/site-packages/airflow/example_dags/example_time_delta_sensor_async.py took 0.315 seconds
[2026-09-18T12:02:53.190+0700] {processor.py:186} INFO - Started process (PID=38874) to work on /Users/andreasanditya/Downloads/572392_Andreas_AirflowETL/code/.venv/lib/python3.9/site-packages/airflow/example_dags/example_time_delta_sensor_async.py
[2026-09-18T12:02:53.191+0700] {processor.py:914} INFO - Processing file /Users/andreasanditya/Downloads/572392_Andreas_AirflowETL/code/.venv/lib/python3.9/site-packages/airflow/example_dags/example_time_delta_sensor_async.py for tasks to queue
[2026-09-18T12:02:53.191+0700] {logging_mixin.py:190} INFO - [2026-09-18T12:02:53.191+0700] {dagbag.py:588} INFO - Filling up the DagBag from /Users/andreasanditya/Downloads/572392_Andreas_AirflowETL/code/.venv/lib/python3.9/site-packages/airflow/example_dags/example_time_delta_sensor_async.py
[2026-09-18T12:02:53.196+0700] {processor.py:925} INFO - DAG(s) 'example_time_delta_sensor_async' retrieved from /Users/andreasanditya/Downloads/572392_Andreas_AirflowETL/code/.venv/lib/python3.9/site-packages/airflow/example_dags/example_time_delta_sensor_async.py
[2026-09-18T12:02:53.530+0700] {logging_mixin.py:190} INFO - [2026-09-18T12:02:53.529+0700] {dag.py:3239} INFO - Sync 1 DAGs
[2026-09-18T12:02:53.536+0700] {logging_mixin.py:190} INFO - [2026-09-18T12:02:53.536+0700] {dag.py:4180} INFO - Setting next_dagrun for example_time_delta_sensor_async to None, run_after=None
[2026-09-18T12:02:53.547+0700] {processor.py:208} INFO - Processing /Users/andreasanditya/Downloads/572392_Andreas_AirflowETL/code/.venv/lib/python3.9/site-packages/airflow/example_dags/example_time_delta_sensor_async.py took 0.359 seconds
[2026-09-18T12:04:20.085+0700] {processor.py:186} INFO - Started process (PID=39788) to work on /Users/andreasanditya/Downloads/572392_Andreas_AirflowETL/code/.venv/lib/python3.9/site-packages/airflow/example_dags/example_time_delta_sensor_async.py
[2026-09-18T12:04:20.086+0700] {processor.py:914} INFO - Processing file /Users/andreasanditya/Downloads/572392_Andreas_AirflowETL/code/.venv/lib/python3.9/site-packages/airflow/example_dags/example_time_delta_sensor_async.py for tasks to queue
[2026-09-18T12:04:20.086+0700] {logging_mixin.py:190} INFO - [2026-09-18T12:04:20.086+0700] {dagbag.py:588} INFO - Filling up the DagBag from /Users/andreasanditya/Downloads/572392_Andreas_AirflowETL/code/.venv/lib/python3.9/site-packages/airflow/example_dags/example_time_delta_sensor_async.py
[2026-09-18T12:04:20.091+0700] {processor.py:925} INFO - DAG(s) 'example_time_delta_sensor_async' retrieved from /Users/andreasanditya/Downloads/572392_Andreas_AirflowETL/code/.venv/lib/python3.9/site-packages/airflow/example_dags/example_time_delta_sensor_async.py
[2026-09-18T12:04:20.415+0700] {logging_mixin.py:190} INFO - [2026-09-18T12:04:20.414+0700] {dag.py:3239} INFO - Sync 1 DAGs
[2026-09-18T12:04:20.421+0700] {logging_mixin.py:190} INFO - [2026-09-18T12:04:20.421+0700] {dag.py:4180} INFO - Setting next_dagrun for example_time_delta_sensor_async to None, run_after=None
[2026-09-18T12:04:20.431+0700] {processor.py:208} INFO - Processing /Users/andreasanditya/Downloads/572392_Andreas_AirflowETL/code/.venv/lib/python3.9/site-packages/airflow/example_dags/example_time_delta_sensor_async.py took 0.349 seconds
[2026-09-18T12:05:46.749+0700] {processor.py:186} INFO - Started process (PID=40616) to work on /Users/andreasanditya/Downloads/572392_Andreas_AirflowETL/code/.venv/lib/python3.9/site-packages/airflow/example_dags/example_time_delta_sensor_async.py
[2026-09-18T12:05:46.750+0700] {processor.py:914} INFO - Processing file /Users/andreasanditya/Downloads/572392_Andreas_AirflowETL/code/.venv/lib/python3.9/site-packages/airflow/example_dags/example_time_delta_sensor_async.py for tasks to queue
[2026-09-18T12:05:46.751+0700] {logging_mixin.py:190} INFO - [2026-09-18T12:05:46.751+0700] {dagbag.py:588} INFO - Filling up the DagBag from /Users/andreasanditya/Downloads/572392_Andreas_AirflowETL/code/.venv/lib/python3.9/site-packages/airflow/example_dags/example_time_delta_sensor_async.py
[2026-09-18T12:05:46.756+0700] {processor.py:925} INFO - DAG(s) 'example_time_delta_sensor_async' retrieved from /Users/andreasanditya/Downloads/572392_Andreas_AirflowETL/code/.venv/lib/python3.9/site-packages/airflow/example_dags/example_time_delta_sensor_async.py
[2026-09-18T12:05:47.125+0700] {logging_mixin.py:190} INFO - [2026-09-18T12:05:47.125+0700] {dag.py:3239} INFO - Sync 1 DAGs
[2026-09-18T12:05:47.131+0700] {logging_mixin.py:190} INFO - [2026-09-18T12:05:47.131+0700] {dag.py:4180} INFO - Setting next_dagrun for example_time_delta_sensor_async to None, run_after=None
[2026-09-18T12:05:47.142+0700] {processor.py:208} INFO - Processing /Users/andreasanditya/Downloads/572392_Andreas_AirflowETL/code/.venv/lib/python3.9/site-packages/airflow/example_dags/example_time_delta_sensor_async.py took 0.395 seconds
[2026-09-18T12:07:14.786+0700] {processor.py:186} INFO - Started process (PID=41530) to work on /Users/andreasanditya/Downloads/572392_Andreas_AirflowETL/code/.venv/lib/python3.9/site-packages/airflow/example_dags/example_time_delta_sensor_async.py
[2026-09-18T12:07:14.786+0700] {processor.py:914} INFO - Processing file /Users/andreasanditya/Downloads/572392_Andreas_AirflowETL/code/.venv/lib/python3.9/site-packages/airflow/example_dags/example_time_delta_sensor_async.py for tasks to queue
[2026-09-18T12:07:14.787+0700] {logging_mixin.py:190} INFO - [2026-09-18T12:07:14.787+0700] {dagbag.py:588} INFO - Filling up the DagBag from /Users/andreasanditya/Downloads/572392_Andreas_AirflowETL/code/.venv/lib/python3.9/site-packages/airflow/example_dags/example_time_delta_sensor_async.py
[2026-09-18T12:07:14.792+0700] {processor.py:925} INFO - DAG(s) 'example_time_delta_sensor_async' retrieved from /Users/andreasanditya/Downloads/572392_Andreas_AirflowETL/code/.venv/lib/python3.9/site-packages/airflow/example_dags/example_time_delta_sensor_async.py
[2026-09-18T12:07:15.133+0700] {logging_mixin.py:190} INFO - [2026-09-18T12:07:15.133+0700] {dag.py:3239} INFO - Sync 1 DAGs
[2026-09-18T12:07:15.139+0700] {logging_mixin.py:190} INFO - [2026-09-18T12:07:15.139+0700] {dag.py:4180} INFO - Setting next_dagrun for example_time_delta_sensor_async to None, run_after=None
[2026-09-18T12:07:15.151+0700] {processor.py:208} INFO - Processing /Users/andreasanditya/Downloads/572392_Andreas_AirflowETL/code/.venv/lib/python3.9/site-packages/airflow/example_dags/example_time_delta_sensor_async.py took 0.367 seconds
[2026-09-18T12:08:42.074+0700] {processor.py:186} INFO - Started process (PID=42359) to work on /Users/andreasanditya/Downloads/572392_Andreas_AirflowETL/code/.venv/lib/python3.9/site-packages/airflow/example_dags/example_time_delta_sensor_async.py
[2026-09-18T12:08:42.075+0700] {processor.py:914} INFO - Processing file /Users/andreasanditya/Downloads/572392_Andreas_AirflowETL/code/.venv/lib/python3.9/site-packages/airflow/example_dags/example_time_delta_sensor_async.py for tasks to queue
[2026-09-18T12:08:42.075+0700] {logging_mixin.py:190} INFO - [2026-09-18T12:08:42.075+0700] {dagbag.py:588} INFO - Filling up the DagBag from /Users/andreasanditya/Downloads/572392_Andreas_AirflowETL/code/.venv/lib/python3.9/site-packages/airflow/example_dags/example_time_delta_sensor_async.py
[2026-09-18T12:08:42.080+0700] {processor.py:925} INFO - DAG(s) 'example_time_delta_sensor_async' retrieved from /Users/andreasanditya/Downloads/572392_Andreas_AirflowETL/code/.venv/lib/python3.9/site-packages/airflow/example_dags/example_time_delta_sensor_async.py
[2026-09-18T12:08:42.417+0700] {logging_mixin.py:190} INFO - [2026-09-18T12:08:42.417+0700] {dag.py:3239} INFO - Sync 1 DAGs
[2026-09-18T12:08:42.425+0700] {logging_mixin.py:190} INFO - [2026-09-18T12:08:42.425+0700] {dag.py:4180} INFO - Setting next_dagrun for example_time_delta_sensor_async to None, run_after=None
[2026-09-18T12:08:42.436+0700] {processor.py:208} INFO - Processing /Users/andreasanditya/Downloads/572392_Andreas_AirflowETL/code/.venv/lib/python3.9/site-packages/airflow/example_dags/example_time_delta_sensor_async.py took 0.365 seconds
[2026-09-18T12:10:08.767+0700] {processor.py:186} INFO - Started process (PID=43262) to work on /Users/andreasanditya/Downloads/572392_Andreas_AirflowETL/code/.venv/lib/python3.9/site-packages/airflow/example_dags/example_time_delta_sensor_async.py
[2026-09-18T12:10:08.768+0700] {processor.py:914} INFO - Processing file /Users/andreasanditya/Downloads/572392_Andreas_AirflowETL/code/.venv/lib/python3.9/site-packages/airflow/example_dags/example_time_delta_sensor_async.py for tasks to queue
[2026-09-18T12:10:08.769+0700] {logging_mixin.py:190} INFO - [2026-09-18T12:10:08.769+0700] {dagbag.py:588} INFO - Filling up the DagBag from /Users/andreasanditya/Downloads/572392_Andreas_AirflowETL/code/.venv/lib/python3.9/site-packages/airflow/example_dags/example_time_delta_sensor_async.py
[2026-09-18T12:10:08.774+0700] {processor.py:925} INFO - DAG(s) 'example_time_delta_sensor_async' retrieved from /Users/andreasanditya/Downloads/572392_Andreas_AirflowETL/code/.venv/lib/python3.9/site-packages/airflow/example_dags/example_time_delta_sensor_async.py
[2026-09-18T12:10:09.099+0700] {logging_mixin.py:190} INFO - [2026-09-18T12:10:09.099+0700] {dag.py:3239} INFO - Sync 1 DAGs
[2026-09-18T12:10:09.105+0700] {logging_mixin.py:190} INFO - [2026-09-18T12:10:09.105+0700] {dag.py:4180} INFO - Setting next_dagrun for example_time_delta_sensor_async to None, run_after=None
[2026-09-18T12:10:09.116+0700] {processor.py:208} INFO - Processing /Users/andreasanditya/Downloads/572392_Andreas_AirflowETL/code/.venv/lib/python3.9/site-packages/airflow/example_dags/example_time_delta_sensor_async.py took 0.350 seconds
[2026-09-18T12:11:35.508+0700] {processor.py:186} INFO - Started process (PID=44179) to work on /Users/andreasanditya/Downloads/572392_Andreas_AirflowETL/code/.venv/lib/python3.9/site-packages/airflow/example_dags/example_time_delta_sensor_async.py
[2026-09-18T12:11:35.509+0700] {processor.py:914} INFO - Processing file /Users/andreasanditya/Downloads/572392_Andreas_AirflowETL/code/.venv/lib/python3.9/site-packages/airflow/example_dags/example_time_delta_sensor_async.py for tasks to queue
[2026-09-18T12:11:35.509+0700] {logging_mixin.py:190} INFO - [2026-09-18T12:11:35.509+0700] {dagbag.py:588} INFO - Filling up the DagBag from /Users/andreasanditya/Downloads/572392_Andreas_AirflowETL/code/.venv/lib/python3.9/site-packages/airflow/example_dags/example_time_delta_sensor_async.py
[2026-09-18T12:11:35.515+0700] {processor.py:925} INFO - DAG(s) 'example_time_delta_sensor_async' retrieved from /Users/andreasanditya/Downloads/572392_Andreas_AirflowETL/code/.venv/lib/python3.9/site-packages/airflow/example_dags/example_time_delta_sensor_async.py
[2026-09-18T12:11:35.893+0700] {logging_mixin.py:190} INFO - [2026-09-18T12:11:35.893+0700] {dag.py:3239} INFO - Sync 1 DAGs
[2026-09-18T12:11:35.900+0700] {logging_mixin.py:190} INFO - [2026-09-18T12:11:35.900+0700] {dag.py:4180} INFO - Setting next_dagrun for example_time_delta_sensor_async to None, run_after=None
[2026-09-18T12:11:35.911+0700] {processor.py:208} INFO - Processing /Users/andreasanditya/Downloads/572392_Andreas_AirflowETL/code/.venv/lib/python3.9/site-packages/airflow/example_dags/example_time_delta_sensor_async.py took 0.405 seconds
[2026-09-18T12:13:04.840+0700] {processor.py:186} INFO - Started process (PID=45744) to work on /Users/andreasanditya/Downloads/572392_Andreas_AirflowETL/code/.venv/lib/python3.9/site-packages/airflow/example_dags/example_time_delta_sensor_async.py
[2026-09-18T12:13:04.843+0700] {processor.py:914} INFO - Processing file /Users/andreasanditya/Downloads/572392_Andreas_AirflowETL/code/.venv/lib/python3.9/site-packages/airflow/example_dags/example_time_delta_sensor_async.py for tasks to queue
[2026-09-18T12:13:04.844+0700] {logging_mixin.py:190} INFO - [2026-09-18T12:13:04.844+0700] {dagbag.py:588} INFO - Filling up the DagBag from /Users/andreasanditya/Downloads/572392_Andreas_AirflowETL/code/.venv/lib/python3.9/site-packages/airflow/example_dags/example_time_delta_sensor_async.py
[2026-09-18T12:13:04.849+0700] {processor.py:925} INFO - DAG(s) 'example_time_delta_sensor_async' retrieved from /Users/andreasanditya/Downloads/572392_Andreas_AirflowETL/code/.venv/lib/python3.9/site-packages/airflow/example_dags/example_time_delta_sensor_async.py
[2026-09-18T12:13:05.198+0700] {logging_mixin.py:190} INFO - [2026-09-18T12:13:05.198+0700] {dag.py:3239} INFO - Sync 1 DAGs
[2026-09-18T12:13:05.204+0700] {logging_mixin.py:190} INFO - [2026-09-18T12:13:05.204+0700] {dag.py:4180} INFO - Setting next_dagrun for example_time_delta_sensor_async to None, run_after=None
[2026-09-18T12:13:05.216+0700] {processor.py:208} INFO - Processing /Users/andreasanditya/Downloads/572392_Andreas_AirflowETL/code/.venv/lib/python3.9/site-packages/airflow/example_dags/example_time_delta_sensor_async.py took 0.377 seconds
[2026-09-18T12:14:34.160+0700] {processor.py:186} INFO - Started process (PID=46763) to work on /Users/andreasanditya/Downloads/572392_Andreas_AirflowETL/code/.venv/lib/python3.9/site-packages/airflow/example_dags/example_time_delta_sensor_async.py
[2026-09-18T12:14:34.162+0700] {processor.py:914} INFO - Processing file /Users/andreasanditya/Downloads/572392_Andreas_AirflowETL/code/.venv/lib/python3.9/site-packages/airflow/example_dags/example_time_delta_sensor_async.py for tasks to queue
[2026-09-18T12:14:34.162+0700] {logging_mixin.py:190} INFO - [2026-09-18T12:14:34.162+0700] {dagbag.py:588} INFO - Filling up the DagBag from /Users/andreasanditya/Downloads/572392_Andreas_AirflowETL/code/.venv/lib/python3.9/site-packages/airflow/example_dags/example_time_delta_sensor_async.py
[2026-09-18T12:14:34.167+0700] {processor.py:925} INFO - DAG(s) 'example_time_delta_sensor_async' retrieved from /Users/andreasanditya/Downloads/572392_Andreas_AirflowETL/code/.venv/lib/python3.9/site-packages/airflow/example_dags/example_time_delta_sensor_async.py
[2026-09-18T12:14:34.526+0700] {logging_mixin.py:190} INFO - [2026-09-18T12:14:34.525+0700] {dag.py:3239} INFO - Sync 1 DAGs
[2026-09-18T12:14:34.532+0700] {logging_mixin.py:190} INFO - [2026-09-18T12:14:34.532+0700] {dag.py:4180} INFO - Setting next_dagrun for example_time_delta_sensor_async to None, run_after=None
[2026-09-18T12:14:34.545+0700] {processor.py:208} INFO - Processing /Users/andreasanditya/Downloads/572392_Andreas_AirflowETL/code/.venv/lib/python3.9/site-packages/airflow/example_dags/example_time_delta_sensor_async.py took 0.387 seconds
[2026-09-18T12:16:01.232+0700] {processor.py:186} INFO - Started process (PID=48409) to work on /Users/andreasanditya/Downloads/572392_Andreas_AirflowETL/code/.venv/lib/python3.9/site-packages/airflow/example_dags/example_time_delta_sensor_async.py
[2026-09-18T12:16:01.233+0700] {processor.py:914} INFO - Processing file /Users/andreasanditya/Downloads/572392_Andreas_AirflowETL/code/.venv/lib/python3.9/site-packages/airflow/example_dags/example_time_delta_sensor_async.py for tasks to queue
[2026-09-18T12:16:01.234+0700] {logging_mixin.py:190} INFO - [2026-09-18T12:16:01.234+0700] {dagbag.py:588} INFO - Filling up the DagBag from /Users/andreasanditya/Downloads/572392_Andreas_AirflowETL/code/.venv/lib/python3.9/site-packages/airflow/example_dags/example_time_delta_sensor_async.py
[2026-09-18T12:16:01.239+0700] {processor.py:925} INFO - DAG(s) 'example_time_delta_sensor_async' retrieved from /Users/andreasanditya/Downloads/572392_Andreas_AirflowETL/code/.venv/lib/python3.9/site-packages/airflow/example_dags/example_time_delta_sensor_async.py
[2026-09-18T12:16:01.580+0700] {logging_mixin.py:190} INFO - [2026-09-18T12:16:01.580+0700] {dag.py:3239} INFO - Sync 1 DAGs
[2026-09-18T12:16:01.587+0700] {logging_mixin.py:190} INFO - [2026-09-18T12:16:01.586+0700] {dag.py:4180} INFO - Setting next_dagrun for example_time_delta_sensor_async to None, run_after=None
[2026-09-18T12:16:01.597+0700] {processor.py:208} INFO - Processing /Users/andreasanditya/Downloads/572392_Andreas_AirflowETL/code/.venv/lib/python3.9/site-packages/airflow/example_dags/example_time_delta_sensor_async.py took 0.367 seconds
[2026-09-18T12:17:29.003+0700] {processor.py:186} INFO - Started process (PID=49625) to work on /Users/andreasanditya/Downloads/572392_Andreas_AirflowETL/code/.venv/lib/python3.9/site-packages/airflow/example_dags/example_time_delta_sensor_async.py
[2026-09-18T12:17:29.004+0700] {processor.py:914} INFO - Processing file /Users/andreasanditya/Downloads/572392_Andreas_AirflowETL/code/.venv/lib/python3.9/site-packages/airflow/example_dags/example_time_delta_sensor_async.py for tasks to queue
[2026-09-18T12:17:29.005+0700] {logging_mixin.py:190} INFO - [2026-09-18T12:17:29.005+0700] {dagbag.py:588} INFO - Filling up the DagBag from /Users/andreasanditya/Downloads/572392_Andreas_AirflowETL/code/.venv/lib/python3.9/site-packages/airflow/example_dags/example_time_delta_sensor_async.py
[2026-09-18T12:17:29.010+0700] {processor.py:925} INFO - DAG(s) 'example_time_delta_sensor_async' retrieved from /Users/andreasanditya/Downloads/572392_Andreas_AirflowETL/code/.venv/lib/python3.9/site-packages/airflow/example_dags/example_time_delta_sensor_async.py
[2026-09-18T12:17:29.365+0700] {logging_mixin.py:190} INFO - [2026-09-18T12:17:29.364+0700] {dag.py:3239} INFO - Sync 1 DAGs
[2026-09-18T12:17:29.371+0700] {logging_mixin.py:190} INFO - [2026-09-18T12:17:29.370+0700] {dag.py:4180} INFO - Setting next_dagrun for example_time_delta_sensor_async to None, run_after=None
[2026-09-18T12:17:29.382+0700] {processor.py:208} INFO - Processing /Users/andreasanditya/Downloads/572392_Andreas_AirflowETL/code/.venv/lib/python3.9/site-packages/airflow/example_dags/example_time_delta_sensor_async.py took 0.381 seconds
[2026-09-18T12:18:58.919+0700] {processor.py:186} INFO - Started process (PID=51378) to work on /Users/andreasanditya/Downloads/572392_Andreas_AirflowETL/code/.venv/lib/python3.9/site-packages/airflow/example_dags/example_time_delta_sensor_async.py
[2026-09-18T12:18:58.920+0700] {processor.py:914} INFO - Processing file /Users/andreasanditya/Downloads/572392_Andreas_AirflowETL/code/.venv/lib/python3.9/site-packages/airflow/example_dags/example_time_delta_sensor_async.py for tasks to queue
[2026-09-18T12:18:58.921+0700] {logging_mixin.py:190} INFO - [2026-09-18T12:18:58.921+0700] {dagbag.py:588} INFO - Filling up the DagBag from /Users/andreasanditya/Downloads/572392_Andreas_AirflowETL/code/.venv/lib/python3.9/site-packages/airflow/example_dags/example_time_delta_sensor_async.py
[2026-09-18T12:18:58.926+0700] {processor.py:925} INFO - DAG(s) 'example_time_delta_sensor_async' retrieved from /Users/andreasanditya/Downloads/572392_Andreas_AirflowETL/code/.venv/lib/python3.9/site-packages/airflow/example_dags/example_time_delta_sensor_async.py
[2026-09-18T12:18:59.311+0700] {logging_mixin.py:190} INFO - [2026-09-18T12:18:59.311+0700] {dag.py:3239} INFO - Sync 1 DAGs
[2026-09-18T12:18:59.318+0700] {logging_mixin.py:190} INFO - [2026-09-18T12:18:59.318+0700] {dag.py:4180} INFO - Setting next_dagrun for example_time_delta_sensor_async to None, run_after=None
[2026-09-18T12:18:59.330+0700] {processor.py:208} INFO - Processing /Users/andreasanditya/Downloads/572392_Andreas_AirflowETL/code/.venv/lib/python3.9/site-packages/airflow/example_dags/example_time_delta_sensor_async.py took 0.412 seconds
[2026-09-18T12:20:26.712+0700] {processor.py:186} INFO - Started process (PID=52982) to work on /Users/andreasanditya/Downloads/572392_Andreas_AirflowETL/code/.venv/lib/python3.9/site-packages/airflow/example_dags/example_time_delta_sensor_async.py
[2026-09-18T12:20:26.713+0700] {processor.py:914} INFO - Processing file /Users/andreasanditya/Downloads/572392_Andreas_AirflowETL/code/.venv/lib/python3.9/site-packages/airflow/example_dags/example_time_delta_sensor_async.py for tasks to queue
[2026-09-18T12:20:26.714+0700] {logging_mixin.py:190} INFO - [2026-09-18T12:20:26.714+0700] {dagbag.py:588} INFO - Filling up the DagBag from /Users/andreasanditya/Downloads/572392_Andreas_AirflowETL/code/.venv/lib/python3.9/site-packages/airflow/example_dags/example_time_delta_sensor_async.py
[2026-09-18T12:20:26.718+0700] {processor.py:925} INFO - DAG(s) 'example_time_delta_sensor_async' retrieved from /Users/andreasanditya/Downloads/572392_Andreas_AirflowETL/code/.venv/lib/python3.9/site-packages/airflow/example_dags/example_time_delta_sensor_async.py
[2026-09-18T12:20:27.063+0700] {logging_mixin.py:190} INFO - [2026-09-18T12:20:27.063+0700] {dag.py:3239} INFO - Sync 1 DAGs
[2026-09-18T12:20:27.069+0700] {logging_mixin.py:190} INFO - [2026-09-18T12:20:27.069+0700] {dag.py:4180} INFO - Setting next_dagrun for example_time_delta_sensor_async to None, run_after=None
[2026-09-18T12:20:27.079+0700] {processor.py:208} INFO - Processing /Users/andreasanditya/Downloads/572392_Andreas_AirflowETL/code/.venv/lib/python3.9/site-packages/airflow/example_dags/example_time_delta_sensor_async.py took 0.369 seconds
[2026-09-18T12:21:54.480+0700] {processor.py:186} INFO - Started process (PID=53939) to work on /Users/andreasanditya/Downloads/572392_Andreas_AirflowETL/code/.venv/lib/python3.9/site-packages/airflow/example_dags/example_time_delta_sensor_async.py
[2026-09-18T12:21:54.481+0700] {processor.py:914} INFO - Processing file /Users/andreasanditya/Downloads/572392_Andreas_AirflowETL/code/.venv/lib/python3.9/site-packages/airflow/example_dags/example_time_delta_sensor_async.py for tasks to queue
[2026-09-18T12:21:54.482+0700] {logging_mixin.py:190} INFO - [2026-09-18T12:21:54.482+0700] {dagbag.py:588} INFO - Filling up the DagBag from /Users/andreasanditya/Downloads/572392_Andreas_AirflowETL/code/.venv/lib/python3.9/site-packages/airflow/example_dags/example_time_delta_sensor_async.py
[2026-09-18T12:21:54.487+0700] {processor.py:925} INFO - DAG(s) 'example_time_delta_sensor_async' retrieved from /Users/andreasanditya/Downloads/572392_Andreas_AirflowETL/code/.venv/lib/python3.9/site-packages/airflow/example_dags/example_time_delta_sensor_async.py
[2026-09-18T12:21:54.770+0700] {logging_mixin.py:190} INFO - [2026-09-18T12:21:54.769+0700] {dag.py:3239} INFO - Sync 1 DAGs
[2026-09-18T12:21:54.776+0700] {logging_mixin.py:190} INFO - [2026-09-18T12:21:54.776+0700] {dag.py:4180} INFO - Setting next_dagrun for example_time_delta_sensor_async to None, run_after=None
[2026-09-18T12:21:54.789+0700] {processor.py:208} INFO - Processing /Users/andreasanditya/Downloads/572392_Andreas_AirflowETL/code/.venv/lib/python3.9/site-packages/airflow/example_dags/example_time_delta_sensor_async.py took 0.311 seconds
[2026-09-18T12:23:21.667+0700] {processor.py:186} INFO - Started process (PID=54771) to work on /Users/andreasanditya/Downloads/572392_Andreas_AirflowETL/code/.venv/lib/python3.9/site-packages/airflow/example_dags/example_time_delta_sensor_async.py
[2026-09-18T12:23:21.668+0700] {processor.py:914} INFO - Processing file /Users/andreasanditya/Downloads/572392_Andreas_AirflowETL/code/.venv/lib/python3.9/site-packages/airflow/example_dags/example_time_delta_sensor_async.py for tasks to queue
[2026-09-18T12:23:21.669+0700] {logging_mixin.py:190} INFO - [2026-09-18T12:23:21.669+0700] {dagbag.py:588} INFO - Filling up the DagBag from /Users/andreasanditya/Downloads/572392_Andreas_AirflowETL/code/.venv/lib/python3.9/site-packages/airflow/example_dags/example_time_delta_sensor_async.py
[2026-09-18T12:23:21.674+0700] {processor.py:925} INFO - DAG(s) 'example_time_delta_sensor_async' retrieved from /Users/andreasanditya/Downloads/572392_Andreas_AirflowETL/code/.venv/lib/python3.9/site-packages/airflow/example_dags/example_time_delta_sensor_async.py
[2026-09-18T12:23:22.019+0700] {logging_mixin.py:190} INFO - [2026-09-18T12:23:22.019+0700] {dag.py:3239} INFO - Sync 1 DAGs
[2026-09-18T12:23:22.025+0700] {logging_mixin.py:190} INFO - [2026-09-18T12:23:22.025+0700] {dag.py:4180} INFO - Setting next_dagrun for example_time_delta_sensor_async to None, run_after=None
[2026-09-18T12:23:22.039+0700] {processor.py:208} INFO - Processing /Users/andreasanditya/Downloads/572392_Andreas_AirflowETL/code/.venv/lib/python3.9/site-packages/airflow/example_dags/example_time_delta_sensor_async.py took 0.374 seconds
[2026-09-18T12:24:47.509+0700] {processor.py:186} INFO - Started process (PID=55707) to work on /Users/andreasanditya/Downloads/572392_Andreas_AirflowETL/code/.venv/lib/python3.9/site-packages/airflow/example_dags/example_time_delta_sensor_async.py
[2026-09-18T12:24:47.510+0700] {processor.py:914} INFO - Processing file /Users/andreasanditya/Downloads/572392_Andreas_AirflowETL/code/.venv/lib/python3.9/site-packages/airflow/example_dags/example_time_delta_sensor_async.py for tasks to queue
[2026-09-18T12:24:47.510+0700] {logging_mixin.py:190} INFO - [2026-09-18T12:24:47.510+0700] {dagbag.py:588} INFO - Filling up the DagBag from /Users/andreasanditya/Downloads/572392_Andreas_AirflowETL/code/.venv/lib/python3.9/site-packages/airflow/example_dags/example_time_delta_sensor_async.py
[2026-09-18T12:24:47.515+0700] {processor.py:925} INFO - DAG(s) 'example_time_delta_sensor_async' retrieved from /Users/andreasanditya/Downloads/572392_Andreas_AirflowETL/code/.venv/lib/python3.9/site-packages/airflow/example_dags/example_time_delta_sensor_async.py
[2026-09-18T12:24:47.880+0700] {logging_mixin.py:190} INFO - [2026-09-18T12:24:47.879+0700] {dag.py:3239} INFO - Sync 1 DAGs
[2026-09-18T12:24:47.886+0700] {logging_mixin.py:190} INFO - [2026-09-18T12:24:47.886+0700] {dag.py:4180} INFO - Setting next_dagrun for example_time_delta_sensor_async to None, run_after=None
[2026-09-18T12:24:47.900+0700] {processor.py:208} INFO - Processing /Users/andreasanditya/Downloads/572392_Andreas_AirflowETL/code/.venv/lib/python3.9/site-packages/airflow/example_dags/example_time_delta_sensor_async.py took 0.394 seconds
[2026-09-18T12:26:14.270+0700] {processor.py:186} INFO - Started process (PID=56617) to work on /Users/andreasanditya/Downloads/572392_Andreas_AirflowETL/code/.venv/lib/python3.9/site-packages/airflow/example_dags/example_time_delta_sensor_async.py
[2026-09-18T12:26:14.271+0700] {processor.py:914} INFO - Processing file /Users/andreasanditya/Downloads/572392_Andreas_AirflowETL/code/.venv/lib/python3.9/site-packages/airflow/example_dags/example_time_delta_sensor_async.py for tasks to queue
[2026-09-18T12:26:14.272+0700] {logging_mixin.py:190} INFO - [2026-09-18T12:26:14.272+0700] {dagbag.py:588} INFO - Filling up the DagBag from /Users/andreasanditya/Downloads/572392_Andreas_AirflowETL/code/.venv/lib/python3.9/site-packages/airflow/example_dags/example_time_delta_sensor_async.py
[2026-09-18T12:26:14.277+0700] {processor.py:925} INFO - DAG(s) 'example_time_delta_sensor_async' retrieved from /Users/andreasanditya/Downloads/572392_Andreas_AirflowETL/code/.venv/lib/python3.9/site-packages/airflow/example_dags/example_time_delta_sensor_async.py
[2026-09-18T12:26:14.561+0700] {logging_mixin.py:190} INFO - [2026-09-18T12:26:14.560+0700] {dag.py:3239} INFO - Sync 1 DAGs
[2026-09-18T12:26:14.567+0700] {logging_mixin.py:190} INFO - [2026-09-18T12:26:14.567+0700] {dag.py:4180} INFO - Setting next_dagrun for example_time_delta_sensor_async to None, run_after=None
[2026-09-18T12:26:14.578+0700] {processor.py:208} INFO - Processing /Users/andreasanditya/Downloads/572392_Andreas_AirflowETL/code/.venv/lib/python3.9/site-packages/airflow/example_dags/example_time_delta_sensor_async.py took 0.309 seconds
[2026-09-18T12:27:41.085+0700] {processor.py:186} INFO - Started process (PID=57534) to work on /Users/andreasanditya/Downloads/572392_Andreas_AirflowETL/code/.venv/lib/python3.9/site-packages/airflow/example_dags/example_time_delta_sensor_async.py
[2026-09-18T12:27:41.086+0700] {processor.py:914} INFO - Processing file /Users/andreasanditya/Downloads/572392_Andreas_AirflowETL/code/.venv/lib/python3.9/site-packages/airflow/example_dags/example_time_delta_sensor_async.py for tasks to queue
[2026-09-18T12:27:41.086+0700] {logging_mixin.py:190} INFO - [2026-09-18T12:27:41.086+0700] {dagbag.py:588} INFO - Filling up the DagBag from /Users/andreasanditya/Downloads/572392_Andreas_AirflowETL/code/.venv/lib/python3.9/site-packages/airflow/example_dags/example_time_delta_sensor_async.py
[2026-09-18T12:27:41.091+0700] {processor.py:925} INFO - DAG(s) 'example_time_delta_sensor_async' retrieved from /Users/andreasanditya/Downloads/572392_Andreas_AirflowETL/code/.venv/lib/python3.9/site-packages/airflow/example_dags/example_time_delta_sensor_async.py
[2026-09-18T12:27:41.439+0700] {logging_mixin.py:190} INFO - [2026-09-18T12:27:41.438+0700] {dag.py:3239} INFO - Sync 1 DAGs
[2026-09-18T12:27:41.445+0700] {logging_mixin.py:190} INFO - [2026-09-18T12:27:41.444+0700] {dag.py:4180} INFO - Setting next_dagrun for example_time_delta_sensor_async to None, run_after=None
[2026-09-18T12:27:41.455+0700] {processor.py:208} INFO - Processing /Users/andreasanditya/Downloads/572392_Andreas_AirflowETL/code/.venv/lib/python3.9/site-packages/airflow/example_dags/example_time_delta_sensor_async.py took 0.372 seconds
[2026-09-18T12:29:06.309+0700] {processor.py:186} INFO - Started process (PID=58382) to work on /Users/andreasanditya/Downloads/572392_Andreas_AirflowETL/code/.venv/lib/python3.9/site-packages/airflow/example_dags/example_time_delta_sensor_async.py
[2026-09-18T12:29:06.310+0700] {processor.py:914} INFO - Processing file /Users/andreasanditya/Downloads/572392_Andreas_AirflowETL/code/.venv/lib/python3.9/site-packages/airflow/example_dags/example_time_delta_sensor_async.py for tasks to queue
[2026-09-18T12:29:06.311+0700] {logging_mixin.py:190} INFO - [2026-09-18T12:29:06.311+0700] {dagbag.py:588} INFO - Filling up the DagBag from /Users/andreasanditya/Downloads/572392_Andreas_AirflowETL/code/.venv/lib/python3.9/site-packages/airflow/example_dags/example_time_delta_sensor_async.py
[2026-09-18T12:29:06.315+0700] {processor.py:925} INFO - DAG(s) 'example_time_delta_sensor_async' retrieved from /Users/andreasanditya/Downloads/572392_Andreas_AirflowETL/code/.venv/lib/python3.9/site-packages/airflow/example_dags/example_time_delta_sensor_async.py
[2026-09-18T12:29:06.661+0700] {logging_mixin.py:190} INFO - [2026-09-18T12:29:06.661+0700] {dag.py:3239} INFO - Sync 1 DAGs
[2026-09-18T12:29:06.667+0700] {logging_mixin.py:190} INFO - [2026-09-18T12:29:06.667+0700] {dag.py:4180} INFO - Setting next_dagrun for example_time_delta_sensor_async to None, run_after=None
[2026-09-18T12:29:06.678+0700] {processor.py:208} INFO - Processing /Users/andreasanditya/Downloads/572392_Andreas_AirflowETL/code/.venv/lib/python3.9/site-packages/airflow/example_dags/example_time_delta_sensor_async.py took 0.371 seconds
[2026-09-18T12:30:30.400+0700] {processor.py:186} INFO - Started process (PID=59255) to work on /Users/andreasanditya/Downloads/572392_Andreas_AirflowETL/code/.venv/lib/python3.9/site-packages/airflow/example_dags/example_time_delta_sensor_async.py
[2026-09-18T12:30:30.401+0700] {processor.py:914} INFO - Processing file /Users/andreasanditya/Downloads/572392_Andreas_AirflowETL/code/.venv/lib/python3.9/site-packages/airflow/example_dags/example_time_delta_sensor_async.py for tasks to queue
[2026-09-18T12:30:30.402+0700] {logging_mixin.py:190} INFO - [2026-09-18T12:30:30.402+0700] {dagbag.py:588} INFO - Filling up the DagBag from /Users/andreasanditya/Downloads/572392_Andreas_AirflowETL/code/.venv/lib/python3.9/site-packages/airflow/example_dags/example_time_delta_sensor_async.py
[2026-09-18T12:30:30.407+0700] {processor.py:925} INFO - DAG(s) 'example_time_delta_sensor_async' retrieved from /Users/andreasanditya/Downloads/572392_Andreas_AirflowETL/code/.venv/lib/python3.9/site-packages/airflow/example_dags/example_time_delta_sensor_async.py
[2026-09-18T12:30:30.724+0700] {logging_mixin.py:190} INFO - [2026-09-18T12:30:30.724+0700] {dag.py:3239} INFO - Sync 1 DAGs
[2026-09-18T12:30:30.730+0700] {logging_mixin.py:190} INFO - [2026-09-18T12:30:30.730+0700] {dag.py:4180} INFO - Setting next_dagrun for example_time_delta_sensor_async to None, run_after=None
[2026-09-18T12:30:30.741+0700] {processor.py:208} INFO - Processing /Users/andreasanditya/Downloads/572392_Andreas_AirflowETL/code/.venv/lib/python3.9/site-packages/airflow/example_dags/example_time_delta_sensor_async.py took 0.343 seconds
[2026-09-18T12:31:51.916+0700] {processor.py:186} INFO - Started process (PID=60118) to work on /Users/andreasanditya/Downloads/572392_Andreas_AirflowETL/code/.venv/lib/python3.9/site-packages/airflow/example_dags/example_time_delta_sensor_async.py
[2026-09-18T12:31:51.919+0700] {processor.py:914} INFO - Processing file /Users/andreasanditya/Downloads/572392_Andreas_AirflowETL/code/.venv/lib/python3.9/site-packages/airflow/example_dags/example_time_delta_sensor_async.py for tasks to queue
[2026-09-18T12:31:51.919+0700] {logging_mixin.py:190} INFO - [2026-09-18T12:31:51.919+0700] {dagbag.py:588} INFO - Filling up the DagBag from /Users/andreasanditya/Downloads/572392_Andreas_AirflowETL/code/.venv/lib/python3.9/site-packages/airflow/example_dags/example_time_delta_sensor_async.py
[2026-09-18T12:31:51.924+0700] {processor.py:925} INFO - DAG(s) 'example_time_delta_sensor_async' retrieved from /Users/andreasanditya/Downloads/572392_Andreas_AirflowETL/code/.venv/lib/python3.9/site-packages/airflow/example_dags/example_time_delta_sensor_async.py
[2026-09-18T12:31:52.222+0700] {logging_mixin.py:190} INFO - [2026-09-18T12:31:52.222+0700] {dag.py:3239} INFO - Sync 1 DAGs
[2026-09-18T12:31:52.228+0700] {logging_mixin.py:190} INFO - [2026-09-18T12:31:52.228+0700] {dag.py:4180} INFO - Setting next_dagrun for example_time_delta_sensor_async to None, run_after=None
[2026-09-18T12:31:52.239+0700] {processor.py:208} INFO - Processing /Users/andreasanditya/Downloads/572392_Andreas_AirflowETL/code/.venv/lib/python3.9/site-packages/airflow/example_dags/example_time_delta_sensor_async.py took 0.325 seconds
[2026-09-18T12:33:18.529+0700] {processor.py:186} INFO - Started process (PID=60984) to work on /Users/andreasanditya/Downloads/572392_Andreas_AirflowETL/code/.venv/lib/python3.9/site-packages/airflow/example_dags/example_time_delta_sensor_async.py
[2026-09-18T12:33:18.530+0700] {processor.py:914} INFO - Processing file /Users/andreasanditya/Downloads/572392_Andreas_AirflowETL/code/.venv/lib/python3.9/site-packages/airflow/example_dags/example_time_delta_sensor_async.py for tasks to queue
[2026-09-18T12:33:18.531+0700] {logging_mixin.py:190} INFO - [2026-09-18T12:33:18.531+0700] {dagbag.py:588} INFO - Filling up the DagBag from /Users/andreasanditya/Downloads/572392_Andreas_AirflowETL/code/.venv/lib/python3.9/site-packages/airflow/example_dags/example_time_delta_sensor_async.py
[2026-09-18T12:33:18.535+0700] {processor.py:925} INFO - DAG(s) 'example_time_delta_sensor_async' retrieved from /Users/andreasanditya/Downloads/572392_Andreas_AirflowETL/code/.venv/lib/python3.9/site-packages/airflow/example_dags/example_time_delta_sensor_async.py
[2026-09-18T12:33:18.843+0700] {logging_mixin.py:190} INFO - [2026-09-18T12:33:18.843+0700] {dag.py:3239} INFO - Sync 1 DAGs
[2026-09-18T12:33:18.850+0700] {logging_mixin.py:190} INFO - [2026-09-18T12:33:18.850+0700] {dag.py:4180} INFO - Setting next_dagrun for example_time_delta_sensor_async to None, run_after=None
[2026-09-18T12:33:18.864+0700] {processor.py:208} INFO - Processing /Users/andreasanditya/Downloads/572392_Andreas_AirflowETL/code/.venv/lib/python3.9/site-packages/airflow/example_dags/example_time_delta_sensor_async.py took 0.337 seconds
[2026-09-18T12:34:43.808+0700] {processor.py:186} INFO - Started process (PID=61900) to work on /Users/andreasanditya/Downloads/572392_Andreas_AirflowETL/code/.venv/lib/python3.9/site-packages/airflow/example_dags/example_time_delta_sensor_async.py
[2026-09-18T12:34:43.809+0700] {processor.py:914} INFO - Processing file /Users/andreasanditya/Downloads/572392_Andreas_AirflowETL/code/.venv/lib/python3.9/site-packages/airflow/example_dags/example_time_delta_sensor_async.py for tasks to queue
[2026-09-18T12:34:43.810+0700] {logging_mixin.py:190} INFO - [2026-09-18T12:34:43.810+0700] {dagbag.py:588} INFO - Filling up the DagBag from /Users/andreasanditya/Downloads/572392_Andreas_AirflowETL/code/.venv/lib/python3.9/site-packages/airflow/example_dags/example_time_delta_sensor_async.py
[2026-09-18T12:34:43.815+0700] {processor.py:925} INFO - DAG(s) 'example_time_delta_sensor_async' retrieved from /Users/andreasanditya/Downloads/572392_Andreas_AirflowETL/code/.venv/lib/python3.9/site-packages/airflow/example_dags/example_time_delta_sensor_async.py
[2026-09-18T12:34:44.100+0700] {logging_mixin.py:190} INFO - [2026-09-18T12:34:44.100+0700] {dag.py:3239} INFO - Sync 1 DAGs
[2026-09-18T12:34:44.106+0700] {logging_mixin.py:190} INFO - [2026-09-18T12:34:44.106+0700] {dag.py:4180} INFO - Setting next_dagrun for example_time_delta_sensor_async to None, run_after=None
[2026-09-18T12:34:44.117+0700] {processor.py:208} INFO - Processing /Users/andreasanditya/Downloads/572392_Andreas_AirflowETL/code/.venv/lib/python3.9/site-packages/airflow/example_dags/example_time_delta_sensor_async.py took 0.311 seconds
[2026-09-18T12:36:08.587+0700] {processor.py:186} INFO - Started process (PID=62723) to work on /Users/andreasanditya/Downloads/572392_Andreas_AirflowETL/code/.venv/lib/python3.9/site-packages/airflow/example_dags/example_time_delta_sensor_async.py
[2026-09-18T12:36:08.589+0700] {processor.py:914} INFO - Processing file /Users/andreasanditya/Downloads/572392_Andreas_AirflowETL/code/.venv/lib/python3.9/site-packages/airflow/example_dags/example_time_delta_sensor_async.py for tasks to queue
[2026-09-18T12:36:08.589+0700] {logging_mixin.py:190} INFO - [2026-09-18T12:36:08.589+0700] {dagbag.py:588} INFO - Filling up the DagBag from /Users/andreasanditya/Downloads/572392_Andreas_AirflowETL/code/.venv/lib/python3.9/site-packages/airflow/example_dags/example_time_delta_sensor_async.py
[2026-09-18T12:36:08.594+0700] {processor.py:925} INFO - DAG(s) 'example_time_delta_sensor_async' retrieved from /Users/andreasanditya/Downloads/572392_Andreas_AirflowETL/code/.venv/lib/python3.9/site-packages/airflow/example_dags/example_time_delta_sensor_async.py
[2026-09-18T12:36:08.907+0700] {logging_mixin.py:190} INFO - [2026-09-18T12:36:08.907+0700] {dag.py:3239} INFO - Sync 1 DAGs
[2026-09-18T12:36:08.913+0700] {logging_mixin.py:190} INFO - [2026-09-18T12:36:08.913+0700] {dag.py:4180} INFO - Setting next_dagrun for example_time_delta_sensor_async to None, run_after=None
[2026-09-18T12:36:08.924+0700] {processor.py:208} INFO - Processing /Users/andreasanditya/Downloads/572392_Andreas_AirflowETL/code/.venv/lib/python3.9/site-packages/airflow/example_dags/example_time_delta_sensor_async.py took 0.339 seconds
[2026-09-18T12:37:34.432+0700] {processor.py:186} INFO - Started process (PID=63588) to work on /Users/andreasanditya/Downloads/572392_Andreas_AirflowETL/code/.venv/lib/python3.9/site-packages/airflow/example_dags/example_time_delta_sensor_async.py
[2026-09-18T12:37:34.433+0700] {processor.py:914} INFO - Processing file /Users/andreasanditya/Downloads/572392_Andreas_AirflowETL/code/.venv/lib/python3.9/site-packages/airflow/example_dags/example_time_delta_sensor_async.py for tasks to queue
[2026-09-18T12:37:34.433+0700] {logging_mixin.py:190} INFO - [2026-09-18T12:37:34.433+0700] {dagbag.py:588} INFO - Filling up the DagBag from /Users/andreasanditya/Downloads/572392_Andreas_AirflowETL/code/.venv/lib/python3.9/site-packages/airflow/example_dags/example_time_delta_sensor_async.py
[2026-09-18T12:37:34.438+0700] {processor.py:925} INFO - DAG(s) 'example_time_delta_sensor_async' retrieved from /Users/andreasanditya/Downloads/572392_Andreas_AirflowETL/code/.venv/lib/python3.9/site-packages/airflow/example_dags/example_time_delta_sensor_async.py
[2026-09-18T12:37:34.774+0700] {logging_mixin.py:190} INFO - [2026-09-18T12:37:34.774+0700] {dag.py:3239} INFO - Sync 1 DAGs
[2026-09-18T12:37:34.780+0700] {logging_mixin.py:190} INFO - [2026-09-18T12:37:34.780+0700] {dag.py:4180} INFO - Setting next_dagrun for example_time_delta_sensor_async to None, run_after=None
[2026-09-18T12:37:34.791+0700] {processor.py:208} INFO - Processing /Users/andreasanditya/Downloads/572392_Andreas_AirflowETL/code/.venv/lib/python3.9/site-packages/airflow/example_dags/example_time_delta_sensor_async.py took 0.361 seconds
[2026-09-18T12:39:02.106+0700] {processor.py:186} INFO - Started process (PID=64508) to work on /Users/andreasanditya/Downloads/572392_Andreas_AirflowETL/code/.venv/lib/python3.9/site-packages/airflow/example_dags/example_time_delta_sensor_async.py
[2026-09-18T12:39:02.107+0700] {processor.py:914} INFO - Processing file /Users/andreasanditya/Downloads/572392_Andreas_AirflowETL/code/.venv/lib/python3.9/site-packages/airflow/example_dags/example_time_delta_sensor_async.py for tasks to queue
[2026-09-18T12:39:02.108+0700] {logging_mixin.py:190} INFO - [2026-09-18T12:39:02.108+0700] {dagbag.py:588} INFO - Filling up the DagBag from /Users/andreasanditya/Downloads/572392_Andreas_AirflowETL/code/.venv/lib/python3.9/site-packages/airflow/example_dags/example_time_delta_sensor_async.py
[2026-09-18T12:39:02.118+0700] {processor.py:925} INFO - DAG(s) 'example_time_delta_sensor_async' retrieved from /Users/andreasanditya/Downloads/572392_Andreas_AirflowETL/code/.venv/lib/python3.9/site-packages/airflow/example_dags/example_time_delta_sensor_async.py
[2026-09-18T12:39:02.460+0700] {logging_mixin.py:190} INFO - [2026-09-18T12:39:02.460+0700] {dag.py:3239} INFO - Sync 1 DAGs
[2026-09-18T12:39:02.466+0700] {logging_mixin.py:190} INFO - [2026-09-18T12:39:02.466+0700] {dag.py:4180} INFO - Setting next_dagrun for example_time_delta_sensor_async to None, run_after=None
[2026-09-18T12:39:02.477+0700] {processor.py:208} INFO - Processing /Users/andreasanditya/Downloads/572392_Andreas_AirflowETL/code/.venv/lib/python3.9/site-packages/airflow/example_dags/example_time_delta_sensor_async.py took 0.372 seconds
[2026-09-18T12:40:30.170+0700] {processor.py:186} INFO - Started process (PID=65421) to work on /Users/andreasanditya/Downloads/572392_Andreas_AirflowETL/code/.venv/lib/python3.9/site-packages/airflow/example_dags/example_time_delta_sensor_async.py
[2026-09-18T12:40:30.171+0700] {processor.py:914} INFO - Processing file /Users/andreasanditya/Downloads/572392_Andreas_AirflowETL/code/.venv/lib/python3.9/site-packages/airflow/example_dags/example_time_delta_sensor_async.py for tasks to queue
[2026-09-18T12:40:30.172+0700] {logging_mixin.py:190} INFO - [2026-09-18T12:40:30.172+0700] {dagbag.py:588} INFO - Filling up the DagBag from /Users/andreasanditya/Downloads/572392_Andreas_AirflowETL/code/.venv/lib/python3.9/site-packages/airflow/example_dags/example_time_delta_sensor_async.py
[2026-09-18T12:40:30.177+0700] {processor.py:925} INFO - DAG(s) 'example_time_delta_sensor_async' retrieved from /Users/andreasanditya/Downloads/572392_Andreas_AirflowETL/code/.venv/lib/python3.9/site-packages/airflow/example_dags/example_time_delta_sensor_async.py
[2026-09-18T12:40:30.503+0700] {logging_mixin.py:190} INFO - [2026-09-18T12:40:30.502+0700] {dag.py:3239} INFO - Sync 1 DAGs
[2026-09-18T12:40:30.509+0700] {logging_mixin.py:190} INFO - [2026-09-18T12:40:30.508+0700] {dag.py:4180} INFO - Setting next_dagrun for example_time_delta_sensor_async to None, run_after=None
[2026-09-18T12:40:30.520+0700] {processor.py:208} INFO - Processing /Users/andreasanditya/Downloads/572392_Andreas_AirflowETL/code/.venv/lib/python3.9/site-packages/airflow/example_dags/example_time_delta_sensor_async.py took 0.352 seconds
[2026-09-18T12:41:55.754+0700] {processor.py:186} INFO - Started process (PID=66238) to work on /Users/andreasanditya/Downloads/572392_Andreas_AirflowETL/code/.venv/lib/python3.9/site-packages/airflow/example_dags/example_time_delta_sensor_async.py
[2026-09-18T12:41:55.755+0700] {processor.py:914} INFO - Processing file /Users/andreasanditya/Downloads/572392_Andreas_AirflowETL/code/.venv/lib/python3.9/site-packages/airflow/example_dags/example_time_delta_sensor_async.py for tasks to queue
[2026-09-18T12:41:55.756+0700] {logging_mixin.py:190} INFO - [2026-09-18T12:41:55.756+0700] {dagbag.py:588} INFO - Filling up the DagBag from /Users/andreasanditya/Downloads/572392_Andreas_AirflowETL/code/.venv/lib/python3.9/site-packages/airflow/example_dags/example_time_delta_sensor_async.py
[2026-09-18T12:41:55.760+0700] {processor.py:925} INFO - DAG(s) 'example_time_delta_sensor_async' retrieved from /Users/andreasanditya/Downloads/572392_Andreas_AirflowETL/code/.venv/lib/python3.9/site-packages/airflow/example_dags/example_time_delta_sensor_async.py
[2026-09-18T12:41:56.047+0700] {logging_mixin.py:190} INFO - [2026-09-18T12:41:56.047+0700] {dag.py:3239} INFO - Sync 1 DAGs
[2026-09-18T12:41:56.053+0700] {logging_mixin.py:190} INFO - [2026-09-18T12:41:56.053+0700] {dag.py:4180} INFO - Setting next_dagrun for example_time_delta_sensor_async to None, run_after=None
[2026-09-18T12:41:56.064+0700] {processor.py:208} INFO - Processing /Users/andreasanditya/Downloads/572392_Andreas_AirflowETL/code/.venv/lib/python3.9/site-packages/airflow/example_dags/example_time_delta_sensor_async.py took 0.312 seconds
[2026-09-18T12:43:21.562+0700] {processor.py:186} INFO - Started process (PID=67160) to work on /Users/andreasanditya/Downloads/572392_Andreas_AirflowETL/code/.venv/lib/python3.9/site-packages/airflow/example_dags/example_time_delta_sensor_async.py
[2026-09-18T12:43:21.563+0700] {processor.py:914} INFO - Processing file /Users/andreasanditya/Downloads/572392_Andreas_AirflowETL/code/.venv/lib/python3.9/site-packages/airflow/example_dags/example_time_delta_sensor_async.py for tasks to queue
[2026-09-18T12:43:21.564+0700] {logging_mixin.py:190} INFO - [2026-09-18T12:43:21.564+0700] {dagbag.py:588} INFO - Filling up the DagBag from /Users/andreasanditya/Downloads/572392_Andreas_AirflowETL/code/.venv/lib/python3.9/site-packages/airflow/example_dags/example_time_delta_sensor_async.py
[2026-09-18T12:43:21.569+0700] {processor.py:925} INFO - DAG(s) 'example_time_delta_sensor_async' retrieved from /Users/andreasanditya/Downloads/572392_Andreas_AirflowETL/code/.venv/lib/python3.9/site-packages/airflow/example_dags/example_time_delta_sensor_async.py
[2026-09-18T12:43:21.851+0700] {logging_mixin.py:190} INFO - [2026-09-18T12:43:21.851+0700] {dag.py:3239} INFO - Sync 1 DAGs
[2026-09-18T12:43:21.857+0700] {logging_mixin.py:190} INFO - [2026-09-18T12:43:21.857+0700] {dag.py:4180} INFO - Setting next_dagrun for example_time_delta_sensor_async to None, run_after=None
[2026-09-18T12:43:21.867+0700] {processor.py:208} INFO - Processing /Users/andreasanditya/Downloads/572392_Andreas_AirflowETL/code/.venv/lib/python3.9/site-packages/airflow/example_dags/example_time_delta_sensor_async.py took 0.307 seconds
[2026-09-18T12:44:48.176+0700] {processor.py:186} INFO - Started process (PID=67992) to work on /Users/andreasanditya/Downloads/572392_Andreas_AirflowETL/code/.venv/lib/python3.9/site-packages/airflow/example_dags/example_time_delta_sensor_async.py
[2026-09-18T12:44:48.176+0700] {processor.py:914} INFO - Processing file /Users/andreasanditya/Downloads/572392_Andreas_AirflowETL/code/.venv/lib/python3.9/site-packages/airflow/example_dags/example_time_delta_sensor_async.py for tasks to queue
[2026-09-18T12:44:48.177+0700] {logging_mixin.py:190} INFO - [2026-09-18T12:44:48.177+0700] {dagbag.py:588} INFO - Filling up the DagBag from /Users/andreasanditya/Downloads/572392_Andreas_AirflowETL/code/.venv/lib/python3.9/site-packages/airflow/example_dags/example_time_delta_sensor_async.py
[2026-09-18T12:44:48.182+0700] {processor.py:925} INFO - DAG(s) 'example_time_delta_sensor_async' retrieved from /Users/andreasanditya/Downloads/572392_Andreas_AirflowETL/code/.venv/lib/python3.9/site-packages/airflow/example_dags/example_time_delta_sensor_async.py
[2026-09-18T12:44:48.533+0700] {logging_mixin.py:190} INFO - [2026-09-18T12:44:48.533+0700] {dag.py:3239} INFO - Sync 1 DAGs
[2026-09-18T12:44:48.539+0700] {logging_mixin.py:190} INFO - [2026-09-18T12:44:48.539+0700] {dag.py:4180} INFO - Setting next_dagrun for example_time_delta_sensor_async to None, run_after=None
[2026-09-18T12:44:48.550+0700] {processor.py:208} INFO - Processing /Users/andreasanditya/Downloads/572392_Andreas_AirflowETL/code/.venv/lib/python3.9/site-packages/airflow/example_dags/example_time_delta_sensor_async.py took 0.377 seconds
[2026-09-18T12:46:15.279+0700] {processor.py:186} INFO - Started process (PID=68925) to work on /Users/andreasanditya/Downloads/572392_Andreas_AirflowETL/code/.venv/lib/python3.9/site-packages/airflow/example_dags/example_time_delta_sensor_async.py
[2026-09-18T12:46:15.280+0700] {processor.py:914} INFO - Processing file /Users/andreasanditya/Downloads/572392_Andreas_AirflowETL/code/.venv/lib/python3.9/site-packages/airflow/example_dags/example_time_delta_sensor_async.py for tasks to queue
[2026-09-18T12:46:15.281+0700] {logging_mixin.py:190} INFO - [2026-09-18T12:46:15.281+0700] {dagbag.py:588} INFO - Filling up the DagBag from /Users/andreasanditya/Downloads/572392_Andreas_AirflowETL/code/.venv/lib/python3.9/site-packages/airflow/example_dags/example_time_delta_sensor_async.py
[2026-09-18T12:46:15.286+0700] {processor.py:925} INFO - DAG(s) 'example_time_delta_sensor_async' retrieved from /Users/andreasanditya/Downloads/572392_Andreas_AirflowETL/code/.venv/lib/python3.9/site-packages/airflow/example_dags/example_time_delta_sensor_async.py
[2026-09-18T12:46:15.601+0700] {logging_mixin.py:190} INFO - [2026-09-18T12:46:15.600+0700] {dag.py:3239} INFO - Sync 1 DAGs
[2026-09-18T12:46:15.607+0700] {logging_mixin.py:190} INFO - [2026-09-18T12:46:15.607+0700] {dag.py:4180} INFO - Setting next_dagrun for example_time_delta_sensor_async to None, run_after=None
[2026-09-18T12:46:15.618+0700] {processor.py:208} INFO - Processing /Users/andreasanditya/Downloads/572392_Andreas_AirflowETL/code/.venv/lib/python3.9/site-packages/airflow/example_dags/example_time_delta_sensor_async.py took 0.341 seconds
[2026-09-18T12:47:41.990+0700] {processor.py:186} INFO - Started process (PID=69756) to work on /Users/andreasanditya/Downloads/572392_Andreas_AirflowETL/code/.venv/lib/python3.9/site-packages/airflow/example_dags/example_time_delta_sensor_async.py
[2026-09-18T12:47:41.991+0700] {processor.py:914} INFO - Processing file /Users/andreasanditya/Downloads/572392_Andreas_AirflowETL/code/.venv/lib/python3.9/site-packages/airflow/example_dags/example_time_delta_sensor_async.py for tasks to queue
[2026-09-18T12:47:41.992+0700] {logging_mixin.py:190} INFO - [2026-09-18T12:47:41.991+0700] {dagbag.py:588} INFO - Filling up the DagBag from /Users/andreasanditya/Downloads/572392_Andreas_AirflowETL/code/.venv/lib/python3.9/site-packages/airflow/example_dags/example_time_delta_sensor_async.py
[2026-09-18T12:47:41.999+0700] {processor.py:925} INFO - DAG(s) 'example_time_delta_sensor_async' retrieved from /Users/andreasanditya/Downloads/572392_Andreas_AirflowETL/code/.venv/lib/python3.9/site-packages/airflow/example_dags/example_time_delta_sensor_async.py
[2026-09-18T12:47:42.355+0700] {logging_mixin.py:190} INFO - [2026-09-18T12:47:42.354+0700] {dag.py:3239} INFO - Sync 1 DAGs
[2026-09-18T12:47:42.361+0700] {logging_mixin.py:190} INFO - [2026-09-18T12:47:42.361+0700] {dag.py:4180} INFO - Setting next_dagrun for example_time_delta_sensor_async to None, run_after=None
[2026-09-18T12:47:42.371+0700] {processor.py:208} INFO - Processing /Users/andreasanditya/Downloads/572392_Andreas_AirflowETL/code/.venv/lib/python3.9/site-packages/airflow/example_dags/example_time_delta_sensor_async.py took 0.384 seconds
[2026-09-18T12:49:07.385+0700] {processor.py:186} INFO - Started process (PID=70659) to work on /Users/andreasanditya/Downloads/572392_Andreas_AirflowETL/code/.venv/lib/python3.9/site-packages/airflow/example_dags/example_time_delta_sensor_async.py
[2026-09-18T12:49:07.386+0700] {processor.py:914} INFO - Processing file /Users/andreasanditya/Downloads/572392_Andreas_AirflowETL/code/.venv/lib/python3.9/site-packages/airflow/example_dags/example_time_delta_sensor_async.py for tasks to queue
[2026-09-18T12:49:07.386+0700] {logging_mixin.py:190} INFO - [2026-09-18T12:49:07.386+0700] {dagbag.py:588} INFO - Filling up the DagBag from /Users/andreasanditya/Downloads/572392_Andreas_AirflowETL/code/.venv/lib/python3.9/site-packages/airflow/example_dags/example_time_delta_sensor_async.py
[2026-09-18T12:49:07.391+0700] {processor.py:925} INFO - DAG(s) 'example_time_delta_sensor_async' retrieved from /Users/andreasanditya/Downloads/572392_Andreas_AirflowETL/code/.venv/lib/python3.9/site-packages/airflow/example_dags/example_time_delta_sensor_async.py
[2026-09-18T12:49:07.695+0700] {logging_mixin.py:190} INFO - [2026-09-18T12:49:07.695+0700] {dag.py:3239} INFO - Sync 1 DAGs
[2026-09-18T12:49:07.701+0700] {logging_mixin.py:190} INFO - [2026-09-18T12:49:07.701+0700] {dag.py:4180} INFO - Setting next_dagrun for example_time_delta_sensor_async to None, run_after=None
[2026-09-18T12:49:07.712+0700] {processor.py:208} INFO - Processing /Users/andreasanditya/Downloads/572392_Andreas_AirflowETL/code/.venv/lib/python3.9/site-packages/airflow/example_dags/example_time_delta_sensor_async.py took 0.329 seconds
[2026-09-18T12:50:31.561+0700] {processor.py:186} INFO - Started process (PID=71490) to work on /Users/andreasanditya/Downloads/572392_Andreas_AirflowETL/code/.venv/lib/python3.9/site-packages/airflow/example_dags/example_time_delta_sensor_async.py
[2026-09-18T12:50:31.562+0700] {processor.py:914} INFO - Processing file /Users/andreasanditya/Downloads/572392_Andreas_AirflowETL/code/.venv/lib/python3.9/site-packages/airflow/example_dags/example_time_delta_sensor_async.py for tasks to queue
[2026-09-18T12:50:31.563+0700] {logging_mixin.py:190} INFO - [2026-09-18T12:50:31.563+0700] {dagbag.py:588} INFO - Filling up the DagBag from /Users/andreasanditya/Downloads/572392_Andreas_AirflowETL/code/.venv/lib/python3.9/site-packages/airflow/example_dags/example_time_delta_sensor_async.py
[2026-09-18T12:50:31.568+0700] {processor.py:925} INFO - DAG(s) 'example_time_delta_sensor_async' retrieved from /Users/andreasanditya/Downloads/572392_Andreas_AirflowETL/code/.venv/lib/python3.9/site-packages/airflow/example_dags/example_time_delta_sensor_async.py
[2026-09-18T12:50:31.893+0700] {logging_mixin.py:190} INFO - [2026-09-18T12:50:31.893+0700] {dag.py:3239} INFO - Sync 1 DAGs
[2026-09-18T12:50:31.899+0700] {logging_mixin.py:190} INFO - [2026-09-18T12:50:31.899+0700] {dag.py:4180} INFO - Setting next_dagrun for example_time_delta_sensor_async to None, run_after=None
[2026-09-18T12:50:31.909+0700] {processor.py:208} INFO - Processing /Users/andreasanditya/Downloads/572392_Andreas_AirflowETL/code/.venv/lib/python3.9/site-packages/airflow/example_dags/example_time_delta_sensor_async.py took 0.350 seconds
[2026-09-18T12:51:53.157+0700] {processor.py:186} INFO - Started process (PID=72312) to work on /Users/andreasanditya/Downloads/572392_Andreas_AirflowETL/code/.venv/lib/python3.9/site-packages/airflow/example_dags/example_time_delta_sensor_async.py
[2026-09-18T12:51:53.160+0700] {processor.py:914} INFO - Processing file /Users/andreasanditya/Downloads/572392_Andreas_AirflowETL/code/.venv/lib/python3.9/site-packages/airflow/example_dags/example_time_delta_sensor_async.py for tasks to queue
[2026-09-18T12:51:53.161+0700] {logging_mixin.py:190} INFO - [2026-09-18T12:51:53.161+0700] {dagbag.py:588} INFO - Filling up the DagBag from /Users/andreasanditya/Downloads/572392_Andreas_AirflowETL/code/.venv/lib/python3.9/site-packages/airflow/example_dags/example_time_delta_sensor_async.py
[2026-09-18T12:51:53.166+0700] {processor.py:925} INFO - DAG(s) 'example_time_delta_sensor_async' retrieved from /Users/andreasanditya/Downloads/572392_Andreas_AirflowETL/code/.venv/lib/python3.9/site-packages/airflow/example_dags/example_time_delta_sensor_async.py
[2026-09-18T12:51:53.477+0700] {logging_mixin.py:190} INFO - [2026-09-18T12:51:53.477+0700] {dag.py:3239} INFO - Sync 1 DAGs
[2026-09-18T12:51:53.483+0700] {logging_mixin.py:190} INFO - [2026-09-18T12:51:53.483+0700] {dag.py:4180} INFO - Setting next_dagrun for example_time_delta_sensor_async to None, run_after=None
[2026-09-18T12:51:53.494+0700] {processor.py:208} INFO - Processing /Users/andreasanditya/Downloads/572392_Andreas_AirflowETL/code/.venv/lib/python3.9/site-packages/airflow/example_dags/example_time_delta_sensor_async.py took 0.339 seconds
[2026-09-18T12:53:20.510+0700] {processor.py:186} INFO - Started process (PID=73239) to work on /Users/andreasanditya/Downloads/572392_Andreas_AirflowETL/code/.venv/lib/python3.9/site-packages/airflow/example_dags/example_time_delta_sensor_async.py
[2026-09-18T12:53:20.511+0700] {processor.py:914} INFO - Processing file /Users/andreasanditya/Downloads/572392_Andreas_AirflowETL/code/.venv/lib/python3.9/site-packages/airflow/example_dags/example_time_delta_sensor_async.py for tasks to queue
[2026-09-18T12:53:20.512+0700] {logging_mixin.py:190} INFO - [2026-09-18T12:53:20.512+0700] {dagbag.py:588} INFO - Filling up the DagBag from /Users/andreasanditya/Downloads/572392_Andreas_AirflowETL/code/.venv/lib/python3.9/site-packages/airflow/example_dags/example_time_delta_sensor_async.py
[2026-09-18T12:53:20.516+0700] {processor.py:925} INFO - DAG(s) 'example_time_delta_sensor_async' retrieved from /Users/andreasanditya/Downloads/572392_Andreas_AirflowETL/code/.venv/lib/python3.9/site-packages/airflow/example_dags/example_time_delta_sensor_async.py
[2026-09-18T12:53:20.796+0700] {logging_mixin.py:190} INFO - [2026-09-18T12:53:20.796+0700] {dag.py:3239} INFO - Sync 1 DAGs
[2026-09-18T12:53:20.802+0700] {logging_mixin.py:190} INFO - [2026-09-18T12:53:20.802+0700] {dag.py:4180} INFO - Setting next_dagrun for example_time_delta_sensor_async to None, run_after=None
[2026-09-18T12:53:20.813+0700] {processor.py:208} INFO - Processing /Users/andreasanditya/Downloads/572392_Andreas_AirflowETL/code/.venv/lib/python3.9/site-packages/airflow/example_dags/example_time_delta_sensor_async.py took 0.305 seconds
[2026-09-18T12:54:44.648+0700] {processor.py:186} INFO - Started process (PID=74094) to work on /Users/andreasanditya/Downloads/572392_Andreas_AirflowETL/code/.venv/lib/python3.9/site-packages/airflow/example_dags/example_time_delta_sensor_async.py
[2026-09-18T12:54:44.649+0700] {processor.py:914} INFO - Processing file /Users/andreasanditya/Downloads/572392_Andreas_AirflowETL/code/.venv/lib/python3.9/site-packages/airflow/example_dags/example_time_delta_sensor_async.py for tasks to queue
[2026-09-18T12:54:44.650+0700] {logging_mixin.py:190} INFO - [2026-09-18T12:54:44.650+0700] {dagbag.py:588} INFO - Filling up the DagBag from /Users/andreasanditya/Downloads/572392_Andreas_AirflowETL/code/.venv/lib/python3.9/site-packages/airflow/example_dags/example_time_delta_sensor_async.py
[2026-09-18T12:54:44.655+0700] {processor.py:925} INFO - DAG(s) 'example_time_delta_sensor_async' retrieved from /Users/andreasanditya/Downloads/572392_Andreas_AirflowETL/code/.venv/lib/python3.9/site-packages/airflow/example_dags/example_time_delta_sensor_async.py
[2026-09-18T12:54:44.944+0700] {logging_mixin.py:190} INFO - [2026-09-18T12:54:44.943+0700] {dag.py:3239} INFO - Sync 1 DAGs
[2026-09-18T12:54:44.950+0700] {logging_mixin.py:190} INFO - [2026-09-18T12:54:44.950+0700] {dag.py:4180} INFO - Setting next_dagrun for example_time_delta_sensor_async to None, run_after=None
[2026-09-18T12:54:44.961+0700] {processor.py:208} INFO - Processing /Users/andreasanditya/Downloads/572392_Andreas_AirflowETL/code/.venv/lib/python3.9/site-packages/airflow/example_dags/example_time_delta_sensor_async.py took 0.315 seconds
[2026-09-18T12:56:08.408+0700] {processor.py:186} INFO - Started process (PID=74918) to work on /Users/andreasanditya/Downloads/572392_Andreas_AirflowETL/code/.venv/lib/python3.9/site-packages/airflow/example_dags/example_time_delta_sensor_async.py
[2026-09-18T12:56:08.409+0700] {processor.py:914} INFO - Processing file /Users/andreasanditya/Downloads/572392_Andreas_AirflowETL/code/.venv/lib/python3.9/site-packages/airflow/example_dags/example_time_delta_sensor_async.py for tasks to queue
[2026-09-18T12:56:08.409+0700] {logging_mixin.py:190} INFO - [2026-09-18T12:56:08.409+0700] {dagbag.py:588} INFO - Filling up the DagBag from /Users/andreasanditya/Downloads/572392_Andreas_AirflowETL/code/.venv/lib/python3.9/site-packages/airflow/example_dags/example_time_delta_sensor_async.py
[2026-09-18T12:56:08.414+0700] {processor.py:925} INFO - DAG(s) 'example_time_delta_sensor_async' retrieved from /Users/andreasanditya/Downloads/572392_Andreas_AirflowETL/code/.venv/lib/python3.9/site-packages/airflow/example_dags/example_time_delta_sensor_async.py
[2026-09-18T12:56:08.741+0700] {logging_mixin.py:190} INFO - [2026-09-18T12:56:08.740+0700] {dag.py:3239} INFO - Sync 1 DAGs
[2026-09-18T12:56:08.748+0700] {logging_mixin.py:190} INFO - [2026-09-18T12:56:08.748+0700] {dag.py:4180} INFO - Setting next_dagrun for example_time_delta_sensor_async to None, run_after=None
[2026-09-18T12:56:08.760+0700] {processor.py:208} INFO - Processing /Users/andreasanditya/Downloads/572392_Andreas_AirflowETL/code/.venv/lib/python3.9/site-packages/airflow/example_dags/example_time_delta_sensor_async.py took 0.354 seconds
[2026-09-18T12:57:35.722+0700] {processor.py:186} INFO - Started process (PID=75827) to work on /Users/andreasanditya/Downloads/572392_Andreas_AirflowETL/code/.venv/lib/python3.9/site-packages/airflow/example_dags/example_time_delta_sensor_async.py
[2026-09-18T12:57:35.724+0700] {processor.py:914} INFO - Processing file /Users/andreasanditya/Downloads/572392_Andreas_AirflowETL/code/.venv/lib/python3.9/site-packages/airflow/example_dags/example_time_delta_sensor_async.py for tasks to queue
[2026-09-18T12:57:35.725+0700] {logging_mixin.py:190} INFO - [2026-09-18T12:57:35.725+0700] {dagbag.py:588} INFO - Filling up the DagBag from /Users/andreasanditya/Downloads/572392_Andreas_AirflowETL/code/.venv/lib/python3.9/site-packages/airflow/example_dags/example_time_delta_sensor_async.py
[2026-09-18T12:57:35.730+0700] {processor.py:925} INFO - DAG(s) 'example_time_delta_sensor_async' retrieved from /Users/andreasanditya/Downloads/572392_Andreas_AirflowETL/code/.venv/lib/python3.9/site-packages/airflow/example_dags/example_time_delta_sensor_async.py
[2026-09-18T12:57:36.023+0700] {logging_mixin.py:190} INFO - [2026-09-18T12:57:36.023+0700] {dag.py:3239} INFO - Sync 1 DAGs
[2026-09-18T12:57:36.029+0700] {logging_mixin.py:190} INFO - [2026-09-18T12:57:36.029+0700] {dag.py:4180} INFO - Setting next_dagrun for example_time_delta_sensor_async to None, run_after=None
[2026-09-18T12:57:36.040+0700] {processor.py:208} INFO - Processing /Users/andreasanditya/Downloads/572392_Andreas_AirflowETL/code/.venv/lib/python3.9/site-packages/airflow/example_dags/example_time_delta_sensor_async.py took 0.321 seconds
[2026-09-18T12:59:00.172+0700] {processor.py:186} INFO - Started process (PID=76699) to work on /Users/andreasanditya/Downloads/572392_Andreas_AirflowETL/code/.venv/lib/python3.9/site-packages/airflow/example_dags/example_time_delta_sensor_async.py
[2026-09-18T12:59:00.173+0700] {processor.py:914} INFO - Processing file /Users/andreasanditya/Downloads/572392_Andreas_AirflowETL/code/.venv/lib/python3.9/site-packages/airflow/example_dags/example_time_delta_sensor_async.py for tasks to queue
[2026-09-18T12:59:00.174+0700] {logging_mixin.py:190} INFO - [2026-09-18T12:59:00.174+0700] {dagbag.py:588} INFO - Filling up the DagBag from /Users/andreasanditya/Downloads/572392_Andreas_AirflowETL/code/.venv/lib/python3.9/site-packages/airflow/example_dags/example_time_delta_sensor_async.py
[2026-09-18T12:59:00.179+0700] {processor.py:925} INFO - DAG(s) 'example_time_delta_sensor_async' retrieved from /Users/andreasanditya/Downloads/572392_Andreas_AirflowETL/code/.venv/lib/python3.9/site-packages/airflow/example_dags/example_time_delta_sensor_async.py
[2026-09-18T12:59:00.480+0700] {logging_mixin.py:190} INFO - [2026-09-18T12:59:00.479+0700] {dag.py:3239} INFO - Sync 1 DAGs
[2026-09-18T12:59:00.486+0700] {logging_mixin.py:190} INFO - [2026-09-18T12:59:00.486+0700] {dag.py:4180} INFO - Setting next_dagrun for example_time_delta_sensor_async to None, run_after=None
[2026-09-18T12:59:00.499+0700] {processor.py:208} INFO - Processing /Users/andreasanditya/Downloads/572392_Andreas_AirflowETL/code/.venv/lib/python3.9/site-packages/airflow/example_dags/example_time_delta_sensor_async.py took 0.329 seconds
[2026-09-18T13:00:26.615+0700] {processor.py:186} INFO - Started process (PID=77599) to work on /Users/andreasanditya/Downloads/572392_Andreas_AirflowETL/code/.venv/lib/python3.9/site-packages/airflow/example_dags/example_time_delta_sensor_async.py
[2026-09-18T13:00:26.618+0700] {processor.py:914} INFO - Processing file /Users/andreasanditya/Downloads/572392_Andreas_AirflowETL/code/.venv/lib/python3.9/site-packages/airflow/example_dags/example_time_delta_sensor_async.py for tasks to queue
[2026-09-18T13:00:26.618+0700] {logging_mixin.py:190} INFO - [2026-09-18T13:00:26.618+0700] {dagbag.py:588} INFO - Filling up the DagBag from /Users/andreasanditya/Downloads/572392_Andreas_AirflowETL/code/.venv/lib/python3.9/site-packages/airflow/example_dags/example_time_delta_sensor_async.py
[2026-09-18T13:00:26.623+0700] {processor.py:925} INFO - DAG(s) 'example_time_delta_sensor_async' retrieved from /Users/andreasanditya/Downloads/572392_Andreas_AirflowETL/code/.venv/lib/python3.9/site-packages/airflow/example_dags/example_time_delta_sensor_async.py
[2026-09-18T13:00:26.909+0700] {logging_mixin.py:190} INFO - [2026-09-18T13:00:26.909+0700] {dag.py:3239} INFO - Sync 1 DAGs
[2026-09-18T13:00:26.915+0700] {logging_mixin.py:190} INFO - [2026-09-18T13:00:26.915+0700] {dag.py:4180} INFO - Setting next_dagrun for example_time_delta_sensor_async to None, run_after=None
[2026-09-18T13:00:26.925+0700] {processor.py:208} INFO - Processing /Users/andreasanditya/Downloads/572392_Andreas_AirflowETL/code/.venv/lib/python3.9/site-packages/airflow/example_dags/example_time_delta_sensor_async.py took 0.312 seconds
[2026-09-18T13:01:53.774+0700] {processor.py:186} INFO - Started process (PID=78504) to work on /Users/andreasanditya/Downloads/572392_Andreas_AirflowETL/code/.venv/lib/python3.9/site-packages/airflow/example_dags/example_time_delta_sensor_async.py
[2026-09-18T13:01:53.776+0700] {processor.py:914} INFO - Processing file /Users/andreasanditya/Downloads/572392_Andreas_AirflowETL/code/.venv/lib/python3.9/site-packages/airflow/example_dags/example_time_delta_sensor_async.py for tasks to queue
[2026-09-18T13:01:53.776+0700] {logging_mixin.py:190} INFO - [2026-09-18T13:01:53.776+0700] {dagbag.py:588} INFO - Filling up the DagBag from /Users/andreasanditya/Downloads/572392_Andreas_AirflowETL/code/.venv/lib/python3.9/site-packages/airflow/example_dags/example_time_delta_sensor_async.py
[2026-09-18T13:01:53.781+0700] {processor.py:925} INFO - DAG(s) 'example_time_delta_sensor_async' retrieved from /Users/andreasanditya/Downloads/572392_Andreas_AirflowETL/code/.venv/lib/python3.9/site-packages/airflow/example_dags/example_time_delta_sensor_async.py
[2026-09-18T13:01:54.062+0700] {logging_mixin.py:190} INFO - [2026-09-18T13:01:54.062+0700] {dag.py:3239} INFO - Sync 1 DAGs
[2026-09-18T13:01:54.068+0700] {logging_mixin.py:190} INFO - [2026-09-18T13:01:54.068+0700] {dag.py:4180} INFO - Setting next_dagrun for example_time_delta_sensor_async to None, run_after=None
[2026-09-18T13:01:54.079+0700] {processor.py:208} INFO - Processing /Users/andreasanditya/Downloads/572392_Andreas_AirflowETL/code/.venv/lib/python3.9/site-packages/airflow/example_dags/example_time_delta_sensor_async.py took 0.307 seconds
[2026-09-18T13:03:19.243+0700] {processor.py:186} INFO - Started process (PID=79378) to work on /Users/andreasanditya/Downloads/572392_Andreas_AirflowETL/code/.venv/lib/python3.9/site-packages/airflow/example_dags/example_time_delta_sensor_async.py
[2026-09-18T13:03:19.244+0700] {processor.py:914} INFO - Processing file /Users/andreasanditya/Downloads/572392_Andreas_AirflowETL/code/.venv/lib/python3.9/site-packages/airflow/example_dags/example_time_delta_sensor_async.py for tasks to queue
[2026-09-18T13:03:19.245+0700] {logging_mixin.py:190} INFO - [2026-09-18T13:03:19.245+0700] {dagbag.py:588} INFO - Filling up the DagBag from /Users/andreasanditya/Downloads/572392_Andreas_AirflowETL/code/.venv/lib/python3.9/site-packages/airflow/example_dags/example_time_delta_sensor_async.py
[2026-09-18T13:03:19.250+0700] {processor.py:925} INFO - DAG(s) 'example_time_delta_sensor_async' retrieved from /Users/andreasanditya/Downloads/572392_Andreas_AirflowETL/code/.venv/lib/python3.9/site-packages/airflow/example_dags/example_time_delta_sensor_async.py
[2026-09-18T13:03:19.533+0700] {logging_mixin.py:190} INFO - [2026-09-18T13:03:19.532+0700] {dag.py:3239} INFO - Sync 1 DAGs
[2026-09-18T13:03:19.538+0700] {logging_mixin.py:190} INFO - [2026-09-18T13:03:19.538+0700] {dag.py:4180} INFO - Setting next_dagrun for example_time_delta_sensor_async to None, run_after=None
[2026-09-18T13:03:19.549+0700] {processor.py:208} INFO - Processing /Users/andreasanditya/Downloads/572392_Andreas_AirflowETL/code/.venv/lib/python3.9/site-packages/airflow/example_dags/example_time_delta_sensor_async.py took 0.308 seconds
[2026-09-18T13:04:45.664+0700] {processor.py:186} INFO - Started process (PID=80219) to work on /Users/andreasanditya/Downloads/572392_Andreas_AirflowETL/code/.venv/lib/python3.9/site-packages/airflow/example_dags/example_time_delta_sensor_async.py
[2026-09-18T13:04:45.665+0700] {processor.py:914} INFO - Processing file /Users/andreasanditya/Downloads/572392_Andreas_AirflowETL/code/.venv/lib/python3.9/site-packages/airflow/example_dags/example_time_delta_sensor_async.py for tasks to queue
[2026-09-18T13:04:45.665+0700] {logging_mixin.py:190} INFO - [2026-09-18T13:04:45.665+0700] {dagbag.py:588} INFO - Filling up the DagBag from /Users/andreasanditya/Downloads/572392_Andreas_AirflowETL/code/.venv/lib/python3.9/site-packages/airflow/example_dags/example_time_delta_sensor_async.py
[2026-09-18T13:04:45.670+0700] {processor.py:925} INFO - DAG(s) 'example_time_delta_sensor_async' retrieved from /Users/andreasanditya/Downloads/572392_Andreas_AirflowETL/code/.venv/lib/python3.9/site-packages/airflow/example_dags/example_time_delta_sensor_async.py
[2026-09-18T13:04:45.957+0700] {logging_mixin.py:190} INFO - [2026-09-18T13:04:45.957+0700] {dag.py:3239} INFO - Sync 1 DAGs
[2026-09-18T13:04:45.964+0700] {logging_mixin.py:190} INFO - [2026-09-18T13:04:45.964+0700] {dag.py:4180} INFO - Setting next_dagrun for example_time_delta_sensor_async to None, run_after=None
[2026-09-18T13:04:45.976+0700] {processor.py:208} INFO - Processing /Users/andreasanditya/Downloads/572392_Andreas_AirflowETL/code/.venv/lib/python3.9/site-packages/airflow/example_dags/example_time_delta_sensor_async.py took 0.314 seconds
[2026-09-18T13:06:11.514+0700] {processor.py:186} INFO - Started process (PID=81125) to work on /Users/andreasanditya/Downloads/572392_Andreas_AirflowETL/code/.venv/lib/python3.9/site-packages/airflow/example_dags/example_time_delta_sensor_async.py
[2026-09-18T13:06:11.516+0700] {processor.py:914} INFO - Processing file /Users/andreasanditya/Downloads/572392_Andreas_AirflowETL/code/.venv/lib/python3.9/site-packages/airflow/example_dags/example_time_delta_sensor_async.py for tasks to queue
[2026-09-18T13:06:11.517+0700] {logging_mixin.py:190} INFO - [2026-09-18T13:06:11.517+0700] {dagbag.py:588} INFO - Filling up the DagBag from /Users/andreasanditya/Downloads/572392_Andreas_AirflowETL/code/.venv/lib/python3.9/site-packages/airflow/example_dags/example_time_delta_sensor_async.py
[2026-09-18T13:06:11.522+0700] {processor.py:925} INFO - DAG(s) 'example_time_delta_sensor_async' retrieved from /Users/andreasanditya/Downloads/572392_Andreas_AirflowETL/code/.venv/lib/python3.9/site-packages/airflow/example_dags/example_time_delta_sensor_async.py
[2026-09-18T13:06:11.862+0700] {logging_mixin.py:190} INFO - [2026-09-18T13:06:11.862+0700] {dag.py:3239} INFO - Sync 1 DAGs
[2026-09-18T13:06:11.868+0700] {logging_mixin.py:190} INFO - [2026-09-18T13:06:11.868+0700] {dag.py:4180} INFO - Setting next_dagrun for example_time_delta_sensor_async to None, run_after=None
[2026-09-18T13:06:11.879+0700] {processor.py:208} INFO - Processing /Users/andreasanditya/Downloads/572392_Andreas_AirflowETL/code/.venv/lib/python3.9/site-packages/airflow/example_dags/example_time_delta_sensor_async.py took 0.367 seconds
[2026-09-18T13:07:34.631+0700] {processor.py:186} INFO - Started process (PID=81965) to work on /Users/andreasanditya/Downloads/572392_Andreas_AirflowETL/code/.venv/lib/python3.9/site-packages/airflow/example_dags/example_time_delta_sensor_async.py
[2026-09-18T13:07:34.633+0700] {processor.py:914} INFO - Processing file /Users/andreasanditya/Downloads/572392_Andreas_AirflowETL/code/.venv/lib/python3.9/site-packages/airflow/example_dags/example_time_delta_sensor_async.py for tasks to queue
[2026-09-18T13:07:34.633+0700] {logging_mixin.py:190} INFO - [2026-09-18T13:07:34.633+0700] {dagbag.py:588} INFO - Filling up the DagBag from /Users/andreasanditya/Downloads/572392_Andreas_AirflowETL/code/.venv/lib/python3.9/site-packages/airflow/example_dags/example_time_delta_sensor_async.py
[2026-09-18T13:07:34.638+0700] {processor.py:925} INFO - DAG(s) 'example_time_delta_sensor_async' retrieved from /Users/andreasanditya/Downloads/572392_Andreas_AirflowETL/code/.venv/lib/python3.9/site-packages/airflow/example_dags/example_time_delta_sensor_async.py
[2026-09-18T13:07:34.927+0700] {logging_mixin.py:190} INFO - [2026-09-18T13:07:34.926+0700] {dag.py:3239} INFO - Sync 1 DAGs
[2026-09-18T13:07:34.933+0700] {logging_mixin.py:190} INFO - [2026-09-18T13:07:34.933+0700] {dag.py:4180} INFO - Setting next_dagrun for example_time_delta_sensor_async to None, run_after=None
[2026-09-18T13:07:34.944+0700] {processor.py:208} INFO - Processing /Users/andreasanditya/Downloads/572392_Andreas_AirflowETL/code/.venv/lib/python3.9/site-packages/airflow/example_dags/example_time_delta_sensor_async.py took 0.314 seconds
[2026-09-18T13:08:58.587+0700] {processor.py:186} INFO - Started process (PID=82802) to work on /Users/andreasanditya/Downloads/572392_Andreas_AirflowETL/code/.venv/lib/python3.9/site-packages/airflow/example_dags/example_time_delta_sensor_async.py
[2026-09-18T13:08:58.588+0700] {processor.py:914} INFO - Processing file /Users/andreasanditya/Downloads/572392_Andreas_AirflowETL/code/.venv/lib/python3.9/site-packages/airflow/example_dags/example_time_delta_sensor_async.py for tasks to queue
[2026-09-18T13:08:58.589+0700] {logging_mixin.py:190} INFO - [2026-09-18T13:08:58.589+0700] {dagbag.py:588} INFO - Filling up the DagBag from /Users/andreasanditya/Downloads/572392_Andreas_AirflowETL/code/.venv/lib/python3.9/site-packages/airflow/example_dags/example_time_delta_sensor_async.py
[2026-09-18T13:08:58.593+0700] {processor.py:925} INFO - DAG(s) 'example_time_delta_sensor_async' retrieved from /Users/andreasanditya/Downloads/572392_Andreas_AirflowETL/code/.venv/lib/python3.9/site-packages/airflow/example_dags/example_time_delta_sensor_async.py
[2026-09-18T13:08:58.876+0700] {logging_mixin.py:190} INFO - [2026-09-18T13:08:58.876+0700] {dag.py:3239} INFO - Sync 1 DAGs
[2026-09-18T13:08:58.882+0700] {logging_mixin.py:190} INFO - [2026-09-18T13:08:58.882+0700] {dag.py:4180} INFO - Setting next_dagrun for example_time_delta_sensor_async to None, run_after=None
[2026-09-18T13:08:58.893+0700] {processor.py:208} INFO - Processing /Users/andreasanditya/Downloads/572392_Andreas_AirflowETL/code/.venv/lib/python3.9/site-packages/airflow/example_dags/example_time_delta_sensor_async.py took 0.308 seconds
[2026-09-18T13:10:25.611+0700] {processor.py:186} INFO - Started process (PID=83712) to work on /Users/andreasanditya/Downloads/572392_Andreas_AirflowETL/code/.venv/lib/python3.9/site-packages/airflow/example_dags/example_time_delta_sensor_async.py
[2026-09-18T13:10:25.612+0700] {processor.py:914} INFO - Processing file /Users/andreasanditya/Downloads/572392_Andreas_AirflowETL/code/.venv/lib/python3.9/site-packages/airflow/example_dags/example_time_delta_sensor_async.py for tasks to queue
[2026-09-18T13:10:25.612+0700] {logging_mixin.py:190} INFO - [2026-09-18T13:10:25.612+0700] {dagbag.py:588} INFO - Filling up the DagBag from /Users/andreasanditya/Downloads/572392_Andreas_AirflowETL/code/.venv/lib/python3.9/site-packages/airflow/example_dags/example_time_delta_sensor_async.py
[2026-09-18T13:10:25.617+0700] {processor.py:925} INFO - DAG(s) 'example_time_delta_sensor_async' retrieved from /Users/andreasanditya/Downloads/572392_Andreas_AirflowETL/code/.venv/lib/python3.9/site-packages/airflow/example_dags/example_time_delta_sensor_async.py
[2026-09-18T13:10:25.930+0700] {logging_mixin.py:190} INFO - [2026-09-18T13:10:25.930+0700] {dag.py:3239} INFO - Sync 1 DAGs
[2026-09-18T13:10:25.936+0700] {logging_mixin.py:190} INFO - [2026-09-18T13:10:25.936+0700] {dag.py:4180} INFO - Setting next_dagrun for example_time_delta_sensor_async to None, run_after=None
[2026-09-18T13:10:25.947+0700] {processor.py:208} INFO - Processing /Users/andreasanditya/Downloads/572392_Andreas_AirflowETL/code/.venv/lib/python3.9/site-packages/airflow/example_dags/example_time_delta_sensor_async.py took 0.339 seconds
[2026-09-18T13:11:52.791+0700] {processor.py:186} INFO - Started process (PID=84639) to work on /Users/andreasanditya/Downloads/572392_Andreas_AirflowETL/code/.venv/lib/python3.9/site-packages/airflow/example_dags/example_time_delta_sensor_async.py
[2026-09-18T13:11:52.792+0700] {processor.py:914} INFO - Processing file /Users/andreasanditya/Downloads/572392_Andreas_AirflowETL/code/.venv/lib/python3.9/site-packages/airflow/example_dags/example_time_delta_sensor_async.py for tasks to queue
[2026-09-18T13:11:52.793+0700] {logging_mixin.py:190} INFO - [2026-09-18T13:11:52.792+0700] {dagbag.py:588} INFO - Filling up the DagBag from /Users/andreasanditya/Downloads/572392_Andreas_AirflowETL/code/.venv/lib/python3.9/site-packages/airflow/example_dags/example_time_delta_sensor_async.py
[2026-09-18T13:11:52.797+0700] {processor.py:925} INFO - DAG(s) 'example_time_delta_sensor_async' retrieved from /Users/andreasanditya/Downloads/572392_Andreas_AirflowETL/code/.venv/lib/python3.9/site-packages/airflow/example_dags/example_time_delta_sensor_async.py
[2026-09-18T13:11:53.085+0700] {logging_mixin.py:190} INFO - [2026-09-18T13:11:53.085+0700] {dag.py:3239} INFO - Sync 1 DAGs
[2026-09-18T13:11:53.091+0700] {logging_mixin.py:190} INFO - [2026-09-18T13:11:53.091+0700] {dag.py:4180} INFO - Setting next_dagrun for example_time_delta_sensor_async to None, run_after=None
[2026-09-18T13:11:53.103+0700] {processor.py:208} INFO - Processing /Users/andreasanditya/Downloads/572392_Andreas_AirflowETL/code/.venv/lib/python3.9/site-packages/airflow/example_dags/example_time_delta_sensor_async.py took 0.314 seconds
[2026-09-18T13:13:17.404+0700] {processor.py:186} INFO - Started process (PID=85479) to work on /Users/andreasanditya/Downloads/572392_Andreas_AirflowETL/code/.venv/lib/python3.9/site-packages/airflow/example_dags/example_time_delta_sensor_async.py
[2026-09-18T13:13:17.405+0700] {processor.py:914} INFO - Processing file /Users/andreasanditya/Downloads/572392_Andreas_AirflowETL/code/.venv/lib/python3.9/site-packages/airflow/example_dags/example_time_delta_sensor_async.py for tasks to queue
[2026-09-18T13:13:17.406+0700] {logging_mixin.py:190} INFO - [2026-09-18T13:13:17.406+0700] {dagbag.py:588} INFO - Filling up the DagBag from /Users/andreasanditya/Downloads/572392_Andreas_AirflowETL/code/.venv/lib/python3.9/site-packages/airflow/example_dags/example_time_delta_sensor_async.py
[2026-09-18T13:13:17.411+0700] {processor.py:925} INFO - DAG(s) 'example_time_delta_sensor_async' retrieved from /Users/andreasanditya/Downloads/572392_Andreas_AirflowETL/code/.venv/lib/python3.9/site-packages/airflow/example_dags/example_time_delta_sensor_async.py
[2026-09-18T13:13:17.692+0700] {logging_mixin.py:190} INFO - [2026-09-18T13:13:17.692+0700] {dag.py:3239} INFO - Sync 1 DAGs
[2026-09-18T13:13:17.698+0700] {logging_mixin.py:190} INFO - [2026-09-18T13:13:17.698+0700] {dag.py:4180} INFO - Setting next_dagrun for example_time_delta_sensor_async to None, run_after=None
[2026-09-18T13:13:17.708+0700] {processor.py:208} INFO - Processing /Users/andreasanditya/Downloads/572392_Andreas_AirflowETL/code/.venv/lib/python3.9/site-packages/airflow/example_dags/example_time_delta_sensor_async.py took 0.306 seconds
[2026-09-18T13:14:44.209+0700] {processor.py:186} INFO - Started process (PID=86395) to work on /Users/andreasanditya/Downloads/572392_Andreas_AirflowETL/code/.venv/lib/python3.9/site-packages/airflow/example_dags/example_time_delta_sensor_async.py
[2026-09-18T13:14:44.210+0700] {processor.py:914} INFO - Processing file /Users/andreasanditya/Downloads/572392_Andreas_AirflowETL/code/.venv/lib/python3.9/site-packages/airflow/example_dags/example_time_delta_sensor_async.py for tasks to queue
[2026-09-18T13:14:44.211+0700] {logging_mixin.py:190} INFO - [2026-09-18T13:14:44.211+0700] {dagbag.py:588} INFO - Filling up the DagBag from /Users/andreasanditya/Downloads/572392_Andreas_AirflowETL/code/.venv/lib/python3.9/site-packages/airflow/example_dags/example_time_delta_sensor_async.py
[2026-09-18T13:14:44.216+0700] {processor.py:925} INFO - DAG(s) 'example_time_delta_sensor_async' retrieved from /Users/andreasanditya/Downloads/572392_Andreas_AirflowETL/code/.venv/lib/python3.9/site-packages/airflow/example_dags/example_time_delta_sensor_async.py
[2026-09-18T13:14:44.502+0700] {logging_mixin.py:190} INFO - [2026-09-18T13:14:44.502+0700] {dag.py:3239} INFO - Sync 1 DAGs
[2026-09-18T13:14:44.508+0700] {logging_mixin.py:190} INFO - [2026-09-18T13:14:44.508+0700] {dag.py:4180} INFO - Setting next_dagrun for example_time_delta_sensor_async to None, run_after=None
[2026-09-18T13:14:44.518+0700] {processor.py:208} INFO - Processing /Users/andreasanditya/Downloads/572392_Andreas_AirflowETL/code/.venv/lib/python3.9/site-packages/airflow/example_dags/example_time_delta_sensor_async.py took 0.311 seconds
[2026-09-18T13:16:11.379+0700] {processor.py:186} INFO - Started process (PID=87218) to work on /Users/andreasanditya/Downloads/572392_Andreas_AirflowETL/code/.venv/lib/python3.9/site-packages/airflow/example_dags/example_time_delta_sensor_async.py
[2026-09-18T13:16:11.380+0700] {processor.py:914} INFO - Processing file /Users/andreasanditya/Downloads/572392_Andreas_AirflowETL/code/.venv/lib/python3.9/site-packages/airflow/example_dags/example_time_delta_sensor_async.py for tasks to queue
[2026-09-18T13:16:11.381+0700] {logging_mixin.py:190} INFO - [2026-09-18T13:16:11.381+0700] {dagbag.py:588} INFO - Filling up the DagBag from /Users/andreasanditya/Downloads/572392_Andreas_AirflowETL/code/.venv/lib/python3.9/site-packages/airflow/example_dags/example_time_delta_sensor_async.py
[2026-09-18T13:16:11.386+0700] {processor.py:925} INFO - DAG(s) 'example_time_delta_sensor_async' retrieved from /Users/andreasanditya/Downloads/572392_Andreas_AirflowETL/code/.venv/lib/python3.9/site-packages/airflow/example_dags/example_time_delta_sensor_async.py
[2026-09-18T13:16:11.715+0700] {logging_mixin.py:190} INFO - [2026-09-18T13:16:11.715+0700] {dag.py:3239} INFO - Sync 1 DAGs
[2026-09-18T13:16:11.722+0700] {logging_mixin.py:190} INFO - [2026-09-18T13:16:11.722+0700] {dag.py:4180} INFO - Setting next_dagrun for example_time_delta_sensor_async to None, run_after=None
[2026-09-18T13:16:11.732+0700] {processor.py:208} INFO - Processing /Users/andreasanditya/Downloads/572392_Andreas_AirflowETL/code/.venv/lib/python3.9/site-packages/airflow/example_dags/example_time_delta_sensor_async.py took 0.355 seconds
[2026-09-18T13:17:36.637+0700] {processor.py:186} INFO - Started process (PID=88126) to work on /Users/andreasanditya/Downloads/572392_Andreas_AirflowETL/code/.venv/lib/python3.9/site-packages/airflow/example_dags/example_time_delta_sensor_async.py
[2026-09-18T13:17:36.640+0700] {processor.py:914} INFO - Processing file /Users/andreasanditya/Downloads/572392_Andreas_AirflowETL/code/.venv/lib/python3.9/site-packages/airflow/example_dags/example_time_delta_sensor_async.py for tasks to queue
[2026-09-18T13:17:36.641+0700] {logging_mixin.py:190} INFO - [2026-09-18T13:17:36.641+0700] {dagbag.py:588} INFO - Filling up the DagBag from /Users/andreasanditya/Downloads/572392_Andreas_AirflowETL/code/.venv/lib/python3.9/site-packages/airflow/example_dags/example_time_delta_sensor_async.py
[2026-09-18T13:17:36.645+0700] {processor.py:925} INFO - DAG(s) 'example_time_delta_sensor_async' retrieved from /Users/andreasanditya/Downloads/572392_Andreas_AirflowETL/code/.venv/lib/python3.9/site-packages/airflow/example_dags/example_time_delta_sensor_async.py
[2026-09-18T13:17:36.926+0700] {logging_mixin.py:190} INFO - [2026-09-18T13:17:36.926+0700] {dag.py:3239} INFO - Sync 1 DAGs
[2026-09-18T13:17:36.932+0700] {logging_mixin.py:190} INFO - [2026-09-18T13:17:36.932+0700] {dag.py:4180} INFO - Setting next_dagrun for example_time_delta_sensor_async to None, run_after=None
[2026-09-18T13:17:36.942+0700] {processor.py:208} INFO - Processing /Users/andreasanditya/Downloads/572392_Andreas_AirflowETL/code/.venv/lib/python3.9/site-packages/airflow/example_dags/example_time_delta_sensor_async.py took 0.308 seconds
[2026-09-18T13:19:02.240+0700] {processor.py:186} INFO - Started process (PID=88967) to work on /Users/andreasanditya/Downloads/572392_Andreas_AirflowETL/code/.venv/lib/python3.9/site-packages/airflow/example_dags/example_time_delta_sensor_async.py
[2026-09-18T13:19:02.241+0700] {processor.py:914} INFO - Processing file /Users/andreasanditya/Downloads/572392_Andreas_AirflowETL/code/.venv/lib/python3.9/site-packages/airflow/example_dags/example_time_delta_sensor_async.py for tasks to queue
[2026-09-18T13:19:02.242+0700] {logging_mixin.py:190} INFO - [2026-09-18T13:19:02.242+0700] {dagbag.py:588} INFO - Filling up the DagBag from /Users/andreasanditya/Downloads/572392_Andreas_AirflowETL/code/.venv/lib/python3.9/site-packages/airflow/example_dags/example_time_delta_sensor_async.py
[2026-09-18T13:19:02.246+0700] {processor.py:925} INFO - DAG(s) 'example_time_delta_sensor_async' retrieved from /Users/andreasanditya/Downloads/572392_Andreas_AirflowETL/code/.venv/lib/python3.9/site-packages/airflow/example_dags/example_time_delta_sensor_async.py
[2026-09-18T13:19:02.562+0700] {logging_mixin.py:190} INFO - [2026-09-18T13:19:02.562+0700] {dag.py:3239} INFO - Sync 1 DAGs
[2026-09-18T13:19:02.568+0700] {logging_mixin.py:190} INFO - [2026-09-18T13:19:02.568+0700] {dag.py:4180} INFO - Setting next_dagrun for example_time_delta_sensor_async to None, run_after=None
[2026-09-18T13:19:02.579+0700] {processor.py:208} INFO - Processing /Users/andreasanditya/Downloads/572392_Andreas_AirflowETL/code/.venv/lib/python3.9/site-packages/airflow/example_dags/example_time_delta_sensor_async.py took 0.341 seconds
[2026-09-18T13:20:27.012+0700] {processor.py:186} INFO - Started process (PID=89781) to work on /Users/andreasanditya/Downloads/572392_Andreas_AirflowETL/code/.venv/lib/python3.9/site-packages/airflow/example_dags/example_time_delta_sensor_async.py
[2026-09-18T13:20:27.014+0700] {processor.py:914} INFO - Processing file /Users/andreasanditya/Downloads/572392_Andreas_AirflowETL/code/.venv/lib/python3.9/site-packages/airflow/example_dags/example_time_delta_sensor_async.py for tasks to queue
[2026-09-18T13:20:27.014+0700] {logging_mixin.py:190} INFO - [2026-09-18T13:20:27.014+0700] {dagbag.py:588} INFO - Filling up the DagBag from /Users/andreasanditya/Downloads/572392_Andreas_AirflowETL/code/.venv/lib/python3.9/site-packages/airflow/example_dags/example_time_delta_sensor_async.py
[2026-09-18T13:20:27.019+0700] {processor.py:925} INFO - DAG(s) 'example_time_delta_sensor_async' retrieved from /Users/andreasanditya/Downloads/572392_Andreas_AirflowETL/code/.venv/lib/python3.9/site-packages/airflow/example_dags/example_time_delta_sensor_async.py
[2026-09-18T13:20:27.343+0700] {logging_mixin.py:190} INFO - [2026-09-18T13:20:27.343+0700] {dag.py:3239} INFO - Sync 1 DAGs
[2026-09-18T13:20:27.350+0700] {logging_mixin.py:190} INFO - [2026-09-18T13:20:27.349+0700] {dag.py:4180} INFO - Setting next_dagrun for example_time_delta_sensor_async to None, run_after=None
[2026-09-18T13:20:27.360+0700] {processor.py:208} INFO - Processing /Users/andreasanditya/Downloads/572392_Andreas_AirflowETL/code/.venv/lib/python3.9/site-packages/airflow/example_dags/example_time_delta_sensor_async.py took 0.351 seconds
[2026-09-18T13:21:51.458+0700] {processor.py:186} INFO - Started process (PID=90696) to work on /Users/andreasanditya/Downloads/572392_Andreas_AirflowETL/code/.venv/lib/python3.9/site-packages/airflow/example_dags/example_time_delta_sensor_async.py
[2026-09-18T13:21:51.459+0700] {processor.py:914} INFO - Processing file /Users/andreasanditya/Downloads/572392_Andreas_AirflowETL/code/.venv/lib/python3.9/site-packages/airflow/example_dags/example_time_delta_sensor_async.py for tasks to queue
[2026-09-18T13:21:51.460+0700] {logging_mixin.py:190} INFO - [2026-09-18T13:21:51.460+0700] {dagbag.py:588} INFO - Filling up the DagBag from /Users/andreasanditya/Downloads/572392_Andreas_AirflowETL/code/.venv/lib/python3.9/site-packages/airflow/example_dags/example_time_delta_sensor_async.py
[2026-09-18T13:21:51.465+0700] {processor.py:925} INFO - DAG(s) 'example_time_delta_sensor_async' retrieved from /Users/andreasanditya/Downloads/572392_Andreas_AirflowETL/code/.venv/lib/python3.9/site-packages/airflow/example_dags/example_time_delta_sensor_async.py
[2026-09-18T13:21:51.753+0700] {logging_mixin.py:190} INFO - [2026-09-18T13:21:51.753+0700] {dag.py:3239} INFO - Sync 1 DAGs
[2026-09-18T13:21:51.759+0700] {logging_mixin.py:190} INFO - [2026-09-18T13:21:51.759+0700] {dag.py:4180} INFO - Setting next_dagrun for example_time_delta_sensor_async to None, run_after=None
[2026-09-18T13:21:51.771+0700] {processor.py:208} INFO - Processing /Users/andreasanditya/Downloads/572392_Andreas_AirflowETL/code/.venv/lib/python3.9/site-packages/airflow/example_dags/example_time_delta_sensor_async.py took 0.315 seconds
[2026-09-18T13:23:14.921+0700] {processor.py:186} INFO - Started process (PID=91531) to work on /Users/andreasanditya/Downloads/572392_Andreas_AirflowETL/code/.venv/lib/python3.9/site-packages/airflow/example_dags/example_time_delta_sensor_async.py
[2026-09-18T13:23:14.922+0700] {processor.py:914} INFO - Processing file /Users/andreasanditya/Downloads/572392_Andreas_AirflowETL/code/.venv/lib/python3.9/site-packages/airflow/example_dags/example_time_delta_sensor_async.py for tasks to queue
[2026-09-18T13:23:14.923+0700] {logging_mixin.py:190} INFO - [2026-09-18T13:23:14.923+0700] {dagbag.py:588} INFO - Filling up the DagBag from /Users/andreasanditya/Downloads/572392_Andreas_AirflowETL/code/.venv/lib/python3.9/site-packages/airflow/example_dags/example_time_delta_sensor_async.py
[2026-09-18T13:23:14.928+0700] {processor.py:925} INFO - DAG(s) 'example_time_delta_sensor_async' retrieved from /Users/andreasanditya/Downloads/572392_Andreas_AirflowETL/code/.venv/lib/python3.9/site-packages/airflow/example_dags/example_time_delta_sensor_async.py
[2026-09-18T13:23:15.264+0700] {logging_mixin.py:190} INFO - [2026-09-18T13:23:15.264+0700] {dag.py:3239} INFO - Sync 1 DAGs
[2026-09-18T13:23:15.270+0700] {logging_mixin.py:190} INFO - [2026-09-18T13:23:15.270+0700] {dag.py:4180} INFO - Setting next_dagrun for example_time_delta_sensor_async to None, run_after=None
[2026-09-18T13:23:15.281+0700] {processor.py:208} INFO - Processing /Users/andreasanditya/Downloads/572392_Andreas_AirflowETL/code/.venv/lib/python3.9/site-packages/airflow/example_dags/example_time_delta_sensor_async.py took 0.362 seconds
[2026-09-18T13:24:37.730+0700] {processor.py:186} INFO - Started process (PID=92395) to work on /Users/andreasanditya/Downloads/572392_Andreas_AirflowETL/code/.venv/lib/python3.9/site-packages/airflow/example_dags/example_time_delta_sensor_async.py
[2026-09-18T13:24:37.731+0700] {processor.py:914} INFO - Processing file /Users/andreasanditya/Downloads/572392_Andreas_AirflowETL/code/.venv/lib/python3.9/site-packages/airflow/example_dags/example_time_delta_sensor_async.py for tasks to queue
[2026-09-18T13:24:37.731+0700] {logging_mixin.py:190} INFO - [2026-09-18T13:24:37.731+0700] {dagbag.py:588} INFO - Filling up the DagBag from /Users/andreasanditya/Downloads/572392_Andreas_AirflowETL/code/.venv/lib/python3.9/site-packages/airflow/example_dags/example_time_delta_sensor_async.py
[2026-09-18T13:24:37.736+0700] {processor.py:925} INFO - DAG(s) 'example_time_delta_sensor_async' retrieved from /Users/andreasanditya/Downloads/572392_Andreas_AirflowETL/code/.venv/lib/python3.9/site-packages/airflow/example_dags/example_time_delta_sensor_async.py
[2026-09-18T13:24:38.085+0700] {logging_mixin.py:190} INFO - [2026-09-18T13:24:38.084+0700] {dag.py:3239} INFO - Sync 1 DAGs
[2026-09-18T13:24:38.091+0700] {logging_mixin.py:190} INFO - [2026-09-18T13:24:38.091+0700] {dag.py:4180} INFO - Setting next_dagrun for example_time_delta_sensor_async to None, run_after=None
[2026-09-18T13:24:38.103+0700] {processor.py:208} INFO - Processing /Users/andreasanditya/Downloads/572392_Andreas_AirflowETL/code/.venv/lib/python3.9/site-packages/airflow/example_dags/example_time_delta_sensor_async.py took 0.375 seconds
[2026-09-18T13:26:03.784+0700] {processor.py:186} INFO - Started process (PID=93418) to work on /Users/andreasanditya/Downloads/572392_Andreas_AirflowETL/code/.venv/lib/python3.9/site-packages/airflow/example_dags/example_time_delta_sensor_async.py
[2026-09-18T13:26:03.785+0700] {processor.py:914} INFO - Processing file /Users/andreasanditya/Downloads/572392_Andreas_AirflowETL/code/.venv/lib/python3.9/site-packages/airflow/example_dags/example_time_delta_sensor_async.py for tasks to queue
[2026-09-18T13:26:03.786+0700] {logging_mixin.py:190} INFO - [2026-09-18T13:26:03.786+0700] {dagbag.py:588} INFO - Filling up the DagBag from /Users/andreasanditya/Downloads/572392_Andreas_AirflowETL/code/.venv/lib/python3.9/site-packages/airflow/example_dags/example_time_delta_sensor_async.py
[2026-09-18T13:26:03.791+0700] {processor.py:925} INFO - DAG(s) 'example_time_delta_sensor_async' retrieved from /Users/andreasanditya/Downloads/572392_Andreas_AirflowETL/code/.venv/lib/python3.9/site-packages/airflow/example_dags/example_time_delta_sensor_async.py
[2026-09-18T13:26:04.145+0700] {logging_mixin.py:190} INFO - [2026-09-18T13:26:04.145+0700] {dag.py:3239} INFO - Sync 1 DAGs
[2026-09-18T13:26:04.151+0700] {logging_mixin.py:190} INFO - [2026-09-18T13:26:04.151+0700] {dag.py:4180} INFO - Setting next_dagrun for example_time_delta_sensor_async to None, run_after=None
[2026-09-18T13:26:04.162+0700] {processor.py:208} INFO - Processing /Users/andreasanditya/Downloads/572392_Andreas_AirflowETL/code/.venv/lib/python3.9/site-packages/airflow/example_dags/example_time_delta_sensor_async.py took 0.380 seconds
[2026-09-18T13:27:34.303+0700] {processor.py:186} INFO - Started process (PID=94454) to work on /Users/andreasanditya/Downloads/572392_Andreas_AirflowETL/code/.venv/lib/python3.9/site-packages/airflow/example_dags/example_time_delta_sensor_async.py
[2026-09-18T13:27:34.305+0700] {processor.py:914} INFO - Processing file /Users/andreasanditya/Downloads/572392_Andreas_AirflowETL/code/.venv/lib/python3.9/site-packages/airflow/example_dags/example_time_delta_sensor_async.py for tasks to queue
[2026-09-18T13:27:34.305+0700] {logging_mixin.py:190} INFO - [2026-09-18T13:27:34.305+0700] {dagbag.py:588} INFO - Filling up the DagBag from /Users/andreasanditya/Downloads/572392_Andreas_AirflowETL/code/.venv/lib/python3.9/site-packages/airflow/example_dags/example_time_delta_sensor_async.py
[2026-09-18T13:27:34.311+0700] {processor.py:925} INFO - DAG(s) 'example_time_delta_sensor_async' retrieved from /Users/andreasanditya/Downloads/572392_Andreas_AirflowETL/code/.venv/lib/python3.9/site-packages/airflow/example_dags/example_time_delta_sensor_async.py
[2026-09-18T13:27:34.630+0700] {logging_mixin.py:190} INFO - [2026-09-18T13:27:34.630+0700] {dag.py:3239} INFO - Sync 1 DAGs
[2026-09-18T13:27:34.636+0700] {logging_mixin.py:190} INFO - [2026-09-18T13:27:34.636+0700] {dag.py:4180} INFO - Setting next_dagrun for example_time_delta_sensor_async to None, run_after=None
[2026-09-18T13:27:34.647+0700] {processor.py:208} INFO - Processing /Users/andreasanditya/Downloads/572392_Andreas_AirflowETL/code/.venv/lib/python3.9/site-packages/airflow/example_dags/example_time_delta_sensor_async.py took 0.347 seconds
[2026-09-18T13:29:03.725+0700] {processor.py:186} INFO - Started process (PID=95310) to work on /Users/andreasanditya/Downloads/572392_Andreas_AirflowETL/code/.venv/lib/python3.9/site-packages/airflow/example_dags/example_time_delta_sensor_async.py
[2026-09-18T13:29:03.726+0700] {processor.py:914} INFO - Processing file /Users/andreasanditya/Downloads/572392_Andreas_AirflowETL/code/.venv/lib/python3.9/site-packages/airflow/example_dags/example_time_delta_sensor_async.py for tasks to queue
[2026-09-18T13:29:03.727+0700] {logging_mixin.py:190} INFO - [2026-09-18T13:29:03.727+0700] {dagbag.py:588} INFO - Filling up the DagBag from /Users/andreasanditya/Downloads/572392_Andreas_AirflowETL/code/.venv/lib/python3.9/site-packages/airflow/example_dags/example_time_delta_sensor_async.py
[2026-09-18T13:29:03.732+0700] {processor.py:925} INFO - DAG(s) 'example_time_delta_sensor_async' retrieved from /Users/andreasanditya/Downloads/572392_Andreas_AirflowETL/code/.venv/lib/python3.9/site-packages/airflow/example_dags/example_time_delta_sensor_async.py
[2026-09-18T13:29:04.021+0700] {logging_mixin.py:190} INFO - [2026-09-18T13:29:04.020+0700] {dag.py:3239} INFO - Sync 1 DAGs
[2026-09-18T13:29:04.027+0700] {logging_mixin.py:190} INFO - [2026-09-18T13:29:04.026+0700] {dag.py:4180} INFO - Setting next_dagrun for example_time_delta_sensor_async to None, run_after=None
[2026-09-18T13:29:04.037+0700] {processor.py:208} INFO - Processing /Users/andreasanditya/Downloads/572392_Andreas_AirflowETL/code/.venv/lib/python3.9/site-packages/airflow/example_dags/example_time_delta_sensor_async.py took 0.314 seconds
[2026-09-18T13:30:34.380+0700] {processor.py:186} INFO - Started process (PID=96426) to work on /Users/andreasanditya/Downloads/572392_Andreas_AirflowETL/code/.venv/lib/python3.9/site-packages/airflow/example_dags/example_time_delta_sensor_async.py
[2026-09-18T13:30:34.381+0700] {processor.py:914} INFO - Processing file /Users/andreasanditya/Downloads/572392_Andreas_AirflowETL/code/.venv/lib/python3.9/site-packages/airflow/example_dags/example_time_delta_sensor_async.py for tasks to queue
[2026-09-18T13:30:34.382+0700] {logging_mixin.py:190} INFO - [2026-09-18T13:30:34.382+0700] {dagbag.py:588} INFO - Filling up the DagBag from /Users/andreasanditya/Downloads/572392_Andreas_AirflowETL/code/.venv/lib/python3.9/site-packages/airflow/example_dags/example_time_delta_sensor_async.py
[2026-09-18T13:30:34.390+0700] {processor.py:925} INFO - DAG(s) 'example_time_delta_sensor_async' retrieved from /Users/andreasanditya/Downloads/572392_Andreas_AirflowETL/code/.venv/lib/python3.9/site-packages/airflow/example_dags/example_time_delta_sensor_async.py
[2026-09-18T13:30:34.754+0700] {logging_mixin.py:190} INFO - [2026-09-18T13:30:34.754+0700] {dag.py:3239} INFO - Sync 1 DAGs
[2026-09-18T13:30:34.760+0700] {logging_mixin.py:190} INFO - [2026-09-18T13:30:34.760+0700] {dag.py:4180} INFO - Setting next_dagrun for example_time_delta_sensor_async to None, run_after=None
[2026-09-18T13:30:34.770+0700] {processor.py:208} INFO - Processing /Users/andreasanditya/Downloads/572392_Andreas_AirflowETL/code/.venv/lib/python3.9/site-packages/airflow/example_dags/example_time_delta_sensor_async.py took 0.393 seconds
[2026-09-18T13:32:04.326+0700] {processor.py:186} INFO - Started process (PID=97375) to work on /Users/andreasanditya/Downloads/572392_Andreas_AirflowETL/code/.venv/lib/python3.9/site-packages/airflow/example_dags/example_time_delta_sensor_async.py
[2026-09-18T13:32:04.327+0700] {processor.py:914} INFO - Processing file /Users/andreasanditya/Downloads/572392_Andreas_AirflowETL/code/.venv/lib/python3.9/site-packages/airflow/example_dags/example_time_delta_sensor_async.py for tasks to queue
[2026-09-18T13:32:04.328+0700] {logging_mixin.py:190} INFO - [2026-09-18T13:32:04.328+0700] {dagbag.py:588} INFO - Filling up the DagBag from /Users/andreasanditya/Downloads/572392_Andreas_AirflowETL/code/.venv/lib/python3.9/site-packages/airflow/example_dags/example_time_delta_sensor_async.py
[2026-09-18T13:32:04.333+0700] {processor.py:925} INFO - DAG(s) 'example_time_delta_sensor_async' retrieved from /Users/andreasanditya/Downloads/572392_Andreas_AirflowETL/code/.venv/lib/python3.9/site-packages/airflow/example_dags/example_time_delta_sensor_async.py
[2026-09-18T13:32:04.681+0700] {logging_mixin.py:190} INFO - [2026-09-18T13:32:04.681+0700] {dag.py:3239} INFO - Sync 1 DAGs
[2026-09-18T13:32:04.688+0700] {logging_mixin.py:190} INFO - [2026-09-18T13:32:04.688+0700] {dag.py:4180} INFO - Setting next_dagrun for example_time_delta_sensor_async to None, run_after=None
[2026-09-18T13:32:04.699+0700] {processor.py:208} INFO - Processing /Users/andreasanditya/Downloads/572392_Andreas_AirflowETL/code/.venv/lib/python3.9/site-packages/airflow/example_dags/example_time_delta_sensor_async.py took 0.376 seconds
[2026-09-18T13:33:31.322+0700] {processor.py:186} INFO - Started process (PID=98320) to work on /Users/andreasanditya/Downloads/572392_Andreas_AirflowETL/code/.venv/lib/python3.9/site-packages/airflow/example_dags/example_time_delta_sensor_async.py
[2026-09-18T13:33:31.323+0700] {processor.py:914} INFO - Processing file /Users/andreasanditya/Downloads/572392_Andreas_AirflowETL/code/.venv/lib/python3.9/site-packages/airflow/example_dags/example_time_delta_sensor_async.py for tasks to queue
[2026-09-18T13:33:31.324+0700] {logging_mixin.py:190} INFO - [2026-09-18T13:33:31.323+0700] {dagbag.py:588} INFO - Filling up the DagBag from /Users/andreasanditya/Downloads/572392_Andreas_AirflowETL/code/.venv/lib/python3.9/site-packages/airflow/example_dags/example_time_delta_sensor_async.py
[2026-09-18T13:33:31.328+0700] {processor.py:925} INFO - DAG(s) 'example_time_delta_sensor_async' retrieved from /Users/andreasanditya/Downloads/572392_Andreas_AirflowETL/code/.venv/lib/python3.9/site-packages/airflow/example_dags/example_time_delta_sensor_async.py
[2026-09-18T13:33:31.617+0700] {logging_mixin.py:190} INFO - [2026-09-18T13:33:31.617+0700] {dag.py:3239} INFO - Sync 1 DAGs
[2026-09-18T13:33:31.623+0700] {logging_mixin.py:190} INFO - [2026-09-18T13:33:31.623+0700] {dag.py:4180} INFO - Setting next_dagrun for example_time_delta_sensor_async to None, run_after=None
[2026-09-18T13:33:31.633+0700] {processor.py:208} INFO - Processing /Users/andreasanditya/Downloads/572392_Andreas_AirflowETL/code/.venv/lib/python3.9/site-packages/airflow/example_dags/example_time_delta_sensor_async.py took 0.313 seconds
[2026-09-18T13:34:58.382+0700] {processor.py:186} INFO - Started process (PID=99174) to work on /Users/andreasanditya/Downloads/572392_Andreas_AirflowETL/code/.venv/lib/python3.9/site-packages/airflow/example_dags/example_time_delta_sensor_async.py
[2026-09-18T13:34:58.383+0700] {processor.py:914} INFO - Processing file /Users/andreasanditya/Downloads/572392_Andreas_AirflowETL/code/.venv/lib/python3.9/site-packages/airflow/example_dags/example_time_delta_sensor_async.py for tasks to queue
[2026-09-18T13:34:58.384+0700] {logging_mixin.py:190} INFO - [2026-09-18T13:34:58.384+0700] {dagbag.py:588} INFO - Filling up the DagBag from /Users/andreasanditya/Downloads/572392_Andreas_AirflowETL/code/.venv/lib/python3.9/site-packages/airflow/example_dags/example_time_delta_sensor_async.py
[2026-09-18T13:34:58.389+0700] {processor.py:925} INFO - DAG(s) 'example_time_delta_sensor_async' retrieved from /Users/andreasanditya/Downloads/572392_Andreas_AirflowETL/code/.venv/lib/python3.9/site-packages/airflow/example_dags/example_time_delta_sensor_async.py
[2026-09-18T13:34:58.777+0700] {logging_mixin.py:190} INFO - [2026-09-18T13:34:58.777+0700] {dag.py:3239} INFO - Sync 1 DAGs
[2026-09-18T13:34:58.783+0700] {logging_mixin.py:190} INFO - [2026-09-18T13:34:58.783+0700] {dag.py:4180} INFO - Setting next_dagrun for example_time_delta_sensor_async to None, run_after=None
[2026-09-18T13:34:58.794+0700] {processor.py:208} INFO - Processing /Users/andreasanditya/Downloads/572392_Andreas_AirflowETL/code/.venv/lib/python3.9/site-packages/airflow/example_dags/example_time_delta_sensor_async.py took 0.414 seconds
[2026-09-18T13:36:25.478+0700] {processor.py:186} INFO - Started process (PID=196) to work on /Users/andreasanditya/Downloads/572392_Andreas_AirflowETL/code/.venv/lib/python3.9/site-packages/airflow/example_dags/example_time_delta_sensor_async.py
[2026-09-18T13:36:25.480+0700] {processor.py:914} INFO - Processing file /Users/andreasanditya/Downloads/572392_Andreas_AirflowETL/code/.venv/lib/python3.9/site-packages/airflow/example_dags/example_time_delta_sensor_async.py for tasks to queue
[2026-09-18T13:36:25.481+0700] {logging_mixin.py:190} INFO - [2026-09-18T13:36:25.481+0700] {dagbag.py:588} INFO - Filling up the DagBag from /Users/andreasanditya/Downloads/572392_Andreas_AirflowETL/code/.venv/lib/python3.9/site-packages/airflow/example_dags/example_time_delta_sensor_async.py
[2026-09-18T13:36:25.486+0700] {processor.py:925} INFO - DAG(s) 'example_time_delta_sensor_async' retrieved from /Users/andreasanditya/Downloads/572392_Andreas_AirflowETL/code/.venv/lib/python3.9/site-packages/airflow/example_dags/example_time_delta_sensor_async.py
[2026-09-18T13:36:25.774+0700] {logging_mixin.py:190} INFO - [2026-09-18T13:36:25.774+0700] {dag.py:3239} INFO - Sync 1 DAGs
[2026-09-18T13:36:25.780+0700] {logging_mixin.py:190} INFO - [2026-09-18T13:36:25.780+0700] {dag.py:4180} INFO - Setting next_dagrun for example_time_delta_sensor_async to None, run_after=None
[2026-09-18T13:36:25.791+0700] {processor.py:208} INFO - Processing /Users/andreasanditya/Downloads/572392_Andreas_AirflowETL/code/.venv/lib/python3.9/site-packages/airflow/example_dags/example_time_delta_sensor_async.py took 0.315 seconds
[2026-09-18T13:37:53.111+0700] {processor.py:186} INFO - Started process (PID=1202) to work on /Users/andreasanditya/Downloads/572392_Andreas_AirflowETL/code/.venv/lib/python3.9/site-packages/airflow/example_dags/example_time_delta_sensor_async.py
[2026-09-18T13:37:53.112+0700] {processor.py:914} INFO - Processing file /Users/andreasanditya/Downloads/572392_Andreas_AirflowETL/code/.venv/lib/python3.9/site-packages/airflow/example_dags/example_time_delta_sensor_async.py for tasks to queue
[2026-09-18T13:37:53.113+0700] {logging_mixin.py:190} INFO - [2026-09-18T13:37:53.113+0700] {dagbag.py:588} INFO - Filling up the DagBag from /Users/andreasanditya/Downloads/572392_Andreas_AirflowETL/code/.venv/lib/python3.9/site-packages/airflow/example_dags/example_time_delta_sensor_async.py
[2026-09-18T13:37:53.118+0700] {processor.py:925} INFO - DAG(s) 'example_time_delta_sensor_async' retrieved from /Users/andreasanditya/Downloads/572392_Andreas_AirflowETL/code/.venv/lib/python3.9/site-packages/airflow/example_dags/example_time_delta_sensor_async.py
[2026-09-18T13:37:53.485+0700] {logging_mixin.py:190} INFO - [2026-09-18T13:37:53.485+0700] {dag.py:3239} INFO - Sync 1 DAGs
[2026-09-18T13:37:53.491+0700] {logging_mixin.py:190} INFO - [2026-09-18T13:37:53.491+0700] {dag.py:4180} INFO - Setting next_dagrun for example_time_delta_sensor_async to None, run_after=None
[2026-09-18T13:37:53.503+0700] {processor.py:208} INFO - Processing /Users/andreasanditya/Downloads/572392_Andreas_AirflowETL/code/.venv/lib/python3.9/site-packages/airflow/example_dags/example_time_delta_sensor_async.py took 0.394 seconds
