[2026-09-18T11:18:25.399+0700] {processor.py:186} INFO - Started process (PID=11307) to work on /Users/andreasanditya/Downloads/572392_Andreas_AirflowETL/code/.venv/lib/python3.9/site-packages/airflow/example_dags/example_branch_datetime_operator.py
[2026-09-18T11:18:25.400+0700] {processor.py:914} INFO - Processing file /Users/andreasanditya/Downloads/572392_Andreas_AirflowETL/code/.venv/lib/python3.9/site-packages/airflow/example_dags/example_branch_datetime_operator.py for tasks to queue
[2026-09-18T11:18:25.401+0700] {logging_mixin.py:190} INFO - [2026-09-18T11:18:25.400+0700] {dagbag.py:588} INFO - Filling up the DagBag from /Users/andreasanditya/Downloads/572392_Andreas_AirflowETL/code/.venv/lib/python3.9/site-packages/airflow/example_dags/example_branch_datetime_operator.py
[2026-09-18T11:18:25.412+0700] {processor.py:925} INFO - DAG(s) 'example_branch_datetime_operator_2', 'example_branch_datetime_operator_3', 'example_branch_datetime_operator' retrieved from /Users/andreasanditya/Downloads/572392_Andreas_AirflowETL/code/.venv/lib/python3.9/site-packages/airflow/example_dags/example_branch_datetime_operator.py
[2026-09-18T11:18:25.549+0700] {logging_mixin.py:190} INFO - [2026-09-18T11:18:25.549+0700] {override.py:1912} INFO - Created Permission View: can edit on DAG:example_branch_datetime_operator_2
[2026-09-18T11:18:25.554+0700] {logging_mixin.py:190} INFO - [2026-09-18T11:18:25.554+0700] {override.py:1912} INFO - Created Permission View: can delete on DAG:example_branch_datetime_operator_2
[2026-09-18T11:18:25.557+0700] {logging_mixin.py:190} INFO - [2026-09-18T11:18:25.557+0700] {override.py:1912} INFO - Created Permission View: can read on DAG:example_branch_datetime_operator_2
[2026-09-18T11:18:25.562+0700] {logging_mixin.py:190} INFO - [2026-09-18T11:18:25.561+0700] {override.py:1912} INFO - Created Permission View: can delete on DAG Run:example_branch_datetime_operator_2
[2026-09-18T11:18:25.564+0700] {logging_mixin.py:190} INFO - [2026-09-18T11:18:25.564+0700] {override.py:1912} INFO - Created Permission View: menu access on DAG Run:example_branch_datetime_operator_2
[2026-09-18T11:18:25.567+0700] {logging_mixin.py:190} INFO - [2026-09-18T11:18:25.567+0700] {override.py:1912} INFO - Created Permission View: can create on DAG Run:example_branch_datetime_operator_2
[2026-09-18T11:18:25.570+0700] {logging_mixin.py:190} INFO - [2026-09-18T11:18:25.570+0700] {override.py:1912} INFO - Created Permission View: can read on DAG Run:example_branch_datetime_operator_2
[2026-09-18T11:18:25.577+0700] {logging_mixin.py:190} INFO - [2026-09-18T11:18:25.577+0700] {override.py:1912} INFO - Created Permission View: can edit on DAG:example_branch_datetime_operator_3
[2026-09-18T11:18:25.580+0700] {logging_mixin.py:190} INFO - [2026-09-18T11:18:25.579+0700] {override.py:1912} INFO - Created Permission View: can delete on DAG:example_branch_datetime_operator_3
[2026-09-18T11:18:25.582+0700] {logging_mixin.py:190} INFO - [2026-09-18T11:18:25.582+0700] {override.py:1912} INFO - Created Permission View: can read on DAG:example_branch_datetime_operator_3
[2026-09-18T11:18:25.586+0700] {logging_mixin.py:190} INFO - [2026-09-18T11:18:25.586+0700] {override.py:1912} INFO - Created Permission View: can delete on DAG Run:example_branch_datetime_operator_3
[2026-09-18T11:18:25.589+0700] {logging_mixin.py:190} INFO - [2026-09-18T11:18:25.589+0700] {override.py:1912} INFO - Created Permission View: menu access on DAG Run:example_branch_datetime_operator_3
[2026-09-18T11:18:25.592+0700] {logging_mixin.py:190} INFO - [2026-09-18T11:18:25.592+0700] {override.py:1912} INFO - Created Permission View: can create on DAG Run:example_branch_datetime_operator_3
[2026-09-18T11:18:25.595+0700] {logging_mixin.py:190} INFO - [2026-09-18T11:18:25.595+0700] {override.py:1912} INFO - Created Permission View: can read on DAG Run:example_branch_datetime_operator_3
[2026-09-18T11:18:25.601+0700] {logging_mixin.py:190} INFO - [2026-09-18T11:18:25.601+0700] {override.py:1912} INFO - Created Permission View: can edit on DAG:example_branch_datetime_operator
[2026-09-18T11:18:25.604+0700] {logging_mixin.py:190} INFO - [2026-09-18T11:18:25.604+0700] {override.py:1912} INFO - Created Permission View: can delete on DAG:example_branch_datetime_operator
[2026-09-18T11:18:25.607+0700] {logging_mixin.py:190} INFO - [2026-09-18T11:18:25.607+0700] {override.py:1912} INFO - Created Permission View: can read on DAG:example_branch_datetime_operator
[2026-09-18T11:18:25.611+0700] {logging_mixin.py:190} INFO - [2026-09-18T11:18:25.611+0700] {override.py:1912} INFO - Created Permission View: can delete on DAG Run:example_branch_datetime_operator
[2026-09-18T11:18:25.614+0700] {logging_mixin.py:190} INFO - [2026-09-18T11:18:25.614+0700] {override.py:1912} INFO - Created Permission View: menu access on DAG Run:example_branch_datetime_operator
[2026-09-18T11:18:25.617+0700] {logging_mixin.py:190} INFO - [2026-09-18T11:18:25.617+0700] {override.py:1912} INFO - Created Permission View: can create on DAG Run:example_branch_datetime_operator
[2026-09-18T11:18:25.620+0700] {logging_mixin.py:190} INFO - [2026-09-18T11:18:25.620+0700] {override.py:1912} INFO - Created Permission View: can read on DAG Run:example_branch_datetime_operator
[2026-09-18T11:18:25.620+0700] {logging_mixin.py:190} INFO - [2026-09-18T11:18:25.620+0700] {dag.py:3239} INFO - Sync 3 DAGs
[2026-09-18T11:18:25.627+0700] {logging_mixin.py:190} INFO - [2026-09-18T11:18:25.627+0700] {dag.py:3262} INFO - Creating ORM DAG for example_branch_datetime_operator_2
[2026-09-18T11:18:25.627+0700] {logging_mixin.py:190} INFO - [2026-09-18T11:18:25.627+0700] {dag.py:3262} INFO - Creating ORM DAG for example_branch_datetime_operator
[2026-09-18T11:18:25.628+0700] {logging_mixin.py:190} INFO - [2026-09-18T11:18:25.627+0700] {dag.py:3262} INFO - Creating ORM DAG for example_branch_datetime_operator_3
[2026-09-18T11:18:25.633+0700] {logging_mixin.py:190} INFO - [2026-09-18T11:18:25.633+0700] {dag.py:4180} INFO - Setting next_dagrun for example_branch_datetime_operator to 2026-09-17 00:00:00+00:00, run_after=2026-09-18 00:00:00+00:00
[2026-09-18T11:18:25.634+0700] {logging_mixin.py:190} INFO - [2026-09-18T11:18:25.634+0700] {dag.py:4180} INFO - Setting next_dagrun for example_branch_datetime_operator_2 to 2026-09-17 00:00:00+00:00, run_after=2026-09-18 00:00:00+00:00
[2026-09-18T11:18:25.636+0700] {logging_mixin.py:190} INFO - [2026-09-18T11:18:25.635+0700] {dag.py:4180} INFO - Setting next_dagrun for example_branch_datetime_operator_3 to 2026-09-17 00:00:00+00:00, run_after=2026-09-18 00:00:00+00:00
[2026-09-18T11:18:25.645+0700] {processor.py:208} INFO - Processing /Users/andreasanditya/Downloads/572392_Andreas_AirflowETL/code/.venv/lib/python3.9/site-packages/airflow/example_dags/example_branch_datetime_operator.py took 0.248 seconds
[2026-09-18T11:21:42.334+0700] {processor.py:186} INFO - Started process (PID=13395) to work on /Users/andreasanditya/Downloads/572392_Andreas_AirflowETL/code/.venv/lib/python3.9/site-packages/airflow/example_dags/example_branch_datetime_operator.py
[2026-09-18T11:21:42.335+0700] {processor.py:914} INFO - Processing file /Users/andreasanditya/Downloads/572392_Andreas_AirflowETL/code/.venv/lib/python3.9/site-packages/airflow/example_dags/example_branch_datetime_operator.py for tasks to queue
[2026-09-18T11:21:42.336+0700] {logging_mixin.py:190} INFO - [2026-09-18T11:21:42.336+0700] {dagbag.py:588} INFO - Filling up the DagBag from /Users/andreasanditya/Downloads/572392_Andreas_AirflowETL/code/.venv/lib/python3.9/site-packages/airflow/example_dags/example_branch_datetime_operator.py
[2026-09-18T11:21:42.344+0700] {processor.py:925} INFO - DAG(s) 'example_branch_datetime_operator', 'example_branch_datetime_operator_2', 'example_branch_datetime_operator_3' retrieved from /Users/andreasanditya/Downloads/572392_Andreas_AirflowETL/code/.venv/lib/python3.9/site-packages/airflow/example_dags/example_branch_datetime_operator.py
[2026-09-18T11:21:42.438+0700] {logging_mixin.py:190} INFO - [2026-09-18T11:21:42.438+0700] {dag.py:3239} INFO - Sync 3 DAGs
[2026-09-18T11:21:42.450+0700] {logging_mixin.py:190} INFO - [2026-09-18T11:21:42.450+0700] {dag.py:4180} INFO - Setting next_dagrun for example_branch_datetime_operator to 2026-09-17 00:00:00+00:00, run_after=2026-09-18 00:00:00+00:00
[2026-09-18T11:21:42.453+0700] {logging_mixin.py:190} INFO - [2026-09-18T11:21:42.453+0700] {dag.py:4180} INFO - Setting next_dagrun for example_branch_datetime_operator_2 to 2026-09-17 00:00:00+00:00, run_after=2026-09-18 00:00:00+00:00
[2026-09-18T11:21:42.454+0700] {logging_mixin.py:190} INFO - [2026-09-18T11:21:42.454+0700] {dag.py:4180} INFO - Setting next_dagrun for example_branch_datetime_operator_3 to 2026-09-17 00:00:00+00:00, run_after=2026-09-18 00:00:00+00:00
[2026-09-18T11:21:42.463+0700] {processor.py:208} INFO - Processing /Users/andreasanditya/Downloads/572392_Andreas_AirflowETL/code/.venv/lib/python3.9/site-packages/airflow/example_dags/example_branch_datetime_operator.py took 0.131 seconds
[2026-09-18T11:25:43.471+0700] {processor.py:186} INFO - Started process (PID=16077) to work on /Users/andreasanditya/Downloads/572392_Andreas_AirflowETL/code/.venv/lib/python3.9/site-packages/airflow/example_dags/example_branch_datetime_operator.py
[2026-09-18T11:25:43.472+0700] {processor.py:914} INFO - Processing file /Users/andreasanditya/Downloads/572392_Andreas_AirflowETL/code/.venv/lib/python3.9/site-packages/airflow/example_dags/example_branch_datetime_operator.py for tasks to queue
[2026-09-18T11:25:43.473+0700] {logging_mixin.py:190} INFO - [2026-09-18T11:25:43.473+0700] {dagbag.py:588} INFO - Filling up the DagBag from /Users/andreasanditya/Downloads/572392_Andreas_AirflowETL/code/.venv/lib/python3.9/site-packages/airflow/example_dags/example_branch_datetime_operator.py
[2026-09-18T11:25:43.480+0700] {processor.py:925} INFO - DAG(s) 'example_branch_datetime_operator', 'example_branch_datetime_operator_3', 'example_branch_datetime_operator_2' retrieved from /Users/andreasanditya/Downloads/572392_Andreas_AirflowETL/code/.venv/lib/python3.9/site-packages/airflow/example_dags/example_branch_datetime_operator.py
[2026-09-18T11:25:43.569+0700] {logging_mixin.py:190} INFO - [2026-09-18T11:25:43.569+0700] {dag.py:3239} INFO - Sync 3 DAGs
[2026-09-18T11:25:43.580+0700] {logging_mixin.py:190} INFO - [2026-09-18T11:25:43.580+0700] {dag.py:4180} INFO - Setting next_dagrun for example_branch_datetime_operator to 2026-09-17 00:00:00+00:00, run_after=2026-09-18 00:00:00+00:00
[2026-09-18T11:25:43.583+0700] {logging_mixin.py:190} INFO - [2026-09-18T11:25:43.583+0700] {dag.py:4180} INFO - Setting next_dagrun for example_branch_datetime_operator_2 to 2026-09-17 00:00:00+00:00, run_after=2026-09-18 00:00:00+00:00
[2026-09-18T11:25:43.584+0700] {logging_mixin.py:190} INFO - [2026-09-18T11:25:43.584+0700] {dag.py:4180} INFO - Setting next_dagrun for example_branch_datetime_operator_3 to 2026-09-17 00:00:00+00:00, run_after=2026-09-18 00:00:00+00:00
[2026-09-18T11:25:43.593+0700] {processor.py:208} INFO - Processing /Users/andreasanditya/Downloads/572392_Andreas_AirflowETL/code/.venv/lib/python3.9/site-packages/airflow/example_dags/example_branch_datetime_operator.py took 0.123 seconds
[2026-09-18T11:28:45.222+0700] {processor.py:186} INFO - Started process (PID=17911) to work on /Users/andreasanditya/Downloads/572392_Andreas_AirflowETL/code/.venv/lib/python3.9/site-packages/airflow/example_dags/example_branch_datetime_operator.py
[2026-09-18T11:28:45.223+0700] {processor.py:914} INFO - Processing file /Users/andreasanditya/Downloads/572392_Andreas_AirflowETL/code/.venv/lib/python3.9/site-packages/airflow/example_dags/example_branch_datetime_operator.py for tasks to queue
[2026-09-18T11:28:45.223+0700] {logging_mixin.py:190} INFO - [2026-09-18T11:28:45.223+0700] {dagbag.py:588} INFO - Filling up the DagBag from /Users/andreasanditya/Downloads/572392_Andreas_AirflowETL/code/.venv/lib/python3.9/site-packages/airflow/example_dags/example_branch_datetime_operator.py
[2026-09-18T11:28:45.231+0700] {processor.py:925} INFO - DAG(s) 'example_branch_datetime_operator_2', 'example_branch_datetime_operator', 'example_branch_datetime_operator_3' retrieved from /Users/andreasanditya/Downloads/572392_Andreas_AirflowETL/code/.venv/lib/python3.9/site-packages/airflow/example_dags/example_branch_datetime_operator.py
[2026-09-18T11:28:45.322+0700] {logging_mixin.py:190} INFO - [2026-09-18T11:28:45.322+0700] {dag.py:3239} INFO - Sync 3 DAGs
[2026-09-18T11:28:45.334+0700] {logging_mixin.py:190} INFO - [2026-09-18T11:28:45.334+0700] {dag.py:4180} INFO - Setting next_dagrun for example_branch_datetime_operator to 2026-09-17 00:00:00+00:00, run_after=2026-09-18 00:00:00+00:00
[2026-09-18T11:28:45.336+0700] {logging_mixin.py:190} INFO - [2026-09-18T11:28:45.336+0700] {dag.py:4180} INFO - Setting next_dagrun for example_branch_datetime_operator_2 to 2026-09-17 00:00:00+00:00, run_after=2026-09-18 00:00:00+00:00
[2026-09-18T11:28:45.337+0700] {logging_mixin.py:190} INFO - [2026-09-18T11:28:45.337+0700] {dag.py:4180} INFO - Setting next_dagrun for example_branch_datetime_operator_3 to 2026-09-17 00:00:00+00:00, run_after=2026-09-18 00:00:00+00:00
[2026-09-18T11:28:45.346+0700] {processor.py:208} INFO - Processing /Users/andreasanditya/Downloads/572392_Andreas_AirflowETL/code/.venv/lib/python3.9/site-packages/airflow/example_dags/example_branch_datetime_operator.py took 0.127 seconds
[2026-09-18T11:31:44.050+0700] {processor.py:186} INFO - Started process (PID=19791) to work on /Users/andreasanditya/Downloads/572392_Andreas_AirflowETL/code/.venv/lib/python3.9/site-packages/airflow/example_dags/example_branch_datetime_operator.py
[2026-09-18T11:31:44.051+0700] {processor.py:914} INFO - Processing file /Users/andreasanditya/Downloads/572392_Andreas_AirflowETL/code/.venv/lib/python3.9/site-packages/airflow/example_dags/example_branch_datetime_operator.py for tasks to queue
[2026-09-18T11:31:44.052+0700] {logging_mixin.py:190} INFO - [2026-09-18T11:31:44.051+0700] {dagbag.py:588} INFO - Filling up the DagBag from /Users/andreasanditya/Downloads/572392_Andreas_AirflowETL/code/.venv/lib/python3.9/site-packages/airflow/example_dags/example_branch_datetime_operator.py
[2026-09-18T11:31:44.060+0700] {processor.py:925} INFO - DAG(s) 'example_branch_datetime_operator_2', 'example_branch_datetime_operator_3', 'example_branch_datetime_operator' retrieved from /Users/andreasanditya/Downloads/572392_Andreas_AirflowETL/code/.venv/lib/python3.9/site-packages/airflow/example_dags/example_branch_datetime_operator.py
[2026-09-18T11:31:44.158+0700] {logging_mixin.py:190} INFO - [2026-09-18T11:31:44.158+0700] {dag.py:3239} INFO - Sync 3 DAGs
[2026-09-18T11:31:44.170+0700] {logging_mixin.py:190} INFO - [2026-09-18T11:31:44.170+0700] {dag.py:4180} INFO - Setting next_dagrun for example_branch_datetime_operator to 2026-09-17 00:00:00+00:00, run_after=2026-09-18 00:00:00+00:00
[2026-09-18T11:31:44.173+0700] {logging_mixin.py:190} INFO - [2026-09-18T11:31:44.173+0700] {dag.py:4180} INFO - Setting next_dagrun for example_branch_datetime_operator_2 to 2026-09-17 00:00:00+00:00, run_after=2026-09-18 00:00:00+00:00
[2026-09-18T11:31:44.174+0700] {logging_mixin.py:190} INFO - [2026-09-18T11:31:44.174+0700] {dag.py:4180} INFO - Setting next_dagrun for example_branch_datetime_operator_3 to 2026-09-17 00:00:00+00:00, run_after=2026-09-18 00:00:00+00:00
[2026-09-18T11:31:44.183+0700] {processor.py:208} INFO - Processing /Users/andreasanditya/Downloads/572392_Andreas_AirflowETL/code/.venv/lib/python3.9/site-packages/airflow/example_dags/example_branch_datetime_operator.py took 0.136 seconds
[2026-09-18T11:34:38.092+0700] {processor.py:186} INFO - Started process (PID=21650) to work on /Users/andreasanditya/Downloads/572392_Andreas_AirflowETL/code/.venv/lib/python3.9/site-packages/airflow/example_dags/example_branch_datetime_operator.py
[2026-09-18T11:34:38.093+0700] {processor.py:914} INFO - Processing file /Users/andreasanditya/Downloads/572392_Andreas_AirflowETL/code/.venv/lib/python3.9/site-packages/airflow/example_dags/example_branch_datetime_operator.py for tasks to queue
[2026-09-18T11:34:38.094+0700] {logging_mixin.py:190} INFO - [2026-09-18T11:34:38.094+0700] {dagbag.py:588} INFO - Filling up the DagBag from /Users/andreasanditya/Downloads/572392_Andreas_AirflowETL/code/.venv/lib/python3.9/site-packages/airflow/example_dags/example_branch_datetime_operator.py
[2026-09-18T11:34:38.102+0700] {processor.py:925} INFO - DAG(s) 'example_branch_datetime_operator_3', 'example_branch_datetime_operator', 'example_branch_datetime_operator_2' retrieved from /Users/andreasanditya/Downloads/572392_Andreas_AirflowETL/code/.venv/lib/python3.9/site-packages/airflow/example_dags/example_branch_datetime_operator.py
[2026-09-18T11:34:38.196+0700] {logging_mixin.py:190} INFO - [2026-09-18T11:34:38.196+0700] {dag.py:3239} INFO - Sync 3 DAGs
[2026-09-18T11:34:38.209+0700] {logging_mixin.py:190} INFO - [2026-09-18T11:34:38.209+0700] {dag.py:4180} INFO - Setting next_dagrun for example_branch_datetime_operator to 2026-09-17 00:00:00+00:00, run_after=2026-09-18 00:00:00+00:00
[2026-09-18T11:34:38.211+0700] {logging_mixin.py:190} INFO - [2026-09-18T11:34:38.211+0700] {dag.py:4180} INFO - Setting next_dagrun for example_branch_datetime_operator_2 to 2026-09-17 00:00:00+00:00, run_after=2026-09-18 00:00:00+00:00
[2026-09-18T11:34:38.212+0700] {logging_mixin.py:190} INFO - [2026-09-18T11:34:38.212+0700] {dag.py:4180} INFO - Setting next_dagrun for example_branch_datetime_operator_3 to 2026-09-17 00:00:00+00:00, run_after=2026-09-18 00:00:00+00:00
[2026-09-18T11:34:38.222+0700] {processor.py:208} INFO - Processing /Users/andreasanditya/Downloads/572392_Andreas_AirflowETL/code/.venv/lib/python3.9/site-packages/airflow/example_dags/example_branch_datetime_operator.py took 0.132 seconds
[2026-09-18T11:37:34.783+0700] {processor.py:186} INFO - Started process (PID=23516) to work on /Users/andreasanditya/Downloads/572392_Andreas_AirflowETL/code/.venv/lib/python3.9/site-packages/airflow/example_dags/example_branch_datetime_operator.py
[2026-09-18T11:37:34.784+0700] {processor.py:914} INFO - Processing file /Users/andreasanditya/Downloads/572392_Andreas_AirflowETL/code/.venv/lib/python3.9/site-packages/airflow/example_dags/example_branch_datetime_operator.py for tasks to queue
[2026-09-18T11:37:34.785+0700] {logging_mixin.py:190} INFO - [2026-09-18T11:37:34.785+0700] {dagbag.py:588} INFO - Filling up the DagBag from /Users/andreasanditya/Downloads/572392_Andreas_AirflowETL/code/.venv/lib/python3.9/site-packages/airflow/example_dags/example_branch_datetime_operator.py
[2026-09-18T11:37:34.792+0700] {processor.py:925} INFO - DAG(s) 'example_branch_datetime_operator_2', 'example_branch_datetime_operator', 'example_branch_datetime_operator_3' retrieved from /Users/andreasanditya/Downloads/572392_Andreas_AirflowETL/code/.venv/lib/python3.9/site-packages/airflow/example_dags/example_branch_datetime_operator.py
[2026-09-18T11:37:34.883+0700] {logging_mixin.py:190} INFO - [2026-09-18T11:37:34.883+0700] {dag.py:3239} INFO - Sync 3 DAGs
[2026-09-18T11:37:34.894+0700] {logging_mixin.py:190} INFO - [2026-09-18T11:37:34.894+0700] {dag.py:4180} INFO - Setting next_dagrun for example_branch_datetime_operator to 2026-09-17 00:00:00+00:00, run_after=2026-09-18 00:00:00+00:00
[2026-09-18T11:37:34.897+0700] {logging_mixin.py:190} INFO - [2026-09-18T11:37:34.897+0700] {dag.py:4180} INFO - Setting next_dagrun for example_branch_datetime_operator_2 to 2026-09-17 00:00:00+00:00, run_after=2026-09-18 00:00:00+00:00
[2026-09-18T11:37:34.898+0700] {logging_mixin.py:190} INFO - [2026-09-18T11:37:34.898+0700] {dag.py:4180} INFO - Setting next_dagrun for example_branch_datetime_operator_3 to 2026-09-17 00:00:00+00:00, run_after=2026-09-18 00:00:00+00:00
[2026-09-18T11:37:34.907+0700] {processor.py:208} INFO - Processing /Users/andreasanditya/Downloads/572392_Andreas_AirflowETL/code/.venv/lib/python3.9/site-packages/airflow/example_dags/example_branch_datetime_operator.py took 0.126 seconds
[2026-09-18T11:40:29.429+0700] {processor.py:186} INFO - Started process (PID=25270) to work on /Users/andreasanditya/Downloads/572392_Andreas_AirflowETL/code/.venv/lib/python3.9/site-packages/airflow/example_dags/example_branch_datetime_operator.py
[2026-09-18T11:40:29.430+0700] {processor.py:914} INFO - Processing file /Users/andreasanditya/Downloads/572392_Andreas_AirflowETL/code/.venv/lib/python3.9/site-packages/airflow/example_dags/example_branch_datetime_operator.py for tasks to queue
[2026-09-18T11:40:29.431+0700] {logging_mixin.py:190} INFO - [2026-09-18T11:40:29.431+0700] {dagbag.py:588} INFO - Filling up the DagBag from /Users/andreasanditya/Downloads/572392_Andreas_AirflowETL/code/.venv/lib/python3.9/site-packages/airflow/example_dags/example_branch_datetime_operator.py
[2026-09-18T11:40:29.438+0700] {processor.py:925} INFO - DAG(s) 'example_branch_datetime_operator_3', 'example_branch_datetime_operator', 'example_branch_datetime_operator_2' retrieved from /Users/andreasanditya/Downloads/572392_Andreas_AirflowETL/code/.venv/lib/python3.9/site-packages/airflow/example_dags/example_branch_datetime_operator.py
[2026-09-18T11:40:29.529+0700] {logging_mixin.py:190} INFO - [2026-09-18T11:40:29.528+0700] {dag.py:3239} INFO - Sync 3 DAGs
[2026-09-18T11:40:29.540+0700] {logging_mixin.py:190} INFO - [2026-09-18T11:40:29.540+0700] {dag.py:4180} INFO - Setting next_dagrun for example_branch_datetime_operator to 2026-09-17 00:00:00+00:00, run_after=2026-09-18 00:00:00+00:00
[2026-09-18T11:40:29.543+0700] {logging_mixin.py:190} INFO - [2026-09-18T11:40:29.543+0700] {dag.py:4180} INFO - Setting next_dagrun for example_branch_datetime_operator_2 to 2026-09-17 00:00:00+00:00, run_after=2026-09-18 00:00:00+00:00
[2026-09-18T11:40:29.544+0700] {logging_mixin.py:190} INFO - [2026-09-18T11:40:29.544+0700] {dag.py:4180} INFO - Setting next_dagrun for example_branch_datetime_operator_3 to 2026-09-17 00:00:00+00:00, run_after=2026-09-18 00:00:00+00:00
[2026-09-18T11:40:29.554+0700] {processor.py:208} INFO - Processing /Users/andreasanditya/Downloads/572392_Andreas_AirflowETL/code/.venv/lib/python3.9/site-packages/airflow/example_dags/example_branch_datetime_operator.py took 0.127 seconds
[2026-09-18T11:43:28.309+0700] {processor.py:186} INFO - Started process (PID=27140) to work on /Users/andreasanditya/Downloads/572392_Andreas_AirflowETL/code/.venv/lib/python3.9/site-packages/airflow/example_dags/example_branch_datetime_operator.py
[2026-09-18T11:43:28.310+0700] {processor.py:914} INFO - Processing file /Users/andreasanditya/Downloads/572392_Andreas_AirflowETL/code/.venv/lib/python3.9/site-packages/airflow/example_dags/example_branch_datetime_operator.py for tasks to queue
[2026-09-18T11:43:28.311+0700] {logging_mixin.py:190} INFO - [2026-09-18T11:43:28.311+0700] {dagbag.py:588} INFO - Filling up the DagBag from /Users/andreasanditya/Downloads/572392_Andreas_AirflowETL/code/.venv/lib/python3.9/site-packages/airflow/example_dags/example_branch_datetime_operator.py
[2026-09-18T11:43:28.318+0700] {processor.py:925} INFO - DAG(s) 'example_branch_datetime_operator', 'example_branch_datetime_operator_2', 'example_branch_datetime_operator_3' retrieved from /Users/andreasanditya/Downloads/572392_Andreas_AirflowETL/code/.venv/lib/python3.9/site-packages/airflow/example_dags/example_branch_datetime_operator.py
[2026-09-18T11:43:28.407+0700] {logging_mixin.py:190} INFO - [2026-09-18T11:43:28.407+0700] {dag.py:3239} INFO - Sync 3 DAGs
[2026-09-18T11:43:28.419+0700] {logging_mixin.py:190} INFO - [2026-09-18T11:43:28.419+0700] {dag.py:4180} INFO - Setting next_dagrun for example_branch_datetime_operator to 2026-09-17 00:00:00+00:00, run_after=2026-09-18 00:00:00+00:00
[2026-09-18T11:43:28.421+0700] {logging_mixin.py:190} INFO - [2026-09-18T11:43:28.421+0700] {dag.py:4180} INFO - Setting next_dagrun for example_branch_datetime_operator_2 to 2026-09-17 00:00:00+00:00, run_after=2026-09-18 00:00:00+00:00
[2026-09-18T11:43:28.422+0700] {logging_mixin.py:190} INFO - [2026-09-18T11:43:28.422+0700] {dag.py:4180} INFO - Setting next_dagrun for example_branch_datetime_operator_3 to 2026-09-17 00:00:00+00:00, run_after=2026-09-18 00:00:00+00:00
[2026-09-18T11:43:28.435+0700] {processor.py:208} INFO - Processing /Users/andreasanditya/Downloads/572392_Andreas_AirflowETL/code/.venv/lib/python3.9/site-packages/airflow/example_dags/example_branch_datetime_operator.py took 0.128 seconds
[2026-09-18T11:46:21.616+0700] {processor.py:186} INFO - Started process (PID=28852) to work on /Users/andreasanditya/Downloads/572392_Andreas_AirflowETL/code/.venv/lib/python3.9/site-packages/airflow/example_dags/example_branch_datetime_operator.py
[2026-09-18T11:46:21.617+0700] {processor.py:914} INFO - Processing file /Users/andreasanditya/Downloads/572392_Andreas_AirflowETL/code/.venv/lib/python3.9/site-packages/airflow/example_dags/example_branch_datetime_operator.py for tasks to queue
[2026-09-18T11:46:21.618+0700] {logging_mixin.py:190} INFO - [2026-09-18T11:46:21.618+0700] {dagbag.py:588} INFO - Filling up the DagBag from /Users/andreasanditya/Downloads/572392_Andreas_AirflowETL/code/.venv/lib/python3.9/site-packages/airflow/example_dags/example_branch_datetime_operator.py
[2026-09-18T11:46:21.625+0700] {processor.py:925} INFO - DAG(s) 'example_branch_datetime_operator_3', 'example_branch_datetime_operator_2', 'example_branch_datetime_operator' retrieved from /Users/andreasanditya/Downloads/572392_Andreas_AirflowETL/code/.venv/lib/python3.9/site-packages/airflow/example_dags/example_branch_datetime_operator.py
[2026-09-18T11:46:21.714+0700] {logging_mixin.py:190} INFO - [2026-09-18T11:46:21.713+0700] {dag.py:3239} INFO - Sync 3 DAGs
[2026-09-18T11:46:21.725+0700] {logging_mixin.py:190} INFO - [2026-09-18T11:46:21.725+0700] {dag.py:4180} INFO - Setting next_dagrun for example_branch_datetime_operator to 2026-09-17 00:00:00+00:00, run_after=2026-09-18 00:00:00+00:00
[2026-09-18T11:46:21.727+0700] {logging_mixin.py:190} INFO - [2026-09-18T11:46:21.727+0700] {dag.py:4180} INFO - Setting next_dagrun for example_branch_datetime_operator_2 to 2026-09-17 00:00:00+00:00, run_after=2026-09-18 00:00:00+00:00
[2026-09-18T11:46:21.729+0700] {logging_mixin.py:190} INFO - [2026-09-18T11:46:21.729+0700] {dag.py:4180} INFO - Setting next_dagrun for example_branch_datetime_operator_3 to 2026-09-17 00:00:00+00:00, run_after=2026-09-18 00:00:00+00:00
[2026-09-18T11:46:21.737+0700] {processor.py:208} INFO - Processing /Users/andreasanditya/Downloads/572392_Andreas_AirflowETL/code/.venv/lib/python3.9/site-packages/airflow/example_dags/example_branch_datetime_operator.py took 0.123 seconds
[2026-09-18T11:49:15.550+0700] {processor.py:186} INFO - Started process (PID=30610) to work on /Users/andreasanditya/Downloads/572392_Andreas_AirflowETL/code/.venv/lib/python3.9/site-packages/airflow/example_dags/example_branch_datetime_operator.py
[2026-09-18T11:49:15.551+0700] {processor.py:914} INFO - Processing file /Users/andreasanditya/Downloads/572392_Andreas_AirflowETL/code/.venv/lib/python3.9/site-packages/airflow/example_dags/example_branch_datetime_operator.py for tasks to queue
[2026-09-18T11:49:15.551+0700] {logging_mixin.py:190} INFO - [2026-09-18T11:49:15.551+0700] {dagbag.py:588} INFO - Filling up the DagBag from /Users/andreasanditya/Downloads/572392_Andreas_AirflowETL/code/.venv/lib/python3.9/site-packages/airflow/example_dags/example_branch_datetime_operator.py
[2026-09-18T11:49:15.559+0700] {processor.py:925} INFO - DAG(s) 'example_branch_datetime_operator_3', 'example_branch_datetime_operator', 'example_branch_datetime_operator_2' retrieved from /Users/andreasanditya/Downloads/572392_Andreas_AirflowETL/code/.venv/lib/python3.9/site-packages/airflow/example_dags/example_branch_datetime_operator.py
[2026-09-18T11:49:15.648+0700] {logging_mixin.py:190} INFO - [2026-09-18T11:49:15.648+0700] {dag.py:3239} INFO - Sync 3 DAGs
[2026-09-18T11:49:15.659+0700] {logging_mixin.py:190} INFO - [2026-09-18T11:49:15.659+0700] {dag.py:4180} INFO - Setting next_dagrun for example_branch_datetime_operator to 2026-09-17 00:00:00+00:00, run_after=2026-09-18 00:00:00+00:00
[2026-09-18T11:49:15.662+0700] {logging_mixin.py:190} INFO - [2026-09-18T11:49:15.662+0700] {dag.py:4180} INFO - Setting next_dagrun for example_branch_datetime_operator_2 to 2026-09-17 00:00:00+00:00, run_after=2026-09-18 00:00:00+00:00
[2026-09-18T11:49:15.663+0700] {logging_mixin.py:190} INFO - [2026-09-18T11:49:15.663+0700] {dag.py:4180} INFO - Setting next_dagrun for example_branch_datetime_operator_3 to 2026-09-17 00:00:00+00:00, run_after=2026-09-18 00:00:00+00:00
[2026-09-18T11:49:15.672+0700] {processor.py:208} INFO - Processing /Users/andreasanditya/Downloads/572392_Andreas_AirflowETL/code/.venv/lib/python3.9/site-packages/airflow/example_dags/example_branch_datetime_operator.py took 0.124 seconds
[2026-09-18T11:52:05.770+0700] {processor.py:186} INFO - Started process (PID=32328) to work on /Users/andreasanditya/Downloads/572392_Andreas_AirflowETL/code/.venv/lib/python3.9/site-packages/airflow/example_dags/example_branch_datetime_operator.py
[2026-09-18T11:52:05.771+0700] {processor.py:914} INFO - Processing file /Users/andreasanditya/Downloads/572392_Andreas_AirflowETL/code/.venv/lib/python3.9/site-packages/airflow/example_dags/example_branch_datetime_operator.py for tasks to queue
[2026-09-18T11:52:05.772+0700] {logging_mixin.py:190} INFO - [2026-09-18T11:52:05.772+0700] {dagbag.py:588} INFO - Filling up the DagBag from /Users/andreasanditya/Downloads/572392_Andreas_AirflowETL/code/.venv/lib/python3.9/site-packages/airflow/example_dags/example_branch_datetime_operator.py
[2026-09-18T11:52:05.779+0700] {processor.py:925} INFO - DAG(s) 'example_branch_datetime_operator_3', 'example_branch_datetime_operator_2', 'example_branch_datetime_operator' retrieved from /Users/andreasanditya/Downloads/572392_Andreas_AirflowETL/code/.venv/lib/python3.9/site-packages/airflow/example_dags/example_branch_datetime_operator.py
[2026-09-18T11:52:05.870+0700] {logging_mixin.py:190} INFO - [2026-09-18T11:52:05.869+0700] {dag.py:3239} INFO - Sync 3 DAGs
[2026-09-18T11:52:05.881+0700] {logging_mixin.py:190} INFO - [2026-09-18T11:52:05.881+0700] {dag.py:4180} INFO - Setting next_dagrun for example_branch_datetime_operator to 2026-09-17 00:00:00+00:00, run_after=2026-09-18 00:00:00+00:00
[2026-09-18T11:52:05.883+0700] {logging_mixin.py:190} INFO - [2026-09-18T11:52:05.883+0700] {dag.py:4180} INFO - Setting next_dagrun for example_branch_datetime_operator_2 to 2026-09-17 00:00:00+00:00, run_after=2026-09-18 00:00:00+00:00
[2026-09-18T11:52:05.885+0700] {logging_mixin.py:190} INFO - [2026-09-18T11:52:05.885+0700] {dag.py:4180} INFO - Setting next_dagrun for example_branch_datetime_operator_3 to 2026-09-17 00:00:00+00:00, run_after=2026-09-18 00:00:00+00:00
[2026-09-18T11:52:05.893+0700] {processor.py:208} INFO - Processing /Users/andreasanditya/Downloads/572392_Andreas_AirflowETL/code/.venv/lib/python3.9/site-packages/airflow/example_dags/example_branch_datetime_operator.py took 0.125 seconds
[2026-09-18T11:54:59.668+0700] {processor.py:186} INFO - Started process (PID=34068) to work on /Users/andreasanditya/Downloads/572392_Andreas_AirflowETL/code/.venv/lib/python3.9/site-packages/airflow/example_dags/example_branch_datetime_operator.py
[2026-09-18T11:54:59.669+0700] {processor.py:914} INFO - Processing file /Users/andreasanditya/Downloads/572392_Andreas_AirflowETL/code/.venv/lib/python3.9/site-packages/airflow/example_dags/example_branch_datetime_operator.py for tasks to queue
[2026-09-18T11:54:59.670+0700] {logging_mixin.py:190} INFO - [2026-09-18T11:54:59.670+0700] {dagbag.py:588} INFO - Filling up the DagBag from /Users/andreasanditya/Downloads/572392_Andreas_AirflowETL/code/.venv/lib/python3.9/site-packages/airflow/example_dags/example_branch_datetime_operator.py
[2026-09-18T11:54:59.677+0700] {processor.py:925} INFO - DAG(s) 'example_branch_datetime_operator_2', 'example_branch_datetime_operator_3', 'example_branch_datetime_operator' retrieved from /Users/andreasanditya/Downloads/572392_Andreas_AirflowETL/code/.venv/lib/python3.9/site-packages/airflow/example_dags/example_branch_datetime_operator.py
[2026-09-18T11:54:59.767+0700] {logging_mixin.py:190} INFO - [2026-09-18T11:54:59.767+0700] {dag.py:3239} INFO - Sync 3 DAGs
[2026-09-18T11:54:59.778+0700] {logging_mixin.py:190} INFO - [2026-09-18T11:54:59.778+0700] {dag.py:4180} INFO - Setting next_dagrun for example_branch_datetime_operator to 2026-09-17 00:00:00+00:00, run_after=2026-09-18 00:00:00+00:00
[2026-09-18T11:54:59.781+0700] {logging_mixin.py:190} INFO - [2026-09-18T11:54:59.780+0700] {dag.py:4180} INFO - Setting next_dagrun for example_branch_datetime_operator_2 to 2026-09-17 00:00:00+00:00, run_after=2026-09-18 00:00:00+00:00
[2026-09-18T11:54:59.782+0700] {logging_mixin.py:190} INFO - [2026-09-18T11:54:59.782+0700] {dag.py:4180} INFO - Setting next_dagrun for example_branch_datetime_operator_3 to 2026-09-17 00:00:00+00:00, run_after=2026-09-18 00:00:00+00:00
[2026-09-18T11:54:59.791+0700] {processor.py:208} INFO - Processing /Users/andreasanditya/Downloads/572392_Andreas_AirflowETL/code/.venv/lib/python3.9/site-packages/airflow/example_dags/example_branch_datetime_operator.py took 0.125 seconds
[2026-09-18T11:57:54.848+0700] {processor.py:186} INFO - Started process (PID=35902) to work on /Users/andreasanditya/Downloads/572392_Andreas_AirflowETL/code/.venv/lib/python3.9/site-packages/airflow/example_dags/example_branch_datetime_operator.py
[2026-09-18T11:57:54.850+0700] {processor.py:914} INFO - Processing file /Users/andreasanditya/Downloads/572392_Andreas_AirflowETL/code/.venv/lib/python3.9/site-packages/airflow/example_dags/example_branch_datetime_operator.py for tasks to queue
[2026-09-18T11:57:54.850+0700] {logging_mixin.py:190} INFO - [2026-09-18T11:57:54.850+0700] {dagbag.py:588} INFO - Filling up the DagBag from /Users/andreasanditya/Downloads/572392_Andreas_AirflowETL/code/.venv/lib/python3.9/site-packages/airflow/example_dags/example_branch_datetime_operator.py
[2026-09-18T11:57:54.858+0700] {processor.py:925} INFO - DAG(s) 'example_branch_datetime_operator_2', 'example_branch_datetime_operator', 'example_branch_datetime_operator_3' retrieved from /Users/andreasanditya/Downloads/572392_Andreas_AirflowETL/code/.venv/lib/python3.9/site-packages/airflow/example_dags/example_branch_datetime_operator.py
[2026-09-18T11:57:54.946+0700] {logging_mixin.py:190} INFO - [2026-09-18T11:57:54.946+0700] {dag.py:3239} INFO - Sync 3 DAGs
[2026-09-18T11:57:54.958+0700] {logging_mixin.py:190} INFO - [2026-09-18T11:57:54.957+0700] {dag.py:4180} INFO - Setting next_dagrun for example_branch_datetime_operator to 2026-09-17 00:00:00+00:00, run_after=2026-09-18 00:00:00+00:00
[2026-09-18T11:57:54.960+0700] {logging_mixin.py:190} INFO - [2026-09-18T11:57:54.960+0700] {dag.py:4180} INFO - Setting next_dagrun for example_branch_datetime_operator_2 to 2026-09-17 00:00:00+00:00, run_after=2026-09-18 00:00:00+00:00
[2026-09-18T11:57:54.961+0700] {logging_mixin.py:190} INFO - [2026-09-18T11:57:54.961+0700] {dag.py:4180} INFO - Setting next_dagrun for example_branch_datetime_operator_3 to 2026-09-17 00:00:00+00:00, run_after=2026-09-18 00:00:00+00:00
[2026-09-18T11:57:54.970+0700] {processor.py:208} INFO - Processing /Users/andreasanditya/Downloads/572392_Andreas_AirflowETL/code/.venv/lib/python3.9/site-packages/airflow/example_dags/example_branch_datetime_operator.py took 0.124 seconds
[2026-09-18T12:00:45.310+0700] {processor.py:186} INFO - Started process (PID=37552) to work on /Users/andreasanditya/Downloads/572392_Andreas_AirflowETL/code/.venv/lib/python3.9/site-packages/airflow/example_dags/example_branch_datetime_operator.py
[2026-09-18T12:00:45.311+0700] {processor.py:914} INFO - Processing file /Users/andreasanditya/Downloads/572392_Andreas_AirflowETL/code/.venv/lib/python3.9/site-packages/airflow/example_dags/example_branch_datetime_operator.py for tasks to queue
[2026-09-18T12:00:45.312+0700] {logging_mixin.py:190} INFO - [2026-09-18T12:00:45.312+0700] {dagbag.py:588} INFO - Filling up the DagBag from /Users/andreasanditya/Downloads/572392_Andreas_AirflowETL/code/.venv/lib/python3.9/site-packages/airflow/example_dags/example_branch_datetime_operator.py
[2026-09-18T12:00:45.319+0700] {processor.py:925} INFO - DAG(s) 'example_branch_datetime_operator_2', 'example_branch_datetime_operator_3', 'example_branch_datetime_operator' retrieved from /Users/andreasanditya/Downloads/572392_Andreas_AirflowETL/code/.venv/lib/python3.9/site-packages/airflow/example_dags/example_branch_datetime_operator.py
[2026-09-18T12:00:45.410+0700] {logging_mixin.py:190} INFO - [2026-09-18T12:00:45.410+0700] {dag.py:3239} INFO - Sync 3 DAGs
[2026-09-18T12:00:45.422+0700] {logging_mixin.py:190} INFO - [2026-09-18T12:00:45.421+0700] {dag.py:4180} INFO - Setting next_dagrun for example_branch_datetime_operator to 2026-09-17 00:00:00+00:00, run_after=2026-09-18 00:00:00+00:00
[2026-09-18T12:00:45.424+0700] {logging_mixin.py:190} INFO - [2026-09-18T12:00:45.424+0700] {dag.py:4180} INFO - Setting next_dagrun for example_branch_datetime_operator_2 to 2026-09-17 00:00:00+00:00, run_after=2026-09-18 00:00:00+00:00
[2026-09-18T12:00:45.425+0700] {logging_mixin.py:190} INFO - [2026-09-18T12:00:45.425+0700] {dag.py:4180} INFO - Setting next_dagrun for example_branch_datetime_operator_3 to 2026-09-17 00:00:00+00:00, run_after=2026-09-18 00:00:00+00:00
[2026-09-18T12:00:45.434+0700] {processor.py:208} INFO - Processing /Users/andreasanditya/Downloads/572392_Andreas_AirflowETL/code/.venv/lib/python3.9/site-packages/airflow/example_dags/example_branch_datetime_operator.py took 0.126 seconds
[2026-09-18T12:03:40.487+0700] {processor.py:186} INFO - Started process (PID=39392) to work on /Users/andreasanditya/Downloads/572392_Andreas_AirflowETL/code/.venv/lib/python3.9/site-packages/airflow/example_dags/example_branch_datetime_operator.py
[2026-09-18T12:03:40.488+0700] {processor.py:914} INFO - Processing file /Users/andreasanditya/Downloads/572392_Andreas_AirflowETL/code/.venv/lib/python3.9/site-packages/airflow/example_dags/example_branch_datetime_operator.py for tasks to queue
[2026-09-18T12:03:40.489+0700] {logging_mixin.py:190} INFO - [2026-09-18T12:03:40.489+0700] {dagbag.py:588} INFO - Filling up the DagBag from /Users/andreasanditya/Downloads/572392_Andreas_AirflowETL/code/.venv/lib/python3.9/site-packages/airflow/example_dags/example_branch_datetime_operator.py
[2026-09-18T12:03:40.496+0700] {processor.py:925} INFO - DAG(s) 'example_branch_datetime_operator_3', 'example_branch_datetime_operator_2', 'example_branch_datetime_operator' retrieved from /Users/andreasanditya/Downloads/572392_Andreas_AirflowETL/code/.venv/lib/python3.9/site-packages/airflow/example_dags/example_branch_datetime_operator.py
[2026-09-18T12:03:40.585+0700] {logging_mixin.py:190} INFO - [2026-09-18T12:03:40.585+0700] {dag.py:3239} INFO - Sync 3 DAGs
[2026-09-18T12:03:40.596+0700] {logging_mixin.py:190} INFO - [2026-09-18T12:03:40.596+0700] {dag.py:4180} INFO - Setting next_dagrun for example_branch_datetime_operator to 2026-09-17 00:00:00+00:00, run_after=2026-09-18 00:00:00+00:00
[2026-09-18T12:03:40.599+0700] {logging_mixin.py:190} INFO - [2026-09-18T12:03:40.599+0700] {dag.py:4180} INFO - Setting next_dagrun for example_branch_datetime_operator_2 to 2026-09-17 00:00:00+00:00, run_after=2026-09-18 00:00:00+00:00
[2026-09-18T12:03:40.600+0700] {logging_mixin.py:190} INFO - [2026-09-18T12:03:40.600+0700] {dag.py:4180} INFO - Setting next_dagrun for example_branch_datetime_operator_3 to 2026-09-17 00:00:00+00:00, run_after=2026-09-18 00:00:00+00:00
[2026-09-18T12:03:40.609+0700] {processor.py:208} INFO - Processing /Users/andreasanditya/Downloads/572392_Andreas_AirflowETL/code/.venv/lib/python3.9/site-packages/airflow/example_dags/example_branch_datetime_operator.py took 0.124 seconds
[2026-09-18T12:06:34.697+0700] {processor.py:186} INFO - Started process (PID=41118) to work on /Users/andreasanditya/Downloads/572392_Andreas_AirflowETL/code/.venv/lib/python3.9/site-packages/airflow/example_dags/example_branch_datetime_operator.py
[2026-09-18T12:06:34.698+0700] {processor.py:914} INFO - Processing file /Users/andreasanditya/Downloads/572392_Andreas_AirflowETL/code/.venv/lib/python3.9/site-packages/airflow/example_dags/example_branch_datetime_operator.py for tasks to queue
[2026-09-18T12:06:34.699+0700] {logging_mixin.py:190} INFO - [2026-09-18T12:06:34.699+0700] {dagbag.py:588} INFO - Filling up the DagBag from /Users/andreasanditya/Downloads/572392_Andreas_AirflowETL/code/.venv/lib/python3.9/site-packages/airflow/example_dags/example_branch_datetime_operator.py
[2026-09-18T12:06:34.707+0700] {processor.py:925} INFO - DAG(s) 'example_branch_datetime_operator_3', 'example_branch_datetime_operator_2', 'example_branch_datetime_operator' retrieved from /Users/andreasanditya/Downloads/572392_Andreas_AirflowETL/code/.venv/lib/python3.9/site-packages/airflow/example_dags/example_branch_datetime_operator.py
[2026-09-18T12:06:34.799+0700] {logging_mixin.py:190} INFO - [2026-09-18T12:06:34.799+0700] {dag.py:3239} INFO - Sync 3 DAGs
[2026-09-18T12:06:34.810+0700] {logging_mixin.py:190} INFO - [2026-09-18T12:06:34.810+0700] {dag.py:4180} INFO - Setting next_dagrun for example_branch_datetime_operator to 2026-09-17 00:00:00+00:00, run_after=2026-09-18 00:00:00+00:00
[2026-09-18T12:06:34.813+0700] {logging_mixin.py:190} INFO - [2026-09-18T12:06:34.813+0700] {dag.py:4180} INFO - Setting next_dagrun for example_branch_datetime_operator_2 to 2026-09-17 00:00:00+00:00, run_after=2026-09-18 00:00:00+00:00
[2026-09-18T12:06:34.814+0700] {logging_mixin.py:190} INFO - [2026-09-18T12:06:34.814+0700] {dag.py:4180} INFO - Setting next_dagrun for example_branch_datetime_operator_3 to 2026-09-17 00:00:00+00:00, run_after=2026-09-18 00:00:00+00:00
[2026-09-18T12:06:34.824+0700] {processor.py:208} INFO - Processing /Users/andreasanditya/Downloads/572392_Andreas_AirflowETL/code/.venv/lib/python3.9/site-packages/airflow/example_dags/example_branch_datetime_operator.py took 0.129 seconds
[2026-09-18T12:09:28.306+0700] {processor.py:186} INFO - Started process (PID=42867) to work on /Users/andreasanditya/Downloads/572392_Andreas_AirflowETL/code/.venv/lib/python3.9/site-packages/airflow/example_dags/example_branch_datetime_operator.py
[2026-09-18T12:09:28.308+0700] {processor.py:914} INFO - Processing file /Users/andreasanditya/Downloads/572392_Andreas_AirflowETL/code/.venv/lib/python3.9/site-packages/airflow/example_dags/example_branch_datetime_operator.py for tasks to queue
[2026-09-18T12:09:28.309+0700] {logging_mixin.py:190} INFO - [2026-09-18T12:09:28.309+0700] {dagbag.py:588} INFO - Filling up the DagBag from /Users/andreasanditya/Downloads/572392_Andreas_AirflowETL/code/.venv/lib/python3.9/site-packages/airflow/example_dags/example_branch_datetime_operator.py
[2026-09-18T12:09:28.316+0700] {processor.py:925} INFO - DAG(s) 'example_branch_datetime_operator_2', 'example_branch_datetime_operator', 'example_branch_datetime_operator_3' retrieved from /Users/andreasanditya/Downloads/572392_Andreas_AirflowETL/code/.venv/lib/python3.9/site-packages/airflow/example_dags/example_branch_datetime_operator.py
[2026-09-18T12:09:28.407+0700] {logging_mixin.py:190} INFO - [2026-09-18T12:09:28.406+0700] {dag.py:3239} INFO - Sync 3 DAGs
[2026-09-18T12:09:28.418+0700] {logging_mixin.py:190} INFO - [2026-09-18T12:09:28.418+0700] {dag.py:4180} INFO - Setting next_dagrun for example_branch_datetime_operator to 2026-09-17 00:00:00+00:00, run_after=2026-09-18 00:00:00+00:00
[2026-09-18T12:09:28.421+0700] {logging_mixin.py:190} INFO - [2026-09-18T12:09:28.420+0700] {dag.py:4180} INFO - Setting next_dagrun for example_branch_datetime_operator_2 to 2026-09-17 00:00:00+00:00, run_after=2026-09-18 00:00:00+00:00
[2026-09-18T12:09:28.422+0700] {logging_mixin.py:190} INFO - [2026-09-18T12:09:28.422+0700] {dag.py:4180} INFO - Setting next_dagrun for example_branch_datetime_operator_3 to 2026-09-17 00:00:00+00:00, run_after=2026-09-18 00:00:00+00:00
[2026-09-18T12:09:28.431+0700] {processor.py:208} INFO - Processing /Users/andreasanditya/Downloads/572392_Andreas_AirflowETL/code/.venv/lib/python3.9/site-packages/airflow/example_dags/example_branch_datetime_operator.py took 0.127 seconds
[2026-09-18T12:12:23.256+0700] {processor.py:186} INFO - Started process (PID=44593) to work on /Users/andreasanditya/Downloads/572392_Andreas_AirflowETL/code/.venv/lib/python3.9/site-packages/airflow/example_dags/example_branch_datetime_operator.py
[2026-09-18T12:12:23.257+0700] {processor.py:914} INFO - Processing file /Users/andreasanditya/Downloads/572392_Andreas_AirflowETL/code/.venv/lib/python3.9/site-packages/airflow/example_dags/example_branch_datetime_operator.py for tasks to queue
[2026-09-18T12:12:23.258+0700] {logging_mixin.py:190} INFO - [2026-09-18T12:12:23.258+0700] {dagbag.py:588} INFO - Filling up the DagBag from /Users/andreasanditya/Downloads/572392_Andreas_AirflowETL/code/.venv/lib/python3.9/site-packages/airflow/example_dags/example_branch_datetime_operator.py
[2026-09-18T12:12:23.266+0700] {processor.py:925} INFO - DAG(s) 'example_branch_datetime_operator_3', 'example_branch_datetime_operator_2', 'example_branch_datetime_operator' retrieved from /Users/andreasanditya/Downloads/572392_Andreas_AirflowETL/code/.venv/lib/python3.9/site-packages/airflow/example_dags/example_branch_datetime_operator.py
[2026-09-18T12:12:23.356+0700] {logging_mixin.py:190} INFO - [2026-09-18T12:12:23.355+0700] {dag.py:3239} INFO - Sync 3 DAGs
[2026-09-18T12:12:23.367+0700] {logging_mixin.py:190} INFO - [2026-09-18T12:12:23.367+0700] {dag.py:4180} INFO - Setting next_dagrun for example_branch_datetime_operator to 2026-09-17 00:00:00+00:00, run_after=2026-09-18 00:00:00+00:00
[2026-09-18T12:12:23.369+0700] {logging_mixin.py:190} INFO - [2026-09-18T12:12:23.369+0700] {dag.py:4180} INFO - Setting next_dagrun for example_branch_datetime_operator_2 to 2026-09-17 00:00:00+00:00, run_after=2026-09-18 00:00:00+00:00
[2026-09-18T12:12:23.370+0700] {logging_mixin.py:190} INFO - [2026-09-18T12:12:23.370+0700] {dag.py:4180} INFO - Setting next_dagrun for example_branch_datetime_operator_3 to 2026-09-17 00:00:00+00:00, run_after=2026-09-18 00:00:00+00:00
[2026-09-18T12:12:23.379+0700] {processor.py:208} INFO - Processing /Users/andreasanditya/Downloads/572392_Andreas_AirflowETL/code/.venv/lib/python3.9/site-packages/airflow/example_dags/example_branch_datetime_operator.py took 0.125 seconds
[2026-09-18T12:15:20.231+0700] {processor.py:186} INFO - Started process (PID=47536) to work on /Users/andreasanditya/Downloads/572392_Andreas_AirflowETL/code/.venv/lib/python3.9/site-packages/airflow/example_dags/example_branch_datetime_operator.py
[2026-09-18T12:15:20.232+0700] {processor.py:914} INFO - Processing file /Users/andreasanditya/Downloads/572392_Andreas_AirflowETL/code/.venv/lib/python3.9/site-packages/airflow/example_dags/example_branch_datetime_operator.py for tasks to queue
[2026-09-18T12:15:20.233+0700] {logging_mixin.py:190} INFO - [2026-09-18T12:15:20.233+0700] {dagbag.py:588} INFO - Filling up the DagBag from /Users/andreasanditya/Downloads/572392_Andreas_AirflowETL/code/.venv/lib/python3.9/site-packages/airflow/example_dags/example_branch_datetime_operator.py
[2026-09-18T12:15:20.241+0700] {processor.py:925} INFO - DAG(s) 'example_branch_datetime_operator_3', 'example_branch_datetime_operator', 'example_branch_datetime_operator_2' retrieved from /Users/andreasanditya/Downloads/572392_Andreas_AirflowETL/code/.venv/lib/python3.9/site-packages/airflow/example_dags/example_branch_datetime_operator.py
[2026-09-18T12:15:20.332+0700] {logging_mixin.py:190} INFO - [2026-09-18T12:15:20.332+0700] {dag.py:3239} INFO - Sync 3 DAGs
[2026-09-18T12:15:20.344+0700] {logging_mixin.py:190} INFO - [2026-09-18T12:15:20.344+0700] {dag.py:4180} INFO - Setting next_dagrun for example_branch_datetime_operator to 2026-09-17 00:00:00+00:00, run_after=2026-09-18 00:00:00+00:00
[2026-09-18T12:15:20.346+0700] {logging_mixin.py:190} INFO - [2026-09-18T12:15:20.346+0700] {dag.py:4180} INFO - Setting next_dagrun for example_branch_datetime_operator_2 to 2026-09-17 00:00:00+00:00, run_after=2026-09-18 00:00:00+00:00
[2026-09-18T12:15:20.347+0700] {logging_mixin.py:190} INFO - [2026-09-18T12:15:20.347+0700] {dag.py:4180} INFO - Setting next_dagrun for example_branch_datetime_operator_3 to 2026-09-17 00:00:00+00:00, run_after=2026-09-18 00:00:00+00:00
[2026-09-18T12:15:20.356+0700] {processor.py:208} INFO - Processing /Users/andreasanditya/Downloads/572392_Andreas_AirflowETL/code/.venv/lib/python3.9/site-packages/airflow/example_dags/example_branch_datetime_operator.py took 0.128 seconds
[2026-09-18T12:18:17.630+0700] {processor.py:186} INFO - Started process (PID=50458) to work on /Users/andreasanditya/Downloads/572392_Andreas_AirflowETL/code/.venv/lib/python3.9/site-packages/airflow/example_dags/example_branch_datetime_operator.py
[2026-09-18T12:18:17.632+0700] {processor.py:914} INFO - Processing file /Users/andreasanditya/Downloads/572392_Andreas_AirflowETL/code/.venv/lib/python3.9/site-packages/airflow/example_dags/example_branch_datetime_operator.py for tasks to queue
[2026-09-18T12:18:17.632+0700] {logging_mixin.py:190} INFO - [2026-09-18T12:18:17.632+0700] {dagbag.py:588} INFO - Filling up the DagBag from /Users/andreasanditya/Downloads/572392_Andreas_AirflowETL/code/.venv/lib/python3.9/site-packages/airflow/example_dags/example_branch_datetime_operator.py
[2026-09-18T12:18:17.640+0700] {processor.py:925} INFO - DAG(s) 'example_branch_datetime_operator_2', 'example_branch_datetime_operator', 'example_branch_datetime_operator_3' retrieved from /Users/andreasanditya/Downloads/572392_Andreas_AirflowETL/code/.venv/lib/python3.9/site-packages/airflow/example_dags/example_branch_datetime_operator.py
[2026-09-18T12:18:17.734+0700] {logging_mixin.py:190} INFO - [2026-09-18T12:18:17.734+0700] {dag.py:3239} INFO - Sync 3 DAGs
[2026-09-18T12:18:17.747+0700] {logging_mixin.py:190} INFO - [2026-09-18T12:18:17.746+0700] {dag.py:4180} INFO - Setting next_dagrun for example_branch_datetime_operator to 2026-09-17 00:00:00+00:00, run_after=2026-09-18 00:00:00+00:00
[2026-09-18T12:18:17.749+0700] {logging_mixin.py:190} INFO - [2026-09-18T12:18:17.749+0700] {dag.py:4180} INFO - Setting next_dagrun for example_branch_datetime_operator_2 to 2026-09-17 00:00:00+00:00, run_after=2026-09-18 00:00:00+00:00
[2026-09-18T12:18:17.751+0700] {logging_mixin.py:190} INFO - [2026-09-18T12:18:17.751+0700] {dag.py:4180} INFO - Setting next_dagrun for example_branch_datetime_operator_3 to 2026-09-17 00:00:00+00:00, run_after=2026-09-18 00:00:00+00:00
[2026-09-18T12:18:17.760+0700] {processor.py:208} INFO - Processing /Users/andreasanditya/Downloads/572392_Andreas_AirflowETL/code/.venv/lib/python3.9/site-packages/airflow/example_dags/example_branch_datetime_operator.py took 0.133 seconds
[2026-09-18T12:21:13.748+0700] {processor.py:186} INFO - Started process (PID=53528) to work on /Users/andreasanditya/Downloads/572392_Andreas_AirflowETL/code/.venv/lib/python3.9/site-packages/airflow/example_dags/example_branch_datetime_operator.py
[2026-09-18T12:21:13.749+0700] {processor.py:914} INFO - Processing file /Users/andreasanditya/Downloads/572392_Andreas_AirflowETL/code/.venv/lib/python3.9/site-packages/airflow/example_dags/example_branch_datetime_operator.py for tasks to queue
[2026-09-18T12:21:13.750+0700] {logging_mixin.py:190} INFO - [2026-09-18T12:21:13.750+0700] {dagbag.py:588} INFO - Filling up the DagBag from /Users/andreasanditya/Downloads/572392_Andreas_AirflowETL/code/.venv/lib/python3.9/site-packages/airflow/example_dags/example_branch_datetime_operator.py
[2026-09-18T12:21:13.757+0700] {processor.py:925} INFO - DAG(s) 'example_branch_datetime_operator_2', 'example_branch_datetime_operator', 'example_branch_datetime_operator_3' retrieved from /Users/andreasanditya/Downloads/572392_Andreas_AirflowETL/code/.venv/lib/python3.9/site-packages/airflow/example_dags/example_branch_datetime_operator.py
[2026-09-18T12:21:13.847+0700] {logging_mixin.py:190} INFO - [2026-09-18T12:21:13.847+0700] {dag.py:3239} INFO - Sync 3 DAGs
[2026-09-18T12:21:13.859+0700] {logging_mixin.py:190} INFO - [2026-09-18T12:21:13.859+0700] {dag.py:4180} INFO - Setting next_dagrun for example_branch_datetime_operator to 2026-09-17 00:00:00+00:00, run_after=2026-09-18 00:00:00+00:00
[2026-09-18T12:21:13.861+0700] {logging_mixin.py:190} INFO - [2026-09-18T12:21:13.861+0700] {dag.py:4180} INFO - Setting next_dagrun for example_branch_datetime_operator_2 to 2026-09-17 00:00:00+00:00, run_after=2026-09-18 00:00:00+00:00
[2026-09-18T12:21:13.862+0700] {logging_mixin.py:190} INFO - [2026-09-18T12:21:13.862+0700] {dag.py:4180} INFO - Setting next_dagrun for example_branch_datetime_operator_3 to 2026-09-17 00:00:00+00:00, run_after=2026-09-18 00:00:00+00:00
[2026-09-18T12:21:13.871+0700] {processor.py:208} INFO - Processing /Users/andreasanditya/Downloads/572392_Andreas_AirflowETL/code/.venv/lib/python3.9/site-packages/airflow/example_dags/example_branch_datetime_operator.py took 0.125 seconds
[2026-09-18T12:24:07.720+0700] {processor.py:186} INFO - Started process (PID=55289) to work on /Users/andreasanditya/Downloads/572392_Andreas_AirflowETL/code/.venv/lib/python3.9/site-packages/airflow/example_dags/example_branch_datetime_operator.py
[2026-09-18T12:24:07.721+0700] {processor.py:914} INFO - Processing file /Users/andreasanditya/Downloads/572392_Andreas_AirflowETL/code/.venv/lib/python3.9/site-packages/airflow/example_dags/example_branch_datetime_operator.py for tasks to queue
[2026-09-18T12:24:07.722+0700] {logging_mixin.py:190} INFO - [2026-09-18T12:24:07.722+0700] {dagbag.py:588} INFO - Filling up the DagBag from /Users/andreasanditya/Downloads/572392_Andreas_AirflowETL/code/.venv/lib/python3.9/site-packages/airflow/example_dags/example_branch_datetime_operator.py
[2026-09-18T12:24:07.730+0700] {processor.py:925} INFO - DAG(s) 'example_branch_datetime_operator_3', 'example_branch_datetime_operator_2', 'example_branch_datetime_operator' retrieved from /Users/andreasanditya/Downloads/572392_Andreas_AirflowETL/code/.venv/lib/python3.9/site-packages/airflow/example_dags/example_branch_datetime_operator.py
[2026-09-18T12:24:07.818+0700] {logging_mixin.py:190} INFO - [2026-09-18T12:24:07.817+0700] {dag.py:3239} INFO - Sync 3 DAGs
[2026-09-18T12:24:07.829+0700] {logging_mixin.py:190} INFO - [2026-09-18T12:24:07.829+0700] {dag.py:4180} INFO - Setting next_dagrun for example_branch_datetime_operator to 2026-09-17 00:00:00+00:00, run_after=2026-09-18 00:00:00+00:00
[2026-09-18T12:24:07.831+0700] {logging_mixin.py:190} INFO - [2026-09-18T12:24:07.831+0700] {dag.py:4180} INFO - Setting next_dagrun for example_branch_datetime_operator_2 to 2026-09-17 00:00:00+00:00, run_after=2026-09-18 00:00:00+00:00
[2026-09-18T12:24:07.833+0700] {logging_mixin.py:190} INFO - [2026-09-18T12:24:07.833+0700] {dag.py:4180} INFO - Setting next_dagrun for example_branch_datetime_operator_3 to 2026-09-17 00:00:00+00:00, run_after=2026-09-18 00:00:00+00:00
[2026-09-18T12:24:07.841+0700] {processor.py:208} INFO - Processing /Users/andreasanditya/Downloads/572392_Andreas_AirflowETL/code/.venv/lib/python3.9/site-packages/airflow/example_dags/example_branch_datetime_operator.py took 0.123 seconds
[2026-09-18T12:27:00.670+0700] {processor.py:186} INFO - Started process (PID=57123) to work on /Users/andreasanditya/Downloads/572392_Andreas_AirflowETL/code/.venv/lib/python3.9/site-packages/airflow/example_dags/example_branch_datetime_operator.py
[2026-09-18T12:27:00.673+0700] {processor.py:914} INFO - Processing file /Users/andreasanditya/Downloads/572392_Andreas_AirflowETL/code/.venv/lib/python3.9/site-packages/airflow/example_dags/example_branch_datetime_operator.py for tasks to queue
[2026-09-18T12:27:00.673+0700] {logging_mixin.py:190} INFO - [2026-09-18T12:27:00.673+0700] {dagbag.py:588} INFO - Filling up the DagBag from /Users/andreasanditya/Downloads/572392_Andreas_AirflowETL/code/.venv/lib/python3.9/site-packages/airflow/example_dags/example_branch_datetime_operator.py
[2026-09-18T12:27:00.681+0700] {processor.py:925} INFO - DAG(s) 'example_branch_datetime_operator', 'example_branch_datetime_operator_2', 'example_branch_datetime_operator_3' retrieved from /Users/andreasanditya/Downloads/572392_Andreas_AirflowETL/code/.venv/lib/python3.9/site-packages/airflow/example_dags/example_branch_datetime_operator.py
[2026-09-18T12:27:00.769+0700] {logging_mixin.py:190} INFO - [2026-09-18T12:27:00.769+0700] {dag.py:3239} INFO - Sync 3 DAGs
[2026-09-18T12:27:00.780+0700] {logging_mixin.py:190} INFO - [2026-09-18T12:27:00.780+0700] {dag.py:4180} INFO - Setting next_dagrun for example_branch_datetime_operator to 2026-09-17 00:00:00+00:00, run_after=2026-09-18 00:00:00+00:00
[2026-09-18T12:27:00.782+0700] {logging_mixin.py:190} INFO - [2026-09-18T12:27:00.782+0700] {dag.py:4180} INFO - Setting next_dagrun for example_branch_datetime_operator_2 to 2026-09-17 00:00:00+00:00, run_after=2026-09-18 00:00:00+00:00
[2026-09-18T12:27:00.784+0700] {logging_mixin.py:190} INFO - [2026-09-18T12:27:00.783+0700] {dag.py:4180} INFO - Setting next_dagrun for example_branch_datetime_operator_3 to 2026-09-17 00:00:00+00:00, run_after=2026-09-18 00:00:00+00:00
[2026-09-18T12:27:00.792+0700] {processor.py:208} INFO - Processing /Users/andreasanditya/Downloads/572392_Andreas_AirflowETL/code/.venv/lib/python3.9/site-packages/airflow/example_dags/example_branch_datetime_operator.py took 0.124 seconds
[2026-09-18T12:29:49.937+0700] {processor.py:186} INFO - Started process (PID=58886) to work on /Users/andreasanditya/Downloads/572392_Andreas_AirflowETL/code/.venv/lib/python3.9/site-packages/airflow/example_dags/example_branch_datetime_operator.py
[2026-09-18T12:29:49.938+0700] {processor.py:914} INFO - Processing file /Users/andreasanditya/Downloads/572392_Andreas_AirflowETL/code/.venv/lib/python3.9/site-packages/airflow/example_dags/example_branch_datetime_operator.py for tasks to queue
[2026-09-18T12:29:49.938+0700] {logging_mixin.py:190} INFO - [2026-09-18T12:29:49.938+0700] {dagbag.py:588} INFO - Filling up the DagBag from /Users/andreasanditya/Downloads/572392_Andreas_AirflowETL/code/.venv/lib/python3.9/site-packages/airflow/example_dags/example_branch_datetime_operator.py
[2026-09-18T12:29:49.945+0700] {processor.py:925} INFO - DAG(s) 'example_branch_datetime_operator_2', 'example_branch_datetime_operator', 'example_branch_datetime_operator_3' retrieved from /Users/andreasanditya/Downloads/572392_Andreas_AirflowETL/code/.venv/lib/python3.9/site-packages/airflow/example_dags/example_branch_datetime_operator.py
[2026-09-18T12:29:50.033+0700] {logging_mixin.py:190} INFO - [2026-09-18T12:29:50.032+0700] {dag.py:3239} INFO - Sync 3 DAGs
[2026-09-18T12:29:50.044+0700] {logging_mixin.py:190} INFO - [2026-09-18T12:29:50.044+0700] {dag.py:4180} INFO - Setting next_dagrun for example_branch_datetime_operator to 2026-09-17 00:00:00+00:00, run_after=2026-09-18 00:00:00+00:00
[2026-09-18T12:29:50.046+0700] {logging_mixin.py:190} INFO - [2026-09-18T12:29:50.046+0700] {dag.py:4180} INFO - Setting next_dagrun for example_branch_datetime_operator_2 to 2026-09-17 00:00:00+00:00, run_after=2026-09-18 00:00:00+00:00
[2026-09-18T12:29:50.047+0700] {logging_mixin.py:190} INFO - [2026-09-18T12:29:50.047+0700] {dag.py:4180} INFO - Setting next_dagrun for example_branch_datetime_operator_3 to 2026-09-17 00:00:00+00:00, run_after=2026-09-18 00:00:00+00:00
[2026-09-18T12:29:50.056+0700] {processor.py:208} INFO - Processing /Users/andreasanditya/Downloads/572392_Andreas_AirflowETL/code/.venv/lib/python3.9/site-packages/airflow/example_dags/example_branch_datetime_operator.py took 0.122 seconds
[2026-09-18T12:32:37.630+0700] {processor.py:186} INFO - Started process (PID=60554) to work on /Users/andreasanditya/Downloads/572392_Andreas_AirflowETL/code/.venv/lib/python3.9/site-packages/airflow/example_dags/example_branch_datetime_operator.py
[2026-09-18T12:32:37.631+0700] {processor.py:914} INFO - Processing file /Users/andreasanditya/Downloads/572392_Andreas_AirflowETL/code/.venv/lib/python3.9/site-packages/airflow/example_dags/example_branch_datetime_operator.py for tasks to queue
[2026-09-18T12:32:37.631+0700] {logging_mixin.py:190} INFO - [2026-09-18T12:32:37.631+0700] {dagbag.py:588} INFO - Filling up the DagBag from /Users/andreasanditya/Downloads/572392_Andreas_AirflowETL/code/.venv/lib/python3.9/site-packages/airflow/example_dags/example_branch_datetime_operator.py
[2026-09-18T12:32:37.639+0700] {processor.py:925} INFO - DAG(s) 'example_branch_datetime_operator', 'example_branch_datetime_operator_3', 'example_branch_datetime_operator_2' retrieved from /Users/andreasanditya/Downloads/572392_Andreas_AirflowETL/code/.venv/lib/python3.9/site-packages/airflow/example_dags/example_branch_datetime_operator.py
[2026-09-18T12:32:37.727+0700] {logging_mixin.py:190} INFO - [2026-09-18T12:32:37.726+0700] {dag.py:3239} INFO - Sync 3 DAGs
[2026-09-18T12:32:37.738+0700] {logging_mixin.py:190} INFO - [2026-09-18T12:32:37.738+0700] {dag.py:4180} INFO - Setting next_dagrun for example_branch_datetime_operator to 2026-09-17 00:00:00+00:00, run_after=2026-09-18 00:00:00+00:00
[2026-09-18T12:32:37.740+0700] {logging_mixin.py:190} INFO - [2026-09-18T12:32:37.740+0700] {dag.py:4180} INFO - Setting next_dagrun for example_branch_datetime_operator_2 to 2026-09-17 00:00:00+00:00, run_after=2026-09-18 00:00:00+00:00
[2026-09-18T12:32:37.741+0700] {logging_mixin.py:190} INFO - [2026-09-18T12:32:37.741+0700] {dag.py:4180} INFO - Setting next_dagrun for example_branch_datetime_operator_3 to 2026-09-17 00:00:00+00:00, run_after=2026-09-18 00:00:00+00:00
[2026-09-18T12:32:37.750+0700] {processor.py:208} INFO - Processing /Users/andreasanditya/Downloads/572392_Andreas_AirflowETL/code/.venv/lib/python3.9/site-packages/airflow/example_dags/example_branch_datetime_operator.py took 0.122 seconds
[2026-09-18T12:35:29.902+0700] {processor.py:186} INFO - Started process (PID=62318) to work on /Users/andreasanditya/Downloads/572392_Andreas_AirflowETL/code/.venv/lib/python3.9/site-packages/airflow/example_dags/example_branch_datetime_operator.py
[2026-09-18T12:35:29.903+0700] {processor.py:914} INFO - Processing file /Users/andreasanditya/Downloads/572392_Andreas_AirflowETL/code/.venv/lib/python3.9/site-packages/airflow/example_dags/example_branch_datetime_operator.py for tasks to queue
[2026-09-18T12:35:29.903+0700] {logging_mixin.py:190} INFO - [2026-09-18T12:35:29.903+0700] {dagbag.py:588} INFO - Filling up the DagBag from /Users/andreasanditya/Downloads/572392_Andreas_AirflowETL/code/.venv/lib/python3.9/site-packages/airflow/example_dags/example_branch_datetime_operator.py
[2026-09-18T12:35:29.911+0700] {processor.py:925} INFO - DAG(s) 'example_branch_datetime_operator', 'example_branch_datetime_operator_2', 'example_branch_datetime_operator_3' retrieved from /Users/andreasanditya/Downloads/572392_Andreas_AirflowETL/code/.venv/lib/python3.9/site-packages/airflow/example_dags/example_branch_datetime_operator.py
[2026-09-18T12:35:30.000+0700] {logging_mixin.py:190} INFO - [2026-09-18T12:35:30.000+0700] {dag.py:3239} INFO - Sync 3 DAGs
[2026-09-18T12:35:30.011+0700] {logging_mixin.py:190} INFO - [2026-09-18T12:35:30.011+0700] {dag.py:4180} INFO - Setting next_dagrun for example_branch_datetime_operator to 2026-09-17 00:00:00+00:00, run_after=2026-09-18 00:00:00+00:00
[2026-09-18T12:35:30.014+0700] {logging_mixin.py:190} INFO - [2026-09-18T12:35:30.014+0700] {dag.py:4180} INFO - Setting next_dagrun for example_branch_datetime_operator_2 to 2026-09-17 00:00:00+00:00, run_after=2026-09-18 00:00:00+00:00
[2026-09-18T12:35:30.015+0700] {logging_mixin.py:190} INFO - [2026-09-18T12:35:30.015+0700] {dag.py:4180} INFO - Setting next_dagrun for example_branch_datetime_operator_3 to 2026-09-17 00:00:00+00:00, run_after=2026-09-18 00:00:00+00:00
[2026-09-18T12:35:30.024+0700] {processor.py:208} INFO - Processing /Users/andreasanditya/Downloads/572392_Andreas_AirflowETL/code/.venv/lib/python3.9/site-packages/airflow/example_dags/example_branch_datetime_operator.py took 0.124 seconds
[2026-09-18T12:38:21.611+0700] {processor.py:186} INFO - Started process (PID=64091) to work on /Users/andreasanditya/Downloads/572392_Andreas_AirflowETL/code/.venv/lib/python3.9/site-packages/airflow/example_dags/example_branch_datetime_operator.py
[2026-09-18T12:38:21.612+0700] {processor.py:914} INFO - Processing file /Users/andreasanditya/Downloads/572392_Andreas_AirflowETL/code/.venv/lib/python3.9/site-packages/airflow/example_dags/example_branch_datetime_operator.py for tasks to queue
[2026-09-18T12:38:21.613+0700] {logging_mixin.py:190} INFO - [2026-09-18T12:38:21.613+0700] {dagbag.py:588} INFO - Filling up the DagBag from /Users/andreasanditya/Downloads/572392_Andreas_AirflowETL/code/.venv/lib/python3.9/site-packages/airflow/example_dags/example_branch_datetime_operator.py
[2026-09-18T12:38:21.620+0700] {processor.py:925} INFO - DAG(s) 'example_branch_datetime_operator', 'example_branch_datetime_operator_3', 'example_branch_datetime_operator_2' retrieved from /Users/andreasanditya/Downloads/572392_Andreas_AirflowETL/code/.venv/lib/python3.9/site-packages/airflow/example_dags/example_branch_datetime_operator.py
[2026-09-18T12:38:21.708+0700] {logging_mixin.py:190} INFO - [2026-09-18T12:38:21.708+0700] {dag.py:3239} INFO - Sync 3 DAGs
[2026-09-18T12:38:21.719+0700] {logging_mixin.py:190} INFO - [2026-09-18T12:38:21.719+0700] {dag.py:4180} INFO - Setting next_dagrun for example_branch_datetime_operator to 2026-09-17 00:00:00+00:00, run_after=2026-09-18 00:00:00+00:00
[2026-09-18T12:38:21.723+0700] {logging_mixin.py:190} INFO - [2026-09-18T12:38:21.722+0700] {dag.py:4180} INFO - Setting next_dagrun for example_branch_datetime_operator_2 to 2026-09-17 00:00:00+00:00, run_after=2026-09-18 00:00:00+00:00
[2026-09-18T12:38:21.724+0700] {logging_mixin.py:190} INFO - [2026-09-18T12:38:21.724+0700] {dag.py:4180} INFO - Setting next_dagrun for example_branch_datetime_operator_3 to 2026-09-17 00:00:00+00:00, run_after=2026-09-18 00:00:00+00:00
[2026-09-18T12:38:21.732+0700] {processor.py:208} INFO - Processing /Users/andreasanditya/Downloads/572392_Andreas_AirflowETL/code/.venv/lib/python3.9/site-packages/airflow/example_dags/example_branch_datetime_operator.py took 0.123 seconds
[2026-09-18T12:41:16.780+0700] {processor.py:186} INFO - Started process (PID=65844) to work on /Users/andreasanditya/Downloads/572392_Andreas_AirflowETL/code/.venv/lib/python3.9/site-packages/airflow/example_dags/example_branch_datetime_operator.py
[2026-09-18T12:41:16.780+0700] {processor.py:914} INFO - Processing file /Users/andreasanditya/Downloads/572392_Andreas_AirflowETL/code/.venv/lib/python3.9/site-packages/airflow/example_dags/example_branch_datetime_operator.py for tasks to queue
[2026-09-18T12:41:16.781+0700] {logging_mixin.py:190} INFO - [2026-09-18T12:41:16.781+0700] {dagbag.py:588} INFO - Filling up the DagBag from /Users/andreasanditya/Downloads/572392_Andreas_AirflowETL/code/.venv/lib/python3.9/site-packages/airflow/example_dags/example_branch_datetime_operator.py
[2026-09-18T12:41:16.788+0700] {processor.py:925} INFO - DAG(s) 'example_branch_datetime_operator_3', 'example_branch_datetime_operator_2', 'example_branch_datetime_operator' retrieved from /Users/andreasanditya/Downloads/572392_Andreas_AirflowETL/code/.venv/lib/python3.9/site-packages/airflow/example_dags/example_branch_datetime_operator.py
[2026-09-18T12:41:16.876+0700] {logging_mixin.py:190} INFO - [2026-09-18T12:41:16.876+0700] {dag.py:3239} INFO - Sync 3 DAGs
[2026-09-18T12:41:16.887+0700] {logging_mixin.py:190} INFO - [2026-09-18T12:41:16.887+0700] {dag.py:4180} INFO - Setting next_dagrun for example_branch_datetime_operator to 2026-09-17 00:00:00+00:00, run_after=2026-09-18 00:00:00+00:00
[2026-09-18T12:41:16.889+0700] {logging_mixin.py:190} INFO - [2026-09-18T12:41:16.889+0700] {dag.py:4180} INFO - Setting next_dagrun for example_branch_datetime_operator_2 to 2026-09-17 00:00:00+00:00, run_after=2026-09-18 00:00:00+00:00
[2026-09-18T12:41:16.891+0700] {logging_mixin.py:190} INFO - [2026-09-18T12:41:16.890+0700] {dag.py:4180} INFO - Setting next_dagrun for example_branch_datetime_operator_3 to 2026-09-17 00:00:00+00:00, run_after=2026-09-18 00:00:00+00:00
[2026-09-18T12:41:16.899+0700] {processor.py:208} INFO - Processing /Users/andreasanditya/Downloads/572392_Andreas_AirflowETL/code/.venv/lib/python3.9/site-packages/airflow/example_dags/example_branch_datetime_operator.py took 0.122 seconds
[2026-09-18T12:44:07.791+0700] {processor.py:186} INFO - Started process (PID=67582) to work on /Users/andreasanditya/Downloads/572392_Andreas_AirflowETL/code/.venv/lib/python3.9/site-packages/airflow/example_dags/example_branch_datetime_operator.py
[2026-09-18T12:44:07.793+0700] {processor.py:914} INFO - Processing file /Users/andreasanditya/Downloads/572392_Andreas_AirflowETL/code/.venv/lib/python3.9/site-packages/airflow/example_dags/example_branch_datetime_operator.py for tasks to queue
[2026-09-18T12:44:07.794+0700] {logging_mixin.py:190} INFO - [2026-09-18T12:44:07.793+0700] {dagbag.py:588} INFO - Filling up the DagBag from /Users/andreasanditya/Downloads/572392_Andreas_AirflowETL/code/.venv/lib/python3.9/site-packages/airflow/example_dags/example_branch_datetime_operator.py
[2026-09-18T12:44:07.801+0700] {processor.py:925} INFO - DAG(s) 'example_branch_datetime_operator_2', 'example_branch_datetime_operator', 'example_branch_datetime_operator_3' retrieved from /Users/andreasanditya/Downloads/572392_Andreas_AirflowETL/code/.venv/lib/python3.9/site-packages/airflow/example_dags/example_branch_datetime_operator.py
[2026-09-18T12:44:07.888+0700] {logging_mixin.py:190} INFO - [2026-09-18T12:44:07.888+0700] {dag.py:3239} INFO - Sync 3 DAGs
[2026-09-18T12:44:07.900+0700] {logging_mixin.py:190} INFO - [2026-09-18T12:44:07.899+0700] {dag.py:4180} INFO - Setting next_dagrun for example_branch_datetime_operator to 2026-09-17 00:00:00+00:00, run_after=2026-09-18 00:00:00+00:00
[2026-09-18T12:44:07.902+0700] {logging_mixin.py:190} INFO - [2026-09-18T12:44:07.902+0700] {dag.py:4180} INFO - Setting next_dagrun for example_branch_datetime_operator_2 to 2026-09-17 00:00:00+00:00, run_after=2026-09-18 00:00:00+00:00
[2026-09-18T12:44:07.903+0700] {logging_mixin.py:190} INFO - [2026-09-18T12:44:07.903+0700] {dag.py:4180} INFO - Setting next_dagrun for example_branch_datetime_operator_3 to 2026-09-17 00:00:00+00:00, run_after=2026-09-18 00:00:00+00:00
[2026-09-18T12:44:07.912+0700] {processor.py:208} INFO - Processing /Users/andreasanditya/Downloads/572392_Andreas_AirflowETL/code/.venv/lib/python3.9/site-packages/airflow/example_dags/example_branch_datetime_operator.py took 0.122 seconds
[2026-09-18T12:47:01.600+0700] {processor.py:186} INFO - Started process (PID=69347) to work on /Users/andreasanditya/Downloads/572392_Andreas_AirflowETL/code/.venv/lib/python3.9/site-packages/airflow/example_dags/example_branch_datetime_operator.py
[2026-09-18T12:47:01.601+0700] {processor.py:914} INFO - Processing file /Users/andreasanditya/Downloads/572392_Andreas_AirflowETL/code/.venv/lib/python3.9/site-packages/airflow/example_dags/example_branch_datetime_operator.py for tasks to queue
[2026-09-18T12:47:01.602+0700] {logging_mixin.py:190} INFO - [2026-09-18T12:47:01.601+0700] {dagbag.py:588} INFO - Filling up the DagBag from /Users/andreasanditya/Downloads/572392_Andreas_AirflowETL/code/.venv/lib/python3.9/site-packages/airflow/example_dags/example_branch_datetime_operator.py
[2026-09-18T12:47:01.610+0700] {processor.py:925} INFO - DAG(s) 'example_branch_datetime_operator_2', 'example_branch_datetime_operator', 'example_branch_datetime_operator_3' retrieved from /Users/andreasanditya/Downloads/572392_Andreas_AirflowETL/code/.venv/lib/python3.9/site-packages/airflow/example_dags/example_branch_datetime_operator.py
[2026-09-18T12:47:01.707+0700] {logging_mixin.py:190} INFO - [2026-09-18T12:47:01.707+0700] {dag.py:3239} INFO - Sync 3 DAGs
[2026-09-18T12:47:01.718+0700] {logging_mixin.py:190} INFO - [2026-09-18T12:47:01.718+0700] {dag.py:4180} INFO - Setting next_dagrun for example_branch_datetime_operator to 2026-09-17 00:00:00+00:00, run_after=2026-09-18 00:00:00+00:00
[2026-09-18T12:47:01.720+0700] {logging_mixin.py:190} INFO - [2026-09-18T12:47:01.720+0700] {dag.py:4180} INFO - Setting next_dagrun for example_branch_datetime_operator_2 to 2026-09-17 00:00:00+00:00, run_after=2026-09-18 00:00:00+00:00
[2026-09-18T12:47:01.722+0700] {logging_mixin.py:190} INFO - [2026-09-18T12:47:01.722+0700] {dag.py:4180} INFO - Setting next_dagrun for example_branch_datetime_operator_3 to 2026-09-17 00:00:00+00:00, run_after=2026-09-18 00:00:00+00:00
[2026-09-18T12:47:01.730+0700] {processor.py:208} INFO - Processing /Users/andreasanditya/Downloads/572392_Andreas_AirflowETL/code/.venv/lib/python3.9/site-packages/airflow/example_dags/example_branch_datetime_operator.py took 0.132 seconds
[2026-09-18T12:49:51.118+0700] {processor.py:186} INFO - Started process (PID=71077) to work on /Users/andreasanditya/Downloads/572392_Andreas_AirflowETL/code/.venv/lib/python3.9/site-packages/airflow/example_dags/example_branch_datetime_operator.py
[2026-09-18T12:49:51.119+0700] {processor.py:914} INFO - Processing file /Users/andreasanditya/Downloads/572392_Andreas_AirflowETL/code/.venv/lib/python3.9/site-packages/airflow/example_dags/example_branch_datetime_operator.py for tasks to queue
[2026-09-18T12:49:51.119+0700] {logging_mixin.py:190} INFO - [2026-09-18T12:49:51.119+0700] {dagbag.py:588} INFO - Filling up the DagBag from /Users/andreasanditya/Downloads/572392_Andreas_AirflowETL/code/.venv/lib/python3.9/site-packages/airflow/example_dags/example_branch_datetime_operator.py
[2026-09-18T12:49:51.127+0700] {processor.py:925} INFO - DAG(s) 'example_branch_datetime_operator_2', 'example_branch_datetime_operator', 'example_branch_datetime_operator_3' retrieved from /Users/andreasanditya/Downloads/572392_Andreas_AirflowETL/code/.venv/lib/python3.9/site-packages/airflow/example_dags/example_branch_datetime_operator.py
[2026-09-18T12:49:51.214+0700] {logging_mixin.py:190} INFO - [2026-09-18T12:49:51.214+0700] {dag.py:3239} INFO - Sync 3 DAGs
[2026-09-18T12:49:51.225+0700] {logging_mixin.py:190} INFO - [2026-09-18T12:49:51.225+0700] {dag.py:4180} INFO - Setting next_dagrun for example_branch_datetime_operator to 2026-09-17 00:00:00+00:00, run_after=2026-09-18 00:00:00+00:00
[2026-09-18T12:49:51.227+0700] {logging_mixin.py:190} INFO - [2026-09-18T12:49:51.227+0700] {dag.py:4180} INFO - Setting next_dagrun for example_branch_datetime_operator_2 to 2026-09-17 00:00:00+00:00, run_after=2026-09-18 00:00:00+00:00
[2026-09-18T12:49:51.229+0700] {logging_mixin.py:190} INFO - [2026-09-18T12:49:51.229+0700] {dag.py:4180} INFO - Setting next_dagrun for example_branch_datetime_operator_3 to 2026-09-17 00:00:00+00:00, run_after=2026-09-18 00:00:00+00:00
[2026-09-18T12:49:51.237+0700] {processor.py:208} INFO - Processing /Users/andreasanditya/Downloads/572392_Andreas_AirflowETL/code/.venv/lib/python3.9/site-packages/airflow/example_dags/example_branch_datetime_operator.py took 0.121 seconds
[2026-09-18T12:52:40.389+0700] {processor.py:186} INFO - Started process (PID=72818) to work on /Users/andreasanditya/Downloads/572392_Andreas_AirflowETL/code/.venv/lib/python3.9/site-packages/airflow/example_dags/example_branch_datetime_operator.py
[2026-09-18T12:52:40.390+0700] {processor.py:914} INFO - Processing file /Users/andreasanditya/Downloads/572392_Andreas_AirflowETL/code/.venv/lib/python3.9/site-packages/airflow/example_dags/example_branch_datetime_operator.py for tasks to queue
[2026-09-18T12:52:40.390+0700] {logging_mixin.py:190} INFO - [2026-09-18T12:52:40.390+0700] {dagbag.py:588} INFO - Filling up the DagBag from /Users/andreasanditya/Downloads/572392_Andreas_AirflowETL/code/.venv/lib/python3.9/site-packages/airflow/example_dags/example_branch_datetime_operator.py
[2026-09-18T12:52:40.398+0700] {processor.py:925} INFO - DAG(s) 'example_branch_datetime_operator_3', 'example_branch_datetime_operator_2', 'example_branch_datetime_operator' retrieved from /Users/andreasanditya/Downloads/572392_Andreas_AirflowETL/code/.venv/lib/python3.9/site-packages/airflow/example_dags/example_branch_datetime_operator.py
[2026-09-18T12:52:40.485+0700] {logging_mixin.py:190} INFO - [2026-09-18T12:52:40.485+0700] {dag.py:3239} INFO - Sync 3 DAGs
[2026-09-18T12:52:40.496+0700] {logging_mixin.py:190} INFO - [2026-09-18T12:52:40.496+0700] {dag.py:4180} INFO - Setting next_dagrun for example_branch_datetime_operator to 2026-09-17 00:00:00+00:00, run_after=2026-09-18 00:00:00+00:00
[2026-09-18T12:52:40.498+0700] {logging_mixin.py:190} INFO - [2026-09-18T12:52:40.498+0700] {dag.py:4180} INFO - Setting next_dagrun for example_branch_datetime_operator_2 to 2026-09-17 00:00:00+00:00, run_after=2026-09-18 00:00:00+00:00
[2026-09-18T12:52:40.500+0700] {logging_mixin.py:190} INFO - [2026-09-18T12:52:40.499+0700] {dag.py:4180} INFO - Setting next_dagrun for example_branch_datetime_operator_3 to 2026-09-17 00:00:00+00:00, run_after=2026-09-18 00:00:00+00:00
[2026-09-18T12:52:40.508+0700] {processor.py:208} INFO - Processing /Users/andreasanditya/Downloads/572392_Andreas_AirflowETL/code/.venv/lib/python3.9/site-packages/airflow/example_dags/example_branch_datetime_operator.py took 0.122 seconds
[2026-09-18T12:55:28.686+0700] {processor.py:186} INFO - Started process (PID=74514) to work on /Users/andreasanditya/Downloads/572392_Andreas_AirflowETL/code/.venv/lib/python3.9/site-packages/airflow/example_dags/example_branch_datetime_operator.py
[2026-09-18T12:55:28.687+0700] {processor.py:914} INFO - Processing file /Users/andreasanditya/Downloads/572392_Andreas_AirflowETL/code/.venv/lib/python3.9/site-packages/airflow/example_dags/example_branch_datetime_operator.py for tasks to queue
[2026-09-18T12:55:28.688+0700] {logging_mixin.py:190} INFO - [2026-09-18T12:55:28.688+0700] {dagbag.py:588} INFO - Filling up the DagBag from /Users/andreasanditya/Downloads/572392_Andreas_AirflowETL/code/.venv/lib/python3.9/site-packages/airflow/example_dags/example_branch_datetime_operator.py
[2026-09-18T12:55:28.695+0700] {processor.py:925} INFO - DAG(s) 'example_branch_datetime_operator_2', 'example_branch_datetime_operator_3', 'example_branch_datetime_operator' retrieved from /Users/andreasanditya/Downloads/572392_Andreas_AirflowETL/code/.venv/lib/python3.9/site-packages/airflow/example_dags/example_branch_datetime_operator.py
[2026-09-18T12:55:28.784+0700] {logging_mixin.py:190} INFO - [2026-09-18T12:55:28.784+0700] {dag.py:3239} INFO - Sync 3 DAGs
[2026-09-18T12:55:28.796+0700] {logging_mixin.py:190} INFO - [2026-09-18T12:55:28.795+0700] {dag.py:4180} INFO - Setting next_dagrun for example_branch_datetime_operator to 2026-09-17 00:00:00+00:00, run_after=2026-09-18 00:00:00+00:00
[2026-09-18T12:55:28.798+0700] {logging_mixin.py:190} INFO - [2026-09-18T12:55:28.798+0700] {dag.py:4180} INFO - Setting next_dagrun for example_branch_datetime_operator_2 to 2026-09-17 00:00:00+00:00, run_after=2026-09-18 00:00:00+00:00
[2026-09-18T12:55:28.800+0700] {logging_mixin.py:190} INFO - [2026-09-18T12:55:28.799+0700] {dag.py:4180} INFO - Setting next_dagrun for example_branch_datetime_operator_3 to 2026-09-17 00:00:00+00:00, run_after=2026-09-18 00:00:00+00:00
[2026-09-18T12:55:28.808+0700] {processor.py:208} INFO - Processing /Users/andreasanditya/Downloads/572392_Andreas_AirflowETL/code/.venv/lib/python3.9/site-packages/airflow/example_dags/example_branch_datetime_operator.py took 0.124 seconds
[2026-09-18T12:58:19.194+0700] {processor.py:186} INFO - Started process (PID=76273) to work on /Users/andreasanditya/Downloads/572392_Andreas_AirflowETL/code/.venv/lib/python3.9/site-packages/airflow/example_dags/example_branch_datetime_operator.py
[2026-09-18T12:58:19.195+0700] {processor.py:914} INFO - Processing file /Users/andreasanditya/Downloads/572392_Andreas_AirflowETL/code/.venv/lib/python3.9/site-packages/airflow/example_dags/example_branch_datetime_operator.py for tasks to queue
[2026-09-18T12:58:19.196+0700] {logging_mixin.py:190} INFO - [2026-09-18T12:58:19.196+0700] {dagbag.py:588} INFO - Filling up the DagBag from /Users/andreasanditya/Downloads/572392_Andreas_AirflowETL/code/.venv/lib/python3.9/site-packages/airflow/example_dags/example_branch_datetime_operator.py
[2026-09-18T12:58:19.203+0700] {processor.py:925} INFO - DAG(s) 'example_branch_datetime_operator_2', 'example_branch_datetime_operator_3', 'example_branch_datetime_operator' retrieved from /Users/andreasanditya/Downloads/572392_Andreas_AirflowETL/code/.venv/lib/python3.9/site-packages/airflow/example_dags/example_branch_datetime_operator.py
[2026-09-18T12:58:19.291+0700] {logging_mixin.py:190} INFO - [2026-09-18T12:58:19.291+0700] {dag.py:3239} INFO - Sync 3 DAGs
[2026-09-18T12:58:19.302+0700] {logging_mixin.py:190} INFO - [2026-09-18T12:58:19.302+0700] {dag.py:4180} INFO - Setting next_dagrun for example_branch_datetime_operator to 2026-09-17 00:00:00+00:00, run_after=2026-09-18 00:00:00+00:00
[2026-09-18T12:58:19.305+0700] {logging_mixin.py:190} INFO - [2026-09-18T12:58:19.305+0700] {dag.py:4180} INFO - Setting next_dagrun for example_branch_datetime_operator_2 to 2026-09-17 00:00:00+00:00, run_after=2026-09-18 00:00:00+00:00
[2026-09-18T12:58:19.306+0700] {logging_mixin.py:190} INFO - [2026-09-18T12:58:19.306+0700] {dag.py:4180} INFO - Setting next_dagrun for example_branch_datetime_operator_3 to 2026-09-17 00:00:00+00:00, run_after=2026-09-18 00:00:00+00:00
[2026-09-18T12:58:19.315+0700] {processor.py:208} INFO - Processing /Users/andreasanditya/Downloads/572392_Andreas_AirflowETL/code/.venv/lib/python3.9/site-packages/airflow/example_dags/example_branch_datetime_operator.py took 0.123 seconds
[2026-09-18T13:01:13.282+0700] {processor.py:186} INFO - Started process (PID=78116) to work on /Users/andreasanditya/Downloads/572392_Andreas_AirflowETL/code/.venv/lib/python3.9/site-packages/airflow/example_dags/example_branch_datetime_operator.py
[2026-09-18T13:01:13.283+0700] {processor.py:914} INFO - Processing file /Users/andreasanditya/Downloads/572392_Andreas_AirflowETL/code/.venv/lib/python3.9/site-packages/airflow/example_dags/example_branch_datetime_operator.py for tasks to queue
[2026-09-18T13:01:13.283+0700] {logging_mixin.py:190} INFO - [2026-09-18T13:01:13.283+0700] {dagbag.py:588} INFO - Filling up the DagBag from /Users/andreasanditya/Downloads/572392_Andreas_AirflowETL/code/.venv/lib/python3.9/site-packages/airflow/example_dags/example_branch_datetime_operator.py
[2026-09-18T13:01:13.291+0700] {processor.py:925} INFO - DAG(s) 'example_branch_datetime_operator', 'example_branch_datetime_operator_2', 'example_branch_datetime_operator_3' retrieved from /Users/andreasanditya/Downloads/572392_Andreas_AirflowETL/code/.venv/lib/python3.9/site-packages/airflow/example_dags/example_branch_datetime_operator.py
[2026-09-18T13:01:13.378+0700] {logging_mixin.py:190} INFO - [2026-09-18T13:01:13.378+0700] {dag.py:3239} INFO - Sync 3 DAGs
[2026-09-18T13:01:13.389+0700] {logging_mixin.py:190} INFO - [2026-09-18T13:01:13.389+0700] {dag.py:4180} INFO - Setting next_dagrun for example_branch_datetime_operator to 2026-09-17 00:00:00+00:00, run_after=2026-09-18 00:00:00+00:00
[2026-09-18T13:01:13.391+0700] {logging_mixin.py:190} INFO - [2026-09-18T13:01:13.391+0700] {dag.py:4180} INFO - Setting next_dagrun for example_branch_datetime_operator_2 to 2026-09-17 00:00:00+00:00, run_after=2026-09-18 00:00:00+00:00
[2026-09-18T13:01:13.393+0700] {logging_mixin.py:190} INFO - [2026-09-18T13:01:13.392+0700] {dag.py:4180} INFO - Setting next_dagrun for example_branch_datetime_operator_3 to 2026-09-17 00:00:00+00:00, run_after=2026-09-18 00:00:00+00:00
[2026-09-18T13:01:13.401+0700] {processor.py:208} INFO - Processing /Users/andreasanditya/Downloads/572392_Andreas_AirflowETL/code/.venv/lib/python3.9/site-packages/airflow/example_dags/example_branch_datetime_operator.py took 0.122 seconds
[2026-09-18T13:04:06.149+0700] {processor.py:186} INFO - Started process (PID=79889) to work on /Users/andreasanditya/Downloads/572392_Andreas_AirflowETL/code/.venv/lib/python3.9/site-packages/airflow/example_dags/example_branch_datetime_operator.py
[2026-09-18T13:04:06.150+0700] {processor.py:914} INFO - Processing file /Users/andreasanditya/Downloads/572392_Andreas_AirflowETL/code/.venv/lib/python3.9/site-packages/airflow/example_dags/example_branch_datetime_operator.py for tasks to queue
[2026-09-18T13:04:06.151+0700] {logging_mixin.py:190} INFO - [2026-09-18T13:04:06.150+0700] {dagbag.py:588} INFO - Filling up the DagBag from /Users/andreasanditya/Downloads/572392_Andreas_AirflowETL/code/.venv/lib/python3.9/site-packages/airflow/example_dags/example_branch_datetime_operator.py
[2026-09-18T13:04:06.158+0700] {processor.py:925} INFO - DAG(s) 'example_branch_datetime_operator_2', 'example_branch_datetime_operator_3', 'example_branch_datetime_operator' retrieved from /Users/andreasanditya/Downloads/572392_Andreas_AirflowETL/code/.venv/lib/python3.9/site-packages/airflow/example_dags/example_branch_datetime_operator.py
[2026-09-18T13:04:06.254+0700] {logging_mixin.py:190} INFO - [2026-09-18T13:04:06.253+0700] {dag.py:3239} INFO - Sync 3 DAGs
[2026-09-18T13:04:06.265+0700] {logging_mixin.py:190} INFO - [2026-09-18T13:04:06.265+0700] {dag.py:4180} INFO - Setting next_dagrun for example_branch_datetime_operator to 2026-09-17 00:00:00+00:00, run_after=2026-09-18 00:00:00+00:00
[2026-09-18T13:04:06.268+0700] {logging_mixin.py:190} INFO - [2026-09-18T13:04:06.268+0700] {dag.py:4180} INFO - Setting next_dagrun for example_branch_datetime_operator_2 to 2026-09-17 00:00:00+00:00, run_after=2026-09-18 00:00:00+00:00
[2026-09-18T13:04:06.270+0700] {logging_mixin.py:190} INFO - [2026-09-18T13:04:06.270+0700] {dag.py:4180} INFO - Setting next_dagrun for example_branch_datetime_operator_3 to 2026-09-17 00:00:00+00:00, run_after=2026-09-18 00:00:00+00:00
[2026-09-18T13:04:06.279+0700] {processor.py:208} INFO - Processing /Users/andreasanditya/Downloads/572392_Andreas_AirflowETL/code/.venv/lib/python3.9/site-packages/airflow/example_dags/example_branch_datetime_operator.py took 0.132 seconds
[2026-09-18T13:06:55.310+0700] {processor.py:186} INFO - Started process (PID=81553) to work on /Users/andreasanditya/Downloads/572392_Andreas_AirflowETL/code/.venv/lib/python3.9/site-packages/airflow/example_dags/example_branch_datetime_operator.py
[2026-09-18T13:06:55.312+0700] {processor.py:914} INFO - Processing file /Users/andreasanditya/Downloads/572392_Andreas_AirflowETL/code/.venv/lib/python3.9/site-packages/airflow/example_dags/example_branch_datetime_operator.py for tasks to queue
[2026-09-18T13:06:55.312+0700] {logging_mixin.py:190} INFO - [2026-09-18T13:06:55.312+0700] {dagbag.py:588} INFO - Filling up the DagBag from /Users/andreasanditya/Downloads/572392_Andreas_AirflowETL/code/.venv/lib/python3.9/site-packages/airflow/example_dags/example_branch_datetime_operator.py
[2026-09-18T13:06:55.320+0700] {processor.py:925} INFO - DAG(s) 'example_branch_datetime_operator_2', 'example_branch_datetime_operator', 'example_branch_datetime_operator_3' retrieved from /Users/andreasanditya/Downloads/572392_Andreas_AirflowETL/code/.venv/lib/python3.9/site-packages/airflow/example_dags/example_branch_datetime_operator.py
[2026-09-18T13:06:55.408+0700] {logging_mixin.py:190} INFO - [2026-09-18T13:06:55.408+0700] {dag.py:3239} INFO - Sync 3 DAGs
[2026-09-18T13:06:55.420+0700] {logging_mixin.py:190} INFO - [2026-09-18T13:06:55.419+0700] {dag.py:4180} INFO - Setting next_dagrun for example_branch_datetime_operator to 2026-09-17 00:00:00+00:00, run_after=2026-09-18 00:00:00+00:00
[2026-09-18T13:06:55.422+0700] {logging_mixin.py:190} INFO - [2026-09-18T13:06:55.422+0700] {dag.py:4180} INFO - Setting next_dagrun for example_branch_datetime_operator_2 to 2026-09-17 00:00:00+00:00, run_after=2026-09-18 00:00:00+00:00
[2026-09-18T13:06:55.423+0700] {logging_mixin.py:190} INFO - [2026-09-18T13:06:55.423+0700] {dag.py:4180} INFO - Setting next_dagrun for example_branch_datetime_operator_3 to 2026-09-17 00:00:00+00:00, run_after=2026-09-18 00:00:00+00:00
[2026-09-18T13:06:55.432+0700] {processor.py:208} INFO - Processing /Users/andreasanditya/Downloads/572392_Andreas_AirflowETL/code/.venv/lib/python3.9/site-packages/airflow/example_dags/example_branch_datetime_operator.py took 0.124 seconds
[2026-09-18T13:09:44.939+0700] {processor.py:186} INFO - Started process (PID=83309) to work on /Users/andreasanditya/Downloads/572392_Andreas_AirflowETL/code/.venv/lib/python3.9/site-packages/airflow/example_dags/example_branch_datetime_operator.py
[2026-09-18T13:09:44.940+0700] {processor.py:914} INFO - Processing file /Users/andreasanditya/Downloads/572392_Andreas_AirflowETL/code/.venv/lib/python3.9/site-packages/airflow/example_dags/example_branch_datetime_operator.py for tasks to queue
[2026-09-18T13:09:44.941+0700] {logging_mixin.py:190} INFO - [2026-09-18T13:09:44.941+0700] {dagbag.py:588} INFO - Filling up the DagBag from /Users/andreasanditya/Downloads/572392_Andreas_AirflowETL/code/.venv/lib/python3.9/site-packages/airflow/example_dags/example_branch_datetime_operator.py
[2026-09-18T13:09:44.948+0700] {processor.py:925} INFO - DAG(s) 'example_branch_datetime_operator_3', 'example_branch_datetime_operator_2', 'example_branch_datetime_operator' retrieved from /Users/andreasanditya/Downloads/572392_Andreas_AirflowETL/code/.venv/lib/python3.9/site-packages/airflow/example_dags/example_branch_datetime_operator.py
[2026-09-18T13:09:45.036+0700] {logging_mixin.py:190} INFO - [2026-09-18T13:09:45.036+0700] {dag.py:3239} INFO - Sync 3 DAGs
[2026-09-18T13:09:45.047+0700] {logging_mixin.py:190} INFO - [2026-09-18T13:09:45.047+0700] {dag.py:4180} INFO - Setting next_dagrun for example_branch_datetime_operator to 2026-09-17 00:00:00+00:00, run_after=2026-09-18 00:00:00+00:00
[2026-09-18T13:09:45.050+0700] {logging_mixin.py:190} INFO - [2026-09-18T13:09:45.050+0700] {dag.py:4180} INFO - Setting next_dagrun for example_branch_datetime_operator_2 to 2026-09-17 00:00:00+00:00, run_after=2026-09-18 00:00:00+00:00
[2026-09-18T13:09:45.051+0700] {logging_mixin.py:190} INFO - [2026-09-18T13:09:45.051+0700] {dag.py:4180} INFO - Setting next_dagrun for example_branch_datetime_operator_3 to 2026-09-17 00:00:00+00:00, run_after=2026-09-18 00:00:00+00:00
[2026-09-18T13:09:45.060+0700] {processor.py:208} INFO - Processing /Users/andreasanditya/Downloads/572392_Andreas_AirflowETL/code/.venv/lib/python3.9/site-packages/airflow/example_dags/example_branch_datetime_operator.py took 0.123 seconds
[2026-09-18T13:12:38.405+0700] {processor.py:186} INFO - Started process (PID=85065) to work on /Users/andreasanditya/Downloads/572392_Andreas_AirflowETL/code/.venv/lib/python3.9/site-packages/airflow/example_dags/example_branch_datetime_operator.py
[2026-09-18T13:12:38.406+0700] {processor.py:914} INFO - Processing file /Users/andreasanditya/Downloads/572392_Andreas_AirflowETL/code/.venv/lib/python3.9/site-packages/airflow/example_dags/example_branch_datetime_operator.py for tasks to queue
[2026-09-18T13:12:38.407+0700] {logging_mixin.py:190} INFO - [2026-09-18T13:12:38.407+0700] {dagbag.py:588} INFO - Filling up the DagBag from /Users/andreasanditya/Downloads/572392_Andreas_AirflowETL/code/.venv/lib/python3.9/site-packages/airflow/example_dags/example_branch_datetime_operator.py
[2026-09-18T13:12:38.415+0700] {processor.py:925} INFO - DAG(s) 'example_branch_datetime_operator_2', 'example_branch_datetime_operator_3', 'example_branch_datetime_operator' retrieved from /Users/andreasanditya/Downloads/572392_Andreas_AirflowETL/code/.venv/lib/python3.9/site-packages/airflow/example_dags/example_branch_datetime_operator.py
[2026-09-18T13:12:38.503+0700] {logging_mixin.py:190} INFO - [2026-09-18T13:12:38.503+0700] {dag.py:3239} INFO - Sync 3 DAGs
[2026-09-18T13:12:38.514+0700] {logging_mixin.py:190} INFO - [2026-09-18T13:12:38.514+0700] {dag.py:4180} INFO - Setting next_dagrun for example_branch_datetime_operator to 2026-09-17 00:00:00+00:00, run_after=2026-09-18 00:00:00+00:00
[2026-09-18T13:12:38.516+0700] {logging_mixin.py:190} INFO - [2026-09-18T13:12:38.516+0700] {dag.py:4180} INFO - Setting next_dagrun for example_branch_datetime_operator_2 to 2026-09-17 00:00:00+00:00, run_after=2026-09-18 00:00:00+00:00
[2026-09-18T13:12:38.518+0700] {logging_mixin.py:190} INFO - [2026-09-18T13:12:38.518+0700] {dag.py:4180} INFO - Setting next_dagrun for example_branch_datetime_operator_3 to 2026-09-17 00:00:00+00:00, run_after=2026-09-18 00:00:00+00:00
[2026-09-18T13:12:38.527+0700] {processor.py:208} INFO - Processing /Users/andreasanditya/Downloads/572392_Andreas_AirflowETL/code/.venv/lib/python3.9/site-packages/airflow/example_dags/example_branch_datetime_operator.py took 0.123 seconds
[2026-09-18T13:15:30.442+0700] {processor.py:186} INFO - Started process (PID=86814) to work on /Users/andreasanditya/Downloads/572392_Andreas_AirflowETL/code/.venv/lib/python3.9/site-packages/airflow/example_dags/example_branch_datetime_operator.py
[2026-09-18T13:15:30.443+0700] {processor.py:914} INFO - Processing file /Users/andreasanditya/Downloads/572392_Andreas_AirflowETL/code/.venv/lib/python3.9/site-packages/airflow/example_dags/example_branch_datetime_operator.py for tasks to queue
[2026-09-18T13:15:30.444+0700] {logging_mixin.py:190} INFO - [2026-09-18T13:15:30.444+0700] {dagbag.py:588} INFO - Filling up the DagBag from /Users/andreasanditya/Downloads/572392_Andreas_AirflowETL/code/.venv/lib/python3.9/site-packages/airflow/example_dags/example_branch_datetime_operator.py
[2026-09-18T13:15:30.451+0700] {processor.py:925} INFO - DAG(s) 'example_branch_datetime_operator', 'example_branch_datetime_operator_2', 'example_branch_datetime_operator_3' retrieved from /Users/andreasanditya/Downloads/572392_Andreas_AirflowETL/code/.venv/lib/python3.9/site-packages/airflow/example_dags/example_branch_datetime_operator.py
[2026-09-18T13:15:30.539+0700] {logging_mixin.py:190} INFO - [2026-09-18T13:15:30.538+0700] {dag.py:3239} INFO - Sync 3 DAGs
[2026-09-18T13:15:30.550+0700] {logging_mixin.py:190} INFO - [2026-09-18T13:15:30.550+0700] {dag.py:4180} INFO - Setting next_dagrun for example_branch_datetime_operator to 2026-09-17 00:00:00+00:00, run_after=2026-09-18 00:00:00+00:00
[2026-09-18T13:15:30.552+0700] {logging_mixin.py:190} INFO - [2026-09-18T13:15:30.552+0700] {dag.py:4180} INFO - Setting next_dagrun for example_branch_datetime_operator_2 to 2026-09-17 00:00:00+00:00, run_after=2026-09-18 00:00:00+00:00
[2026-09-18T13:15:30.553+0700] {logging_mixin.py:190} INFO - [2026-09-18T13:15:30.553+0700] {dag.py:4180} INFO - Setting next_dagrun for example_branch_datetime_operator_3 to 2026-09-17 00:00:00+00:00, run_after=2026-09-18 00:00:00+00:00
[2026-09-18T13:15:30.563+0700] {processor.py:208} INFO - Processing /Users/andreasanditya/Downloads/572392_Andreas_AirflowETL/code/.venv/lib/python3.9/site-packages/airflow/example_dags/example_branch_datetime_operator.py took 0.123 seconds
[2026-09-18T13:18:22.665+0700] {processor.py:186} INFO - Started process (PID=88550) to work on /Users/andreasanditya/Downloads/572392_Andreas_AirflowETL/code/.venv/lib/python3.9/site-packages/airflow/example_dags/example_branch_datetime_operator.py
[2026-09-18T13:18:22.666+0700] {processor.py:914} INFO - Processing file /Users/andreasanditya/Downloads/572392_Andreas_AirflowETL/code/.venv/lib/python3.9/site-packages/airflow/example_dags/example_branch_datetime_operator.py for tasks to queue
[2026-09-18T13:18:22.667+0700] {logging_mixin.py:190} INFO - [2026-09-18T13:18:22.667+0700] {dagbag.py:588} INFO - Filling up the DagBag from /Users/andreasanditya/Downloads/572392_Andreas_AirflowETL/code/.venv/lib/python3.9/site-packages/airflow/example_dags/example_branch_datetime_operator.py
[2026-09-18T13:18:22.674+0700] {processor.py:925} INFO - DAG(s) 'example_branch_datetime_operator_2', 'example_branch_datetime_operator_3', 'example_branch_datetime_operator' retrieved from /Users/andreasanditya/Downloads/572392_Andreas_AirflowETL/code/.venv/lib/python3.9/site-packages/airflow/example_dags/example_branch_datetime_operator.py
[2026-09-18T13:18:22.761+0700] {logging_mixin.py:190} INFO - [2026-09-18T13:18:22.761+0700] {dag.py:3239} INFO - Sync 3 DAGs
[2026-09-18T13:18:22.772+0700] {logging_mixin.py:190} INFO - [2026-09-18T13:18:22.772+0700] {dag.py:4180} INFO - Setting next_dagrun for example_branch_datetime_operator to 2026-09-17 00:00:00+00:00, run_after=2026-09-18 00:00:00+00:00
[2026-09-18T13:18:22.775+0700] {logging_mixin.py:190} INFO - [2026-09-18T13:18:22.775+0700] {dag.py:4180} INFO - Setting next_dagrun for example_branch_datetime_operator_2 to 2026-09-17 00:00:00+00:00, run_after=2026-09-18 00:00:00+00:00
[2026-09-18T13:18:22.776+0700] {logging_mixin.py:190} INFO - [2026-09-18T13:18:22.776+0700] {dag.py:4180} INFO - Setting next_dagrun for example_branch_datetime_operator_3 to 2026-09-17 00:00:00+00:00, run_after=2026-09-18 00:00:00+00:00
[2026-09-18T13:18:22.785+0700] {processor.py:208} INFO - Processing /Users/andreasanditya/Downloads/572392_Andreas_AirflowETL/code/.venv/lib/python3.9/site-packages/airflow/example_dags/example_branch_datetime_operator.py took 0.122 seconds
[2026-09-18T13:21:11.857+0700] {processor.py:186} INFO - Started process (PID=90285) to work on /Users/andreasanditya/Downloads/572392_Andreas_AirflowETL/code/.venv/lib/python3.9/site-packages/airflow/example_dags/example_branch_datetime_operator.py
[2026-09-18T13:21:11.858+0700] {processor.py:914} INFO - Processing file /Users/andreasanditya/Downloads/572392_Andreas_AirflowETL/code/.venv/lib/python3.9/site-packages/airflow/example_dags/example_branch_datetime_operator.py for tasks to queue
[2026-09-18T13:21:11.859+0700] {logging_mixin.py:190} INFO - [2026-09-18T13:21:11.858+0700] {dagbag.py:588} INFO - Filling up the DagBag from /Users/andreasanditya/Downloads/572392_Andreas_AirflowETL/code/.venv/lib/python3.9/site-packages/airflow/example_dags/example_branch_datetime_operator.py
[2026-09-18T13:21:11.866+0700] {processor.py:925} INFO - DAG(s) 'example_branch_datetime_operator', 'example_branch_datetime_operator_2', 'example_branch_datetime_operator_3' retrieved from /Users/andreasanditya/Downloads/572392_Andreas_AirflowETL/code/.venv/lib/python3.9/site-packages/airflow/example_dags/example_branch_datetime_operator.py
[2026-09-18T13:21:11.954+0700] {logging_mixin.py:190} INFO - [2026-09-18T13:21:11.954+0700] {dag.py:3239} INFO - Sync 3 DAGs
[2026-09-18T13:21:11.965+0700] {logging_mixin.py:190} INFO - [2026-09-18T13:21:11.965+0700] {dag.py:4180} INFO - Setting next_dagrun for example_branch_datetime_operator to 2026-09-17 00:00:00+00:00, run_after=2026-09-18 00:00:00+00:00
[2026-09-18T13:21:11.968+0700] {logging_mixin.py:190} INFO - [2026-09-18T13:21:11.967+0700] {dag.py:4180} INFO - Setting next_dagrun for example_branch_datetime_operator_2 to 2026-09-17 00:00:00+00:00, run_after=2026-09-18 00:00:00+00:00
[2026-09-18T13:21:11.969+0700] {logging_mixin.py:190} INFO - [2026-09-18T13:21:11.969+0700] {dag.py:4180} INFO - Setting next_dagrun for example_branch_datetime_operator_3 to 2026-09-17 00:00:00+00:00, run_after=2026-09-18 00:00:00+00:00
[2026-09-18T13:21:11.977+0700] {processor.py:208} INFO - Processing /Users/andreasanditya/Downloads/572392_Andreas_AirflowETL/code/.venv/lib/python3.9/site-packages/airflow/example_dags/example_branch_datetime_operator.py took 0.122 seconds
[2026-09-18T13:23:59.135+0700] {processor.py:186} INFO - Started process (PID=91952) to work on /Users/andreasanditya/Downloads/572392_Andreas_AirflowETL/code/.venv/lib/python3.9/site-packages/airflow/example_dags/example_branch_datetime_operator.py
[2026-09-18T13:23:59.137+0700] {processor.py:914} INFO - Processing file /Users/andreasanditya/Downloads/572392_Andreas_AirflowETL/code/.venv/lib/python3.9/site-packages/airflow/example_dags/example_branch_datetime_operator.py for tasks to queue
[2026-09-18T13:23:59.137+0700] {logging_mixin.py:190} INFO - [2026-09-18T13:23:59.137+0700] {dagbag.py:588} INFO - Filling up the DagBag from /Users/andreasanditya/Downloads/572392_Andreas_AirflowETL/code/.venv/lib/python3.9/site-packages/airflow/example_dags/example_branch_datetime_operator.py
[2026-09-18T13:23:59.144+0700] {processor.py:925} INFO - DAG(s) 'example_branch_datetime_operator_2', 'example_branch_datetime_operator_3', 'example_branch_datetime_operator' retrieved from /Users/andreasanditya/Downloads/572392_Andreas_AirflowETL/code/.venv/lib/python3.9/site-packages/airflow/example_dags/example_branch_datetime_operator.py
[2026-09-18T13:23:59.233+0700] {logging_mixin.py:190} INFO - [2026-09-18T13:23:59.233+0700] {dag.py:3239} INFO - Sync 3 DAGs
[2026-09-18T13:23:59.244+0700] {logging_mixin.py:190} INFO - [2026-09-18T13:23:59.244+0700] {dag.py:4180} INFO - Setting next_dagrun for example_branch_datetime_operator to 2026-09-17 00:00:00+00:00, run_after=2026-09-18 00:00:00+00:00
[2026-09-18T13:23:59.247+0700] {logging_mixin.py:190} INFO - [2026-09-18T13:23:59.247+0700] {dag.py:4180} INFO - Setting next_dagrun for example_branch_datetime_operator_2 to 2026-09-17 00:00:00+00:00, run_after=2026-09-18 00:00:00+00:00
[2026-09-18T13:23:59.248+0700] {logging_mixin.py:190} INFO - [2026-09-18T13:23:59.248+0700] {dag.py:4180} INFO - Setting next_dagrun for example_branch_datetime_operator_3 to 2026-09-17 00:00:00+00:00, run_after=2026-09-18 00:00:00+00:00
[2026-09-18T13:23:59.256+0700] {processor.py:208} INFO - Processing /Users/andreasanditya/Downloads/572392_Andreas_AirflowETL/code/.venv/lib/python3.9/site-packages/airflow/example_dags/example_branch_datetime_operator.py took 0.123 seconds
[2026-09-18T13:26:50.515+0700] {processor.py:186} INFO - Started process (PID=93912) to work on /Users/andreasanditya/Downloads/572392_Andreas_AirflowETL/code/.venv/lib/python3.9/site-packages/airflow/example_dags/example_branch_datetime_operator.py
[2026-09-18T13:26:50.517+0700] {processor.py:914} INFO - Processing file /Users/andreasanditya/Downloads/572392_Andreas_AirflowETL/code/.venv/lib/python3.9/site-packages/airflow/example_dags/example_branch_datetime_operator.py for tasks to queue
[2026-09-18T13:26:50.518+0700] {logging_mixin.py:190} INFO - [2026-09-18T13:26:50.518+0700] {dagbag.py:588} INFO - Filling up the DagBag from /Users/andreasanditya/Downloads/572392_Andreas_AirflowETL/code/.venv/lib/python3.9/site-packages/airflow/example_dags/example_branch_datetime_operator.py
[2026-09-18T13:26:50.528+0700] {processor.py:925} INFO - DAG(s) 'example_branch_datetime_operator', 'example_branch_datetime_operator_3', 'example_branch_datetime_operator_2' retrieved from /Users/andreasanditya/Downloads/572392_Andreas_AirflowETL/code/.venv/lib/python3.9/site-packages/airflow/example_dags/example_branch_datetime_operator.py
[2026-09-18T13:26:50.645+0700] {logging_mixin.py:190} INFO - [2026-09-18T13:26:50.645+0700] {dag.py:3239} INFO - Sync 3 DAGs
[2026-09-18T13:26:50.660+0700] {logging_mixin.py:190} INFO - [2026-09-18T13:26:50.660+0700] {dag.py:4180} INFO - Setting next_dagrun for example_branch_datetime_operator to 2026-09-17 00:00:00+00:00, run_after=2026-09-18 00:00:00+00:00
[2026-09-18T13:26:50.663+0700] {logging_mixin.py:190} INFO - [2026-09-18T13:26:50.663+0700] {dag.py:4180} INFO - Setting next_dagrun for example_branch_datetime_operator_2 to 2026-09-17 00:00:00+00:00, run_after=2026-09-18 00:00:00+00:00
[2026-09-18T13:26:50.664+0700] {logging_mixin.py:190} INFO - [2026-09-18T13:26:50.664+0700] {dag.py:4180} INFO - Setting next_dagrun for example_branch_datetime_operator_3 to 2026-09-17 00:00:00+00:00, run_after=2026-09-18 00:00:00+00:00
[2026-09-18T13:26:50.677+0700] {processor.py:208} INFO - Processing /Users/andreasanditya/Downloads/572392_Andreas_AirflowETL/code/.venv/lib/python3.9/site-packages/airflow/example_dags/example_branch_datetime_operator.py took 0.166 seconds
[2026-09-18T13:29:52.799+0700] {processor.py:186} INFO - Started process (PID=95947) to work on /Users/andreasanditya/Downloads/572392_Andreas_AirflowETL/code/.venv/lib/python3.9/site-packages/airflow/example_dags/example_branch_datetime_operator.py
[2026-09-18T13:29:52.800+0700] {processor.py:914} INFO - Processing file /Users/andreasanditya/Downloads/572392_Andreas_AirflowETL/code/.venv/lib/python3.9/site-packages/airflow/example_dags/example_branch_datetime_operator.py for tasks to queue
[2026-09-18T13:29:52.801+0700] {logging_mixin.py:190} INFO - [2026-09-18T13:29:52.800+0700] {dagbag.py:588} INFO - Filling up the DagBag from /Users/andreasanditya/Downloads/572392_Andreas_AirflowETL/code/.venv/lib/python3.9/site-packages/airflow/example_dags/example_branch_datetime_operator.py
[2026-09-18T13:29:52.809+0700] {processor.py:925} INFO - DAG(s) 'example_branch_datetime_operator_3', 'example_branch_datetime_operator', 'example_branch_datetime_operator_2' retrieved from /Users/andreasanditya/Downloads/572392_Andreas_AirflowETL/code/.venv/lib/python3.9/site-packages/airflow/example_dags/example_branch_datetime_operator.py
[2026-09-18T13:29:52.903+0700] {logging_mixin.py:190} INFO - [2026-09-18T13:29:52.903+0700] {dag.py:3239} INFO - Sync 3 DAGs
[2026-09-18T13:29:52.915+0700] {logging_mixin.py:190} INFO - [2026-09-18T13:29:52.915+0700] {dag.py:4180} INFO - Setting next_dagrun for example_branch_datetime_operator to 2026-09-17 00:00:00+00:00, run_after=2026-09-18 00:00:00+00:00
[2026-09-18T13:29:52.918+0700] {logging_mixin.py:190} INFO - [2026-09-18T13:29:52.918+0700] {dag.py:4180} INFO - Setting next_dagrun for example_branch_datetime_operator_2 to 2026-09-17 00:00:00+00:00, run_after=2026-09-18 00:00:00+00:00
[2026-09-18T13:29:52.919+0700] {logging_mixin.py:190} INFO - [2026-09-18T13:29:52.919+0700] {dag.py:4180} INFO - Setting next_dagrun for example_branch_datetime_operator_3 to 2026-09-17 00:00:00+00:00, run_after=2026-09-18 00:00:00+00:00
[2026-09-18T13:29:52.928+0700] {processor.py:208} INFO - Processing /Users/andreasanditya/Downloads/572392_Andreas_AirflowETL/code/.venv/lib/python3.9/site-packages/airflow/example_dags/example_branch_datetime_operator.py took 0.132 seconds
[2026-09-18T13:32:50.878+0700] {processor.py:186} INFO - Started process (PID=97906) to work on /Users/andreasanditya/Downloads/572392_Andreas_AirflowETL/code/.venv/lib/python3.9/site-packages/airflow/example_dags/example_branch_datetime_operator.py
[2026-09-18T13:32:50.879+0700] {processor.py:914} INFO - Processing file /Users/andreasanditya/Downloads/572392_Andreas_AirflowETL/code/.venv/lib/python3.9/site-packages/airflow/example_dags/example_branch_datetime_operator.py for tasks to queue
[2026-09-18T13:32:50.880+0700] {logging_mixin.py:190} INFO - [2026-09-18T13:32:50.879+0700] {dagbag.py:588} INFO - Filling up the DagBag from /Users/andreasanditya/Downloads/572392_Andreas_AirflowETL/code/.venv/lib/python3.9/site-packages/airflow/example_dags/example_branch_datetime_operator.py
[2026-09-18T13:32:50.888+0700] {processor.py:925} INFO - DAG(s) 'example_branch_datetime_operator_2', 'example_branch_datetime_operator', 'example_branch_datetime_operator_3' retrieved from /Users/andreasanditya/Downloads/572392_Andreas_AirflowETL/code/.venv/lib/python3.9/site-packages/airflow/example_dags/example_branch_datetime_operator.py
[2026-09-18T13:32:50.977+0700] {logging_mixin.py:190} INFO - [2026-09-18T13:32:50.976+0700] {dag.py:3239} INFO - Sync 3 DAGs
[2026-09-18T13:32:50.988+0700] {logging_mixin.py:190} INFO - [2026-09-18T13:32:50.988+0700] {dag.py:4180} INFO - Setting next_dagrun for example_branch_datetime_operator to 2026-09-17 00:00:00+00:00, run_after=2026-09-18 00:00:00+00:00
[2026-09-18T13:32:50.990+0700] {logging_mixin.py:190} INFO - [2026-09-18T13:32:50.990+0700] {dag.py:4180} INFO - Setting next_dagrun for example_branch_datetime_operator_2 to 2026-09-17 00:00:00+00:00, run_after=2026-09-18 00:00:00+00:00
[2026-09-18T13:32:50.991+0700] {logging_mixin.py:190} INFO - [2026-09-18T13:32:50.991+0700] {dag.py:4180} INFO - Setting next_dagrun for example_branch_datetime_operator_3 to 2026-09-17 00:00:00+00:00, run_after=2026-09-18 00:00:00+00:00
[2026-09-18T13:32:51.000+0700] {processor.py:208} INFO - Processing /Users/andreasanditya/Downloads/572392_Andreas_AirflowETL/code/.venv/lib/python3.9/site-packages/airflow/example_dags/example_branch_datetime_operator.py took 0.124 seconds
[2026-09-18T13:35:45.982+0700] {processor.py:186} INFO - Started process (PID=99686) to work on /Users/andreasanditya/Downloads/572392_Andreas_AirflowETL/code/.venv/lib/python3.9/site-packages/airflow/example_dags/example_branch_datetime_operator.py
[2026-09-18T13:35:45.983+0700] {processor.py:914} INFO - Processing file /Users/andreasanditya/Downloads/572392_Andreas_AirflowETL/code/.venv/lib/python3.9/site-packages/airflow/example_dags/example_branch_datetime_operator.py for tasks to queue
[2026-09-18T13:35:45.983+0700] {logging_mixin.py:190} INFO - [2026-09-18T13:35:45.983+0700] {dagbag.py:588} INFO - Filling up the DagBag from /Users/andreasanditya/Downloads/572392_Andreas_AirflowETL/code/.venv/lib/python3.9/site-packages/airflow/example_dags/example_branch_datetime_operator.py
[2026-09-18T13:35:45.991+0700] {processor.py:925} INFO - DAG(s) 'example_branch_datetime_operator_2', 'example_branch_datetime_operator_3', 'example_branch_datetime_operator' retrieved from /Users/andreasanditya/Downloads/572392_Andreas_AirflowETL/code/.venv/lib/python3.9/site-packages/airflow/example_dags/example_branch_datetime_operator.py
[2026-09-18T13:35:46.084+0700] {logging_mixin.py:190} INFO - [2026-09-18T13:35:46.084+0700] {dag.py:3239} INFO - Sync 3 DAGs
[2026-09-18T13:35:46.095+0700] {logging_mixin.py:190} INFO - [2026-09-18T13:35:46.095+0700] {dag.py:4180} INFO - Setting next_dagrun for example_branch_datetime_operator to 2026-09-17 00:00:00+00:00, run_after=2026-09-18 00:00:00+00:00
[2026-09-18T13:35:46.097+0700] {logging_mixin.py:190} INFO - [2026-09-18T13:35:46.097+0700] {dag.py:4180} INFO - Setting next_dagrun for example_branch_datetime_operator_2 to 2026-09-17 00:00:00+00:00, run_after=2026-09-18 00:00:00+00:00
[2026-09-18T13:35:46.099+0700] {logging_mixin.py:190} INFO - [2026-09-18T13:35:46.099+0700] {dag.py:4180} INFO - Setting next_dagrun for example_branch_datetime_operator_3 to 2026-09-17 00:00:00+00:00, run_after=2026-09-18 00:00:00+00:00
[2026-09-18T13:35:46.107+0700] {processor.py:208} INFO - Processing /Users/andreasanditya/Downloads/572392_Andreas_AirflowETL/code/.venv/lib/python3.9/site-packages/airflow/example_dags/example_branch_datetime_operator.py took 0.128 seconds
[2026-09-18T13:38:38.601+0700] {processor.py:186} INFO - Started process (PID=1731) to work on /Users/andreasanditya/Downloads/572392_Andreas_AirflowETL/code/.venv/lib/python3.9/site-packages/airflow/example_dags/example_branch_datetime_operator.py
[2026-09-18T13:38:38.602+0700] {processor.py:914} INFO - Processing file /Users/andreasanditya/Downloads/572392_Andreas_AirflowETL/code/.venv/lib/python3.9/site-packages/airflow/example_dags/example_branch_datetime_operator.py for tasks to queue
[2026-09-18T13:38:38.603+0700] {logging_mixin.py:190} INFO - [2026-09-18T13:38:38.602+0700] {dagbag.py:588} INFO - Filling up the DagBag from /Users/andreasanditya/Downloads/572392_Andreas_AirflowETL/code/.venv/lib/python3.9/site-packages/airflow/example_dags/example_branch_datetime_operator.py
[2026-09-18T13:38:38.610+0700] {processor.py:925} INFO - DAG(s) 'example_branch_datetime_operator_3', 'example_branch_datetime_operator_2', 'example_branch_datetime_operator' retrieved from /Users/andreasanditya/Downloads/572392_Andreas_AirflowETL/code/.venv/lib/python3.9/site-packages/airflow/example_dags/example_branch_datetime_operator.py
[2026-09-18T13:38:38.698+0700] {logging_mixin.py:190} INFO - [2026-09-18T13:38:38.698+0700] {dag.py:3239} INFO - Sync 3 DAGs
[2026-09-18T13:38:38.710+0700] {logging_mixin.py:190} INFO - [2026-09-18T13:38:38.710+0700] {dag.py:4180} INFO - Setting next_dagrun for example_branch_datetime_operator to 2026-09-17 00:00:00+00:00, run_after=2026-09-18 00:00:00+00:00
[2026-09-18T13:38:38.712+0700] {logging_mixin.py:190} INFO - [2026-09-18T13:38:38.712+0700] {dag.py:4180} INFO - Setting next_dagrun for example_branch_datetime_operator_2 to 2026-09-17 00:00:00+00:00, run_after=2026-09-18 00:00:00+00:00
[2026-09-18T13:38:38.713+0700] {logging_mixin.py:190} INFO - [2026-09-18T13:38:38.713+0700] {dag.py:4180} INFO - Setting next_dagrun for example_branch_datetime_operator_3 to 2026-09-17 00:00:00+00:00, run_after=2026-09-18 00:00:00+00:00
[2026-09-18T13:38:38.723+0700] {processor.py:208} INFO - Processing /Users/andreasanditya/Downloads/572392_Andreas_AirflowETL/code/.venv/lib/python3.9/site-packages/airflow/example_dags/example_branch_datetime_operator.py took 0.124 seconds
[2026-09-18T13:41:33.713+0700] {processor.py:186} INFO - Started process (PID=4418) to work on /Users/andreasanditya/Downloads/572392_Andreas_AirflowETL/code/.venv/lib/python3.9/site-packages/airflow/example_dags/example_branch_datetime_operator.py
[2026-09-18T13:41:33.714+0700] {processor.py:914} INFO - Processing file /Users/andreasanditya/Downloads/572392_Andreas_AirflowETL/code/.venv/lib/python3.9/site-packages/airflow/example_dags/example_branch_datetime_operator.py for tasks to queue
[2026-09-18T13:41:33.715+0700] {logging_mixin.py:190} INFO - [2026-09-18T13:41:33.714+0700] {dagbag.py:588} INFO - Filling up the DagBag from /Users/andreasanditya/Downloads/572392_Andreas_AirflowETL/code/.venv/lib/python3.9/site-packages/airflow/example_dags/example_branch_datetime_operator.py
[2026-09-18T13:41:33.723+0700] {processor.py:925} INFO - DAG(s) 'example_branch_datetime_operator', 'example_branch_datetime_operator_2', 'example_branch_datetime_operator_3' retrieved from /Users/andreasanditya/Downloads/572392_Andreas_AirflowETL/code/.venv/lib/python3.9/site-packages/airflow/example_dags/example_branch_datetime_operator.py
[2026-09-18T13:41:33.816+0700] {logging_mixin.py:190} INFO - [2026-09-18T13:41:33.816+0700] {dag.py:3239} INFO - Sync 3 DAGs
[2026-09-18T13:41:33.827+0700] {logging_mixin.py:190} INFO - [2026-09-18T13:41:33.827+0700] {dag.py:4180} INFO - Setting next_dagrun for example_branch_datetime_operator to 2026-09-17 00:00:00+00:00, run_after=2026-09-18 00:00:00+00:00
[2026-09-18T13:41:33.830+0700] {logging_mixin.py:190} INFO - [2026-09-18T13:41:33.830+0700] {dag.py:4180} INFO - Setting next_dagrun for example_branch_datetime_operator_2 to 2026-09-17 00:00:00+00:00, run_after=2026-09-18 00:00:00+00:00
[2026-09-18T13:41:33.831+0700] {logging_mixin.py:190} INFO - [2026-09-18T13:41:33.831+0700] {dag.py:4180} INFO - Setting next_dagrun for example_branch_datetime_operator_3 to 2026-09-17 00:00:00+00:00, run_after=2026-09-18 00:00:00+00:00
[2026-09-18T13:41:33.840+0700] {processor.py:208} INFO - Processing /Users/andreasanditya/Downloads/572392_Andreas_AirflowETL/code/.venv/lib/python3.9/site-packages/airflow/example_dags/example_branch_datetime_operator.py took 0.130 seconds
[2026-09-18T13:44:29.735+0700] {processor.py:186} INFO - Started process (PID=6264) to work on /Users/andreasanditya/Downloads/572392_Andreas_AirflowETL/code/.venv/lib/python3.9/site-packages/airflow/example_dags/example_branch_datetime_operator.py
[2026-09-18T13:44:29.737+0700] {processor.py:914} INFO - Processing file /Users/andreasanditya/Downloads/572392_Andreas_AirflowETL/code/.venv/lib/python3.9/site-packages/airflow/example_dags/example_branch_datetime_operator.py for tasks to queue
[2026-09-18T13:44:29.738+0700] {logging_mixin.py:190} INFO - [2026-09-18T13:44:29.737+0700] {dagbag.py:588} INFO - Filling up the DagBag from /Users/andreasanditya/Downloads/572392_Andreas_AirflowETL/code/.venv/lib/python3.9/site-packages/airflow/example_dags/example_branch_datetime_operator.py
[2026-09-18T13:44:29.745+0700] {processor.py:925} INFO - DAG(s) 'example_branch_datetime_operator_2', 'example_branch_datetime_operator', 'example_branch_datetime_operator_3' retrieved from /Users/andreasanditya/Downloads/572392_Andreas_AirflowETL/code/.venv/lib/python3.9/site-packages/airflow/example_dags/example_branch_datetime_operator.py
[2026-09-18T13:44:29.836+0700] {logging_mixin.py:190} INFO - [2026-09-18T13:44:29.836+0700] {dag.py:3239} INFO - Sync 3 DAGs
[2026-09-18T13:44:29.847+0700] {logging_mixin.py:190} INFO - [2026-09-18T13:44:29.847+0700] {dag.py:4180} INFO - Setting next_dagrun for example_branch_datetime_operator to 2026-09-17 00:00:00+00:00, run_after=2026-09-18 00:00:00+00:00
[2026-09-18T13:44:29.849+0700] {logging_mixin.py:190} INFO - [2026-09-18T13:44:29.849+0700] {dag.py:4180} INFO - Setting next_dagrun for example_branch_datetime_operator_2 to 2026-09-17 00:00:00+00:00, run_after=2026-09-18 00:00:00+00:00
[2026-09-18T13:44:29.851+0700] {logging_mixin.py:190} INFO - [2026-09-18T13:44:29.851+0700] {dag.py:4180} INFO - Setting next_dagrun for example_branch_datetime_operator_3 to 2026-09-17 00:00:00+00:00, run_after=2026-09-18 00:00:00+00:00
[2026-09-18T13:44:29.860+0700] {processor.py:208} INFO - Processing /Users/andreasanditya/Downloads/572392_Andreas_AirflowETL/code/.venv/lib/python3.9/site-packages/airflow/example_dags/example_branch_datetime_operator.py took 0.127 seconds
[2026-09-18T13:47:28.915+0700] {processor.py:186} INFO - Started process (PID=8055) to work on /Users/andreasanditya/Downloads/572392_Andreas_AirflowETL/code/.venv/lib/python3.9/site-packages/airflow/example_dags/example_branch_datetime_operator.py
[2026-09-18T13:47:28.916+0700] {processor.py:914} INFO - Processing file /Users/andreasanditya/Downloads/572392_Andreas_AirflowETL/code/.venv/lib/python3.9/site-packages/airflow/example_dags/example_branch_datetime_operator.py for tasks to queue
[2026-09-18T13:47:28.917+0700] {logging_mixin.py:190} INFO - [2026-09-18T13:47:28.917+0700] {dagbag.py:588} INFO - Filling up the DagBag from /Users/andreasanditya/Downloads/572392_Andreas_AirflowETL/code/.venv/lib/python3.9/site-packages/airflow/example_dags/example_branch_datetime_operator.py
[2026-09-18T13:47:28.925+0700] {processor.py:925} INFO - DAG(s) 'example_branch_datetime_operator', 'example_branch_datetime_operator_2', 'example_branch_datetime_operator_3' retrieved from /Users/andreasanditya/Downloads/572392_Andreas_AirflowETL/code/.venv/lib/python3.9/site-packages/airflow/example_dags/example_branch_datetime_operator.py
[2026-09-18T13:47:29.013+0700] {logging_mixin.py:190} INFO - [2026-09-18T13:47:29.013+0700] {dag.py:3239} INFO - Sync 3 DAGs
[2026-09-18T13:47:29.025+0700] {logging_mixin.py:190} INFO - [2026-09-18T13:47:29.025+0700] {dag.py:4180} INFO - Setting next_dagrun for example_branch_datetime_operator to 2026-09-17 00:00:00+00:00, run_after=2026-09-18 00:00:00+00:00
[2026-09-18T13:47:29.027+0700] {logging_mixin.py:190} INFO - [2026-09-18T13:47:29.027+0700] {dag.py:4180} INFO - Setting next_dagrun for example_branch_datetime_operator_2 to 2026-09-17 00:00:00+00:00, run_after=2026-09-18 00:00:00+00:00
[2026-09-18T13:47:29.028+0700] {logging_mixin.py:190} INFO - [2026-09-18T13:47:29.028+0700] {dag.py:4180} INFO - Setting next_dagrun for example_branch_datetime_operator_3 to 2026-09-17 00:00:00+00:00, run_after=2026-09-18 00:00:00+00:00
[2026-09-18T13:47:29.037+0700] {processor.py:208} INFO - Processing /Users/andreasanditya/Downloads/572392_Andreas_AirflowETL/code/.venv/lib/python3.9/site-packages/airflow/example_dags/example_branch_datetime_operator.py took 0.124 seconds
[2026-09-18T13:50:24.856+0700] {processor.py:186} INFO - Started process (PID=10225) to work on /Users/andreasanditya/Downloads/572392_Andreas_AirflowETL/code/.venv/lib/python3.9/site-packages/airflow/example_dags/example_branch_datetime_operator.py
[2026-09-18T13:50:24.857+0700] {processor.py:914} INFO - Processing file /Users/andreasanditya/Downloads/572392_Andreas_AirflowETL/code/.venv/lib/python3.9/site-packages/airflow/example_dags/example_branch_datetime_operator.py for tasks to queue
[2026-09-18T13:50:24.858+0700] {logging_mixin.py:190} INFO - [2026-09-18T13:50:24.858+0700] {dagbag.py:588} INFO - Filling up the DagBag from /Users/andreasanditya/Downloads/572392_Andreas_AirflowETL/code/.venv/lib/python3.9/site-packages/airflow/example_dags/example_branch_datetime_operator.py
[2026-09-18T13:50:24.865+0700] {processor.py:925} INFO - DAG(s) 'example_branch_datetime_operator_3', 'example_branch_datetime_operator', 'example_branch_datetime_operator_2' retrieved from /Users/andreasanditya/Downloads/572392_Andreas_AirflowETL/code/.venv/lib/python3.9/site-packages/airflow/example_dags/example_branch_datetime_operator.py
[2026-09-18T13:50:24.957+0700] {logging_mixin.py:190} INFO - [2026-09-18T13:50:24.957+0700] {dag.py:3239} INFO - Sync 3 DAGs
[2026-09-18T13:50:24.968+0700] {logging_mixin.py:190} INFO - [2026-09-18T13:50:24.968+0700] {dag.py:4180} INFO - Setting next_dagrun for example_branch_datetime_operator to 2026-09-17 00:00:00+00:00, run_after=2026-09-18 00:00:00+00:00
[2026-09-18T13:50:24.971+0700] {logging_mixin.py:190} INFO - [2026-09-18T13:50:24.971+0700] {dag.py:4180} INFO - Setting next_dagrun for example_branch_datetime_operator_2 to 2026-09-17 00:00:00+00:00, run_after=2026-09-18 00:00:00+00:00
[2026-09-18T13:50:24.972+0700] {logging_mixin.py:190} INFO - [2026-09-18T13:50:24.972+0700] {dag.py:4180} INFO - Setting next_dagrun for example_branch_datetime_operator_3 to 2026-09-17 00:00:00+00:00, run_after=2026-09-18 00:00:00+00:00
[2026-09-18T13:50:24.981+0700] {processor.py:208} INFO - Processing /Users/andreasanditya/Downloads/572392_Andreas_AirflowETL/code/.venv/lib/python3.9/site-packages/airflow/example_dags/example_branch_datetime_operator.py took 0.127 seconds
[2026-09-18T13:53:20.373+0700] {processor.py:186} INFO - Started process (PID=12244) to work on /Users/andreasanditya/Downloads/572392_Andreas_AirflowETL/code/.venv/lib/python3.9/site-packages/airflow/example_dags/example_branch_datetime_operator.py
[2026-09-18T13:53:20.374+0700] {processor.py:914} INFO - Processing file /Users/andreasanditya/Downloads/572392_Andreas_AirflowETL/code/.venv/lib/python3.9/site-packages/airflow/example_dags/example_branch_datetime_operator.py for tasks to queue
[2026-09-18T13:53:20.375+0700] {logging_mixin.py:190} INFO - [2026-09-18T13:53:20.375+0700] {dagbag.py:588} INFO - Filling up the DagBag from /Users/andreasanditya/Downloads/572392_Andreas_AirflowETL/code/.venv/lib/python3.9/site-packages/airflow/example_dags/example_branch_datetime_operator.py
[2026-09-18T13:53:20.383+0700] {processor.py:925} INFO - DAG(s) 'example_branch_datetime_operator_3', 'example_branch_datetime_operator_2', 'example_branch_datetime_operator' retrieved from /Users/andreasanditya/Downloads/572392_Andreas_AirflowETL/code/.venv/lib/python3.9/site-packages/airflow/example_dags/example_branch_datetime_operator.py
[2026-09-18T13:53:20.475+0700] {logging_mixin.py:190} INFO - [2026-09-18T13:53:20.475+0700] {dag.py:3239} INFO - Sync 3 DAGs
[2026-09-18T13:53:20.486+0700] {logging_mixin.py:190} INFO - [2026-09-18T13:53:20.486+0700] {dag.py:4180} INFO - Setting next_dagrun for example_branch_datetime_operator to 2026-09-17 00:00:00+00:00, run_after=2026-09-18 00:00:00+00:00
[2026-09-18T13:53:20.488+0700] {logging_mixin.py:190} INFO - [2026-09-18T13:53:20.488+0700] {dag.py:4180} INFO - Setting next_dagrun for example_branch_datetime_operator_2 to 2026-09-17 00:00:00+00:00, run_after=2026-09-18 00:00:00+00:00
[2026-09-18T13:53:20.490+0700] {logging_mixin.py:190} INFO - [2026-09-18T13:53:20.490+0700] {dag.py:4180} INFO - Setting next_dagrun for example_branch_datetime_operator_3 to 2026-09-17 00:00:00+00:00, run_after=2026-09-18 00:00:00+00:00
[2026-09-18T13:53:20.498+0700] {processor.py:208} INFO - Processing /Users/andreasanditya/Downloads/572392_Andreas_AirflowETL/code/.venv/lib/python3.9/site-packages/airflow/example_dags/example_branch_datetime_operator.py took 0.127 seconds
