[2026-09-18T11:17:11.786+0700] {processor.py:186} INFO - Started process (PID=10480) to work on /Users/andreasanditya/Downloads/572392_Andreas_AirflowETL/code/.venv/lib/python3.9/site-packages/airflow/example_dags/example_subdag_operator.py
[2026-09-18T11:17:11.786+0700] {processor.py:914} INFO - Processing file /Users/andreasanditya/Downloads/572392_Andreas_AirflowETL/code/.venv/lib/python3.9/site-packages/airflow/example_dags/example_subdag_operator.py for tasks to queue
[2026-09-18T11:17:11.787+0700] {logging_mixin.py:190} INFO - [2026-09-18T11:17:11.787+0700] {dagbag.py:588} INFO - Filling up the DagBag from /Users/andreasanditya/Downloads/572392_Andreas_AirflowETL/code/.venv/lib/python3.9/site-packages/airflow/example_dags/example_subdag_operator.py
[2026-09-18T11:17:11.886+0700] {processor.py:925} INFO - DAG(s) 'example_subdag_operator.section-1', 'example_subdag_operator.section-2', 'example_subdag_operator' retrieved from /Users/andreasanditya/Downloads/572392_Andreas_AirflowETL/code/.venv/lib/python3.9/site-packages/airflow/example_dags/example_subdag_operator.py
[2026-09-18T11:17:12.217+0700] {logging_mixin.py:190} INFO - [2026-09-18T11:17:12.217+0700] {override.py:1912} INFO - Created Permission View: can read on DAG:example_subdag_operator
[2026-09-18T11:17:12.222+0700] {logging_mixin.py:190} INFO - [2026-09-18T11:17:12.222+0700] {override.py:1912} INFO - Created Permission View: can delete on DAG:example_subdag_operator
[2026-09-18T11:17:12.225+0700] {logging_mixin.py:190} INFO - [2026-09-18T11:17:12.224+0700] {override.py:1912} INFO - Created Permission View: can edit on DAG:example_subdag_operator
[2026-09-18T11:17:12.229+0700] {logging_mixin.py:190} INFO - [2026-09-18T11:17:12.228+0700] {override.py:1912} INFO - Created Permission View: can read on DAG Run:example_subdag_operator
[2026-09-18T11:17:12.232+0700] {logging_mixin.py:190} INFO - [2026-09-18T11:17:12.232+0700] {override.py:1912} INFO - Created Permission View: menu access on DAG Run:example_subdag_operator
[2026-09-18T11:17:12.235+0700] {logging_mixin.py:190} INFO - [2026-09-18T11:17:12.235+0700] {override.py:1912} INFO - Created Permission View: can create on DAG Run:example_subdag_operator
[2026-09-18T11:17:12.238+0700] {logging_mixin.py:190} INFO - [2026-09-18T11:17:12.238+0700] {override.py:1912} INFO - Created Permission View: can delete on DAG Run:example_subdag_operator
[2026-09-18T11:17:12.238+0700] {logging_mixin.py:190} INFO - [2026-09-18T11:17:12.238+0700] {dag.py:3239} INFO - Sync 3 DAGs
[2026-09-18T11:17:12.245+0700] {logging_mixin.py:190} INFO - [2026-09-18T11:17:12.244+0700] {dag.py:3262} INFO - Creating ORM DAG for example_subdag_operator.section-2
[2026-09-18T11:17:12.245+0700] {logging_mixin.py:190} INFO - [2026-09-18T11:17:12.245+0700] {dag.py:3262} INFO - Creating ORM DAG for example_subdag_operator
[2026-09-18T11:17:12.245+0700] {logging_mixin.py:190} INFO - [2026-09-18T11:17:12.245+0700] {dag.py:3262} INFO - Creating ORM DAG for example_subdag_operator.section-1
[2026-09-18T11:17:12.250+0700] {logging_mixin.py:190} INFO - [2026-09-18T11:17:12.250+0700] {dag.py:4180} INFO - Setting next_dagrun for example_subdag_operator to 2022-01-01 00:00:00+00:00, run_after=2022-01-01 00:00:00+00:00
[2026-09-18T11:17:12.250+0700] {logging_mixin.py:190} INFO - [2026-09-18T11:17:12.250+0700] {dag.py:4180} INFO - Setting next_dagrun for example_subdag_operator.section-1 to None, run_after=None
[2026-09-18T11:17:12.250+0700] {logging_mixin.py:190} INFO - [2026-09-18T11:17:12.250+0700] {dag.py:4180} INFO - Setting next_dagrun for example_subdag_operator.section-2 to None, run_after=None
[2026-09-18T11:17:12.254+0700] {logging_mixin.py:190} INFO - [2026-09-18T11:17:12.254+0700] {dag.py:3239} INFO - Sync 2 DAGs
[2026-09-18T11:17:12.256+0700] {logging_mixin.py:190} INFO - [2026-09-18T11:17:12.256+0700] {dag.py:4180} INFO - Setting next_dagrun for example_subdag_operator.section-1 to None, run_after=None
[2026-09-18T11:17:12.257+0700] {logging_mixin.py:190} INFO - [2026-09-18T11:17:12.257+0700] {dag.py:4180} INFO - Setting next_dagrun for example_subdag_operator.section-2 to None, run_after=None
[2026-09-18T11:17:12.265+0700] {processor.py:208} INFO - Processing /Users/andreasanditya/Downloads/572392_Andreas_AirflowETL/code/.venv/lib/python3.9/site-packages/airflow/example_dags/example_subdag_operator.py took 0.481 seconds
[2026-09-18T11:19:28.797+0700] {processor.py:186} INFO - Started process (PID=11969) to work on /Users/andreasanditya/Downloads/572392_Andreas_AirflowETL/code/.venv/lib/python3.9/site-packages/airflow/example_dags/example_subdag_operator.py
[2026-09-18T11:19:28.798+0700] {processor.py:914} INFO - Processing file /Users/andreasanditya/Downloads/572392_Andreas_AirflowETL/code/.venv/lib/python3.9/site-packages/airflow/example_dags/example_subdag_operator.py for tasks to queue
[2026-09-18T11:19:28.798+0700] {logging_mixin.py:190} INFO - [2026-09-18T11:19:28.798+0700] {dagbag.py:588} INFO - Filling up the DagBag from /Users/andreasanditya/Downloads/572392_Andreas_AirflowETL/code/.venv/lib/python3.9/site-packages/airflow/example_dags/example_subdag_operator.py
[2026-09-18T11:19:28.889+0700] {processor.py:925} INFO - DAG(s) 'example_subdag_operator.section-1', 'example_subdag_operator.section-2', 'example_subdag_operator' retrieved from /Users/andreasanditya/Downloads/572392_Andreas_AirflowETL/code/.venv/lib/python3.9/site-packages/airflow/example_dags/example_subdag_operator.py
[2026-09-18T11:19:29.108+0700] {logging_mixin.py:190} INFO - [2026-09-18T11:19:29.108+0700] {dag.py:3239} INFO - Sync 3 DAGs
[2026-09-18T11:19:29.152+0700] {logging_mixin.py:190} INFO - [2026-09-18T11:19:29.152+0700] {dag.py:4180} INFO - Setting next_dagrun for example_subdag_operator to 2022-01-01 00:00:00+00:00, run_after=2022-01-01 00:00:00+00:00
[2026-09-18T11:19:29.154+0700] {logging_mixin.py:190} INFO - [2026-09-18T11:19:29.154+0700] {dag.py:4180} INFO - Setting next_dagrun for example_subdag_operator.section-1 to None, run_after=None
[2026-09-18T11:19:29.155+0700] {logging_mixin.py:190} INFO - [2026-09-18T11:19:29.155+0700] {dag.py:4180} INFO - Setting next_dagrun for example_subdag_operator.section-2 to None, run_after=None
[2026-09-18T11:19:29.159+0700] {logging_mixin.py:190} INFO - [2026-09-18T11:19:29.158+0700] {dag.py:3239} INFO - Sync 2 DAGs
[2026-09-18T11:19:29.161+0700] {logging_mixin.py:190} INFO - [2026-09-18T11:19:29.161+0700] {dag.py:4180} INFO - Setting next_dagrun for example_subdag_operator.section-1 to None, run_after=None
[2026-09-18T11:19:29.161+0700] {logging_mixin.py:190} INFO - [2026-09-18T11:19:29.161+0700] {dag.py:4180} INFO - Setting next_dagrun for example_subdag_operator.section-2 to None, run_after=None
[2026-09-18T11:19:29.168+0700] {processor.py:208} INFO - Processing /Users/andreasanditya/Downloads/572392_Andreas_AirflowETL/code/.venv/lib/python3.9/site-packages/airflow/example_dags/example_subdag_operator.py took 0.373 seconds
[2026-09-18T11:21:01.133+0700] {processor.py:186} INFO - Started process (PID=12942) to work on /Users/andreasanditya/Downloads/572392_Andreas_AirflowETL/code/.venv/lib/python3.9/site-packages/airflow/example_dags/example_subdag_operator.py
[2026-09-18T11:21:01.134+0700] {processor.py:914} INFO - Processing file /Users/andreasanditya/Downloads/572392_Andreas_AirflowETL/code/.venv/lib/python3.9/site-packages/airflow/example_dags/example_subdag_operator.py for tasks to queue
[2026-09-18T11:21:01.135+0700] {logging_mixin.py:190} INFO - [2026-09-18T11:21:01.135+0700] {dagbag.py:588} INFO - Filling up the DagBag from /Users/andreasanditya/Downloads/572392_Andreas_AirflowETL/code/.venv/lib/python3.9/site-packages/airflow/example_dags/example_subdag_operator.py
[2026-09-18T11:21:01.227+0700] {processor.py:925} INFO - DAG(s) 'example_subdag_operator.section-1', 'example_subdag_operator.section-2', 'example_subdag_operator' retrieved from /Users/andreasanditya/Downloads/572392_Andreas_AirflowETL/code/.venv/lib/python3.9/site-packages/airflow/example_dags/example_subdag_operator.py
[2026-09-18T11:21:01.497+0700] {logging_mixin.py:190} INFO - [2026-09-18T11:21:01.497+0700] {dag.py:3239} INFO - Sync 3 DAGs
[2026-09-18T11:21:01.537+0700] {logging_mixin.py:190} INFO - [2026-09-18T11:21:01.537+0700] {dag.py:4180} INFO - Setting next_dagrun for example_subdag_operator to 2022-01-01 00:00:00+00:00, run_after=2022-01-01 00:00:00+00:00
[2026-09-18T11:21:01.539+0700] {logging_mixin.py:190} INFO - [2026-09-18T11:21:01.539+0700] {dag.py:4180} INFO - Setting next_dagrun for example_subdag_operator.section-1 to None, run_after=None
[2026-09-18T11:21:01.539+0700] {logging_mixin.py:190} INFO - [2026-09-18T11:21:01.539+0700] {dag.py:4180} INFO - Setting next_dagrun for example_subdag_operator.section-2 to None, run_after=None
[2026-09-18T11:21:01.543+0700] {logging_mixin.py:190} INFO - [2026-09-18T11:21:01.543+0700] {dag.py:3239} INFO - Sync 2 DAGs
[2026-09-18T11:21:01.545+0700] {logging_mixin.py:190} INFO - [2026-09-18T11:21:01.545+0700] {dag.py:4180} INFO - Setting next_dagrun for example_subdag_operator.section-1 to None, run_after=None
[2026-09-18T11:21:01.545+0700] {logging_mixin.py:190} INFO - [2026-09-18T11:21:01.545+0700] {dag.py:4180} INFO - Setting next_dagrun for example_subdag_operator.section-2 to None, run_after=None
[2026-09-18T11:21:01.551+0700] {processor.py:208} INFO - Processing /Users/andreasanditya/Downloads/572392_Andreas_AirflowETL/code/.venv/lib/python3.9/site-packages/airflow/example_dags/example_subdag_operator.py took 0.420 seconds
[2026-09-18T11:23:01.378+0700] {processor.py:186} INFO - Started process (PID=14304) to work on /Users/andreasanditya/Downloads/572392_Andreas_AirflowETL/code/.venv/lib/python3.9/site-packages/airflow/example_dags/example_subdag_operator.py
[2026-09-18T11:23:01.379+0700] {processor.py:914} INFO - Processing file /Users/andreasanditya/Downloads/572392_Andreas_AirflowETL/code/.venv/lib/python3.9/site-packages/airflow/example_dags/example_subdag_operator.py for tasks to queue
[2026-09-18T11:23:01.380+0700] {logging_mixin.py:190} INFO - [2026-09-18T11:23:01.380+0700] {dagbag.py:588} INFO - Filling up the DagBag from /Users/andreasanditya/Downloads/572392_Andreas_AirflowETL/code/.venv/lib/python3.9/site-packages/airflow/example_dags/example_subdag_operator.py
[2026-09-18T11:23:01.482+0700] {processor.py:925} INFO - DAG(s) 'example_subdag_operator.section-1', 'example_subdag_operator.section-2', 'example_subdag_operator' retrieved from /Users/andreasanditya/Downloads/572392_Andreas_AirflowETL/code/.venv/lib/python3.9/site-packages/airflow/example_dags/example_subdag_operator.py
[2026-09-18T11:23:01.786+0700] {logging_mixin.py:190} INFO - [2026-09-18T11:23:01.786+0700] {dag.py:3239} INFO - Sync 3 DAGs
[2026-09-18T11:23:01.836+0700] {logging_mixin.py:190} INFO - [2026-09-18T11:23:01.836+0700] {dag.py:4180} INFO - Setting next_dagrun for example_subdag_operator to 2022-01-01 00:00:00+00:00, run_after=2022-01-01 00:00:00+00:00
[2026-09-18T11:23:01.838+0700] {logging_mixin.py:190} INFO - [2026-09-18T11:23:01.838+0700] {dag.py:4180} INFO - Setting next_dagrun for example_subdag_operator.section-1 to None, run_after=None
[2026-09-18T11:23:01.838+0700] {logging_mixin.py:190} INFO - [2026-09-18T11:23:01.838+0700] {dag.py:4180} INFO - Setting next_dagrun for example_subdag_operator.section-2 to None, run_after=None
[2026-09-18T11:23:01.842+0700] {logging_mixin.py:190} INFO - [2026-09-18T11:23:01.842+0700] {dag.py:3239} INFO - Sync 2 DAGs
[2026-09-18T11:23:01.844+0700] {logging_mixin.py:190} INFO - [2026-09-18T11:23:01.844+0700] {dag.py:4180} INFO - Setting next_dagrun for example_subdag_operator.section-1 to None, run_after=None
[2026-09-18T11:23:01.844+0700] {logging_mixin.py:190} INFO - [2026-09-18T11:23:01.844+0700] {dag.py:4180} INFO - Setting next_dagrun for example_subdag_operator.section-2 to None, run_after=None
[2026-09-18T11:23:01.851+0700] {processor.py:208} INFO - Processing /Users/andreasanditya/Downloads/572392_Andreas_AirflowETL/code/.venv/lib/python3.9/site-packages/airflow/example_dags/example_subdag_operator.py took 0.475 seconds
[2026-09-18T11:24:26.870+0700] {processor.py:186} INFO - Started process (PID=15260) to work on /Users/andreasanditya/Downloads/572392_Andreas_AirflowETL/code/.venv/lib/python3.9/site-packages/airflow/example_dags/example_subdag_operator.py
[2026-09-18T11:24:26.871+0700] {processor.py:914} INFO - Processing file /Users/andreasanditya/Downloads/572392_Andreas_AirflowETL/code/.venv/lib/python3.9/site-packages/airflow/example_dags/example_subdag_operator.py for tasks to queue
[2026-09-18T11:24:26.872+0700] {logging_mixin.py:190} INFO - [2026-09-18T11:24:26.872+0700] {dagbag.py:588} INFO - Filling up the DagBag from /Users/andreasanditya/Downloads/572392_Andreas_AirflowETL/code/.venv/lib/python3.9/site-packages/airflow/example_dags/example_subdag_operator.py
[2026-09-18T11:24:26.962+0700] {processor.py:925} INFO - DAG(s) 'example_subdag_operator.section-1', 'example_subdag_operator.section-2', 'example_subdag_operator' retrieved from /Users/andreasanditya/Downloads/572392_Andreas_AirflowETL/code/.venv/lib/python3.9/site-packages/airflow/example_dags/example_subdag_operator.py
[2026-09-18T11:24:27.184+0700] {logging_mixin.py:190} INFO - [2026-09-18T11:24:27.184+0700] {dag.py:3239} INFO - Sync 3 DAGs
[2026-09-18T11:24:27.224+0700] {logging_mixin.py:190} INFO - [2026-09-18T11:24:27.223+0700] {dag.py:4180} INFO - Setting next_dagrun for example_subdag_operator to 2022-01-01 00:00:00+00:00, run_after=2022-01-01 00:00:00+00:00
[2026-09-18T11:24:27.225+0700] {logging_mixin.py:190} INFO - [2026-09-18T11:24:27.225+0700] {dag.py:4180} INFO - Setting next_dagrun for example_subdag_operator.section-1 to None, run_after=None
[2026-09-18T11:24:27.226+0700] {logging_mixin.py:190} INFO - [2026-09-18T11:24:27.226+0700] {dag.py:4180} INFO - Setting next_dagrun for example_subdag_operator.section-2 to None, run_after=None
[2026-09-18T11:24:27.229+0700] {logging_mixin.py:190} INFO - [2026-09-18T11:24:27.229+0700] {dag.py:3239} INFO - Sync 2 DAGs
[2026-09-18T11:24:27.231+0700] {logging_mixin.py:190} INFO - [2026-09-18T11:24:27.231+0700] {dag.py:4180} INFO - Setting next_dagrun for example_subdag_operator.section-1 to None, run_after=None
[2026-09-18T11:24:27.231+0700] {logging_mixin.py:190} INFO - [2026-09-18T11:24:27.231+0700] {dag.py:4180} INFO - Setting next_dagrun for example_subdag_operator.section-2 to None, run_after=None
[2026-09-18T11:24:27.238+0700] {processor.py:208} INFO - Processing /Users/andreasanditya/Downloads/572392_Andreas_AirflowETL/code/.venv/lib/python3.9/site-packages/airflow/example_dags/example_subdag_operator.py took 0.370 seconds
[2026-09-18T11:26:30.725+0700] {processor.py:186} INFO - Started process (PID=16569) to work on /Users/andreasanditya/Downloads/572392_Andreas_AirflowETL/code/.venv/lib/python3.9/site-packages/airflow/example_dags/example_subdag_operator.py
[2026-09-18T11:26:30.726+0700] {processor.py:914} INFO - Processing file /Users/andreasanditya/Downloads/572392_Andreas_AirflowETL/code/.venv/lib/python3.9/site-packages/airflow/example_dags/example_subdag_operator.py for tasks to queue
[2026-09-18T11:26:30.727+0700] {logging_mixin.py:190} INFO - [2026-09-18T11:26:30.727+0700] {dagbag.py:588} INFO - Filling up the DagBag from /Users/andreasanditya/Downloads/572392_Andreas_AirflowETL/code/.venv/lib/python3.9/site-packages/airflow/example_dags/example_subdag_operator.py
[2026-09-18T11:26:30.819+0700] {processor.py:925} INFO - DAG(s) 'example_subdag_operator.section-1', 'example_subdag_operator.section-2', 'example_subdag_operator' retrieved from /Users/andreasanditya/Downloads/572392_Andreas_AirflowETL/code/.venv/lib/python3.9/site-packages/airflow/example_dags/example_subdag_operator.py
[2026-09-18T11:26:31.082+0700] {logging_mixin.py:190} INFO - [2026-09-18T11:26:31.082+0700] {dag.py:3239} INFO - Sync 3 DAGs
[2026-09-18T11:26:31.124+0700] {logging_mixin.py:190} INFO - [2026-09-18T11:26:31.124+0700] {dag.py:4180} INFO - Setting next_dagrun for example_subdag_operator to 2022-01-01 00:00:00+00:00, run_after=2022-01-01 00:00:00+00:00
[2026-09-18T11:26:31.126+0700] {logging_mixin.py:190} INFO - [2026-09-18T11:26:31.125+0700] {dag.py:4180} INFO - Setting next_dagrun for example_subdag_operator.section-1 to None, run_after=None
[2026-09-18T11:26:31.126+0700] {logging_mixin.py:190} INFO - [2026-09-18T11:26:31.126+0700] {dag.py:4180} INFO - Setting next_dagrun for example_subdag_operator.section-2 to None, run_after=None
[2026-09-18T11:26:31.130+0700] {logging_mixin.py:190} INFO - [2026-09-18T11:26:31.130+0700] {dag.py:3239} INFO - Sync 2 DAGs
[2026-09-18T11:26:31.132+0700] {logging_mixin.py:190} INFO - [2026-09-18T11:26:31.132+0700] {dag.py:4180} INFO - Setting next_dagrun for example_subdag_operator.section-1 to None, run_after=None
[2026-09-18T11:26:31.132+0700] {logging_mixin.py:190} INFO - [2026-09-18T11:26:31.132+0700] {dag.py:4180} INFO - Setting next_dagrun for example_subdag_operator.section-2 to None, run_after=None
[2026-09-18T11:26:31.138+0700] {processor.py:208} INFO - Processing /Users/andreasanditya/Downloads/572392_Andreas_AirflowETL/code/.venv/lib/python3.9/site-packages/airflow/example_dags/example_subdag_operator.py took 0.415 seconds
[2026-09-18T11:28:03.563+0700] {processor.py:186} INFO - Started process (PID=17478) to work on /Users/andreasanditya/Downloads/572392_Andreas_AirflowETL/code/.venv/lib/python3.9/site-packages/airflow/example_dags/example_subdag_operator.py
[2026-09-18T11:28:03.564+0700] {processor.py:914} INFO - Processing file /Users/andreasanditya/Downloads/572392_Andreas_AirflowETL/code/.venv/lib/python3.9/site-packages/airflow/example_dags/example_subdag_operator.py for tasks to queue
[2026-09-18T11:28:03.565+0700] {logging_mixin.py:190} INFO - [2026-09-18T11:28:03.565+0700] {dagbag.py:588} INFO - Filling up the DagBag from /Users/andreasanditya/Downloads/572392_Andreas_AirflowETL/code/.venv/lib/python3.9/site-packages/airflow/example_dags/example_subdag_operator.py
[2026-09-18T11:28:03.659+0700] {processor.py:925} INFO - DAG(s) 'example_subdag_operator.section-1', 'example_subdag_operator.section-2', 'example_subdag_operator' retrieved from /Users/andreasanditya/Downloads/572392_Andreas_AirflowETL/code/.venv/lib/python3.9/site-packages/airflow/example_dags/example_subdag_operator.py
[2026-09-18T11:28:03.924+0700] {logging_mixin.py:190} INFO - [2026-09-18T11:28:03.924+0700] {dag.py:3239} INFO - Sync 3 DAGs
[2026-09-18T11:28:03.964+0700] {logging_mixin.py:190} INFO - [2026-09-18T11:28:03.963+0700] {dag.py:4180} INFO - Setting next_dagrun for example_subdag_operator to 2022-01-01 00:00:00+00:00, run_after=2022-01-01 00:00:00+00:00
[2026-09-18T11:28:03.966+0700] {logging_mixin.py:190} INFO - [2026-09-18T11:28:03.965+0700] {dag.py:4180} INFO - Setting next_dagrun for example_subdag_operator.section-1 to None, run_after=None
[2026-09-18T11:28:03.966+0700] {logging_mixin.py:190} INFO - [2026-09-18T11:28:03.966+0700] {dag.py:4180} INFO - Setting next_dagrun for example_subdag_operator.section-2 to None, run_after=None
[2026-09-18T11:28:03.969+0700] {logging_mixin.py:190} INFO - [2026-09-18T11:28:03.969+0700] {dag.py:3239} INFO - Sync 2 DAGs
[2026-09-18T11:28:03.972+0700] {logging_mixin.py:190} INFO - [2026-09-18T11:28:03.971+0700] {dag.py:4180} INFO - Setting next_dagrun for example_subdag_operator.section-1 to None, run_after=None
[2026-09-18T11:28:03.972+0700] {logging_mixin.py:190} INFO - [2026-09-18T11:28:03.972+0700] {dag.py:4180} INFO - Setting next_dagrun for example_subdag_operator.section-2 to None, run_after=None
[2026-09-18T11:28:03.978+0700] {processor.py:208} INFO - Processing /Users/andreasanditya/Downloads/572392_Andreas_AirflowETL/code/.venv/lib/python3.9/site-packages/airflow/example_dags/example_subdag_operator.py took 0.417 seconds
[2026-09-18T11:29:32.688+0700] {processor.py:186} INFO - Started process (PID=18416) to work on /Users/andreasanditya/Downloads/572392_Andreas_AirflowETL/code/.venv/lib/python3.9/site-packages/airflow/example_dags/example_subdag_operator.py
[2026-09-18T11:29:32.689+0700] {processor.py:914} INFO - Processing file /Users/andreasanditya/Downloads/572392_Andreas_AirflowETL/code/.venv/lib/python3.9/site-packages/airflow/example_dags/example_subdag_operator.py for tasks to queue
[2026-09-18T11:29:32.690+0700] {logging_mixin.py:190} INFO - [2026-09-18T11:29:32.690+0700] {dagbag.py:588} INFO - Filling up the DagBag from /Users/andreasanditya/Downloads/572392_Andreas_AirflowETL/code/.venv/lib/python3.9/site-packages/airflow/example_dags/example_subdag_operator.py
[2026-09-18T11:29:32.783+0700] {processor.py:925} INFO - DAG(s) 'example_subdag_operator.section-1', 'example_subdag_operator.section-2', 'example_subdag_operator' retrieved from /Users/andreasanditya/Downloads/572392_Andreas_AirflowETL/code/.venv/lib/python3.9/site-packages/airflow/example_dags/example_subdag_operator.py
[2026-09-18T11:29:33.053+0700] {logging_mixin.py:190} INFO - [2026-09-18T11:29:33.052+0700] {dag.py:3239} INFO - Sync 3 DAGs
[2026-09-18T11:29:33.095+0700] {logging_mixin.py:190} INFO - [2026-09-18T11:29:33.095+0700] {dag.py:4180} INFO - Setting next_dagrun for example_subdag_operator to 2022-01-01 00:00:00+00:00, run_after=2022-01-01 00:00:00+00:00
[2026-09-18T11:29:33.097+0700] {logging_mixin.py:190} INFO - [2026-09-18T11:29:33.097+0700] {dag.py:4180} INFO - Setting next_dagrun for example_subdag_operator.section-1 to None, run_after=None
[2026-09-18T11:29:33.098+0700] {logging_mixin.py:190} INFO - [2026-09-18T11:29:33.098+0700] {dag.py:4180} INFO - Setting next_dagrun for example_subdag_operator.section-2 to None, run_after=None
[2026-09-18T11:29:33.101+0700] {logging_mixin.py:190} INFO - [2026-09-18T11:29:33.101+0700] {dag.py:3239} INFO - Sync 2 DAGs
[2026-09-18T11:29:33.103+0700] {logging_mixin.py:190} INFO - [2026-09-18T11:29:33.103+0700] {dag.py:4180} INFO - Setting next_dagrun for example_subdag_operator.section-1 to None, run_after=None
[2026-09-18T11:29:33.104+0700] {logging_mixin.py:190} INFO - [2026-09-18T11:29:33.103+0700] {dag.py:4180} INFO - Setting next_dagrun for example_subdag_operator.section-2 to None, run_after=None
[2026-09-18T11:29:33.110+0700] {processor.py:208} INFO - Processing /Users/andreasanditya/Downloads/572392_Andreas_AirflowETL/code/.venv/lib/python3.9/site-packages/airflow/example_dags/example_subdag_operator.py took 0.424 seconds
[2026-09-18T11:31:01.822+0700] {processor.py:186} INFO - Started process (PID=19293) to work on /Users/andreasanditya/Downloads/572392_Andreas_AirflowETL/code/.venv/lib/python3.9/site-packages/airflow/example_dags/example_subdag_operator.py
[2026-09-18T11:31:01.823+0700] {processor.py:914} INFO - Processing file /Users/andreasanditya/Downloads/572392_Andreas_AirflowETL/code/.venv/lib/python3.9/site-packages/airflow/example_dags/example_subdag_operator.py for tasks to queue
[2026-09-18T11:31:01.824+0700] {logging_mixin.py:190} INFO - [2026-09-18T11:31:01.824+0700] {dagbag.py:588} INFO - Filling up the DagBag from /Users/andreasanditya/Downloads/572392_Andreas_AirflowETL/code/.venv/lib/python3.9/site-packages/airflow/example_dags/example_subdag_operator.py
[2026-09-18T11:31:01.916+0700] {processor.py:925} INFO - DAG(s) 'example_subdag_operator.section-1', 'example_subdag_operator.section-2', 'example_subdag_operator' retrieved from /Users/andreasanditya/Downloads/572392_Andreas_AirflowETL/code/.venv/lib/python3.9/site-packages/airflow/example_dags/example_subdag_operator.py
[2026-09-18T11:31:02.162+0700] {logging_mixin.py:190} INFO - [2026-09-18T11:31:02.162+0700] {dag.py:3239} INFO - Sync 3 DAGs
[2026-09-18T11:31:02.207+0700] {logging_mixin.py:190} INFO - [2026-09-18T11:31:02.206+0700] {dag.py:4180} INFO - Setting next_dagrun for example_subdag_operator to 2022-01-01 00:00:00+00:00, run_after=2022-01-01 00:00:00+00:00
[2026-09-18T11:31:02.209+0700] {logging_mixin.py:190} INFO - [2026-09-18T11:31:02.208+0700] {dag.py:4180} INFO - Setting next_dagrun for example_subdag_operator.section-1 to None, run_after=None
[2026-09-18T11:31:02.209+0700] {logging_mixin.py:190} INFO - [2026-09-18T11:31:02.209+0700] {dag.py:4180} INFO - Setting next_dagrun for example_subdag_operator.section-2 to None, run_after=None
[2026-09-18T11:31:02.213+0700] {logging_mixin.py:190} INFO - [2026-09-18T11:31:02.212+0700] {dag.py:3239} INFO - Sync 2 DAGs
[2026-09-18T11:31:02.215+0700] {logging_mixin.py:190} INFO - [2026-09-18T11:31:02.214+0700] {dag.py:4180} INFO - Setting next_dagrun for example_subdag_operator.section-1 to None, run_after=None
[2026-09-18T11:31:02.215+0700] {logging_mixin.py:190} INFO - [2026-09-18T11:31:02.215+0700] {dag.py:4180} INFO - Setting next_dagrun for example_subdag_operator.section-2 to None, run_after=None
[2026-09-18T11:31:02.221+0700] {processor.py:208} INFO - Processing /Users/andreasanditya/Downloads/572392_Andreas_AirflowETL/code/.venv/lib/python3.9/site-packages/airflow/example_dags/example_subdag_operator.py took 0.401 seconds
[2026-09-18T11:32:29.561+0700] {processor.py:186} INFO - Started process (PID=20203) to work on /Users/andreasanditya/Downloads/572392_Andreas_AirflowETL/code/.venv/lib/python3.9/site-packages/airflow/example_dags/example_subdag_operator.py
[2026-09-18T11:32:29.562+0700] {processor.py:914} INFO - Processing file /Users/andreasanditya/Downloads/572392_Andreas_AirflowETL/code/.venv/lib/python3.9/site-packages/airflow/example_dags/example_subdag_operator.py for tasks to queue
[2026-09-18T11:32:29.563+0700] {logging_mixin.py:190} INFO - [2026-09-18T11:32:29.563+0700] {dagbag.py:588} INFO - Filling up the DagBag from /Users/andreasanditya/Downloads/572392_Andreas_AirflowETL/code/.venv/lib/python3.9/site-packages/airflow/example_dags/example_subdag_operator.py
[2026-09-18T11:32:29.657+0700] {processor.py:925} INFO - DAG(s) 'example_subdag_operator.section-1', 'example_subdag_operator.section-2', 'example_subdag_operator' retrieved from /Users/andreasanditya/Downloads/572392_Andreas_AirflowETL/code/.venv/lib/python3.9/site-packages/airflow/example_dags/example_subdag_operator.py
[2026-09-18T11:32:29.888+0700] {logging_mixin.py:190} INFO - [2026-09-18T11:32:29.888+0700] {dag.py:3239} INFO - Sync 3 DAGs
[2026-09-18T11:32:29.930+0700] {logging_mixin.py:190} INFO - [2026-09-18T11:32:29.930+0700] {dag.py:4180} INFO - Setting next_dagrun for example_subdag_operator to 2022-01-01 00:00:00+00:00, run_after=2022-01-01 00:00:00+00:00
[2026-09-18T11:32:29.932+0700] {logging_mixin.py:190} INFO - [2026-09-18T11:32:29.932+0700] {dag.py:4180} INFO - Setting next_dagrun for example_subdag_operator.section-1 to None, run_after=None
[2026-09-18T11:32:29.932+0700] {logging_mixin.py:190} INFO - [2026-09-18T11:32:29.932+0700] {dag.py:4180} INFO - Setting next_dagrun for example_subdag_operator.section-2 to None, run_after=None
[2026-09-18T11:32:29.936+0700] {logging_mixin.py:190} INFO - [2026-09-18T11:32:29.936+0700] {dag.py:3239} INFO - Sync 2 DAGs
[2026-09-18T11:32:29.938+0700] {logging_mixin.py:190} INFO - [2026-09-18T11:32:29.938+0700] {dag.py:4180} INFO - Setting next_dagrun for example_subdag_operator.section-1 to None, run_after=None
[2026-09-18T11:32:29.938+0700] {logging_mixin.py:190} INFO - [2026-09-18T11:32:29.938+0700] {dag.py:4180} INFO - Setting next_dagrun for example_subdag_operator.section-2 to None, run_after=None
[2026-09-18T11:32:29.945+0700] {processor.py:208} INFO - Processing /Users/andreasanditya/Downloads/572392_Andreas_AirflowETL/code/.venv/lib/python3.9/site-packages/airflow/example_dags/example_subdag_operator.py took 0.385 seconds
[2026-09-18T11:33:58.012+0700] {processor.py:186} INFO - Started process (PID=21228) to work on /Users/andreasanditya/Downloads/572392_Andreas_AirflowETL/code/.venv/lib/python3.9/site-packages/airflow/example_dags/example_subdag_operator.py
[2026-09-18T11:33:58.013+0700] {processor.py:914} INFO - Processing file /Users/andreasanditya/Downloads/572392_Andreas_AirflowETL/code/.venv/lib/python3.9/site-packages/airflow/example_dags/example_subdag_operator.py for tasks to queue
[2026-09-18T11:33:58.014+0700] {logging_mixin.py:190} INFO - [2026-09-18T11:33:58.014+0700] {dagbag.py:588} INFO - Filling up the DagBag from /Users/andreasanditya/Downloads/572392_Andreas_AirflowETL/code/.venv/lib/python3.9/site-packages/airflow/example_dags/example_subdag_operator.py
[2026-09-18T11:33:58.122+0700] {processor.py:925} INFO - DAG(s) 'example_subdag_operator.section-1', 'example_subdag_operator.section-2', 'example_subdag_operator' retrieved from /Users/andreasanditya/Downloads/572392_Andreas_AirflowETL/code/.venv/lib/python3.9/site-packages/airflow/example_dags/example_subdag_operator.py
[2026-09-18T11:33:58.376+0700] {logging_mixin.py:190} INFO - [2026-09-18T11:33:58.376+0700] {dag.py:3239} INFO - Sync 3 DAGs
[2026-09-18T11:33:58.419+0700] {logging_mixin.py:190} INFO - [2026-09-18T11:33:58.418+0700] {dag.py:4180} INFO - Setting next_dagrun for example_subdag_operator to 2022-01-01 00:00:00+00:00, run_after=2022-01-01 00:00:00+00:00
[2026-09-18T11:33:58.421+0700] {logging_mixin.py:190} INFO - [2026-09-18T11:33:58.420+0700] {dag.py:4180} INFO - Setting next_dagrun for example_subdag_operator.section-1 to None, run_after=None
[2026-09-18T11:33:58.421+0700] {logging_mixin.py:190} INFO - [2026-09-18T11:33:58.421+0700] {dag.py:4180} INFO - Setting next_dagrun for example_subdag_operator.section-2 to None, run_after=None
[2026-09-18T11:33:58.425+0700] {logging_mixin.py:190} INFO - [2026-09-18T11:33:58.424+0700] {dag.py:3239} INFO - Sync 2 DAGs
[2026-09-18T11:33:58.427+0700] {logging_mixin.py:190} INFO - [2026-09-18T11:33:58.426+0700] {dag.py:4180} INFO - Setting next_dagrun for example_subdag_operator.section-1 to None, run_after=None
[2026-09-18T11:33:58.427+0700] {logging_mixin.py:190} INFO - [2026-09-18T11:33:58.427+0700] {dag.py:4180} INFO - Setting next_dagrun for example_subdag_operator.section-2 to None, run_after=None
[2026-09-18T11:33:58.433+0700] {processor.py:208} INFO - Processing /Users/andreasanditya/Downloads/572392_Andreas_AirflowETL/code/.venv/lib/python3.9/site-packages/airflow/example_dags/example_subdag_operator.py took 0.424 seconds
[2026-09-18T11:35:25.673+0700] {processor.py:186} INFO - Started process (PID=22103) to work on /Users/andreasanditya/Downloads/572392_Andreas_AirflowETL/code/.venv/lib/python3.9/site-packages/airflow/example_dags/example_subdag_operator.py
[2026-09-18T11:35:25.674+0700] {processor.py:914} INFO - Processing file /Users/andreasanditya/Downloads/572392_Andreas_AirflowETL/code/.venv/lib/python3.9/site-packages/airflow/example_dags/example_subdag_operator.py for tasks to queue
[2026-09-18T11:35:25.675+0700] {logging_mixin.py:190} INFO - [2026-09-18T11:35:25.675+0700] {dagbag.py:588} INFO - Filling up the DagBag from /Users/andreasanditya/Downloads/572392_Andreas_AirflowETL/code/.venv/lib/python3.9/site-packages/airflow/example_dags/example_subdag_operator.py
[2026-09-18T11:35:25.765+0700] {processor.py:925} INFO - DAG(s) 'example_subdag_operator.section-1', 'example_subdag_operator.section-2', 'example_subdag_operator' retrieved from /Users/andreasanditya/Downloads/572392_Andreas_AirflowETL/code/.venv/lib/python3.9/site-packages/airflow/example_dags/example_subdag_operator.py
[2026-09-18T11:35:26.037+0700] {logging_mixin.py:190} INFO - [2026-09-18T11:35:26.036+0700] {dag.py:3239} INFO - Sync 3 DAGs
[2026-09-18T11:35:26.078+0700] {logging_mixin.py:190} INFO - [2026-09-18T11:35:26.078+0700] {dag.py:4180} INFO - Setting next_dagrun for example_subdag_operator to 2022-01-01 00:00:00+00:00, run_after=2022-01-01 00:00:00+00:00
[2026-09-18T11:35:26.080+0700] {logging_mixin.py:190} INFO - [2026-09-18T11:35:26.080+0700] {dag.py:4180} INFO - Setting next_dagrun for example_subdag_operator.section-1 to None, run_after=None
[2026-09-18T11:35:26.081+0700] {logging_mixin.py:190} INFO - [2026-09-18T11:35:26.081+0700] {dag.py:4180} INFO - Setting next_dagrun for example_subdag_operator.section-2 to None, run_after=None
[2026-09-18T11:35:26.084+0700] {logging_mixin.py:190} INFO - [2026-09-18T11:35:26.084+0700] {dag.py:3239} INFO - Sync 2 DAGs
[2026-09-18T11:35:26.086+0700] {logging_mixin.py:190} INFO - [2026-09-18T11:35:26.086+0700] {dag.py:4180} INFO - Setting next_dagrun for example_subdag_operator.section-1 to None, run_after=None
[2026-09-18T11:35:26.086+0700] {logging_mixin.py:190} INFO - [2026-09-18T11:35:26.086+0700] {dag.py:4180} INFO - Setting next_dagrun for example_subdag_operator.section-2 to None, run_after=None
[2026-09-18T11:35:26.093+0700] {processor.py:208} INFO - Processing /Users/andreasanditya/Downloads/572392_Andreas_AirflowETL/code/.venv/lib/python3.9/site-packages/airflow/example_dags/example_subdag_operator.py took 0.422 seconds
[2026-09-18T11:36:53.722+0700] {processor.py:186} INFO - Started process (PID=23083) to work on /Users/andreasanditya/Downloads/572392_Andreas_AirflowETL/code/.venv/lib/python3.9/site-packages/airflow/example_dags/example_subdag_operator.py
[2026-09-18T11:36:53.723+0700] {processor.py:914} INFO - Processing file /Users/andreasanditya/Downloads/572392_Andreas_AirflowETL/code/.venv/lib/python3.9/site-packages/airflow/example_dags/example_subdag_operator.py for tasks to queue
[2026-09-18T11:36:53.724+0700] {logging_mixin.py:190} INFO - [2026-09-18T11:36:53.724+0700] {dagbag.py:588} INFO - Filling up the DagBag from /Users/andreasanditya/Downloads/572392_Andreas_AirflowETL/code/.venv/lib/python3.9/site-packages/airflow/example_dags/example_subdag_operator.py
[2026-09-18T11:36:53.818+0700] {processor.py:925} INFO - DAG(s) 'example_subdag_operator.section-1', 'example_subdag_operator.section-2', 'example_subdag_operator' retrieved from /Users/andreasanditya/Downloads/572392_Andreas_AirflowETL/code/.venv/lib/python3.9/site-packages/airflow/example_dags/example_subdag_operator.py
[2026-09-18T11:36:54.090+0700] {logging_mixin.py:190} INFO - [2026-09-18T11:36:54.090+0700] {dag.py:3239} INFO - Sync 3 DAGs
[2026-09-18T11:36:54.132+0700] {logging_mixin.py:190} INFO - [2026-09-18T11:36:54.132+0700] {dag.py:4180} INFO - Setting next_dagrun for example_subdag_operator to 2022-01-01 00:00:00+00:00, run_after=2022-01-01 00:00:00+00:00
[2026-09-18T11:36:54.134+0700] {logging_mixin.py:190} INFO - [2026-09-18T11:36:54.134+0700] {dag.py:4180} INFO - Setting next_dagrun for example_subdag_operator.section-1 to None, run_after=None
[2026-09-18T11:36:54.134+0700] {logging_mixin.py:190} INFO - [2026-09-18T11:36:54.134+0700] {dag.py:4180} INFO - Setting next_dagrun for example_subdag_operator.section-2 to None, run_after=None
[2026-09-18T11:36:54.138+0700] {logging_mixin.py:190} INFO - [2026-09-18T11:36:54.138+0700] {dag.py:3239} INFO - Sync 2 DAGs
[2026-09-18T11:36:54.140+0700] {logging_mixin.py:190} INFO - [2026-09-18T11:36:54.140+0700] {dag.py:4180} INFO - Setting next_dagrun for example_subdag_operator.section-1 to None, run_after=None
[2026-09-18T11:36:54.140+0700] {logging_mixin.py:190} INFO - [2026-09-18T11:36:54.140+0700] {dag.py:4180} INFO - Setting next_dagrun for example_subdag_operator.section-2 to None, run_after=None
[2026-09-18T11:36:54.146+0700] {processor.py:208} INFO - Processing /Users/andreasanditya/Downloads/572392_Andreas_AirflowETL/code/.venv/lib/python3.9/site-packages/airflow/example_dags/example_subdag_operator.py took 0.427 seconds
[2026-09-18T11:38:20.948+0700] {processor.py:186} INFO - Started process (PID=24017) to work on /Users/andreasanditya/Downloads/572392_Andreas_AirflowETL/code/.venv/lib/python3.9/site-packages/airflow/example_dags/example_subdag_operator.py
[2026-09-18T11:38:20.949+0700] {processor.py:914} INFO - Processing file /Users/andreasanditya/Downloads/572392_Andreas_AirflowETL/code/.venv/lib/python3.9/site-packages/airflow/example_dags/example_subdag_operator.py for tasks to queue
[2026-09-18T11:38:20.951+0700] {logging_mixin.py:190} INFO - [2026-09-18T11:38:20.951+0700] {dagbag.py:588} INFO - Filling up the DagBag from /Users/andreasanditya/Downloads/572392_Andreas_AirflowETL/code/.venv/lib/python3.9/site-packages/airflow/example_dags/example_subdag_operator.py
[2026-09-18T11:38:21.040+0700] {processor.py:925} INFO - DAG(s) 'example_subdag_operator.section-1', 'example_subdag_operator.section-2', 'example_subdag_operator' retrieved from /Users/andreasanditya/Downloads/572392_Andreas_AirflowETL/code/.venv/lib/python3.9/site-packages/airflow/example_dags/example_subdag_operator.py
[2026-09-18T11:38:21.252+0700] {logging_mixin.py:190} INFO - [2026-09-18T11:38:21.252+0700] {dag.py:3239} INFO - Sync 3 DAGs
[2026-09-18T11:38:21.294+0700] {logging_mixin.py:190} INFO - [2026-09-18T11:38:21.294+0700] {dag.py:4180} INFO - Setting next_dagrun for example_subdag_operator to 2022-01-01 00:00:00+00:00, run_after=2022-01-01 00:00:00+00:00
[2026-09-18T11:38:21.296+0700] {logging_mixin.py:190} INFO - [2026-09-18T11:38:21.295+0700] {dag.py:4180} INFO - Setting next_dagrun for example_subdag_operator.section-1 to None, run_after=None
[2026-09-18T11:38:21.296+0700] {logging_mixin.py:190} INFO - [2026-09-18T11:38:21.296+0700] {dag.py:4180} INFO - Setting next_dagrun for example_subdag_operator.section-2 to None, run_after=None
[2026-09-18T11:38:21.300+0700] {logging_mixin.py:190} INFO - [2026-09-18T11:38:21.299+0700] {dag.py:3239} INFO - Sync 2 DAGs
[2026-09-18T11:38:21.302+0700] {logging_mixin.py:190} INFO - [2026-09-18T11:38:21.301+0700] {dag.py:4180} INFO - Setting next_dagrun for example_subdag_operator.section-1 to None, run_after=None
[2026-09-18T11:38:21.302+0700] {logging_mixin.py:190} INFO - [2026-09-18T11:38:21.302+0700] {dag.py:4180} INFO - Setting next_dagrun for example_subdag_operator.section-2 to None, run_after=None
[2026-09-18T11:38:21.308+0700] {processor.py:208} INFO - Processing /Users/andreasanditya/Downloads/572392_Andreas_AirflowETL/code/.venv/lib/python3.9/site-packages/airflow/example_dags/example_subdag_operator.py took 0.362 seconds
[2026-09-18T11:39:48.127+0700] {processor.py:186} INFO - Started process (PID=24865) to work on /Users/andreasanditya/Downloads/572392_Andreas_AirflowETL/code/.venv/lib/python3.9/site-packages/airflow/example_dags/example_subdag_operator.py
[2026-09-18T11:39:48.127+0700] {processor.py:914} INFO - Processing file /Users/andreasanditya/Downloads/572392_Andreas_AirflowETL/code/.venv/lib/python3.9/site-packages/airflow/example_dags/example_subdag_operator.py for tasks to queue
[2026-09-18T11:39:48.128+0700] {logging_mixin.py:190} INFO - [2026-09-18T11:39:48.128+0700] {dagbag.py:588} INFO - Filling up the DagBag from /Users/andreasanditya/Downloads/572392_Andreas_AirflowETL/code/.venv/lib/python3.9/site-packages/airflow/example_dags/example_subdag_operator.py
[2026-09-18T11:39:48.221+0700] {processor.py:925} INFO - DAG(s) 'example_subdag_operator.section-1', 'example_subdag_operator.section-2', 'example_subdag_operator' retrieved from /Users/andreasanditya/Downloads/572392_Andreas_AirflowETL/code/.venv/lib/python3.9/site-packages/airflow/example_dags/example_subdag_operator.py
[2026-09-18T11:39:48.491+0700] {logging_mixin.py:190} INFO - [2026-09-18T11:39:48.491+0700] {dag.py:3239} INFO - Sync 3 DAGs
[2026-09-18T11:39:48.535+0700] {logging_mixin.py:190} INFO - [2026-09-18T11:39:48.534+0700] {dag.py:4180} INFO - Setting next_dagrun for example_subdag_operator to 2022-01-01 00:00:00+00:00, run_after=2022-01-01 00:00:00+00:00
[2026-09-18T11:39:48.536+0700] {logging_mixin.py:190} INFO - [2026-09-18T11:39:48.536+0700] {dag.py:4180} INFO - Setting next_dagrun for example_subdag_operator.section-1 to None, run_after=None
[2026-09-18T11:39:48.537+0700] {logging_mixin.py:190} INFO - [2026-09-18T11:39:48.537+0700] {dag.py:4180} INFO - Setting next_dagrun for example_subdag_operator.section-2 to None, run_after=None
[2026-09-18T11:39:48.540+0700] {logging_mixin.py:190} INFO - [2026-09-18T11:39:48.540+0700] {dag.py:3239} INFO - Sync 2 DAGs
[2026-09-18T11:39:48.542+0700] {logging_mixin.py:190} INFO - [2026-09-18T11:39:48.542+0700] {dag.py:4180} INFO - Setting next_dagrun for example_subdag_operator.section-1 to None, run_after=None
[2026-09-18T11:39:48.542+0700] {logging_mixin.py:190} INFO - [2026-09-18T11:39:48.542+0700] {dag.py:4180} INFO - Setting next_dagrun for example_subdag_operator.section-2 to None, run_after=None
[2026-09-18T11:39:48.549+0700] {processor.py:208} INFO - Processing /Users/andreasanditya/Downloads/572392_Andreas_AirflowETL/code/.venv/lib/python3.9/site-packages/airflow/example_dags/example_subdag_operator.py took 0.425 seconds
[2026-09-18T11:41:16.532+0700] {processor.py:186} INFO - Started process (PID=25799) to work on /Users/andreasanditya/Downloads/572392_Andreas_AirflowETL/code/.venv/lib/python3.9/site-packages/airflow/example_dags/example_subdag_operator.py
[2026-09-18T11:41:16.533+0700] {processor.py:914} INFO - Processing file /Users/andreasanditya/Downloads/572392_Andreas_AirflowETL/code/.venv/lib/python3.9/site-packages/airflow/example_dags/example_subdag_operator.py for tasks to queue
[2026-09-18T11:41:16.534+0700] {logging_mixin.py:190} INFO - [2026-09-18T11:41:16.534+0700] {dagbag.py:588} INFO - Filling up the DagBag from /Users/andreasanditya/Downloads/572392_Andreas_AirflowETL/code/.venv/lib/python3.9/site-packages/airflow/example_dags/example_subdag_operator.py
[2026-09-18T11:41:16.628+0700] {processor.py:925} INFO - DAG(s) 'example_subdag_operator.section-1', 'example_subdag_operator.section-2', 'example_subdag_operator' retrieved from /Users/andreasanditya/Downloads/572392_Andreas_AirflowETL/code/.venv/lib/python3.9/site-packages/airflow/example_dags/example_subdag_operator.py
[2026-09-18T11:41:16.860+0700] {logging_mixin.py:190} INFO - [2026-09-18T11:41:16.860+0700] {dag.py:3239} INFO - Sync 3 DAGs
[2026-09-18T11:41:16.901+0700] {logging_mixin.py:190} INFO - [2026-09-18T11:41:16.901+0700] {dag.py:4180} INFO - Setting next_dagrun for example_subdag_operator to 2022-01-01 00:00:00+00:00, run_after=2022-01-01 00:00:00+00:00
[2026-09-18T11:41:16.903+0700] {logging_mixin.py:190} INFO - [2026-09-18T11:41:16.903+0700] {dag.py:4180} INFO - Setting next_dagrun for example_subdag_operator.section-1 to None, run_after=None
[2026-09-18T11:41:16.904+0700] {logging_mixin.py:190} INFO - [2026-09-18T11:41:16.904+0700] {dag.py:4180} INFO - Setting next_dagrun for example_subdag_operator.section-2 to None, run_after=None
[2026-09-18T11:41:16.907+0700] {logging_mixin.py:190} INFO - [2026-09-18T11:41:16.907+0700] {dag.py:3239} INFO - Sync 2 DAGs
[2026-09-18T11:41:16.909+0700] {logging_mixin.py:190} INFO - [2026-09-18T11:41:16.909+0700] {dag.py:4180} INFO - Setting next_dagrun for example_subdag_operator.section-1 to None, run_after=None
[2026-09-18T11:41:16.909+0700] {logging_mixin.py:190} INFO - [2026-09-18T11:41:16.909+0700] {dag.py:4180} INFO - Setting next_dagrun for example_subdag_operator.section-2 to None, run_after=None
[2026-09-18T11:41:16.917+0700] {processor.py:208} INFO - Processing /Users/andreasanditya/Downloads/572392_Andreas_AirflowETL/code/.venv/lib/python3.9/site-packages/airflow/example_dags/example_subdag_operator.py took 0.387 seconds
[2026-09-18T11:42:47.959+0700] {processor.py:186} INFO - Started process (PID=26731) to work on /Users/andreasanditya/Downloads/572392_Andreas_AirflowETL/code/.venv/lib/python3.9/site-packages/airflow/example_dags/example_subdag_operator.py
[2026-09-18T11:42:47.961+0700] {processor.py:914} INFO - Processing file /Users/andreasanditya/Downloads/572392_Andreas_AirflowETL/code/.venv/lib/python3.9/site-packages/airflow/example_dags/example_subdag_operator.py for tasks to queue
[2026-09-18T11:42:47.962+0700] {logging_mixin.py:190} INFO - [2026-09-18T11:42:47.962+0700] {dagbag.py:588} INFO - Filling up the DagBag from /Users/andreasanditya/Downloads/572392_Andreas_AirflowETL/code/.venv/lib/python3.9/site-packages/airflow/example_dags/example_subdag_operator.py
[2026-09-18T11:42:48.062+0700] {processor.py:925} INFO - DAG(s) 'example_subdag_operator.section-1', 'example_subdag_operator.section-2', 'example_subdag_operator' retrieved from /Users/andreasanditya/Downloads/572392_Andreas_AirflowETL/code/.venv/lib/python3.9/site-packages/airflow/example_dags/example_subdag_operator.py
[2026-09-18T11:42:48.345+0700] {logging_mixin.py:190} INFO - [2026-09-18T11:42:48.344+0700] {dag.py:3239} INFO - Sync 3 DAGs
[2026-09-18T11:42:48.388+0700] {logging_mixin.py:190} INFO - [2026-09-18T11:42:48.388+0700] {dag.py:4180} INFO - Setting next_dagrun for example_subdag_operator to 2022-01-01 00:00:00+00:00, run_after=2022-01-01 00:00:00+00:00
[2026-09-18T11:42:48.390+0700] {logging_mixin.py:190} INFO - [2026-09-18T11:42:48.390+0700] {dag.py:4180} INFO - Setting next_dagrun for example_subdag_operator.section-1 to None, run_after=None
[2026-09-18T11:42:48.390+0700] {logging_mixin.py:190} INFO - [2026-09-18T11:42:48.390+0700] {dag.py:4180} INFO - Setting next_dagrun for example_subdag_operator.section-2 to None, run_after=None
[2026-09-18T11:42:48.394+0700] {logging_mixin.py:190} INFO - [2026-09-18T11:42:48.394+0700] {dag.py:3239} INFO - Sync 2 DAGs
[2026-09-18T11:42:48.396+0700] {logging_mixin.py:190} INFO - [2026-09-18T11:42:48.396+0700] {dag.py:4180} INFO - Setting next_dagrun for example_subdag_operator.section-1 to None, run_after=None
[2026-09-18T11:42:48.397+0700] {logging_mixin.py:190} INFO - [2026-09-18T11:42:48.397+0700] {dag.py:4180} INFO - Setting next_dagrun for example_subdag_operator.section-2 to None, run_after=None
[2026-09-18T11:42:48.404+0700] {processor.py:208} INFO - Processing /Users/andreasanditya/Downloads/572392_Andreas_AirflowETL/code/.venv/lib/python3.9/site-packages/airflow/example_dags/example_subdag_operator.py took 0.447 seconds
[2026-09-18T11:44:15.142+0700] {processor.py:186} INFO - Started process (PID=27639) to work on /Users/andreasanditya/Downloads/572392_Andreas_AirflowETL/code/.venv/lib/python3.9/site-packages/airflow/example_dags/example_subdag_operator.py
[2026-09-18T11:44:15.143+0700] {processor.py:914} INFO - Processing file /Users/andreasanditya/Downloads/572392_Andreas_AirflowETL/code/.venv/lib/python3.9/site-packages/airflow/example_dags/example_subdag_operator.py for tasks to queue
[2026-09-18T11:44:15.143+0700] {logging_mixin.py:190} INFO - [2026-09-18T11:44:15.143+0700] {dagbag.py:588} INFO - Filling up the DagBag from /Users/andreasanditya/Downloads/572392_Andreas_AirflowETL/code/.venv/lib/python3.9/site-packages/airflow/example_dags/example_subdag_operator.py
[2026-09-18T11:44:15.232+0700] {processor.py:925} INFO - DAG(s) 'example_subdag_operator.section-1', 'example_subdag_operator.section-2', 'example_subdag_operator' retrieved from /Users/andreasanditya/Downloads/572392_Andreas_AirflowETL/code/.venv/lib/python3.9/site-packages/airflow/example_dags/example_subdag_operator.py
[2026-09-18T11:44:15.494+0700] {logging_mixin.py:190} INFO - [2026-09-18T11:44:15.493+0700] {dag.py:3239} INFO - Sync 3 DAGs
[2026-09-18T11:44:15.536+0700] {logging_mixin.py:190} INFO - [2026-09-18T11:44:15.536+0700] {dag.py:4180} INFO - Setting next_dagrun for example_subdag_operator to 2022-01-01 00:00:00+00:00, run_after=2022-01-01 00:00:00+00:00
[2026-09-18T11:44:15.538+0700] {logging_mixin.py:190} INFO - [2026-09-18T11:44:15.538+0700] {dag.py:4180} INFO - Setting next_dagrun for example_subdag_operator.section-1 to None, run_after=None
[2026-09-18T11:44:15.539+0700] {logging_mixin.py:190} INFO - [2026-09-18T11:44:15.538+0700] {dag.py:4180} INFO - Setting next_dagrun for example_subdag_operator.section-2 to None, run_after=None
[2026-09-18T11:44:15.542+0700] {logging_mixin.py:190} INFO - [2026-09-18T11:44:15.542+0700] {dag.py:3239} INFO - Sync 2 DAGs
[2026-09-18T11:44:15.544+0700] {logging_mixin.py:190} INFO - [2026-09-18T11:44:15.544+0700] {dag.py:4180} INFO - Setting next_dagrun for example_subdag_operator.section-1 to None, run_after=None
[2026-09-18T11:44:15.545+0700] {logging_mixin.py:190} INFO - [2026-09-18T11:44:15.545+0700] {dag.py:4180} INFO - Setting next_dagrun for example_subdag_operator.section-2 to None, run_after=None
[2026-09-18T11:44:15.551+0700] {processor.py:208} INFO - Processing /Users/andreasanditya/Downloads/572392_Andreas_AirflowETL/code/.venv/lib/python3.9/site-packages/airflow/example_dags/example_subdag_operator.py took 0.412 seconds
[2026-09-18T11:45:41.926+0700] {processor.py:186} INFO - Started process (PID=28461) to work on /Users/andreasanditya/Downloads/572392_Andreas_AirflowETL/code/.venv/lib/python3.9/site-packages/airflow/example_dags/example_subdag_operator.py
[2026-09-18T11:45:41.927+0700] {processor.py:914} INFO - Processing file /Users/andreasanditya/Downloads/572392_Andreas_AirflowETL/code/.venv/lib/python3.9/site-packages/airflow/example_dags/example_subdag_operator.py for tasks to queue
[2026-09-18T11:45:41.928+0700] {logging_mixin.py:190} INFO - [2026-09-18T11:45:41.928+0700] {dagbag.py:588} INFO - Filling up the DagBag from /Users/andreasanditya/Downloads/572392_Andreas_AirflowETL/code/.venv/lib/python3.9/site-packages/airflow/example_dags/example_subdag_operator.py
[2026-09-18T11:45:42.017+0700] {processor.py:925} INFO - DAG(s) 'example_subdag_operator.section-1', 'example_subdag_operator.section-2', 'example_subdag_operator' retrieved from /Users/andreasanditya/Downloads/572392_Andreas_AirflowETL/code/.venv/lib/python3.9/site-packages/airflow/example_dags/example_subdag_operator.py
[2026-09-18T11:45:42.227+0700] {logging_mixin.py:190} INFO - [2026-09-18T11:45:42.227+0700] {dag.py:3239} INFO - Sync 3 DAGs
[2026-09-18T11:45:42.266+0700] {logging_mixin.py:190} INFO - [2026-09-18T11:45:42.265+0700] {dag.py:4180} INFO - Setting next_dagrun for example_subdag_operator to 2022-01-01 00:00:00+00:00, run_after=2022-01-01 00:00:00+00:00
[2026-09-18T11:45:42.267+0700] {logging_mixin.py:190} INFO - [2026-09-18T11:45:42.267+0700] {dag.py:4180} INFO - Setting next_dagrun for example_subdag_operator.section-1 to None, run_after=None
[2026-09-18T11:45:42.268+0700] {logging_mixin.py:190} INFO - [2026-09-18T11:45:42.268+0700] {dag.py:4180} INFO - Setting next_dagrun for example_subdag_operator.section-2 to None, run_after=None
[2026-09-18T11:45:42.271+0700] {logging_mixin.py:190} INFO - [2026-09-18T11:45:42.271+0700] {dag.py:3239} INFO - Sync 2 DAGs
[2026-09-18T11:45:42.273+0700] {logging_mixin.py:190} INFO - [2026-09-18T11:45:42.273+0700] {dag.py:4180} INFO - Setting next_dagrun for example_subdag_operator.section-1 to None, run_after=None
[2026-09-18T11:45:42.273+0700] {logging_mixin.py:190} INFO - [2026-09-18T11:45:42.273+0700] {dag.py:4180} INFO - Setting next_dagrun for example_subdag_operator.section-2 to None, run_after=None
[2026-09-18T11:45:42.280+0700] {processor.py:208} INFO - Processing /Users/andreasanditya/Downloads/572392_Andreas_AirflowETL/code/.venv/lib/python3.9/site-packages/airflow/example_dags/example_subdag_operator.py took 0.355 seconds
[2026-09-18T11:47:07.745+0700] {processor.py:186} INFO - Started process (PID=29348) to work on /Users/andreasanditya/Downloads/572392_Andreas_AirflowETL/code/.venv/lib/python3.9/site-packages/airflow/example_dags/example_subdag_operator.py
[2026-09-18T11:47:07.746+0700] {processor.py:914} INFO - Processing file /Users/andreasanditya/Downloads/572392_Andreas_AirflowETL/code/.venv/lib/python3.9/site-packages/airflow/example_dags/example_subdag_operator.py for tasks to queue
[2026-09-18T11:47:07.747+0700] {logging_mixin.py:190} INFO - [2026-09-18T11:47:07.747+0700] {dagbag.py:588} INFO - Filling up the DagBag from /Users/andreasanditya/Downloads/572392_Andreas_AirflowETL/code/.venv/lib/python3.9/site-packages/airflow/example_dags/example_subdag_operator.py
[2026-09-18T11:47:07.836+0700] {processor.py:925} INFO - DAG(s) 'example_subdag_operator.section-1', 'example_subdag_operator.section-2', 'example_subdag_operator' retrieved from /Users/andreasanditya/Downloads/572392_Andreas_AirflowETL/code/.venv/lib/python3.9/site-packages/airflow/example_dags/example_subdag_operator.py
[2026-09-18T11:47:08.090+0700] {logging_mixin.py:190} INFO - [2026-09-18T11:47:08.089+0700] {dag.py:3239} INFO - Sync 3 DAGs
[2026-09-18T11:47:08.130+0700] {logging_mixin.py:190} INFO - [2026-09-18T11:47:08.130+0700] {dag.py:4180} INFO - Setting next_dagrun for example_subdag_operator to 2022-01-01 00:00:00+00:00, run_after=2022-01-01 00:00:00+00:00
[2026-09-18T11:47:08.134+0700] {logging_mixin.py:190} INFO - [2026-09-18T11:47:08.133+0700] {dag.py:4180} INFO - Setting next_dagrun for example_subdag_operator.section-1 to None, run_after=None
[2026-09-18T11:47:08.134+0700] {logging_mixin.py:190} INFO - [2026-09-18T11:47:08.134+0700] {dag.py:4180} INFO - Setting next_dagrun for example_subdag_operator.section-2 to None, run_after=None
[2026-09-18T11:47:08.138+0700] {logging_mixin.py:190} INFO - [2026-09-18T11:47:08.137+0700] {dag.py:3239} INFO - Sync 2 DAGs
[2026-09-18T11:47:08.140+0700] {logging_mixin.py:190} INFO - [2026-09-18T11:47:08.140+0700] {dag.py:4180} INFO - Setting next_dagrun for example_subdag_operator.section-1 to None, run_after=None
[2026-09-18T11:47:08.140+0700] {logging_mixin.py:190} INFO - [2026-09-18T11:47:08.140+0700] {dag.py:4180} INFO - Setting next_dagrun for example_subdag_operator.section-2 to None, run_after=None
[2026-09-18T11:47:08.146+0700] {processor.py:208} INFO - Processing /Users/andreasanditya/Downloads/572392_Andreas_AirflowETL/code/.venv/lib/python3.9/site-packages/airflow/example_dags/example_subdag_operator.py took 0.403 seconds
[2026-09-18T11:48:34.997+0700] {processor.py:186} INFO - Started process (PID=30190) to work on /Users/andreasanditya/Downloads/572392_Andreas_AirflowETL/code/.venv/lib/python3.9/site-packages/airflow/example_dags/example_subdag_operator.py
[2026-09-18T11:48:35.000+0700] {processor.py:914} INFO - Processing file /Users/andreasanditya/Downloads/572392_Andreas_AirflowETL/code/.venv/lib/python3.9/site-packages/airflow/example_dags/example_subdag_operator.py for tasks to queue
[2026-09-18T11:48:35.001+0700] {logging_mixin.py:190} INFO - [2026-09-18T11:48:35.001+0700] {dagbag.py:588} INFO - Filling up the DagBag from /Users/andreasanditya/Downloads/572392_Andreas_AirflowETL/code/.venv/lib/python3.9/site-packages/airflow/example_dags/example_subdag_operator.py
[2026-09-18T11:48:35.089+0700] {processor.py:925} INFO - DAG(s) 'example_subdag_operator.section-1', 'example_subdag_operator.section-2', 'example_subdag_operator' retrieved from /Users/andreasanditya/Downloads/572392_Andreas_AirflowETL/code/.venv/lib/python3.9/site-packages/airflow/example_dags/example_subdag_operator.py
[2026-09-18T11:48:35.359+0700] {logging_mixin.py:190} INFO - [2026-09-18T11:48:35.358+0700] {dag.py:3239} INFO - Sync 3 DAGs
[2026-09-18T11:48:35.399+0700] {logging_mixin.py:190} INFO - [2026-09-18T11:48:35.398+0700] {dag.py:4180} INFO - Setting next_dagrun for example_subdag_operator to 2022-01-01 00:00:00+00:00, run_after=2022-01-01 00:00:00+00:00
[2026-09-18T11:48:35.402+0700] {logging_mixin.py:190} INFO - [2026-09-18T11:48:35.402+0700] {dag.py:4180} INFO - Setting next_dagrun for example_subdag_operator.section-1 to None, run_after=None
[2026-09-18T11:48:35.403+0700] {logging_mixin.py:190} INFO - [2026-09-18T11:48:35.403+0700] {dag.py:4180} INFO - Setting next_dagrun for example_subdag_operator.section-2 to None, run_after=None
[2026-09-18T11:48:35.406+0700] {logging_mixin.py:190} INFO - [2026-09-18T11:48:35.406+0700] {dag.py:3239} INFO - Sync 2 DAGs
[2026-09-18T11:48:35.408+0700] {logging_mixin.py:190} INFO - [2026-09-18T11:48:35.408+0700] {dag.py:4180} INFO - Setting next_dagrun for example_subdag_operator.section-1 to None, run_after=None
[2026-09-18T11:48:35.409+0700] {logging_mixin.py:190} INFO - [2026-09-18T11:48:35.409+0700] {dag.py:4180} INFO - Setting next_dagrun for example_subdag_operator.section-2 to None, run_after=None
[2026-09-18T11:48:35.415+0700] {processor.py:208} INFO - Processing /Users/andreasanditya/Downloads/572392_Andreas_AirflowETL/code/.venv/lib/python3.9/site-packages/airflow/example_dags/example_subdag_operator.py took 0.420 seconds
[2026-09-18T11:50:01.271+0700] {processor.py:186} INFO - Started process (PID=31109) to work on /Users/andreasanditya/Downloads/572392_Andreas_AirflowETL/code/.venv/lib/python3.9/site-packages/airflow/example_dags/example_subdag_operator.py
[2026-09-18T11:50:01.272+0700] {processor.py:914} INFO - Processing file /Users/andreasanditya/Downloads/572392_Andreas_AirflowETL/code/.venv/lib/python3.9/site-packages/airflow/example_dags/example_subdag_operator.py for tasks to queue
[2026-09-18T11:50:01.273+0700] {logging_mixin.py:190} INFO - [2026-09-18T11:50:01.273+0700] {dagbag.py:588} INFO - Filling up the DagBag from /Users/andreasanditya/Downloads/572392_Andreas_AirflowETL/code/.venv/lib/python3.9/site-packages/airflow/example_dags/example_subdag_operator.py
[2026-09-18T11:50:01.361+0700] {processor.py:925} INFO - DAG(s) 'example_subdag_operator.section-1', 'example_subdag_operator.section-2', 'example_subdag_operator' retrieved from /Users/andreasanditya/Downloads/572392_Andreas_AirflowETL/code/.venv/lib/python3.9/site-packages/airflow/example_dags/example_subdag_operator.py
[2026-09-18T11:50:01.573+0700] {logging_mixin.py:190} INFO - [2026-09-18T11:50:01.573+0700] {dag.py:3239} INFO - Sync 3 DAGs
[2026-09-18T11:50:01.613+0700] {logging_mixin.py:190} INFO - [2026-09-18T11:50:01.613+0700] {dag.py:4180} INFO - Setting next_dagrun for example_subdag_operator to 2022-01-01 00:00:00+00:00, run_after=2022-01-01 00:00:00+00:00
[2026-09-18T11:50:01.615+0700] {logging_mixin.py:190} INFO - [2026-09-18T11:50:01.614+0700] {dag.py:4180} INFO - Setting next_dagrun for example_subdag_operator.section-1 to None, run_after=None
[2026-09-18T11:50:01.615+0700] {logging_mixin.py:190} INFO - [2026-09-18T11:50:01.615+0700] {dag.py:4180} INFO - Setting next_dagrun for example_subdag_operator.section-2 to None, run_after=None
[2026-09-18T11:50:01.618+0700] {logging_mixin.py:190} INFO - [2026-09-18T11:50:01.618+0700] {dag.py:3239} INFO - Sync 2 DAGs
[2026-09-18T11:50:01.620+0700] {logging_mixin.py:190} INFO - [2026-09-18T11:50:01.620+0700] {dag.py:4180} INFO - Setting next_dagrun for example_subdag_operator.section-1 to None, run_after=None
[2026-09-18T11:50:01.621+0700] {logging_mixin.py:190} INFO - [2026-09-18T11:50:01.621+0700] {dag.py:4180} INFO - Setting next_dagrun for example_subdag_operator.section-2 to None, run_after=None
[2026-09-18T11:50:01.627+0700] {processor.py:208} INFO - Processing /Users/andreasanditya/Downloads/572392_Andreas_AirflowETL/code/.venv/lib/python3.9/site-packages/airflow/example_dags/example_subdag_operator.py took 0.358 seconds
[2026-09-18T11:51:26.787+0700] {processor.py:186} INFO - Started process (PID=31931) to work on /Users/andreasanditya/Downloads/572392_Andreas_AirflowETL/code/.venv/lib/python3.9/site-packages/airflow/example_dags/example_subdag_operator.py
[2026-09-18T11:51:26.788+0700] {processor.py:914} INFO - Processing file /Users/andreasanditya/Downloads/572392_Andreas_AirflowETL/code/.venv/lib/python3.9/site-packages/airflow/example_dags/example_subdag_operator.py for tasks to queue
[2026-09-18T11:51:26.788+0700] {logging_mixin.py:190} INFO - [2026-09-18T11:51:26.788+0700] {dagbag.py:588} INFO - Filling up the DagBag from /Users/andreasanditya/Downloads/572392_Andreas_AirflowETL/code/.venv/lib/python3.9/site-packages/airflow/example_dags/example_subdag_operator.py
[2026-09-18T11:51:26.878+0700] {processor.py:925} INFO - DAG(s) 'example_subdag_operator.section-1', 'example_subdag_operator.section-2', 'example_subdag_operator' retrieved from /Users/andreasanditya/Downloads/572392_Andreas_AirflowETL/code/.venv/lib/python3.9/site-packages/airflow/example_dags/example_subdag_operator.py
[2026-09-18T11:51:27.118+0700] {logging_mixin.py:190} INFO - [2026-09-18T11:51:27.118+0700] {dag.py:3239} INFO - Sync 3 DAGs
[2026-09-18T11:51:27.160+0700] {logging_mixin.py:190} INFO - [2026-09-18T11:51:27.160+0700] {dag.py:4180} INFO - Setting next_dagrun for example_subdag_operator to 2022-01-01 00:00:00+00:00, run_after=2022-01-01 00:00:00+00:00
[2026-09-18T11:51:27.162+0700] {logging_mixin.py:190} INFO - [2026-09-18T11:51:27.162+0700] {dag.py:4180} INFO - Setting next_dagrun for example_subdag_operator.section-1 to None, run_after=None
[2026-09-18T11:51:27.162+0700] {logging_mixin.py:190} INFO - [2026-09-18T11:51:27.162+0700] {dag.py:4180} INFO - Setting next_dagrun for example_subdag_operator.section-2 to None, run_after=None
[2026-09-18T11:51:27.166+0700] {logging_mixin.py:190} INFO - [2026-09-18T11:51:27.165+0700] {dag.py:3239} INFO - Sync 2 DAGs
[2026-09-18T11:51:27.168+0700] {logging_mixin.py:190} INFO - [2026-09-18T11:51:27.168+0700] {dag.py:4180} INFO - Setting next_dagrun for example_subdag_operator.section-1 to None, run_after=None
[2026-09-18T11:51:27.168+0700] {logging_mixin.py:190} INFO - [2026-09-18T11:51:27.168+0700] {dag.py:4180} INFO - Setting next_dagrun for example_subdag_operator.section-2 to None, run_after=None
[2026-09-18T11:51:27.175+0700] {processor.py:208} INFO - Processing /Users/andreasanditya/Downloads/572392_Andreas_AirflowETL/code/.venv/lib/python3.9/site-packages/airflow/example_dags/example_subdag_operator.py took 0.390 seconds
[2026-09-18T11:52:52.908+0700] {processor.py:186} INFO - Started process (PID=32823) to work on /Users/andreasanditya/Downloads/572392_Andreas_AirflowETL/code/.venv/lib/python3.9/site-packages/airflow/example_dags/example_subdag_operator.py
[2026-09-18T11:52:52.912+0700] {processor.py:914} INFO - Processing file /Users/andreasanditya/Downloads/572392_Andreas_AirflowETL/code/.venv/lib/python3.9/site-packages/airflow/example_dags/example_subdag_operator.py for tasks to queue
[2026-09-18T11:52:52.912+0700] {logging_mixin.py:190} INFO - [2026-09-18T11:52:52.912+0700] {dagbag.py:588} INFO - Filling up the DagBag from /Users/andreasanditya/Downloads/572392_Andreas_AirflowETL/code/.venv/lib/python3.9/site-packages/airflow/example_dags/example_subdag_operator.py
[2026-09-18T11:52:53.001+0700] {processor.py:925} INFO - DAG(s) 'example_subdag_operator.section-1', 'example_subdag_operator.section-2', 'example_subdag_operator' retrieved from /Users/andreasanditya/Downloads/572392_Andreas_AirflowETL/code/.venv/lib/python3.9/site-packages/airflow/example_dags/example_subdag_operator.py
[2026-09-18T11:52:53.251+0700] {logging_mixin.py:190} INFO - [2026-09-18T11:52:53.251+0700] {dag.py:3239} INFO - Sync 3 DAGs
[2026-09-18T11:52:53.292+0700] {logging_mixin.py:190} INFO - [2026-09-18T11:52:53.292+0700] {dag.py:4180} INFO - Setting next_dagrun for example_subdag_operator to 2022-01-01 00:00:00+00:00, run_after=2022-01-01 00:00:00+00:00
[2026-09-18T11:52:53.294+0700] {logging_mixin.py:190} INFO - [2026-09-18T11:52:53.294+0700] {dag.py:4180} INFO - Setting next_dagrun for example_subdag_operator.section-1 to None, run_after=None
[2026-09-18T11:52:53.294+0700] {logging_mixin.py:190} INFO - [2026-09-18T11:52:53.294+0700] {dag.py:4180} INFO - Setting next_dagrun for example_subdag_operator.section-2 to None, run_after=None
[2026-09-18T11:52:53.298+0700] {logging_mixin.py:190} INFO - [2026-09-18T11:52:53.298+0700] {dag.py:3239} INFO - Sync 2 DAGs
[2026-09-18T11:52:53.300+0700] {logging_mixin.py:190} INFO - [2026-09-18T11:52:53.300+0700] {dag.py:4180} INFO - Setting next_dagrun for example_subdag_operator.section-1 to None, run_after=None
[2026-09-18T11:52:53.300+0700] {logging_mixin.py:190} INFO - [2026-09-18T11:52:53.300+0700] {dag.py:4180} INFO - Setting next_dagrun for example_subdag_operator.section-2 to None, run_after=None
[2026-09-18T11:52:53.307+0700] {processor.py:208} INFO - Processing /Users/andreasanditya/Downloads/572392_Andreas_AirflowETL/code/.venv/lib/python3.9/site-packages/airflow/example_dags/example_subdag_operator.py took 0.400 seconds
[2026-09-18T11:54:19.340+0700] {processor.py:186} INFO - Started process (PID=33657) to work on /Users/andreasanditya/Downloads/572392_Andreas_AirflowETL/code/.venv/lib/python3.9/site-packages/airflow/example_dags/example_subdag_operator.py
[2026-09-18T11:54:19.341+0700] {processor.py:914} INFO - Processing file /Users/andreasanditya/Downloads/572392_Andreas_AirflowETL/code/.venv/lib/python3.9/site-packages/airflow/example_dags/example_subdag_operator.py for tasks to queue
[2026-09-18T11:54:19.342+0700] {logging_mixin.py:190} INFO - [2026-09-18T11:54:19.342+0700] {dagbag.py:588} INFO - Filling up the DagBag from /Users/andreasanditya/Downloads/572392_Andreas_AirflowETL/code/.venv/lib/python3.9/site-packages/airflow/example_dags/example_subdag_operator.py
[2026-09-18T11:54:19.433+0700] {processor.py:925} INFO - DAG(s) 'example_subdag_operator.section-1', 'example_subdag_operator.section-2', 'example_subdag_operator' retrieved from /Users/andreasanditya/Downloads/572392_Andreas_AirflowETL/code/.venv/lib/python3.9/site-packages/airflow/example_dags/example_subdag_operator.py
[2026-09-18T11:54:19.699+0700] {logging_mixin.py:190} INFO - [2026-09-18T11:54:19.699+0700] {dag.py:3239} INFO - Sync 3 DAGs
[2026-09-18T11:54:19.740+0700] {logging_mixin.py:190} INFO - [2026-09-18T11:54:19.740+0700] {dag.py:4180} INFO - Setting next_dagrun for example_subdag_operator to 2022-01-01 00:00:00+00:00, run_after=2022-01-01 00:00:00+00:00
[2026-09-18T11:54:19.742+0700] {logging_mixin.py:190} INFO - [2026-09-18T11:54:19.742+0700] {dag.py:4180} INFO - Setting next_dagrun for example_subdag_operator.section-1 to None, run_after=None
[2026-09-18T11:54:19.742+0700] {logging_mixin.py:190} INFO - [2026-09-18T11:54:19.742+0700] {dag.py:4180} INFO - Setting next_dagrun for example_subdag_operator.section-2 to None, run_after=None
[2026-09-18T11:54:19.746+0700] {logging_mixin.py:190} INFO - [2026-09-18T11:54:19.746+0700] {dag.py:3239} INFO - Sync 2 DAGs
[2026-09-18T11:54:19.748+0700] {logging_mixin.py:190} INFO - [2026-09-18T11:54:19.748+0700] {dag.py:4180} INFO - Setting next_dagrun for example_subdag_operator.section-1 to None, run_after=None
[2026-09-18T11:54:19.748+0700] {logging_mixin.py:190} INFO - [2026-09-18T11:54:19.748+0700] {dag.py:4180} INFO - Setting next_dagrun for example_subdag_operator.section-2 to None, run_after=None
[2026-09-18T11:54:19.754+0700] {processor.py:208} INFO - Processing /Users/andreasanditya/Downloads/572392_Andreas_AirflowETL/code/.venv/lib/python3.9/site-packages/airflow/example_dags/example_subdag_operator.py took 0.416 seconds
[2026-09-18T11:55:47.359+0700] {processor.py:186} INFO - Started process (PID=34584) to work on /Users/andreasanditya/Downloads/572392_Andreas_AirflowETL/code/.venv/lib/python3.9/site-packages/airflow/example_dags/example_subdag_operator.py
[2026-09-18T11:55:47.361+0700] {processor.py:914} INFO - Processing file /Users/andreasanditya/Downloads/572392_Andreas_AirflowETL/code/.venv/lib/python3.9/site-packages/airflow/example_dags/example_subdag_operator.py for tasks to queue
[2026-09-18T11:55:47.362+0700] {logging_mixin.py:190} INFO - [2026-09-18T11:55:47.362+0700] {dagbag.py:588} INFO - Filling up the DagBag from /Users/andreasanditya/Downloads/572392_Andreas_AirflowETL/code/.venv/lib/python3.9/site-packages/airflow/example_dags/example_subdag_operator.py
[2026-09-18T11:55:47.454+0700] {processor.py:925} INFO - DAG(s) 'example_subdag_operator.section-1', 'example_subdag_operator.section-2', 'example_subdag_operator' retrieved from /Users/andreasanditya/Downloads/572392_Andreas_AirflowETL/code/.venv/lib/python3.9/site-packages/airflow/example_dags/example_subdag_operator.py
[2026-09-18T11:55:47.678+0700] {logging_mixin.py:190} INFO - [2026-09-18T11:55:47.678+0700] {dag.py:3239} INFO - Sync 3 DAGs
[2026-09-18T11:55:47.719+0700] {logging_mixin.py:190} INFO - [2026-09-18T11:55:47.719+0700] {dag.py:4180} INFO - Setting next_dagrun for example_subdag_operator to 2022-01-01 00:00:00+00:00, run_after=2022-01-01 00:00:00+00:00
[2026-09-18T11:55:47.721+0700] {logging_mixin.py:190} INFO - [2026-09-18T11:55:47.721+0700] {dag.py:4180} INFO - Setting next_dagrun for example_subdag_operator.section-1 to None, run_after=None
[2026-09-18T11:55:47.721+0700] {logging_mixin.py:190} INFO - [2026-09-18T11:55:47.721+0700] {dag.py:4180} INFO - Setting next_dagrun for example_subdag_operator.section-2 to None, run_after=None
[2026-09-18T11:55:47.725+0700] {logging_mixin.py:190} INFO - [2026-09-18T11:55:47.725+0700] {dag.py:3239} INFO - Sync 2 DAGs
[2026-09-18T11:55:47.727+0700] {logging_mixin.py:190} INFO - [2026-09-18T11:55:47.727+0700] {dag.py:4180} INFO - Setting next_dagrun for example_subdag_operator.section-1 to None, run_after=None
[2026-09-18T11:55:47.727+0700] {logging_mixin.py:190} INFO - [2026-09-18T11:55:47.727+0700] {dag.py:4180} INFO - Setting next_dagrun for example_subdag_operator.section-2 to None, run_after=None
[2026-09-18T11:55:47.735+0700] {processor.py:208} INFO - Processing /Users/andreasanditya/Downloads/572392_Andreas_AirflowETL/code/.venv/lib/python3.9/site-packages/airflow/example_dags/example_subdag_operator.py took 0.378 seconds
[2026-09-18T11:57:14.527+0700] {processor.py:186} INFO - Started process (PID=35495) to work on /Users/andreasanditya/Downloads/572392_Andreas_AirflowETL/code/.venv/lib/python3.9/site-packages/airflow/example_dags/example_subdag_operator.py
[2026-09-18T11:57:14.528+0700] {processor.py:914} INFO - Processing file /Users/andreasanditya/Downloads/572392_Andreas_AirflowETL/code/.venv/lib/python3.9/site-packages/airflow/example_dags/example_subdag_operator.py for tasks to queue
[2026-09-18T11:57:14.528+0700] {logging_mixin.py:190} INFO - [2026-09-18T11:57:14.528+0700] {dagbag.py:588} INFO - Filling up the DagBag from /Users/andreasanditya/Downloads/572392_Andreas_AirflowETL/code/.venv/lib/python3.9/site-packages/airflow/example_dags/example_subdag_operator.py
[2026-09-18T11:57:14.620+0700] {processor.py:925} INFO - DAG(s) 'example_subdag_operator.section-1', 'example_subdag_operator.section-2', 'example_subdag_operator' retrieved from /Users/andreasanditya/Downloads/572392_Andreas_AirflowETL/code/.venv/lib/python3.9/site-packages/airflow/example_dags/example_subdag_operator.py
[2026-09-18T11:57:14.885+0700] {logging_mixin.py:190} INFO - [2026-09-18T11:57:14.885+0700] {dag.py:3239} INFO - Sync 3 DAGs
[2026-09-18T11:57:14.925+0700] {logging_mixin.py:190} INFO - [2026-09-18T11:57:14.925+0700] {dag.py:4180} INFO - Setting next_dagrun for example_subdag_operator to 2022-01-01 00:00:00+00:00, run_after=2022-01-01 00:00:00+00:00
[2026-09-18T11:57:14.927+0700] {logging_mixin.py:190} INFO - [2026-09-18T11:57:14.927+0700] {dag.py:4180} INFO - Setting next_dagrun for example_subdag_operator.section-1 to None, run_after=None
[2026-09-18T11:57:14.927+0700] {logging_mixin.py:190} INFO - [2026-09-18T11:57:14.927+0700] {dag.py:4180} INFO - Setting next_dagrun for example_subdag_operator.section-2 to None, run_after=None
[2026-09-18T11:57:14.931+0700] {logging_mixin.py:190} INFO - [2026-09-18T11:57:14.931+0700] {dag.py:3239} INFO - Sync 2 DAGs
[2026-09-18T11:57:14.933+0700] {logging_mixin.py:190} INFO - [2026-09-18T11:57:14.933+0700] {dag.py:4180} INFO - Setting next_dagrun for example_subdag_operator.section-1 to None, run_after=None
[2026-09-18T11:57:14.933+0700] {logging_mixin.py:190} INFO - [2026-09-18T11:57:14.933+0700] {dag.py:4180} INFO - Setting next_dagrun for example_subdag_operator.section-2 to None, run_after=None
[2026-09-18T11:57:14.939+0700] {processor.py:208} INFO - Processing /Users/andreasanditya/Downloads/572392_Andreas_AirflowETL/code/.venv/lib/python3.9/site-packages/airflow/example_dags/example_subdag_operator.py took 0.415 seconds
[2026-09-18T11:58:39.012+0700] {processor.py:186} INFO - Started process (PID=36304) to work on /Users/andreasanditya/Downloads/572392_Andreas_AirflowETL/code/.venv/lib/python3.9/site-packages/airflow/example_dags/example_subdag_operator.py
[2026-09-18T11:58:39.013+0700] {processor.py:914} INFO - Processing file /Users/andreasanditya/Downloads/572392_Andreas_AirflowETL/code/.venv/lib/python3.9/site-packages/airflow/example_dags/example_subdag_operator.py for tasks to queue
[2026-09-18T11:58:39.014+0700] {logging_mixin.py:190} INFO - [2026-09-18T11:58:39.014+0700] {dagbag.py:588} INFO - Filling up the DagBag from /Users/andreasanditya/Downloads/572392_Andreas_AirflowETL/code/.venv/lib/python3.9/site-packages/airflow/example_dags/example_subdag_operator.py
[2026-09-18T11:58:39.102+0700] {processor.py:925} INFO - DAG(s) 'example_subdag_operator.section-1', 'example_subdag_operator.section-2', 'example_subdag_operator' retrieved from /Users/andreasanditya/Downloads/572392_Andreas_AirflowETL/code/.venv/lib/python3.9/site-packages/airflow/example_dags/example_subdag_operator.py
[2026-09-18T11:58:39.319+0700] {logging_mixin.py:190} INFO - [2026-09-18T11:58:39.319+0700] {dag.py:3239} INFO - Sync 3 DAGs
[2026-09-18T11:58:39.362+0700] {logging_mixin.py:190} INFO - [2026-09-18T11:58:39.361+0700] {dag.py:4180} INFO - Setting next_dagrun for example_subdag_operator to 2022-01-01 00:00:00+00:00, run_after=2022-01-01 00:00:00+00:00
[2026-09-18T11:58:39.363+0700] {logging_mixin.py:190} INFO - [2026-09-18T11:58:39.363+0700] {dag.py:4180} INFO - Setting next_dagrun for example_subdag_operator.section-1 to None, run_after=None
[2026-09-18T11:58:39.364+0700] {logging_mixin.py:190} INFO - [2026-09-18T11:58:39.364+0700] {dag.py:4180} INFO - Setting next_dagrun for example_subdag_operator.section-2 to None, run_after=None
[2026-09-18T11:58:39.367+0700] {logging_mixin.py:190} INFO - [2026-09-18T11:58:39.367+0700] {dag.py:3239} INFO - Sync 2 DAGs
[2026-09-18T11:58:39.369+0700] {logging_mixin.py:190} INFO - [2026-09-18T11:58:39.369+0700] {dag.py:4180} INFO - Setting next_dagrun for example_subdag_operator.section-1 to None, run_after=None
[2026-09-18T11:58:39.369+0700] {logging_mixin.py:190} INFO - [2026-09-18T11:58:39.369+0700] {dag.py:4180} INFO - Setting next_dagrun for example_subdag_operator.section-2 to None, run_after=None
[2026-09-18T11:58:39.376+0700] {processor.py:208} INFO - Processing /Users/andreasanditya/Downloads/572392_Andreas_AirflowETL/code/.venv/lib/python3.9/site-packages/airflow/example_dags/example_subdag_operator.py took 0.365 seconds
[2026-09-18T12:00:05.151+0700] {processor.py:186} INFO - Started process (PID=37128) to work on /Users/andreasanditya/Downloads/572392_Andreas_AirflowETL/code/.venv/lib/python3.9/site-packages/airflow/example_dags/example_subdag_operator.py
[2026-09-18T12:00:05.152+0700] {processor.py:914} INFO - Processing file /Users/andreasanditya/Downloads/572392_Andreas_AirflowETL/code/.venv/lib/python3.9/site-packages/airflow/example_dags/example_subdag_operator.py for tasks to queue
[2026-09-18T12:00:05.153+0700] {logging_mixin.py:190} INFO - [2026-09-18T12:00:05.153+0700] {dagbag.py:588} INFO - Filling up the DagBag from /Users/andreasanditya/Downloads/572392_Andreas_AirflowETL/code/.venv/lib/python3.9/site-packages/airflow/example_dags/example_subdag_operator.py
[2026-09-18T12:00:05.245+0700] {processor.py:925} INFO - DAG(s) 'example_subdag_operator.section-1', 'example_subdag_operator.section-2', 'example_subdag_operator' retrieved from /Users/andreasanditya/Downloads/572392_Andreas_AirflowETL/code/.venv/lib/python3.9/site-packages/airflow/example_dags/example_subdag_operator.py
[2026-09-18T12:00:05.500+0700] {logging_mixin.py:190} INFO - [2026-09-18T12:00:05.499+0700] {dag.py:3239} INFO - Sync 3 DAGs
[2026-09-18T12:00:05.542+0700] {logging_mixin.py:190} INFO - [2026-09-18T12:00:05.542+0700] {dag.py:4180} INFO - Setting next_dagrun for example_subdag_operator to 2022-01-01 00:00:00+00:00, run_after=2022-01-01 00:00:00+00:00
[2026-09-18T12:00:05.544+0700] {logging_mixin.py:190} INFO - [2026-09-18T12:00:05.544+0700] {dag.py:4180} INFO - Setting next_dagrun for example_subdag_operator.section-1 to None, run_after=None
[2026-09-18T12:00:05.545+0700] {logging_mixin.py:190} INFO - [2026-09-18T12:00:05.545+0700] {dag.py:4180} INFO - Setting next_dagrun for example_subdag_operator.section-2 to None, run_after=None
[2026-09-18T12:00:05.548+0700] {logging_mixin.py:190} INFO - [2026-09-18T12:00:05.548+0700] {dag.py:3239} INFO - Sync 2 DAGs
[2026-09-18T12:00:05.550+0700] {logging_mixin.py:190} INFO - [2026-09-18T12:00:05.550+0700] {dag.py:4180} INFO - Setting next_dagrun for example_subdag_operator.section-1 to None, run_after=None
[2026-09-18T12:00:05.550+0700] {logging_mixin.py:190} INFO - [2026-09-18T12:00:05.550+0700] {dag.py:4180} INFO - Setting next_dagrun for example_subdag_operator.section-2 to None, run_after=None
[2026-09-18T12:00:05.557+0700] {processor.py:208} INFO - Processing /Users/andreasanditya/Downloads/572392_Andreas_AirflowETL/code/.venv/lib/python3.9/site-packages/airflow/example_dags/example_subdag_operator.py took 0.408 seconds
[2026-09-18T12:01:32.316+0700] {processor.py:186} INFO - Started process (PID=38047) to work on /Users/andreasanditya/Downloads/572392_Andreas_AirflowETL/code/.venv/lib/python3.9/site-packages/airflow/example_dags/example_subdag_operator.py
[2026-09-18T12:01:32.317+0700] {processor.py:914} INFO - Processing file /Users/andreasanditya/Downloads/572392_Andreas_AirflowETL/code/.venv/lib/python3.9/site-packages/airflow/example_dags/example_subdag_operator.py for tasks to queue
[2026-09-18T12:01:32.318+0700] {logging_mixin.py:190} INFO - [2026-09-18T12:01:32.318+0700] {dagbag.py:588} INFO - Filling up the DagBag from /Users/andreasanditya/Downloads/572392_Andreas_AirflowETL/code/.venv/lib/python3.9/site-packages/airflow/example_dags/example_subdag_operator.py
[2026-09-18T12:01:32.410+0700] {processor.py:925} INFO - DAG(s) 'example_subdag_operator.section-1', 'example_subdag_operator.section-2', 'example_subdag_operator' retrieved from /Users/andreasanditya/Downloads/572392_Andreas_AirflowETL/code/.venv/lib/python3.9/site-packages/airflow/example_dags/example_subdag_operator.py
[2026-09-18T12:01:32.627+0700] {logging_mixin.py:190} INFO - [2026-09-18T12:01:32.626+0700] {dag.py:3239} INFO - Sync 3 DAGs
[2026-09-18T12:01:32.667+0700] {logging_mixin.py:190} INFO - [2026-09-18T12:01:32.667+0700] {dag.py:4180} INFO - Setting next_dagrun for example_subdag_operator to 2022-01-01 00:00:00+00:00, run_after=2022-01-01 00:00:00+00:00
[2026-09-18T12:01:32.669+0700] {logging_mixin.py:190} INFO - [2026-09-18T12:01:32.669+0700] {dag.py:4180} INFO - Setting next_dagrun for example_subdag_operator.section-1 to None, run_after=None
[2026-09-18T12:01:32.669+0700] {logging_mixin.py:190} INFO - [2026-09-18T12:01:32.669+0700] {dag.py:4180} INFO - Setting next_dagrun for example_subdag_operator.section-2 to None, run_after=None
[2026-09-18T12:01:32.673+0700] {logging_mixin.py:190} INFO - [2026-09-18T12:01:32.672+0700] {dag.py:3239} INFO - Sync 2 DAGs
[2026-09-18T12:01:32.674+0700] {logging_mixin.py:190} INFO - [2026-09-18T12:01:32.674+0700] {dag.py:4180} INFO - Setting next_dagrun for example_subdag_operator.section-1 to None, run_after=None
[2026-09-18T12:01:32.675+0700] {logging_mixin.py:190} INFO - [2026-09-18T12:01:32.675+0700] {dag.py:4180} INFO - Setting next_dagrun for example_subdag_operator.section-2 to None, run_after=None
[2026-09-18T12:01:32.681+0700] {processor.py:208} INFO - Processing /Users/andreasanditya/Downloads/572392_Andreas_AirflowETL/code/.venv/lib/python3.9/site-packages/airflow/example_dags/example_subdag_operator.py took 0.367 seconds
[2026-09-18T12:02:59.572+0700] {processor.py:186} INFO - Started process (PID=38974) to work on /Users/andreasanditya/Downloads/572392_Andreas_AirflowETL/code/.venv/lib/python3.9/site-packages/airflow/example_dags/example_subdag_operator.py
[2026-09-18T12:02:59.573+0700] {processor.py:914} INFO - Processing file /Users/andreasanditya/Downloads/572392_Andreas_AirflowETL/code/.venv/lib/python3.9/site-packages/airflow/example_dags/example_subdag_operator.py for tasks to queue
[2026-09-18T12:02:59.574+0700] {logging_mixin.py:190} INFO - [2026-09-18T12:02:59.573+0700] {dagbag.py:588} INFO - Filling up the DagBag from /Users/andreasanditya/Downloads/572392_Andreas_AirflowETL/code/.venv/lib/python3.9/site-packages/airflow/example_dags/example_subdag_operator.py
[2026-09-18T12:02:59.663+0700] {processor.py:925} INFO - DAG(s) 'example_subdag_operator.section-1', 'example_subdag_operator.section-2', 'example_subdag_operator' retrieved from /Users/andreasanditya/Downloads/572392_Andreas_AirflowETL/code/.venv/lib/python3.9/site-packages/airflow/example_dags/example_subdag_operator.py
[2026-09-18T12:02:59.895+0700] {logging_mixin.py:190} INFO - [2026-09-18T12:02:59.895+0700] {dag.py:3239} INFO - Sync 3 DAGs
[2026-09-18T12:02:59.936+0700] {logging_mixin.py:190} INFO - [2026-09-18T12:02:59.935+0700] {dag.py:4180} INFO - Setting next_dagrun for example_subdag_operator to 2022-01-01 00:00:00+00:00, run_after=2022-01-01 00:00:00+00:00
[2026-09-18T12:02:59.938+0700] {logging_mixin.py:190} INFO - [2026-09-18T12:02:59.937+0700] {dag.py:4180} INFO - Setting next_dagrun for example_subdag_operator.section-1 to None, run_after=None
[2026-09-18T12:02:59.938+0700] {logging_mixin.py:190} INFO - [2026-09-18T12:02:59.938+0700] {dag.py:4180} INFO - Setting next_dagrun for example_subdag_operator.section-2 to None, run_after=None
[2026-09-18T12:02:59.941+0700] {logging_mixin.py:190} INFO - [2026-09-18T12:02:59.941+0700] {dag.py:3239} INFO - Sync 2 DAGs
[2026-09-18T12:02:59.943+0700] {logging_mixin.py:190} INFO - [2026-09-18T12:02:59.943+0700] {dag.py:4180} INFO - Setting next_dagrun for example_subdag_operator.section-1 to None, run_after=None
[2026-09-18T12:02:59.944+0700] {logging_mixin.py:190} INFO - [2026-09-18T12:02:59.944+0700] {dag.py:4180} INFO - Setting next_dagrun for example_subdag_operator.section-2 to None, run_after=None
[2026-09-18T12:02:59.950+0700] {processor.py:208} INFO - Processing /Users/andreasanditya/Downloads/572392_Andreas_AirflowETL/code/.venv/lib/python3.9/site-packages/airflow/example_dags/example_subdag_operator.py took 0.380 seconds
[2026-09-18T12:04:26.185+0700] {processor.py:186} INFO - Started process (PID=39807) to work on /Users/andreasanditya/Downloads/572392_Andreas_AirflowETL/code/.venv/lib/python3.9/site-packages/airflow/example_dags/example_subdag_operator.py
[2026-09-18T12:04:26.187+0700] {processor.py:914} INFO - Processing file /Users/andreasanditya/Downloads/572392_Andreas_AirflowETL/code/.venv/lib/python3.9/site-packages/airflow/example_dags/example_subdag_operator.py for tasks to queue
[2026-09-18T12:04:26.187+0700] {logging_mixin.py:190} INFO - [2026-09-18T12:04:26.187+0700] {dagbag.py:588} INFO - Filling up the DagBag from /Users/andreasanditya/Downloads/572392_Andreas_AirflowETL/code/.venv/lib/python3.9/site-packages/airflow/example_dags/example_subdag_operator.py
[2026-09-18T12:04:26.278+0700] {processor.py:925} INFO - DAG(s) 'example_subdag_operator.section-1', 'example_subdag_operator.section-2', 'example_subdag_operator' retrieved from /Users/andreasanditya/Downloads/572392_Andreas_AirflowETL/code/.venv/lib/python3.9/site-packages/airflow/example_dags/example_subdag_operator.py
[2026-09-18T12:04:26.505+0700] {logging_mixin.py:190} INFO - [2026-09-18T12:04:26.505+0700] {dag.py:3239} INFO - Sync 3 DAGs
[2026-09-18T12:04:26.548+0700] {logging_mixin.py:190} INFO - [2026-09-18T12:04:26.548+0700] {dag.py:4180} INFO - Setting next_dagrun for example_subdag_operator to 2022-01-01 00:00:00+00:00, run_after=2022-01-01 00:00:00+00:00
[2026-09-18T12:04:26.550+0700] {logging_mixin.py:190} INFO - [2026-09-18T12:04:26.550+0700] {dag.py:4180} INFO - Setting next_dagrun for example_subdag_operator.section-1 to None, run_after=None
[2026-09-18T12:04:26.551+0700] {logging_mixin.py:190} INFO - [2026-09-18T12:04:26.551+0700] {dag.py:4180} INFO - Setting next_dagrun for example_subdag_operator.section-2 to None, run_after=None
[2026-09-18T12:04:26.554+0700] {logging_mixin.py:190} INFO - [2026-09-18T12:04:26.554+0700] {dag.py:3239} INFO - Sync 2 DAGs
[2026-09-18T12:04:26.556+0700] {logging_mixin.py:190} INFO - [2026-09-18T12:04:26.556+0700] {dag.py:4180} INFO - Setting next_dagrun for example_subdag_operator.section-1 to None, run_after=None
[2026-09-18T12:04:26.556+0700] {logging_mixin.py:190} INFO - [2026-09-18T12:04:26.556+0700] {dag.py:4180} INFO - Setting next_dagrun for example_subdag_operator.section-2 to None, run_after=None
[2026-09-18T12:04:26.563+0700] {processor.py:208} INFO - Processing /Users/andreasanditya/Downloads/572392_Andreas_AirflowETL/code/.venv/lib/python3.9/site-packages/airflow/example_dags/example_subdag_operator.py took 0.380 seconds
[2026-09-18T12:05:52.598+0700] {processor.py:186} INFO - Started process (PID=40703) to work on /Users/andreasanditya/Downloads/572392_Andreas_AirflowETL/code/.venv/lib/python3.9/site-packages/airflow/example_dags/example_subdag_operator.py
[2026-09-18T12:05:52.599+0700] {processor.py:914} INFO - Processing file /Users/andreasanditya/Downloads/572392_Andreas_AirflowETL/code/.venv/lib/python3.9/site-packages/airflow/example_dags/example_subdag_operator.py for tasks to queue
[2026-09-18T12:05:52.600+0700] {logging_mixin.py:190} INFO - [2026-09-18T12:05:52.600+0700] {dagbag.py:588} INFO - Filling up the DagBag from /Users/andreasanditya/Downloads/572392_Andreas_AirflowETL/code/.venv/lib/python3.9/site-packages/airflow/example_dags/example_subdag_operator.py
[2026-09-18T12:05:52.688+0700] {processor.py:925} INFO - DAG(s) 'example_subdag_operator.section-1', 'example_subdag_operator.section-2', 'example_subdag_operator' retrieved from /Users/andreasanditya/Downloads/572392_Andreas_AirflowETL/code/.venv/lib/python3.9/site-packages/airflow/example_dags/example_subdag_operator.py
[2026-09-18T12:05:52.952+0700] {logging_mixin.py:190} INFO - [2026-09-18T12:05:52.952+0700] {dag.py:3239} INFO - Sync 3 DAGs
[2026-09-18T12:05:52.992+0700] {logging_mixin.py:190} INFO - [2026-09-18T12:05:52.992+0700] {dag.py:4180} INFO - Setting next_dagrun for example_subdag_operator to 2022-01-01 00:00:00+00:00, run_after=2022-01-01 00:00:00+00:00
[2026-09-18T12:05:52.994+0700] {logging_mixin.py:190} INFO - [2026-09-18T12:05:52.994+0700] {dag.py:4180} INFO - Setting next_dagrun for example_subdag_operator.section-1 to None, run_after=None
[2026-09-18T12:05:52.994+0700] {logging_mixin.py:190} INFO - [2026-09-18T12:05:52.994+0700] {dag.py:4180} INFO - Setting next_dagrun for example_subdag_operator.section-2 to None, run_after=None
[2026-09-18T12:05:52.998+0700] {logging_mixin.py:190} INFO - [2026-09-18T12:05:52.998+0700] {dag.py:3239} INFO - Sync 2 DAGs
[2026-09-18T12:05:53.000+0700] {logging_mixin.py:190} INFO - [2026-09-18T12:05:53.000+0700] {dag.py:4180} INFO - Setting next_dagrun for example_subdag_operator.section-1 to None, run_after=None
[2026-09-18T12:05:53.000+0700] {logging_mixin.py:190} INFO - [2026-09-18T12:05:53.000+0700] {dag.py:4180} INFO - Setting next_dagrun for example_subdag_operator.section-2 to None, run_after=None
[2026-09-18T12:05:53.006+0700] {processor.py:208} INFO - Processing /Users/andreasanditya/Downloads/572392_Andreas_AirflowETL/code/.venv/lib/python3.9/site-packages/airflow/example_dags/example_subdag_operator.py took 0.410 seconds
[2026-09-18T12:07:21.162+0700] {processor.py:186} INFO - Started process (PID=41536) to work on /Users/andreasanditya/Downloads/572392_Andreas_AirflowETL/code/.venv/lib/python3.9/site-packages/airflow/example_dags/example_subdag_operator.py
[2026-09-18T12:07:21.163+0700] {processor.py:914} INFO - Processing file /Users/andreasanditya/Downloads/572392_Andreas_AirflowETL/code/.venv/lib/python3.9/site-packages/airflow/example_dags/example_subdag_operator.py for tasks to queue
[2026-09-18T12:07:21.164+0700] {logging_mixin.py:190} INFO - [2026-09-18T12:07:21.163+0700] {dagbag.py:588} INFO - Filling up the DagBag from /Users/andreasanditya/Downloads/572392_Andreas_AirflowETL/code/.venv/lib/python3.9/site-packages/airflow/example_dags/example_subdag_operator.py
[2026-09-18T12:07:21.254+0700] {processor.py:925} INFO - DAG(s) 'example_subdag_operator.section-1', 'example_subdag_operator.section-2', 'example_subdag_operator' retrieved from /Users/andreasanditya/Downloads/572392_Andreas_AirflowETL/code/.venv/lib/python3.9/site-packages/airflow/example_dags/example_subdag_operator.py
[2026-09-18T12:07:21.535+0700] {logging_mixin.py:190} INFO - [2026-09-18T12:07:21.535+0700] {dag.py:3239} INFO - Sync 3 DAGs
[2026-09-18T12:07:21.576+0700] {logging_mixin.py:190} INFO - [2026-09-18T12:07:21.576+0700] {dag.py:4180} INFO - Setting next_dagrun for example_subdag_operator to 2022-01-01 00:00:00+00:00, run_after=2022-01-01 00:00:00+00:00
[2026-09-18T12:07:21.578+0700] {logging_mixin.py:190} INFO - [2026-09-18T12:07:21.578+0700] {dag.py:4180} INFO - Setting next_dagrun for example_subdag_operator.section-1 to None, run_after=None
[2026-09-18T12:07:21.578+0700] {logging_mixin.py:190} INFO - [2026-09-18T12:07:21.578+0700] {dag.py:4180} INFO - Setting next_dagrun for example_subdag_operator.section-2 to None, run_after=None
[2026-09-18T12:07:21.582+0700] {logging_mixin.py:190} INFO - [2026-09-18T12:07:21.582+0700] {dag.py:3239} INFO - Sync 2 DAGs
[2026-09-18T12:07:21.584+0700] {logging_mixin.py:190} INFO - [2026-09-18T12:07:21.584+0700] {dag.py:4180} INFO - Setting next_dagrun for example_subdag_operator.section-1 to None, run_after=None
[2026-09-18T12:07:21.584+0700] {logging_mixin.py:190} INFO - [2026-09-18T12:07:21.584+0700] {dag.py:4180} INFO - Setting next_dagrun for example_subdag_operator.section-2 to None, run_after=None
[2026-09-18T12:07:21.590+0700] {processor.py:208} INFO - Processing /Users/andreasanditya/Downloads/572392_Andreas_AirflowETL/code/.venv/lib/python3.9/site-packages/airflow/example_dags/example_subdag_operator.py took 0.431 seconds
[2026-09-18T12:08:48.084+0700] {processor.py:186} INFO - Started process (PID=42446) to work on /Users/andreasanditya/Downloads/572392_Andreas_AirflowETL/code/.venv/lib/python3.9/site-packages/airflow/example_dags/example_subdag_operator.py
[2026-09-18T12:08:48.085+0700] {processor.py:914} INFO - Processing file /Users/andreasanditya/Downloads/572392_Andreas_AirflowETL/code/.venv/lib/python3.9/site-packages/airflow/example_dags/example_subdag_operator.py for tasks to queue
[2026-09-18T12:08:48.086+0700] {logging_mixin.py:190} INFO - [2026-09-18T12:08:48.086+0700] {dagbag.py:588} INFO - Filling up the DagBag from /Users/andreasanditya/Downloads/572392_Andreas_AirflowETL/code/.venv/lib/python3.9/site-packages/airflow/example_dags/example_subdag_operator.py
[2026-09-18T12:08:48.177+0700] {processor.py:925} INFO - DAG(s) 'example_subdag_operator.section-1', 'example_subdag_operator.section-2', 'example_subdag_operator' retrieved from /Users/andreasanditya/Downloads/572392_Andreas_AirflowETL/code/.venv/lib/python3.9/site-packages/airflow/example_dags/example_subdag_operator.py
[2026-09-18T12:08:48.427+0700] {logging_mixin.py:190} INFO - [2026-09-18T12:08:48.427+0700] {dag.py:3239} INFO - Sync 3 DAGs
[2026-09-18T12:08:48.467+0700] {logging_mixin.py:190} INFO - [2026-09-18T12:08:48.467+0700] {dag.py:4180} INFO - Setting next_dagrun for example_subdag_operator to 2022-01-01 00:00:00+00:00, run_after=2022-01-01 00:00:00+00:00
[2026-09-18T12:08:48.469+0700] {logging_mixin.py:190} INFO - [2026-09-18T12:08:48.469+0700] {dag.py:4180} INFO - Setting next_dagrun for example_subdag_operator.section-1 to None, run_after=None
[2026-09-18T12:08:48.469+0700] {logging_mixin.py:190} INFO - [2026-09-18T12:08:48.469+0700] {dag.py:4180} INFO - Setting next_dagrun for example_subdag_operator.section-2 to None, run_after=None
[2026-09-18T12:08:48.473+0700] {logging_mixin.py:190} INFO - [2026-09-18T12:08:48.473+0700] {dag.py:3239} INFO - Sync 2 DAGs
[2026-09-18T12:08:48.475+0700] {logging_mixin.py:190} INFO - [2026-09-18T12:08:48.475+0700] {dag.py:4180} INFO - Setting next_dagrun for example_subdag_operator.section-1 to None, run_after=None
[2026-09-18T12:08:48.475+0700] {logging_mixin.py:190} INFO - [2026-09-18T12:08:48.475+0700] {dag.py:4180} INFO - Setting next_dagrun for example_subdag_operator.section-2 to None, run_after=None
[2026-09-18T12:08:48.481+0700] {processor.py:208} INFO - Processing /Users/andreasanditya/Downloads/572392_Andreas_AirflowETL/code/.venv/lib/python3.9/site-packages/airflow/example_dags/example_subdag_operator.py took 0.400 seconds
[2026-09-18T12:10:14.868+0700] {processor.py:186} INFO - Started process (PID=43362) to work on /Users/andreasanditya/Downloads/572392_Andreas_AirflowETL/code/.venv/lib/python3.9/site-packages/airflow/example_dags/example_subdag_operator.py
[2026-09-18T12:10:14.870+0700] {processor.py:914} INFO - Processing file /Users/andreasanditya/Downloads/572392_Andreas_AirflowETL/code/.venv/lib/python3.9/site-packages/airflow/example_dags/example_subdag_operator.py for tasks to queue
[2026-09-18T12:10:14.871+0700] {logging_mixin.py:190} INFO - [2026-09-18T12:10:14.870+0700] {dagbag.py:588} INFO - Filling up the DagBag from /Users/andreasanditya/Downloads/572392_Andreas_AirflowETL/code/.venv/lib/python3.9/site-packages/airflow/example_dags/example_subdag_operator.py
[2026-09-18T12:10:14.960+0700] {processor.py:925} INFO - DAG(s) 'example_subdag_operator.section-1', 'example_subdag_operator.section-2', 'example_subdag_operator' retrieved from /Users/andreasanditya/Downloads/572392_Andreas_AirflowETL/code/.venv/lib/python3.9/site-packages/airflow/example_dags/example_subdag_operator.py
[2026-09-18T12:10:15.174+0700] {logging_mixin.py:190} INFO - [2026-09-18T12:10:15.174+0700] {dag.py:3239} INFO - Sync 3 DAGs
[2026-09-18T12:10:15.214+0700] {logging_mixin.py:190} INFO - [2026-09-18T12:10:15.213+0700] {dag.py:4180} INFO - Setting next_dagrun for example_subdag_operator to 2022-01-01 00:00:00+00:00, run_after=2022-01-01 00:00:00+00:00
[2026-09-18T12:10:15.215+0700] {logging_mixin.py:190} INFO - [2026-09-18T12:10:15.215+0700] {dag.py:4180} INFO - Setting next_dagrun for example_subdag_operator.section-1 to None, run_after=None
[2026-09-18T12:10:15.216+0700] {logging_mixin.py:190} INFO - [2026-09-18T12:10:15.216+0700] {dag.py:4180} INFO - Setting next_dagrun for example_subdag_operator.section-2 to None, run_after=None
[2026-09-18T12:10:15.219+0700] {logging_mixin.py:190} INFO - [2026-09-18T12:10:15.219+0700] {dag.py:3239} INFO - Sync 2 DAGs
[2026-09-18T12:10:15.221+0700] {logging_mixin.py:190} INFO - [2026-09-18T12:10:15.221+0700] {dag.py:4180} INFO - Setting next_dagrun for example_subdag_operator.section-1 to None, run_after=None
[2026-09-18T12:10:15.221+0700] {logging_mixin.py:190} INFO - [2026-09-18T12:10:15.221+0700] {dag.py:4180} INFO - Setting next_dagrun for example_subdag_operator.section-2 to None, run_after=None
[2026-09-18T12:10:15.228+0700] {processor.py:208} INFO - Processing /Users/andreasanditya/Downloads/572392_Andreas_AirflowETL/code/.venv/lib/python3.9/site-packages/airflow/example_dags/example_subdag_operator.py took 0.361 seconds
[2026-09-18T12:11:41.974+0700] {processor.py:186} INFO - Started process (PID=44201) to work on /Users/andreasanditya/Downloads/572392_Andreas_AirflowETL/code/.venv/lib/python3.9/site-packages/airflow/example_dags/example_subdag_operator.py
[2026-09-18T12:11:41.975+0700] {processor.py:914} INFO - Processing file /Users/andreasanditya/Downloads/572392_Andreas_AirflowETL/code/.venv/lib/python3.9/site-packages/airflow/example_dags/example_subdag_operator.py for tasks to queue
[2026-09-18T12:11:41.976+0700] {logging_mixin.py:190} INFO - [2026-09-18T12:11:41.976+0700] {dagbag.py:588} INFO - Filling up the DagBag from /Users/andreasanditya/Downloads/572392_Andreas_AirflowETL/code/.venv/lib/python3.9/site-packages/airflow/example_dags/example_subdag_operator.py
[2026-09-18T12:11:42.068+0700] {processor.py:925} INFO - DAG(s) 'example_subdag_operator.section-1', 'example_subdag_operator.section-2', 'example_subdag_operator' retrieved from /Users/andreasanditya/Downloads/572392_Andreas_AirflowETL/code/.venv/lib/python3.9/site-packages/airflow/example_dags/example_subdag_operator.py
[2026-09-18T12:11:42.329+0700] {logging_mixin.py:190} INFO - [2026-09-18T12:11:42.328+0700] {dag.py:3239} INFO - Sync 3 DAGs
[2026-09-18T12:11:42.371+0700] {logging_mixin.py:190} INFO - [2026-09-18T12:11:42.370+0700] {dag.py:4180} INFO - Setting next_dagrun for example_subdag_operator to 2022-01-01 00:00:00+00:00, run_after=2022-01-01 00:00:00+00:00
[2026-09-18T12:11:42.372+0700] {logging_mixin.py:190} INFO - [2026-09-18T12:11:42.372+0700] {dag.py:4180} INFO - Setting next_dagrun for example_subdag_operator.section-1 to None, run_after=None
[2026-09-18T12:11:42.373+0700] {logging_mixin.py:190} INFO - [2026-09-18T12:11:42.373+0700] {dag.py:4180} INFO - Setting next_dagrun for example_subdag_operator.section-2 to None, run_after=None
[2026-09-18T12:11:42.376+0700] {logging_mixin.py:190} INFO - [2026-09-18T12:11:42.376+0700] {dag.py:3239} INFO - Sync 2 DAGs
[2026-09-18T12:11:42.378+0700] {logging_mixin.py:190} INFO - [2026-09-18T12:11:42.378+0700] {dag.py:4180} INFO - Setting next_dagrun for example_subdag_operator.section-1 to None, run_after=None
[2026-09-18T12:11:42.378+0700] {logging_mixin.py:190} INFO - [2026-09-18T12:11:42.378+0700] {dag.py:4180} INFO - Setting next_dagrun for example_subdag_operator.section-2 to None, run_after=None
[2026-09-18T12:11:42.385+0700] {processor.py:208} INFO - Processing /Users/andreasanditya/Downloads/572392_Andreas_AirflowETL/code/.venv/lib/python3.9/site-packages/airflow/example_dags/example_subdag_operator.py took 0.413 seconds
[2026-09-18T12:13:11.779+0700] {processor.py:186} INFO - Started process (PID=45848) to work on /Users/andreasanditya/Downloads/572392_Andreas_AirflowETL/code/.venv/lib/python3.9/site-packages/airflow/example_dags/example_subdag_operator.py
[2026-09-18T12:13:11.780+0700] {processor.py:914} INFO - Processing file /Users/andreasanditya/Downloads/572392_Andreas_AirflowETL/code/.venv/lib/python3.9/site-packages/airflow/example_dags/example_subdag_operator.py for tasks to queue
[2026-09-18T12:13:11.781+0700] {logging_mixin.py:190} INFO - [2026-09-18T12:13:11.781+0700] {dagbag.py:588} INFO - Filling up the DagBag from /Users/andreasanditya/Downloads/572392_Andreas_AirflowETL/code/.venv/lib/python3.9/site-packages/airflow/example_dags/example_subdag_operator.py
[2026-09-18T12:13:11.884+0700] {processor.py:925} INFO - DAG(s) 'example_subdag_operator.section-1', 'example_subdag_operator.section-2', 'example_subdag_operator' retrieved from /Users/andreasanditya/Downloads/572392_Andreas_AirflowETL/code/.venv/lib/python3.9/site-packages/airflow/example_dags/example_subdag_operator.py
[2026-09-18T12:13:12.154+0700] {logging_mixin.py:190} INFO - [2026-09-18T12:13:12.154+0700] {dag.py:3239} INFO - Sync 3 DAGs
[2026-09-18T12:13:12.200+0700] {logging_mixin.py:190} INFO - [2026-09-18T12:13:12.200+0700] {dag.py:4180} INFO - Setting next_dagrun for example_subdag_operator to 2022-01-01 00:00:00+00:00, run_after=2022-01-01 00:00:00+00:00
[2026-09-18T12:13:12.202+0700] {logging_mixin.py:190} INFO - [2026-09-18T12:13:12.202+0700] {dag.py:4180} INFO - Setting next_dagrun for example_subdag_operator.section-1 to None, run_after=None
[2026-09-18T12:13:12.203+0700] {logging_mixin.py:190} INFO - [2026-09-18T12:13:12.203+0700] {dag.py:4180} INFO - Setting next_dagrun for example_subdag_operator.section-2 to None, run_after=None
[2026-09-18T12:13:12.207+0700] {logging_mixin.py:190} INFO - [2026-09-18T12:13:12.207+0700] {dag.py:3239} INFO - Sync 2 DAGs
[2026-09-18T12:13:12.209+0700] {logging_mixin.py:190} INFO - [2026-09-18T12:13:12.209+0700] {dag.py:4180} INFO - Setting next_dagrun for example_subdag_operator.section-1 to None, run_after=None
[2026-09-18T12:13:12.209+0700] {logging_mixin.py:190} INFO - [2026-09-18T12:13:12.209+0700] {dag.py:4180} INFO - Setting next_dagrun for example_subdag_operator.section-2 to None, run_after=None
[2026-09-18T12:13:12.216+0700] {processor.py:208} INFO - Processing /Users/andreasanditya/Downloads/572392_Andreas_AirflowETL/code/.venv/lib/python3.9/site-packages/airflow/example_dags/example_subdag_operator.py took 0.439 seconds
[2026-09-18T12:14:40.007+0700] {processor.py:186} INFO - Started process (PID=46855) to work on /Users/andreasanditya/Downloads/572392_Andreas_AirflowETL/code/.venv/lib/python3.9/site-packages/airflow/example_dags/example_subdag_operator.py
[2026-09-18T12:14:40.008+0700] {processor.py:914} INFO - Processing file /Users/andreasanditya/Downloads/572392_Andreas_AirflowETL/code/.venv/lib/python3.9/site-packages/airflow/example_dags/example_subdag_operator.py for tasks to queue
[2026-09-18T12:14:40.009+0700] {logging_mixin.py:190} INFO - [2026-09-18T12:14:40.008+0700] {dagbag.py:588} INFO - Filling up the DagBag from /Users/andreasanditya/Downloads/572392_Andreas_AirflowETL/code/.venv/lib/python3.9/site-packages/airflow/example_dags/example_subdag_operator.py
[2026-09-18T12:14:40.096+0700] {processor.py:925} INFO - DAG(s) 'example_subdag_operator.section-1', 'example_subdag_operator.section-2', 'example_subdag_operator' retrieved from /Users/andreasanditya/Downloads/572392_Andreas_AirflowETL/code/.venv/lib/python3.9/site-packages/airflow/example_dags/example_subdag_operator.py
[2026-09-18T12:14:40.369+0700] {logging_mixin.py:190} INFO - [2026-09-18T12:14:40.368+0700] {dag.py:3239} INFO - Sync 3 DAGs
[2026-09-18T12:14:40.408+0700] {logging_mixin.py:190} INFO - [2026-09-18T12:14:40.408+0700] {dag.py:4180} INFO - Setting next_dagrun for example_subdag_operator to 2022-01-01 00:00:00+00:00, run_after=2022-01-01 00:00:00+00:00
[2026-09-18T12:14:40.410+0700] {logging_mixin.py:190} INFO - [2026-09-18T12:14:40.410+0700] {dag.py:4180} INFO - Setting next_dagrun for example_subdag_operator.section-1 to None, run_after=None
[2026-09-18T12:14:40.410+0700] {logging_mixin.py:190} INFO - [2026-09-18T12:14:40.410+0700] {dag.py:4180} INFO - Setting next_dagrun for example_subdag_operator.section-2 to None, run_after=None
[2026-09-18T12:14:40.414+0700] {logging_mixin.py:190} INFO - [2026-09-18T12:14:40.414+0700] {dag.py:3239} INFO - Sync 2 DAGs
[2026-09-18T12:14:40.416+0700] {logging_mixin.py:190} INFO - [2026-09-18T12:14:40.416+0700] {dag.py:4180} INFO - Setting next_dagrun for example_subdag_operator.section-1 to None, run_after=None
[2026-09-18T12:14:40.416+0700] {logging_mixin.py:190} INFO - [2026-09-18T12:14:40.416+0700] {dag.py:4180} INFO - Setting next_dagrun for example_subdag_operator.section-2 to None, run_after=None
[2026-09-18T12:14:40.422+0700] {processor.py:208} INFO - Processing /Users/andreasanditya/Downloads/572392_Andreas_AirflowETL/code/.venv/lib/python3.9/site-packages/airflow/example_dags/example_subdag_operator.py took 0.417 seconds
[2026-09-18T12:16:07.420+0700] {processor.py:186} INFO - Started process (PID=48419) to work on /Users/andreasanditya/Downloads/572392_Andreas_AirflowETL/code/.venv/lib/python3.9/site-packages/airflow/example_dags/example_subdag_operator.py
[2026-09-18T12:16:07.421+0700] {processor.py:914} INFO - Processing file /Users/andreasanditya/Downloads/572392_Andreas_AirflowETL/code/.venv/lib/python3.9/site-packages/airflow/example_dags/example_subdag_operator.py for tasks to queue
[2026-09-18T12:16:07.422+0700] {logging_mixin.py:190} INFO - [2026-09-18T12:16:07.422+0700] {dagbag.py:588} INFO - Filling up the DagBag from /Users/andreasanditya/Downloads/572392_Andreas_AirflowETL/code/.venv/lib/python3.9/site-packages/airflow/example_dags/example_subdag_operator.py
[2026-09-18T12:16:07.512+0700] {processor.py:925} INFO - DAG(s) 'example_subdag_operator.section-1', 'example_subdag_operator.section-2', 'example_subdag_operator' retrieved from /Users/andreasanditya/Downloads/572392_Andreas_AirflowETL/code/.venv/lib/python3.9/site-packages/airflow/example_dags/example_subdag_operator.py
[2026-09-18T12:16:07.754+0700] {logging_mixin.py:190} INFO - [2026-09-18T12:16:07.754+0700] {dag.py:3239} INFO - Sync 3 DAGs
[2026-09-18T12:16:07.795+0700] {logging_mixin.py:190} INFO - [2026-09-18T12:16:07.795+0700] {dag.py:4180} INFO - Setting next_dagrun for example_subdag_operator to 2022-01-01 00:00:00+00:00, run_after=2022-01-01 00:00:00+00:00
[2026-09-18T12:16:07.797+0700] {logging_mixin.py:190} INFO - [2026-09-18T12:16:07.797+0700] {dag.py:4180} INFO - Setting next_dagrun for example_subdag_operator.section-1 to None, run_after=None
[2026-09-18T12:16:07.797+0700] {logging_mixin.py:190} INFO - [2026-09-18T12:16:07.797+0700] {dag.py:4180} INFO - Setting next_dagrun for example_subdag_operator.section-2 to None, run_after=None
[2026-09-18T12:16:07.801+0700] {logging_mixin.py:190} INFO - [2026-09-18T12:16:07.801+0700] {dag.py:3239} INFO - Sync 2 DAGs
[2026-09-18T12:16:07.803+0700] {logging_mixin.py:190} INFO - [2026-09-18T12:16:07.803+0700] {dag.py:4180} INFO - Setting next_dagrun for example_subdag_operator.section-1 to None, run_after=None
[2026-09-18T12:16:07.803+0700] {logging_mixin.py:190} INFO - [2026-09-18T12:16:07.803+0700] {dag.py:4180} INFO - Setting next_dagrun for example_subdag_operator.section-2 to None, run_after=None
[2026-09-18T12:16:07.810+0700] {processor.py:208} INFO - Processing /Users/andreasanditya/Downloads/572392_Andreas_AirflowETL/code/.venv/lib/python3.9/site-packages/airflow/example_dags/example_subdag_operator.py took 0.392 seconds
[2026-09-18T12:17:34.558+0700] {processor.py:186} INFO - Started process (PID=49796) to work on /Users/andreasanditya/Downloads/572392_Andreas_AirflowETL/code/.venv/lib/python3.9/site-packages/airflow/example_dags/example_subdag_operator.py
[2026-09-18T12:17:34.558+0700] {processor.py:914} INFO - Processing file /Users/andreasanditya/Downloads/572392_Andreas_AirflowETL/code/.venv/lib/python3.9/site-packages/airflow/example_dags/example_subdag_operator.py for tasks to queue
[2026-09-18T12:17:34.559+0700] {logging_mixin.py:190} INFO - [2026-09-18T12:17:34.559+0700] {dagbag.py:588} INFO - Filling up the DagBag from /Users/andreasanditya/Downloads/572392_Andreas_AirflowETL/code/.venv/lib/python3.9/site-packages/airflow/example_dags/example_subdag_operator.py
[2026-09-18T12:17:34.654+0700] {processor.py:925} INFO - DAG(s) 'example_subdag_operator.section-1', 'example_subdag_operator.section-2', 'example_subdag_operator' retrieved from /Users/andreasanditya/Downloads/572392_Andreas_AirflowETL/code/.venv/lib/python3.9/site-packages/airflow/example_dags/example_subdag_operator.py
[2026-09-18T12:17:34.916+0700] {logging_mixin.py:190} INFO - [2026-09-18T12:17:34.916+0700] {dag.py:3239} INFO - Sync 3 DAGs
[2026-09-18T12:17:34.956+0700] {logging_mixin.py:190} INFO - [2026-09-18T12:17:34.956+0700] {dag.py:4180} INFO - Setting next_dagrun for example_subdag_operator to 2022-01-01 00:00:00+00:00, run_after=2022-01-01 00:00:00+00:00
[2026-09-18T12:17:34.958+0700] {logging_mixin.py:190} INFO - [2026-09-18T12:17:34.958+0700] {dag.py:4180} INFO - Setting next_dagrun for example_subdag_operator.section-1 to None, run_after=None
[2026-09-18T12:17:34.958+0700] {logging_mixin.py:190} INFO - [2026-09-18T12:17:34.958+0700] {dag.py:4180} INFO - Setting next_dagrun for example_subdag_operator.section-2 to None, run_after=None
[2026-09-18T12:17:34.962+0700] {logging_mixin.py:190} INFO - [2026-09-18T12:17:34.962+0700] {dag.py:3239} INFO - Sync 2 DAGs
[2026-09-18T12:17:34.964+0700] {logging_mixin.py:190} INFO - [2026-09-18T12:17:34.964+0700] {dag.py:4180} INFO - Setting next_dagrun for example_subdag_operator.section-1 to None, run_after=None
[2026-09-18T12:17:34.964+0700] {logging_mixin.py:190} INFO - [2026-09-18T12:17:34.964+0700] {dag.py:4180} INFO - Setting next_dagrun for example_subdag_operator.section-2 to None, run_after=None
[2026-09-18T12:17:34.970+0700] {processor.py:208} INFO - Processing /Users/andreasanditya/Downloads/572392_Andreas_AirflowETL/code/.venv/lib/python3.9/site-packages/airflow/example_dags/example_subdag_operator.py took 0.415 seconds
[2026-09-18T12:19:05.054+0700] {processor.py:186} INFO - Started process (PID=51501) to work on /Users/andreasanditya/Downloads/572392_Andreas_AirflowETL/code/.venv/lib/python3.9/site-packages/airflow/example_dags/example_subdag_operator.py
[2026-09-18T12:19:05.055+0700] {processor.py:914} INFO - Processing file /Users/andreasanditya/Downloads/572392_Andreas_AirflowETL/code/.venv/lib/python3.9/site-packages/airflow/example_dags/example_subdag_operator.py for tasks to queue
[2026-09-18T12:19:05.056+0700] {logging_mixin.py:190} INFO - [2026-09-18T12:19:05.056+0700] {dagbag.py:588} INFO - Filling up the DagBag from /Users/andreasanditya/Downloads/572392_Andreas_AirflowETL/code/.venv/lib/python3.9/site-packages/airflow/example_dags/example_subdag_operator.py
[2026-09-18T12:19:05.147+0700] {processor.py:925} INFO - DAG(s) 'example_subdag_operator.section-1', 'example_subdag_operator.section-2', 'example_subdag_operator' retrieved from /Users/andreasanditya/Downloads/572392_Andreas_AirflowETL/code/.venv/lib/python3.9/site-packages/airflow/example_dags/example_subdag_operator.py
[2026-09-18T12:19:05.458+0700] {logging_mixin.py:190} INFO - [2026-09-18T12:19:05.458+0700] {dag.py:3239} INFO - Sync 3 DAGs
[2026-09-18T12:19:05.501+0700] {logging_mixin.py:190} INFO - [2026-09-18T12:19:05.501+0700] {dag.py:4180} INFO - Setting next_dagrun for example_subdag_operator to 2022-01-01 00:00:00+00:00, run_after=2022-01-01 00:00:00+00:00
[2026-09-18T12:19:05.503+0700] {logging_mixin.py:190} INFO - [2026-09-18T12:19:05.503+0700] {dag.py:4180} INFO - Setting next_dagrun for example_subdag_operator.section-1 to None, run_after=None
[2026-09-18T12:19:05.504+0700] {logging_mixin.py:190} INFO - [2026-09-18T12:19:05.504+0700] {dag.py:4180} INFO - Setting next_dagrun for example_subdag_operator.section-2 to None, run_after=None
[2026-09-18T12:19:05.507+0700] {logging_mixin.py:190} INFO - [2026-09-18T12:19:05.507+0700] {dag.py:3239} INFO - Sync 2 DAGs
[2026-09-18T12:19:05.509+0700] {logging_mixin.py:190} INFO - [2026-09-18T12:19:05.509+0700] {dag.py:4180} INFO - Setting next_dagrun for example_subdag_operator.section-1 to None, run_after=None
[2026-09-18T12:19:05.509+0700] {logging_mixin.py:190} INFO - [2026-09-18T12:19:05.509+0700] {dag.py:4180} INFO - Setting next_dagrun for example_subdag_operator.section-2 to None, run_after=None
[2026-09-18T12:19:05.516+0700] {processor.py:208} INFO - Processing /Users/andreasanditya/Downloads/572392_Andreas_AirflowETL/code/.venv/lib/python3.9/site-packages/airflow/example_dags/example_subdag_operator.py took 0.464 seconds
[2026-09-18T12:20:33.317+0700] {processor.py:186} INFO - Started process (PID=53072) to work on /Users/andreasanditya/Downloads/572392_Andreas_AirflowETL/code/.venv/lib/python3.9/site-packages/airflow/example_dags/example_subdag_operator.py
[2026-09-18T12:20:33.318+0700] {processor.py:914} INFO - Processing file /Users/andreasanditya/Downloads/572392_Andreas_AirflowETL/code/.venv/lib/python3.9/site-packages/airflow/example_dags/example_subdag_operator.py for tasks to queue
[2026-09-18T12:20:33.319+0700] {logging_mixin.py:190} INFO - [2026-09-18T12:20:33.319+0700] {dagbag.py:588} INFO - Filling up the DagBag from /Users/andreasanditya/Downloads/572392_Andreas_AirflowETL/code/.venv/lib/python3.9/site-packages/airflow/example_dags/example_subdag_operator.py
[2026-09-18T12:20:33.415+0700] {processor.py:925} INFO - DAG(s) 'example_subdag_operator.section-1', 'example_subdag_operator.section-2', 'example_subdag_operator' retrieved from /Users/andreasanditya/Downloads/572392_Andreas_AirflowETL/code/.venv/lib/python3.9/site-packages/airflow/example_dags/example_subdag_operator.py
[2026-09-18T12:20:33.696+0700] {logging_mixin.py:190} INFO - [2026-09-18T12:20:33.696+0700] {dag.py:3239} INFO - Sync 3 DAGs
[2026-09-18T12:20:33.737+0700] {logging_mixin.py:190} INFO - [2026-09-18T12:20:33.737+0700] {dag.py:4180} INFO - Setting next_dagrun for example_subdag_operator to 2022-01-01 00:00:00+00:00, run_after=2022-01-01 00:00:00+00:00
[2026-09-18T12:20:33.739+0700] {logging_mixin.py:190} INFO - [2026-09-18T12:20:33.739+0700] {dag.py:4180} INFO - Setting next_dagrun for example_subdag_operator.section-1 to None, run_after=None
[2026-09-18T12:20:33.740+0700] {logging_mixin.py:190} INFO - [2026-09-18T12:20:33.740+0700] {dag.py:4180} INFO - Setting next_dagrun for example_subdag_operator.section-2 to None, run_after=None
[2026-09-18T12:20:33.744+0700] {logging_mixin.py:190} INFO - [2026-09-18T12:20:33.743+0700] {dag.py:3239} INFO - Sync 2 DAGs
[2026-09-18T12:20:33.746+0700] {logging_mixin.py:190} INFO - [2026-09-18T12:20:33.745+0700] {dag.py:4180} INFO - Setting next_dagrun for example_subdag_operator.section-1 to None, run_after=None
[2026-09-18T12:20:33.746+0700] {logging_mixin.py:190} INFO - [2026-09-18T12:20:33.746+0700] {dag.py:4180} INFO - Setting next_dagrun for example_subdag_operator.section-2 to None, run_after=None
[2026-09-18T12:20:33.752+0700] {processor.py:208} INFO - Processing /Users/andreasanditya/Downloads/572392_Andreas_AirflowETL/code/.venv/lib/python3.9/site-packages/airflow/example_dags/example_subdag_operator.py took 0.437 seconds
[2026-09-18T12:22:00.696+0700] {processor.py:186} INFO - Started process (PID=53966) to work on /Users/andreasanditya/Downloads/572392_Andreas_AirflowETL/code/.venv/lib/python3.9/site-packages/airflow/example_dags/example_subdag_operator.py
[2026-09-18T12:22:00.697+0700] {processor.py:914} INFO - Processing file /Users/andreasanditya/Downloads/572392_Andreas_AirflowETL/code/.venv/lib/python3.9/site-packages/airflow/example_dags/example_subdag_operator.py for tasks to queue
[2026-09-18T12:22:00.698+0700] {logging_mixin.py:190} INFO - [2026-09-18T12:22:00.698+0700] {dagbag.py:588} INFO - Filling up the DagBag from /Users/andreasanditya/Downloads/572392_Andreas_AirflowETL/code/.venv/lib/python3.9/site-packages/airflow/example_dags/example_subdag_operator.py
[2026-09-18T12:22:00.791+0700] {processor.py:925} INFO - DAG(s) 'example_subdag_operator.section-1', 'example_subdag_operator.section-2', 'example_subdag_operator' retrieved from /Users/andreasanditya/Downloads/572392_Andreas_AirflowETL/code/.venv/lib/python3.9/site-packages/airflow/example_dags/example_subdag_operator.py
[2026-09-18T12:22:01.003+0700] {logging_mixin.py:190} INFO - [2026-09-18T12:22:01.003+0700] {dag.py:3239} INFO - Sync 3 DAGs
[2026-09-18T12:22:01.044+0700] {logging_mixin.py:190} INFO - [2026-09-18T12:22:01.044+0700] {dag.py:4180} INFO - Setting next_dagrun for example_subdag_operator to 2022-01-01 00:00:00+00:00, run_after=2022-01-01 00:00:00+00:00
[2026-09-18T12:22:01.045+0700] {logging_mixin.py:190} INFO - [2026-09-18T12:22:01.045+0700] {dag.py:4180} INFO - Setting next_dagrun for example_subdag_operator.section-1 to None, run_after=None
[2026-09-18T12:22:01.046+0700] {logging_mixin.py:190} INFO - [2026-09-18T12:22:01.046+0700] {dag.py:4180} INFO - Setting next_dagrun for example_subdag_operator.section-2 to None, run_after=None
[2026-09-18T12:22:01.049+0700] {logging_mixin.py:190} INFO - [2026-09-18T12:22:01.049+0700] {dag.py:3239} INFO - Sync 2 DAGs
[2026-09-18T12:22:01.051+0700] {logging_mixin.py:190} INFO - [2026-09-18T12:22:01.051+0700] {dag.py:4180} INFO - Setting next_dagrun for example_subdag_operator.section-1 to None, run_after=None
[2026-09-18T12:22:01.051+0700] {logging_mixin.py:190} INFO - [2026-09-18T12:22:01.051+0700] {dag.py:4180} INFO - Setting next_dagrun for example_subdag_operator.section-2 to None, run_after=None
[2026-09-18T12:22:01.058+0700] {processor.py:208} INFO - Processing /Users/andreasanditya/Downloads/572392_Andreas_AirflowETL/code/.venv/lib/python3.9/site-packages/airflow/example_dags/example_subdag_operator.py took 0.364 seconds
[2026-09-18T12:23:28.109+0700] {processor.py:186} INFO - Started process (PID=54872) to work on /Users/andreasanditya/Downloads/572392_Andreas_AirflowETL/code/.venv/lib/python3.9/site-packages/airflow/example_dags/example_subdag_operator.py
[2026-09-18T12:23:28.110+0700] {processor.py:914} INFO - Processing file /Users/andreasanditya/Downloads/572392_Andreas_AirflowETL/code/.venv/lib/python3.9/site-packages/airflow/example_dags/example_subdag_operator.py for tasks to queue
[2026-09-18T12:23:28.110+0700] {logging_mixin.py:190} INFO - [2026-09-18T12:23:28.110+0700] {dagbag.py:588} INFO - Filling up the DagBag from /Users/andreasanditya/Downloads/572392_Andreas_AirflowETL/code/.venv/lib/python3.9/site-packages/airflow/example_dags/example_subdag_operator.py
[2026-09-18T12:23:28.200+0700] {processor.py:925} INFO - DAG(s) 'example_subdag_operator.section-1', 'example_subdag_operator.section-2', 'example_subdag_operator' retrieved from /Users/andreasanditya/Downloads/572392_Andreas_AirflowETL/code/.venv/lib/python3.9/site-packages/airflow/example_dags/example_subdag_operator.py
[2026-09-18T12:23:28.497+0700] {logging_mixin.py:190} INFO - [2026-09-18T12:23:28.497+0700] {dag.py:3239} INFO - Sync 3 DAGs
[2026-09-18T12:23:28.540+0700] {logging_mixin.py:190} INFO - [2026-09-18T12:23:28.540+0700] {dag.py:4180} INFO - Setting next_dagrun for example_subdag_operator to 2022-01-01 00:00:00+00:00, run_after=2022-01-01 00:00:00+00:00
[2026-09-18T12:23:28.542+0700] {logging_mixin.py:190} INFO - [2026-09-18T12:23:28.542+0700] {dag.py:4180} INFO - Setting next_dagrun for example_subdag_operator.section-1 to None, run_after=None
[2026-09-18T12:23:28.542+0700] {logging_mixin.py:190} INFO - [2026-09-18T12:23:28.542+0700] {dag.py:4180} INFO - Setting next_dagrun for example_subdag_operator.section-2 to None, run_after=None
[2026-09-18T12:23:28.546+0700] {logging_mixin.py:190} INFO - [2026-09-18T12:23:28.546+0700] {dag.py:3239} INFO - Sync 2 DAGs
[2026-09-18T12:23:28.548+0700] {logging_mixin.py:190} INFO - [2026-09-18T12:23:28.548+0700] {dag.py:4180} INFO - Setting next_dagrun for example_subdag_operator.section-1 to None, run_after=None
[2026-09-18T12:23:28.548+0700] {logging_mixin.py:190} INFO - [2026-09-18T12:23:28.548+0700] {dag.py:4180} INFO - Setting next_dagrun for example_subdag_operator.section-2 to None, run_after=None
[2026-09-18T12:23:28.555+0700] {processor.py:208} INFO - Processing /Users/andreasanditya/Downloads/572392_Andreas_AirflowETL/code/.venv/lib/python3.9/site-packages/airflow/example_dags/example_subdag_operator.py took 0.448 seconds
[2026-09-18T12:24:53.714+0700] {processor.py:186} INFO - Started process (PID=55713) to work on /Users/andreasanditya/Downloads/572392_Andreas_AirflowETL/code/.venv/lib/python3.9/site-packages/airflow/example_dags/example_subdag_operator.py
[2026-09-18T12:24:53.715+0700] {processor.py:914} INFO - Processing file /Users/andreasanditya/Downloads/572392_Andreas_AirflowETL/code/.venv/lib/python3.9/site-packages/airflow/example_dags/example_subdag_operator.py for tasks to queue
[2026-09-18T12:24:53.715+0700] {logging_mixin.py:190} INFO - [2026-09-18T12:24:53.715+0700] {dagbag.py:588} INFO - Filling up the DagBag from /Users/andreasanditya/Downloads/572392_Andreas_AirflowETL/code/.venv/lib/python3.9/site-packages/airflow/example_dags/example_subdag_operator.py
[2026-09-18T12:24:53.805+0700] {processor.py:925} INFO - DAG(s) 'example_subdag_operator.section-1', 'example_subdag_operator.section-2', 'example_subdag_operator' retrieved from /Users/andreasanditya/Downloads/572392_Andreas_AirflowETL/code/.venv/lib/python3.9/site-packages/airflow/example_dags/example_subdag_operator.py
[2026-09-18T12:24:54.075+0700] {logging_mixin.py:190} INFO - [2026-09-18T12:24:54.075+0700] {dag.py:3239} INFO - Sync 3 DAGs
[2026-09-18T12:24:54.115+0700] {logging_mixin.py:190} INFO - [2026-09-18T12:24:54.115+0700] {dag.py:4180} INFO - Setting next_dagrun for example_subdag_operator to 2022-01-01 00:00:00+00:00, run_after=2022-01-01 00:00:00+00:00
[2026-09-18T12:24:54.117+0700] {logging_mixin.py:190} INFO - [2026-09-18T12:24:54.117+0700] {dag.py:4180} INFO - Setting next_dagrun for example_subdag_operator.section-1 to None, run_after=None
[2026-09-18T12:24:54.118+0700] {logging_mixin.py:190} INFO - [2026-09-18T12:24:54.118+0700] {dag.py:4180} INFO - Setting next_dagrun for example_subdag_operator.section-2 to None, run_after=None
[2026-09-18T12:24:54.121+0700] {logging_mixin.py:190} INFO - [2026-09-18T12:24:54.121+0700] {dag.py:3239} INFO - Sync 2 DAGs
[2026-09-18T12:24:54.123+0700] {logging_mixin.py:190} INFO - [2026-09-18T12:24:54.123+0700] {dag.py:4180} INFO - Setting next_dagrun for example_subdag_operator.section-1 to None, run_after=None
[2026-09-18T12:24:54.123+0700] {logging_mixin.py:190} INFO - [2026-09-18T12:24:54.123+0700] {dag.py:4180} INFO - Setting next_dagrun for example_subdag_operator.section-2 to None, run_after=None
[2026-09-18T12:24:54.130+0700] {processor.py:208} INFO - Processing /Users/andreasanditya/Downloads/572392_Andreas_AirflowETL/code/.venv/lib/python3.9/site-packages/airflow/example_dags/example_subdag_operator.py took 0.418 seconds
[2026-09-18T12:26:20.497+0700] {processor.py:186} INFO - Started process (PID=56704) to work on /Users/andreasanditya/Downloads/572392_Andreas_AirflowETL/code/.venv/lib/python3.9/site-packages/airflow/example_dags/example_subdag_operator.py
[2026-09-18T12:26:20.498+0700] {processor.py:914} INFO - Processing file /Users/andreasanditya/Downloads/572392_Andreas_AirflowETL/code/.venv/lib/python3.9/site-packages/airflow/example_dags/example_subdag_operator.py for tasks to queue
[2026-09-18T12:26:20.499+0700] {logging_mixin.py:190} INFO - [2026-09-18T12:26:20.498+0700] {dagbag.py:588} INFO - Filling up the DagBag from /Users/andreasanditya/Downloads/572392_Andreas_AirflowETL/code/.venv/lib/python3.9/site-packages/airflow/example_dags/example_subdag_operator.py
[2026-09-18T12:26:20.587+0700] {processor.py:925} INFO - DAG(s) 'example_subdag_operator.section-1', 'example_subdag_operator.section-2', 'example_subdag_operator' retrieved from /Users/andreasanditya/Downloads/572392_Andreas_AirflowETL/code/.venv/lib/python3.9/site-packages/airflow/example_dags/example_subdag_operator.py
[2026-09-18T12:26:20.807+0700] {logging_mixin.py:190} INFO - [2026-09-18T12:26:20.807+0700] {dag.py:3239} INFO - Sync 3 DAGs
[2026-09-18T12:26:20.846+0700] {logging_mixin.py:190} INFO - [2026-09-18T12:26:20.846+0700] {dag.py:4180} INFO - Setting next_dagrun for example_subdag_operator to 2022-01-01 00:00:00+00:00, run_after=2022-01-01 00:00:00+00:00
[2026-09-18T12:26:20.848+0700] {logging_mixin.py:190} INFO - [2026-09-18T12:26:20.848+0700] {dag.py:4180} INFO - Setting next_dagrun for example_subdag_operator.section-1 to None, run_after=None
[2026-09-18T12:26:20.849+0700] {logging_mixin.py:190} INFO - [2026-09-18T12:26:20.849+0700] {dag.py:4180} INFO - Setting next_dagrun for example_subdag_operator.section-2 to None, run_after=None
[2026-09-18T12:26:20.852+0700] {logging_mixin.py:190} INFO - [2026-09-18T12:26:20.852+0700] {dag.py:3239} INFO - Sync 2 DAGs
[2026-09-18T12:26:20.854+0700] {logging_mixin.py:190} INFO - [2026-09-18T12:26:20.854+0700] {dag.py:4180} INFO - Setting next_dagrun for example_subdag_operator.section-1 to None, run_after=None
[2026-09-18T12:26:20.854+0700] {logging_mixin.py:190} INFO - [2026-09-18T12:26:20.854+0700] {dag.py:4180} INFO - Setting next_dagrun for example_subdag_operator.section-2 to None, run_after=None
[2026-09-18T12:26:20.860+0700] {processor.py:208} INFO - Processing /Users/andreasanditya/Downloads/572392_Andreas_AirflowETL/code/.venv/lib/python3.9/site-packages/airflow/example_dags/example_subdag_operator.py took 0.365 seconds
[2026-09-18T12:27:47.532+0700] {processor.py:186} INFO - Started process (PID=57555) to work on /Users/andreasanditya/Downloads/572392_Andreas_AirflowETL/code/.venv/lib/python3.9/site-packages/airflow/example_dags/example_subdag_operator.py
[2026-09-18T12:27:47.533+0700] {processor.py:914} INFO - Processing file /Users/andreasanditya/Downloads/572392_Andreas_AirflowETL/code/.venv/lib/python3.9/site-packages/airflow/example_dags/example_subdag_operator.py for tasks to queue
[2026-09-18T12:27:47.533+0700] {logging_mixin.py:190} INFO - [2026-09-18T12:27:47.533+0700] {dagbag.py:588} INFO - Filling up the DagBag from /Users/andreasanditya/Downloads/572392_Andreas_AirflowETL/code/.venv/lib/python3.9/site-packages/airflow/example_dags/example_subdag_operator.py
[2026-09-18T12:27:47.639+0700] {processor.py:925} INFO - DAG(s) 'example_subdag_operator.section-1', 'example_subdag_operator.section-2', 'example_subdag_operator' retrieved from /Users/andreasanditya/Downloads/572392_Andreas_AirflowETL/code/.venv/lib/python3.9/site-packages/airflow/example_dags/example_subdag_operator.py
[2026-09-18T12:27:47.919+0700] {logging_mixin.py:190} INFO - [2026-09-18T12:27:47.919+0700] {dag.py:3239} INFO - Sync 3 DAGs
[2026-09-18T12:27:47.959+0700] {logging_mixin.py:190} INFO - [2026-09-18T12:27:47.959+0700] {dag.py:4180} INFO - Setting next_dagrun for example_subdag_operator to 2022-01-01 00:00:00+00:00, run_after=2022-01-01 00:00:00+00:00
[2026-09-18T12:27:47.961+0700] {logging_mixin.py:190} INFO - [2026-09-18T12:27:47.961+0700] {dag.py:4180} INFO - Setting next_dagrun for example_subdag_operator.section-1 to None, run_after=None
[2026-09-18T12:27:47.961+0700] {logging_mixin.py:190} INFO - [2026-09-18T12:27:47.961+0700] {dag.py:4180} INFO - Setting next_dagrun for example_subdag_operator.section-2 to None, run_after=None
[2026-09-18T12:27:47.965+0700] {logging_mixin.py:190} INFO - [2026-09-18T12:27:47.965+0700] {dag.py:3239} INFO - Sync 2 DAGs
[2026-09-18T12:27:47.967+0700] {logging_mixin.py:190} INFO - [2026-09-18T12:27:47.967+0700] {dag.py:4180} INFO - Setting next_dagrun for example_subdag_operator.section-1 to None, run_after=None
[2026-09-18T12:27:47.967+0700] {logging_mixin.py:190} INFO - [2026-09-18T12:27:47.967+0700] {dag.py:4180} INFO - Setting next_dagrun for example_subdag_operator.section-2 to None, run_after=None
[2026-09-18T12:27:47.974+0700] {processor.py:208} INFO - Processing /Users/andreasanditya/Downloads/572392_Andreas_AirflowETL/code/.venv/lib/python3.9/site-packages/airflow/example_dags/example_subdag_operator.py took 0.444 seconds
[2026-09-18T12:29:12.744+0700] {processor.py:186} INFO - Started process (PID=58486) to work on /Users/andreasanditya/Downloads/572392_Andreas_AirflowETL/code/.venv/lib/python3.9/site-packages/airflow/example_dags/example_subdag_operator.py
[2026-09-18T12:29:12.745+0700] {processor.py:914} INFO - Processing file /Users/andreasanditya/Downloads/572392_Andreas_AirflowETL/code/.venv/lib/python3.9/site-packages/airflow/example_dags/example_subdag_operator.py for tasks to queue
[2026-09-18T12:29:12.746+0700] {logging_mixin.py:190} INFO - [2026-09-18T12:29:12.745+0700] {dagbag.py:588} INFO - Filling up the DagBag from /Users/andreasanditya/Downloads/572392_Andreas_AirflowETL/code/.venv/lib/python3.9/site-packages/airflow/example_dags/example_subdag_operator.py
[2026-09-18T12:29:12.849+0700] {processor.py:925} INFO - DAG(s) 'example_subdag_operator.section-1', 'example_subdag_operator.section-2', 'example_subdag_operator' retrieved from /Users/andreasanditya/Downloads/572392_Andreas_AirflowETL/code/.venv/lib/python3.9/site-packages/airflow/example_dags/example_subdag_operator.py
[2026-09-18T12:29:13.117+0700] {logging_mixin.py:190} INFO - [2026-09-18T12:29:13.117+0700] {dag.py:3239} INFO - Sync 3 DAGs
[2026-09-18T12:29:13.156+0700] {logging_mixin.py:190} INFO - [2026-09-18T12:29:13.156+0700] {dag.py:4180} INFO - Setting next_dagrun for example_subdag_operator to 2022-01-01 00:00:00+00:00, run_after=2022-01-01 00:00:00+00:00
[2026-09-18T12:29:13.158+0700] {logging_mixin.py:190} INFO - [2026-09-18T12:29:13.158+0700] {dag.py:4180} INFO - Setting next_dagrun for example_subdag_operator.section-1 to None, run_after=None
[2026-09-18T12:29:13.159+0700] {logging_mixin.py:190} INFO - [2026-09-18T12:29:13.159+0700] {dag.py:4180} INFO - Setting next_dagrun for example_subdag_operator.section-2 to None, run_after=None
[2026-09-18T12:29:13.162+0700] {logging_mixin.py:190} INFO - [2026-09-18T12:29:13.162+0700] {dag.py:3239} INFO - Sync 2 DAGs
[2026-09-18T12:29:13.164+0700] {logging_mixin.py:190} INFO - [2026-09-18T12:29:13.164+0700] {dag.py:4180} INFO - Setting next_dagrun for example_subdag_operator.section-1 to None, run_after=None
[2026-09-18T12:29:13.164+0700] {logging_mixin.py:190} INFO - [2026-09-18T12:29:13.164+0700] {dag.py:4180} INFO - Setting next_dagrun for example_subdag_operator.section-2 to None, run_after=None
[2026-09-18T12:29:13.171+0700] {processor.py:208} INFO - Processing /Users/andreasanditya/Downloads/572392_Andreas_AirflowETL/code/.venv/lib/python3.9/site-packages/airflow/example_dags/example_subdag_operator.py took 0.430 seconds
[2026-09-18T12:30:36.489+0700] {processor.py:186} INFO - Started process (PID=59308) to work on /Users/andreasanditya/Downloads/572392_Andreas_AirflowETL/code/.venv/lib/python3.9/site-packages/airflow/example_dags/example_subdag_operator.py
[2026-09-18T12:30:36.491+0700] {processor.py:914} INFO - Processing file /Users/andreasanditya/Downloads/572392_Andreas_AirflowETL/code/.venv/lib/python3.9/site-packages/airflow/example_dags/example_subdag_operator.py for tasks to queue
[2026-09-18T12:30:36.491+0700] {logging_mixin.py:190} INFO - [2026-09-18T12:30:36.491+0700] {dagbag.py:588} INFO - Filling up the DagBag from /Users/andreasanditya/Downloads/572392_Andreas_AirflowETL/code/.venv/lib/python3.9/site-packages/airflow/example_dags/example_subdag_operator.py
[2026-09-18T12:30:36.580+0700] {processor.py:925} INFO - DAG(s) 'example_subdag_operator.section-1', 'example_subdag_operator.section-2', 'example_subdag_operator' retrieved from /Users/andreasanditya/Downloads/572392_Andreas_AirflowETL/code/.venv/lib/python3.9/site-packages/airflow/example_dags/example_subdag_operator.py
[2026-09-18T12:30:36.823+0700] {logging_mixin.py:190} INFO - [2026-09-18T12:30:36.823+0700] {dag.py:3239} INFO - Sync 3 DAGs
[2026-09-18T12:30:36.864+0700] {logging_mixin.py:190} INFO - [2026-09-18T12:30:36.864+0700] {dag.py:4180} INFO - Setting next_dagrun for example_subdag_operator to 2022-01-01 00:00:00+00:00, run_after=2022-01-01 00:00:00+00:00
[2026-09-18T12:30:36.866+0700] {logging_mixin.py:190} INFO - [2026-09-18T12:30:36.866+0700] {dag.py:4180} INFO - Setting next_dagrun for example_subdag_operator.section-1 to None, run_after=None
[2026-09-18T12:30:36.866+0700] {logging_mixin.py:190} INFO - [2026-09-18T12:30:36.866+0700] {dag.py:4180} INFO - Setting next_dagrun for example_subdag_operator.section-2 to None, run_after=None
[2026-09-18T12:30:36.870+0700] {logging_mixin.py:190} INFO - [2026-09-18T12:30:36.870+0700] {dag.py:3239} INFO - Sync 2 DAGs
[2026-09-18T12:30:36.872+0700] {logging_mixin.py:190} INFO - [2026-09-18T12:30:36.872+0700] {dag.py:4180} INFO - Setting next_dagrun for example_subdag_operator.section-1 to None, run_after=None
[2026-09-18T12:30:36.872+0700] {logging_mixin.py:190} INFO - [2026-09-18T12:30:36.872+0700] {dag.py:4180} INFO - Setting next_dagrun for example_subdag_operator.section-2 to None, run_after=None
[2026-09-18T12:30:36.879+0700] {processor.py:208} INFO - Processing /Users/andreasanditya/Downloads/572392_Andreas_AirflowETL/code/.venv/lib/python3.9/site-packages/airflow/example_dags/example_subdag_operator.py took 0.392 seconds
[2026-09-18T12:31:58.246+0700] {processor.py:186} INFO - Started process (PID=60137) to work on /Users/andreasanditya/Downloads/572392_Andreas_AirflowETL/code/.venv/lib/python3.9/site-packages/airflow/example_dags/example_subdag_operator.py
[2026-09-18T12:31:58.247+0700] {processor.py:914} INFO - Processing file /Users/andreasanditya/Downloads/572392_Andreas_AirflowETL/code/.venv/lib/python3.9/site-packages/airflow/example_dags/example_subdag_operator.py for tasks to queue
[2026-09-18T12:31:58.248+0700] {logging_mixin.py:190} INFO - [2026-09-18T12:31:58.248+0700] {dagbag.py:588} INFO - Filling up the DagBag from /Users/andreasanditya/Downloads/572392_Andreas_AirflowETL/code/.venv/lib/python3.9/site-packages/airflow/example_dags/example_subdag_operator.py
[2026-09-18T12:31:58.336+0700] {processor.py:925} INFO - DAG(s) 'example_subdag_operator.section-1', 'example_subdag_operator.section-2', 'example_subdag_operator' retrieved from /Users/andreasanditya/Downloads/572392_Andreas_AirflowETL/code/.venv/lib/python3.9/site-packages/airflow/example_dags/example_subdag_operator.py
[2026-09-18T12:31:58.547+0700] {logging_mixin.py:190} INFO - [2026-09-18T12:31:58.547+0700] {dag.py:3239} INFO - Sync 3 DAGs
[2026-09-18T12:31:58.586+0700] {logging_mixin.py:190} INFO - [2026-09-18T12:31:58.586+0700] {dag.py:4180} INFO - Setting next_dagrun for example_subdag_operator to 2022-01-01 00:00:00+00:00, run_after=2022-01-01 00:00:00+00:00
[2026-09-18T12:31:58.588+0700] {logging_mixin.py:190} INFO - [2026-09-18T12:31:58.588+0700] {dag.py:4180} INFO - Setting next_dagrun for example_subdag_operator.section-1 to None, run_after=None
[2026-09-18T12:31:58.588+0700] {logging_mixin.py:190} INFO - [2026-09-18T12:31:58.588+0700] {dag.py:4180} INFO - Setting next_dagrun for example_subdag_operator.section-2 to None, run_after=None
[2026-09-18T12:31:58.592+0700] {logging_mixin.py:190} INFO - [2026-09-18T12:31:58.591+0700] {dag.py:3239} INFO - Sync 2 DAGs
[2026-09-18T12:31:58.594+0700] {logging_mixin.py:190} INFO - [2026-09-18T12:31:58.593+0700] {dag.py:4180} INFO - Setting next_dagrun for example_subdag_operator.section-1 to None, run_after=None
[2026-09-18T12:31:58.594+0700] {logging_mixin.py:190} INFO - [2026-09-18T12:31:58.594+0700] {dag.py:4180} INFO - Setting next_dagrun for example_subdag_operator.section-2 to None, run_after=None
[2026-09-18T12:31:58.600+0700] {processor.py:208} INFO - Processing /Users/andreasanditya/Downloads/572392_Andreas_AirflowETL/code/.venv/lib/python3.9/site-packages/airflow/example_dags/example_subdag_operator.py took 0.357 seconds
[2026-09-18T12:33:24.551+0700] {processor.py:186} INFO - Started process (PID=61073) to work on /Users/andreasanditya/Downloads/572392_Andreas_AirflowETL/code/.venv/lib/python3.9/site-packages/airflow/example_dags/example_subdag_operator.py
[2026-09-18T12:33:24.552+0700] {processor.py:914} INFO - Processing file /Users/andreasanditya/Downloads/572392_Andreas_AirflowETL/code/.venv/lib/python3.9/site-packages/airflow/example_dags/example_subdag_operator.py for tasks to queue
[2026-09-18T12:33:24.553+0700] {logging_mixin.py:190} INFO - [2026-09-18T12:33:24.553+0700] {dagbag.py:588} INFO - Filling up the DagBag from /Users/andreasanditya/Downloads/572392_Andreas_AirflowETL/code/.venv/lib/python3.9/site-packages/airflow/example_dags/example_subdag_operator.py
[2026-09-18T12:33:24.642+0700] {processor.py:925} INFO - DAG(s) 'example_subdag_operator.section-1', 'example_subdag_operator.section-2', 'example_subdag_operator' retrieved from /Users/andreasanditya/Downloads/572392_Andreas_AirflowETL/code/.venv/lib/python3.9/site-packages/airflow/example_dags/example_subdag_operator.py
[2026-09-18T12:33:24.885+0700] {logging_mixin.py:190} INFO - [2026-09-18T12:33:24.885+0700] {dag.py:3239} INFO - Sync 3 DAGs
[2026-09-18T12:33:24.924+0700] {logging_mixin.py:190} INFO - [2026-09-18T12:33:24.924+0700] {dag.py:4180} INFO - Setting next_dagrun for example_subdag_operator to 2022-01-01 00:00:00+00:00, run_after=2022-01-01 00:00:00+00:00
[2026-09-18T12:33:24.927+0700] {logging_mixin.py:190} INFO - [2026-09-18T12:33:24.926+0700] {dag.py:4180} INFO - Setting next_dagrun for example_subdag_operator.section-1 to None, run_after=None
[2026-09-18T12:33:24.927+0700] {logging_mixin.py:190} INFO - [2026-09-18T12:33:24.927+0700] {dag.py:4180} INFO - Setting next_dagrun for example_subdag_operator.section-2 to None, run_after=None
[2026-09-18T12:33:24.930+0700] {logging_mixin.py:190} INFO - [2026-09-18T12:33:24.930+0700] {dag.py:3239} INFO - Sync 2 DAGs
[2026-09-18T12:33:24.933+0700] {logging_mixin.py:190} INFO - [2026-09-18T12:33:24.932+0700] {dag.py:4180} INFO - Setting next_dagrun for example_subdag_operator.section-1 to None, run_after=None
[2026-09-18T12:33:24.933+0700] {logging_mixin.py:190} INFO - [2026-09-18T12:33:24.933+0700] {dag.py:4180} INFO - Setting next_dagrun for example_subdag_operator.section-2 to None, run_after=None
[2026-09-18T12:33:24.939+0700] {processor.py:208} INFO - Processing /Users/andreasanditya/Downloads/572392_Andreas_AirflowETL/code/.venv/lib/python3.9/site-packages/airflow/example_dags/example_subdag_operator.py took 0.390 seconds
[2026-09-18T12:34:50.347+0700] {processor.py:186} INFO - Started process (PID=61906) to work on /Users/andreasanditya/Downloads/572392_Andreas_AirflowETL/code/.venv/lib/python3.9/site-packages/airflow/example_dags/example_subdag_operator.py
[2026-09-18T12:34:50.348+0700] {processor.py:914} INFO - Processing file /Users/andreasanditya/Downloads/572392_Andreas_AirflowETL/code/.venv/lib/python3.9/site-packages/airflow/example_dags/example_subdag_operator.py for tasks to queue
[2026-09-18T12:34:50.349+0700] {logging_mixin.py:190} INFO - [2026-09-18T12:34:50.349+0700] {dagbag.py:588} INFO - Filling up the DagBag from /Users/andreasanditya/Downloads/572392_Andreas_AirflowETL/code/.venv/lib/python3.9/site-packages/airflow/example_dags/example_subdag_operator.py
[2026-09-18T12:34:50.438+0700] {processor.py:925} INFO - DAG(s) 'example_subdag_operator.section-1', 'example_subdag_operator.section-2', 'example_subdag_operator' retrieved from /Users/andreasanditya/Downloads/572392_Andreas_AirflowETL/code/.venv/lib/python3.9/site-packages/airflow/example_dags/example_subdag_operator.py
[2026-09-18T12:34:50.651+0700] {logging_mixin.py:190} INFO - [2026-09-18T12:34:50.650+0700] {dag.py:3239} INFO - Sync 3 DAGs
[2026-09-18T12:34:50.690+0700] {logging_mixin.py:190} INFO - [2026-09-18T12:34:50.690+0700] {dag.py:4180} INFO - Setting next_dagrun for example_subdag_operator to 2022-01-01 00:00:00+00:00, run_after=2022-01-01 00:00:00+00:00
[2026-09-18T12:34:50.691+0700] {logging_mixin.py:190} INFO - [2026-09-18T12:34:50.691+0700] {dag.py:4180} INFO - Setting next_dagrun for example_subdag_operator.section-1 to None, run_after=None
[2026-09-18T12:34:50.692+0700] {logging_mixin.py:190} INFO - [2026-09-18T12:34:50.692+0700] {dag.py:4180} INFO - Setting next_dagrun for example_subdag_operator.section-2 to None, run_after=None
[2026-09-18T12:34:50.695+0700] {logging_mixin.py:190} INFO - [2026-09-18T12:34:50.695+0700] {dag.py:3239} INFO - Sync 2 DAGs
[2026-09-18T12:34:50.697+0700] {logging_mixin.py:190} INFO - [2026-09-18T12:34:50.697+0700] {dag.py:4180} INFO - Setting next_dagrun for example_subdag_operator.section-1 to None, run_after=None
[2026-09-18T12:34:50.697+0700] {logging_mixin.py:190} INFO - [2026-09-18T12:34:50.697+0700] {dag.py:4180} INFO - Setting next_dagrun for example_subdag_operator.section-2 to None, run_after=None
[2026-09-18T12:34:50.704+0700] {processor.py:208} INFO - Processing /Users/andreasanditya/Downloads/572392_Andreas_AirflowETL/code/.venv/lib/python3.9/site-packages/airflow/example_dags/example_subdag_operator.py took 0.359 seconds
[2026-09-18T12:36:14.695+0700] {processor.py:186} INFO - Started process (PID=62824) to work on /Users/andreasanditya/Downloads/572392_Andreas_AirflowETL/code/.venv/lib/python3.9/site-packages/airflow/example_dags/example_subdag_operator.py
[2026-09-18T12:36:14.696+0700] {processor.py:914} INFO - Processing file /Users/andreasanditya/Downloads/572392_Andreas_AirflowETL/code/.venv/lib/python3.9/site-packages/airflow/example_dags/example_subdag_operator.py for tasks to queue
[2026-09-18T12:36:14.697+0700] {logging_mixin.py:190} INFO - [2026-09-18T12:36:14.697+0700] {dagbag.py:588} INFO - Filling up the DagBag from /Users/andreasanditya/Downloads/572392_Andreas_AirflowETL/code/.venv/lib/python3.9/site-packages/airflow/example_dags/example_subdag_operator.py
[2026-09-18T12:36:14.787+0700] {processor.py:925} INFO - DAG(s) 'example_subdag_operator.section-1', 'example_subdag_operator.section-2', 'example_subdag_operator' retrieved from /Users/andreasanditya/Downloads/572392_Andreas_AirflowETL/code/.venv/lib/python3.9/site-packages/airflow/example_dags/example_subdag_operator.py
[2026-09-18T12:36:15.027+0700] {logging_mixin.py:190} INFO - [2026-09-18T12:36:15.026+0700] {dag.py:3239} INFO - Sync 3 DAGs
[2026-09-18T12:36:15.066+0700] {logging_mixin.py:190} INFO - [2026-09-18T12:36:15.066+0700] {dag.py:4180} INFO - Setting next_dagrun for example_subdag_operator to 2022-01-01 00:00:00+00:00, run_after=2022-01-01 00:00:00+00:00
[2026-09-18T12:36:15.069+0700] {logging_mixin.py:190} INFO - [2026-09-18T12:36:15.069+0700] {dag.py:4180} INFO - Setting next_dagrun for example_subdag_operator.section-1 to None, run_after=None
[2026-09-18T12:36:15.069+0700] {logging_mixin.py:190} INFO - [2026-09-18T12:36:15.069+0700] {dag.py:4180} INFO - Setting next_dagrun for example_subdag_operator.section-2 to None, run_after=None
[2026-09-18T12:36:15.073+0700] {logging_mixin.py:190} INFO - [2026-09-18T12:36:15.073+0700] {dag.py:3239} INFO - Sync 2 DAGs
[2026-09-18T12:36:15.075+0700] {logging_mixin.py:190} INFO - [2026-09-18T12:36:15.074+0700] {dag.py:4180} INFO - Setting next_dagrun for example_subdag_operator.section-1 to None, run_after=None
[2026-09-18T12:36:15.075+0700] {logging_mixin.py:190} INFO - [2026-09-18T12:36:15.075+0700] {dag.py:4180} INFO - Setting next_dagrun for example_subdag_operator.section-2 to None, run_after=None
[2026-09-18T12:36:15.081+0700] {processor.py:208} INFO - Processing /Users/andreasanditya/Downloads/572392_Andreas_AirflowETL/code/.venv/lib/python3.9/site-packages/airflow/example_dags/example_subdag_operator.py took 0.388 seconds
[2026-09-18T12:37:40.802+0700] {processor.py:186} INFO - Started process (PID=63691) to work on /Users/andreasanditya/Downloads/572392_Andreas_AirflowETL/code/.venv/lib/python3.9/site-packages/airflow/example_dags/example_subdag_operator.py
[2026-09-18T12:37:40.804+0700] {processor.py:914} INFO - Processing file /Users/andreasanditya/Downloads/572392_Andreas_AirflowETL/code/.venv/lib/python3.9/site-packages/airflow/example_dags/example_subdag_operator.py for tasks to queue
[2026-09-18T12:37:40.804+0700] {logging_mixin.py:190} INFO - [2026-09-18T12:37:40.804+0700] {dagbag.py:588} INFO - Filling up the DagBag from /Users/andreasanditya/Downloads/572392_Andreas_AirflowETL/code/.venv/lib/python3.9/site-packages/airflow/example_dags/example_subdag_operator.py
[2026-09-18T12:37:40.892+0700] {processor.py:925} INFO - DAG(s) 'example_subdag_operator.section-1', 'example_subdag_operator.section-2', 'example_subdag_operator' retrieved from /Users/andreasanditya/Downloads/572392_Andreas_AirflowETL/code/.venv/lib/python3.9/site-packages/airflow/example_dags/example_subdag_operator.py
[2026-09-18T12:37:41.142+0700] {logging_mixin.py:190} INFO - [2026-09-18T12:37:41.142+0700] {dag.py:3239} INFO - Sync 3 DAGs
[2026-09-18T12:37:41.182+0700] {logging_mixin.py:190} INFO - [2026-09-18T12:37:41.182+0700] {dag.py:4180} INFO - Setting next_dagrun for example_subdag_operator to 2022-01-01 00:00:00+00:00, run_after=2022-01-01 00:00:00+00:00
[2026-09-18T12:37:41.184+0700] {logging_mixin.py:190} INFO - [2026-09-18T12:37:41.184+0700] {dag.py:4180} INFO - Setting next_dagrun for example_subdag_operator.section-1 to None, run_after=None
[2026-09-18T12:37:41.185+0700] {logging_mixin.py:190} INFO - [2026-09-18T12:37:41.184+0700] {dag.py:4180} INFO - Setting next_dagrun for example_subdag_operator.section-2 to None, run_after=None
[2026-09-18T12:37:41.188+0700] {logging_mixin.py:190} INFO - [2026-09-18T12:37:41.188+0700] {dag.py:3239} INFO - Sync 2 DAGs
[2026-09-18T12:37:41.190+0700] {logging_mixin.py:190} INFO - [2026-09-18T12:37:41.190+0700] {dag.py:4180} INFO - Setting next_dagrun for example_subdag_operator.section-1 to None, run_after=None
[2026-09-18T12:37:41.190+0700] {logging_mixin.py:190} INFO - [2026-09-18T12:37:41.190+0700] {dag.py:4180} INFO - Setting next_dagrun for example_subdag_operator.section-2 to None, run_after=None
[2026-09-18T12:37:41.196+0700] {processor.py:208} INFO - Processing /Users/andreasanditya/Downloads/572392_Andreas_AirflowETL/code/.venv/lib/python3.9/site-packages/airflow/example_dags/example_subdag_operator.py took 0.396 seconds
[2026-09-18T12:39:08.168+0700] {processor.py:186} INFO - Started process (PID=64596) to work on /Users/andreasanditya/Downloads/572392_Andreas_AirflowETL/code/.venv/lib/python3.9/site-packages/airflow/example_dags/example_subdag_operator.py
[2026-09-18T12:39:08.169+0700] {processor.py:914} INFO - Processing file /Users/andreasanditya/Downloads/572392_Andreas_AirflowETL/code/.venv/lib/python3.9/site-packages/airflow/example_dags/example_subdag_operator.py for tasks to queue
[2026-09-18T12:39:08.169+0700] {logging_mixin.py:190} INFO - [2026-09-18T12:39:08.169+0700] {dagbag.py:588} INFO - Filling up the DagBag from /Users/andreasanditya/Downloads/572392_Andreas_AirflowETL/code/.venv/lib/python3.9/site-packages/airflow/example_dags/example_subdag_operator.py
[2026-09-18T12:39:08.256+0700] {processor.py:925} INFO - DAG(s) 'example_subdag_operator.section-1', 'example_subdag_operator.section-2', 'example_subdag_operator' retrieved from /Users/andreasanditya/Downloads/572392_Andreas_AirflowETL/code/.venv/lib/python3.9/site-packages/airflow/example_dags/example_subdag_operator.py
[2026-09-18T12:39:08.488+0700] {logging_mixin.py:190} INFO - [2026-09-18T12:39:08.488+0700] {dag.py:3239} INFO - Sync 3 DAGs
[2026-09-18T12:39:08.528+0700] {logging_mixin.py:190} INFO - [2026-09-18T12:39:08.528+0700] {dag.py:4180} INFO - Setting next_dagrun for example_subdag_operator to 2022-01-01 00:00:00+00:00, run_after=2022-01-01 00:00:00+00:00
[2026-09-18T12:39:08.530+0700] {logging_mixin.py:190} INFO - [2026-09-18T12:39:08.530+0700] {dag.py:4180} INFO - Setting next_dagrun for example_subdag_operator.section-1 to None, run_after=None
[2026-09-18T12:39:08.531+0700] {logging_mixin.py:190} INFO - [2026-09-18T12:39:08.531+0700] {dag.py:4180} INFO - Setting next_dagrun for example_subdag_operator.section-2 to None, run_after=None
[2026-09-18T12:39:08.534+0700] {logging_mixin.py:190} INFO - [2026-09-18T12:39:08.534+0700] {dag.py:3239} INFO - Sync 2 DAGs
[2026-09-18T12:39:08.536+0700] {logging_mixin.py:190} INFO - [2026-09-18T12:39:08.536+0700] {dag.py:4180} INFO - Setting next_dagrun for example_subdag_operator.section-1 to None, run_after=None
[2026-09-18T12:39:08.536+0700] {logging_mixin.py:190} INFO - [2026-09-18T12:39:08.536+0700] {dag.py:4180} INFO - Setting next_dagrun for example_subdag_operator.section-2 to None, run_after=None
[2026-09-18T12:39:08.543+0700] {processor.py:208} INFO - Processing /Users/andreasanditya/Downloads/572392_Andreas_AirflowETL/code/.venv/lib/python3.9/site-packages/airflow/example_dags/example_subdag_operator.py took 0.377 seconds
[2026-09-18T12:40:36.255+0700] {processor.py:186} INFO - Started process (PID=65428) to work on /Users/andreasanditya/Downloads/572392_Andreas_AirflowETL/code/.venv/lib/python3.9/site-packages/airflow/example_dags/example_subdag_operator.py
[2026-09-18T12:40:36.256+0700] {processor.py:914} INFO - Processing file /Users/andreasanditya/Downloads/572392_Andreas_AirflowETL/code/.venv/lib/python3.9/site-packages/airflow/example_dags/example_subdag_operator.py for tasks to queue
[2026-09-18T12:40:36.257+0700] {logging_mixin.py:190} INFO - [2026-09-18T12:40:36.257+0700] {dagbag.py:588} INFO - Filling up the DagBag from /Users/andreasanditya/Downloads/572392_Andreas_AirflowETL/code/.venv/lib/python3.9/site-packages/airflow/example_dags/example_subdag_operator.py
[2026-09-18T12:40:36.346+0700] {processor.py:925} INFO - DAG(s) 'example_subdag_operator.section-1', 'example_subdag_operator.section-2', 'example_subdag_operator' retrieved from /Users/andreasanditya/Downloads/572392_Andreas_AirflowETL/code/.venv/lib/python3.9/site-packages/airflow/example_dags/example_subdag_operator.py
[2026-09-18T12:40:36.602+0700] {logging_mixin.py:190} INFO - [2026-09-18T12:40:36.601+0700] {dag.py:3239} INFO - Sync 3 DAGs
[2026-09-18T12:40:36.641+0700] {logging_mixin.py:190} INFO - [2026-09-18T12:40:36.641+0700] {dag.py:4180} INFO - Setting next_dagrun for example_subdag_operator to 2022-01-01 00:00:00+00:00, run_after=2022-01-01 00:00:00+00:00
[2026-09-18T12:40:36.643+0700] {logging_mixin.py:190} INFO - [2026-09-18T12:40:36.643+0700] {dag.py:4180} INFO - Setting next_dagrun for example_subdag_operator.section-1 to None, run_after=None
[2026-09-18T12:40:36.644+0700] {logging_mixin.py:190} INFO - [2026-09-18T12:40:36.644+0700] {dag.py:4180} INFO - Setting next_dagrun for example_subdag_operator.section-2 to None, run_after=None
[2026-09-18T12:40:36.647+0700] {logging_mixin.py:190} INFO - [2026-09-18T12:40:36.647+0700] {dag.py:3239} INFO - Sync 2 DAGs
[2026-09-18T12:40:36.649+0700] {logging_mixin.py:190} INFO - [2026-09-18T12:40:36.649+0700] {dag.py:4180} INFO - Setting next_dagrun for example_subdag_operator.section-1 to None, run_after=None
[2026-09-18T12:40:36.650+0700] {logging_mixin.py:190} INFO - [2026-09-18T12:40:36.649+0700] {dag.py:4180} INFO - Setting next_dagrun for example_subdag_operator.section-2 to None, run_after=None
[2026-09-18T12:40:36.656+0700] {processor.py:208} INFO - Processing /Users/andreasanditya/Downloads/572392_Andreas_AirflowETL/code/.venv/lib/python3.9/site-packages/airflow/example_dags/example_subdag_operator.py took 0.403 seconds
[2026-09-18T12:42:01.453+0700] {processor.py:186} INFO - Started process (PID=66346) to work on /Users/andreasanditya/Downloads/572392_Andreas_AirflowETL/code/.venv/lib/python3.9/site-packages/airflow/example_dags/example_subdag_operator.py
[2026-09-18T12:42:01.454+0700] {processor.py:914} INFO - Processing file /Users/andreasanditya/Downloads/572392_Andreas_AirflowETL/code/.venv/lib/python3.9/site-packages/airflow/example_dags/example_subdag_operator.py for tasks to queue
[2026-09-18T12:42:01.455+0700] {logging_mixin.py:190} INFO - [2026-09-18T12:42:01.455+0700] {dagbag.py:588} INFO - Filling up the DagBag from /Users/andreasanditya/Downloads/572392_Andreas_AirflowETL/code/.venv/lib/python3.9/site-packages/airflow/example_dags/example_subdag_operator.py
[2026-09-18T12:42:01.542+0700] {processor.py:925} INFO - DAG(s) 'example_subdag_operator.section-1', 'example_subdag_operator.section-2', 'example_subdag_operator' retrieved from /Users/andreasanditya/Downloads/572392_Andreas_AirflowETL/code/.venv/lib/python3.9/site-packages/airflow/example_dags/example_subdag_operator.py
[2026-09-18T12:42:01.756+0700] {logging_mixin.py:190} INFO - [2026-09-18T12:42:01.756+0700] {dag.py:3239} INFO - Sync 3 DAGs
[2026-09-18T12:42:01.797+0700] {logging_mixin.py:190} INFO - [2026-09-18T12:42:01.797+0700] {dag.py:4180} INFO - Setting next_dagrun for example_subdag_operator to 2022-01-01 00:00:00+00:00, run_after=2022-01-01 00:00:00+00:00
[2026-09-18T12:42:01.799+0700] {logging_mixin.py:190} INFO - [2026-09-18T12:42:01.799+0700] {dag.py:4180} INFO - Setting next_dagrun for example_subdag_operator.section-1 to None, run_after=None
[2026-09-18T12:42:01.799+0700] {logging_mixin.py:190} INFO - [2026-09-18T12:42:01.799+0700] {dag.py:4180} INFO - Setting next_dagrun for example_subdag_operator.section-2 to None, run_after=None
[2026-09-18T12:42:01.803+0700] {logging_mixin.py:190} INFO - [2026-09-18T12:42:01.802+0700] {dag.py:3239} INFO - Sync 2 DAGs
[2026-09-18T12:42:01.805+0700] {logging_mixin.py:190} INFO - [2026-09-18T12:42:01.805+0700] {dag.py:4180} INFO - Setting next_dagrun for example_subdag_operator.section-1 to None, run_after=None
[2026-09-18T12:42:01.805+0700] {logging_mixin.py:190} INFO - [2026-09-18T12:42:01.805+0700] {dag.py:4180} INFO - Setting next_dagrun for example_subdag_operator.section-2 to None, run_after=None
[2026-09-18T12:42:01.815+0700] {processor.py:208} INFO - Processing /Users/andreasanditya/Downloads/572392_Andreas_AirflowETL/code/.venv/lib/python3.9/site-packages/airflow/example_dags/example_subdag_operator.py took 0.363 seconds
[2026-09-18T12:43:27.887+0700] {processor.py:186} INFO - Started process (PID=67179) to work on /Users/andreasanditya/Downloads/572392_Andreas_AirflowETL/code/.venv/lib/python3.9/site-packages/airflow/example_dags/example_subdag_operator.py
[2026-09-18T12:43:27.888+0700] {processor.py:914} INFO - Processing file /Users/andreasanditya/Downloads/572392_Andreas_AirflowETL/code/.venv/lib/python3.9/site-packages/airflow/example_dags/example_subdag_operator.py for tasks to queue
[2026-09-18T12:43:27.889+0700] {logging_mixin.py:190} INFO - [2026-09-18T12:43:27.888+0700] {dagbag.py:588} INFO - Filling up the DagBag from /Users/andreasanditya/Downloads/572392_Andreas_AirflowETL/code/.venv/lib/python3.9/site-packages/airflow/example_dags/example_subdag_operator.py
[2026-09-18T12:43:27.977+0700] {processor.py:925} INFO - DAG(s) 'example_subdag_operator.section-1', 'example_subdag_operator.section-2', 'example_subdag_operator' retrieved from /Users/andreasanditya/Downloads/572392_Andreas_AirflowETL/code/.venv/lib/python3.9/site-packages/airflow/example_dags/example_subdag_operator.py
[2026-09-18T12:43:28.196+0700] {logging_mixin.py:190} INFO - [2026-09-18T12:43:28.195+0700] {dag.py:3239} INFO - Sync 3 DAGs
[2026-09-18T12:43:28.236+0700] {logging_mixin.py:190} INFO - [2026-09-18T12:43:28.236+0700] {dag.py:4180} INFO - Setting next_dagrun for example_subdag_operator to 2022-01-01 00:00:00+00:00, run_after=2022-01-01 00:00:00+00:00
[2026-09-18T12:43:28.238+0700] {logging_mixin.py:190} INFO - [2026-09-18T12:43:28.237+0700] {dag.py:4180} INFO - Setting next_dagrun for example_subdag_operator.section-1 to None, run_after=None
[2026-09-18T12:43:28.238+0700] {logging_mixin.py:190} INFO - [2026-09-18T12:43:28.238+0700] {dag.py:4180} INFO - Setting next_dagrun for example_subdag_operator.section-2 to None, run_after=None
[2026-09-18T12:43:28.241+0700] {logging_mixin.py:190} INFO - [2026-09-18T12:43:28.241+0700] {dag.py:3239} INFO - Sync 2 DAGs
[2026-09-18T12:43:28.243+0700] {logging_mixin.py:190} INFO - [2026-09-18T12:43:28.243+0700] {dag.py:4180} INFO - Setting next_dagrun for example_subdag_operator.section-1 to None, run_after=None
[2026-09-18T12:43:28.244+0700] {logging_mixin.py:190} INFO - [2026-09-18T12:43:28.243+0700] {dag.py:4180} INFO - Setting next_dagrun for example_subdag_operator.section-2 to None, run_after=None
[2026-09-18T12:43:28.250+0700] {processor.py:208} INFO - Processing /Users/andreasanditya/Downloads/572392_Andreas_AirflowETL/code/.venv/lib/python3.9/site-packages/airflow/example_dags/example_subdag_operator.py took 0.365 seconds
[2026-09-18T12:44:54.536+0700] {processor.py:186} INFO - Started process (PID=68079) to work on /Users/andreasanditya/Downloads/572392_Andreas_AirflowETL/code/.venv/lib/python3.9/site-packages/airflow/example_dags/example_subdag_operator.py
[2026-09-18T12:44:54.539+0700] {processor.py:914} INFO - Processing file /Users/andreasanditya/Downloads/572392_Andreas_AirflowETL/code/.venv/lib/python3.9/site-packages/airflow/example_dags/example_subdag_operator.py for tasks to queue
[2026-09-18T12:44:54.540+0700] {logging_mixin.py:190} INFO - [2026-09-18T12:44:54.539+0700] {dagbag.py:588} INFO - Filling up the DagBag from /Users/andreasanditya/Downloads/572392_Andreas_AirflowETL/code/.venv/lib/python3.9/site-packages/airflow/example_dags/example_subdag_operator.py
[2026-09-18T12:44:54.627+0700] {processor.py:925} INFO - DAG(s) 'example_subdag_operator.section-1', 'example_subdag_operator.section-2', 'example_subdag_operator' retrieved from /Users/andreasanditya/Downloads/572392_Andreas_AirflowETL/code/.venv/lib/python3.9/site-packages/airflow/example_dags/example_subdag_operator.py
[2026-09-18T12:44:54.869+0700] {logging_mixin.py:190} INFO - [2026-09-18T12:44:54.869+0700] {dag.py:3239} INFO - Sync 3 DAGs
[2026-09-18T12:44:54.909+0700] {logging_mixin.py:190} INFO - [2026-09-18T12:44:54.909+0700] {dag.py:4180} INFO - Setting next_dagrun for example_subdag_operator to 2022-01-01 00:00:00+00:00, run_after=2022-01-01 00:00:00+00:00
[2026-09-18T12:44:54.911+0700] {logging_mixin.py:190} INFO - [2026-09-18T12:44:54.911+0700] {dag.py:4180} INFO - Setting next_dagrun for example_subdag_operator.section-1 to None, run_after=None
[2026-09-18T12:44:54.911+0700] {logging_mixin.py:190} INFO - [2026-09-18T12:44:54.911+0700] {dag.py:4180} INFO - Setting next_dagrun for example_subdag_operator.section-2 to None, run_after=None
[2026-09-18T12:44:54.915+0700] {logging_mixin.py:190} INFO - [2026-09-18T12:44:54.915+0700] {dag.py:3239} INFO - Sync 2 DAGs
[2026-09-18T12:44:54.917+0700] {logging_mixin.py:190} INFO - [2026-09-18T12:44:54.917+0700] {dag.py:4180} INFO - Setting next_dagrun for example_subdag_operator.section-1 to None, run_after=None
[2026-09-18T12:44:54.917+0700] {logging_mixin.py:190} INFO - [2026-09-18T12:44:54.917+0700] {dag.py:4180} INFO - Setting next_dagrun for example_subdag_operator.section-2 to None, run_after=None
[2026-09-18T12:44:54.924+0700] {processor.py:208} INFO - Processing /Users/andreasanditya/Downloads/572392_Andreas_AirflowETL/code/.venv/lib/python3.9/site-packages/airflow/example_dags/example_subdag_operator.py took 0.390 seconds
[2026-09-18T12:46:21.436+0700] {processor.py:186} INFO - Started process (PID=68931) to work on /Users/andreasanditya/Downloads/572392_Andreas_AirflowETL/code/.venv/lib/python3.9/site-packages/airflow/example_dags/example_subdag_operator.py
[2026-09-18T12:46:21.436+0700] {processor.py:914} INFO - Processing file /Users/andreasanditya/Downloads/572392_Andreas_AirflowETL/code/.venv/lib/python3.9/site-packages/airflow/example_dags/example_subdag_operator.py for tasks to queue
[2026-09-18T12:46:21.437+0700] {logging_mixin.py:190} INFO - [2026-09-18T12:46:21.437+0700] {dagbag.py:588} INFO - Filling up the DagBag from /Users/andreasanditya/Downloads/572392_Andreas_AirflowETL/code/.venv/lib/python3.9/site-packages/airflow/example_dags/example_subdag_operator.py
[2026-09-18T12:46:21.525+0700] {processor.py:925} INFO - DAG(s) 'example_subdag_operator.section-1', 'example_subdag_operator.section-2', 'example_subdag_operator' retrieved from /Users/andreasanditya/Downloads/572392_Andreas_AirflowETL/code/.venv/lib/python3.9/site-packages/airflow/example_dags/example_subdag_operator.py
[2026-09-18T12:46:21.736+0700] {logging_mixin.py:190} INFO - [2026-09-18T12:46:21.736+0700] {dag.py:3239} INFO - Sync 3 DAGs
[2026-09-18T12:46:21.775+0700] {logging_mixin.py:190} INFO - [2026-09-18T12:46:21.774+0700] {dag.py:4180} INFO - Setting next_dagrun for example_subdag_operator to 2022-01-01 00:00:00+00:00, run_after=2022-01-01 00:00:00+00:00
[2026-09-18T12:46:21.776+0700] {logging_mixin.py:190} INFO - [2026-09-18T12:46:21.776+0700] {dag.py:4180} INFO - Setting next_dagrun for example_subdag_operator.section-1 to None, run_after=None
[2026-09-18T12:46:21.777+0700] {logging_mixin.py:190} INFO - [2026-09-18T12:46:21.777+0700] {dag.py:4180} INFO - Setting next_dagrun for example_subdag_operator.section-2 to None, run_after=None
[2026-09-18T12:46:21.780+0700] {logging_mixin.py:190} INFO - [2026-09-18T12:46:21.780+0700] {dag.py:3239} INFO - Sync 2 DAGs
[2026-09-18T12:46:21.782+0700] {logging_mixin.py:190} INFO - [2026-09-18T12:46:21.782+0700] {dag.py:4180} INFO - Setting next_dagrun for example_subdag_operator.section-1 to None, run_after=None
[2026-09-18T12:46:21.782+0700] {logging_mixin.py:190} INFO - [2026-09-18T12:46:21.782+0700] {dag.py:4180} INFO - Setting next_dagrun for example_subdag_operator.section-2 to None, run_after=None
[2026-09-18T12:46:21.789+0700] {processor.py:208} INFO - Processing /Users/andreasanditya/Downloads/572392_Andreas_AirflowETL/code/.venv/lib/python3.9/site-packages/airflow/example_dags/example_subdag_operator.py took 0.356 seconds
[2026-09-18T12:47:46.987+0700] {processor.py:186} INFO - Started process (PID=69843) to work on /Users/andreasanditya/Downloads/572392_Andreas_AirflowETL/code/.venv/lib/python3.9/site-packages/airflow/example_dags/example_subdag_operator.py
[2026-09-18T12:47:46.988+0700] {processor.py:914} INFO - Processing file /Users/andreasanditya/Downloads/572392_Andreas_AirflowETL/code/.venv/lib/python3.9/site-packages/airflow/example_dags/example_subdag_operator.py for tasks to queue
[2026-09-18T12:47:46.989+0700] {logging_mixin.py:190} INFO - [2026-09-18T12:47:46.988+0700] {dagbag.py:588} INFO - Filling up the DagBag from /Users/andreasanditya/Downloads/572392_Andreas_AirflowETL/code/.venv/lib/python3.9/site-packages/airflow/example_dags/example_subdag_operator.py
[2026-09-18T12:47:47.076+0700] {processor.py:925} INFO - DAG(s) 'example_subdag_operator.section-1', 'example_subdag_operator.section-2', 'example_subdag_operator' retrieved from /Users/andreasanditya/Downloads/572392_Andreas_AirflowETL/code/.venv/lib/python3.9/site-packages/airflow/example_dags/example_subdag_operator.py
[2026-09-18T12:47:47.285+0700] {logging_mixin.py:190} INFO - [2026-09-18T12:47:47.284+0700] {dag.py:3239} INFO - Sync 3 DAGs
[2026-09-18T12:47:47.324+0700] {logging_mixin.py:190} INFO - [2026-09-18T12:47:47.323+0700] {dag.py:4180} INFO - Setting next_dagrun for example_subdag_operator to 2022-01-01 00:00:00+00:00, run_after=2022-01-01 00:00:00+00:00
[2026-09-18T12:47:47.325+0700] {logging_mixin.py:190} INFO - [2026-09-18T12:47:47.325+0700] {dag.py:4180} INFO - Setting next_dagrun for example_subdag_operator.section-1 to None, run_after=None
[2026-09-18T12:47:47.326+0700] {logging_mixin.py:190} INFO - [2026-09-18T12:47:47.326+0700] {dag.py:4180} INFO - Setting next_dagrun for example_subdag_operator.section-2 to None, run_after=None
[2026-09-18T12:47:47.329+0700] {logging_mixin.py:190} INFO - [2026-09-18T12:47:47.329+0700] {dag.py:3239} INFO - Sync 2 DAGs
[2026-09-18T12:47:47.331+0700] {logging_mixin.py:190} INFO - [2026-09-18T12:47:47.331+0700] {dag.py:4180} INFO - Setting next_dagrun for example_subdag_operator.section-1 to None, run_after=None
[2026-09-18T12:47:47.331+0700] {logging_mixin.py:190} INFO - [2026-09-18T12:47:47.331+0700] {dag.py:4180} INFO - Setting next_dagrun for example_subdag_operator.section-2 to None, run_after=None
[2026-09-18T12:47:47.338+0700] {processor.py:208} INFO - Processing /Users/andreasanditya/Downloads/572392_Andreas_AirflowETL/code/.venv/lib/python3.9/site-packages/airflow/example_dags/example_subdag_operator.py took 0.353 seconds
[2026-09-18T12:49:13.774+0700] {processor.py:186} INFO - Started process (PID=70681) to work on /Users/andreasanditya/Downloads/572392_Andreas_AirflowETL/code/.venv/lib/python3.9/site-packages/airflow/example_dags/example_subdag_operator.py
[2026-09-18T12:49:13.775+0700] {processor.py:914} INFO - Processing file /Users/andreasanditya/Downloads/572392_Andreas_AirflowETL/code/.venv/lib/python3.9/site-packages/airflow/example_dags/example_subdag_operator.py for tasks to queue
[2026-09-18T12:49:13.776+0700] {logging_mixin.py:190} INFO - [2026-09-18T12:49:13.775+0700] {dagbag.py:588} INFO - Filling up the DagBag from /Users/andreasanditya/Downloads/572392_Andreas_AirflowETL/code/.venv/lib/python3.9/site-packages/airflow/example_dags/example_subdag_operator.py
[2026-09-18T12:49:13.864+0700] {processor.py:925} INFO - DAG(s) 'example_subdag_operator.section-1', 'example_subdag_operator.section-2', 'example_subdag_operator' retrieved from /Users/andreasanditya/Downloads/572392_Andreas_AirflowETL/code/.venv/lib/python3.9/site-packages/airflow/example_dags/example_subdag_operator.py
[2026-09-18T12:49:14.099+0700] {logging_mixin.py:190} INFO - [2026-09-18T12:49:14.099+0700] {dag.py:3239} INFO - Sync 3 DAGs
[2026-09-18T12:49:14.139+0700] {logging_mixin.py:190} INFO - [2026-09-18T12:49:14.139+0700] {dag.py:4180} INFO - Setting next_dagrun for example_subdag_operator to 2022-01-01 00:00:00+00:00, run_after=2022-01-01 00:00:00+00:00
[2026-09-18T12:49:14.141+0700] {logging_mixin.py:190} INFO - [2026-09-18T12:49:14.141+0700] {dag.py:4180} INFO - Setting next_dagrun for example_subdag_operator.section-1 to None, run_after=None
[2026-09-18T12:49:14.142+0700] {logging_mixin.py:190} INFO - [2026-09-18T12:49:14.142+0700] {dag.py:4180} INFO - Setting next_dagrun for example_subdag_operator.section-2 to None, run_after=None
[2026-09-18T12:49:14.145+0700] {logging_mixin.py:190} INFO - [2026-09-18T12:49:14.145+0700] {dag.py:3239} INFO - Sync 2 DAGs
[2026-09-18T12:49:14.147+0700] {logging_mixin.py:190} INFO - [2026-09-18T12:49:14.147+0700] {dag.py:4180} INFO - Setting next_dagrun for example_subdag_operator.section-1 to None, run_after=None
[2026-09-18T12:49:14.147+0700] {logging_mixin.py:190} INFO - [2026-09-18T12:49:14.147+0700] {dag.py:4180} INFO - Setting next_dagrun for example_subdag_operator.section-2 to None, run_after=None
[2026-09-18T12:49:14.154+0700] {processor.py:208} INFO - Processing /Users/andreasanditya/Downloads/572392_Andreas_AirflowETL/code/.venv/lib/python3.9/site-packages/airflow/example_dags/example_subdag_operator.py took 0.382 seconds
[2026-09-18T12:50:37.722+0700] {processor.py:186} INFO - Started process (PID=71581) to work on /Users/andreasanditya/Downloads/572392_Andreas_AirflowETL/code/.venv/lib/python3.9/site-packages/airflow/example_dags/example_subdag_operator.py
[2026-09-18T12:50:37.723+0700] {processor.py:914} INFO - Processing file /Users/andreasanditya/Downloads/572392_Andreas_AirflowETL/code/.venv/lib/python3.9/site-packages/airflow/example_dags/example_subdag_operator.py for tasks to queue
[2026-09-18T12:50:37.724+0700] {logging_mixin.py:190} INFO - [2026-09-18T12:50:37.724+0700] {dagbag.py:588} INFO - Filling up the DagBag from /Users/andreasanditya/Downloads/572392_Andreas_AirflowETL/code/.venv/lib/python3.9/site-packages/airflow/example_dags/example_subdag_operator.py
[2026-09-18T12:50:37.812+0700] {processor.py:925} INFO - DAG(s) 'example_subdag_operator.section-1', 'example_subdag_operator.section-2', 'example_subdag_operator' retrieved from /Users/andreasanditya/Downloads/572392_Andreas_AirflowETL/code/.venv/lib/python3.9/site-packages/airflow/example_dags/example_subdag_operator.py
[2026-09-18T12:50:38.022+0700] {logging_mixin.py:190} INFO - [2026-09-18T12:50:38.022+0700] {dag.py:3239} INFO - Sync 3 DAGs
[2026-09-18T12:50:38.062+0700] {logging_mixin.py:190} INFO - [2026-09-18T12:50:38.061+0700] {dag.py:4180} INFO - Setting next_dagrun for example_subdag_operator to 2022-01-01 00:00:00+00:00, run_after=2022-01-01 00:00:00+00:00
[2026-09-18T12:50:38.063+0700] {logging_mixin.py:190} INFO - [2026-09-18T12:50:38.063+0700] {dag.py:4180} INFO - Setting next_dagrun for example_subdag_operator.section-1 to None, run_after=None
[2026-09-18T12:50:38.064+0700] {logging_mixin.py:190} INFO - [2026-09-18T12:50:38.064+0700] {dag.py:4180} INFO - Setting next_dagrun for example_subdag_operator.section-2 to None, run_after=None
[2026-09-18T12:50:38.067+0700] {logging_mixin.py:190} INFO - [2026-09-18T12:50:38.067+0700] {dag.py:3239} INFO - Sync 2 DAGs
[2026-09-18T12:50:38.069+0700] {logging_mixin.py:190} INFO - [2026-09-18T12:50:38.069+0700] {dag.py:4180} INFO - Setting next_dagrun for example_subdag_operator.section-1 to None, run_after=None
[2026-09-18T12:50:38.069+0700] {logging_mixin.py:190} INFO - [2026-09-18T12:50:38.069+0700] {dag.py:4180} INFO - Setting next_dagrun for example_subdag_operator.section-2 to None, run_after=None
[2026-09-18T12:50:38.076+0700] {processor.py:208} INFO - Processing /Users/andreasanditya/Downloads/572392_Andreas_AirflowETL/code/.venv/lib/python3.9/site-packages/airflow/example_dags/example_subdag_operator.py took 0.356 seconds
[2026-09-18T12:51:59.511+0700] {processor.py:186} INFO - Started process (PID=72412) to work on /Users/andreasanditya/Downloads/572392_Andreas_AirflowETL/code/.venv/lib/python3.9/site-packages/airflow/example_dags/example_subdag_operator.py
[2026-09-18T12:51:59.513+0700] {processor.py:914} INFO - Processing file /Users/andreasanditya/Downloads/572392_Andreas_AirflowETL/code/.venv/lib/python3.9/site-packages/airflow/example_dags/example_subdag_operator.py for tasks to queue
[2026-09-18T12:51:59.513+0700] {logging_mixin.py:190} INFO - [2026-09-18T12:51:59.513+0700] {dagbag.py:588} INFO - Filling up the DagBag from /Users/andreasanditya/Downloads/572392_Andreas_AirflowETL/code/.venv/lib/python3.9/site-packages/airflow/example_dags/example_subdag_operator.py
[2026-09-18T12:51:59.602+0700] {processor.py:925} INFO - DAG(s) 'example_subdag_operator.section-1', 'example_subdag_operator.section-2', 'example_subdag_operator' retrieved from /Users/andreasanditya/Downloads/572392_Andreas_AirflowETL/code/.venv/lib/python3.9/site-packages/airflow/example_dags/example_subdag_operator.py
[2026-09-18T12:51:59.846+0700] {logging_mixin.py:190} INFO - [2026-09-18T12:51:59.845+0700] {dag.py:3239} INFO - Sync 3 DAGs
[2026-09-18T12:51:59.886+0700] {logging_mixin.py:190} INFO - [2026-09-18T12:51:59.885+0700] {dag.py:4180} INFO - Setting next_dagrun for example_subdag_operator to 2022-01-01 00:00:00+00:00, run_after=2022-01-01 00:00:00+00:00
[2026-09-18T12:51:59.888+0700] {logging_mixin.py:190} INFO - [2026-09-18T12:51:59.888+0700] {dag.py:4180} INFO - Setting next_dagrun for example_subdag_operator.section-1 to None, run_after=None
[2026-09-18T12:51:59.888+0700] {logging_mixin.py:190} INFO - [2026-09-18T12:51:59.888+0700] {dag.py:4180} INFO - Setting next_dagrun for example_subdag_operator.section-2 to None, run_after=None
[2026-09-18T12:51:59.892+0700] {logging_mixin.py:190} INFO - [2026-09-18T12:51:59.892+0700] {dag.py:3239} INFO - Sync 2 DAGs
[2026-09-18T12:51:59.894+0700] {logging_mixin.py:190} INFO - [2026-09-18T12:51:59.894+0700] {dag.py:4180} INFO - Setting next_dagrun for example_subdag_operator.section-1 to None, run_after=None
[2026-09-18T12:51:59.894+0700] {logging_mixin.py:190} INFO - [2026-09-18T12:51:59.894+0700] {dag.py:4180} INFO - Setting next_dagrun for example_subdag_operator.section-2 to None, run_after=None
[2026-09-18T12:51:59.900+0700] {processor.py:208} INFO - Processing /Users/andreasanditya/Downloads/572392_Andreas_AirflowETL/code/.venv/lib/python3.9/site-packages/airflow/example_dags/example_subdag_operator.py took 0.391 seconds
[2026-09-18T12:53:26.914+0700] {processor.py:186} INFO - Started process (PID=73258) to work on /Users/andreasanditya/Downloads/572392_Andreas_AirflowETL/code/.venv/lib/python3.9/site-packages/airflow/example_dags/example_subdag_operator.py
[2026-09-18T12:53:26.916+0700] {processor.py:914} INFO - Processing file /Users/andreasanditya/Downloads/572392_Andreas_AirflowETL/code/.venv/lib/python3.9/site-packages/airflow/example_dags/example_subdag_operator.py for tasks to queue
[2026-09-18T12:53:26.916+0700] {logging_mixin.py:190} INFO - [2026-09-18T12:53:26.916+0700] {dagbag.py:588} INFO - Filling up the DagBag from /Users/andreasanditya/Downloads/572392_Andreas_AirflowETL/code/.venv/lib/python3.9/site-packages/airflow/example_dags/example_subdag_operator.py
[2026-09-18T12:53:27.003+0700] {processor.py:925} INFO - DAG(s) 'example_subdag_operator.section-1', 'example_subdag_operator.section-2', 'example_subdag_operator' retrieved from /Users/andreasanditya/Downloads/572392_Andreas_AirflowETL/code/.venv/lib/python3.9/site-packages/airflow/example_dags/example_subdag_operator.py
[2026-09-18T12:53:27.210+0700] {logging_mixin.py:190} INFO - [2026-09-18T12:53:27.210+0700] {dag.py:3239} INFO - Sync 3 DAGs
[2026-09-18T12:53:27.249+0700] {logging_mixin.py:190} INFO - [2026-09-18T12:53:27.249+0700] {dag.py:4180} INFO - Setting next_dagrun for example_subdag_operator to 2022-01-01 00:00:00+00:00, run_after=2022-01-01 00:00:00+00:00
[2026-09-18T12:53:27.250+0700] {logging_mixin.py:190} INFO - [2026-09-18T12:53:27.250+0700] {dag.py:4180} INFO - Setting next_dagrun for example_subdag_operator.section-1 to None, run_after=None
[2026-09-18T12:53:27.251+0700] {logging_mixin.py:190} INFO - [2026-09-18T12:53:27.251+0700] {dag.py:4180} INFO - Setting next_dagrun for example_subdag_operator.section-2 to None, run_after=None
[2026-09-18T12:53:27.254+0700] {logging_mixin.py:190} INFO - [2026-09-18T12:53:27.254+0700] {dag.py:3239} INFO - Sync 2 DAGs
[2026-09-18T12:53:27.256+0700] {logging_mixin.py:190} INFO - [2026-09-18T12:53:27.256+0700] {dag.py:4180} INFO - Setting next_dagrun for example_subdag_operator.section-1 to None, run_after=None
[2026-09-18T12:53:27.256+0700] {logging_mixin.py:190} INFO - [2026-09-18T12:53:27.256+0700] {dag.py:4180} INFO - Setting next_dagrun for example_subdag_operator.section-2 to None, run_after=None
[2026-09-18T12:53:27.263+0700] {processor.py:208} INFO - Processing /Users/andreasanditya/Downloads/572392_Andreas_AirflowETL/code/.venv/lib/python3.9/site-packages/airflow/example_dags/example_subdag_operator.py took 0.351 seconds
[2026-09-18T12:54:51.204+0700] {processor.py:186} INFO - Started process (PID=74181) to work on /Users/andreasanditya/Downloads/572392_Andreas_AirflowETL/code/.venv/lib/python3.9/site-packages/airflow/example_dags/example_subdag_operator.py
[2026-09-18T12:54:51.205+0700] {processor.py:914} INFO - Processing file /Users/andreasanditya/Downloads/572392_Andreas_AirflowETL/code/.venv/lib/python3.9/site-packages/airflow/example_dags/example_subdag_operator.py for tasks to queue
[2026-09-18T12:54:51.206+0700] {logging_mixin.py:190} INFO - [2026-09-18T12:54:51.206+0700] {dagbag.py:588} INFO - Filling up the DagBag from /Users/andreasanditya/Downloads/572392_Andreas_AirflowETL/code/.venv/lib/python3.9/site-packages/airflow/example_dags/example_subdag_operator.py
[2026-09-18T12:54:51.293+0700] {processor.py:925} INFO - DAG(s) 'example_subdag_operator.section-1', 'example_subdag_operator.section-2', 'example_subdag_operator' retrieved from /Users/andreasanditya/Downloads/572392_Andreas_AirflowETL/code/.venv/lib/python3.9/site-packages/airflow/example_dags/example_subdag_operator.py
[2026-09-18T12:54:51.506+0700] {logging_mixin.py:190} INFO - [2026-09-18T12:54:51.506+0700] {dag.py:3239} INFO - Sync 3 DAGs
[2026-09-18T12:54:51.546+0700] {logging_mixin.py:190} INFO - [2026-09-18T12:54:51.546+0700] {dag.py:4180} INFO - Setting next_dagrun for example_subdag_operator to 2022-01-01 00:00:00+00:00, run_after=2022-01-01 00:00:00+00:00
[2026-09-18T12:54:51.547+0700] {logging_mixin.py:190} INFO - [2026-09-18T12:54:51.547+0700] {dag.py:4180} INFO - Setting next_dagrun for example_subdag_operator.section-1 to None, run_after=None
[2026-09-18T12:54:51.548+0700] {logging_mixin.py:190} INFO - [2026-09-18T12:54:51.548+0700] {dag.py:4180} INFO - Setting next_dagrun for example_subdag_operator.section-2 to None, run_after=None
[2026-09-18T12:54:51.551+0700] {logging_mixin.py:190} INFO - [2026-09-18T12:54:51.551+0700] {dag.py:3239} INFO - Sync 2 DAGs
[2026-09-18T12:54:51.553+0700] {logging_mixin.py:190} INFO - [2026-09-18T12:54:51.553+0700] {dag.py:4180} INFO - Setting next_dagrun for example_subdag_operator.section-1 to None, run_after=None
[2026-09-18T12:54:51.553+0700] {logging_mixin.py:190} INFO - [2026-09-18T12:54:51.553+0700] {dag.py:4180} INFO - Setting next_dagrun for example_subdag_operator.section-2 to None, run_after=None
[2026-09-18T12:54:51.560+0700] {processor.py:208} INFO - Processing /Users/andreasanditya/Downloads/572392_Andreas_AirflowETL/code/.venv/lib/python3.9/site-packages/airflow/example_dags/example_subdag_operator.py took 0.358 seconds
[2026-09-18T12:56:14.491+0700] {processor.py:186} INFO - Started process (PID=75018) to work on /Users/andreasanditya/Downloads/572392_Andreas_AirflowETL/code/.venv/lib/python3.9/site-packages/airflow/example_dags/example_subdag_operator.py
[2026-09-18T12:56:14.492+0700] {processor.py:914} INFO - Processing file /Users/andreasanditya/Downloads/572392_Andreas_AirflowETL/code/.venv/lib/python3.9/site-packages/airflow/example_dags/example_subdag_operator.py for tasks to queue
[2026-09-18T12:56:14.493+0700] {logging_mixin.py:190} INFO - [2026-09-18T12:56:14.493+0700] {dagbag.py:588} INFO - Filling up the DagBag from /Users/andreasanditya/Downloads/572392_Andreas_AirflowETL/code/.venv/lib/python3.9/site-packages/airflow/example_dags/example_subdag_operator.py
[2026-09-18T12:56:14.581+0700] {processor.py:925} INFO - DAG(s) 'example_subdag_operator.section-1', 'example_subdag_operator.section-2', 'example_subdag_operator' retrieved from /Users/andreasanditya/Downloads/572392_Andreas_AirflowETL/code/.venv/lib/python3.9/site-packages/airflow/example_dags/example_subdag_operator.py
[2026-09-18T12:56:14.812+0700] {logging_mixin.py:190} INFO - [2026-09-18T12:56:14.812+0700] {dag.py:3239} INFO - Sync 3 DAGs
[2026-09-18T12:56:14.853+0700] {logging_mixin.py:190} INFO - [2026-09-18T12:56:14.853+0700] {dag.py:4180} INFO - Setting next_dagrun for example_subdag_operator to 2022-01-01 00:00:00+00:00, run_after=2022-01-01 00:00:00+00:00
[2026-09-18T12:56:14.855+0700] {logging_mixin.py:190} INFO - [2026-09-18T12:56:14.855+0700] {dag.py:4180} INFO - Setting next_dagrun for example_subdag_operator.section-1 to None, run_after=None
[2026-09-18T12:56:14.856+0700] {logging_mixin.py:190} INFO - [2026-09-18T12:56:14.856+0700] {dag.py:4180} INFO - Setting next_dagrun for example_subdag_operator.section-2 to None, run_after=None
[2026-09-18T12:56:14.859+0700] {logging_mixin.py:190} INFO - [2026-09-18T12:56:14.859+0700] {dag.py:3239} INFO - Sync 2 DAGs
[2026-09-18T12:56:14.861+0700] {logging_mixin.py:190} INFO - [2026-09-18T12:56:14.861+0700] {dag.py:4180} INFO - Setting next_dagrun for example_subdag_operator.section-1 to None, run_after=None
[2026-09-18T12:56:14.862+0700] {logging_mixin.py:190} INFO - [2026-09-18T12:56:14.862+0700] {dag.py:4180} INFO - Setting next_dagrun for example_subdag_operator.section-2 to None, run_after=None
[2026-09-18T12:56:14.868+0700] {processor.py:208} INFO - Processing /Users/andreasanditya/Downloads/572392_Andreas_AirflowETL/code/.venv/lib/python3.9/site-packages/airflow/example_dags/example_subdag_operator.py took 0.379 seconds
[2026-09-18T12:57:41.733+0700] {processor.py:186} INFO - Started process (PID=75917) to work on /Users/andreasanditya/Downloads/572392_Andreas_AirflowETL/code/.venv/lib/python3.9/site-packages/airflow/example_dags/example_subdag_operator.py
[2026-09-18T12:57:41.734+0700] {processor.py:914} INFO - Processing file /Users/andreasanditya/Downloads/572392_Andreas_AirflowETL/code/.venv/lib/python3.9/site-packages/airflow/example_dags/example_subdag_operator.py for tasks to queue
[2026-09-18T12:57:41.735+0700] {logging_mixin.py:190} INFO - [2026-09-18T12:57:41.734+0700] {dagbag.py:588} INFO - Filling up the DagBag from /Users/andreasanditya/Downloads/572392_Andreas_AirflowETL/code/.venv/lib/python3.9/site-packages/airflow/example_dags/example_subdag_operator.py
[2026-09-18T12:57:41.822+0700] {processor.py:925} INFO - DAG(s) 'example_subdag_operator.section-1', 'example_subdag_operator.section-2', 'example_subdag_operator' retrieved from /Users/andreasanditya/Downloads/572392_Andreas_AirflowETL/code/.venv/lib/python3.9/site-packages/airflow/example_dags/example_subdag_operator.py
[2026-09-18T12:57:42.033+0700] {logging_mixin.py:190} INFO - [2026-09-18T12:57:42.033+0700] {dag.py:3239} INFO - Sync 3 DAGs
[2026-09-18T12:57:42.072+0700] {logging_mixin.py:190} INFO - [2026-09-18T12:57:42.072+0700] {dag.py:4180} INFO - Setting next_dagrun for example_subdag_operator to 2022-01-01 00:00:00+00:00, run_after=2022-01-01 00:00:00+00:00
[2026-09-18T12:57:42.073+0700] {logging_mixin.py:190} INFO - [2026-09-18T12:57:42.073+0700] {dag.py:4180} INFO - Setting next_dagrun for example_subdag_operator.section-1 to None, run_after=None
[2026-09-18T12:57:42.074+0700] {logging_mixin.py:190} INFO - [2026-09-18T12:57:42.074+0700] {dag.py:4180} INFO - Setting next_dagrun for example_subdag_operator.section-2 to None, run_after=None
[2026-09-18T12:57:42.077+0700] {logging_mixin.py:190} INFO - [2026-09-18T12:57:42.077+0700] {dag.py:3239} INFO - Sync 2 DAGs
[2026-09-18T12:57:42.079+0700] {logging_mixin.py:190} INFO - [2026-09-18T12:57:42.079+0700] {dag.py:4180} INFO - Setting next_dagrun for example_subdag_operator.section-1 to None, run_after=None
[2026-09-18T12:57:42.079+0700] {logging_mixin.py:190} INFO - [2026-09-18T12:57:42.079+0700] {dag.py:4180} INFO - Setting next_dagrun for example_subdag_operator.section-2 to None, run_after=None
[2026-09-18T12:57:42.086+0700] {processor.py:208} INFO - Processing /Users/andreasanditya/Downloads/572392_Andreas_AirflowETL/code/.venv/lib/python3.9/site-packages/airflow/example_dags/example_subdag_operator.py took 0.355 seconds
[2026-09-18T12:59:06.693+0700] {processor.py:186} INFO - Started process (PID=76787) to work on /Users/andreasanditya/Downloads/572392_Andreas_AirflowETL/code/.venv/lib/python3.9/site-packages/airflow/example_dags/example_subdag_operator.py
[2026-09-18T12:59:06.694+0700] {processor.py:914} INFO - Processing file /Users/andreasanditya/Downloads/572392_Andreas_AirflowETL/code/.venv/lib/python3.9/site-packages/airflow/example_dags/example_subdag_operator.py for tasks to queue
[2026-09-18T12:59:06.695+0700] {logging_mixin.py:190} INFO - [2026-09-18T12:59:06.695+0700] {dagbag.py:588} INFO - Filling up the DagBag from /Users/andreasanditya/Downloads/572392_Andreas_AirflowETL/code/.venv/lib/python3.9/site-packages/airflow/example_dags/example_subdag_operator.py
[2026-09-18T12:59:06.784+0700] {processor.py:925} INFO - DAG(s) 'example_subdag_operator.section-1', 'example_subdag_operator.section-2', 'example_subdag_operator' retrieved from /Users/andreasanditya/Downloads/572392_Andreas_AirflowETL/code/.venv/lib/python3.9/site-packages/airflow/example_dags/example_subdag_operator.py
[2026-09-18T12:59:07.010+0700] {logging_mixin.py:190} INFO - [2026-09-18T12:59:07.009+0700] {dag.py:3239} INFO - Sync 3 DAGs
[2026-09-18T12:59:07.049+0700] {logging_mixin.py:190} INFO - [2026-09-18T12:59:07.049+0700] {dag.py:4180} INFO - Setting next_dagrun for example_subdag_operator to 2022-01-01 00:00:00+00:00, run_after=2022-01-01 00:00:00+00:00
[2026-09-18T12:59:07.051+0700] {logging_mixin.py:190} INFO - [2026-09-18T12:59:07.051+0700] {dag.py:4180} INFO - Setting next_dagrun for example_subdag_operator.section-1 to None, run_after=None
[2026-09-18T12:59:07.052+0700] {logging_mixin.py:190} INFO - [2026-09-18T12:59:07.052+0700] {dag.py:4180} INFO - Setting next_dagrun for example_subdag_operator.section-2 to None, run_after=None
[2026-09-18T12:59:07.055+0700] {logging_mixin.py:190} INFO - [2026-09-18T12:59:07.055+0700] {dag.py:3239} INFO - Sync 2 DAGs
[2026-09-18T12:59:07.057+0700] {logging_mixin.py:190} INFO - [2026-09-18T12:59:07.057+0700] {dag.py:4180} INFO - Setting next_dagrun for example_subdag_operator.section-1 to None, run_after=None
[2026-09-18T12:59:07.058+0700] {logging_mixin.py:190} INFO - [2026-09-18T12:59:07.058+0700] {dag.py:4180} INFO - Setting next_dagrun for example_subdag_operator.section-2 to None, run_after=None
[2026-09-18T12:59:07.064+0700] {processor.py:208} INFO - Processing /Users/andreasanditya/Downloads/572392_Andreas_AirflowETL/code/.venv/lib/python3.9/site-packages/airflow/example_dags/example_subdag_operator.py took 0.373 seconds
[2026-09-18T13:00:32.941+0700] {processor.py:186} INFO - Started process (PID=77699) to work on /Users/andreasanditya/Downloads/572392_Andreas_AirflowETL/code/.venv/lib/python3.9/site-packages/airflow/example_dags/example_subdag_operator.py
[2026-09-18T13:00:32.944+0700] {processor.py:914} INFO - Processing file /Users/andreasanditya/Downloads/572392_Andreas_AirflowETL/code/.venv/lib/python3.9/site-packages/airflow/example_dags/example_subdag_operator.py for tasks to queue
[2026-09-18T13:00:32.945+0700] {logging_mixin.py:190} INFO - [2026-09-18T13:00:32.945+0700] {dagbag.py:588} INFO - Filling up the DagBag from /Users/andreasanditya/Downloads/572392_Andreas_AirflowETL/code/.venv/lib/python3.9/site-packages/airflow/example_dags/example_subdag_operator.py
[2026-09-18T13:00:33.032+0700] {processor.py:925} INFO - DAG(s) 'example_subdag_operator.section-1', 'example_subdag_operator.section-2', 'example_subdag_operator' retrieved from /Users/andreasanditya/Downloads/572392_Andreas_AirflowETL/code/.venv/lib/python3.9/site-packages/airflow/example_dags/example_subdag_operator.py
[2026-09-18T13:00:33.245+0700] {logging_mixin.py:190} INFO - [2026-09-18T13:00:33.245+0700] {dag.py:3239} INFO - Sync 3 DAGs
[2026-09-18T13:00:33.284+0700] {logging_mixin.py:190} INFO - [2026-09-18T13:00:33.284+0700] {dag.py:4180} INFO - Setting next_dagrun for example_subdag_operator to 2022-01-01 00:00:00+00:00, run_after=2022-01-01 00:00:00+00:00
[2026-09-18T13:00:33.286+0700] {logging_mixin.py:190} INFO - [2026-09-18T13:00:33.286+0700] {dag.py:4180} INFO - Setting next_dagrun for example_subdag_operator.section-1 to None, run_after=None
[2026-09-18T13:00:33.286+0700] {logging_mixin.py:190} INFO - [2026-09-18T13:00:33.286+0700] {dag.py:4180} INFO - Setting next_dagrun for example_subdag_operator.section-2 to None, run_after=None
[2026-09-18T13:00:33.290+0700] {logging_mixin.py:190} INFO - [2026-09-18T13:00:33.290+0700] {dag.py:3239} INFO - Sync 2 DAGs
[2026-09-18T13:00:33.292+0700] {logging_mixin.py:190} INFO - [2026-09-18T13:00:33.292+0700] {dag.py:4180} INFO - Setting next_dagrun for example_subdag_operator.section-1 to None, run_after=None
[2026-09-18T13:00:33.292+0700] {logging_mixin.py:190} INFO - [2026-09-18T13:00:33.292+0700] {dag.py:4180} INFO - Setting next_dagrun for example_subdag_operator.section-2 to None, run_after=None
[2026-09-18T13:00:33.298+0700] {processor.py:208} INFO - Processing /Users/andreasanditya/Downloads/572392_Andreas_AirflowETL/code/.venv/lib/python3.9/site-packages/airflow/example_dags/example_subdag_operator.py took 0.359 seconds
[2026-09-18T13:01:59.893+0700] {processor.py:186} INFO - Started process (PID=78531) to work on /Users/andreasanditya/Downloads/572392_Andreas_AirflowETL/code/.venv/lib/python3.9/site-packages/airflow/example_dags/example_subdag_operator.py
[2026-09-18T13:01:59.894+0700] {processor.py:914} INFO - Processing file /Users/andreasanditya/Downloads/572392_Andreas_AirflowETL/code/.venv/lib/python3.9/site-packages/airflow/example_dags/example_subdag_operator.py for tasks to queue
[2026-09-18T13:01:59.895+0700] {logging_mixin.py:190} INFO - [2026-09-18T13:01:59.895+0700] {dagbag.py:588} INFO - Filling up the DagBag from /Users/andreasanditya/Downloads/572392_Andreas_AirflowETL/code/.venv/lib/python3.9/site-packages/airflow/example_dags/example_subdag_operator.py
[2026-09-18T13:01:59.982+0700] {processor.py:925} INFO - DAG(s) 'example_subdag_operator.section-1', 'example_subdag_operator.section-2', 'example_subdag_operator' retrieved from /Users/andreasanditya/Downloads/572392_Andreas_AirflowETL/code/.venv/lib/python3.9/site-packages/airflow/example_dags/example_subdag_operator.py
[2026-09-18T13:02:00.193+0700] {logging_mixin.py:190} INFO - [2026-09-18T13:02:00.193+0700] {dag.py:3239} INFO - Sync 3 DAGs
[2026-09-18T13:02:00.232+0700] {logging_mixin.py:190} INFO - [2026-09-18T13:02:00.232+0700] {dag.py:4180} INFO - Setting next_dagrun for example_subdag_operator to 2022-01-01 00:00:00+00:00, run_after=2022-01-01 00:00:00+00:00
[2026-09-18T13:02:00.234+0700] {logging_mixin.py:190} INFO - [2026-09-18T13:02:00.234+0700] {dag.py:4180} INFO - Setting next_dagrun for example_subdag_operator.section-1 to None, run_after=None
[2026-09-18T13:02:00.234+0700] {logging_mixin.py:190} INFO - [2026-09-18T13:02:00.234+0700] {dag.py:4180} INFO - Setting next_dagrun for example_subdag_operator.section-2 to None, run_after=None
[2026-09-18T13:02:00.238+0700] {logging_mixin.py:190} INFO - [2026-09-18T13:02:00.237+0700] {dag.py:3239} INFO - Sync 2 DAGs
[2026-09-18T13:02:00.239+0700] {logging_mixin.py:190} INFO - [2026-09-18T13:02:00.239+0700] {dag.py:4180} INFO - Setting next_dagrun for example_subdag_operator.section-1 to None, run_after=None
[2026-09-18T13:02:00.240+0700] {logging_mixin.py:190} INFO - [2026-09-18T13:02:00.240+0700] {dag.py:4180} INFO - Setting next_dagrun for example_subdag_operator.section-2 to None, run_after=None
[2026-09-18T13:02:00.246+0700] {processor.py:208} INFO - Processing /Users/andreasanditya/Downloads/572392_Andreas_AirflowETL/code/.venv/lib/python3.9/site-packages/airflow/example_dags/example_subdag_operator.py took 0.356 seconds
[2026-09-18T13:03:25.404+0700] {processor.py:186} INFO - Started process (PID=79465) to work on /Users/andreasanditya/Downloads/572392_Andreas_AirflowETL/code/.venv/lib/python3.9/site-packages/airflow/example_dags/example_subdag_operator.py
[2026-09-18T13:03:25.405+0700] {processor.py:914} INFO - Processing file /Users/andreasanditya/Downloads/572392_Andreas_AirflowETL/code/.venv/lib/python3.9/site-packages/airflow/example_dags/example_subdag_operator.py for tasks to queue
[2026-09-18T13:03:25.406+0700] {logging_mixin.py:190} INFO - [2026-09-18T13:03:25.406+0700] {dagbag.py:588} INFO - Filling up the DagBag from /Users/andreasanditya/Downloads/572392_Andreas_AirflowETL/code/.venv/lib/python3.9/site-packages/airflow/example_dags/example_subdag_operator.py
[2026-09-18T13:03:25.495+0700] {processor.py:925} INFO - DAG(s) 'example_subdag_operator.section-1', 'example_subdag_operator.section-2', 'example_subdag_operator' retrieved from /Users/andreasanditya/Downloads/572392_Andreas_AirflowETL/code/.venv/lib/python3.9/site-packages/airflow/example_dags/example_subdag_operator.py
[2026-09-18T13:03:25.705+0700] {logging_mixin.py:190} INFO - [2026-09-18T13:03:25.705+0700] {dag.py:3239} INFO - Sync 3 DAGs
[2026-09-18T13:03:25.745+0700] {logging_mixin.py:190} INFO - [2026-09-18T13:03:25.744+0700] {dag.py:4180} INFO - Setting next_dagrun for example_subdag_operator to 2022-01-01 00:00:00+00:00, run_after=2022-01-01 00:00:00+00:00
[2026-09-18T13:03:25.747+0700] {logging_mixin.py:190} INFO - [2026-09-18T13:03:25.746+0700] {dag.py:4180} INFO - Setting next_dagrun for example_subdag_operator.section-1 to None, run_after=None
[2026-09-18T13:03:25.747+0700] {logging_mixin.py:190} INFO - [2026-09-18T13:03:25.747+0700] {dag.py:4180} INFO - Setting next_dagrun for example_subdag_operator.section-2 to None, run_after=None
[2026-09-18T13:03:25.751+0700] {logging_mixin.py:190} INFO - [2026-09-18T13:03:25.750+0700] {dag.py:3239} INFO - Sync 2 DAGs
[2026-09-18T13:03:25.753+0700] {logging_mixin.py:190} INFO - [2026-09-18T13:03:25.752+0700] {dag.py:4180} INFO - Setting next_dagrun for example_subdag_operator.section-1 to None, run_after=None
[2026-09-18T13:03:25.753+0700] {logging_mixin.py:190} INFO - [2026-09-18T13:03:25.753+0700] {dag.py:4180} INFO - Setting next_dagrun for example_subdag_operator.section-2 to None, run_after=None
[2026-09-18T13:03:25.759+0700] {processor.py:208} INFO - Processing /Users/andreasanditya/Downloads/572392_Andreas_AirflowETL/code/.venv/lib/python3.9/site-packages/airflow/example_dags/example_subdag_operator.py took 0.357 seconds
[2026-09-18T13:04:51.320+0700] {processor.py:186} INFO - Started process (PID=80306) to work on /Users/andreasanditya/Downloads/572392_Andreas_AirflowETL/code/.venv/lib/python3.9/site-packages/airflow/example_dags/example_subdag_operator.py
[2026-09-18T13:04:51.321+0700] {processor.py:914} INFO - Processing file /Users/andreasanditya/Downloads/572392_Andreas_AirflowETL/code/.venv/lib/python3.9/site-packages/airflow/example_dags/example_subdag_operator.py for tasks to queue
[2026-09-18T13:04:51.321+0700] {logging_mixin.py:190} INFO - [2026-09-18T13:04:51.321+0700] {dagbag.py:588} INFO - Filling up the DagBag from /Users/andreasanditya/Downloads/572392_Andreas_AirflowETL/code/.venv/lib/python3.9/site-packages/airflow/example_dags/example_subdag_operator.py
[2026-09-18T13:04:51.410+0700] {processor.py:925} INFO - DAG(s) 'example_subdag_operator.section-1', 'example_subdag_operator.section-2', 'example_subdag_operator' retrieved from /Users/andreasanditya/Downloads/572392_Andreas_AirflowETL/code/.venv/lib/python3.9/site-packages/airflow/example_dags/example_subdag_operator.py
[2026-09-18T13:04:51.616+0700] {logging_mixin.py:190} INFO - [2026-09-18T13:04:51.616+0700] {dag.py:3239} INFO - Sync 3 DAGs
[2026-09-18T13:04:51.655+0700] {logging_mixin.py:190} INFO - [2026-09-18T13:04:51.654+0700] {dag.py:4180} INFO - Setting next_dagrun for example_subdag_operator to 2022-01-01 00:00:00+00:00, run_after=2022-01-01 00:00:00+00:00
[2026-09-18T13:04:51.656+0700] {logging_mixin.py:190} INFO - [2026-09-18T13:04:51.656+0700] {dag.py:4180} INFO - Setting next_dagrun for example_subdag_operator.section-1 to None, run_after=None
[2026-09-18T13:04:51.657+0700] {logging_mixin.py:190} INFO - [2026-09-18T13:04:51.657+0700] {dag.py:4180} INFO - Setting next_dagrun for example_subdag_operator.section-2 to None, run_after=None
[2026-09-18T13:04:51.660+0700] {logging_mixin.py:190} INFO - [2026-09-18T13:04:51.660+0700] {dag.py:3239} INFO - Sync 2 DAGs
[2026-09-18T13:04:51.662+0700] {logging_mixin.py:190} INFO - [2026-09-18T13:04:51.662+0700] {dag.py:4180} INFO - Setting next_dagrun for example_subdag_operator.section-1 to None, run_after=None
[2026-09-18T13:04:51.662+0700] {logging_mixin.py:190} INFO - [2026-09-18T13:04:51.662+0700] {dag.py:4180} INFO - Setting next_dagrun for example_subdag_operator.section-2 to None, run_after=None
[2026-09-18T13:04:51.669+0700] {processor.py:208} INFO - Processing /Users/andreasanditya/Downloads/572392_Andreas_AirflowETL/code/.venv/lib/python3.9/site-packages/airflow/example_dags/example_subdag_operator.py took 0.351 seconds
[2026-09-18T13:06:17.898+0700] {processor.py:186} INFO - Started process (PID=81225) to work on /Users/andreasanditya/Downloads/572392_Andreas_AirflowETL/code/.venv/lib/python3.9/site-packages/airflow/example_dags/example_subdag_operator.py
[2026-09-18T13:06:17.899+0700] {processor.py:914} INFO - Processing file /Users/andreasanditya/Downloads/572392_Andreas_AirflowETL/code/.venv/lib/python3.9/site-packages/airflow/example_dags/example_subdag_operator.py for tasks to queue
[2026-09-18T13:06:17.900+0700] {logging_mixin.py:190} INFO - [2026-09-18T13:06:17.899+0700] {dagbag.py:588} INFO - Filling up the DagBag from /Users/andreasanditya/Downloads/572392_Andreas_AirflowETL/code/.venv/lib/python3.9/site-packages/airflow/example_dags/example_subdag_operator.py
[2026-09-18T13:06:17.988+0700] {processor.py:925} INFO - DAG(s) 'example_subdag_operator.section-1', 'example_subdag_operator.section-2', 'example_subdag_operator' retrieved from /Users/andreasanditya/Downloads/572392_Andreas_AirflowETL/code/.venv/lib/python3.9/site-packages/airflow/example_dags/example_subdag_operator.py
[2026-09-18T13:06:18.195+0700] {logging_mixin.py:190} INFO - [2026-09-18T13:06:18.194+0700] {dag.py:3239} INFO - Sync 3 DAGs
[2026-09-18T13:06:18.234+0700] {logging_mixin.py:190} INFO - [2026-09-18T13:06:18.234+0700] {dag.py:4180} INFO - Setting next_dagrun for example_subdag_operator to 2022-01-01 00:00:00+00:00, run_after=2022-01-01 00:00:00+00:00
[2026-09-18T13:06:18.236+0700] {logging_mixin.py:190} INFO - [2026-09-18T13:06:18.236+0700] {dag.py:4180} INFO - Setting next_dagrun for example_subdag_operator.section-1 to None, run_after=None
[2026-09-18T13:06:18.236+0700] {logging_mixin.py:190} INFO - [2026-09-18T13:06:18.236+0700] {dag.py:4180} INFO - Setting next_dagrun for example_subdag_operator.section-2 to None, run_after=None
[2026-09-18T13:06:18.240+0700] {logging_mixin.py:190} INFO - [2026-09-18T13:06:18.240+0700] {dag.py:3239} INFO - Sync 2 DAGs
[2026-09-18T13:06:18.242+0700] {logging_mixin.py:190} INFO - [2026-09-18T13:06:18.242+0700] {dag.py:4180} INFO - Setting next_dagrun for example_subdag_operator.section-1 to None, run_after=None
[2026-09-18T13:06:18.242+0700] {logging_mixin.py:190} INFO - [2026-09-18T13:06:18.242+0700] {dag.py:4180} INFO - Setting next_dagrun for example_subdag_operator.section-2 to None, run_after=None
[2026-09-18T13:06:18.248+0700] {processor.py:208} INFO - Processing /Users/andreasanditya/Downloads/572392_Andreas_AirflowETL/code/.venv/lib/python3.9/site-packages/airflow/example_dags/example_subdag_operator.py took 0.352 seconds
[2026-09-18T13:07:40.330+0700] {processor.py:186} INFO - Started process (PID=82057) to work on /Users/andreasanditya/Downloads/572392_Andreas_AirflowETL/code/.venv/lib/python3.9/site-packages/airflow/example_dags/example_subdag_operator.py
[2026-09-18T13:07:40.331+0700] {processor.py:914} INFO - Processing file /Users/andreasanditya/Downloads/572392_Andreas_AirflowETL/code/.venv/lib/python3.9/site-packages/airflow/example_dags/example_subdag_operator.py for tasks to queue
[2026-09-18T13:07:40.332+0700] {logging_mixin.py:190} INFO - [2026-09-18T13:07:40.332+0700] {dagbag.py:588} INFO - Filling up the DagBag from /Users/andreasanditya/Downloads/572392_Andreas_AirflowETL/code/.venv/lib/python3.9/site-packages/airflow/example_dags/example_subdag_operator.py
[2026-09-18T13:07:40.420+0700] {processor.py:925} INFO - DAG(s) 'example_subdag_operator.section-1', 'example_subdag_operator.section-2', 'example_subdag_operator' retrieved from /Users/andreasanditya/Downloads/572392_Andreas_AirflowETL/code/.venv/lib/python3.9/site-packages/airflow/example_dags/example_subdag_operator.py
[2026-09-18T13:07:40.630+0700] {logging_mixin.py:190} INFO - [2026-09-18T13:07:40.630+0700] {dag.py:3239} INFO - Sync 3 DAGs
[2026-09-18T13:07:40.674+0700] {logging_mixin.py:190} INFO - [2026-09-18T13:07:40.674+0700] {dag.py:4180} INFO - Setting next_dagrun for example_subdag_operator to 2022-01-01 00:00:00+00:00, run_after=2022-01-01 00:00:00+00:00
[2026-09-18T13:07:40.676+0700] {logging_mixin.py:190} INFO - [2026-09-18T13:07:40.676+0700] {dag.py:4180} INFO - Setting next_dagrun for example_subdag_operator.section-1 to None, run_after=None
[2026-09-18T13:07:40.677+0700] {logging_mixin.py:190} INFO - [2026-09-18T13:07:40.677+0700] {dag.py:4180} INFO - Setting next_dagrun for example_subdag_operator.section-2 to None, run_after=None
[2026-09-18T13:07:40.680+0700] {logging_mixin.py:190} INFO - [2026-09-18T13:07:40.680+0700] {dag.py:3239} INFO - Sync 2 DAGs
[2026-09-18T13:07:40.682+0700] {logging_mixin.py:190} INFO - [2026-09-18T13:07:40.682+0700] {dag.py:4180} INFO - Setting next_dagrun for example_subdag_operator.section-1 to None, run_after=None
[2026-09-18T13:07:40.682+0700] {logging_mixin.py:190} INFO - [2026-09-18T13:07:40.682+0700] {dag.py:4180} INFO - Setting next_dagrun for example_subdag_operator.section-2 to None, run_after=None
[2026-09-18T13:07:40.689+0700] {processor.py:208} INFO - Processing /Users/andreasanditya/Downloads/572392_Andreas_AirflowETL/code/.venv/lib/python3.9/site-packages/airflow/example_dags/example_subdag_operator.py took 0.361 seconds
[2026-09-18T13:09:04.636+0700] {processor.py:186} INFO - Started process (PID=82897) to work on /Users/andreasanditya/Downloads/572392_Andreas_AirflowETL/code/.venv/lib/python3.9/site-packages/airflow/example_dags/example_subdag_operator.py
[2026-09-18T13:09:04.637+0700] {processor.py:914} INFO - Processing file /Users/andreasanditya/Downloads/572392_Andreas_AirflowETL/code/.venv/lib/python3.9/site-packages/airflow/example_dags/example_subdag_operator.py for tasks to queue
[2026-09-18T13:09:04.637+0700] {logging_mixin.py:190} INFO - [2026-09-18T13:09:04.637+0700] {dagbag.py:588} INFO - Filling up the DagBag from /Users/andreasanditya/Downloads/572392_Andreas_AirflowETL/code/.venv/lib/python3.9/site-packages/airflow/example_dags/example_subdag_operator.py
[2026-09-18T13:09:04.727+0700] {processor.py:925} INFO - DAG(s) 'example_subdag_operator.section-1', 'example_subdag_operator.section-2', 'example_subdag_operator' retrieved from /Users/andreasanditya/Downloads/572392_Andreas_AirflowETL/code/.venv/lib/python3.9/site-packages/airflow/example_dags/example_subdag_operator.py
[2026-09-18T13:09:04.944+0700] {logging_mixin.py:190} INFO - [2026-09-18T13:09:04.944+0700] {dag.py:3239} INFO - Sync 3 DAGs
[2026-09-18T13:09:04.983+0700] {logging_mixin.py:190} INFO - [2026-09-18T13:09:04.983+0700] {dag.py:4180} INFO - Setting next_dagrun for example_subdag_operator to 2022-01-01 00:00:00+00:00, run_after=2022-01-01 00:00:00+00:00
[2026-09-18T13:09:04.985+0700] {logging_mixin.py:190} INFO - [2026-09-18T13:09:04.985+0700] {dag.py:4180} INFO - Setting next_dagrun for example_subdag_operator.section-1 to None, run_after=None
[2026-09-18T13:09:04.986+0700] {logging_mixin.py:190} INFO - [2026-09-18T13:09:04.986+0700] {dag.py:4180} INFO - Setting next_dagrun for example_subdag_operator.section-2 to None, run_after=None
[2026-09-18T13:09:04.990+0700] {logging_mixin.py:190} INFO - [2026-09-18T13:09:04.989+0700] {dag.py:3239} INFO - Sync 2 DAGs
[2026-09-18T13:09:04.992+0700] {logging_mixin.py:190} INFO - [2026-09-18T13:09:04.991+0700] {dag.py:4180} INFO - Setting next_dagrun for example_subdag_operator.section-1 to None, run_after=None
[2026-09-18T13:09:04.992+0700] {logging_mixin.py:190} INFO - [2026-09-18T13:09:04.992+0700] {dag.py:4180} INFO - Setting next_dagrun for example_subdag_operator.section-2 to None, run_after=None
[2026-09-18T13:09:04.998+0700] {processor.py:208} INFO - Processing /Users/andreasanditya/Downloads/572392_Andreas_AirflowETL/code/.venv/lib/python3.9/site-packages/airflow/example_dags/example_subdag_operator.py took 0.364 seconds
[2026-09-18T13:10:31.664+0700] {processor.py:186} INFO - Started process (PID=83812) to work on /Users/andreasanditya/Downloads/572392_Andreas_AirflowETL/code/.venv/lib/python3.9/site-packages/airflow/example_dags/example_subdag_operator.py
[2026-09-18T13:10:31.665+0700] {processor.py:914} INFO - Processing file /Users/andreasanditya/Downloads/572392_Andreas_AirflowETL/code/.venv/lib/python3.9/site-packages/airflow/example_dags/example_subdag_operator.py for tasks to queue
[2026-09-18T13:10:31.665+0700] {logging_mixin.py:190} INFO - [2026-09-18T13:10:31.665+0700] {dagbag.py:588} INFO - Filling up the DagBag from /Users/andreasanditya/Downloads/572392_Andreas_AirflowETL/code/.venv/lib/python3.9/site-packages/airflow/example_dags/example_subdag_operator.py
[2026-09-18T13:10:31.753+0700] {processor.py:925} INFO - DAG(s) 'example_subdag_operator.section-1', 'example_subdag_operator.section-2', 'example_subdag_operator' retrieved from /Users/andreasanditya/Downloads/572392_Andreas_AirflowETL/code/.venv/lib/python3.9/site-packages/airflow/example_dags/example_subdag_operator.py
[2026-09-18T13:10:31.996+0700] {logging_mixin.py:190} INFO - [2026-09-18T13:10:31.996+0700] {dag.py:3239} INFO - Sync 3 DAGs
[2026-09-18T13:10:32.036+0700] {logging_mixin.py:190} INFO - [2026-09-18T13:10:32.036+0700] {dag.py:4180} INFO - Setting next_dagrun for example_subdag_operator to 2022-01-01 00:00:00+00:00, run_after=2022-01-01 00:00:00+00:00
[2026-09-18T13:10:32.038+0700] {logging_mixin.py:190} INFO - [2026-09-18T13:10:32.038+0700] {dag.py:4180} INFO - Setting next_dagrun for example_subdag_operator.section-1 to None, run_after=None
[2026-09-18T13:10:32.038+0700] {logging_mixin.py:190} INFO - [2026-09-18T13:10:32.038+0700] {dag.py:4180} INFO - Setting next_dagrun for example_subdag_operator.section-2 to None, run_after=None
[2026-09-18T13:10:32.042+0700] {logging_mixin.py:190} INFO - [2026-09-18T13:10:32.042+0700] {dag.py:3239} INFO - Sync 2 DAGs
[2026-09-18T13:10:32.044+0700] {logging_mixin.py:190} INFO - [2026-09-18T13:10:32.044+0700] {dag.py:4180} INFO - Setting next_dagrun for example_subdag_operator.section-1 to None, run_after=None
[2026-09-18T13:10:32.044+0700] {logging_mixin.py:190} INFO - [2026-09-18T13:10:32.044+0700] {dag.py:4180} INFO - Setting next_dagrun for example_subdag_operator.section-2 to None, run_after=None
[2026-09-18T13:10:32.051+0700] {processor.py:208} INFO - Processing /Users/andreasanditya/Downloads/572392_Andreas_AirflowETL/code/.venv/lib/python3.9/site-packages/airflow/example_dags/example_subdag_operator.py took 0.389 seconds
[2026-09-18T13:11:58.412+0700] {processor.py:186} INFO - Started process (PID=84658) to work on /Users/andreasanditya/Downloads/572392_Andreas_AirflowETL/code/.venv/lib/python3.9/site-packages/airflow/example_dags/example_subdag_operator.py
[2026-09-18T13:11:58.413+0700] {processor.py:914} INFO - Processing file /Users/andreasanditya/Downloads/572392_Andreas_AirflowETL/code/.venv/lib/python3.9/site-packages/airflow/example_dags/example_subdag_operator.py for tasks to queue
[2026-09-18T13:11:58.413+0700] {logging_mixin.py:190} INFO - [2026-09-18T13:11:58.413+0700] {dagbag.py:588} INFO - Filling up the DagBag from /Users/andreasanditya/Downloads/572392_Andreas_AirflowETL/code/.venv/lib/python3.9/site-packages/airflow/example_dags/example_subdag_operator.py
[2026-09-18T13:11:58.506+0700] {processor.py:925} INFO - DAG(s) 'example_subdag_operator.section-1', 'example_subdag_operator.section-2', 'example_subdag_operator' retrieved from /Users/andreasanditya/Downloads/572392_Andreas_AirflowETL/code/.venv/lib/python3.9/site-packages/airflow/example_dags/example_subdag_operator.py
[2026-09-18T13:11:58.718+0700] {logging_mixin.py:190} INFO - [2026-09-18T13:11:58.717+0700] {dag.py:3239} INFO - Sync 3 DAGs
[2026-09-18T13:11:58.757+0700] {logging_mixin.py:190} INFO - [2026-09-18T13:11:58.757+0700] {dag.py:4180} INFO - Setting next_dagrun for example_subdag_operator to 2022-01-01 00:00:00+00:00, run_after=2022-01-01 00:00:00+00:00
[2026-09-18T13:11:58.759+0700] {logging_mixin.py:190} INFO - [2026-09-18T13:11:58.759+0700] {dag.py:4180} INFO - Setting next_dagrun for example_subdag_operator.section-1 to None, run_after=None
[2026-09-18T13:11:58.759+0700] {logging_mixin.py:190} INFO - [2026-09-18T13:11:58.759+0700] {dag.py:4180} INFO - Setting next_dagrun for example_subdag_operator.section-2 to None, run_after=None
[2026-09-18T13:11:58.763+0700] {logging_mixin.py:190} INFO - [2026-09-18T13:11:58.762+0700] {dag.py:3239} INFO - Sync 2 DAGs
[2026-09-18T13:11:58.765+0700] {logging_mixin.py:190} INFO - [2026-09-18T13:11:58.764+0700] {dag.py:4180} INFO - Setting next_dagrun for example_subdag_operator.section-1 to None, run_after=None
[2026-09-18T13:11:58.765+0700] {logging_mixin.py:190} INFO - [2026-09-18T13:11:58.765+0700] {dag.py:4180} INFO - Setting next_dagrun for example_subdag_operator.section-2 to None, run_after=None
[2026-09-18T13:11:58.771+0700] {processor.py:208} INFO - Processing /Users/andreasanditya/Downloads/572392_Andreas_AirflowETL/code/.venv/lib/python3.9/site-packages/airflow/example_dags/example_subdag_operator.py took 0.362 seconds
[2026-09-18T13:13:23.927+0700] {processor.py:186} INFO - Started process (PID=85567) to work on /Users/andreasanditya/Downloads/572392_Andreas_AirflowETL/code/.venv/lib/python3.9/site-packages/airflow/example_dags/example_subdag_operator.py
[2026-09-18T13:13:23.928+0700] {processor.py:914} INFO - Processing file /Users/andreasanditya/Downloads/572392_Andreas_AirflowETL/code/.venv/lib/python3.9/site-packages/airflow/example_dags/example_subdag_operator.py for tasks to queue
[2026-09-18T13:13:23.929+0700] {logging_mixin.py:190} INFO - [2026-09-18T13:13:23.929+0700] {dagbag.py:588} INFO - Filling up the DagBag from /Users/andreasanditya/Downloads/572392_Andreas_AirflowETL/code/.venv/lib/python3.9/site-packages/airflow/example_dags/example_subdag_operator.py
[2026-09-18T13:13:24.016+0700] {processor.py:925} INFO - DAG(s) 'example_subdag_operator.section-1', 'example_subdag_operator.section-2', 'example_subdag_operator' retrieved from /Users/andreasanditya/Downloads/572392_Andreas_AirflowETL/code/.venv/lib/python3.9/site-packages/airflow/example_dags/example_subdag_operator.py
[2026-09-18T13:13:24.222+0700] {logging_mixin.py:190} INFO - [2026-09-18T13:13:24.222+0700] {dag.py:3239} INFO - Sync 3 DAGs
[2026-09-18T13:13:24.266+0700] {logging_mixin.py:190} INFO - [2026-09-18T13:13:24.265+0700] {dag.py:4180} INFO - Setting next_dagrun for example_subdag_operator to 2022-01-01 00:00:00+00:00, run_after=2022-01-01 00:00:00+00:00
[2026-09-18T13:13:24.268+0700] {logging_mixin.py:190} INFO - [2026-09-18T13:13:24.268+0700] {dag.py:4180} INFO - Setting next_dagrun for example_subdag_operator.section-1 to None, run_after=None
[2026-09-18T13:13:24.268+0700] {logging_mixin.py:190} INFO - [2026-09-18T13:13:24.268+0700] {dag.py:4180} INFO - Setting next_dagrun for example_subdag_operator.section-2 to None, run_after=None
[2026-09-18T13:13:24.272+0700] {logging_mixin.py:190} INFO - [2026-09-18T13:13:24.272+0700] {dag.py:3239} INFO - Sync 2 DAGs
[2026-09-18T13:13:24.274+0700] {logging_mixin.py:190} INFO - [2026-09-18T13:13:24.274+0700] {dag.py:4180} INFO - Setting next_dagrun for example_subdag_operator.section-1 to None, run_after=None
[2026-09-18T13:13:24.274+0700] {logging_mixin.py:190} INFO - [2026-09-18T13:13:24.274+0700] {dag.py:4180} INFO - Setting next_dagrun for example_subdag_operator.section-2 to None, run_after=None
[2026-09-18T13:13:24.281+0700] {processor.py:208} INFO - Processing /Users/andreasanditya/Downloads/572392_Andreas_AirflowETL/code/.venv/lib/python3.9/site-packages/airflow/example_dags/example_subdag_operator.py took 0.356 seconds
[2026-09-18T13:14:50.329+0700] {processor.py:186} INFO - Started process (PID=86401) to work on /Users/andreasanditya/Downloads/572392_Andreas_AirflowETL/code/.venv/lib/python3.9/site-packages/airflow/example_dags/example_subdag_operator.py
[2026-09-18T13:14:50.331+0700] {processor.py:914} INFO - Processing file /Users/andreasanditya/Downloads/572392_Andreas_AirflowETL/code/.venv/lib/python3.9/site-packages/airflow/example_dags/example_subdag_operator.py for tasks to queue
[2026-09-18T13:14:50.332+0700] {logging_mixin.py:190} INFO - [2026-09-18T13:14:50.331+0700] {dagbag.py:588} INFO - Filling up the DagBag from /Users/andreasanditya/Downloads/572392_Andreas_AirflowETL/code/.venv/lib/python3.9/site-packages/airflow/example_dags/example_subdag_operator.py
[2026-09-18T13:14:50.420+0700] {processor.py:925} INFO - DAG(s) 'example_subdag_operator.section-1', 'example_subdag_operator.section-2', 'example_subdag_operator' retrieved from /Users/andreasanditya/Downloads/572392_Andreas_AirflowETL/code/.venv/lib/python3.9/site-packages/airflow/example_dags/example_subdag_operator.py
[2026-09-18T13:14:50.641+0700] {logging_mixin.py:190} INFO - [2026-09-18T13:14:50.641+0700] {dag.py:3239} INFO - Sync 3 DAGs
[2026-09-18T13:14:50.681+0700] {logging_mixin.py:190} INFO - [2026-09-18T13:14:50.681+0700] {dag.py:4180} INFO - Setting next_dagrun for example_subdag_operator to 2022-01-01 00:00:00+00:00, run_after=2022-01-01 00:00:00+00:00
[2026-09-18T13:14:50.683+0700] {logging_mixin.py:190} INFO - [2026-09-18T13:14:50.683+0700] {dag.py:4180} INFO - Setting next_dagrun for example_subdag_operator.section-1 to None, run_after=None
[2026-09-18T13:14:50.683+0700] {logging_mixin.py:190} INFO - [2026-09-18T13:14:50.683+0700] {dag.py:4180} INFO - Setting next_dagrun for example_subdag_operator.section-2 to None, run_after=None
[2026-09-18T13:14:50.687+0700] {logging_mixin.py:190} INFO - [2026-09-18T13:14:50.687+0700] {dag.py:3239} INFO - Sync 2 DAGs
[2026-09-18T13:14:50.689+0700] {logging_mixin.py:190} INFO - [2026-09-18T13:14:50.689+0700] {dag.py:4180} INFO - Setting next_dagrun for example_subdag_operator.section-1 to None, run_after=None
[2026-09-18T13:14:50.689+0700] {logging_mixin.py:190} INFO - [2026-09-18T13:14:50.689+0700] {dag.py:4180} INFO - Setting next_dagrun for example_subdag_operator.section-2 to None, run_after=None
[2026-09-18T13:14:50.696+0700] {processor.py:208} INFO - Processing /Users/andreasanditya/Downloads/572392_Andreas_AirflowETL/code/.venv/lib/python3.9/site-packages/airflow/example_dags/example_subdag_operator.py took 0.369 seconds
[2026-09-18T13:16:16.378+0700] {processor.py:186} INFO - Started process (PID=87318) to work on /Users/andreasanditya/Downloads/572392_Andreas_AirflowETL/code/.venv/lib/python3.9/site-packages/airflow/example_dags/example_subdag_operator.py
[2026-09-18T13:16:16.380+0700] {processor.py:914} INFO - Processing file /Users/andreasanditya/Downloads/572392_Andreas_AirflowETL/code/.venv/lib/python3.9/site-packages/airflow/example_dags/example_subdag_operator.py for tasks to queue
[2026-09-18T13:16:16.380+0700] {logging_mixin.py:190} INFO - [2026-09-18T13:16:16.380+0700] {dagbag.py:588} INFO - Filling up the DagBag from /Users/andreasanditya/Downloads/572392_Andreas_AirflowETL/code/.venv/lib/python3.9/site-packages/airflow/example_dags/example_subdag_operator.py
[2026-09-18T13:16:16.469+0700] {processor.py:925} INFO - DAG(s) 'example_subdag_operator.section-1', 'example_subdag_operator.section-2', 'example_subdag_operator' retrieved from /Users/andreasanditya/Downloads/572392_Andreas_AirflowETL/code/.venv/lib/python3.9/site-packages/airflow/example_dags/example_subdag_operator.py
[2026-09-18T13:16:16.681+0700] {logging_mixin.py:190} INFO - [2026-09-18T13:16:16.681+0700] {dag.py:3239} INFO - Sync 3 DAGs
[2026-09-18T13:16:16.720+0700] {logging_mixin.py:190} INFO - [2026-09-18T13:16:16.720+0700] {dag.py:4180} INFO - Setting next_dagrun for example_subdag_operator to 2022-01-01 00:00:00+00:00, run_after=2022-01-01 00:00:00+00:00
[2026-09-18T13:16:16.722+0700] {logging_mixin.py:190} INFO - [2026-09-18T13:16:16.721+0700] {dag.py:4180} INFO - Setting next_dagrun for example_subdag_operator.section-1 to None, run_after=None
[2026-09-18T13:16:16.722+0700] {logging_mixin.py:190} INFO - [2026-09-18T13:16:16.722+0700] {dag.py:4180} INFO - Setting next_dagrun for example_subdag_operator.section-2 to None, run_after=None
[2026-09-18T13:16:16.725+0700] {logging_mixin.py:190} INFO - [2026-09-18T13:16:16.725+0700] {dag.py:3239} INFO - Sync 2 DAGs
[2026-09-18T13:16:16.727+0700] {logging_mixin.py:190} INFO - [2026-09-18T13:16:16.727+0700] {dag.py:4180} INFO - Setting next_dagrun for example_subdag_operator.section-1 to None, run_after=None
[2026-09-18T13:16:16.727+0700] {logging_mixin.py:190} INFO - [2026-09-18T13:16:16.727+0700] {dag.py:4180} INFO - Setting next_dagrun for example_subdag_operator.section-2 to None, run_after=None
[2026-09-18T13:16:16.734+0700] {processor.py:208} INFO - Processing /Users/andreasanditya/Downloads/572392_Andreas_AirflowETL/code/.venv/lib/python3.9/site-packages/airflow/example_dags/example_subdag_operator.py took 0.358 seconds
[2026-09-18T13:17:41.982+0700] {processor.py:186} INFO - Started process (PID=88136) to work on /Users/andreasanditya/Downloads/572392_Andreas_AirflowETL/code/.venv/lib/python3.9/site-packages/airflow/example_dags/example_subdag_operator.py
[2026-09-18T13:17:41.983+0700] {processor.py:914} INFO - Processing file /Users/andreasanditya/Downloads/572392_Andreas_AirflowETL/code/.venv/lib/python3.9/site-packages/airflow/example_dags/example_subdag_operator.py for tasks to queue
[2026-09-18T13:17:41.984+0700] {logging_mixin.py:190} INFO - [2026-09-18T13:17:41.984+0700] {dagbag.py:588} INFO - Filling up the DagBag from /Users/andreasanditya/Downloads/572392_Andreas_AirflowETL/code/.venv/lib/python3.9/site-packages/airflow/example_dags/example_subdag_operator.py
[2026-09-18T13:17:42.072+0700] {processor.py:925} INFO - DAG(s) 'example_subdag_operator.section-1', 'example_subdag_operator.section-2', 'example_subdag_operator' retrieved from /Users/andreasanditya/Downloads/572392_Andreas_AirflowETL/code/.venv/lib/python3.9/site-packages/airflow/example_dags/example_subdag_operator.py
[2026-09-18T13:17:42.295+0700] {logging_mixin.py:190} INFO - [2026-09-18T13:17:42.295+0700] {dag.py:3239} INFO - Sync 3 DAGs
[2026-09-18T13:17:42.336+0700] {logging_mixin.py:190} INFO - [2026-09-18T13:17:42.335+0700] {dag.py:4180} INFO - Setting next_dagrun for example_subdag_operator to 2022-01-01 00:00:00+00:00, run_after=2022-01-01 00:00:00+00:00
[2026-09-18T13:17:42.337+0700] {logging_mixin.py:190} INFO - [2026-09-18T13:17:42.337+0700] {dag.py:4180} INFO - Setting next_dagrun for example_subdag_operator.section-1 to None, run_after=None
[2026-09-18T13:17:42.338+0700] {logging_mixin.py:190} INFO - [2026-09-18T13:17:42.338+0700] {dag.py:4180} INFO - Setting next_dagrun for example_subdag_operator.section-2 to None, run_after=None
[2026-09-18T13:17:42.341+0700] {logging_mixin.py:190} INFO - [2026-09-18T13:17:42.341+0700] {dag.py:3239} INFO - Sync 2 DAGs
[2026-09-18T13:17:42.343+0700] {logging_mixin.py:190} INFO - [2026-09-18T13:17:42.343+0700] {dag.py:4180} INFO - Setting next_dagrun for example_subdag_operator.section-1 to None, run_after=None
[2026-09-18T13:17:42.343+0700] {logging_mixin.py:190} INFO - [2026-09-18T13:17:42.343+0700] {dag.py:4180} INFO - Setting next_dagrun for example_subdag_operator.section-2 to None, run_after=None
[2026-09-18T13:17:42.350+0700] {processor.py:208} INFO - Processing /Users/andreasanditya/Downloads/572392_Andreas_AirflowETL/code/.venv/lib/python3.9/site-packages/airflow/example_dags/example_subdag_operator.py took 0.370 seconds
[2026-09-18T13:19:07.658+0700] {processor.py:186} INFO - Started process (PID=89054) to work on /Users/andreasanditya/Downloads/572392_Andreas_AirflowETL/code/.venv/lib/python3.9/site-packages/airflow/example_dags/example_subdag_operator.py
[2026-09-18T13:19:07.659+0700] {processor.py:914} INFO - Processing file /Users/andreasanditya/Downloads/572392_Andreas_AirflowETL/code/.venv/lib/python3.9/site-packages/airflow/example_dags/example_subdag_operator.py for tasks to queue
[2026-09-18T13:19:07.660+0700] {logging_mixin.py:190} INFO - [2026-09-18T13:19:07.660+0700] {dagbag.py:588} INFO - Filling up the DagBag from /Users/andreasanditya/Downloads/572392_Andreas_AirflowETL/code/.venv/lib/python3.9/site-packages/airflow/example_dags/example_subdag_operator.py
[2026-09-18T13:19:07.747+0700] {processor.py:925} INFO - DAG(s) 'example_subdag_operator.section-1', 'example_subdag_operator.section-2', 'example_subdag_operator' retrieved from /Users/andreasanditya/Downloads/572392_Andreas_AirflowETL/code/.venv/lib/python3.9/site-packages/airflow/example_dags/example_subdag_operator.py
[2026-09-18T13:19:07.986+0700] {logging_mixin.py:190} INFO - [2026-09-18T13:19:07.986+0700] {dag.py:3239} INFO - Sync 3 DAGs
[2026-09-18T13:19:08.027+0700] {logging_mixin.py:190} INFO - [2026-09-18T13:19:08.026+0700] {dag.py:4180} INFO - Setting next_dagrun for example_subdag_operator to 2022-01-01 00:00:00+00:00, run_after=2022-01-01 00:00:00+00:00
[2026-09-18T13:19:08.029+0700] {logging_mixin.py:190} INFO - [2026-09-18T13:19:08.028+0700] {dag.py:4180} INFO - Setting next_dagrun for example_subdag_operator.section-1 to None, run_after=None
[2026-09-18T13:19:08.029+0700] {logging_mixin.py:190} INFO - [2026-09-18T13:19:08.029+0700] {dag.py:4180} INFO - Setting next_dagrun for example_subdag_operator.section-2 to None, run_after=None
[2026-09-18T13:19:08.032+0700] {logging_mixin.py:190} INFO - [2026-09-18T13:19:08.032+0700] {dag.py:3239} INFO - Sync 2 DAGs
[2026-09-18T13:19:08.034+0700] {logging_mixin.py:190} INFO - [2026-09-18T13:19:08.034+0700] {dag.py:4180} INFO - Setting next_dagrun for example_subdag_operator.section-1 to None, run_after=None
[2026-09-18T13:19:08.035+0700] {logging_mixin.py:190} INFO - [2026-09-18T13:19:08.035+0700] {dag.py:4180} INFO - Setting next_dagrun for example_subdag_operator.section-2 to None, run_after=None
[2026-09-18T13:19:08.041+0700] {processor.py:208} INFO - Processing /Users/andreasanditya/Downloads/572392_Andreas_AirflowETL/code/.venv/lib/python3.9/site-packages/airflow/example_dags/example_subdag_operator.py took 0.385 seconds
[2026-09-18T13:20:32.481+0700] {processor.py:186} INFO - Started process (PID=89881) to work on /Users/andreasanditya/Downloads/572392_Andreas_AirflowETL/code/.venv/lib/python3.9/site-packages/airflow/example_dags/example_subdag_operator.py
[2026-09-18T13:20:32.483+0700] {processor.py:914} INFO - Processing file /Users/andreasanditya/Downloads/572392_Andreas_AirflowETL/code/.venv/lib/python3.9/site-packages/airflow/example_dags/example_subdag_operator.py for tasks to queue
[2026-09-18T13:20:32.484+0700] {logging_mixin.py:190} INFO - [2026-09-18T13:20:32.484+0700] {dagbag.py:588} INFO - Filling up the DagBag from /Users/andreasanditya/Downloads/572392_Andreas_AirflowETL/code/.venv/lib/python3.9/site-packages/airflow/example_dags/example_subdag_operator.py
[2026-09-18T13:20:32.571+0700] {processor.py:925} INFO - DAG(s) 'example_subdag_operator.section-1', 'example_subdag_operator.section-2', 'example_subdag_operator' retrieved from /Users/andreasanditya/Downloads/572392_Andreas_AirflowETL/code/.venv/lib/python3.9/site-packages/airflow/example_dags/example_subdag_operator.py
[2026-09-18T13:20:32.798+0700] {logging_mixin.py:190} INFO - [2026-09-18T13:20:32.798+0700] {dag.py:3239} INFO - Sync 3 DAGs
[2026-09-18T13:20:32.839+0700] {logging_mixin.py:190} INFO - [2026-09-18T13:20:32.839+0700] {dag.py:4180} INFO - Setting next_dagrun for example_subdag_operator to 2022-01-01 00:00:00+00:00, run_after=2022-01-01 00:00:00+00:00
[2026-09-18T13:20:32.841+0700] {logging_mixin.py:190} INFO - [2026-09-18T13:20:32.841+0700] {dag.py:4180} INFO - Setting next_dagrun for example_subdag_operator.section-1 to None, run_after=None
[2026-09-18T13:20:32.841+0700] {logging_mixin.py:190} INFO - [2026-09-18T13:20:32.841+0700] {dag.py:4180} INFO - Setting next_dagrun for example_subdag_operator.section-2 to None, run_after=None
[2026-09-18T13:20:32.845+0700] {logging_mixin.py:190} INFO - [2026-09-18T13:20:32.845+0700] {dag.py:3239} INFO - Sync 2 DAGs
[2026-09-18T13:20:32.847+0700] {logging_mixin.py:190} INFO - [2026-09-18T13:20:32.847+0700] {dag.py:4180} INFO - Setting next_dagrun for example_subdag_operator.section-1 to None, run_after=None
[2026-09-18T13:20:32.847+0700] {logging_mixin.py:190} INFO - [2026-09-18T13:20:32.847+0700] {dag.py:4180} INFO - Setting next_dagrun for example_subdag_operator.section-2 to None, run_after=None
[2026-09-18T13:20:32.854+0700] {processor.py:208} INFO - Processing /Users/andreasanditya/Downloads/572392_Andreas_AirflowETL/code/.venv/lib/python3.9/site-packages/airflow/example_dags/example_subdag_operator.py took 0.375 seconds
[2026-09-18T13:21:57.627+0700] {processor.py:186} INFO - Started process (PID=90702) to work on /Users/andreasanditya/Downloads/572392_Andreas_AirflowETL/code/.venv/lib/python3.9/site-packages/airflow/example_dags/example_subdag_operator.py
[2026-09-18T13:21:57.629+0700] {processor.py:914} INFO - Processing file /Users/andreasanditya/Downloads/572392_Andreas_AirflowETL/code/.venv/lib/python3.9/site-packages/airflow/example_dags/example_subdag_operator.py for tasks to queue
[2026-09-18T13:21:57.630+0700] {logging_mixin.py:190} INFO - [2026-09-18T13:21:57.630+0700] {dagbag.py:588} INFO - Filling up the DagBag from /Users/andreasanditya/Downloads/572392_Andreas_AirflowETL/code/.venv/lib/python3.9/site-packages/airflow/example_dags/example_subdag_operator.py
[2026-09-18T13:21:57.720+0700] {processor.py:925} INFO - DAG(s) 'example_subdag_operator.section-1', 'example_subdag_operator.section-2', 'example_subdag_operator' retrieved from /Users/andreasanditya/Downloads/572392_Andreas_AirflowETL/code/.venv/lib/python3.9/site-packages/airflow/example_dags/example_subdag_operator.py
[2026-09-18T13:21:57.953+0700] {logging_mixin.py:190} INFO - [2026-09-18T13:21:57.953+0700] {dag.py:3239} INFO - Sync 3 DAGs
[2026-09-18T13:21:57.994+0700] {logging_mixin.py:190} INFO - [2026-09-18T13:21:57.994+0700] {dag.py:4180} INFO - Setting next_dagrun for example_subdag_operator to 2022-01-01 00:00:00+00:00, run_after=2022-01-01 00:00:00+00:00
[2026-09-18T13:21:57.996+0700] {logging_mixin.py:190} INFO - [2026-09-18T13:21:57.996+0700] {dag.py:4180} INFO - Setting next_dagrun for example_subdag_operator.section-1 to None, run_after=None
[2026-09-18T13:21:57.997+0700] {logging_mixin.py:190} INFO - [2026-09-18T13:21:57.997+0700] {dag.py:4180} INFO - Setting next_dagrun for example_subdag_operator.section-2 to None, run_after=None
[2026-09-18T13:21:58.000+0700] {logging_mixin.py:190} INFO - [2026-09-18T13:21:58.000+0700] {dag.py:3239} INFO - Sync 2 DAGs
[2026-09-18T13:21:58.002+0700] {logging_mixin.py:190} INFO - [2026-09-18T13:21:58.002+0700] {dag.py:4180} INFO - Setting next_dagrun for example_subdag_operator.section-1 to None, run_after=None
[2026-09-18T13:21:58.002+0700] {logging_mixin.py:190} INFO - [2026-09-18T13:21:58.002+0700] {dag.py:4180} INFO - Setting next_dagrun for example_subdag_operator.section-2 to None, run_after=None
[2026-09-18T13:21:58.009+0700] {processor.py:208} INFO - Processing /Users/andreasanditya/Downloads/572392_Andreas_AirflowETL/code/.venv/lib/python3.9/site-packages/airflow/example_dags/example_subdag_operator.py took 0.384 seconds
[2026-09-18T13:23:20.168+0700] {processor.py:186} INFO - Started process (PID=91618) to work on /Users/andreasanditya/Downloads/572392_Andreas_AirflowETL/code/.venv/lib/python3.9/site-packages/airflow/example_dags/example_subdag_operator.py
[2026-09-18T13:23:20.170+0700] {processor.py:914} INFO - Processing file /Users/andreasanditya/Downloads/572392_Andreas_AirflowETL/code/.venv/lib/python3.9/site-packages/airflow/example_dags/example_subdag_operator.py for tasks to queue
[2026-09-18T13:23:20.171+0700] {logging_mixin.py:190} INFO - [2026-09-18T13:23:20.170+0700] {dagbag.py:588} INFO - Filling up the DagBag from /Users/andreasanditya/Downloads/572392_Andreas_AirflowETL/code/.venv/lib/python3.9/site-packages/airflow/example_dags/example_subdag_operator.py
[2026-09-18T13:23:20.258+0700] {processor.py:925} INFO - DAG(s) 'example_subdag_operator.section-1', 'example_subdag_operator.section-2', 'example_subdag_operator' retrieved from /Users/andreasanditya/Downloads/572392_Andreas_AirflowETL/code/.venv/lib/python3.9/site-packages/airflow/example_dags/example_subdag_operator.py
[2026-09-18T13:23:20.474+0700] {logging_mixin.py:190} INFO - [2026-09-18T13:23:20.474+0700] {dag.py:3239} INFO - Sync 3 DAGs
[2026-09-18T13:23:20.513+0700] {logging_mixin.py:190} INFO - [2026-09-18T13:23:20.513+0700] {dag.py:4180} INFO - Setting next_dagrun for example_subdag_operator to 2022-01-01 00:00:00+00:00, run_after=2022-01-01 00:00:00+00:00
[2026-09-18T13:23:20.515+0700] {logging_mixin.py:190} INFO - [2026-09-18T13:23:20.515+0700] {dag.py:4180} INFO - Setting next_dagrun for example_subdag_operator.section-1 to None, run_after=None
[2026-09-18T13:23:20.515+0700] {logging_mixin.py:190} INFO - [2026-09-18T13:23:20.515+0700] {dag.py:4180} INFO - Setting next_dagrun for example_subdag_operator.section-2 to None, run_after=None
[2026-09-18T13:23:20.519+0700] {logging_mixin.py:190} INFO - [2026-09-18T13:23:20.519+0700] {dag.py:3239} INFO - Sync 2 DAGs
[2026-09-18T13:23:20.521+0700] {logging_mixin.py:190} INFO - [2026-09-18T13:23:20.521+0700] {dag.py:4180} INFO - Setting next_dagrun for example_subdag_operator.section-1 to None, run_after=None
[2026-09-18T13:23:20.521+0700] {logging_mixin.py:190} INFO - [2026-09-18T13:23:20.521+0700] {dag.py:4180} INFO - Setting next_dagrun for example_subdag_operator.section-2 to None, run_after=None
[2026-09-18T13:23:20.527+0700] {processor.py:208} INFO - Processing /Users/andreasanditya/Downloads/572392_Andreas_AirflowETL/code/.venv/lib/python3.9/site-packages/airflow/example_dags/example_subdag_operator.py took 0.361 seconds
[2026-09-18T13:24:43.545+0700] {processor.py:186} INFO - Started process (PID=92499) to work on /Users/andreasanditya/Downloads/572392_Andreas_AirflowETL/code/.venv/lib/python3.9/site-packages/airflow/example_dags/example_subdag_operator.py
[2026-09-18T13:24:43.546+0700] {processor.py:914} INFO - Processing file /Users/andreasanditya/Downloads/572392_Andreas_AirflowETL/code/.venv/lib/python3.9/site-packages/airflow/example_dags/example_subdag_operator.py for tasks to queue
[2026-09-18T13:24:43.547+0700] {logging_mixin.py:190} INFO - [2026-09-18T13:24:43.547+0700] {dagbag.py:588} INFO - Filling up the DagBag from /Users/andreasanditya/Downloads/572392_Andreas_AirflowETL/code/.venv/lib/python3.9/site-packages/airflow/example_dags/example_subdag_operator.py
[2026-09-18T13:24:43.636+0700] {processor.py:925} INFO - DAG(s) 'example_subdag_operator.section-1', 'example_subdag_operator.section-2', 'example_subdag_operator' retrieved from /Users/andreasanditya/Downloads/572392_Andreas_AirflowETL/code/.venv/lib/python3.9/site-packages/airflow/example_dags/example_subdag_operator.py
[2026-09-18T13:24:43.913+0700] {logging_mixin.py:190} INFO - [2026-09-18T13:24:43.913+0700] {dag.py:3239} INFO - Sync 3 DAGs
[2026-09-18T13:24:43.953+0700] {logging_mixin.py:190} INFO - [2026-09-18T13:24:43.953+0700] {dag.py:4180} INFO - Setting next_dagrun for example_subdag_operator to 2022-01-01 00:00:00+00:00, run_after=2022-01-01 00:00:00+00:00
[2026-09-18T13:24:43.955+0700] {logging_mixin.py:190} INFO - [2026-09-18T13:24:43.955+0700] {dag.py:4180} INFO - Setting next_dagrun for example_subdag_operator.section-1 to None, run_after=None
[2026-09-18T13:24:43.955+0700] {logging_mixin.py:190} INFO - [2026-09-18T13:24:43.955+0700] {dag.py:4180} INFO - Setting next_dagrun for example_subdag_operator.section-2 to None, run_after=None
[2026-09-18T13:24:43.959+0700] {logging_mixin.py:190} INFO - [2026-09-18T13:24:43.959+0700] {dag.py:3239} INFO - Sync 2 DAGs
[2026-09-18T13:24:43.961+0700] {logging_mixin.py:190} INFO - [2026-09-18T13:24:43.961+0700] {dag.py:4180} INFO - Setting next_dagrun for example_subdag_operator.section-1 to None, run_after=None
[2026-09-18T13:24:43.961+0700] {logging_mixin.py:190} INFO - [2026-09-18T13:24:43.961+0700] {dag.py:4180} INFO - Setting next_dagrun for example_subdag_operator.section-2 to None, run_after=None
[2026-09-18T13:24:43.967+0700] {processor.py:208} INFO - Processing /Users/andreasanditya/Downloads/572392_Andreas_AirflowETL/code/.venv/lib/python3.9/site-packages/airflow/example_dags/example_subdag_operator.py took 0.425 seconds
[2026-09-18T13:26:09.482+0700] {processor.py:186} INFO - Started process (PID=93450) to work on /Users/andreasanditya/Downloads/572392_Andreas_AirflowETL/code/.venv/lib/python3.9/site-packages/airflow/example_dags/example_subdag_operator.py
[2026-09-18T13:26:09.484+0700] {processor.py:914} INFO - Processing file /Users/andreasanditya/Downloads/572392_Andreas_AirflowETL/code/.venv/lib/python3.9/site-packages/airflow/example_dags/example_subdag_operator.py for tasks to queue
[2026-09-18T13:26:09.485+0700] {logging_mixin.py:190} INFO - [2026-09-18T13:26:09.485+0700] {dagbag.py:588} INFO - Filling up the DagBag from /Users/andreasanditya/Downloads/572392_Andreas_AirflowETL/code/.venv/lib/python3.9/site-packages/airflow/example_dags/example_subdag_operator.py
[2026-09-18T13:26:09.575+0700] {processor.py:925} INFO - DAG(s) 'example_subdag_operator.section-1', 'example_subdag_operator.section-2', 'example_subdag_operator' retrieved from /Users/andreasanditya/Downloads/572392_Andreas_AirflowETL/code/.venv/lib/python3.9/site-packages/airflow/example_dags/example_subdag_operator.py
[2026-09-18T13:26:09.850+0700] {logging_mixin.py:190} INFO - [2026-09-18T13:26:09.850+0700] {dag.py:3239} INFO - Sync 3 DAGs
[2026-09-18T13:26:09.891+0700] {logging_mixin.py:190} INFO - [2026-09-18T13:26:09.891+0700] {dag.py:4180} INFO - Setting next_dagrun for example_subdag_operator to 2022-01-01 00:00:00+00:00, run_after=2022-01-01 00:00:00+00:00
[2026-09-18T13:26:09.893+0700] {logging_mixin.py:190} INFO - [2026-09-18T13:26:09.893+0700] {dag.py:4180} INFO - Setting next_dagrun for example_subdag_operator.section-1 to None, run_after=None
[2026-09-18T13:26:09.894+0700] {logging_mixin.py:190} INFO - [2026-09-18T13:26:09.894+0700] {dag.py:4180} INFO - Setting next_dagrun for example_subdag_operator.section-2 to None, run_after=None
[2026-09-18T13:26:09.897+0700] {logging_mixin.py:190} INFO - [2026-09-18T13:26:09.897+0700] {dag.py:3239} INFO - Sync 2 DAGs
[2026-09-18T13:26:09.899+0700] {logging_mixin.py:190} INFO - [2026-09-18T13:26:09.899+0700] {dag.py:4180} INFO - Setting next_dagrun for example_subdag_operator.section-1 to None, run_after=None
[2026-09-18T13:26:09.899+0700] {logging_mixin.py:190} INFO - [2026-09-18T13:26:09.899+0700] {dag.py:4180} INFO - Setting next_dagrun for example_subdag_operator.section-2 to None, run_after=None
[2026-09-18T13:26:09.906+0700] {processor.py:208} INFO - Processing /Users/andreasanditya/Downloads/572392_Andreas_AirflowETL/code/.venv/lib/python3.9/site-packages/airflow/example_dags/example_subdag_operator.py took 0.426 seconds
[2026-09-18T13:27:40.500+0700] {processor.py:186} INFO - Started process (PID=94464) to work on /Users/andreasanditya/Downloads/572392_Andreas_AirflowETL/code/.venv/lib/python3.9/site-packages/airflow/example_dags/example_subdag_operator.py
[2026-09-18T13:27:40.502+0700] {processor.py:914} INFO - Processing file /Users/andreasanditya/Downloads/572392_Andreas_AirflowETL/code/.venv/lib/python3.9/site-packages/airflow/example_dags/example_subdag_operator.py for tasks to queue
[2026-09-18T13:27:40.503+0700] {logging_mixin.py:190} INFO - [2026-09-18T13:27:40.503+0700] {dagbag.py:588} INFO - Filling up the DagBag from /Users/andreasanditya/Downloads/572392_Andreas_AirflowETL/code/.venv/lib/python3.9/site-packages/airflow/example_dags/example_subdag_operator.py
[2026-09-18T13:27:40.594+0700] {processor.py:925} INFO - DAG(s) 'example_subdag_operator.section-1', 'example_subdag_operator.section-2', 'example_subdag_operator' retrieved from /Users/andreasanditya/Downloads/572392_Andreas_AirflowETL/code/.venv/lib/python3.9/site-packages/airflow/example_dags/example_subdag_operator.py
[2026-09-18T13:27:40.830+0700] {logging_mixin.py:190} INFO - [2026-09-18T13:27:40.830+0700] {dag.py:3239} INFO - Sync 3 DAGs
[2026-09-18T13:27:40.874+0700] {logging_mixin.py:190} INFO - [2026-09-18T13:27:40.874+0700] {dag.py:4180} INFO - Setting next_dagrun for example_subdag_operator to 2022-01-01 00:00:00+00:00, run_after=2022-01-01 00:00:00+00:00
[2026-09-18T13:27:40.876+0700] {logging_mixin.py:190} INFO - [2026-09-18T13:27:40.876+0700] {dag.py:4180} INFO - Setting next_dagrun for example_subdag_operator.section-1 to None, run_after=None
[2026-09-18T13:27:40.876+0700] {logging_mixin.py:190} INFO - [2026-09-18T13:27:40.876+0700] {dag.py:4180} INFO - Setting next_dagrun for example_subdag_operator.section-2 to None, run_after=None
[2026-09-18T13:27:40.880+0700] {logging_mixin.py:190} INFO - [2026-09-18T13:27:40.880+0700] {dag.py:3239} INFO - Sync 2 DAGs
[2026-09-18T13:27:40.882+0700] {logging_mixin.py:190} INFO - [2026-09-18T13:27:40.882+0700] {dag.py:4180} INFO - Setting next_dagrun for example_subdag_operator.section-1 to None, run_after=None
[2026-09-18T13:27:40.882+0700] {logging_mixin.py:190} INFO - [2026-09-18T13:27:40.882+0700] {dag.py:4180} INFO - Setting next_dagrun for example_subdag_operator.section-2 to None, run_after=None
[2026-09-18T13:27:40.889+0700] {processor.py:208} INFO - Processing /Users/andreasanditya/Downloads/572392_Andreas_AirflowETL/code/.venv/lib/python3.9/site-packages/airflow/example_dags/example_subdag_operator.py took 0.391 seconds
[2026-09-18T13:29:09.645+0700] {processor.py:186} INFO - Started process (PID=95397) to work on /Users/andreasanditya/Downloads/572392_Andreas_AirflowETL/code/.venv/lib/python3.9/site-packages/airflow/example_dags/example_subdag_operator.py
[2026-09-18T13:29:09.646+0700] {processor.py:914} INFO - Processing file /Users/andreasanditya/Downloads/572392_Andreas_AirflowETL/code/.venv/lib/python3.9/site-packages/airflow/example_dags/example_subdag_operator.py for tasks to queue
[2026-09-18T13:29:09.647+0700] {logging_mixin.py:190} INFO - [2026-09-18T13:29:09.647+0700] {dagbag.py:588} INFO - Filling up the DagBag from /Users/andreasanditya/Downloads/572392_Andreas_AirflowETL/code/.venv/lib/python3.9/site-packages/airflow/example_dags/example_subdag_operator.py
[2026-09-18T13:29:09.739+0700] {processor.py:925} INFO - DAG(s) 'example_subdag_operator.section-1', 'example_subdag_operator.section-2', 'example_subdag_operator' retrieved from /Users/andreasanditya/Downloads/572392_Andreas_AirflowETL/code/.venv/lib/python3.9/site-packages/airflow/example_dags/example_subdag_operator.py
[2026-09-18T13:29:09.950+0700] {logging_mixin.py:190} INFO - [2026-09-18T13:29:09.949+0700] {dag.py:3239} INFO - Sync 3 DAGs
[2026-09-18T13:29:10.001+0700] {logging_mixin.py:190} INFO - [2026-09-18T13:29:10.001+0700] {dag.py:4180} INFO - Setting next_dagrun for example_subdag_operator to 2022-01-01 00:00:00+00:00, run_after=2022-01-01 00:00:00+00:00
[2026-09-18T13:29:10.003+0700] {logging_mixin.py:190} INFO - [2026-09-18T13:29:10.003+0700] {dag.py:4180} INFO - Setting next_dagrun for example_subdag_operator.section-1 to None, run_after=None
[2026-09-18T13:29:10.004+0700] {logging_mixin.py:190} INFO - [2026-09-18T13:29:10.004+0700] {dag.py:4180} INFO - Setting next_dagrun for example_subdag_operator.section-2 to None, run_after=None
[2026-09-18T13:29:10.008+0700] {logging_mixin.py:190} INFO - [2026-09-18T13:29:10.008+0700] {dag.py:3239} INFO - Sync 2 DAGs
[2026-09-18T13:29:10.010+0700] {logging_mixin.py:190} INFO - [2026-09-18T13:29:10.010+0700] {dag.py:4180} INFO - Setting next_dagrun for example_subdag_operator.section-1 to None, run_after=None
[2026-09-18T13:29:10.011+0700] {logging_mixin.py:190} INFO - [2026-09-18T13:29:10.011+0700] {dag.py:4180} INFO - Setting next_dagrun for example_subdag_operator.section-2 to None, run_after=None
[2026-09-18T13:29:10.019+0700] {processor.py:208} INFO - Processing /Users/andreasanditya/Downloads/572392_Andreas_AirflowETL/code/.venv/lib/python3.9/site-packages/airflow/example_dags/example_subdag_operator.py took 0.375 seconds
[2026-09-18T13:30:40.553+0700] {processor.py:186} INFO - Started process (PID=96516) to work on /Users/andreasanditya/Downloads/572392_Andreas_AirflowETL/code/.venv/lib/python3.9/site-packages/airflow/example_dags/example_subdag_operator.py
[2026-09-18T13:30:40.554+0700] {processor.py:914} INFO - Processing file /Users/andreasanditya/Downloads/572392_Andreas_AirflowETL/code/.venv/lib/python3.9/site-packages/airflow/example_dags/example_subdag_operator.py for tasks to queue
[2026-09-18T13:30:40.555+0700] {logging_mixin.py:190} INFO - [2026-09-18T13:30:40.555+0700] {dagbag.py:588} INFO - Filling up the DagBag from /Users/andreasanditya/Downloads/572392_Andreas_AirflowETL/code/.venv/lib/python3.9/site-packages/airflow/example_dags/example_subdag_operator.py
[2026-09-18T13:30:40.647+0700] {processor.py:925} INFO - DAG(s) 'example_subdag_operator.section-1', 'example_subdag_operator.section-2', 'example_subdag_operator' retrieved from /Users/andreasanditya/Downloads/572392_Andreas_AirflowETL/code/.venv/lib/python3.9/site-packages/airflow/example_dags/example_subdag_operator.py
[2026-09-18T13:30:40.913+0700] {logging_mixin.py:190} INFO - [2026-09-18T13:30:40.913+0700] {dag.py:3239} INFO - Sync 3 DAGs
[2026-09-18T13:30:40.953+0700] {logging_mixin.py:190} INFO - [2026-09-18T13:30:40.953+0700] {dag.py:4180} INFO - Setting next_dagrun for example_subdag_operator to 2022-01-01 00:00:00+00:00, run_after=2022-01-01 00:00:00+00:00
[2026-09-18T13:30:40.955+0700] {logging_mixin.py:190} INFO - [2026-09-18T13:30:40.955+0700] {dag.py:4180} INFO - Setting next_dagrun for example_subdag_operator.section-1 to None, run_after=None
[2026-09-18T13:30:40.956+0700] {logging_mixin.py:190} INFO - [2026-09-18T13:30:40.956+0700] {dag.py:4180} INFO - Setting next_dagrun for example_subdag_operator.section-2 to None, run_after=None
[2026-09-18T13:30:40.959+0700] {logging_mixin.py:190} INFO - [2026-09-18T13:30:40.959+0700] {dag.py:3239} INFO - Sync 2 DAGs
[2026-09-18T13:30:40.961+0700] {logging_mixin.py:190} INFO - [2026-09-18T13:30:40.961+0700] {dag.py:4180} INFO - Setting next_dagrun for example_subdag_operator.section-1 to None, run_after=None
[2026-09-18T13:30:40.961+0700] {logging_mixin.py:190} INFO - [2026-09-18T13:30:40.961+0700] {dag.py:4180} INFO - Setting next_dagrun for example_subdag_operator.section-2 to None, run_after=None
[2026-09-18T13:30:40.968+0700] {processor.py:208} INFO - Processing /Users/andreasanditya/Downloads/572392_Andreas_AirflowETL/code/.venv/lib/python3.9/site-packages/airflow/example_dags/example_subdag_operator.py took 0.417 seconds
[2026-09-18T13:32:10.388+0700] {processor.py:186} INFO - Started process (PID=97462) to work on /Users/andreasanditya/Downloads/572392_Andreas_AirflowETL/code/.venv/lib/python3.9/site-packages/airflow/example_dags/example_subdag_operator.py
[2026-09-18T13:32:10.389+0700] {processor.py:914} INFO - Processing file /Users/andreasanditya/Downloads/572392_Andreas_AirflowETL/code/.venv/lib/python3.9/site-packages/airflow/example_dags/example_subdag_operator.py for tasks to queue
[2026-09-18T13:32:10.390+0700] {logging_mixin.py:190} INFO - [2026-09-18T13:32:10.390+0700] {dagbag.py:588} INFO - Filling up the DagBag from /Users/andreasanditya/Downloads/572392_Andreas_AirflowETL/code/.venv/lib/python3.9/site-packages/airflow/example_dags/example_subdag_operator.py
[2026-09-18T13:32:10.478+0700] {processor.py:925} INFO - DAG(s) 'example_subdag_operator.section-1', 'example_subdag_operator.section-2', 'example_subdag_operator' retrieved from /Users/andreasanditya/Downloads/572392_Andreas_AirflowETL/code/.venv/lib/python3.9/site-packages/airflow/example_dags/example_subdag_operator.py
[2026-09-18T13:32:10.760+0700] {logging_mixin.py:190} INFO - [2026-09-18T13:32:10.760+0700] {dag.py:3239} INFO - Sync 3 DAGs
[2026-09-18T13:32:10.806+0700] {logging_mixin.py:190} INFO - [2026-09-18T13:32:10.805+0700] {dag.py:4180} INFO - Setting next_dagrun for example_subdag_operator to 2022-01-01 00:00:00+00:00, run_after=2022-01-01 00:00:00+00:00
[2026-09-18T13:32:10.807+0700] {logging_mixin.py:190} INFO - [2026-09-18T13:32:10.807+0700] {dag.py:4180} INFO - Setting next_dagrun for example_subdag_operator.section-1 to None, run_after=None
[2026-09-18T13:32:10.808+0700] {logging_mixin.py:190} INFO - [2026-09-18T13:32:10.808+0700] {dag.py:4180} INFO - Setting next_dagrun for example_subdag_operator.section-2 to None, run_after=None
[2026-09-18T13:32:10.812+0700] {logging_mixin.py:190} INFO - [2026-09-18T13:32:10.812+0700] {dag.py:3239} INFO - Sync 2 DAGs
[2026-09-18T13:32:10.814+0700] {logging_mixin.py:190} INFO - [2026-09-18T13:32:10.814+0700] {dag.py:4180} INFO - Setting next_dagrun for example_subdag_operator.section-1 to None, run_after=None
[2026-09-18T13:32:10.814+0700] {logging_mixin.py:190} INFO - [2026-09-18T13:32:10.814+0700] {dag.py:4180} INFO - Setting next_dagrun for example_subdag_operator.section-2 to None, run_after=None
[2026-09-18T13:32:10.821+0700] {processor.py:208} INFO - Processing /Users/andreasanditya/Downloads/572392_Andreas_AirflowETL/code/.venv/lib/python3.9/site-packages/airflow/example_dags/example_subdag_operator.py took 0.435 seconds
[2026-09-18T13:33:37.091+0700] {processor.py:186} INFO - Started process (PID=98330) to work on /Users/andreasanditya/Downloads/572392_Andreas_AirflowETL/code/.venv/lib/python3.9/site-packages/airflow/example_dags/example_subdag_operator.py
[2026-09-18T13:33:37.094+0700] {processor.py:914} INFO - Processing file /Users/andreasanditya/Downloads/572392_Andreas_AirflowETL/code/.venv/lib/python3.9/site-packages/airflow/example_dags/example_subdag_operator.py for tasks to queue
[2026-09-18T13:33:37.095+0700] {logging_mixin.py:190} INFO - [2026-09-18T13:33:37.095+0700] {dagbag.py:588} INFO - Filling up the DagBag from /Users/andreasanditya/Downloads/572392_Andreas_AirflowETL/code/.venv/lib/python3.9/site-packages/airflow/example_dags/example_subdag_operator.py
[2026-09-18T13:33:37.186+0700] {processor.py:925} INFO - DAG(s) 'example_subdag_operator.section-1', 'example_subdag_operator.section-2', 'example_subdag_operator' retrieved from /Users/andreasanditya/Downloads/572392_Andreas_AirflowETL/code/.venv/lib/python3.9/site-packages/airflow/example_dags/example_subdag_operator.py
[2026-09-18T13:33:37.404+0700] {logging_mixin.py:190} INFO - [2026-09-18T13:33:37.404+0700] {dag.py:3239} INFO - Sync 3 DAGs
[2026-09-18T13:33:37.443+0700] {logging_mixin.py:190} INFO - [2026-09-18T13:33:37.443+0700] {dag.py:4180} INFO - Setting next_dagrun for example_subdag_operator to 2022-01-01 00:00:00+00:00, run_after=2022-01-01 00:00:00+00:00
[2026-09-18T13:33:37.445+0700] {logging_mixin.py:190} INFO - [2026-09-18T13:33:37.445+0700] {dag.py:4180} INFO - Setting next_dagrun for example_subdag_operator.section-1 to None, run_after=None
[2026-09-18T13:33:37.445+0700] {logging_mixin.py:190} INFO - [2026-09-18T13:33:37.445+0700] {dag.py:4180} INFO - Setting next_dagrun for example_subdag_operator.section-2 to None, run_after=None
[2026-09-18T13:33:37.449+0700] {logging_mixin.py:190} INFO - [2026-09-18T13:33:37.449+0700] {dag.py:3239} INFO - Sync 2 DAGs
[2026-09-18T13:33:37.451+0700] {logging_mixin.py:190} INFO - [2026-09-18T13:33:37.451+0700] {dag.py:4180} INFO - Setting next_dagrun for example_subdag_operator.section-1 to None, run_after=None
[2026-09-18T13:33:37.451+0700] {logging_mixin.py:190} INFO - [2026-09-18T13:33:37.451+0700] {dag.py:4180} INFO - Setting next_dagrun for example_subdag_operator.section-2 to None, run_after=None
[2026-09-18T13:33:37.457+0700] {processor.py:208} INFO - Processing /Users/andreasanditya/Downloads/572392_Andreas_AirflowETL/code/.venv/lib/python3.9/site-packages/airflow/example_dags/example_subdag_operator.py took 0.368 seconds
[2026-09-18T13:35:04.856+0700] {processor.py:186} INFO - Started process (PID=99270) to work on /Users/andreasanditya/Downloads/572392_Andreas_AirflowETL/code/.venv/lib/python3.9/site-packages/airflow/example_dags/example_subdag_operator.py
[2026-09-18T13:35:04.857+0700] {processor.py:914} INFO - Processing file /Users/andreasanditya/Downloads/572392_Andreas_AirflowETL/code/.venv/lib/python3.9/site-packages/airflow/example_dags/example_subdag_operator.py for tasks to queue
[2026-09-18T13:35:04.858+0700] {logging_mixin.py:190} INFO - [2026-09-18T13:35:04.858+0700] {dagbag.py:588} INFO - Filling up the DagBag from /Users/andreasanditya/Downloads/572392_Andreas_AirflowETL/code/.venv/lib/python3.9/site-packages/airflow/example_dags/example_subdag_operator.py
[2026-09-18T13:35:04.950+0700] {processor.py:925} INFO - DAG(s) 'example_subdag_operator.section-1', 'example_subdag_operator.section-2', 'example_subdag_operator' retrieved from /Users/andreasanditya/Downloads/572392_Andreas_AirflowETL/code/.venv/lib/python3.9/site-packages/airflow/example_dags/example_subdag_operator.py
[2026-09-18T13:35:05.221+0700] {logging_mixin.py:190} INFO - [2026-09-18T13:35:05.221+0700] {dag.py:3239} INFO - Sync 3 DAGs
[2026-09-18T13:35:05.261+0700] {logging_mixin.py:190} INFO - [2026-09-18T13:35:05.260+0700] {dag.py:4180} INFO - Setting next_dagrun for example_subdag_operator to 2022-01-01 00:00:00+00:00, run_after=2022-01-01 00:00:00+00:00
[2026-09-18T13:35:05.262+0700] {logging_mixin.py:190} INFO - [2026-09-18T13:35:05.262+0700] {dag.py:4180} INFO - Setting next_dagrun for example_subdag_operator.section-1 to None, run_after=None
[2026-09-18T13:35:05.263+0700] {logging_mixin.py:190} INFO - [2026-09-18T13:35:05.263+0700] {dag.py:4180} INFO - Setting next_dagrun for example_subdag_operator.section-2 to None, run_after=None
[2026-09-18T13:35:05.270+0700] {logging_mixin.py:190} INFO - [2026-09-18T13:35:05.270+0700] {dag.py:3239} INFO - Sync 2 DAGs
[2026-09-18T13:35:05.272+0700] {logging_mixin.py:190} INFO - [2026-09-18T13:35:05.272+0700] {dag.py:4180} INFO - Setting next_dagrun for example_subdag_operator.section-1 to None, run_after=None
[2026-09-18T13:35:05.272+0700] {logging_mixin.py:190} INFO - [2026-09-18T13:35:05.272+0700] {dag.py:4180} INFO - Setting next_dagrun for example_subdag_operator.section-2 to None, run_after=None
[2026-09-18T13:35:05.281+0700] {processor.py:208} INFO - Processing /Users/andreasanditya/Downloads/572392_Andreas_AirflowETL/code/.venv/lib/python3.9/site-packages/airflow/example_dags/example_subdag_operator.py took 0.427 seconds
[2026-09-18T13:36:31.060+0700] {processor.py:186} INFO - Started process (PID=217) to work on /Users/andreasanditya/Downloads/572392_Andreas_AirflowETL/code/.venv/lib/python3.9/site-packages/airflow/example_dags/example_subdag_operator.py
[2026-09-18T13:36:31.061+0700] {processor.py:914} INFO - Processing file /Users/andreasanditya/Downloads/572392_Andreas_AirflowETL/code/.venv/lib/python3.9/site-packages/airflow/example_dags/example_subdag_operator.py for tasks to queue
[2026-09-18T13:36:31.062+0700] {logging_mixin.py:190} INFO - [2026-09-18T13:36:31.062+0700] {dagbag.py:588} INFO - Filling up the DagBag from /Users/andreasanditya/Downloads/572392_Andreas_AirflowETL/code/.venv/lib/python3.9/site-packages/airflow/example_dags/example_subdag_operator.py
[2026-09-18T13:36:31.161+0700] {processor.py:925} INFO - DAG(s) 'example_subdag_operator.section-1', 'example_subdag_operator.section-2', 'example_subdag_operator' retrieved from /Users/andreasanditya/Downloads/572392_Andreas_AirflowETL/code/.venv/lib/python3.9/site-packages/airflow/example_dags/example_subdag_operator.py
[2026-09-18T13:36:31.406+0700] {logging_mixin.py:190} INFO - [2026-09-18T13:36:31.406+0700] {dag.py:3239} INFO - Sync 3 DAGs
[2026-09-18T13:36:31.448+0700] {logging_mixin.py:190} INFO - [2026-09-18T13:36:31.448+0700] {dag.py:4180} INFO - Setting next_dagrun for example_subdag_operator to 2022-01-01 00:00:00+00:00, run_after=2022-01-01 00:00:00+00:00
[2026-09-18T13:36:31.450+0700] {logging_mixin.py:190} INFO - [2026-09-18T13:36:31.450+0700] {dag.py:4180} INFO - Setting next_dagrun for example_subdag_operator.section-1 to None, run_after=None
[2026-09-18T13:36:31.450+0700] {logging_mixin.py:190} INFO - [2026-09-18T13:36:31.450+0700] {dag.py:4180} INFO - Setting next_dagrun for example_subdag_operator.section-2 to None, run_after=None
[2026-09-18T13:36:31.454+0700] {logging_mixin.py:190} INFO - [2026-09-18T13:36:31.454+0700] {dag.py:3239} INFO - Sync 2 DAGs
[2026-09-18T13:36:31.456+0700] {logging_mixin.py:190} INFO - [2026-09-18T13:36:31.456+0700] {dag.py:4180} INFO - Setting next_dagrun for example_subdag_operator.section-1 to None, run_after=None
[2026-09-18T13:36:31.456+0700] {logging_mixin.py:190} INFO - [2026-09-18T13:36:31.456+0700] {dag.py:4180} INFO - Setting next_dagrun for example_subdag_operator.section-2 to None, run_after=None
[2026-09-18T13:36:31.463+0700] {processor.py:208} INFO - Processing /Users/andreasanditya/Downloads/572392_Andreas_AirflowETL/code/.venv/lib/python3.9/site-packages/airflow/example_dags/example_subdag_operator.py took 0.404 seconds
[2026-09-18T13:37:59.234+0700] {processor.py:186} INFO - Started process (PID=1315) to work on /Users/andreasanditya/Downloads/572392_Andreas_AirflowETL/code/.venv/lib/python3.9/site-packages/airflow/example_dags/example_subdag_operator.py
[2026-09-18T13:37:59.235+0700] {processor.py:914} INFO - Processing file /Users/andreasanditya/Downloads/572392_Andreas_AirflowETL/code/.venv/lib/python3.9/site-packages/airflow/example_dags/example_subdag_operator.py for tasks to queue
[2026-09-18T13:37:59.236+0700] {logging_mixin.py:190} INFO - [2026-09-18T13:37:59.236+0700] {dagbag.py:588} INFO - Filling up the DagBag from /Users/andreasanditya/Downloads/572392_Andreas_AirflowETL/code/.venv/lib/python3.9/site-packages/airflow/example_dags/example_subdag_operator.py
[2026-09-18T13:37:59.330+0700] {processor.py:925} INFO - DAG(s) 'example_subdag_operator.section-1', 'example_subdag_operator.section-2', 'example_subdag_operator' retrieved from /Users/andreasanditya/Downloads/572392_Andreas_AirflowETL/code/.venv/lib/python3.9/site-packages/airflow/example_dags/example_subdag_operator.py
[2026-09-18T13:37:59.612+0700] {logging_mixin.py:190} INFO - [2026-09-18T13:37:59.612+0700] {dag.py:3239} INFO - Sync 3 DAGs
[2026-09-18T13:37:59.658+0700] {logging_mixin.py:190} INFO - [2026-09-18T13:37:59.657+0700] {dag.py:4180} INFO - Setting next_dagrun for example_subdag_operator to 2022-01-01 00:00:00+00:00, run_after=2022-01-01 00:00:00+00:00
[2026-09-18T13:37:59.659+0700] {logging_mixin.py:190} INFO - [2026-09-18T13:37:59.659+0700] {dag.py:4180} INFO - Setting next_dagrun for example_subdag_operator.section-1 to None, run_after=None
[2026-09-18T13:37:59.660+0700] {logging_mixin.py:190} INFO - [2026-09-18T13:37:59.660+0700] {dag.py:4180} INFO - Setting next_dagrun for example_subdag_operator.section-2 to None, run_after=None
[2026-09-18T13:37:59.663+0700] {logging_mixin.py:190} INFO - [2026-09-18T13:37:59.663+0700] {dag.py:3239} INFO - Sync 2 DAGs
[2026-09-18T13:37:59.665+0700] {logging_mixin.py:190} INFO - [2026-09-18T13:37:59.665+0700] {dag.py:4180} INFO - Setting next_dagrun for example_subdag_operator.section-1 to None, run_after=None
[2026-09-18T13:37:59.666+0700] {logging_mixin.py:190} INFO - [2026-09-18T13:37:59.666+0700] {dag.py:4180} INFO - Setting next_dagrun for example_subdag_operator.section-2 to None, run_after=None
[2026-09-18T13:37:59.673+0700] {processor.py:208} INFO - Processing /Users/andreasanditya/Downloads/572392_Andreas_AirflowETL/code/.venv/lib/python3.9/site-packages/airflow/example_dags/example_subdag_operator.py took 0.441 seconds
[2026-09-18T13:39:25.530+0700] {processor.py:186} INFO - Started process (PID=2715) to work on /Users/andreasanditya/Downloads/572392_Andreas_AirflowETL/code/.venv/lib/python3.9/site-packages/airflow/example_dags/example_subdag_operator.py
[2026-09-18T13:39:25.531+0700] {processor.py:914} INFO - Processing file /Users/andreasanditya/Downloads/572392_Andreas_AirflowETL/code/.venv/lib/python3.9/site-packages/airflow/example_dags/example_subdag_operator.py for tasks to queue
[2026-09-18T13:39:25.531+0700] {logging_mixin.py:190} INFO - [2026-09-18T13:39:25.531+0700] {dagbag.py:588} INFO - Filling up the DagBag from /Users/andreasanditya/Downloads/572392_Andreas_AirflowETL/code/.venv/lib/python3.9/site-packages/airflow/example_dags/example_subdag_operator.py
[2026-09-18T13:39:25.622+0700] {processor.py:925} INFO - DAG(s) 'example_subdag_operator.section-1', 'example_subdag_operator.section-2', 'example_subdag_operator' retrieved from /Users/andreasanditya/Downloads/572392_Andreas_AirflowETL/code/.venv/lib/python3.9/site-packages/airflow/example_dags/example_subdag_operator.py
[2026-09-18T13:39:25.892+0700] {logging_mixin.py:190} INFO - [2026-09-18T13:39:25.892+0700] {dag.py:3239} INFO - Sync 3 DAGs
[2026-09-18T13:39:25.931+0700] {logging_mixin.py:190} INFO - [2026-09-18T13:39:25.931+0700] {dag.py:4180} INFO - Setting next_dagrun for example_subdag_operator to 2022-01-01 00:00:00+00:00, run_after=2022-01-01 00:00:00+00:00
[2026-09-18T13:39:25.933+0700] {logging_mixin.py:190} INFO - [2026-09-18T13:39:25.933+0700] {dag.py:4180} INFO - Setting next_dagrun for example_subdag_operator.section-1 to None, run_after=None
[2026-09-18T13:39:25.933+0700] {logging_mixin.py:190} INFO - [2026-09-18T13:39:25.933+0700] {dag.py:4180} INFO - Setting next_dagrun for example_subdag_operator.section-2 to None, run_after=None
[2026-09-18T13:39:25.937+0700] {logging_mixin.py:190} INFO - [2026-09-18T13:39:25.937+0700] {dag.py:3239} INFO - Sync 2 DAGs
[2026-09-18T13:39:25.939+0700] {logging_mixin.py:190} INFO - [2026-09-18T13:39:25.939+0700] {dag.py:4180} INFO - Setting next_dagrun for example_subdag_operator.section-1 to None, run_after=None
[2026-09-18T13:39:25.939+0700] {logging_mixin.py:190} INFO - [2026-09-18T13:39:25.939+0700] {dag.py:4180} INFO - Setting next_dagrun for example_subdag_operator.section-2 to None, run_after=None
[2026-09-18T13:39:25.945+0700] {processor.py:208} INFO - Processing /Users/andreasanditya/Downloads/572392_Andreas_AirflowETL/code/.venv/lib/python3.9/site-packages/airflow/example_dags/example_subdag_operator.py took 0.417 seconds
[2026-09-18T13:40:53.040+0700] {processor.py:186} INFO - Started process (PID=3992) to work on /Users/andreasanditya/Downloads/572392_Andreas_AirflowETL/code/.venv/lib/python3.9/site-packages/airflow/example_dags/example_subdag_operator.py
[2026-09-18T13:40:53.041+0700] {processor.py:914} INFO - Processing file /Users/andreasanditya/Downloads/572392_Andreas_AirflowETL/code/.venv/lib/python3.9/site-packages/airflow/example_dags/example_subdag_operator.py for tasks to queue
[2026-09-18T13:40:53.042+0700] {logging_mixin.py:190} INFO - [2026-09-18T13:40:53.042+0700] {dagbag.py:588} INFO - Filling up the DagBag from /Users/andreasanditya/Downloads/572392_Andreas_AirflowETL/code/.venv/lib/python3.9/site-packages/airflow/example_dags/example_subdag_operator.py
[2026-09-18T13:40:53.134+0700] {processor.py:925} INFO - DAG(s) 'example_subdag_operator.section-1', 'example_subdag_operator.section-2', 'example_subdag_operator' retrieved from /Users/andreasanditya/Downloads/572392_Andreas_AirflowETL/code/.venv/lib/python3.9/site-packages/airflow/example_dags/example_subdag_operator.py
[2026-09-18T13:40:53.405+0700] {logging_mixin.py:190} INFO - [2026-09-18T13:40:53.405+0700] {dag.py:3239} INFO - Sync 3 DAGs
[2026-09-18T13:40:53.445+0700] {logging_mixin.py:190} INFO - [2026-09-18T13:40:53.444+0700] {dag.py:4180} INFO - Setting next_dagrun for example_subdag_operator to 2022-01-01 00:00:00+00:00, run_after=2022-01-01 00:00:00+00:00
[2026-09-18T13:40:53.446+0700] {logging_mixin.py:190} INFO - [2026-09-18T13:40:53.446+0700] {dag.py:4180} INFO - Setting next_dagrun for example_subdag_operator.section-1 to None, run_after=None
[2026-09-18T13:40:53.447+0700] {logging_mixin.py:190} INFO - [2026-09-18T13:40:53.447+0700] {dag.py:4180} INFO - Setting next_dagrun for example_subdag_operator.section-2 to None, run_after=None
[2026-09-18T13:40:53.450+0700] {logging_mixin.py:190} INFO - [2026-09-18T13:40:53.450+0700] {dag.py:3239} INFO - Sync 2 DAGs
[2026-09-18T13:40:53.452+0700] {logging_mixin.py:190} INFO - [2026-09-18T13:40:53.452+0700] {dag.py:4180} INFO - Setting next_dagrun for example_subdag_operator.section-1 to None, run_after=None
[2026-09-18T13:40:53.452+0700] {logging_mixin.py:190} INFO - [2026-09-18T13:40:53.452+0700] {dag.py:4180} INFO - Setting next_dagrun for example_subdag_operator.section-2 to None, run_after=None
[2026-09-18T13:40:53.459+0700] {processor.py:208} INFO - Processing /Users/andreasanditya/Downloads/572392_Andreas_AirflowETL/code/.venv/lib/python3.9/site-packages/airflow/example_dags/example_subdag_operator.py took 0.421 seconds
[2026-09-18T13:42:20.460+0700] {processor.py:186} INFO - Started process (PID=4926) to work on /Users/andreasanditya/Downloads/572392_Andreas_AirflowETL/code/.venv/lib/python3.9/site-packages/airflow/example_dags/example_subdag_operator.py
[2026-09-18T13:42:20.462+0700] {processor.py:914} INFO - Processing file /Users/andreasanditya/Downloads/572392_Andreas_AirflowETL/code/.venv/lib/python3.9/site-packages/airflow/example_dags/example_subdag_operator.py for tasks to queue
[2026-09-18T13:42:20.463+0700] {logging_mixin.py:190} INFO - [2026-09-18T13:42:20.462+0700] {dagbag.py:588} INFO - Filling up the DagBag from /Users/andreasanditya/Downloads/572392_Andreas_AirflowETL/code/.venv/lib/python3.9/site-packages/airflow/example_dags/example_subdag_operator.py
[2026-09-18T13:42:20.553+0700] {processor.py:925} INFO - DAG(s) 'example_subdag_operator.section-1', 'example_subdag_operator.section-2', 'example_subdag_operator' retrieved from /Users/andreasanditya/Downloads/572392_Andreas_AirflowETL/code/.venv/lib/python3.9/site-packages/airflow/example_dags/example_subdag_operator.py
[2026-09-18T13:42:20.828+0700] {logging_mixin.py:190} INFO - [2026-09-18T13:42:20.827+0700] {dag.py:3239} INFO - Sync 3 DAGs
[2026-09-18T13:42:20.867+0700] {logging_mixin.py:190} INFO - [2026-09-18T13:42:20.867+0700] {dag.py:4180} INFO - Setting next_dagrun for example_subdag_operator to 2022-01-01 00:00:00+00:00, run_after=2022-01-01 00:00:00+00:00
[2026-09-18T13:42:20.869+0700] {logging_mixin.py:190} INFO - [2026-09-18T13:42:20.869+0700] {dag.py:4180} INFO - Setting next_dagrun for example_subdag_operator.section-1 to None, run_after=None
[2026-09-18T13:42:20.870+0700] {logging_mixin.py:190} INFO - [2026-09-18T13:42:20.870+0700] {dag.py:4180} INFO - Setting next_dagrun for example_subdag_operator.section-2 to None, run_after=None
[2026-09-18T13:42:20.873+0700] {logging_mixin.py:190} INFO - [2026-09-18T13:42:20.873+0700] {dag.py:3239} INFO - Sync 2 DAGs
[2026-09-18T13:42:20.875+0700] {logging_mixin.py:190} INFO - [2026-09-18T13:42:20.875+0700] {dag.py:4180} INFO - Setting next_dagrun for example_subdag_operator.section-1 to None, run_after=None
[2026-09-18T13:42:20.876+0700] {logging_mixin.py:190} INFO - [2026-09-18T13:42:20.876+0700] {dag.py:4180} INFO - Setting next_dagrun for example_subdag_operator.section-2 to None, run_after=None
[2026-09-18T13:42:20.882+0700] {processor.py:208} INFO - Processing /Users/andreasanditya/Downloads/572392_Andreas_AirflowETL/code/.venv/lib/python3.9/site-packages/airflow/example_dags/example_subdag_operator.py took 0.424 seconds
[2026-09-18T13:43:48.634+0700] {processor.py:186} INFO - Started process (PID=5849) to work on /Users/andreasanditya/Downloads/572392_Andreas_AirflowETL/code/.venv/lib/python3.9/site-packages/airflow/example_dags/example_subdag_operator.py
[2026-09-18T13:43:48.635+0700] {processor.py:914} INFO - Processing file /Users/andreasanditya/Downloads/572392_Andreas_AirflowETL/code/.venv/lib/python3.9/site-packages/airflow/example_dags/example_subdag_operator.py for tasks to queue
[2026-09-18T13:43:48.636+0700] {logging_mixin.py:190} INFO - [2026-09-18T13:43:48.636+0700] {dagbag.py:588} INFO - Filling up the DagBag from /Users/andreasanditya/Downloads/572392_Andreas_AirflowETL/code/.venv/lib/python3.9/site-packages/airflow/example_dags/example_subdag_operator.py
[2026-09-18T13:43:48.727+0700] {processor.py:925} INFO - DAG(s) 'example_subdag_operator.section-1', 'example_subdag_operator.section-2', 'example_subdag_operator' retrieved from /Users/andreasanditya/Downloads/572392_Andreas_AirflowETL/code/.venv/lib/python3.9/site-packages/airflow/example_dags/example_subdag_operator.py
[2026-09-18T13:43:49.028+0700] {logging_mixin.py:190} INFO - [2026-09-18T13:43:49.027+0700] {dag.py:3239} INFO - Sync 3 DAGs
[2026-09-18T13:43:49.077+0700] {logging_mixin.py:190} INFO - [2026-09-18T13:43:49.076+0700] {dag.py:4180} INFO - Setting next_dagrun for example_subdag_operator to 2022-01-01 00:00:00+00:00, run_after=2022-01-01 00:00:00+00:00
[2026-09-18T13:43:49.079+0700] {logging_mixin.py:190} INFO - [2026-09-18T13:43:49.079+0700] {dag.py:4180} INFO - Setting next_dagrun for example_subdag_operator.section-1 to None, run_after=None
[2026-09-18T13:43:49.080+0700] {logging_mixin.py:190} INFO - [2026-09-18T13:43:49.079+0700] {dag.py:4180} INFO - Setting next_dagrun for example_subdag_operator.section-2 to None, run_after=None
[2026-09-18T13:43:49.083+0700] {logging_mixin.py:190} INFO - [2026-09-18T13:43:49.083+0700] {dag.py:3239} INFO - Sync 2 DAGs
[2026-09-18T13:43:49.086+0700] {logging_mixin.py:190} INFO - [2026-09-18T13:43:49.086+0700] {dag.py:4180} INFO - Setting next_dagrun for example_subdag_operator.section-1 to None, run_after=None
[2026-09-18T13:43:49.086+0700] {logging_mixin.py:190} INFO - [2026-09-18T13:43:49.086+0700] {dag.py:4180} INFO - Setting next_dagrun for example_subdag_operator.section-2 to None, run_after=None
[2026-09-18T13:43:49.093+0700] {processor.py:208} INFO - Processing /Users/andreasanditya/Downloads/572392_Andreas_AirflowETL/code/.venv/lib/python3.9/site-packages/airflow/example_dags/example_subdag_operator.py took 0.461 seconds
[2026-09-18T13:45:16.280+0700] {processor.py:186} INFO - Started process (PID=6689) to work on /Users/andreasanditya/Downloads/572392_Andreas_AirflowETL/code/.venv/lib/python3.9/site-packages/airflow/example_dags/example_subdag_operator.py
[2026-09-18T13:45:16.281+0700] {processor.py:914} INFO - Processing file /Users/andreasanditya/Downloads/572392_Andreas_AirflowETL/code/.venv/lib/python3.9/site-packages/airflow/example_dags/example_subdag_operator.py for tasks to queue
[2026-09-18T13:45:16.282+0700] {logging_mixin.py:190} INFO - [2026-09-18T13:45:16.282+0700] {dagbag.py:588} INFO - Filling up the DagBag from /Users/andreasanditya/Downloads/572392_Andreas_AirflowETL/code/.venv/lib/python3.9/site-packages/airflow/example_dags/example_subdag_operator.py
[2026-09-18T13:45:16.374+0700] {processor.py:925} INFO - DAG(s) 'example_subdag_operator.section-1', 'example_subdag_operator.section-2', 'example_subdag_operator' retrieved from /Users/andreasanditya/Downloads/572392_Andreas_AirflowETL/code/.venv/lib/python3.9/site-packages/airflow/example_dags/example_subdag_operator.py
[2026-09-18T13:45:16.633+0700] {logging_mixin.py:190} INFO - [2026-09-18T13:45:16.632+0700] {dag.py:3239} INFO - Sync 3 DAGs
[2026-09-18T13:45:16.699+0700] {logging_mixin.py:190} INFO - [2026-09-18T13:45:16.699+0700] {dag.py:4180} INFO - Setting next_dagrun for example_subdag_operator to 2022-01-01 00:00:00+00:00, run_after=2022-01-01 00:00:00+00:00
[2026-09-18T13:45:16.702+0700] {logging_mixin.py:190} INFO - [2026-09-18T13:45:16.701+0700] {dag.py:4180} INFO - Setting next_dagrun for example_subdag_operator.section-1 to None, run_after=None
[2026-09-18T13:45:16.702+0700] {logging_mixin.py:190} INFO - [2026-09-18T13:45:16.702+0700] {dag.py:4180} INFO - Setting next_dagrun for example_subdag_operator.section-2 to None, run_after=None
[2026-09-18T13:45:16.707+0700] {logging_mixin.py:190} INFO - [2026-09-18T13:45:16.706+0700] {dag.py:3239} INFO - Sync 2 DAGs
[2026-09-18T13:45:16.709+0700] {logging_mixin.py:190} INFO - [2026-09-18T13:45:16.709+0700] {dag.py:4180} INFO - Setting next_dagrun for example_subdag_operator.section-1 to None, run_after=None
[2026-09-18T13:45:16.709+0700] {logging_mixin.py:190} INFO - [2026-09-18T13:45:16.709+0700] {dag.py:4180} INFO - Setting next_dagrun for example_subdag_operator.section-2 to None, run_after=None
[2026-09-18T13:45:16.718+0700] {processor.py:208} INFO - Processing /Users/andreasanditya/Downloads/572392_Andreas_AirflowETL/code/.venv/lib/python3.9/site-packages/airflow/example_dags/example_subdag_operator.py took 0.440 seconds
[2026-09-18T13:46:49.336+0700] {processor.py:186} INFO - Started process (PID=7636) to work on /Users/andreasanditya/Downloads/572392_Andreas_AirflowETL/code/.venv/lib/python3.9/site-packages/airflow/example_dags/example_subdag_operator.py
[2026-09-18T13:46:49.337+0700] {processor.py:914} INFO - Processing file /Users/andreasanditya/Downloads/572392_Andreas_AirflowETL/code/.venv/lib/python3.9/site-packages/airflow/example_dags/example_subdag_operator.py for tasks to queue
[2026-09-18T13:46:49.338+0700] {logging_mixin.py:190} INFO - [2026-09-18T13:46:49.338+0700] {dagbag.py:588} INFO - Filling up the DagBag from /Users/andreasanditya/Downloads/572392_Andreas_AirflowETL/code/.venv/lib/python3.9/site-packages/airflow/example_dags/example_subdag_operator.py
[2026-09-18T13:46:49.438+0700] {processor.py:925} INFO - DAG(s) 'example_subdag_operator.section-1', 'example_subdag_operator.section-2', 'example_subdag_operator' retrieved from /Users/andreasanditya/Downloads/572392_Andreas_AirflowETL/code/.venv/lib/python3.9/site-packages/airflow/example_dags/example_subdag_operator.py
[2026-09-18T13:46:49.675+0700] {logging_mixin.py:190} INFO - [2026-09-18T13:46:49.675+0700] {dag.py:3239} INFO - Sync 3 DAGs
[2026-09-18T13:46:49.716+0700] {logging_mixin.py:190} INFO - [2026-09-18T13:46:49.716+0700] {dag.py:4180} INFO - Setting next_dagrun for example_subdag_operator to 2022-01-01 00:00:00+00:00, run_after=2022-01-01 00:00:00+00:00
[2026-09-18T13:46:49.718+0700] {logging_mixin.py:190} INFO - [2026-09-18T13:46:49.718+0700] {dag.py:4180} INFO - Setting next_dagrun for example_subdag_operator.section-1 to None, run_after=None
[2026-09-18T13:46:49.719+0700] {logging_mixin.py:190} INFO - [2026-09-18T13:46:49.719+0700] {dag.py:4180} INFO - Setting next_dagrun for example_subdag_operator.section-2 to None, run_after=None
[2026-09-18T13:46:49.722+0700] {logging_mixin.py:190} INFO - [2026-09-18T13:46:49.722+0700] {dag.py:3239} INFO - Sync 2 DAGs
[2026-09-18T13:46:49.724+0700] {logging_mixin.py:190} INFO - [2026-09-18T13:46:49.724+0700] {dag.py:4180} INFO - Setting next_dagrun for example_subdag_operator.section-1 to None, run_after=None
[2026-09-18T13:46:49.724+0700] {logging_mixin.py:190} INFO - [2026-09-18T13:46:49.724+0700] {dag.py:4180} INFO - Setting next_dagrun for example_subdag_operator.section-2 to None, run_after=None
[2026-09-18T13:46:49.731+0700] {processor.py:208} INFO - Processing /Users/andreasanditya/Downloads/572392_Andreas_AirflowETL/code/.venv/lib/python3.9/site-packages/airflow/example_dags/example_subdag_operator.py took 0.397 seconds
[2026-09-18T13:48:16.067+0700] {processor.py:186} INFO - Started process (PID=8557) to work on /Users/andreasanditya/Downloads/572392_Andreas_AirflowETL/code/.venv/lib/python3.9/site-packages/airflow/example_dags/example_subdag_operator.py
[2026-09-18T13:48:16.069+0700] {processor.py:914} INFO - Processing file /Users/andreasanditya/Downloads/572392_Andreas_AirflowETL/code/.venv/lib/python3.9/site-packages/airflow/example_dags/example_subdag_operator.py for tasks to queue
[2026-09-18T13:48:16.070+0700] {logging_mixin.py:190} INFO - [2026-09-18T13:48:16.070+0700] {dagbag.py:588} INFO - Filling up the DagBag from /Users/andreasanditya/Downloads/572392_Andreas_AirflowETL/code/.venv/lib/python3.9/site-packages/airflow/example_dags/example_subdag_operator.py
[2026-09-18T13:48:16.162+0700] {processor.py:925} INFO - DAG(s) 'example_subdag_operator.section-1', 'example_subdag_operator.section-2', 'example_subdag_operator' retrieved from /Users/andreasanditya/Downloads/572392_Andreas_AirflowETL/code/.venv/lib/python3.9/site-packages/airflow/example_dags/example_subdag_operator.py
[2026-09-18T13:48:16.434+0700] {logging_mixin.py:190} INFO - [2026-09-18T13:48:16.434+0700] {dag.py:3239} INFO - Sync 3 DAGs
[2026-09-18T13:48:16.476+0700] {logging_mixin.py:190} INFO - [2026-09-18T13:48:16.476+0700] {dag.py:4180} INFO - Setting next_dagrun for example_subdag_operator to 2022-01-01 00:00:00+00:00, run_after=2022-01-01 00:00:00+00:00
[2026-09-18T13:48:16.478+0700] {logging_mixin.py:190} INFO - [2026-09-18T13:48:16.478+0700] {dag.py:4180} INFO - Setting next_dagrun for example_subdag_operator.section-1 to None, run_after=None
[2026-09-18T13:48:16.479+0700] {logging_mixin.py:190} INFO - [2026-09-18T13:48:16.479+0700] {dag.py:4180} INFO - Setting next_dagrun for example_subdag_operator.section-2 to None, run_after=None
[2026-09-18T13:48:16.482+0700] {logging_mixin.py:190} INFO - [2026-09-18T13:48:16.482+0700] {dag.py:3239} INFO - Sync 2 DAGs
[2026-09-18T13:48:16.484+0700] {logging_mixin.py:190} INFO - [2026-09-18T13:48:16.484+0700] {dag.py:4180} INFO - Setting next_dagrun for example_subdag_operator.section-1 to None, run_after=None
[2026-09-18T13:48:16.484+0700] {logging_mixin.py:190} INFO - [2026-09-18T13:48:16.484+0700] {dag.py:4180} INFO - Setting next_dagrun for example_subdag_operator.section-2 to None, run_after=None
[2026-09-18T13:48:16.491+0700] {processor.py:208} INFO - Processing /Users/andreasanditya/Downloads/572392_Andreas_AirflowETL/code/.venv/lib/python3.9/site-packages/airflow/example_dags/example_subdag_operator.py took 0.426 seconds
[2026-09-18T13:49:44.960+0700] {processor.py:186} INFO - Started process (PID=9713) to work on /Users/andreasanditya/Downloads/572392_Andreas_AirflowETL/code/.venv/lib/python3.9/site-packages/airflow/example_dags/example_subdag_operator.py
[2026-09-18T13:49:44.962+0700] {processor.py:914} INFO - Processing file /Users/andreasanditya/Downloads/572392_Andreas_AirflowETL/code/.venv/lib/python3.9/site-packages/airflow/example_dags/example_subdag_operator.py for tasks to queue
[2026-09-18T13:49:44.963+0700] {logging_mixin.py:190} INFO - [2026-09-18T13:49:44.963+0700] {dagbag.py:588} INFO - Filling up the DagBag from /Users/andreasanditya/Downloads/572392_Andreas_AirflowETL/code/.venv/lib/python3.9/site-packages/airflow/example_dags/example_subdag_operator.py
[2026-09-18T13:49:45.056+0700] {processor.py:925} INFO - DAG(s) 'example_subdag_operator.section-1', 'example_subdag_operator.section-2', 'example_subdag_operator' retrieved from /Users/andreasanditya/Downloads/572392_Andreas_AirflowETL/code/.venv/lib/python3.9/site-packages/airflow/example_dags/example_subdag_operator.py
[2026-09-18T13:49:45.277+0700] {logging_mixin.py:190} INFO - [2026-09-18T13:49:45.277+0700] {dag.py:3239} INFO - Sync 3 DAGs
[2026-09-18T13:49:45.318+0700] {logging_mixin.py:190} INFO - [2026-09-18T13:49:45.318+0700] {dag.py:4180} INFO - Setting next_dagrun for example_subdag_operator to 2022-01-01 00:00:00+00:00, run_after=2022-01-01 00:00:00+00:00
[2026-09-18T13:49:45.320+0700] {logging_mixin.py:190} INFO - [2026-09-18T13:49:45.320+0700] {dag.py:4180} INFO - Setting next_dagrun for example_subdag_operator.section-1 to None, run_after=None
[2026-09-18T13:49:45.321+0700] {logging_mixin.py:190} INFO - [2026-09-18T13:49:45.320+0700] {dag.py:4180} INFO - Setting next_dagrun for example_subdag_operator.section-2 to None, run_after=None
[2026-09-18T13:49:45.324+0700] {logging_mixin.py:190} INFO - [2026-09-18T13:49:45.324+0700] {dag.py:3239} INFO - Sync 2 DAGs
[2026-09-18T13:49:45.326+0700] {logging_mixin.py:190} INFO - [2026-09-18T13:49:45.326+0700] {dag.py:4180} INFO - Setting next_dagrun for example_subdag_operator.section-1 to None, run_after=None
[2026-09-18T13:49:45.327+0700] {logging_mixin.py:190} INFO - [2026-09-18T13:49:45.326+0700] {dag.py:4180} INFO - Setting next_dagrun for example_subdag_operator.section-2 to None, run_after=None
[2026-09-18T13:49:45.333+0700] {processor.py:208} INFO - Processing /Users/andreasanditya/Downloads/572392_Andreas_AirflowETL/code/.venv/lib/python3.9/site-packages/airflow/example_dags/example_subdag_operator.py took 0.375 seconds
[2026-09-18T13:51:12.841+0700] {processor.py:186} INFO - Started process (PID=10720) to work on /Users/andreasanditya/Downloads/572392_Andreas_AirflowETL/code/.venv/lib/python3.9/site-packages/airflow/example_dags/example_subdag_operator.py
[2026-09-18T13:51:12.843+0700] {processor.py:914} INFO - Processing file /Users/andreasanditya/Downloads/572392_Andreas_AirflowETL/code/.venv/lib/python3.9/site-packages/airflow/example_dags/example_subdag_operator.py for tasks to queue
[2026-09-18T13:51:12.843+0700] {logging_mixin.py:190} INFO - [2026-09-18T13:51:12.843+0700] {dagbag.py:588} INFO - Filling up the DagBag from /Users/andreasanditya/Downloads/572392_Andreas_AirflowETL/code/.venv/lib/python3.9/site-packages/airflow/example_dags/example_subdag_operator.py
[2026-09-18T13:51:12.935+0700] {processor.py:925} INFO - DAG(s) 'example_subdag_operator.section-1', 'example_subdag_operator.section-2', 'example_subdag_operator' retrieved from /Users/andreasanditya/Downloads/572392_Andreas_AirflowETL/code/.venv/lib/python3.9/site-packages/airflow/example_dags/example_subdag_operator.py
[2026-09-18T13:51:13.232+0700] {logging_mixin.py:190} INFO - [2026-09-18T13:51:13.231+0700] {dag.py:3239} INFO - Sync 3 DAGs
[2026-09-18T13:51:13.277+0700] {logging_mixin.py:190} INFO - [2026-09-18T13:51:13.277+0700] {dag.py:4180} INFO - Setting next_dagrun for example_subdag_operator to 2022-01-01 00:00:00+00:00, run_after=2022-01-01 00:00:00+00:00
[2026-09-18T13:51:13.279+0700] {logging_mixin.py:190} INFO - [2026-09-18T13:51:13.279+0700] {dag.py:4180} INFO - Setting next_dagrun for example_subdag_operator.section-1 to None, run_after=None
[2026-09-18T13:51:13.279+0700] {logging_mixin.py:190} INFO - [2026-09-18T13:51:13.279+0700] {dag.py:4180} INFO - Setting next_dagrun for example_subdag_operator.section-2 to None, run_after=None
[2026-09-18T13:51:13.283+0700] {logging_mixin.py:190} INFO - [2026-09-18T13:51:13.283+0700] {dag.py:3239} INFO - Sync 2 DAGs
[2026-09-18T13:51:13.285+0700] {logging_mixin.py:190} INFO - [2026-09-18T13:51:13.285+0700] {dag.py:4180} INFO - Setting next_dagrun for example_subdag_operator.section-1 to None, run_after=None
[2026-09-18T13:51:13.285+0700] {logging_mixin.py:190} INFO - [2026-09-18T13:51:13.285+0700] {dag.py:4180} INFO - Setting next_dagrun for example_subdag_operator.section-2 to None, run_after=None
[2026-09-18T13:51:13.292+0700] {processor.py:208} INFO - Processing /Users/andreasanditya/Downloads/572392_Andreas_AirflowETL/code/.venv/lib/python3.9/site-packages/airflow/example_dags/example_subdag_operator.py took 0.452 seconds
[2026-09-18T13:52:40.652+0700] {processor.py:186} INFO - Started process (PID=11822) to work on /Users/andreasanditya/Downloads/572392_Andreas_AirflowETL/code/.venv/lib/python3.9/site-packages/airflow/example_dags/example_subdag_operator.py
[2026-09-18T13:52:40.654+0700] {processor.py:914} INFO - Processing file /Users/andreasanditya/Downloads/572392_Andreas_AirflowETL/code/.venv/lib/python3.9/site-packages/airflow/example_dags/example_subdag_operator.py for tasks to queue
[2026-09-18T13:52:40.655+0700] {logging_mixin.py:190} INFO - [2026-09-18T13:52:40.655+0700] {dagbag.py:588} INFO - Filling up the DagBag from /Users/andreasanditya/Downloads/572392_Andreas_AirflowETL/code/.venv/lib/python3.9/site-packages/airflow/example_dags/example_subdag_operator.py
[2026-09-18T13:52:40.750+0700] {processor.py:925} INFO - DAG(s) 'example_subdag_operator.section-1', 'example_subdag_operator.section-2', 'example_subdag_operator' retrieved from /Users/andreasanditya/Downloads/572392_Andreas_AirflowETL/code/.venv/lib/python3.9/site-packages/airflow/example_dags/example_subdag_operator.py
[2026-09-18T13:52:40.979+0700] {logging_mixin.py:190} INFO - [2026-09-18T13:52:40.979+0700] {dag.py:3239} INFO - Sync 3 DAGs
[2026-09-18T13:52:41.019+0700] {logging_mixin.py:190} INFO - [2026-09-18T13:52:41.019+0700] {dag.py:4180} INFO - Setting next_dagrun for example_subdag_operator to 2022-01-01 00:00:00+00:00, run_after=2022-01-01 00:00:00+00:00
[2026-09-18T13:52:41.021+0700] {logging_mixin.py:190} INFO - [2026-09-18T13:52:41.021+0700] {dag.py:4180} INFO - Setting next_dagrun for example_subdag_operator.section-1 to None, run_after=None
[2026-09-18T13:52:41.022+0700] {logging_mixin.py:190} INFO - [2026-09-18T13:52:41.022+0700] {dag.py:4180} INFO - Setting next_dagrun for example_subdag_operator.section-2 to None, run_after=None
[2026-09-18T13:52:41.025+0700] {logging_mixin.py:190} INFO - [2026-09-18T13:52:41.025+0700] {dag.py:3239} INFO - Sync 2 DAGs
[2026-09-18T13:52:41.027+0700] {logging_mixin.py:190} INFO - [2026-09-18T13:52:41.027+0700] {dag.py:4180} INFO - Setting next_dagrun for example_subdag_operator.section-1 to None, run_after=None
[2026-09-18T13:52:41.027+0700] {logging_mixin.py:190} INFO - [2026-09-18T13:52:41.027+0700] {dag.py:4180} INFO - Setting next_dagrun for example_subdag_operator.section-2 to None, run_after=None
[2026-09-18T13:52:41.034+0700] {processor.py:208} INFO - Processing /Users/andreasanditya/Downloads/572392_Andreas_AirflowETL/code/.venv/lib/python3.9/site-packages/airflow/example_dags/example_subdag_operator.py took 0.384 seconds
[2026-09-18T13:54:05.572+0700] {processor.py:186} INFO - Started process (PID=12671) to work on /Users/andreasanditya/Downloads/572392_Andreas_AirflowETL/code/.venv/lib/python3.9/site-packages/airflow/example_dags/example_subdag_operator.py
[2026-09-18T13:54:05.576+0700] {processor.py:914} INFO - Processing file /Users/andreasanditya/Downloads/572392_Andreas_AirflowETL/code/.venv/lib/python3.9/site-packages/airflow/example_dags/example_subdag_operator.py for tasks to queue
[2026-09-18T13:54:05.576+0700] {logging_mixin.py:190} INFO - [2026-09-18T13:54:05.576+0700] {dagbag.py:588} INFO - Filling up the DagBag from /Users/andreasanditya/Downloads/572392_Andreas_AirflowETL/code/.venv/lib/python3.9/site-packages/airflow/example_dags/example_subdag_operator.py
[2026-09-18T13:54:05.664+0700] {processor.py:925} INFO - DAG(s) 'example_subdag_operator.section-1', 'example_subdag_operator.section-2', 'example_subdag_operator' retrieved from /Users/andreasanditya/Downloads/572392_Andreas_AirflowETL/code/.venv/lib/python3.9/site-packages/airflow/example_dags/example_subdag_operator.py
[2026-09-18T13:54:05.891+0700] {logging_mixin.py:190} INFO - [2026-09-18T13:54:05.891+0700] {dag.py:3239} INFO - Sync 3 DAGs
[2026-09-18T13:54:05.932+0700] {logging_mixin.py:190} INFO - [2026-09-18T13:54:05.932+0700] {dag.py:4180} INFO - Setting next_dagrun for example_subdag_operator to 2022-01-01 00:00:00+00:00, run_after=2022-01-01 00:00:00+00:00
[2026-09-18T13:54:05.934+0700] {logging_mixin.py:190} INFO - [2026-09-18T13:54:05.934+0700] {dag.py:4180} INFO - Setting next_dagrun for example_subdag_operator.section-1 to None, run_after=None
[2026-09-18T13:54:05.935+0700] {logging_mixin.py:190} INFO - [2026-09-18T13:54:05.935+0700] {dag.py:4180} INFO - Setting next_dagrun for example_subdag_operator.section-2 to None, run_after=None
[2026-09-18T13:54:05.938+0700] {logging_mixin.py:190} INFO - [2026-09-18T13:54:05.938+0700] {dag.py:3239} INFO - Sync 2 DAGs
[2026-09-18T13:54:05.940+0700] {logging_mixin.py:190} INFO - [2026-09-18T13:54:05.940+0700] {dag.py:4180} INFO - Setting next_dagrun for example_subdag_operator.section-1 to None, run_after=None
[2026-09-18T13:54:05.940+0700] {logging_mixin.py:190} INFO - [2026-09-18T13:54:05.940+0700] {dag.py:4180} INFO - Setting next_dagrun for example_subdag_operator.section-2 to None, run_after=None
[2026-09-18T13:54:05.946+0700] {processor.py:208} INFO - Processing /Users/andreasanditya/Downloads/572392_Andreas_AirflowETL/code/.venv/lib/python3.9/site-packages/airflow/example_dags/example_subdag_operator.py took 0.376 seconds
