[2026-09-18T11:17:15.767+0700] {processor.py:186} INFO - Started process (PID=10568) to work on /Users/andreasanditya/Downloads/572392_Andreas_AirflowETL/code/.venv/lib/python3.9/site-packages/airflow/example_dags/example_skip_dag.py
[2026-09-18T11:17:15.768+0700] {processor.py:914} INFO - Processing file /Users/andreasanditya/Downloads/572392_Andreas_AirflowETL/code/.venv/lib/python3.9/site-packages/airflow/example_dags/example_skip_dag.py for tasks to queue
[2026-09-18T11:17:15.768+0700] {logging_mixin.py:190} INFO - [2026-09-18T11:17:15.768+0700] {dagbag.py:588} INFO - Filling up the DagBag from /Users/andreasanditya/Downloads/572392_Andreas_AirflowETL/code/.venv/lib/python3.9/site-packages/airflow/example_dags/example_skip_dag.py
[2026-09-18T11:17:15.774+0700] {processor.py:925} INFO - DAG(s) 'example_skip_dag' retrieved from /Users/andreasanditya/Downloads/572392_Andreas_AirflowETL/code/.venv/lib/python3.9/site-packages/airflow/example_dags/example_skip_dag.py
[2026-09-18T11:17:15.912+0700] {logging_mixin.py:190} INFO - [2026-09-18T11:17:15.912+0700] {override.py:1912} INFO - Created Permission View: can read on DAG:example_skip_dag
[2026-09-18T11:17:15.917+0700] {logging_mixin.py:190} INFO - [2026-09-18T11:17:15.917+0700] {override.py:1912} INFO - Created Permission View: can delete on DAG:example_skip_dag
[2026-09-18T11:17:15.920+0700] {logging_mixin.py:190} INFO - [2026-09-18T11:17:15.920+0700] {override.py:1912} INFO - Created Permission View: can edit on DAG:example_skip_dag
[2026-09-18T11:17:15.924+0700] {logging_mixin.py:190} INFO - [2026-09-18T11:17:15.924+0700] {override.py:1912} INFO - Created Permission View: can read on DAG Run:example_skip_dag
[2026-09-18T11:17:15.927+0700] {logging_mixin.py:190} INFO - [2026-09-18T11:17:15.927+0700] {override.py:1912} INFO - Created Permission View: menu access on DAG Run:example_skip_dag
[2026-09-18T11:17:15.930+0700] {logging_mixin.py:190} INFO - [2026-09-18T11:17:15.930+0700] {override.py:1912} INFO - Created Permission View: can delete on DAG Run:example_skip_dag
[2026-09-18T11:17:15.933+0700] {logging_mixin.py:190} INFO - [2026-09-18T11:17:15.933+0700] {override.py:1912} INFO - Created Permission View: can create on DAG Run:example_skip_dag
[2026-09-18T11:17:15.933+0700] {logging_mixin.py:190} INFO - [2026-09-18T11:17:15.933+0700] {dag.py:3239} INFO - Sync 1 DAGs
[2026-09-18T11:17:15.939+0700] {logging_mixin.py:190} INFO - [2026-09-18T11:17:15.939+0700] {dag.py:3262} INFO - Creating ORM DAG for example_skip_dag
[2026-09-18T11:17:15.944+0700] {logging_mixin.py:190} INFO - [2026-09-18T11:17:15.944+0700] {dag.py:4180} INFO - Setting next_dagrun for example_skip_dag to 2026-09-17 00:00:00+00:00, run_after=2026-09-18 00:00:00+00:00
[2026-09-18T11:17:15.954+0700] {processor.py:208} INFO - Processing /Users/andreasanditya/Downloads/572392_Andreas_AirflowETL/code/.venv/lib/python3.9/site-packages/airflow/example_dags/example_skip_dag.py took 0.189 seconds
[2026-09-18T11:19:32.458+0700] {processor.py:186} INFO - Started process (PID=11973) to work on /Users/andreasanditya/Downloads/572392_Andreas_AirflowETL/code/.venv/lib/python3.9/site-packages/airflow/example_dags/example_skip_dag.py
[2026-09-18T11:19:32.459+0700] {processor.py:914} INFO - Processing file /Users/andreasanditya/Downloads/572392_Andreas_AirflowETL/code/.venv/lib/python3.9/site-packages/airflow/example_dags/example_skip_dag.py for tasks to queue
[2026-09-18T11:19:32.460+0700] {logging_mixin.py:190} INFO - [2026-09-18T11:19:32.460+0700] {dagbag.py:588} INFO - Filling up the DagBag from /Users/andreasanditya/Downloads/572392_Andreas_AirflowETL/code/.venv/lib/python3.9/site-packages/airflow/example_dags/example_skip_dag.py
[2026-09-18T11:19:32.465+0700] {processor.py:925} INFO - DAG(s) 'example_skip_dag' retrieved from /Users/andreasanditya/Downloads/572392_Andreas_AirflowETL/code/.venv/lib/python3.9/site-packages/airflow/example_dags/example_skip_dag.py
[2026-09-18T11:19:32.564+0700] {logging_mixin.py:190} INFO - [2026-09-18T11:19:32.564+0700] {dag.py:3239} INFO - Sync 1 DAGs
[2026-09-18T11:19:32.575+0700] {logging_mixin.py:190} INFO - [2026-09-18T11:19:32.575+0700] {dag.py:4180} INFO - Setting next_dagrun for example_skip_dag to 2026-09-17 00:00:00+00:00, run_after=2026-09-18 00:00:00+00:00
[2026-09-18T11:19:32.585+0700] {processor.py:208} INFO - Processing /Users/andreasanditya/Downloads/572392_Andreas_AirflowETL/code/.venv/lib/python3.9/site-packages/airflow/example_dags/example_skip_dag.py took 0.129 seconds
[2026-09-18T11:21:05.469+0700] {processor.py:186} INFO - Started process (PID=13028) to work on /Users/andreasanditya/Downloads/572392_Andreas_AirflowETL/code/.venv/lib/python3.9/site-packages/airflow/example_dags/example_skip_dag.py
[2026-09-18T11:21:05.470+0700] {processor.py:914} INFO - Processing file /Users/andreasanditya/Downloads/572392_Andreas_AirflowETL/code/.venv/lib/python3.9/site-packages/airflow/example_dags/example_skip_dag.py for tasks to queue
[2026-09-18T11:21:05.471+0700] {logging_mixin.py:190} INFO - [2026-09-18T11:21:05.471+0700] {dagbag.py:588} INFO - Filling up the DagBag from /Users/andreasanditya/Downloads/572392_Andreas_AirflowETL/code/.venv/lib/python3.9/site-packages/airflow/example_dags/example_skip_dag.py
[2026-09-18T11:21:05.475+0700] {processor.py:925} INFO - DAG(s) 'example_skip_dag' retrieved from /Users/andreasanditya/Downloads/572392_Andreas_AirflowETL/code/.venv/lib/python3.9/site-packages/airflow/example_dags/example_skip_dag.py
[2026-09-18T11:21:05.565+0700] {logging_mixin.py:190} INFO - [2026-09-18T11:21:05.565+0700] {dag.py:3239} INFO - Sync 1 DAGs
[2026-09-18T11:21:05.576+0700] {logging_mixin.py:190} INFO - [2026-09-18T11:21:05.576+0700] {dag.py:4180} INFO - Setting next_dagrun for example_skip_dag to 2026-09-17 00:00:00+00:00, run_after=2026-09-18 00:00:00+00:00
[2026-09-18T11:21:05.587+0700] {processor.py:208} INFO - Processing /Users/andreasanditya/Downloads/572392_Andreas_AirflowETL/code/.venv/lib/python3.9/site-packages/airflow/example_dags/example_skip_dag.py took 0.120 seconds
[2026-09-18T11:23:06.433+0700] {processor.py:186} INFO - Started process (PID=14400) to work on /Users/andreasanditya/Downloads/572392_Andreas_AirflowETL/code/.venv/lib/python3.9/site-packages/airflow/example_dags/example_skip_dag.py
[2026-09-18T11:23:06.434+0700] {processor.py:914} INFO - Processing file /Users/andreasanditya/Downloads/572392_Andreas_AirflowETL/code/.venv/lib/python3.9/site-packages/airflow/example_dags/example_skip_dag.py for tasks to queue
[2026-09-18T11:23:06.435+0700] {logging_mixin.py:190} INFO - [2026-09-18T11:23:06.435+0700] {dagbag.py:588} INFO - Filling up the DagBag from /Users/andreasanditya/Downloads/572392_Andreas_AirflowETL/code/.venv/lib/python3.9/site-packages/airflow/example_dags/example_skip_dag.py
[2026-09-18T11:23:06.439+0700] {processor.py:925} INFO - DAG(s) 'example_skip_dag' retrieved from /Users/andreasanditya/Downloads/572392_Andreas_AirflowETL/code/.venv/lib/python3.9/site-packages/airflow/example_dags/example_skip_dag.py
[2026-09-18T11:23:06.530+0700] {logging_mixin.py:190} INFO - [2026-09-18T11:23:06.530+0700] {dag.py:3239} INFO - Sync 1 DAGs
[2026-09-18T11:23:06.541+0700] {logging_mixin.py:190} INFO - [2026-09-18T11:23:06.541+0700] {dag.py:4180} INFO - Setting next_dagrun for example_skip_dag to 2026-09-17 00:00:00+00:00, run_after=2026-09-18 00:00:00+00:00
[2026-09-18T11:23:06.551+0700] {processor.py:208} INFO - Processing /Users/andreasanditya/Downloads/572392_Andreas_AirflowETL/code/.venv/lib/python3.9/site-packages/airflow/example_dags/example_skip_dag.py took 0.120 seconds
[2026-09-18T11:24:30.821+0700] {processor.py:186} INFO - Started process (PID=15350) to work on /Users/andreasanditya/Downloads/572392_Andreas_AirflowETL/code/.venv/lib/python3.9/site-packages/airflow/example_dags/example_skip_dag.py
[2026-09-18T11:24:30.822+0700] {processor.py:914} INFO - Processing file /Users/andreasanditya/Downloads/572392_Andreas_AirflowETL/code/.venv/lib/python3.9/site-packages/airflow/example_dags/example_skip_dag.py for tasks to queue
[2026-09-18T11:24:30.822+0700] {logging_mixin.py:190} INFO - [2026-09-18T11:24:30.822+0700] {dagbag.py:588} INFO - Filling up the DagBag from /Users/andreasanditya/Downloads/572392_Andreas_AirflowETL/code/.venv/lib/python3.9/site-packages/airflow/example_dags/example_skip_dag.py
[2026-09-18T11:24:30.827+0700] {processor.py:925} INFO - DAG(s) 'example_skip_dag' retrieved from /Users/andreasanditya/Downloads/572392_Andreas_AirflowETL/code/.venv/lib/python3.9/site-packages/airflow/example_dags/example_skip_dag.py
[2026-09-18T11:24:30.913+0700] {logging_mixin.py:190} INFO - [2026-09-18T11:24:30.913+0700] {dag.py:3239} INFO - Sync 1 DAGs
[2026-09-18T11:24:30.924+0700] {logging_mixin.py:190} INFO - [2026-09-18T11:24:30.924+0700] {dag.py:4180} INFO - Setting next_dagrun for example_skip_dag to 2026-09-17 00:00:00+00:00, run_after=2026-09-18 00:00:00+00:00
[2026-09-18T11:24:30.934+0700] {processor.py:208} INFO - Processing /Users/andreasanditya/Downloads/572392_Andreas_AirflowETL/code/.venv/lib/python3.9/site-packages/airflow/example_dags/example_skip_dag.py took 0.115 seconds
[2026-09-18T11:26:34.831+0700] {processor.py:186} INFO - Started process (PID=16573) to work on /Users/andreasanditya/Downloads/572392_Andreas_AirflowETL/code/.venv/lib/python3.9/site-packages/airflow/example_dags/example_skip_dag.py
[2026-09-18T11:26:34.832+0700] {processor.py:914} INFO - Processing file /Users/andreasanditya/Downloads/572392_Andreas_AirflowETL/code/.venv/lib/python3.9/site-packages/airflow/example_dags/example_skip_dag.py for tasks to queue
[2026-09-18T11:26:34.833+0700] {logging_mixin.py:190} INFO - [2026-09-18T11:26:34.833+0700] {dagbag.py:588} INFO - Filling up the DagBag from /Users/andreasanditya/Downloads/572392_Andreas_AirflowETL/code/.venv/lib/python3.9/site-packages/airflow/example_dags/example_skip_dag.py
[2026-09-18T11:26:34.838+0700] {processor.py:925} INFO - DAG(s) 'example_skip_dag' retrieved from /Users/andreasanditya/Downloads/572392_Andreas_AirflowETL/code/.venv/lib/python3.9/site-packages/airflow/example_dags/example_skip_dag.py
[2026-09-18T11:26:34.925+0700] {logging_mixin.py:190} INFO - [2026-09-18T11:26:34.925+0700] {dag.py:3239} INFO - Sync 1 DAGs
[2026-09-18T11:26:34.935+0700] {logging_mixin.py:190} INFO - [2026-09-18T11:26:34.935+0700] {dag.py:4180} INFO - Setting next_dagrun for example_skip_dag to 2026-09-17 00:00:00+00:00, run_after=2026-09-18 00:00:00+00:00
[2026-09-18T11:26:34.945+0700] {processor.py:208} INFO - Processing /Users/andreasanditya/Downloads/572392_Andreas_AirflowETL/code/.venv/lib/python3.9/site-packages/airflow/example_dags/example_skip_dag.py took 0.116 seconds
[2026-09-18T11:28:07.558+0700] {processor.py:186} INFO - Started process (PID=17482) to work on /Users/andreasanditya/Downloads/572392_Andreas_AirflowETL/code/.venv/lib/python3.9/site-packages/airflow/example_dags/example_skip_dag.py
[2026-09-18T11:28:07.559+0700] {processor.py:914} INFO - Processing file /Users/andreasanditya/Downloads/572392_Andreas_AirflowETL/code/.venv/lib/python3.9/site-packages/airflow/example_dags/example_skip_dag.py for tasks to queue
[2026-09-18T11:28:07.560+0700] {logging_mixin.py:190} INFO - [2026-09-18T11:28:07.560+0700] {dagbag.py:588} INFO - Filling up the DagBag from /Users/andreasanditya/Downloads/572392_Andreas_AirflowETL/code/.venv/lib/python3.9/site-packages/airflow/example_dags/example_skip_dag.py
[2026-09-18T11:28:07.565+0700] {processor.py:925} INFO - DAG(s) 'example_skip_dag' retrieved from /Users/andreasanditya/Downloads/572392_Andreas_AirflowETL/code/.venv/lib/python3.9/site-packages/airflow/example_dags/example_skip_dag.py
[2026-09-18T11:28:07.654+0700] {logging_mixin.py:190} INFO - [2026-09-18T11:28:07.654+0700] {dag.py:3239} INFO - Sync 1 DAGs
[2026-09-18T11:28:07.665+0700] {logging_mixin.py:190} INFO - [2026-09-18T11:28:07.665+0700] {dag.py:4180} INFO - Setting next_dagrun for example_skip_dag to 2026-09-17 00:00:00+00:00, run_after=2026-09-18 00:00:00+00:00
[2026-09-18T11:28:07.674+0700] {processor.py:208} INFO - Processing /Users/andreasanditya/Downloads/572392_Andreas_AirflowETL/code/.venv/lib/python3.9/site-packages/airflow/example_dags/example_skip_dag.py took 0.118 seconds
[2026-09-18T11:29:37.337+0700] {processor.py:186} INFO - Started process (PID=18423) to work on /Users/andreasanditya/Downloads/572392_Andreas_AirflowETL/code/.venv/lib/python3.9/site-packages/airflow/example_dags/example_skip_dag.py
[2026-09-18T11:29:37.338+0700] {processor.py:914} INFO - Processing file /Users/andreasanditya/Downloads/572392_Andreas_AirflowETL/code/.venv/lib/python3.9/site-packages/airflow/example_dags/example_skip_dag.py for tasks to queue
[2026-09-18T11:29:37.339+0700] {logging_mixin.py:190} INFO - [2026-09-18T11:29:37.339+0700] {dagbag.py:588} INFO - Filling up the DagBag from /Users/andreasanditya/Downloads/572392_Andreas_AirflowETL/code/.venv/lib/python3.9/site-packages/airflow/example_dags/example_skip_dag.py
[2026-09-18T11:29:37.343+0700] {processor.py:925} INFO - DAG(s) 'example_skip_dag' retrieved from /Users/andreasanditya/Downloads/572392_Andreas_AirflowETL/code/.venv/lib/python3.9/site-packages/airflow/example_dags/example_skip_dag.py
[2026-09-18T11:29:37.435+0700] {logging_mixin.py:190} INFO - [2026-09-18T11:29:37.435+0700] {dag.py:3239} INFO - Sync 1 DAGs
[2026-09-18T11:29:37.446+0700] {logging_mixin.py:190} INFO - [2026-09-18T11:29:37.446+0700] {dag.py:4180} INFO - Setting next_dagrun for example_skip_dag to 2026-09-17 00:00:00+00:00, run_after=2026-09-18 00:00:00+00:00
[2026-09-18T11:29:37.456+0700] {processor.py:208} INFO - Processing /Users/andreasanditya/Downloads/572392_Andreas_AirflowETL/code/.venv/lib/python3.9/site-packages/airflow/example_dags/example_skip_dag.py took 0.120 seconds
[2026-09-18T11:31:06.005+0700] {processor.py:186} INFO - Started process (PID=19378) to work on /Users/andreasanditya/Downloads/572392_Andreas_AirflowETL/code/.venv/lib/python3.9/site-packages/airflow/example_dags/example_skip_dag.py
[2026-09-18T11:31:06.006+0700] {processor.py:914} INFO - Processing file /Users/andreasanditya/Downloads/572392_Andreas_AirflowETL/code/.venv/lib/python3.9/site-packages/airflow/example_dags/example_skip_dag.py for tasks to queue
[2026-09-18T11:31:06.018+0700] {logging_mixin.py:190} INFO - [2026-09-18T11:31:06.018+0700] {dagbag.py:588} INFO - Filling up the DagBag from /Users/andreasanditya/Downloads/572392_Andreas_AirflowETL/code/.venv/lib/python3.9/site-packages/airflow/example_dags/example_skip_dag.py
[2026-09-18T11:31:06.025+0700] {processor.py:925} INFO - DAG(s) 'example_skip_dag' retrieved from /Users/andreasanditya/Downloads/572392_Andreas_AirflowETL/code/.venv/lib/python3.9/site-packages/airflow/example_dags/example_skip_dag.py
[2026-09-18T11:31:06.127+0700] {logging_mixin.py:190} INFO - [2026-09-18T11:31:06.126+0700] {dag.py:3239} INFO - Sync 1 DAGs
[2026-09-18T11:31:06.138+0700] {logging_mixin.py:190} INFO - [2026-09-18T11:31:06.138+0700] {dag.py:4180} INFO - Setting next_dagrun for example_skip_dag to 2026-09-17 00:00:00+00:00, run_after=2026-09-18 00:00:00+00:00
[2026-09-18T11:31:06.148+0700] {processor.py:208} INFO - Processing /Users/andreasanditya/Downloads/572392_Andreas_AirflowETL/code/.venv/lib/python3.9/site-packages/airflow/example_dags/example_skip_dag.py took 0.146 seconds
[2026-09-18T11:32:34.316+0700] {processor.py:186} INFO - Started process (PID=20219) to work on /Users/andreasanditya/Downloads/572392_Andreas_AirflowETL/code/.venv/lib/python3.9/site-packages/airflow/example_dags/example_skip_dag.py
[2026-09-18T11:32:34.316+0700] {processor.py:914} INFO - Processing file /Users/andreasanditya/Downloads/572392_Andreas_AirflowETL/code/.venv/lib/python3.9/site-packages/airflow/example_dags/example_skip_dag.py for tasks to queue
[2026-09-18T11:32:34.317+0700] {logging_mixin.py:190} INFO - [2026-09-18T11:32:34.317+0700] {dagbag.py:588} INFO - Filling up the DagBag from /Users/andreasanditya/Downloads/572392_Andreas_AirflowETL/code/.venv/lib/python3.9/site-packages/airflow/example_dags/example_skip_dag.py
[2026-09-18T11:32:34.322+0700] {processor.py:925} INFO - DAG(s) 'example_skip_dag' retrieved from /Users/andreasanditya/Downloads/572392_Andreas_AirflowETL/code/.venv/lib/python3.9/site-packages/airflow/example_dags/example_skip_dag.py
[2026-09-18T11:32:34.413+0700] {logging_mixin.py:190} INFO - [2026-09-18T11:32:34.413+0700] {dag.py:3239} INFO - Sync 1 DAGs
[2026-09-18T11:32:34.425+0700] {logging_mixin.py:190} INFO - [2026-09-18T11:32:34.424+0700] {dag.py:4180} INFO - Setting next_dagrun for example_skip_dag to 2026-09-17 00:00:00+00:00, run_after=2026-09-18 00:00:00+00:00
[2026-09-18T11:32:34.434+0700] {processor.py:208} INFO - Processing /Users/andreasanditya/Downloads/572392_Andreas_AirflowETL/code/.venv/lib/python3.9/site-packages/airflow/example_dags/example_skip_dag.py took 0.121 seconds
[2026-09-18T11:34:02.576+0700] {processor.py:186} INFO - Started process (PID=21239) to work on /Users/andreasanditya/Downloads/572392_Andreas_AirflowETL/code/.venv/lib/python3.9/site-packages/airflow/example_dags/example_skip_dag.py
[2026-09-18T11:34:02.577+0700] {processor.py:914} INFO - Processing file /Users/andreasanditya/Downloads/572392_Andreas_AirflowETL/code/.venv/lib/python3.9/site-packages/airflow/example_dags/example_skip_dag.py for tasks to queue
[2026-09-18T11:34:02.577+0700] {logging_mixin.py:190} INFO - [2026-09-18T11:34:02.577+0700] {dagbag.py:588} INFO - Filling up the DagBag from /Users/andreasanditya/Downloads/572392_Andreas_AirflowETL/code/.venv/lib/python3.9/site-packages/airflow/example_dags/example_skip_dag.py
[2026-09-18T11:34:02.582+0700] {processor.py:925} INFO - DAG(s) 'example_skip_dag' retrieved from /Users/andreasanditya/Downloads/572392_Andreas_AirflowETL/code/.venv/lib/python3.9/site-packages/airflow/example_dags/example_skip_dag.py
[2026-09-18T11:34:02.672+0700] {logging_mixin.py:190} INFO - [2026-09-18T11:34:02.672+0700] {dag.py:3239} INFO - Sync 1 DAGs
[2026-09-18T11:34:02.683+0700] {logging_mixin.py:190} INFO - [2026-09-18T11:34:02.683+0700] {dag.py:4180} INFO - Setting next_dagrun for example_skip_dag to 2026-09-17 00:00:00+00:00, run_after=2026-09-18 00:00:00+00:00
[2026-09-18T11:34:02.693+0700] {processor.py:208} INFO - Processing /Users/andreasanditya/Downloads/572392_Andreas_AirflowETL/code/.venv/lib/python3.9/site-packages/airflow/example_dags/example_skip_dag.py took 0.119 seconds
[2026-09-18T11:35:30.092+0700] {processor.py:186} INFO - Started process (PID=22188) to work on /Users/andreasanditya/Downloads/572392_Andreas_AirflowETL/code/.venv/lib/python3.9/site-packages/airflow/example_dags/example_skip_dag.py
[2026-09-18T11:35:30.093+0700] {processor.py:914} INFO - Processing file /Users/andreasanditya/Downloads/572392_Andreas_AirflowETL/code/.venv/lib/python3.9/site-packages/airflow/example_dags/example_skip_dag.py for tasks to queue
[2026-09-18T11:35:30.094+0700] {logging_mixin.py:190} INFO - [2026-09-18T11:35:30.094+0700] {dagbag.py:588} INFO - Filling up the DagBag from /Users/andreasanditya/Downloads/572392_Andreas_AirflowETL/code/.venv/lib/python3.9/site-packages/airflow/example_dags/example_skip_dag.py
[2026-09-18T11:35:30.101+0700] {processor.py:925} INFO - DAG(s) 'example_skip_dag' retrieved from /Users/andreasanditya/Downloads/572392_Andreas_AirflowETL/code/.venv/lib/python3.9/site-packages/airflow/example_dags/example_skip_dag.py
[2026-09-18T11:35:30.197+0700] {logging_mixin.py:190} INFO - [2026-09-18T11:35:30.197+0700] {dag.py:3239} INFO - Sync 1 DAGs
[2026-09-18T11:35:30.208+0700] {logging_mixin.py:190} INFO - [2026-09-18T11:35:30.208+0700] {dag.py:4180} INFO - Setting next_dagrun for example_skip_dag to 2026-09-17 00:00:00+00:00, run_after=2026-09-18 00:00:00+00:00
[2026-09-18T11:35:30.218+0700] {processor.py:208} INFO - Processing /Users/andreasanditya/Downloads/572392_Andreas_AirflowETL/code/.venv/lib/python3.9/site-packages/airflow/example_dags/example_skip_dag.py took 0.128 seconds
[2026-09-18T11:36:58.485+0700] {processor.py:186} INFO - Started process (PID=23102) to work on /Users/andreasanditya/Downloads/572392_Andreas_AirflowETL/code/.venv/lib/python3.9/site-packages/airflow/example_dags/example_skip_dag.py
[2026-09-18T11:36:58.486+0700] {processor.py:914} INFO - Processing file /Users/andreasanditya/Downloads/572392_Andreas_AirflowETL/code/.venv/lib/python3.9/site-packages/airflow/example_dags/example_skip_dag.py for tasks to queue
[2026-09-18T11:36:58.487+0700] {logging_mixin.py:190} INFO - [2026-09-18T11:36:58.487+0700] {dagbag.py:588} INFO - Filling up the DagBag from /Users/andreasanditya/Downloads/572392_Andreas_AirflowETL/code/.venv/lib/python3.9/site-packages/airflow/example_dags/example_skip_dag.py
[2026-09-18T11:36:58.491+0700] {processor.py:925} INFO - DAG(s) 'example_skip_dag' retrieved from /Users/andreasanditya/Downloads/572392_Andreas_AirflowETL/code/.venv/lib/python3.9/site-packages/airflow/example_dags/example_skip_dag.py
[2026-09-18T11:36:58.593+0700] {logging_mixin.py:190} INFO - [2026-09-18T11:36:58.593+0700] {dag.py:3239} INFO - Sync 1 DAGs
[2026-09-18T11:36:58.605+0700] {logging_mixin.py:190} INFO - [2026-09-18T11:36:58.605+0700] {dag.py:4180} INFO - Setting next_dagrun for example_skip_dag to 2026-09-17 00:00:00+00:00, run_after=2026-09-18 00:00:00+00:00
[2026-09-18T11:36:58.615+0700] {processor.py:208} INFO - Processing /Users/andreasanditya/Downloads/572392_Andreas_AirflowETL/code/.venv/lib/python3.9/site-packages/airflow/example_dags/example_skip_dag.py took 0.132 seconds
[2026-09-18T11:38:24.932+0700] {processor.py:186} INFO - Started process (PID=24034) to work on /Users/andreasanditya/Downloads/572392_Andreas_AirflowETL/code/.venv/lib/python3.9/site-packages/airflow/example_dags/example_skip_dag.py
[2026-09-18T11:38:24.933+0700] {processor.py:914} INFO - Processing file /Users/andreasanditya/Downloads/572392_Andreas_AirflowETL/code/.venv/lib/python3.9/site-packages/airflow/example_dags/example_skip_dag.py for tasks to queue
[2026-09-18T11:38:24.933+0700] {logging_mixin.py:190} INFO - [2026-09-18T11:38:24.933+0700] {dagbag.py:588} INFO - Filling up the DagBag from /Users/andreasanditya/Downloads/572392_Andreas_AirflowETL/code/.venv/lib/python3.9/site-packages/airflow/example_dags/example_skip_dag.py
[2026-09-18T11:38:24.938+0700] {processor.py:925} INFO - DAG(s) 'example_skip_dag' retrieved from /Users/andreasanditya/Downloads/572392_Andreas_AirflowETL/code/.venv/lib/python3.9/site-packages/airflow/example_dags/example_skip_dag.py
[2026-09-18T11:38:25.024+0700] {logging_mixin.py:190} INFO - [2026-09-18T11:38:25.024+0700] {dag.py:3239} INFO - Sync 1 DAGs
[2026-09-18T11:38:25.035+0700] {logging_mixin.py:190} INFO - [2026-09-18T11:38:25.035+0700] {dag.py:4180} INFO - Setting next_dagrun for example_skip_dag to 2026-09-17 00:00:00+00:00, run_after=2026-09-18 00:00:00+00:00
[2026-09-18T11:38:25.045+0700] {processor.py:208} INFO - Processing /Users/andreasanditya/Downloads/572392_Andreas_AirflowETL/code/.venv/lib/python3.9/site-packages/airflow/example_dags/example_skip_dag.py took 0.115 seconds
[2026-09-18T11:39:52.123+0700] {processor.py:186} INFO - Started process (PID=24950) to work on /Users/andreasanditya/Downloads/572392_Andreas_AirflowETL/code/.venv/lib/python3.9/site-packages/airflow/example_dags/example_skip_dag.py
[2026-09-18T11:39:52.124+0700] {processor.py:914} INFO - Processing file /Users/andreasanditya/Downloads/572392_Andreas_AirflowETL/code/.venv/lib/python3.9/site-packages/airflow/example_dags/example_skip_dag.py for tasks to queue
[2026-09-18T11:39:52.125+0700] {logging_mixin.py:190} INFO - [2026-09-18T11:39:52.125+0700] {dagbag.py:588} INFO - Filling up the DagBag from /Users/andreasanditya/Downloads/572392_Andreas_AirflowETL/code/.venv/lib/python3.9/site-packages/airflow/example_dags/example_skip_dag.py
[2026-09-18T11:39:52.130+0700] {processor.py:925} INFO - DAG(s) 'example_skip_dag' retrieved from /Users/andreasanditya/Downloads/572392_Andreas_AirflowETL/code/.venv/lib/python3.9/site-packages/airflow/example_dags/example_skip_dag.py
[2026-09-18T11:39:52.220+0700] {logging_mixin.py:190} INFO - [2026-09-18T11:39:52.220+0700] {dag.py:3239} INFO - Sync 1 DAGs
[2026-09-18T11:39:52.231+0700] {logging_mixin.py:190} INFO - [2026-09-18T11:39:52.231+0700] {dag.py:4180} INFO - Setting next_dagrun for example_skip_dag to 2026-09-17 00:00:00+00:00, run_after=2026-09-18 00:00:00+00:00
[2026-09-18T11:39:52.241+0700] {processor.py:208} INFO - Processing /Users/andreasanditya/Downloads/572392_Andreas_AirflowETL/code/.venv/lib/python3.9/site-packages/airflow/example_dags/example_skip_dag.py took 0.120 seconds
[2026-09-18T11:41:21.253+0700] {processor.py:186} INFO - Started process (PID=25812) to work on /Users/andreasanditya/Downloads/572392_Andreas_AirflowETL/code/.venv/lib/python3.9/site-packages/airflow/example_dags/example_skip_dag.py
[2026-09-18T11:41:21.254+0700] {processor.py:914} INFO - Processing file /Users/andreasanditya/Downloads/572392_Andreas_AirflowETL/code/.venv/lib/python3.9/site-packages/airflow/example_dags/example_skip_dag.py for tasks to queue
[2026-09-18T11:41:21.254+0700] {logging_mixin.py:190} INFO - [2026-09-18T11:41:21.254+0700] {dagbag.py:588} INFO - Filling up the DagBag from /Users/andreasanditya/Downloads/572392_Andreas_AirflowETL/code/.venv/lib/python3.9/site-packages/airflow/example_dags/example_skip_dag.py
[2026-09-18T11:41:21.259+0700] {processor.py:925} INFO - DAG(s) 'example_skip_dag' retrieved from /Users/andreasanditya/Downloads/572392_Andreas_AirflowETL/code/.venv/lib/python3.9/site-packages/airflow/example_dags/example_skip_dag.py
[2026-09-18T11:41:21.348+0700] {logging_mixin.py:190} INFO - [2026-09-18T11:41:21.348+0700] {dag.py:3239} INFO - Sync 1 DAGs
[2026-09-18T11:41:21.359+0700] {logging_mixin.py:190} INFO - [2026-09-18T11:41:21.359+0700] {dag.py:4180} INFO - Setting next_dagrun for example_skip_dag to 2026-09-17 00:00:00+00:00, run_after=2026-09-18 00:00:00+00:00
[2026-09-18T11:41:21.369+0700] {processor.py:208} INFO - Processing /Users/andreasanditya/Downloads/572392_Andreas_AirflowETL/code/.venv/lib/python3.9/site-packages/airflow/example_dags/example_skip_dag.py took 0.119 seconds
[2026-09-18T11:42:51.978+0700] {processor.py:186} INFO - Started process (PID=26737) to work on /Users/andreasanditya/Downloads/572392_Andreas_AirflowETL/code/.venv/lib/python3.9/site-packages/airflow/example_dags/example_skip_dag.py
[2026-09-18T11:42:51.979+0700] {processor.py:914} INFO - Processing file /Users/andreasanditya/Downloads/572392_Andreas_AirflowETL/code/.venv/lib/python3.9/site-packages/airflow/example_dags/example_skip_dag.py for tasks to queue
[2026-09-18T11:42:51.980+0700] {logging_mixin.py:190} INFO - [2026-09-18T11:42:51.979+0700] {dagbag.py:588} INFO - Filling up the DagBag from /Users/andreasanditya/Downloads/572392_Andreas_AirflowETL/code/.venv/lib/python3.9/site-packages/airflow/example_dags/example_skip_dag.py
[2026-09-18T11:42:51.985+0700] {processor.py:925} INFO - DAG(s) 'example_skip_dag' retrieved from /Users/andreasanditya/Downloads/572392_Andreas_AirflowETL/code/.venv/lib/python3.9/site-packages/airflow/example_dags/example_skip_dag.py
[2026-09-18T11:42:52.073+0700] {logging_mixin.py:190} INFO - [2026-09-18T11:42:52.073+0700] {dag.py:3239} INFO - Sync 1 DAGs
[2026-09-18T11:42:52.084+0700] {logging_mixin.py:190} INFO - [2026-09-18T11:42:52.083+0700] {dag.py:4180} INFO - Setting next_dagrun for example_skip_dag to 2026-09-17 00:00:00+00:00, run_after=2026-09-18 00:00:00+00:00
[2026-09-18T11:42:52.093+0700] {processor.py:208} INFO - Processing /Users/andreasanditya/Downloads/572392_Andreas_AirflowETL/code/.venv/lib/python3.9/site-packages/airflow/example_dags/example_skip_dag.py took 0.118 seconds
[2026-09-18T11:44:19.688+0700] {processor.py:186} INFO - Started process (PID=27643) to work on /Users/andreasanditya/Downloads/572392_Andreas_AirflowETL/code/.venv/lib/python3.9/site-packages/airflow/example_dags/example_skip_dag.py
[2026-09-18T11:44:19.689+0700] {processor.py:914} INFO - Processing file /Users/andreasanditya/Downloads/572392_Andreas_AirflowETL/code/.venv/lib/python3.9/site-packages/airflow/example_dags/example_skip_dag.py for tasks to queue
[2026-09-18T11:44:19.690+0700] {logging_mixin.py:190} INFO - [2026-09-18T11:44:19.690+0700] {dagbag.py:588} INFO - Filling up the DagBag from /Users/andreasanditya/Downloads/572392_Andreas_AirflowETL/code/.venv/lib/python3.9/site-packages/airflow/example_dags/example_skip_dag.py
[2026-09-18T11:44:19.695+0700] {processor.py:925} INFO - DAG(s) 'example_skip_dag' retrieved from /Users/andreasanditya/Downloads/572392_Andreas_AirflowETL/code/.venv/lib/python3.9/site-packages/airflow/example_dags/example_skip_dag.py
[2026-09-18T11:44:19.783+0700] {logging_mixin.py:190} INFO - [2026-09-18T11:44:19.783+0700] {dag.py:3239} INFO - Sync 1 DAGs
[2026-09-18T11:44:19.794+0700] {logging_mixin.py:190} INFO - [2026-09-18T11:44:19.793+0700] {dag.py:4180} INFO - Setting next_dagrun for example_skip_dag to 2026-09-17 00:00:00+00:00, run_after=2026-09-18 00:00:00+00:00
[2026-09-18T11:44:19.803+0700] {processor.py:208} INFO - Processing /Users/andreasanditya/Downloads/572392_Andreas_AirflowETL/code/.venv/lib/python3.9/site-packages/airflow/example_dags/example_skip_dag.py took 0.118 seconds
[2026-09-18T11:45:45.924+0700] {processor.py:186} INFO - Started process (PID=28546) to work on /Users/andreasanditya/Downloads/572392_Andreas_AirflowETL/code/.venv/lib/python3.9/site-packages/airflow/example_dags/example_skip_dag.py
[2026-09-18T11:45:45.926+0700] {processor.py:914} INFO - Processing file /Users/andreasanditya/Downloads/572392_Andreas_AirflowETL/code/.venv/lib/python3.9/site-packages/airflow/example_dags/example_skip_dag.py for tasks to queue
[2026-09-18T11:45:45.927+0700] {logging_mixin.py:190} INFO - [2026-09-18T11:45:45.927+0700] {dagbag.py:588} INFO - Filling up the DagBag from /Users/andreasanditya/Downloads/572392_Andreas_AirflowETL/code/.venv/lib/python3.9/site-packages/airflow/example_dags/example_skip_dag.py
[2026-09-18T11:45:45.931+0700] {processor.py:925} INFO - DAG(s) 'example_skip_dag' retrieved from /Users/andreasanditya/Downloads/572392_Andreas_AirflowETL/code/.venv/lib/python3.9/site-packages/airflow/example_dags/example_skip_dag.py
[2026-09-18T11:45:46.018+0700] {logging_mixin.py:190} INFO - [2026-09-18T11:45:46.018+0700] {dag.py:3239} INFO - Sync 1 DAGs
[2026-09-18T11:45:46.029+0700] {logging_mixin.py:190} INFO - [2026-09-18T11:45:46.029+0700] {dag.py:4180} INFO - Setting next_dagrun for example_skip_dag to 2026-09-17 00:00:00+00:00, run_after=2026-09-18 00:00:00+00:00
[2026-09-18T11:45:46.039+0700] {processor.py:208} INFO - Processing /Users/andreasanditya/Downloads/572392_Andreas_AirflowETL/code/.venv/lib/python3.9/site-packages/airflow/example_dags/example_skip_dag.py took 0.117 seconds
[2026-09-18T11:47:11.746+0700] {processor.py:186} INFO - Started process (PID=29365) to work on /Users/andreasanditya/Downloads/572392_Andreas_AirflowETL/code/.venv/lib/python3.9/site-packages/airflow/example_dags/example_skip_dag.py
[2026-09-18T11:47:11.747+0700] {processor.py:914} INFO - Processing file /Users/andreasanditya/Downloads/572392_Andreas_AirflowETL/code/.venv/lib/python3.9/site-packages/airflow/example_dags/example_skip_dag.py for tasks to queue
[2026-09-18T11:47:11.748+0700] {logging_mixin.py:190} INFO - [2026-09-18T11:47:11.748+0700] {dagbag.py:588} INFO - Filling up the DagBag from /Users/andreasanditya/Downloads/572392_Andreas_AirflowETL/code/.venv/lib/python3.9/site-packages/airflow/example_dags/example_skip_dag.py
[2026-09-18T11:47:11.752+0700] {processor.py:925} INFO - DAG(s) 'example_skip_dag' retrieved from /Users/andreasanditya/Downloads/572392_Andreas_AirflowETL/code/.venv/lib/python3.9/site-packages/airflow/example_dags/example_skip_dag.py
[2026-09-18T11:47:11.841+0700] {logging_mixin.py:190} INFO - [2026-09-18T11:47:11.841+0700] {dag.py:3239} INFO - Sync 1 DAGs
[2026-09-18T11:47:11.852+0700] {logging_mixin.py:190} INFO - [2026-09-18T11:47:11.852+0700] {dag.py:4180} INFO - Setting next_dagrun for example_skip_dag to 2026-09-17 00:00:00+00:00, run_after=2026-09-18 00:00:00+00:00
[2026-09-18T11:47:11.861+0700] {processor.py:208} INFO - Processing /Users/andreasanditya/Downloads/572392_Andreas_AirflowETL/code/.venv/lib/python3.9/site-packages/airflow/example_dags/example_skip_dag.py took 0.117 seconds
[2026-09-18T11:48:39.555+0700] {processor.py:186} INFO - Started process (PID=30293) to work on /Users/andreasanditya/Downloads/572392_Andreas_AirflowETL/code/.venv/lib/python3.9/site-packages/airflow/example_dags/example_skip_dag.py
[2026-09-18T11:48:39.556+0700] {processor.py:914} INFO - Processing file /Users/andreasanditya/Downloads/572392_Andreas_AirflowETL/code/.venv/lib/python3.9/site-packages/airflow/example_dags/example_skip_dag.py for tasks to queue
[2026-09-18T11:48:39.557+0700] {logging_mixin.py:190} INFO - [2026-09-18T11:48:39.557+0700] {dagbag.py:588} INFO - Filling up the DagBag from /Users/andreasanditya/Downloads/572392_Andreas_AirflowETL/code/.venv/lib/python3.9/site-packages/airflow/example_dags/example_skip_dag.py
[2026-09-18T11:48:39.561+0700] {processor.py:925} INFO - DAG(s) 'example_skip_dag' retrieved from /Users/andreasanditya/Downloads/572392_Andreas_AirflowETL/code/.venv/lib/python3.9/site-packages/airflow/example_dags/example_skip_dag.py
[2026-09-18T11:48:39.647+0700] {logging_mixin.py:190} INFO - [2026-09-18T11:48:39.647+0700] {dag.py:3239} INFO - Sync 1 DAGs
[2026-09-18T11:48:39.658+0700] {logging_mixin.py:190} INFO - [2026-09-18T11:48:39.658+0700] {dag.py:4180} INFO - Setting next_dagrun for example_skip_dag to 2026-09-17 00:00:00+00:00, run_after=2026-09-18 00:00:00+00:00
[2026-09-18T11:48:39.668+0700] {processor.py:208} INFO - Processing /Users/andreasanditya/Downloads/572392_Andreas_AirflowETL/code/.venv/lib/python3.9/site-packages/airflow/example_dags/example_skip_dag.py took 0.115 seconds
[2026-09-18T11:50:05.279+0700] {processor.py:186} INFO - Started process (PID=31115) to work on /Users/andreasanditya/Downloads/572392_Andreas_AirflowETL/code/.venv/lib/python3.9/site-packages/airflow/example_dags/example_skip_dag.py
[2026-09-18T11:50:05.281+0700] {processor.py:914} INFO - Processing file /Users/andreasanditya/Downloads/572392_Andreas_AirflowETL/code/.venv/lib/python3.9/site-packages/airflow/example_dags/example_skip_dag.py for tasks to queue
[2026-09-18T11:50:05.282+0700] {logging_mixin.py:190} INFO - [2026-09-18T11:50:05.282+0700] {dagbag.py:588} INFO - Filling up the DagBag from /Users/andreasanditya/Downloads/572392_Andreas_AirflowETL/code/.venv/lib/python3.9/site-packages/airflow/example_dags/example_skip_dag.py
[2026-09-18T11:50:05.286+0700] {processor.py:925} INFO - DAG(s) 'example_skip_dag' retrieved from /Users/andreasanditya/Downloads/572392_Andreas_AirflowETL/code/.venv/lib/python3.9/site-packages/airflow/example_dags/example_skip_dag.py
[2026-09-18T11:50:05.372+0700] {logging_mixin.py:190} INFO - [2026-09-18T11:50:05.372+0700] {dag.py:3239} INFO - Sync 1 DAGs
[2026-09-18T11:50:05.383+0700] {logging_mixin.py:190} INFO - [2026-09-18T11:50:05.382+0700] {dag.py:4180} INFO - Setting next_dagrun for example_skip_dag to 2026-09-17 00:00:00+00:00, run_after=2026-09-18 00:00:00+00:00
[2026-09-18T11:50:05.392+0700] {processor.py:208} INFO - Processing /Users/andreasanditya/Downloads/572392_Andreas_AirflowETL/code/.venv/lib/python3.9/site-packages/airflow/example_dags/example_skip_dag.py took 0.115 seconds
[2026-09-18T11:51:30.825+0700] {processor.py:186} INFO - Started process (PID=32016) to work on /Users/andreasanditya/Downloads/572392_Andreas_AirflowETL/code/.venv/lib/python3.9/site-packages/airflow/example_dags/example_skip_dag.py
[2026-09-18T11:51:30.827+0700] {processor.py:914} INFO - Processing file /Users/andreasanditya/Downloads/572392_Andreas_AirflowETL/code/.venv/lib/python3.9/site-packages/airflow/example_dags/example_skip_dag.py for tasks to queue
[2026-09-18T11:51:30.827+0700] {logging_mixin.py:190} INFO - [2026-09-18T11:51:30.827+0700] {dagbag.py:588} INFO - Filling up the DagBag from /Users/andreasanditya/Downloads/572392_Andreas_AirflowETL/code/.venv/lib/python3.9/site-packages/airflow/example_dags/example_skip_dag.py
[2026-09-18T11:51:30.832+0700] {processor.py:925} INFO - DAG(s) 'example_skip_dag' retrieved from /Users/andreasanditya/Downloads/572392_Andreas_AirflowETL/code/.venv/lib/python3.9/site-packages/airflow/example_dags/example_skip_dag.py
[2026-09-18T11:51:30.918+0700] {logging_mixin.py:190} INFO - [2026-09-18T11:51:30.918+0700] {dag.py:3239} INFO - Sync 1 DAGs
[2026-09-18T11:51:30.929+0700] {logging_mixin.py:190} INFO - [2026-09-18T11:51:30.928+0700] {dag.py:4180} INFO - Setting next_dagrun for example_skip_dag to 2026-09-17 00:00:00+00:00, run_after=2026-09-18 00:00:00+00:00
[2026-09-18T11:51:30.938+0700] {processor.py:208} INFO - Processing /Users/andreasanditya/Downloads/572392_Andreas_AirflowETL/code/.venv/lib/python3.9/site-packages/airflow/example_dags/example_skip_dag.py took 0.115 seconds
[2026-09-18T11:52:57.457+0700] {processor.py:186} INFO - Started process (PID=32840) to work on /Users/andreasanditya/Downloads/572392_Andreas_AirflowETL/code/.venv/lib/python3.9/site-packages/airflow/example_dags/example_skip_dag.py
[2026-09-18T11:52:57.458+0700] {processor.py:914} INFO - Processing file /Users/andreasanditya/Downloads/572392_Andreas_AirflowETL/code/.venv/lib/python3.9/site-packages/airflow/example_dags/example_skip_dag.py for tasks to queue
[2026-09-18T11:52:57.459+0700] {logging_mixin.py:190} INFO - [2026-09-18T11:52:57.459+0700] {dagbag.py:588} INFO - Filling up the DagBag from /Users/andreasanditya/Downloads/572392_Andreas_AirflowETL/code/.venv/lib/python3.9/site-packages/airflow/example_dags/example_skip_dag.py
[2026-09-18T11:52:57.463+0700] {processor.py:925} INFO - DAG(s) 'example_skip_dag' retrieved from /Users/andreasanditya/Downloads/572392_Andreas_AirflowETL/code/.venv/lib/python3.9/site-packages/airflow/example_dags/example_skip_dag.py
[2026-09-18T11:52:57.549+0700] {logging_mixin.py:190} INFO - [2026-09-18T11:52:57.549+0700] {dag.py:3239} INFO - Sync 1 DAGs
[2026-09-18T11:52:57.560+0700] {logging_mixin.py:190} INFO - [2026-09-18T11:52:57.560+0700] {dag.py:4180} INFO - Setting next_dagrun for example_skip_dag to 2026-09-17 00:00:00+00:00, run_after=2026-09-18 00:00:00+00:00
[2026-09-18T11:52:57.570+0700] {processor.py:208} INFO - Processing /Users/andreasanditya/Downloads/572392_Andreas_AirflowETL/code/.venv/lib/python3.9/site-packages/airflow/example_dags/example_skip_dag.py took 0.115 seconds
[2026-09-18T11:54:23.282+0700] {processor.py:186} INFO - Started process (PID=33743) to work on /Users/andreasanditya/Downloads/572392_Andreas_AirflowETL/code/.venv/lib/python3.9/site-packages/airflow/example_dags/example_skip_dag.py
[2026-09-18T11:54:23.283+0700] {processor.py:914} INFO - Processing file /Users/andreasanditya/Downloads/572392_Andreas_AirflowETL/code/.venv/lib/python3.9/site-packages/airflow/example_dags/example_skip_dag.py for tasks to queue
[2026-09-18T11:54:23.284+0700] {logging_mixin.py:190} INFO - [2026-09-18T11:54:23.284+0700] {dagbag.py:588} INFO - Filling up the DagBag from /Users/andreasanditya/Downloads/572392_Andreas_AirflowETL/code/.venv/lib/python3.9/site-packages/airflow/example_dags/example_skip_dag.py
[2026-09-18T11:54:23.288+0700] {processor.py:925} INFO - DAG(s) 'example_skip_dag' retrieved from /Users/andreasanditya/Downloads/572392_Andreas_AirflowETL/code/.venv/lib/python3.9/site-packages/airflow/example_dags/example_skip_dag.py
[2026-09-18T11:54:23.375+0700] {logging_mixin.py:190} INFO - [2026-09-18T11:54:23.375+0700] {dag.py:3239} INFO - Sync 1 DAGs
[2026-09-18T11:54:23.386+0700] {logging_mixin.py:190} INFO - [2026-09-18T11:54:23.386+0700] {dag.py:4180} INFO - Setting next_dagrun for example_skip_dag to 2026-09-17 00:00:00+00:00, run_after=2026-09-18 00:00:00+00:00
[2026-09-18T11:54:23.396+0700] {processor.py:208} INFO - Processing /Users/andreasanditya/Downloads/572392_Andreas_AirflowETL/code/.venv/lib/python3.9/site-packages/airflow/example_dags/example_skip_dag.py took 0.116 seconds
[2026-09-18T11:55:51.391+0700] {processor.py:186} INFO - Started process (PID=34588) to work on /Users/andreasanditya/Downloads/572392_Andreas_AirflowETL/code/.venv/lib/python3.9/site-packages/airflow/example_dags/example_skip_dag.py
[2026-09-18T11:55:51.392+0700] {processor.py:914} INFO - Processing file /Users/andreasanditya/Downloads/572392_Andreas_AirflowETL/code/.venv/lib/python3.9/site-packages/airflow/example_dags/example_skip_dag.py for tasks to queue
[2026-09-18T11:55:51.392+0700] {logging_mixin.py:190} INFO - [2026-09-18T11:55:51.392+0700] {dagbag.py:588} INFO - Filling up the DagBag from /Users/andreasanditya/Downloads/572392_Andreas_AirflowETL/code/.venv/lib/python3.9/site-packages/airflow/example_dags/example_skip_dag.py
[2026-09-18T11:55:51.397+0700] {processor.py:925} INFO - DAG(s) 'example_skip_dag' retrieved from /Users/andreasanditya/Downloads/572392_Andreas_AirflowETL/code/.venv/lib/python3.9/site-packages/airflow/example_dags/example_skip_dag.py
[2026-09-18T11:55:51.485+0700] {logging_mixin.py:190} INFO - [2026-09-18T11:55:51.485+0700] {dag.py:3239} INFO - Sync 1 DAGs
[2026-09-18T11:55:51.495+0700] {logging_mixin.py:190} INFO - [2026-09-18T11:55:51.495+0700] {dag.py:4180} INFO - Setting next_dagrun for example_skip_dag to 2026-09-17 00:00:00+00:00, run_after=2026-09-18 00:00:00+00:00
[2026-09-18T11:55:51.505+0700] {processor.py:208} INFO - Processing /Users/andreasanditya/Downloads/572392_Andreas_AirflowETL/code/.venv/lib/python3.9/site-packages/airflow/example_dags/example_skip_dag.py took 0.116 seconds
[2026-09-18T11:57:19.116+0700] {processor.py:186} INFO - Started process (PID=35499) to work on /Users/andreasanditya/Downloads/572392_Andreas_AirflowETL/code/.venv/lib/python3.9/site-packages/airflow/example_dags/example_skip_dag.py
[2026-09-18T11:57:19.118+0700] {processor.py:914} INFO - Processing file /Users/andreasanditya/Downloads/572392_Andreas_AirflowETL/code/.venv/lib/python3.9/site-packages/airflow/example_dags/example_skip_dag.py for tasks to queue
[2026-09-18T11:57:19.119+0700] {logging_mixin.py:190} INFO - [2026-09-18T11:57:19.118+0700] {dagbag.py:588} INFO - Filling up the DagBag from /Users/andreasanditya/Downloads/572392_Andreas_AirflowETL/code/.venv/lib/python3.9/site-packages/airflow/example_dags/example_skip_dag.py
[2026-09-18T11:57:19.123+0700] {processor.py:925} INFO - DAG(s) 'example_skip_dag' retrieved from /Users/andreasanditya/Downloads/572392_Andreas_AirflowETL/code/.venv/lib/python3.9/site-packages/airflow/example_dags/example_skip_dag.py
[2026-09-18T11:57:19.211+0700] {logging_mixin.py:190} INFO - [2026-09-18T11:57:19.211+0700] {dag.py:3239} INFO - Sync 1 DAGs
[2026-09-18T11:57:19.221+0700] {logging_mixin.py:190} INFO - [2026-09-18T11:57:19.221+0700] {dag.py:4180} INFO - Setting next_dagrun for example_skip_dag to 2026-09-17 00:00:00+00:00, run_after=2026-09-18 00:00:00+00:00
[2026-09-18T11:57:19.231+0700] {processor.py:208} INFO - Processing /Users/andreasanditya/Downloads/572392_Andreas_AirflowETL/code/.venv/lib/python3.9/site-packages/airflow/example_dags/example_skip_dag.py took 0.117 seconds
[2026-09-18T11:58:43.524+0700] {processor.py:186} INFO - Started process (PID=36321) to work on /Users/andreasanditya/Downloads/572392_Andreas_AirflowETL/code/.venv/lib/python3.9/site-packages/airflow/example_dags/example_skip_dag.py
[2026-09-18T11:58:43.525+0700] {processor.py:914} INFO - Processing file /Users/andreasanditya/Downloads/572392_Andreas_AirflowETL/code/.venv/lib/python3.9/site-packages/airflow/example_dags/example_skip_dag.py for tasks to queue
[2026-09-18T11:58:43.525+0700] {logging_mixin.py:190} INFO - [2026-09-18T11:58:43.525+0700] {dagbag.py:588} INFO - Filling up the DagBag from /Users/andreasanditya/Downloads/572392_Andreas_AirflowETL/code/.venv/lib/python3.9/site-packages/airflow/example_dags/example_skip_dag.py
[2026-09-18T11:58:43.529+0700] {processor.py:925} INFO - DAG(s) 'example_skip_dag' retrieved from /Users/andreasanditya/Downloads/572392_Andreas_AirflowETL/code/.venv/lib/python3.9/site-packages/airflow/example_dags/example_skip_dag.py
[2026-09-18T11:58:43.617+0700] {logging_mixin.py:190} INFO - [2026-09-18T11:58:43.617+0700] {dag.py:3239} INFO - Sync 1 DAGs
[2026-09-18T11:58:43.628+0700] {logging_mixin.py:190} INFO - [2026-09-18T11:58:43.627+0700] {dag.py:4180} INFO - Setting next_dagrun for example_skip_dag to 2026-09-17 00:00:00+00:00, run_after=2026-09-18 00:00:00+00:00
[2026-09-18T11:58:43.637+0700] {processor.py:208} INFO - Processing /Users/andreasanditya/Downloads/572392_Andreas_AirflowETL/code/.venv/lib/python3.9/site-packages/airflow/example_dags/example_skip_dag.py took 0.115 seconds
[2026-09-18T12:00:09.150+0700] {processor.py:186} INFO - Started process (PID=37214) to work on /Users/andreasanditya/Downloads/572392_Andreas_AirflowETL/code/.venv/lib/python3.9/site-packages/airflow/example_dags/example_skip_dag.py
[2026-09-18T12:00:09.151+0700] {processor.py:914} INFO - Processing file /Users/andreasanditya/Downloads/572392_Andreas_AirflowETL/code/.venv/lib/python3.9/site-packages/airflow/example_dags/example_skip_dag.py for tasks to queue
[2026-09-18T12:00:09.152+0700] {logging_mixin.py:190} INFO - [2026-09-18T12:00:09.152+0700] {dagbag.py:588} INFO - Filling up the DagBag from /Users/andreasanditya/Downloads/572392_Andreas_AirflowETL/code/.venv/lib/python3.9/site-packages/airflow/example_dags/example_skip_dag.py
[2026-09-18T12:00:09.156+0700] {processor.py:925} INFO - DAG(s) 'example_skip_dag' retrieved from /Users/andreasanditya/Downloads/572392_Andreas_AirflowETL/code/.venv/lib/python3.9/site-packages/airflow/example_dags/example_skip_dag.py
[2026-09-18T12:00:09.242+0700] {logging_mixin.py:190} INFO - [2026-09-18T12:00:09.242+0700] {dag.py:3239} INFO - Sync 1 DAGs
[2026-09-18T12:00:09.253+0700] {logging_mixin.py:190} INFO - [2026-09-18T12:00:09.252+0700] {dag.py:4180} INFO - Setting next_dagrun for example_skip_dag to 2026-09-17 00:00:00+00:00, run_after=2026-09-18 00:00:00+00:00
[2026-09-18T12:00:09.262+0700] {processor.py:208} INFO - Processing /Users/andreasanditya/Downloads/572392_Andreas_AirflowETL/code/.venv/lib/python3.9/site-packages/airflow/example_dags/example_skip_dag.py took 0.114 seconds
[2026-09-18T12:01:36.322+0700] {processor.py:186} INFO - Started process (PID=38052) to work on /Users/andreasanditya/Downloads/572392_Andreas_AirflowETL/code/.venv/lib/python3.9/site-packages/airflow/example_dags/example_skip_dag.py
[2026-09-18T12:01:36.323+0700] {processor.py:914} INFO - Processing file /Users/andreasanditya/Downloads/572392_Andreas_AirflowETL/code/.venv/lib/python3.9/site-packages/airflow/example_dags/example_skip_dag.py for tasks to queue
[2026-09-18T12:01:36.324+0700] {logging_mixin.py:190} INFO - [2026-09-18T12:01:36.324+0700] {dagbag.py:588} INFO - Filling up the DagBag from /Users/andreasanditya/Downloads/572392_Andreas_AirflowETL/code/.venv/lib/python3.9/site-packages/airflow/example_dags/example_skip_dag.py
[2026-09-18T12:01:36.328+0700] {processor.py:925} INFO - DAG(s) 'example_skip_dag' retrieved from /Users/andreasanditya/Downloads/572392_Andreas_AirflowETL/code/.venv/lib/python3.9/site-packages/airflow/example_dags/example_skip_dag.py
[2026-09-18T12:01:36.420+0700] {logging_mixin.py:190} INFO - [2026-09-18T12:01:36.420+0700] {dag.py:3239} INFO - Sync 1 DAGs
[2026-09-18T12:01:36.430+0700] {logging_mixin.py:190} INFO - [2026-09-18T12:01:36.430+0700] {dag.py:4180} INFO - Setting next_dagrun for example_skip_dag to 2026-09-17 00:00:00+00:00, run_after=2026-09-18 00:00:00+00:00
[2026-09-18T12:01:36.440+0700] {processor.py:208} INFO - Processing /Users/andreasanditya/Downloads/572392_Andreas_AirflowETL/code/.venv/lib/python3.9/site-packages/airflow/example_dags/example_skip_dag.py took 0.120 seconds
[2026-09-18T12:03:04.191+0700] {processor.py:186} INFO - Started process (PID=38979) to work on /Users/andreasanditya/Downloads/572392_Andreas_AirflowETL/code/.venv/lib/python3.9/site-packages/airflow/example_dags/example_skip_dag.py
[2026-09-18T12:03:04.192+0700] {processor.py:914} INFO - Processing file /Users/andreasanditya/Downloads/572392_Andreas_AirflowETL/code/.venv/lib/python3.9/site-packages/airflow/example_dags/example_skip_dag.py for tasks to queue
[2026-09-18T12:03:04.193+0700] {logging_mixin.py:190} INFO - [2026-09-18T12:03:04.193+0700] {dagbag.py:588} INFO - Filling up the DagBag from /Users/andreasanditya/Downloads/572392_Andreas_AirflowETL/code/.venv/lib/python3.9/site-packages/airflow/example_dags/example_skip_dag.py
[2026-09-18T12:03:04.197+0700] {processor.py:925} INFO - DAG(s) 'example_skip_dag' retrieved from /Users/andreasanditya/Downloads/572392_Andreas_AirflowETL/code/.venv/lib/python3.9/site-packages/airflow/example_dags/example_skip_dag.py
[2026-09-18T12:03:04.283+0700] {logging_mixin.py:190} INFO - [2026-09-18T12:03:04.283+0700] {dag.py:3239} INFO - Sync 1 DAGs
[2026-09-18T12:03:04.294+0700] {logging_mixin.py:190} INFO - [2026-09-18T12:03:04.294+0700] {dag.py:4180} INFO - Setting next_dagrun for example_skip_dag to 2026-09-17 00:00:00+00:00, run_after=2026-09-18 00:00:00+00:00
[2026-09-18T12:03:04.304+0700] {processor.py:208} INFO - Processing /Users/andreasanditya/Downloads/572392_Andreas_AirflowETL/code/.venv/lib/python3.9/site-packages/airflow/example_dags/example_skip_dag.py took 0.115 seconds
[2026-09-18T12:04:29.889+0700] {processor.py:186} INFO - Started process (PID=39829) to work on /Users/andreasanditya/Downloads/572392_Andreas_AirflowETL/code/.venv/lib/python3.9/site-packages/airflow/example_dags/example_skip_dag.py
[2026-09-18T12:04:29.890+0700] {processor.py:914} INFO - Processing file /Users/andreasanditya/Downloads/572392_Andreas_AirflowETL/code/.venv/lib/python3.9/site-packages/airflow/example_dags/example_skip_dag.py for tasks to queue
[2026-09-18T12:04:29.891+0700] {logging_mixin.py:190} INFO - [2026-09-18T12:04:29.891+0700] {dagbag.py:588} INFO - Filling up the DagBag from /Users/andreasanditya/Downloads/572392_Andreas_AirflowETL/code/.venv/lib/python3.9/site-packages/airflow/example_dags/example_skip_dag.py
[2026-09-18T12:04:29.895+0700] {processor.py:925} INFO - DAG(s) 'example_skip_dag' retrieved from /Users/andreasanditya/Downloads/572392_Andreas_AirflowETL/code/.venv/lib/python3.9/site-packages/airflow/example_dags/example_skip_dag.py
[2026-09-18T12:04:29.982+0700] {logging_mixin.py:190} INFO - [2026-09-18T12:04:29.982+0700] {dag.py:3239} INFO - Sync 1 DAGs
[2026-09-18T12:04:29.993+0700] {logging_mixin.py:190} INFO - [2026-09-18T12:04:29.993+0700] {dag.py:4180} INFO - Setting next_dagrun for example_skip_dag to 2026-09-17 00:00:00+00:00, run_after=2026-09-18 00:00:00+00:00
[2026-09-18T12:04:30.002+0700] {processor.py:208} INFO - Processing /Users/andreasanditya/Downloads/572392_Andreas_AirflowETL/code/.venv/lib/python3.9/site-packages/airflow/example_dags/example_skip_dag.py took 0.115 seconds
[2026-09-18T12:05:56.784+0700] {processor.py:186} INFO - Started process (PID=40720) to work on /Users/andreasanditya/Downloads/572392_Andreas_AirflowETL/code/.venv/lib/python3.9/site-packages/airflow/example_dags/example_skip_dag.py
[2026-09-18T12:05:56.785+0700] {processor.py:914} INFO - Processing file /Users/andreasanditya/Downloads/572392_Andreas_AirflowETL/code/.venv/lib/python3.9/site-packages/airflow/example_dags/example_skip_dag.py for tasks to queue
[2026-09-18T12:05:56.785+0700] {logging_mixin.py:190} INFO - [2026-09-18T12:05:56.785+0700] {dagbag.py:588} INFO - Filling up the DagBag from /Users/andreasanditya/Downloads/572392_Andreas_AirflowETL/code/.venv/lib/python3.9/site-packages/airflow/example_dags/example_skip_dag.py
[2026-09-18T12:05:56.790+0700] {processor.py:925} INFO - DAG(s) 'example_skip_dag' retrieved from /Users/andreasanditya/Downloads/572392_Andreas_AirflowETL/code/.venv/lib/python3.9/site-packages/airflow/example_dags/example_skip_dag.py
[2026-09-18T12:05:56.876+0700] {logging_mixin.py:190} INFO - [2026-09-18T12:05:56.876+0700] {dag.py:3239} INFO - Sync 1 DAGs
[2026-09-18T12:05:56.886+0700] {logging_mixin.py:190} INFO - [2026-09-18T12:05:56.886+0700] {dag.py:4180} INFO - Setting next_dagrun for example_skip_dag to 2026-09-17 00:00:00+00:00, run_after=2026-09-18 00:00:00+00:00
[2026-09-18T12:05:56.896+0700] {processor.py:208} INFO - Processing /Users/andreasanditya/Downloads/572392_Andreas_AirflowETL/code/.venv/lib/python3.9/site-packages/airflow/example_dags/example_skip_dag.py took 0.114 seconds
[2026-09-18T12:07:25.747+0700] {processor.py:186} INFO - Started process (PID=41634) to work on /Users/andreasanditya/Downloads/572392_Andreas_AirflowETL/code/.venv/lib/python3.9/site-packages/airflow/example_dags/example_skip_dag.py
[2026-09-18T12:07:25.748+0700] {processor.py:914} INFO - Processing file /Users/andreasanditya/Downloads/572392_Andreas_AirflowETL/code/.venv/lib/python3.9/site-packages/airflow/example_dags/example_skip_dag.py for tasks to queue
[2026-09-18T12:07:25.748+0700] {logging_mixin.py:190} INFO - [2026-09-18T12:07:25.748+0700] {dagbag.py:588} INFO - Filling up the DagBag from /Users/andreasanditya/Downloads/572392_Andreas_AirflowETL/code/.venv/lib/python3.9/site-packages/airflow/example_dags/example_skip_dag.py
[2026-09-18T12:07:25.753+0700] {processor.py:925} INFO - DAG(s) 'example_skip_dag' retrieved from /Users/andreasanditya/Downloads/572392_Andreas_AirflowETL/code/.venv/lib/python3.9/site-packages/airflow/example_dags/example_skip_dag.py
[2026-09-18T12:07:25.840+0700] {logging_mixin.py:190} INFO - [2026-09-18T12:07:25.840+0700] {dag.py:3239} INFO - Sync 1 DAGs
[2026-09-18T12:07:25.852+0700] {logging_mixin.py:190} INFO - [2026-09-18T12:07:25.851+0700] {dag.py:4180} INFO - Setting next_dagrun for example_skip_dag to 2026-09-17 00:00:00+00:00, run_after=2026-09-18 00:00:00+00:00
[2026-09-18T12:07:25.861+0700] {processor.py:208} INFO - Processing /Users/andreasanditya/Downloads/572392_Andreas_AirflowETL/code/.venv/lib/python3.9/site-packages/airflow/example_dags/example_skip_dag.py took 0.117 seconds
[2026-09-18T12:08:52.069+0700] {processor.py:186} INFO - Started process (PID=42450) to work on /Users/andreasanditya/Downloads/572392_Andreas_AirflowETL/code/.venv/lib/python3.9/site-packages/airflow/example_dags/example_skip_dag.py
[2026-09-18T12:08:52.069+0700] {processor.py:914} INFO - Processing file /Users/andreasanditya/Downloads/572392_Andreas_AirflowETL/code/.venv/lib/python3.9/site-packages/airflow/example_dags/example_skip_dag.py for tasks to queue
[2026-09-18T12:08:52.070+0700] {logging_mixin.py:190} INFO - [2026-09-18T12:08:52.070+0700] {dagbag.py:588} INFO - Filling up the DagBag from /Users/andreasanditya/Downloads/572392_Andreas_AirflowETL/code/.venv/lib/python3.9/site-packages/airflow/example_dags/example_skip_dag.py
[2026-09-18T12:08:52.074+0700] {processor.py:925} INFO - DAG(s) 'example_skip_dag' retrieved from /Users/andreasanditya/Downloads/572392_Andreas_AirflowETL/code/.venv/lib/python3.9/site-packages/airflow/example_dags/example_skip_dag.py
[2026-09-18T12:08:52.161+0700] {logging_mixin.py:190} INFO - [2026-09-18T12:08:52.161+0700] {dag.py:3239} INFO - Sync 1 DAGs
[2026-09-18T12:08:52.172+0700] {logging_mixin.py:190} INFO - [2026-09-18T12:08:52.172+0700] {dag.py:4180} INFO - Setting next_dagrun for example_skip_dag to 2026-09-17 00:00:00+00:00, run_after=2026-09-18 00:00:00+00:00
[2026-09-18T12:08:52.182+0700] {processor.py:208} INFO - Processing /Users/andreasanditya/Downloads/572392_Andreas_AirflowETL/code/.venv/lib/python3.9/site-packages/airflow/example_dags/example_skip_dag.py took 0.115 seconds
[2026-09-18T12:10:18.918+0700] {processor.py:186} INFO - Started process (PID=43368) to work on /Users/andreasanditya/Downloads/572392_Andreas_AirflowETL/code/.venv/lib/python3.9/site-packages/airflow/example_dags/example_skip_dag.py
[2026-09-18T12:10:18.919+0700] {processor.py:914} INFO - Processing file /Users/andreasanditya/Downloads/572392_Andreas_AirflowETL/code/.venv/lib/python3.9/site-packages/airflow/example_dags/example_skip_dag.py for tasks to queue
[2026-09-18T12:10:18.920+0700] {logging_mixin.py:190} INFO - [2026-09-18T12:10:18.920+0700] {dagbag.py:588} INFO - Filling up the DagBag from /Users/andreasanditya/Downloads/572392_Andreas_AirflowETL/code/.venv/lib/python3.9/site-packages/airflow/example_dags/example_skip_dag.py
[2026-09-18T12:10:18.924+0700] {processor.py:925} INFO - DAG(s) 'example_skip_dag' retrieved from /Users/andreasanditya/Downloads/572392_Andreas_AirflowETL/code/.venv/lib/python3.9/site-packages/airflow/example_dags/example_skip_dag.py
[2026-09-18T12:10:19.012+0700] {logging_mixin.py:190} INFO - [2026-09-18T12:10:19.012+0700] {dag.py:3239} INFO - Sync 1 DAGs
[2026-09-18T12:10:19.023+0700] {logging_mixin.py:190} INFO - [2026-09-18T12:10:19.023+0700] {dag.py:4180} INFO - Setting next_dagrun for example_skip_dag to 2026-09-17 00:00:00+00:00, run_after=2026-09-18 00:00:00+00:00
[2026-09-18T12:10:19.033+0700] {processor.py:208} INFO - Processing /Users/andreasanditya/Downloads/572392_Andreas_AirflowETL/code/.venv/lib/python3.9/site-packages/airflow/example_dags/example_skip_dag.py took 0.116 seconds
[2026-09-18T12:11:46.646+0700] {processor.py:186} INFO - Started process (PID=44286) to work on /Users/andreasanditya/Downloads/572392_Andreas_AirflowETL/code/.venv/lib/python3.9/site-packages/airflow/example_dags/example_skip_dag.py
[2026-09-18T12:11:46.647+0700] {processor.py:914} INFO - Processing file /Users/andreasanditya/Downloads/572392_Andreas_AirflowETL/code/.venv/lib/python3.9/site-packages/airflow/example_dags/example_skip_dag.py for tasks to queue
[2026-09-18T12:11:46.648+0700] {logging_mixin.py:190} INFO - [2026-09-18T12:11:46.648+0700] {dagbag.py:588} INFO - Filling up the DagBag from /Users/andreasanditya/Downloads/572392_Andreas_AirflowETL/code/.venv/lib/python3.9/site-packages/airflow/example_dags/example_skip_dag.py
[2026-09-18T12:11:46.653+0700] {processor.py:925} INFO - DAG(s) 'example_skip_dag' retrieved from /Users/andreasanditya/Downloads/572392_Andreas_AirflowETL/code/.venv/lib/python3.9/site-packages/airflow/example_dags/example_skip_dag.py
[2026-09-18T12:11:46.744+0700] {logging_mixin.py:190} INFO - [2026-09-18T12:11:46.744+0700] {dag.py:3239} INFO - Sync 1 DAGs
[2026-09-18T12:11:46.755+0700] {logging_mixin.py:190} INFO - [2026-09-18T12:11:46.755+0700] {dag.py:4180} INFO - Setting next_dagrun for example_skip_dag to 2026-09-17 00:00:00+00:00, run_after=2026-09-18 00:00:00+00:00
[2026-09-18T12:11:46.764+0700] {processor.py:208} INFO - Processing /Users/andreasanditya/Downloads/572392_Andreas_AirflowETL/code/.venv/lib/python3.9/site-packages/airflow/example_dags/example_skip_dag.py took 0.120 seconds
[2026-09-18T12:13:15.992+0700] {processor.py:186} INFO - Started process (PID=45852) to work on /Users/andreasanditya/Downloads/572392_Andreas_AirflowETL/code/.venv/lib/python3.9/site-packages/airflow/example_dags/example_skip_dag.py
[2026-09-18T12:13:15.993+0700] {processor.py:914} INFO - Processing file /Users/andreasanditya/Downloads/572392_Andreas_AirflowETL/code/.venv/lib/python3.9/site-packages/airflow/example_dags/example_skip_dag.py for tasks to queue
[2026-09-18T12:13:15.994+0700] {logging_mixin.py:190} INFO - [2026-09-18T12:13:15.994+0700] {dagbag.py:588} INFO - Filling up the DagBag from /Users/andreasanditya/Downloads/572392_Andreas_AirflowETL/code/.venv/lib/python3.9/site-packages/airflow/example_dags/example_skip_dag.py
[2026-09-18T12:13:15.999+0700] {processor.py:925} INFO - DAG(s) 'example_skip_dag' retrieved from /Users/andreasanditya/Downloads/572392_Andreas_AirflowETL/code/.venv/lib/python3.9/site-packages/airflow/example_dags/example_skip_dag.py
[2026-09-18T12:13:16.092+0700] {logging_mixin.py:190} INFO - [2026-09-18T12:13:16.092+0700] {dag.py:3239} INFO - Sync 1 DAGs
[2026-09-18T12:13:16.103+0700] {logging_mixin.py:190} INFO - [2026-09-18T12:13:16.103+0700] {dag.py:4180} INFO - Setting next_dagrun for example_skip_dag to 2026-09-17 00:00:00+00:00, run_after=2026-09-18 00:00:00+00:00
[2026-09-18T12:13:16.113+0700] {processor.py:208} INFO - Processing /Users/andreasanditya/Downloads/572392_Andreas_AirflowETL/code/.venv/lib/python3.9/site-packages/airflow/example_dags/example_skip_dag.py took 0.123 seconds
[2026-09-18T12:14:44.645+0700] {processor.py:186} INFO - Started process (PID=46873) to work on /Users/andreasanditya/Downloads/572392_Andreas_AirflowETL/code/.venv/lib/python3.9/site-packages/airflow/example_dags/example_skip_dag.py
[2026-09-18T12:14:44.646+0700] {processor.py:914} INFO - Processing file /Users/andreasanditya/Downloads/572392_Andreas_AirflowETL/code/.venv/lib/python3.9/site-packages/airflow/example_dags/example_skip_dag.py for tasks to queue
[2026-09-18T12:14:44.647+0700] {logging_mixin.py:190} INFO - [2026-09-18T12:14:44.647+0700] {dagbag.py:588} INFO - Filling up the DagBag from /Users/andreasanditya/Downloads/572392_Andreas_AirflowETL/code/.venv/lib/python3.9/site-packages/airflow/example_dags/example_skip_dag.py
[2026-09-18T12:14:44.652+0700] {processor.py:925} INFO - DAG(s) 'example_skip_dag' retrieved from /Users/andreasanditya/Downloads/572392_Andreas_AirflowETL/code/.venv/lib/python3.9/site-packages/airflow/example_dags/example_skip_dag.py
[2026-09-18T12:14:44.747+0700] {logging_mixin.py:190} INFO - [2026-09-18T12:14:44.747+0700] {dag.py:3239} INFO - Sync 1 DAGs
[2026-09-18T12:14:44.758+0700] {logging_mixin.py:190} INFO - [2026-09-18T12:14:44.758+0700] {dag.py:4180} INFO - Setting next_dagrun for example_skip_dag to 2026-09-17 00:00:00+00:00, run_after=2026-09-18 00:00:00+00:00
[2026-09-18T12:14:44.768+0700] {processor.py:208} INFO - Processing /Users/andreasanditya/Downloads/572392_Andreas_AirflowETL/code/.venv/lib/python3.9/site-packages/airflow/example_dags/example_skip_dag.py took 0.125 seconds
[2026-09-18T12:16:11.384+0700] {processor.py:186} INFO - Started process (PID=48519) to work on /Users/andreasanditya/Downloads/572392_Andreas_AirflowETL/code/.venv/lib/python3.9/site-packages/airflow/example_dags/example_skip_dag.py
[2026-09-18T12:16:11.385+0700] {processor.py:914} INFO - Processing file /Users/andreasanditya/Downloads/572392_Andreas_AirflowETL/code/.venv/lib/python3.9/site-packages/airflow/example_dags/example_skip_dag.py for tasks to queue
[2026-09-18T12:16:11.386+0700] {logging_mixin.py:190} INFO - [2026-09-18T12:16:11.386+0700] {dagbag.py:588} INFO - Filling up the DagBag from /Users/andreasanditya/Downloads/572392_Andreas_AirflowETL/code/.venv/lib/python3.9/site-packages/airflow/example_dags/example_skip_dag.py
[2026-09-18T12:16:11.390+0700] {processor.py:925} INFO - DAG(s) 'example_skip_dag' retrieved from /Users/andreasanditya/Downloads/572392_Andreas_AirflowETL/code/.venv/lib/python3.9/site-packages/airflow/example_dags/example_skip_dag.py
[2026-09-18T12:16:11.479+0700] {logging_mixin.py:190} INFO - [2026-09-18T12:16:11.479+0700] {dag.py:3239} INFO - Sync 1 DAGs
[2026-09-18T12:16:11.490+0700] {logging_mixin.py:190} INFO - [2026-09-18T12:16:11.489+0700] {dag.py:4180} INFO - Setting next_dagrun for example_skip_dag to 2026-09-17 00:00:00+00:00, run_after=2026-09-18 00:00:00+00:00
[2026-09-18T12:16:11.499+0700] {processor.py:208} INFO - Processing /Users/andreasanditya/Downloads/572392_Andreas_AirflowETL/code/.venv/lib/python3.9/site-packages/airflow/example_dags/example_skip_dag.py took 0.117 seconds
[2026-09-18T12:17:39.227+0700] {processor.py:186} INFO - Started process (PID=49806) to work on /Users/andreasanditya/Downloads/572392_Andreas_AirflowETL/code/.venv/lib/python3.9/site-packages/airflow/example_dags/example_skip_dag.py
[2026-09-18T12:17:39.228+0700] {processor.py:914} INFO - Processing file /Users/andreasanditya/Downloads/572392_Andreas_AirflowETL/code/.venv/lib/python3.9/site-packages/airflow/example_dags/example_skip_dag.py for tasks to queue
[2026-09-18T12:17:39.229+0700] {logging_mixin.py:190} INFO - [2026-09-18T12:17:39.229+0700] {dagbag.py:588} INFO - Filling up the DagBag from /Users/andreasanditya/Downloads/572392_Andreas_AirflowETL/code/.venv/lib/python3.9/site-packages/airflow/example_dags/example_skip_dag.py
[2026-09-18T12:17:39.243+0700] {processor.py:925} INFO - DAG(s) 'example_skip_dag' retrieved from /Users/andreasanditya/Downloads/572392_Andreas_AirflowETL/code/.venv/lib/python3.9/site-packages/airflow/example_dags/example_skip_dag.py
[2026-09-18T12:17:39.333+0700] {logging_mixin.py:190} INFO - [2026-09-18T12:17:39.332+0700] {dag.py:3239} INFO - Sync 1 DAGs
[2026-09-18T12:17:39.343+0700] {logging_mixin.py:190} INFO - [2026-09-18T12:17:39.343+0700] {dag.py:4180} INFO - Setting next_dagrun for example_skip_dag to 2026-09-17 00:00:00+00:00, run_after=2026-09-18 00:00:00+00:00
[2026-09-18T12:17:39.353+0700] {processor.py:208} INFO - Processing /Users/andreasanditya/Downloads/572392_Andreas_AirflowETL/code/.venv/lib/python3.9/site-packages/airflow/example_dags/example_skip_dag.py took 0.128 seconds
[2026-09-18T12:19:09.040+0700] {processor.py:186} INFO - Started process (PID=51507) to work on /Users/andreasanditya/Downloads/572392_Andreas_AirflowETL/code/.venv/lib/python3.9/site-packages/airflow/example_dags/example_skip_dag.py
[2026-09-18T12:19:09.041+0700] {processor.py:914} INFO - Processing file /Users/andreasanditya/Downloads/572392_Andreas_AirflowETL/code/.venv/lib/python3.9/site-packages/airflow/example_dags/example_skip_dag.py for tasks to queue
[2026-09-18T12:19:09.042+0700] {logging_mixin.py:190} INFO - [2026-09-18T12:19:09.042+0700] {dagbag.py:588} INFO - Filling up the DagBag from /Users/andreasanditya/Downloads/572392_Andreas_AirflowETL/code/.venv/lib/python3.9/site-packages/airflow/example_dags/example_skip_dag.py
[2026-09-18T12:19:09.047+0700] {processor.py:925} INFO - DAG(s) 'example_skip_dag' retrieved from /Users/andreasanditya/Downloads/572392_Andreas_AirflowETL/code/.venv/lib/python3.9/site-packages/airflow/example_dags/example_skip_dag.py
[2026-09-18T12:19:09.140+0700] {logging_mixin.py:190} INFO - [2026-09-18T12:19:09.140+0700] {dag.py:3239} INFO - Sync 1 DAGs
[2026-09-18T12:19:09.152+0700] {logging_mixin.py:190} INFO - [2026-09-18T12:19:09.151+0700] {dag.py:4180} INFO - Setting next_dagrun for example_skip_dag to 2026-09-17 00:00:00+00:00, run_after=2026-09-18 00:00:00+00:00
[2026-09-18T12:19:09.162+0700] {processor.py:208} INFO - Processing /Users/andreasanditya/Downloads/572392_Andreas_AirflowETL/code/.venv/lib/python3.9/site-packages/airflow/example_dags/example_skip_dag.py took 0.124 seconds
[2026-09-18T12:20:37.234+0700] {processor.py:186} INFO - Started process (PID=53080) to work on /Users/andreasanditya/Downloads/572392_Andreas_AirflowETL/code/.venv/lib/python3.9/site-packages/airflow/example_dags/example_skip_dag.py
[2026-09-18T12:20:37.236+0700] {processor.py:914} INFO - Processing file /Users/andreasanditya/Downloads/572392_Andreas_AirflowETL/code/.venv/lib/python3.9/site-packages/airflow/example_dags/example_skip_dag.py for tasks to queue
[2026-09-18T12:20:37.237+0700] {logging_mixin.py:190} INFO - [2026-09-18T12:20:37.236+0700] {dagbag.py:588} INFO - Filling up the DagBag from /Users/andreasanditya/Downloads/572392_Andreas_AirflowETL/code/.venv/lib/python3.9/site-packages/airflow/example_dags/example_skip_dag.py
[2026-09-18T12:20:37.245+0700] {processor.py:925} INFO - DAG(s) 'example_skip_dag' retrieved from /Users/andreasanditya/Downloads/572392_Andreas_AirflowETL/code/.venv/lib/python3.9/site-packages/airflow/example_dags/example_skip_dag.py
[2026-09-18T12:20:37.337+0700] {logging_mixin.py:190} INFO - [2026-09-18T12:20:37.336+0700] {dag.py:3239} INFO - Sync 1 DAGs
[2026-09-18T12:20:37.347+0700] {logging_mixin.py:190} INFO - [2026-09-18T12:20:37.347+0700] {dag.py:4180} INFO - Setting next_dagrun for example_skip_dag to 2026-09-17 00:00:00+00:00, run_after=2026-09-18 00:00:00+00:00
[2026-09-18T12:20:37.358+0700] {processor.py:208} INFO - Processing /Users/andreasanditya/Downloads/572392_Andreas_AirflowETL/code/.venv/lib/python3.9/site-packages/airflow/example_dags/example_skip_dag.py took 0.126 seconds
[2026-09-18T12:22:04.705+0700] {processor.py:186} INFO - Started process (PID=54051) to work on /Users/andreasanditya/Downloads/572392_Andreas_AirflowETL/code/.venv/lib/python3.9/site-packages/airflow/example_dags/example_skip_dag.py
[2026-09-18T12:22:04.706+0700] {processor.py:914} INFO - Processing file /Users/andreasanditya/Downloads/572392_Andreas_AirflowETL/code/.venv/lib/python3.9/site-packages/airflow/example_dags/example_skip_dag.py for tasks to queue
[2026-09-18T12:22:04.707+0700] {logging_mixin.py:190} INFO - [2026-09-18T12:22:04.707+0700] {dagbag.py:588} INFO - Filling up the DagBag from /Users/andreasanditya/Downloads/572392_Andreas_AirflowETL/code/.venv/lib/python3.9/site-packages/airflow/example_dags/example_skip_dag.py
[2026-09-18T12:22:04.711+0700] {processor.py:925} INFO - DAG(s) 'example_skip_dag' retrieved from /Users/andreasanditya/Downloads/572392_Andreas_AirflowETL/code/.venv/lib/python3.9/site-packages/airflow/example_dags/example_skip_dag.py
[2026-09-18T12:22:04.797+0700] {logging_mixin.py:190} INFO - [2026-09-18T12:22:04.797+0700] {dag.py:3239} INFO - Sync 1 DAGs
[2026-09-18T12:22:04.808+0700] {logging_mixin.py:190} INFO - [2026-09-18T12:22:04.808+0700] {dag.py:4180} INFO - Setting next_dagrun for example_skip_dag to 2026-09-17 00:00:00+00:00, run_after=2026-09-18 00:00:00+00:00
[2026-09-18T12:22:04.818+0700] {processor.py:208} INFO - Processing /Users/andreasanditya/Downloads/572392_Andreas_AirflowETL/code/.venv/lib/python3.9/site-packages/airflow/example_dags/example_skip_dag.py took 0.114 seconds
[2026-09-18T12:23:32.798+0700] {processor.py:186} INFO - Started process (PID=54878) to work on /Users/andreasanditya/Downloads/572392_Andreas_AirflowETL/code/.venv/lib/python3.9/site-packages/airflow/example_dags/example_skip_dag.py
[2026-09-18T12:23:32.800+0700] {processor.py:914} INFO - Processing file /Users/andreasanditya/Downloads/572392_Andreas_AirflowETL/code/.venv/lib/python3.9/site-packages/airflow/example_dags/example_skip_dag.py for tasks to queue
[2026-09-18T12:23:32.801+0700] {logging_mixin.py:190} INFO - [2026-09-18T12:23:32.800+0700] {dagbag.py:588} INFO - Filling up the DagBag from /Users/andreasanditya/Downloads/572392_Andreas_AirflowETL/code/.venv/lib/python3.9/site-packages/airflow/example_dags/example_skip_dag.py
[2026-09-18T12:23:32.805+0700] {processor.py:925} INFO - DAG(s) 'example_skip_dag' retrieved from /Users/andreasanditya/Downloads/572392_Andreas_AirflowETL/code/.venv/lib/python3.9/site-packages/airflow/example_dags/example_skip_dag.py
[2026-09-18T12:23:32.893+0700] {logging_mixin.py:190} INFO - [2026-09-18T12:23:32.893+0700] {dag.py:3239} INFO - Sync 1 DAGs
[2026-09-18T12:23:32.904+0700] {logging_mixin.py:190} INFO - [2026-09-18T12:23:32.904+0700] {dag.py:4180} INFO - Setting next_dagrun for example_skip_dag to 2026-09-17 00:00:00+00:00, run_after=2026-09-18 00:00:00+00:00
[2026-09-18T12:23:32.914+0700] {processor.py:208} INFO - Processing /Users/andreasanditya/Downloads/572392_Andreas_AirflowETL/code/.venv/lib/python3.9/site-packages/airflow/example_dags/example_skip_dag.py took 0.118 seconds
[2026-09-18T12:24:57.735+0700] {processor.py:186} INFO - Started process (PID=55811) to work on /Users/andreasanditya/Downloads/572392_Andreas_AirflowETL/code/.venv/lib/python3.9/site-packages/airflow/example_dags/example_skip_dag.py
[2026-09-18T12:24:57.736+0700] {processor.py:914} INFO - Processing file /Users/andreasanditya/Downloads/572392_Andreas_AirflowETL/code/.venv/lib/python3.9/site-packages/airflow/example_dags/example_skip_dag.py for tasks to queue
[2026-09-18T12:24:57.736+0700] {logging_mixin.py:190} INFO - [2026-09-18T12:24:57.736+0700] {dagbag.py:588} INFO - Filling up the DagBag from /Users/andreasanditya/Downloads/572392_Andreas_AirflowETL/code/.venv/lib/python3.9/site-packages/airflow/example_dags/example_skip_dag.py
[2026-09-18T12:24:57.741+0700] {processor.py:925} INFO - DAG(s) 'example_skip_dag' retrieved from /Users/andreasanditya/Downloads/572392_Andreas_AirflowETL/code/.venv/lib/python3.9/site-packages/airflow/example_dags/example_skip_dag.py
[2026-09-18T12:24:57.827+0700] {logging_mixin.py:190} INFO - [2026-09-18T12:24:57.826+0700] {dag.py:3239} INFO - Sync 1 DAGs
[2026-09-18T12:24:57.837+0700] {logging_mixin.py:190} INFO - [2026-09-18T12:24:57.837+0700] {dag.py:4180} INFO - Setting next_dagrun for example_skip_dag to 2026-09-17 00:00:00+00:00, run_after=2026-09-18 00:00:00+00:00
[2026-09-18T12:24:57.847+0700] {processor.py:208} INFO - Processing /Users/andreasanditya/Downloads/572392_Andreas_AirflowETL/code/.venv/lib/python3.9/site-packages/airflow/example_dags/example_skip_dag.py took 0.114 seconds
[2026-09-18T12:26:24.508+0700] {processor.py:186} INFO - Started process (PID=56709) to work on /Users/andreasanditya/Downloads/572392_Andreas_AirflowETL/code/.venv/lib/python3.9/site-packages/airflow/example_dags/example_skip_dag.py
[2026-09-18T12:26:24.509+0700] {processor.py:914} INFO - Processing file /Users/andreasanditya/Downloads/572392_Andreas_AirflowETL/code/.venv/lib/python3.9/site-packages/airflow/example_dags/example_skip_dag.py for tasks to queue
[2026-09-18T12:26:24.510+0700] {logging_mixin.py:190} INFO - [2026-09-18T12:26:24.510+0700] {dagbag.py:588} INFO - Filling up the DagBag from /Users/andreasanditya/Downloads/572392_Andreas_AirflowETL/code/.venv/lib/python3.9/site-packages/airflow/example_dags/example_skip_dag.py
[2026-09-18T12:26:24.514+0700] {processor.py:925} INFO - DAG(s) 'example_skip_dag' retrieved from /Users/andreasanditya/Downloads/572392_Andreas_AirflowETL/code/.venv/lib/python3.9/site-packages/airflow/example_dags/example_skip_dag.py
[2026-09-18T12:26:24.601+0700] {logging_mixin.py:190} INFO - [2026-09-18T12:26:24.601+0700] {dag.py:3239} INFO - Sync 1 DAGs
[2026-09-18T12:26:24.612+0700] {logging_mixin.py:190} INFO - [2026-09-18T12:26:24.611+0700] {dag.py:4180} INFO - Setting next_dagrun for example_skip_dag to 2026-09-17 00:00:00+00:00, run_after=2026-09-18 00:00:00+00:00
[2026-09-18T12:26:24.621+0700] {processor.py:208} INFO - Processing /Users/andreasanditya/Downloads/572392_Andreas_AirflowETL/code/.venv/lib/python3.9/site-packages/airflow/example_dags/example_skip_dag.py took 0.115 seconds
[2026-09-18T12:27:52.155+0700] {processor.py:186} INFO - Started process (PID=57643) to work on /Users/andreasanditya/Downloads/572392_Andreas_AirflowETL/code/.venv/lib/python3.9/site-packages/airflow/example_dags/example_skip_dag.py
[2026-09-18T12:27:52.156+0700] {processor.py:914} INFO - Processing file /Users/andreasanditya/Downloads/572392_Andreas_AirflowETL/code/.venv/lib/python3.9/site-packages/airflow/example_dags/example_skip_dag.py for tasks to queue
[2026-09-18T12:27:52.157+0700] {logging_mixin.py:190} INFO - [2026-09-18T12:27:52.157+0700] {dagbag.py:588} INFO - Filling up the DagBag from /Users/andreasanditya/Downloads/572392_Andreas_AirflowETL/code/.venv/lib/python3.9/site-packages/airflow/example_dags/example_skip_dag.py
[2026-09-18T12:27:52.162+0700] {processor.py:925} INFO - DAG(s) 'example_skip_dag' retrieved from /Users/andreasanditya/Downloads/572392_Andreas_AirflowETL/code/.venv/lib/python3.9/site-packages/airflow/example_dags/example_skip_dag.py
[2026-09-18T12:27:52.251+0700] {logging_mixin.py:190} INFO - [2026-09-18T12:27:52.251+0700] {dag.py:3239} INFO - Sync 1 DAGs
[2026-09-18T12:27:52.262+0700] {logging_mixin.py:190} INFO - [2026-09-18T12:27:52.262+0700] {dag.py:4180} INFO - Setting next_dagrun for example_skip_dag to 2026-09-17 00:00:00+00:00, run_after=2026-09-18 00:00:00+00:00
[2026-09-18T12:27:52.272+0700] {processor.py:208} INFO - Processing /Users/andreasanditya/Downloads/572392_Andreas_AirflowETL/code/.venv/lib/python3.9/site-packages/airflow/example_dags/example_skip_dag.py took 0.118 seconds
[2026-09-18T12:29:17.288+0700] {processor.py:186} INFO - Started process (PID=58496) to work on /Users/andreasanditya/Downloads/572392_Andreas_AirflowETL/code/.venv/lib/python3.9/site-packages/airflow/example_dags/example_skip_dag.py
[2026-09-18T12:29:17.290+0700] {processor.py:914} INFO - Processing file /Users/andreasanditya/Downloads/572392_Andreas_AirflowETL/code/.venv/lib/python3.9/site-packages/airflow/example_dags/example_skip_dag.py for tasks to queue
[2026-09-18T12:29:17.291+0700] {logging_mixin.py:190} INFO - [2026-09-18T12:29:17.291+0700] {dagbag.py:588} INFO - Filling up the DagBag from /Users/andreasanditya/Downloads/572392_Andreas_AirflowETL/code/.venv/lib/python3.9/site-packages/airflow/example_dags/example_skip_dag.py
[2026-09-18T12:29:17.295+0700] {processor.py:925} INFO - DAG(s) 'example_skip_dag' retrieved from /Users/andreasanditya/Downloads/572392_Andreas_AirflowETL/code/.venv/lib/python3.9/site-packages/airflow/example_dags/example_skip_dag.py
[2026-09-18T12:29:17.381+0700] {logging_mixin.py:190} INFO - [2026-09-18T12:29:17.380+0700] {dag.py:3239} INFO - Sync 1 DAGs
[2026-09-18T12:29:17.391+0700] {logging_mixin.py:190} INFO - [2026-09-18T12:29:17.391+0700] {dag.py:4180} INFO - Setting next_dagrun for example_skip_dag to 2026-09-17 00:00:00+00:00, run_after=2026-09-18 00:00:00+00:00
[2026-09-18T12:29:17.401+0700] {processor.py:208} INFO - Processing /Users/andreasanditya/Downloads/572392_Andreas_AirflowETL/code/.venv/lib/python3.9/site-packages/airflow/example_dags/example_skip_dag.py took 0.114 seconds
[2026-09-18T12:30:40.524+0700] {processor.py:186} INFO - Started process (PID=59346) to work on /Users/andreasanditya/Downloads/572392_Andreas_AirflowETL/code/.venv/lib/python3.9/site-packages/airflow/example_dags/example_skip_dag.py
[2026-09-18T12:30:40.525+0700] {processor.py:914} INFO - Processing file /Users/andreasanditya/Downloads/572392_Andreas_AirflowETL/code/.venv/lib/python3.9/site-packages/airflow/example_dags/example_skip_dag.py for tasks to queue
[2026-09-18T12:30:40.526+0700] {logging_mixin.py:190} INFO - [2026-09-18T12:30:40.526+0700] {dagbag.py:588} INFO - Filling up the DagBag from /Users/andreasanditya/Downloads/572392_Andreas_AirflowETL/code/.venv/lib/python3.9/site-packages/airflow/example_dags/example_skip_dag.py
[2026-09-18T12:30:40.530+0700] {processor.py:925} INFO - DAG(s) 'example_skip_dag' retrieved from /Users/andreasanditya/Downloads/572392_Andreas_AirflowETL/code/.venv/lib/python3.9/site-packages/airflow/example_dags/example_skip_dag.py
[2026-09-18T12:30:40.618+0700] {logging_mixin.py:190} INFO - [2026-09-18T12:30:40.617+0700] {dag.py:3239} INFO - Sync 1 DAGs
[2026-09-18T12:30:40.628+0700] {logging_mixin.py:190} INFO - [2026-09-18T12:30:40.628+0700] {dag.py:4180} INFO - Setting next_dagrun for example_skip_dag to 2026-09-17 00:00:00+00:00, run_after=2026-09-18 00:00:00+00:00
[2026-09-18T12:30:40.638+0700] {processor.py:208} INFO - Processing /Users/andreasanditya/Downloads/572392_Andreas_AirflowETL/code/.venv/lib/python3.9/site-packages/airflow/example_dags/example_skip_dag.py took 0.116 seconds
[2026-09-18T12:32:02.698+0700] {processor.py:186} INFO - Started process (PID=60232) to work on /Users/andreasanditya/Downloads/572392_Andreas_AirflowETL/code/.venv/lib/python3.9/site-packages/airflow/example_dags/example_skip_dag.py
[2026-09-18T12:32:02.699+0700] {processor.py:914} INFO - Processing file /Users/andreasanditya/Downloads/572392_Andreas_AirflowETL/code/.venv/lib/python3.9/site-packages/airflow/example_dags/example_skip_dag.py for tasks to queue
[2026-09-18T12:32:02.699+0700] {logging_mixin.py:190} INFO - [2026-09-18T12:32:02.699+0700] {dagbag.py:588} INFO - Filling up the DagBag from /Users/andreasanditya/Downloads/572392_Andreas_AirflowETL/code/.venv/lib/python3.9/site-packages/airflow/example_dags/example_skip_dag.py
[2026-09-18T12:32:02.704+0700] {processor.py:925} INFO - DAG(s) 'example_skip_dag' retrieved from /Users/andreasanditya/Downloads/572392_Andreas_AirflowETL/code/.venv/lib/python3.9/site-packages/airflow/example_dags/example_skip_dag.py
[2026-09-18T12:32:02.790+0700] {logging_mixin.py:190} INFO - [2026-09-18T12:32:02.789+0700] {dag.py:3239} INFO - Sync 1 DAGs
[2026-09-18T12:32:02.800+0700] {logging_mixin.py:190} INFO - [2026-09-18T12:32:02.800+0700] {dag.py:4180} INFO - Setting next_dagrun for example_skip_dag to 2026-09-17 00:00:00+00:00, run_after=2026-09-18 00:00:00+00:00
[2026-09-18T12:32:02.810+0700] {processor.py:208} INFO - Processing /Users/andreasanditya/Downloads/572392_Andreas_AirflowETL/code/.venv/lib/python3.9/site-packages/airflow/example_dags/example_skip_dag.py took 0.114 seconds
[2026-09-18T12:33:28.519+0700] {processor.py:186} INFO - Started process (PID=61091) to work on /Users/andreasanditya/Downloads/572392_Andreas_AirflowETL/code/.venv/lib/python3.9/site-packages/airflow/example_dags/example_skip_dag.py
[2026-09-18T12:33:28.520+0700] {processor.py:914} INFO - Processing file /Users/andreasanditya/Downloads/572392_Andreas_AirflowETL/code/.venv/lib/python3.9/site-packages/airflow/example_dags/example_skip_dag.py for tasks to queue
[2026-09-18T12:33:28.521+0700] {logging_mixin.py:190} INFO - [2026-09-18T12:33:28.521+0700] {dagbag.py:588} INFO - Filling up the DagBag from /Users/andreasanditya/Downloads/572392_Andreas_AirflowETL/code/.venv/lib/python3.9/site-packages/airflow/example_dags/example_skip_dag.py
[2026-09-18T12:33:28.525+0700] {processor.py:925} INFO - DAG(s) 'example_skip_dag' retrieved from /Users/andreasanditya/Downloads/572392_Andreas_AirflowETL/code/.venv/lib/python3.9/site-packages/airflow/example_dags/example_skip_dag.py
[2026-09-18T12:33:28.612+0700] {logging_mixin.py:190} INFO - [2026-09-18T12:33:28.612+0700] {dag.py:3239} INFO - Sync 1 DAGs
[2026-09-18T12:33:28.623+0700] {logging_mixin.py:190} INFO - [2026-09-18T12:33:28.623+0700] {dag.py:4180} INFO - Setting next_dagrun for example_skip_dag to 2026-09-17 00:00:00+00:00, run_after=2026-09-18 00:00:00+00:00
[2026-09-18T12:33:28.633+0700] {processor.py:208} INFO - Processing /Users/andreasanditya/Downloads/572392_Andreas_AirflowETL/code/.venv/lib/python3.9/site-packages/airflow/example_dags/example_skip_dag.py took 0.116 seconds
[2026-09-18T12:34:53.604+0700] {processor.py:186} INFO - Started process (PID=61989) to work on /Users/andreasanditya/Downloads/572392_Andreas_AirflowETL/code/.venv/lib/python3.9/site-packages/airflow/example_dags/example_skip_dag.py
[2026-09-18T12:34:53.605+0700] {processor.py:914} INFO - Processing file /Users/andreasanditya/Downloads/572392_Andreas_AirflowETL/code/.venv/lib/python3.9/site-packages/airflow/example_dags/example_skip_dag.py for tasks to queue
[2026-09-18T12:34:53.606+0700] {logging_mixin.py:190} INFO - [2026-09-18T12:34:53.605+0700] {dagbag.py:588} INFO - Filling up the DagBag from /Users/andreasanditya/Downloads/572392_Andreas_AirflowETL/code/.venv/lib/python3.9/site-packages/airflow/example_dags/example_skip_dag.py
[2026-09-18T12:34:53.610+0700] {processor.py:925} INFO - DAG(s) 'example_skip_dag' retrieved from /Users/andreasanditya/Downloads/572392_Andreas_AirflowETL/code/.venv/lib/python3.9/site-packages/airflow/example_dags/example_skip_dag.py
[2026-09-18T12:34:53.699+0700] {logging_mixin.py:190} INFO - [2026-09-18T12:34:53.698+0700] {dag.py:3239} INFO - Sync 1 DAGs
[2026-09-18T12:34:53.710+0700] {logging_mixin.py:190} INFO - [2026-09-18T12:34:53.709+0700] {dag.py:4180} INFO - Setting next_dagrun for example_skip_dag to 2026-09-17 00:00:00+00:00, run_after=2026-09-18 00:00:00+00:00
[2026-09-18T12:34:53.720+0700] {processor.py:208} INFO - Processing /Users/andreasanditya/Downloads/572392_Andreas_AirflowETL/code/.venv/lib/python3.9/site-packages/airflow/example_dags/example_skip_dag.py took 0.118 seconds
[2026-09-18T12:36:18.736+0700] {processor.py:186} INFO - Started process (PID=62831) to work on /Users/andreasanditya/Downloads/572392_Andreas_AirflowETL/code/.venv/lib/python3.9/site-packages/airflow/example_dags/example_skip_dag.py
[2026-09-18T12:36:18.738+0700] {processor.py:914} INFO - Processing file /Users/andreasanditya/Downloads/572392_Andreas_AirflowETL/code/.venv/lib/python3.9/site-packages/airflow/example_dags/example_skip_dag.py for tasks to queue
[2026-09-18T12:36:18.738+0700] {logging_mixin.py:190} INFO - [2026-09-18T12:36:18.738+0700] {dagbag.py:588} INFO - Filling up the DagBag from /Users/andreasanditya/Downloads/572392_Andreas_AirflowETL/code/.venv/lib/python3.9/site-packages/airflow/example_dags/example_skip_dag.py
[2026-09-18T12:36:18.742+0700] {processor.py:925} INFO - DAG(s) 'example_skip_dag' retrieved from /Users/andreasanditya/Downloads/572392_Andreas_AirflowETL/code/.venv/lib/python3.9/site-packages/airflow/example_dags/example_skip_dag.py
[2026-09-18T12:36:18.831+0700] {logging_mixin.py:190} INFO - [2026-09-18T12:36:18.831+0700] {dag.py:3239} INFO - Sync 1 DAGs
[2026-09-18T12:36:18.842+0700] {logging_mixin.py:190} INFO - [2026-09-18T12:36:18.842+0700] {dag.py:4180} INFO - Setting next_dagrun for example_skip_dag to 2026-09-17 00:00:00+00:00, run_after=2026-09-18 00:00:00+00:00
[2026-09-18T12:36:18.852+0700] {processor.py:208} INFO - Processing /Users/andreasanditya/Downloads/572392_Andreas_AirflowETL/code/.venv/lib/python3.9/site-packages/airflow/example_dags/example_skip_dag.py took 0.118 seconds
[2026-09-18T12:37:45.383+0700] {processor.py:186} INFO - Started process (PID=63695) to work on /Users/andreasanditya/Downloads/572392_Andreas_AirflowETL/code/.venv/lib/python3.9/site-packages/airflow/example_dags/example_skip_dag.py
[2026-09-18T12:37:45.383+0700] {processor.py:914} INFO - Processing file /Users/andreasanditya/Downloads/572392_Andreas_AirflowETL/code/.venv/lib/python3.9/site-packages/airflow/example_dags/example_skip_dag.py for tasks to queue
[2026-09-18T12:37:45.384+0700] {logging_mixin.py:190} INFO - [2026-09-18T12:37:45.384+0700] {dagbag.py:588} INFO - Filling up the DagBag from /Users/andreasanditya/Downloads/572392_Andreas_AirflowETL/code/.venv/lib/python3.9/site-packages/airflow/example_dags/example_skip_dag.py
[2026-09-18T12:37:45.388+0700] {processor.py:925} INFO - DAG(s) 'example_skip_dag' retrieved from /Users/andreasanditya/Downloads/572392_Andreas_AirflowETL/code/.venv/lib/python3.9/site-packages/airflow/example_dags/example_skip_dag.py
[2026-09-18T12:37:45.475+0700] {logging_mixin.py:190} INFO - [2026-09-18T12:37:45.475+0700] {dag.py:3239} INFO - Sync 1 DAGs
[2026-09-18T12:37:45.486+0700] {logging_mixin.py:190} INFO - [2026-09-18T12:37:45.486+0700] {dag.py:4180} INFO - Setting next_dagrun for example_skip_dag to 2026-09-17 00:00:00+00:00, run_after=2026-09-18 00:00:00+00:00
[2026-09-18T12:37:45.496+0700] {processor.py:208} INFO - Processing /Users/andreasanditya/Downloads/572392_Andreas_AirflowETL/code/.venv/lib/python3.9/site-packages/airflow/example_dags/example_skip_dag.py took 0.115 seconds
[2026-09-18T12:39:11.943+0700] {processor.py:186} INFO - Started process (PID=64614) to work on /Users/andreasanditya/Downloads/572392_Andreas_AirflowETL/code/.venv/lib/python3.9/site-packages/airflow/example_dags/example_skip_dag.py
[2026-09-18T12:39:11.944+0700] {processor.py:914} INFO - Processing file /Users/andreasanditya/Downloads/572392_Andreas_AirflowETL/code/.venv/lib/python3.9/site-packages/airflow/example_dags/example_skip_dag.py for tasks to queue
[2026-09-18T12:39:11.944+0700] {logging_mixin.py:190} INFO - [2026-09-18T12:39:11.944+0700] {dagbag.py:588} INFO - Filling up the DagBag from /Users/andreasanditya/Downloads/572392_Andreas_AirflowETL/code/.venv/lib/python3.9/site-packages/airflow/example_dags/example_skip_dag.py
[2026-09-18T12:39:11.949+0700] {processor.py:925} INFO - DAG(s) 'example_skip_dag' retrieved from /Users/andreasanditya/Downloads/572392_Andreas_AirflowETL/code/.venv/lib/python3.9/site-packages/airflow/example_dags/example_skip_dag.py
[2026-09-18T12:39:12.035+0700] {logging_mixin.py:190} INFO - [2026-09-18T12:39:12.035+0700] {dag.py:3239} INFO - Sync 1 DAGs
[2026-09-18T12:39:12.048+0700] {logging_mixin.py:190} INFO - [2026-09-18T12:39:12.048+0700] {dag.py:4180} INFO - Setting next_dagrun for example_skip_dag to 2026-09-17 00:00:00+00:00, run_after=2026-09-18 00:00:00+00:00
[2026-09-18T12:39:12.061+0700] {processor.py:208} INFO - Processing /Users/andreasanditya/Downloads/572392_Andreas_AirflowETL/code/.venv/lib/python3.9/site-packages/airflow/example_dags/example_skip_dag.py took 0.120 seconds
[2026-09-18T12:40:40.303+0700] {processor.py:186} INFO - Started process (PID=65516) to work on /Users/andreasanditya/Downloads/572392_Andreas_AirflowETL/code/.venv/lib/python3.9/site-packages/airflow/example_dags/example_skip_dag.py
[2026-09-18T12:40:40.305+0700] {processor.py:914} INFO - Processing file /Users/andreasanditya/Downloads/572392_Andreas_AirflowETL/code/.venv/lib/python3.9/site-packages/airflow/example_dags/example_skip_dag.py for tasks to queue
[2026-09-18T12:40:40.305+0700] {logging_mixin.py:190} INFO - [2026-09-18T12:40:40.305+0700] {dagbag.py:588} INFO - Filling up the DagBag from /Users/andreasanditya/Downloads/572392_Andreas_AirflowETL/code/.venv/lib/python3.9/site-packages/airflow/example_dags/example_skip_dag.py
[2026-09-18T12:40:40.310+0700] {processor.py:925} INFO - DAG(s) 'example_skip_dag' retrieved from /Users/andreasanditya/Downloads/572392_Andreas_AirflowETL/code/.venv/lib/python3.9/site-packages/airflow/example_dags/example_skip_dag.py
[2026-09-18T12:40:40.395+0700] {logging_mixin.py:190} INFO - [2026-09-18T12:40:40.395+0700] {dag.py:3239} INFO - Sync 1 DAGs
[2026-09-18T12:40:40.406+0700] {logging_mixin.py:190} INFO - [2026-09-18T12:40:40.406+0700] {dag.py:4180} INFO - Setting next_dagrun for example_skip_dag to 2026-09-17 00:00:00+00:00, run_after=2026-09-18 00:00:00+00:00
[2026-09-18T12:40:40.415+0700] {processor.py:208} INFO - Processing /Users/andreasanditya/Downloads/572392_Andreas_AirflowETL/code/.venv/lib/python3.9/site-packages/airflow/example_dags/example_skip_dag.py took 0.114 seconds
[2026-09-18T12:42:05.451+0700] {processor.py:186} INFO - Started process (PID=66351) to work on /Users/andreasanditya/Downloads/572392_Andreas_AirflowETL/code/.venv/lib/python3.9/site-packages/airflow/example_dags/example_skip_dag.py
[2026-09-18T12:42:05.452+0700] {processor.py:914} INFO - Processing file /Users/andreasanditya/Downloads/572392_Andreas_AirflowETL/code/.venv/lib/python3.9/site-packages/airflow/example_dags/example_skip_dag.py for tasks to queue
[2026-09-18T12:42:05.453+0700] {logging_mixin.py:190} INFO - [2026-09-18T12:42:05.453+0700] {dagbag.py:588} INFO - Filling up the DagBag from /Users/andreasanditya/Downloads/572392_Andreas_AirflowETL/code/.venv/lib/python3.9/site-packages/airflow/example_dags/example_skip_dag.py
[2026-09-18T12:42:05.457+0700] {processor.py:925} INFO - DAG(s) 'example_skip_dag' retrieved from /Users/andreasanditya/Downloads/572392_Andreas_AirflowETL/code/.venv/lib/python3.9/site-packages/airflow/example_dags/example_skip_dag.py
[2026-09-18T12:42:05.542+0700] {logging_mixin.py:190} INFO - [2026-09-18T12:42:05.542+0700] {dag.py:3239} INFO - Sync 1 DAGs
[2026-09-18T12:42:05.553+0700] {logging_mixin.py:190} INFO - [2026-09-18T12:42:05.553+0700] {dag.py:4180} INFO - Setting next_dagrun for example_skip_dag to 2026-09-17 00:00:00+00:00, run_after=2026-09-18 00:00:00+00:00
[2026-09-18T12:42:05.563+0700] {processor.py:208} INFO - Processing /Users/andreasanditya/Downloads/572392_Andreas_AirflowETL/code/.venv/lib/python3.9/site-packages/airflow/example_dags/example_skip_dag.py took 0.114 seconds
[2026-09-18T12:43:32.365+0700] {processor.py:186} INFO - Started process (PID=67265) to work on /Users/andreasanditya/Downloads/572392_Andreas_AirflowETL/code/.venv/lib/python3.9/site-packages/airflow/example_dags/example_skip_dag.py
[2026-09-18T12:43:32.366+0700] {processor.py:914} INFO - Processing file /Users/andreasanditya/Downloads/572392_Andreas_AirflowETL/code/.venv/lib/python3.9/site-packages/airflow/example_dags/example_skip_dag.py for tasks to queue
[2026-09-18T12:43:32.367+0700] {logging_mixin.py:190} INFO - [2026-09-18T12:43:32.367+0700] {dagbag.py:588} INFO - Filling up the DagBag from /Users/andreasanditya/Downloads/572392_Andreas_AirflowETL/code/.venv/lib/python3.9/site-packages/airflow/example_dags/example_skip_dag.py
[2026-09-18T12:43:32.371+0700] {processor.py:925} INFO - DAG(s) 'example_skip_dag' retrieved from /Users/andreasanditya/Downloads/572392_Andreas_AirflowETL/code/.venv/lib/python3.9/site-packages/airflow/example_dags/example_skip_dag.py
[2026-09-18T12:43:32.458+0700] {logging_mixin.py:190} INFO - [2026-09-18T12:43:32.457+0700] {dag.py:3239} INFO - Sync 1 DAGs
[2026-09-18T12:43:32.469+0700] {logging_mixin.py:190} INFO - [2026-09-18T12:43:32.469+0700] {dag.py:4180} INFO - Setting next_dagrun for example_skip_dag to 2026-09-17 00:00:00+00:00, run_after=2026-09-18 00:00:00+00:00
[2026-09-18T12:43:32.480+0700] {processor.py:208} INFO - Processing /Users/andreasanditya/Downloads/572392_Andreas_AirflowETL/code/.venv/lib/python3.9/site-packages/airflow/example_dags/example_skip_dag.py took 0.117 seconds
[2026-09-18T12:44:58.530+0700] {processor.py:186} INFO - Started process (PID=68096) to work on /Users/andreasanditya/Downloads/572392_Andreas_AirflowETL/code/.venv/lib/python3.9/site-packages/airflow/example_dags/example_skip_dag.py
[2026-09-18T12:44:58.532+0700] {processor.py:914} INFO - Processing file /Users/andreasanditya/Downloads/572392_Andreas_AirflowETL/code/.venv/lib/python3.9/site-packages/airflow/example_dags/example_skip_dag.py for tasks to queue
[2026-09-18T12:44:58.533+0700] {logging_mixin.py:190} INFO - [2026-09-18T12:44:58.532+0700] {dagbag.py:588} INFO - Filling up the DagBag from /Users/andreasanditya/Downloads/572392_Andreas_AirflowETL/code/.venv/lib/python3.9/site-packages/airflow/example_dags/example_skip_dag.py
[2026-09-18T12:44:58.537+0700] {processor.py:925} INFO - DAG(s) 'example_skip_dag' retrieved from /Users/andreasanditya/Downloads/572392_Andreas_AirflowETL/code/.venv/lib/python3.9/site-packages/airflow/example_dags/example_skip_dag.py
[2026-09-18T12:44:58.622+0700] {logging_mixin.py:190} INFO - [2026-09-18T12:44:58.622+0700] {dag.py:3239} INFO - Sync 1 DAGs
[2026-09-18T12:44:58.633+0700] {logging_mixin.py:190} INFO - [2026-09-18T12:44:58.633+0700] {dag.py:4180} INFO - Setting next_dagrun for example_skip_dag to 2026-09-17 00:00:00+00:00, run_after=2026-09-18 00:00:00+00:00
[2026-09-18T12:44:58.643+0700] {processor.py:208} INFO - Processing /Users/andreasanditya/Downloads/572392_Andreas_AirflowETL/code/.venv/lib/python3.9/site-packages/airflow/example_dags/example_skip_dag.py took 0.115 seconds
[2026-09-18T12:46:25.281+0700] {processor.py:186} INFO - Started process (PID=69016) to work on /Users/andreasanditya/Downloads/572392_Andreas_AirflowETL/code/.venv/lib/python3.9/site-packages/airflow/example_dags/example_skip_dag.py
[2026-09-18T12:46:25.283+0700] {processor.py:914} INFO - Processing file /Users/andreasanditya/Downloads/572392_Andreas_AirflowETL/code/.venv/lib/python3.9/site-packages/airflow/example_dags/example_skip_dag.py for tasks to queue
[2026-09-18T12:46:25.283+0700] {logging_mixin.py:190} INFO - [2026-09-18T12:46:25.283+0700] {dagbag.py:588} INFO - Filling up the DagBag from /Users/andreasanditya/Downloads/572392_Andreas_AirflowETL/code/.venv/lib/python3.9/site-packages/airflow/example_dags/example_skip_dag.py
[2026-09-18T12:46:25.288+0700] {processor.py:925} INFO - DAG(s) 'example_skip_dag' retrieved from /Users/andreasanditya/Downloads/572392_Andreas_AirflowETL/code/.venv/lib/python3.9/site-packages/airflow/example_dags/example_skip_dag.py
[2026-09-18T12:46:25.373+0700] {logging_mixin.py:190} INFO - [2026-09-18T12:46:25.373+0700] {dag.py:3239} INFO - Sync 1 DAGs
[2026-09-18T12:46:25.384+0700] {logging_mixin.py:190} INFO - [2026-09-18T12:46:25.384+0700] {dag.py:4180} INFO - Setting next_dagrun for example_skip_dag to 2026-09-17 00:00:00+00:00, run_after=2026-09-18 00:00:00+00:00
[2026-09-18T12:46:25.394+0700] {processor.py:208} INFO - Processing /Users/andreasanditya/Downloads/572392_Andreas_AirflowETL/code/.venv/lib/python3.9/site-packages/airflow/example_dags/example_skip_dag.py took 0.115 seconds
[2026-09-18T12:47:50.497+0700] {processor.py:186} INFO - Started process (PID=69847) to work on /Users/andreasanditya/Downloads/572392_Andreas_AirflowETL/code/.venv/lib/python3.9/site-packages/airflow/example_dags/example_skip_dag.py
[2026-09-18T12:47:50.498+0700] {processor.py:914} INFO - Processing file /Users/andreasanditya/Downloads/572392_Andreas_AirflowETL/code/.venv/lib/python3.9/site-packages/airflow/example_dags/example_skip_dag.py for tasks to queue
[2026-09-18T12:47:50.499+0700] {logging_mixin.py:190} INFO - [2026-09-18T12:47:50.499+0700] {dagbag.py:588} INFO - Filling up the DagBag from /Users/andreasanditya/Downloads/572392_Andreas_AirflowETL/code/.venv/lib/python3.9/site-packages/airflow/example_dags/example_skip_dag.py
[2026-09-18T12:47:50.503+0700] {processor.py:925} INFO - DAG(s) 'example_skip_dag' retrieved from /Users/andreasanditya/Downloads/572392_Andreas_AirflowETL/code/.venv/lib/python3.9/site-packages/airflow/example_dags/example_skip_dag.py
[2026-09-18T12:47:50.589+0700] {logging_mixin.py:190} INFO - [2026-09-18T12:47:50.589+0700] {dag.py:3239} INFO - Sync 1 DAGs
[2026-09-18T12:47:50.600+0700] {logging_mixin.py:190} INFO - [2026-09-18T12:47:50.600+0700] {dag.py:4180} INFO - Setting next_dagrun for example_skip_dag to 2026-09-17 00:00:00+00:00, run_after=2026-09-18 00:00:00+00:00
[2026-09-18T12:47:50.609+0700] {processor.py:208} INFO - Processing /Users/andreasanditya/Downloads/572392_Andreas_AirflowETL/code/.venv/lib/python3.9/site-packages/airflow/example_dags/example_skip_dag.py took 0.115 seconds
[2026-09-18T12:49:18.302+0700] {processor.py:186} INFO - Started process (PID=70767) to work on /Users/andreasanditya/Downloads/572392_Andreas_AirflowETL/code/.venv/lib/python3.9/site-packages/airflow/example_dags/example_skip_dag.py
[2026-09-18T12:49:18.303+0700] {processor.py:914} INFO - Processing file /Users/andreasanditya/Downloads/572392_Andreas_AirflowETL/code/.venv/lib/python3.9/site-packages/airflow/example_dags/example_skip_dag.py for tasks to queue
[2026-09-18T12:49:18.304+0700] {logging_mixin.py:190} INFO - [2026-09-18T12:49:18.304+0700] {dagbag.py:588} INFO - Filling up the DagBag from /Users/andreasanditya/Downloads/572392_Andreas_AirflowETL/code/.venv/lib/python3.9/site-packages/airflow/example_dags/example_skip_dag.py
[2026-09-18T12:49:18.308+0700] {processor.py:925} INFO - DAG(s) 'example_skip_dag' retrieved from /Users/andreasanditya/Downloads/572392_Andreas_AirflowETL/code/.venv/lib/python3.9/site-packages/airflow/example_dags/example_skip_dag.py
[2026-09-18T12:49:18.394+0700] {logging_mixin.py:190} INFO - [2026-09-18T12:49:18.393+0700] {dag.py:3239} INFO - Sync 1 DAGs
[2026-09-18T12:49:18.404+0700] {logging_mixin.py:190} INFO - [2026-09-18T12:49:18.404+0700] {dag.py:4180} INFO - Setting next_dagrun for example_skip_dag to 2026-09-17 00:00:00+00:00, run_after=2026-09-18 00:00:00+00:00
[2026-09-18T12:49:18.414+0700] {processor.py:208} INFO - Processing /Users/andreasanditya/Downloads/572392_Andreas_AirflowETL/code/.venv/lib/python3.9/site-packages/airflow/example_dags/example_skip_dag.py took 0.113 seconds
[2026-09-18T12:50:41.720+0700] {processor.py:186} INFO - Started process (PID=71598) to work on /Users/andreasanditya/Downloads/572392_Andreas_AirflowETL/code/.venv/lib/python3.9/site-packages/airflow/example_dags/example_skip_dag.py
[2026-09-18T12:50:41.721+0700] {processor.py:914} INFO - Processing file /Users/andreasanditya/Downloads/572392_Andreas_AirflowETL/code/.venv/lib/python3.9/site-packages/airflow/example_dags/example_skip_dag.py for tasks to queue
[2026-09-18T12:50:41.721+0700] {logging_mixin.py:190} INFO - [2026-09-18T12:50:41.721+0700] {dagbag.py:588} INFO - Filling up the DagBag from /Users/andreasanditya/Downloads/572392_Andreas_AirflowETL/code/.venv/lib/python3.9/site-packages/airflow/example_dags/example_skip_dag.py
[2026-09-18T12:50:41.725+0700] {processor.py:925} INFO - DAG(s) 'example_skip_dag' retrieved from /Users/andreasanditya/Downloads/572392_Andreas_AirflowETL/code/.venv/lib/python3.9/site-packages/airflow/example_dags/example_skip_dag.py
[2026-09-18T12:50:41.811+0700] {logging_mixin.py:190} INFO - [2026-09-18T12:50:41.811+0700] {dag.py:3239} INFO - Sync 1 DAGs
[2026-09-18T12:50:41.822+0700] {logging_mixin.py:190} INFO - [2026-09-18T12:50:41.821+0700] {dag.py:4180} INFO - Setting next_dagrun for example_skip_dag to 2026-09-17 00:00:00+00:00, run_after=2026-09-18 00:00:00+00:00
[2026-09-18T12:50:41.831+0700] {processor.py:208} INFO - Processing /Users/andreasanditya/Downloads/572392_Andreas_AirflowETL/code/.venv/lib/python3.9/site-packages/airflow/example_dags/example_skip_dag.py took 0.113 seconds
[2026-09-18T12:52:03.905+0700] {processor.py:186} INFO - Started process (PID=72424) to work on /Users/andreasanditya/Downloads/572392_Andreas_AirflowETL/code/.venv/lib/python3.9/site-packages/airflow/example_dags/example_skip_dag.py
[2026-09-18T12:52:03.907+0700] {processor.py:914} INFO - Processing file /Users/andreasanditya/Downloads/572392_Andreas_AirflowETL/code/.venv/lib/python3.9/site-packages/airflow/example_dags/example_skip_dag.py for tasks to queue
[2026-09-18T12:52:03.907+0700] {logging_mixin.py:190} INFO - [2026-09-18T12:52:03.907+0700] {dagbag.py:588} INFO - Filling up the DagBag from /Users/andreasanditya/Downloads/572392_Andreas_AirflowETL/code/.venv/lib/python3.9/site-packages/airflow/example_dags/example_skip_dag.py
[2026-09-18T12:52:03.912+0700] {processor.py:925} INFO - DAG(s) 'example_skip_dag' retrieved from /Users/andreasanditya/Downloads/572392_Andreas_AirflowETL/code/.venv/lib/python3.9/site-packages/airflow/example_dags/example_skip_dag.py
[2026-09-18T12:52:03.997+0700] {logging_mixin.py:190} INFO - [2026-09-18T12:52:03.997+0700] {dag.py:3239} INFO - Sync 1 DAGs
[2026-09-18T12:52:04.008+0700] {logging_mixin.py:190} INFO - [2026-09-18T12:52:04.008+0700] {dag.py:4180} INFO - Setting next_dagrun for example_skip_dag to 2026-09-17 00:00:00+00:00, run_after=2026-09-18 00:00:00+00:00
[2026-09-18T12:52:04.017+0700] {processor.py:208} INFO - Processing /Users/andreasanditya/Downloads/572392_Andreas_AirflowETL/code/.venv/lib/python3.9/site-packages/airflow/example_dags/example_skip_dag.py took 0.114 seconds
[2026-09-18T12:53:30.916+0700] {processor.py:186} INFO - Started process (PID=73343) to work on /Users/andreasanditya/Downloads/572392_Andreas_AirflowETL/code/.venv/lib/python3.9/site-packages/airflow/example_dags/example_skip_dag.py
[2026-09-18T12:53:30.917+0700] {processor.py:914} INFO - Processing file /Users/andreasanditya/Downloads/572392_Andreas_AirflowETL/code/.venv/lib/python3.9/site-packages/airflow/example_dags/example_skip_dag.py for tasks to queue
[2026-09-18T12:53:30.918+0700] {logging_mixin.py:190} INFO - [2026-09-18T12:53:30.918+0700] {dagbag.py:588} INFO - Filling up the DagBag from /Users/andreasanditya/Downloads/572392_Andreas_AirflowETL/code/.venv/lib/python3.9/site-packages/airflow/example_dags/example_skip_dag.py
[2026-09-18T12:53:30.922+0700] {processor.py:925} INFO - DAG(s) 'example_skip_dag' retrieved from /Users/andreasanditya/Downloads/572392_Andreas_AirflowETL/code/.venv/lib/python3.9/site-packages/airflow/example_dags/example_skip_dag.py
[2026-09-18T12:53:31.007+0700] {logging_mixin.py:190} INFO - [2026-09-18T12:53:31.007+0700] {dag.py:3239} INFO - Sync 1 DAGs
[2026-09-18T12:53:31.018+0700] {logging_mixin.py:190} INFO - [2026-09-18T12:53:31.018+0700] {dag.py:4180} INFO - Setting next_dagrun for example_skip_dag to 2026-09-17 00:00:00+00:00, run_after=2026-09-18 00:00:00+00:00
[2026-09-18T12:53:31.028+0700] {processor.py:208} INFO - Processing /Users/andreasanditya/Downloads/572392_Andreas_AirflowETL/code/.venv/lib/python3.9/site-packages/airflow/example_dags/example_skip_dag.py took 0.114 seconds
[2026-09-18T12:54:55.222+0700] {processor.py:186} INFO - Started process (PID=74185) to work on /Users/andreasanditya/Downloads/572392_Andreas_AirflowETL/code/.venv/lib/python3.9/site-packages/airflow/example_dags/example_skip_dag.py
[2026-09-18T12:54:55.223+0700] {processor.py:914} INFO - Processing file /Users/andreasanditya/Downloads/572392_Andreas_AirflowETL/code/.venv/lib/python3.9/site-packages/airflow/example_dags/example_skip_dag.py for tasks to queue
[2026-09-18T12:54:55.224+0700] {logging_mixin.py:190} INFO - [2026-09-18T12:54:55.224+0700] {dagbag.py:588} INFO - Filling up the DagBag from /Users/andreasanditya/Downloads/572392_Andreas_AirflowETL/code/.venv/lib/python3.9/site-packages/airflow/example_dags/example_skip_dag.py
[2026-09-18T12:54:55.228+0700] {processor.py:925} INFO - DAG(s) 'example_skip_dag' retrieved from /Users/andreasanditya/Downloads/572392_Andreas_AirflowETL/code/.venv/lib/python3.9/site-packages/airflow/example_dags/example_skip_dag.py
[2026-09-18T12:54:55.315+0700] {logging_mixin.py:190} INFO - [2026-09-18T12:54:55.315+0700] {dag.py:3239} INFO - Sync 1 DAGs
[2026-09-18T12:54:55.326+0700] {logging_mixin.py:190} INFO - [2026-09-18T12:54:55.325+0700] {dag.py:4180} INFO - Setting next_dagrun for example_skip_dag to 2026-09-17 00:00:00+00:00, run_after=2026-09-18 00:00:00+00:00
[2026-09-18T12:54:55.335+0700] {processor.py:208} INFO - Processing /Users/andreasanditya/Downloads/572392_Andreas_AirflowETL/code/.venv/lib/python3.9/site-packages/airflow/example_dags/example_skip_dag.py took 0.115 seconds
[2026-09-18T12:56:18.984+0700] {processor.py:186} INFO - Started process (PID=75022) to work on /Users/andreasanditya/Downloads/572392_Andreas_AirflowETL/code/.venv/lib/python3.9/site-packages/airflow/example_dags/example_skip_dag.py
[2026-09-18T12:56:18.987+0700] {processor.py:914} INFO - Processing file /Users/andreasanditya/Downloads/572392_Andreas_AirflowETL/code/.venv/lib/python3.9/site-packages/airflow/example_dags/example_skip_dag.py for tasks to queue
[2026-09-18T12:56:18.988+0700] {logging_mixin.py:190} INFO - [2026-09-18T12:56:18.987+0700] {dagbag.py:588} INFO - Filling up the DagBag from /Users/andreasanditya/Downloads/572392_Andreas_AirflowETL/code/.venv/lib/python3.9/site-packages/airflow/example_dags/example_skip_dag.py
[2026-09-18T12:56:18.992+0700] {processor.py:925} INFO - DAG(s) 'example_skip_dag' retrieved from /Users/andreasanditya/Downloads/572392_Andreas_AirflowETL/code/.venv/lib/python3.9/site-packages/airflow/example_dags/example_skip_dag.py
[2026-09-18T12:56:19.078+0700] {logging_mixin.py:190} INFO - [2026-09-18T12:56:19.078+0700] {dag.py:3239} INFO - Sync 1 DAGs
[2026-09-18T12:56:19.089+0700] {logging_mixin.py:190} INFO - [2026-09-18T12:56:19.089+0700] {dag.py:4180} INFO - Setting next_dagrun for example_skip_dag to 2026-09-17 00:00:00+00:00, run_after=2026-09-18 00:00:00+00:00
[2026-09-18T12:56:19.098+0700] {processor.py:208} INFO - Processing /Users/andreasanditya/Downloads/572392_Andreas_AirflowETL/code/.venv/lib/python3.9/site-packages/airflow/example_dags/example_skip_dag.py took 0.116 seconds
[2026-09-18T12:57:45.730+0700] {processor.py:186} INFO - Started process (PID=75934) to work on /Users/andreasanditya/Downloads/572392_Andreas_AirflowETL/code/.venv/lib/python3.9/site-packages/airflow/example_dags/example_skip_dag.py
[2026-09-18T12:57:45.731+0700] {processor.py:914} INFO - Processing file /Users/andreasanditya/Downloads/572392_Andreas_AirflowETL/code/.venv/lib/python3.9/site-packages/airflow/example_dags/example_skip_dag.py for tasks to queue
[2026-09-18T12:57:45.732+0700] {logging_mixin.py:190} INFO - [2026-09-18T12:57:45.732+0700] {dagbag.py:588} INFO - Filling up the DagBag from /Users/andreasanditya/Downloads/572392_Andreas_AirflowETL/code/.venv/lib/python3.9/site-packages/airflow/example_dags/example_skip_dag.py
[2026-09-18T12:57:45.736+0700] {processor.py:925} INFO - DAG(s) 'example_skip_dag' retrieved from /Users/andreasanditya/Downloads/572392_Andreas_AirflowETL/code/.venv/lib/python3.9/site-packages/airflow/example_dags/example_skip_dag.py
[2026-09-18T12:57:45.823+0700] {logging_mixin.py:190} INFO - [2026-09-18T12:57:45.823+0700] {dag.py:3239} INFO - Sync 1 DAGs
[2026-09-18T12:57:45.834+0700] {logging_mixin.py:190} INFO - [2026-09-18T12:57:45.834+0700] {dag.py:4180} INFO - Setting next_dagrun for example_skip_dag to 2026-09-17 00:00:00+00:00, run_after=2026-09-18 00:00:00+00:00
[2026-09-18T12:57:45.843+0700] {processor.py:208} INFO - Processing /Users/andreasanditya/Downloads/572392_Andreas_AirflowETL/code/.venv/lib/python3.9/site-packages/airflow/example_dags/example_skip_dag.py took 0.115 seconds
[2026-09-18T12:59:10.676+0700] {processor.py:186} INFO - Started process (PID=76791) to work on /Users/andreasanditya/Downloads/572392_Andreas_AirflowETL/code/.venv/lib/python3.9/site-packages/airflow/example_dags/example_skip_dag.py
[2026-09-18T12:59:10.677+0700] {processor.py:914} INFO - Processing file /Users/andreasanditya/Downloads/572392_Andreas_AirflowETL/code/.venv/lib/python3.9/site-packages/airflow/example_dags/example_skip_dag.py for tasks to queue
[2026-09-18T12:59:10.678+0700] {logging_mixin.py:190} INFO - [2026-09-18T12:59:10.678+0700] {dagbag.py:588} INFO - Filling up the DagBag from /Users/andreasanditya/Downloads/572392_Andreas_AirflowETL/code/.venv/lib/python3.9/site-packages/airflow/example_dags/example_skip_dag.py
[2026-09-18T12:59:10.682+0700] {processor.py:925} INFO - DAG(s) 'example_skip_dag' retrieved from /Users/andreasanditya/Downloads/572392_Andreas_AirflowETL/code/.venv/lib/python3.9/site-packages/airflow/example_dags/example_skip_dag.py
[2026-09-18T12:59:10.770+0700] {logging_mixin.py:190} INFO - [2026-09-18T12:59:10.769+0700] {dag.py:3239} INFO - Sync 1 DAGs
[2026-09-18T12:59:10.781+0700] {logging_mixin.py:190} INFO - [2026-09-18T12:59:10.781+0700] {dag.py:4180} INFO - Setting next_dagrun for example_skip_dag to 2026-09-17 00:00:00+00:00, run_after=2026-09-18 00:00:00+00:00
[2026-09-18T12:59:10.792+0700] {processor.py:208} INFO - Processing /Users/andreasanditya/Downloads/572392_Andreas_AirflowETL/code/.venv/lib/python3.9/site-packages/airflow/example_dags/example_skip_dag.py took 0.117 seconds
[2026-09-18T13:00:37.420+0700] {processor.py:186} INFO - Started process (PID=77707) to work on /Users/andreasanditya/Downloads/572392_Andreas_AirflowETL/code/.venv/lib/python3.9/site-packages/airflow/example_dags/example_skip_dag.py
[2026-09-18T13:00:37.421+0700] {processor.py:914} INFO - Processing file /Users/andreasanditya/Downloads/572392_Andreas_AirflowETL/code/.venv/lib/python3.9/site-packages/airflow/example_dags/example_skip_dag.py for tasks to queue
[2026-09-18T13:00:37.422+0700] {logging_mixin.py:190} INFO - [2026-09-18T13:00:37.422+0700] {dagbag.py:588} INFO - Filling up the DagBag from /Users/andreasanditya/Downloads/572392_Andreas_AirflowETL/code/.venv/lib/python3.9/site-packages/airflow/example_dags/example_skip_dag.py
[2026-09-18T13:00:37.426+0700] {processor.py:925} INFO - DAG(s) 'example_skip_dag' retrieved from /Users/andreasanditya/Downloads/572392_Andreas_AirflowETL/code/.venv/lib/python3.9/site-packages/airflow/example_dags/example_skip_dag.py
[2026-09-18T13:00:37.511+0700] {logging_mixin.py:190} INFO - [2026-09-18T13:00:37.511+0700] {dag.py:3239} INFO - Sync 1 DAGs
[2026-09-18T13:00:37.522+0700] {logging_mixin.py:190} INFO - [2026-09-18T13:00:37.522+0700] {dag.py:4180} INFO - Setting next_dagrun for example_skip_dag to 2026-09-17 00:00:00+00:00, run_after=2026-09-18 00:00:00+00:00
[2026-09-18T13:00:37.531+0700] {processor.py:208} INFO - Processing /Users/andreasanditya/Downloads/572392_Andreas_AirflowETL/code/.venv/lib/python3.9/site-packages/airflow/example_dags/example_skip_dag.py took 0.114 seconds
[2026-09-18T13:02:03.878+0700] {processor.py:186} INFO - Started process (PID=78571) to work on /Users/andreasanditya/Downloads/572392_Andreas_AirflowETL/code/.venv/lib/python3.9/site-packages/airflow/example_dags/example_skip_dag.py
[2026-09-18T13:02:03.879+0700] {processor.py:914} INFO - Processing file /Users/andreasanditya/Downloads/572392_Andreas_AirflowETL/code/.venv/lib/python3.9/site-packages/airflow/example_dags/example_skip_dag.py for tasks to queue
[2026-09-18T13:02:03.880+0700] {logging_mixin.py:190} INFO - [2026-09-18T13:02:03.880+0700] {dagbag.py:588} INFO - Filling up the DagBag from /Users/andreasanditya/Downloads/572392_Andreas_AirflowETL/code/.venv/lib/python3.9/site-packages/airflow/example_dags/example_skip_dag.py
[2026-09-18T13:02:03.884+0700] {processor.py:925} INFO - DAG(s) 'example_skip_dag' retrieved from /Users/andreasanditya/Downloads/572392_Andreas_AirflowETL/code/.venv/lib/python3.9/site-packages/airflow/example_dags/example_skip_dag.py
[2026-09-18T13:02:03.969+0700] {logging_mixin.py:190} INFO - [2026-09-18T13:02:03.969+0700] {dag.py:3239} INFO - Sync 1 DAGs
[2026-09-18T13:02:03.980+0700] {logging_mixin.py:190} INFO - [2026-09-18T13:02:03.980+0700] {dag.py:4180} INFO - Setting next_dagrun for example_skip_dag to 2026-09-17 00:00:00+00:00, run_after=2026-09-18 00:00:00+00:00
[2026-09-18T13:02:03.989+0700] {processor.py:208} INFO - Processing /Users/andreasanditya/Downloads/572392_Andreas_AirflowETL/code/.venv/lib/python3.9/site-packages/airflow/example_dags/example_skip_dag.py took 0.113 seconds
[2026-09-18T13:03:29.419+0700] {processor.py:186} INFO - Started process (PID=79482) to work on /Users/andreasanditya/Downloads/572392_Andreas_AirflowETL/code/.venv/lib/python3.9/site-packages/airflow/example_dags/example_skip_dag.py
[2026-09-18T13:03:29.420+0700] {processor.py:914} INFO - Processing file /Users/andreasanditya/Downloads/572392_Andreas_AirflowETL/code/.venv/lib/python3.9/site-packages/airflow/example_dags/example_skip_dag.py for tasks to queue
[2026-09-18T13:03:29.421+0700] {logging_mixin.py:190} INFO - [2026-09-18T13:03:29.421+0700] {dagbag.py:588} INFO - Filling up the DagBag from /Users/andreasanditya/Downloads/572392_Andreas_AirflowETL/code/.venv/lib/python3.9/site-packages/airflow/example_dags/example_skip_dag.py
[2026-09-18T13:03:29.425+0700] {processor.py:925} INFO - DAG(s) 'example_skip_dag' retrieved from /Users/andreasanditya/Downloads/572392_Andreas_AirflowETL/code/.venv/lib/python3.9/site-packages/airflow/example_dags/example_skip_dag.py
[2026-09-18T13:03:29.511+0700] {logging_mixin.py:190} INFO - [2026-09-18T13:03:29.511+0700] {dag.py:3239} INFO - Sync 1 DAGs
[2026-09-18T13:03:29.522+0700] {logging_mixin.py:190} INFO - [2026-09-18T13:03:29.522+0700] {dag.py:4180} INFO - Setting next_dagrun for example_skip_dag to 2026-09-17 00:00:00+00:00, run_after=2026-09-18 00:00:00+00:00
[2026-09-18T13:03:29.532+0700] {processor.py:208} INFO - Processing /Users/andreasanditya/Downloads/572392_Andreas_AirflowETL/code/.venv/lib/python3.9/site-packages/airflow/example_dags/example_skip_dag.py took 0.115 seconds
[2026-09-18T13:04:55.385+0700] {processor.py:186} INFO - Started process (PID=80310) to work on /Users/andreasanditya/Downloads/572392_Andreas_AirflowETL/code/.venv/lib/python3.9/site-packages/airflow/example_dags/example_skip_dag.py
[2026-09-18T13:04:55.387+0700] {processor.py:914} INFO - Processing file /Users/andreasanditya/Downloads/572392_Andreas_AirflowETL/code/.venv/lib/python3.9/site-packages/airflow/example_dags/example_skip_dag.py for tasks to queue
[2026-09-18T13:04:55.387+0700] {logging_mixin.py:190} INFO - [2026-09-18T13:04:55.387+0700] {dagbag.py:588} INFO - Filling up the DagBag from /Users/andreasanditya/Downloads/572392_Andreas_AirflowETL/code/.venv/lib/python3.9/site-packages/airflow/example_dags/example_skip_dag.py
[2026-09-18T13:04:55.392+0700] {processor.py:925} INFO - DAG(s) 'example_skip_dag' retrieved from /Users/andreasanditya/Downloads/572392_Andreas_AirflowETL/code/.venv/lib/python3.9/site-packages/airflow/example_dags/example_skip_dag.py
[2026-09-18T13:04:55.480+0700] {logging_mixin.py:190} INFO - [2026-09-18T13:04:55.479+0700] {dag.py:3239} INFO - Sync 1 DAGs
[2026-09-18T13:04:55.491+0700] {logging_mixin.py:190} INFO - [2026-09-18T13:04:55.491+0700] {dag.py:4180} INFO - Setting next_dagrun for example_skip_dag to 2026-09-17 00:00:00+00:00, run_after=2026-09-18 00:00:00+00:00
[2026-09-18T13:04:55.500+0700] {processor.py:208} INFO - Processing /Users/andreasanditya/Downloads/572392_Andreas_AirflowETL/code/.venv/lib/python3.9/site-packages/airflow/example_dags/example_skip_dag.py took 0.117 seconds
[2026-09-18T13:06:21.431+0700] {processor.py:186} INFO - Started process (PID=81229) to work on /Users/andreasanditya/Downloads/572392_Andreas_AirflowETL/code/.venv/lib/python3.9/site-packages/airflow/example_dags/example_skip_dag.py
[2026-09-18T13:06:21.432+0700] {processor.py:914} INFO - Processing file /Users/andreasanditya/Downloads/572392_Andreas_AirflowETL/code/.venv/lib/python3.9/site-packages/airflow/example_dags/example_skip_dag.py for tasks to queue
[2026-09-18T13:06:21.432+0700] {logging_mixin.py:190} INFO - [2026-09-18T13:06:21.432+0700] {dagbag.py:588} INFO - Filling up the DagBag from /Users/andreasanditya/Downloads/572392_Andreas_AirflowETL/code/.venv/lib/python3.9/site-packages/airflow/example_dags/example_skip_dag.py
[2026-09-18T13:06:21.436+0700] {processor.py:925} INFO - DAG(s) 'example_skip_dag' retrieved from /Users/andreasanditya/Downloads/572392_Andreas_AirflowETL/code/.venv/lib/python3.9/site-packages/airflow/example_dags/example_skip_dag.py
[2026-09-18T13:06:21.522+0700] {logging_mixin.py:190} INFO - [2026-09-18T13:06:21.522+0700] {dag.py:3239} INFO - Sync 1 DAGs
[2026-09-18T13:06:21.533+0700] {logging_mixin.py:190} INFO - [2026-09-18T13:06:21.533+0700] {dag.py:4180} INFO - Setting next_dagrun for example_skip_dag to 2026-09-17 00:00:00+00:00, run_after=2026-09-18 00:00:00+00:00
[2026-09-18T13:06:21.543+0700] {processor.py:208} INFO - Processing /Users/andreasanditya/Downloads/572392_Andreas_AirflowETL/code/.venv/lib/python3.9/site-packages/airflow/example_dags/example_skip_dag.py took 0.114 seconds
[2026-09-18T13:07:44.663+0700] {processor.py:186} INFO - Started process (PID=82075) to work on /Users/andreasanditya/Downloads/572392_Andreas_AirflowETL/code/.venv/lib/python3.9/site-packages/airflow/example_dags/example_skip_dag.py
[2026-09-18T13:07:44.664+0700] {processor.py:914} INFO - Processing file /Users/andreasanditya/Downloads/572392_Andreas_AirflowETL/code/.venv/lib/python3.9/site-packages/airflow/example_dags/example_skip_dag.py for tasks to queue
[2026-09-18T13:07:44.665+0700] {logging_mixin.py:190} INFO - [2026-09-18T13:07:44.665+0700] {dagbag.py:588} INFO - Filling up the DagBag from /Users/andreasanditya/Downloads/572392_Andreas_AirflowETL/code/.venv/lib/python3.9/site-packages/airflow/example_dags/example_skip_dag.py
[2026-09-18T13:07:44.669+0700] {processor.py:925} INFO - DAG(s) 'example_skip_dag' retrieved from /Users/andreasanditya/Downloads/572392_Andreas_AirflowETL/code/.venv/lib/python3.9/site-packages/airflow/example_dags/example_skip_dag.py
[2026-09-18T13:07:44.755+0700] {logging_mixin.py:190} INFO - [2026-09-18T13:07:44.754+0700] {dag.py:3239} INFO - Sync 1 DAGs
[2026-09-18T13:07:44.765+0700] {logging_mixin.py:190} INFO - [2026-09-18T13:07:44.765+0700] {dag.py:4180} INFO - Setting next_dagrun for example_skip_dag to 2026-09-17 00:00:00+00:00, run_after=2026-09-18 00:00:00+00:00
[2026-09-18T13:07:44.775+0700] {processor.py:208} INFO - Processing /Users/andreasanditya/Downloads/572392_Andreas_AirflowETL/code/.venv/lib/python3.9/site-packages/airflow/example_dags/example_skip_dag.py took 0.114 seconds
[2026-09-18T13:09:08.636+0700] {processor.py:186} INFO - Started process (PID=82902) to work on /Users/andreasanditya/Downloads/572392_Andreas_AirflowETL/code/.venv/lib/python3.9/site-packages/airflow/example_dags/example_skip_dag.py
[2026-09-18T13:09:08.637+0700] {processor.py:914} INFO - Processing file /Users/andreasanditya/Downloads/572392_Andreas_AirflowETL/code/.venv/lib/python3.9/site-packages/airflow/example_dags/example_skip_dag.py for tasks to queue
[2026-09-18T13:09:08.638+0700] {logging_mixin.py:190} INFO - [2026-09-18T13:09:08.638+0700] {dagbag.py:588} INFO - Filling up the DagBag from /Users/andreasanditya/Downloads/572392_Andreas_AirflowETL/code/.venv/lib/python3.9/site-packages/airflow/example_dags/example_skip_dag.py
[2026-09-18T13:09:08.642+0700] {processor.py:925} INFO - DAG(s) 'example_skip_dag' retrieved from /Users/andreasanditya/Downloads/572392_Andreas_AirflowETL/code/.venv/lib/python3.9/site-packages/airflow/example_dags/example_skip_dag.py
[2026-09-18T13:09:08.727+0700] {logging_mixin.py:190} INFO - [2026-09-18T13:09:08.727+0700] {dag.py:3239} INFO - Sync 1 DAGs
[2026-09-18T13:09:08.738+0700] {logging_mixin.py:190} INFO - [2026-09-18T13:09:08.737+0700] {dag.py:4180} INFO - Setting next_dagrun for example_skip_dag to 2026-09-17 00:00:00+00:00, run_after=2026-09-18 00:00:00+00:00
[2026-09-18T13:09:08.747+0700] {processor.py:208} INFO - Processing /Users/andreasanditya/Downloads/572392_Andreas_AirflowETL/code/.venv/lib/python3.9/site-packages/airflow/example_dags/example_skip_dag.py took 0.113 seconds
[2026-09-18T13:10:35.670+0700] {processor.py:186} INFO - Started process (PID=83816) to work on /Users/andreasanditya/Downloads/572392_Andreas_AirflowETL/code/.venv/lib/python3.9/site-packages/airflow/example_dags/example_skip_dag.py
[2026-09-18T13:10:35.671+0700] {processor.py:914} INFO - Processing file /Users/andreasanditya/Downloads/572392_Andreas_AirflowETL/code/.venv/lib/python3.9/site-packages/airflow/example_dags/example_skip_dag.py for tasks to queue
[2026-09-18T13:10:35.671+0700] {logging_mixin.py:190} INFO - [2026-09-18T13:10:35.671+0700] {dagbag.py:588} INFO - Filling up the DagBag from /Users/andreasanditya/Downloads/572392_Andreas_AirflowETL/code/.venv/lib/python3.9/site-packages/airflow/example_dags/example_skip_dag.py
[2026-09-18T13:10:35.675+0700] {processor.py:925} INFO - DAG(s) 'example_skip_dag' retrieved from /Users/andreasanditya/Downloads/572392_Andreas_AirflowETL/code/.venv/lib/python3.9/site-packages/airflow/example_dags/example_skip_dag.py
[2026-09-18T13:10:35.760+0700] {logging_mixin.py:190} INFO - [2026-09-18T13:10:35.760+0700] {dag.py:3239} INFO - Sync 1 DAGs
[2026-09-18T13:10:35.771+0700] {logging_mixin.py:190} INFO - [2026-09-18T13:10:35.771+0700] {dag.py:4180} INFO - Setting next_dagrun for example_skip_dag to 2026-09-17 00:00:00+00:00, run_after=2026-09-18 00:00:00+00:00
[2026-09-18T13:10:35.781+0700] {processor.py:208} INFO - Processing /Users/andreasanditya/Downloads/572392_Andreas_AirflowETL/code/.venv/lib/python3.9/site-packages/airflow/example_dags/example_skip_dag.py took 0.113 seconds
[2026-09-18T13:12:01.945+0700] {processor.py:186} INFO - Started process (PID=84752) to work on /Users/andreasanditya/Downloads/572392_Andreas_AirflowETL/code/.venv/lib/python3.9/site-packages/airflow/example_dags/example_skip_dag.py
[2026-09-18T13:12:01.947+0700] {processor.py:914} INFO - Processing file /Users/andreasanditya/Downloads/572392_Andreas_AirflowETL/code/.venv/lib/python3.9/site-packages/airflow/example_dags/example_skip_dag.py for tasks to queue
[2026-09-18T13:12:01.948+0700] {logging_mixin.py:190} INFO - [2026-09-18T13:12:01.948+0700] {dagbag.py:588} INFO - Filling up the DagBag from /Users/andreasanditya/Downloads/572392_Andreas_AirflowETL/code/.venv/lib/python3.9/site-packages/airflow/example_dags/example_skip_dag.py
[2026-09-18T13:12:01.952+0700] {processor.py:925} INFO - DAG(s) 'example_skip_dag' retrieved from /Users/andreasanditya/Downloads/572392_Andreas_AirflowETL/code/.venv/lib/python3.9/site-packages/airflow/example_dags/example_skip_dag.py
[2026-09-18T13:12:02.039+0700] {logging_mixin.py:190} INFO - [2026-09-18T13:12:02.039+0700] {dag.py:3239} INFO - Sync 1 DAGs
[2026-09-18T13:12:02.050+0700] {logging_mixin.py:190} INFO - [2026-09-18T13:12:02.050+0700] {dag.py:4180} INFO - Setting next_dagrun for example_skip_dag to 2026-09-17 00:00:00+00:00, run_after=2026-09-18 00:00:00+00:00
[2026-09-18T13:12:02.059+0700] {processor.py:208} INFO - Processing /Users/andreasanditya/Downloads/572392_Andreas_AirflowETL/code/.venv/lib/python3.9/site-packages/airflow/example_dags/example_skip_dag.py took 0.116 seconds
[2026-09-18T13:13:27.960+0700] {processor.py:186} INFO - Started process (PID=85584) to work on /Users/andreasanditya/Downloads/572392_Andreas_AirflowETL/code/.venv/lib/python3.9/site-packages/airflow/example_dags/example_skip_dag.py
[2026-09-18T13:13:27.962+0700] {processor.py:914} INFO - Processing file /Users/andreasanditya/Downloads/572392_Andreas_AirflowETL/code/.venv/lib/python3.9/site-packages/airflow/example_dags/example_skip_dag.py for tasks to queue
[2026-09-18T13:13:27.962+0700] {logging_mixin.py:190} INFO - [2026-09-18T13:13:27.962+0700] {dagbag.py:588} INFO - Filling up the DagBag from /Users/andreasanditya/Downloads/572392_Andreas_AirflowETL/code/.venv/lib/python3.9/site-packages/airflow/example_dags/example_skip_dag.py
[2026-09-18T13:13:27.967+0700] {processor.py:925} INFO - DAG(s) 'example_skip_dag' retrieved from /Users/andreasanditya/Downloads/572392_Andreas_AirflowETL/code/.venv/lib/python3.9/site-packages/airflow/example_dags/example_skip_dag.py
[2026-09-18T13:13:28.052+0700] {logging_mixin.py:190} INFO - [2026-09-18T13:13:28.052+0700] {dag.py:3239} INFO - Sync 1 DAGs
[2026-09-18T13:13:28.063+0700] {logging_mixin.py:190} INFO - [2026-09-18T13:13:28.063+0700] {dag.py:4180} INFO - Setting next_dagrun for example_skip_dag to 2026-09-17 00:00:00+00:00, run_after=2026-09-18 00:00:00+00:00
[2026-09-18T13:13:28.072+0700] {processor.py:208} INFO - Processing /Users/andreasanditya/Downloads/572392_Andreas_AirflowETL/code/.venv/lib/python3.9/site-packages/airflow/example_dags/example_skip_dag.py took 0.114 seconds
[2026-09-18T13:14:53.188+0700] {processor.py:186} INFO - Started process (PID=86405) to work on /Users/andreasanditya/Downloads/572392_Andreas_AirflowETL/code/.venv/lib/python3.9/site-packages/airflow/example_dags/example_skip_dag.py
[2026-09-18T13:14:53.190+0700] {processor.py:914} INFO - Processing file /Users/andreasanditya/Downloads/572392_Andreas_AirflowETL/code/.venv/lib/python3.9/site-packages/airflow/example_dags/example_skip_dag.py for tasks to queue
[2026-09-18T13:14:53.190+0700] {logging_mixin.py:190} INFO - [2026-09-18T13:14:53.190+0700] {dagbag.py:588} INFO - Filling up the DagBag from /Users/andreasanditya/Downloads/572392_Andreas_AirflowETL/code/.venv/lib/python3.9/site-packages/airflow/example_dags/example_skip_dag.py
[2026-09-18T13:14:53.195+0700] {processor.py:925} INFO - DAG(s) 'example_skip_dag' retrieved from /Users/andreasanditya/Downloads/572392_Andreas_AirflowETL/code/.venv/lib/python3.9/site-packages/airflow/example_dags/example_skip_dag.py
[2026-09-18T13:14:53.280+0700] {logging_mixin.py:190} INFO - [2026-09-18T13:14:53.280+0700] {dag.py:3239} INFO - Sync 1 DAGs
[2026-09-18T13:14:53.292+0700] {logging_mixin.py:190} INFO - [2026-09-18T13:14:53.291+0700] {dag.py:4180} INFO - Setting next_dagrun for example_skip_dag to 2026-09-17 00:00:00+00:00, run_after=2026-09-18 00:00:00+00:00
[2026-09-18T13:14:53.301+0700] {processor.py:208} INFO - Processing /Users/andreasanditya/Downloads/572392_Andreas_AirflowETL/code/.venv/lib/python3.9/site-packages/airflow/example_dags/example_skip_dag.py took 0.116 seconds
[2026-09-18T13:16:20.868+0700] {processor.py:186} INFO - Started process (PID=87322) to work on /Users/andreasanditya/Downloads/572392_Andreas_AirflowETL/code/.venv/lib/python3.9/site-packages/airflow/example_dags/example_skip_dag.py
[2026-09-18T13:16:20.869+0700] {processor.py:914} INFO - Processing file /Users/andreasanditya/Downloads/572392_Andreas_AirflowETL/code/.venv/lib/python3.9/site-packages/airflow/example_dags/example_skip_dag.py for tasks to queue
[2026-09-18T13:16:20.870+0700] {logging_mixin.py:190} INFO - [2026-09-18T13:16:20.870+0700] {dagbag.py:588} INFO - Filling up the DagBag from /Users/andreasanditya/Downloads/572392_Andreas_AirflowETL/code/.venv/lib/python3.9/site-packages/airflow/example_dags/example_skip_dag.py
[2026-09-18T13:16:20.874+0700] {processor.py:925} INFO - DAG(s) 'example_skip_dag' retrieved from /Users/andreasanditya/Downloads/572392_Andreas_AirflowETL/code/.venv/lib/python3.9/site-packages/airflow/example_dags/example_skip_dag.py
[2026-09-18T13:16:20.959+0700] {logging_mixin.py:190} INFO - [2026-09-18T13:16:20.959+0700] {dag.py:3239} INFO - Sync 1 DAGs
[2026-09-18T13:16:20.970+0700] {logging_mixin.py:190} INFO - [2026-09-18T13:16:20.970+0700] {dag.py:4180} INFO - Setting next_dagrun for example_skip_dag to 2026-09-17 00:00:00+00:00, run_after=2026-09-18 00:00:00+00:00
[2026-09-18T13:16:20.979+0700] {processor.py:208} INFO - Processing /Users/andreasanditya/Downloads/572392_Andreas_AirflowETL/code/.venv/lib/python3.9/site-packages/airflow/example_dags/example_skip_dag.py took 0.113 seconds
[2026-09-18T13:17:46.448+0700] {processor.py:186} INFO - Started process (PID=88234) to work on /Users/andreasanditya/Downloads/572392_Andreas_AirflowETL/code/.venv/lib/python3.9/site-packages/airflow/example_dags/example_skip_dag.py
[2026-09-18T13:17:46.449+0700] {processor.py:914} INFO - Processing file /Users/andreasanditya/Downloads/572392_Andreas_AirflowETL/code/.venv/lib/python3.9/site-packages/airflow/example_dags/example_skip_dag.py for tasks to queue
[2026-09-18T13:17:46.449+0700] {logging_mixin.py:190} INFO - [2026-09-18T13:17:46.449+0700] {dagbag.py:588} INFO - Filling up the DagBag from /Users/andreasanditya/Downloads/572392_Andreas_AirflowETL/code/.venv/lib/python3.9/site-packages/airflow/example_dags/example_skip_dag.py
[2026-09-18T13:17:46.454+0700] {processor.py:925} INFO - DAG(s) 'example_skip_dag' retrieved from /Users/andreasanditya/Downloads/572392_Andreas_AirflowETL/code/.venv/lib/python3.9/site-packages/airflow/example_dags/example_skip_dag.py
[2026-09-18T13:17:46.539+0700] {logging_mixin.py:190} INFO - [2026-09-18T13:17:46.539+0700] {dag.py:3239} INFO - Sync 1 DAGs
[2026-09-18T13:17:46.550+0700] {logging_mixin.py:190} INFO - [2026-09-18T13:17:46.550+0700] {dag.py:4180} INFO - Setting next_dagrun for example_skip_dag to 2026-09-17 00:00:00+00:00, run_after=2026-09-18 00:00:00+00:00
[2026-09-18T13:17:46.559+0700] {processor.py:208} INFO - Processing /Users/andreasanditya/Downloads/572392_Andreas_AirflowETL/code/.venv/lib/python3.9/site-packages/airflow/example_dags/example_skip_dag.py took 0.113 seconds
[2026-09-18T13:19:12.271+0700] {processor.py:186} INFO - Started process (PID=89061) to work on /Users/andreasanditya/Downloads/572392_Andreas_AirflowETL/code/.venv/lib/python3.9/site-packages/airflow/example_dags/example_skip_dag.py
[2026-09-18T13:19:12.272+0700] {processor.py:914} INFO - Processing file /Users/andreasanditya/Downloads/572392_Andreas_AirflowETL/code/.venv/lib/python3.9/site-packages/airflow/example_dags/example_skip_dag.py for tasks to queue
[2026-09-18T13:19:12.273+0700] {logging_mixin.py:190} INFO - [2026-09-18T13:19:12.273+0700] {dagbag.py:588} INFO - Filling up the DagBag from /Users/andreasanditya/Downloads/572392_Andreas_AirflowETL/code/.venv/lib/python3.9/site-packages/airflow/example_dags/example_skip_dag.py
[2026-09-18T13:19:12.279+0700] {processor.py:925} INFO - DAG(s) 'example_skip_dag' retrieved from /Users/andreasanditya/Downloads/572392_Andreas_AirflowETL/code/.venv/lib/python3.9/site-packages/airflow/example_dags/example_skip_dag.py
[2026-09-18T13:19:12.366+0700] {logging_mixin.py:190} INFO - [2026-09-18T13:19:12.366+0700] {dag.py:3239} INFO - Sync 1 DAGs
[2026-09-18T13:19:12.378+0700] {logging_mixin.py:190} INFO - [2026-09-18T13:19:12.378+0700] {dag.py:4180} INFO - Setting next_dagrun for example_skip_dag to 2026-09-17 00:00:00+00:00, run_after=2026-09-18 00:00:00+00:00
[2026-09-18T13:19:12.387+0700] {processor.py:208} INFO - Processing /Users/andreasanditya/Downloads/572392_Andreas_AirflowETL/code/.venv/lib/python3.9/site-packages/airflow/example_dags/example_skip_dag.py took 0.118 seconds
[2026-09-18T13:20:36.948+0700] {processor.py:186} INFO - Started process (PID=89888) to work on /Users/andreasanditya/Downloads/572392_Andreas_AirflowETL/code/.venv/lib/python3.9/site-packages/airflow/example_dags/example_skip_dag.py
[2026-09-18T13:20:36.949+0700] {processor.py:914} INFO - Processing file /Users/andreasanditya/Downloads/572392_Andreas_AirflowETL/code/.venv/lib/python3.9/site-packages/airflow/example_dags/example_skip_dag.py for tasks to queue
[2026-09-18T13:20:36.950+0700] {logging_mixin.py:190} INFO - [2026-09-18T13:20:36.950+0700] {dagbag.py:588} INFO - Filling up the DagBag from /Users/andreasanditya/Downloads/572392_Andreas_AirflowETL/code/.venv/lib/python3.9/site-packages/airflow/example_dags/example_skip_dag.py
[2026-09-18T13:20:36.954+0700] {processor.py:925} INFO - DAG(s) 'example_skip_dag' retrieved from /Users/andreasanditya/Downloads/572392_Andreas_AirflowETL/code/.venv/lib/python3.9/site-packages/airflow/example_dags/example_skip_dag.py
[2026-09-18T13:20:37.039+0700] {logging_mixin.py:190} INFO - [2026-09-18T13:20:37.039+0700] {dag.py:3239} INFO - Sync 1 DAGs
[2026-09-18T13:20:37.050+0700] {logging_mixin.py:190} INFO - [2026-09-18T13:20:37.050+0700] {dag.py:4180} INFO - Setting next_dagrun for example_skip_dag to 2026-09-17 00:00:00+00:00, run_after=2026-09-18 00:00:00+00:00
[2026-09-18T13:20:37.059+0700] {processor.py:208} INFO - Processing /Users/andreasanditya/Downloads/572392_Andreas_AirflowETL/code/.venv/lib/python3.9/site-packages/airflow/example_dags/example_skip_dag.py took 0.113 seconds
[2026-09-18T13:22:01.685+0700] {processor.py:186} INFO - Started process (PID=90808) to work on /Users/andreasanditya/Downloads/572392_Andreas_AirflowETL/code/.venv/lib/python3.9/site-packages/airflow/example_dags/example_skip_dag.py
[2026-09-18T13:22:01.686+0700] {processor.py:914} INFO - Processing file /Users/andreasanditya/Downloads/572392_Andreas_AirflowETL/code/.venv/lib/python3.9/site-packages/airflow/example_dags/example_skip_dag.py for tasks to queue
[2026-09-18T13:22:01.687+0700] {logging_mixin.py:190} INFO - [2026-09-18T13:22:01.687+0700] {dagbag.py:588} INFO - Filling up the DagBag from /Users/andreasanditya/Downloads/572392_Andreas_AirflowETL/code/.venv/lib/python3.9/site-packages/airflow/example_dags/example_skip_dag.py
[2026-09-18T13:22:01.691+0700] {processor.py:925} INFO - DAG(s) 'example_skip_dag' retrieved from /Users/andreasanditya/Downloads/572392_Andreas_AirflowETL/code/.venv/lib/python3.9/site-packages/airflow/example_dags/example_skip_dag.py
[2026-09-18T13:22:01.777+0700] {logging_mixin.py:190} INFO - [2026-09-18T13:22:01.777+0700] {dag.py:3239} INFO - Sync 1 DAGs
[2026-09-18T13:22:01.788+0700] {logging_mixin.py:190} INFO - [2026-09-18T13:22:01.788+0700] {dag.py:4180} INFO - Setting next_dagrun for example_skip_dag to 2026-09-17 00:00:00+00:00, run_after=2026-09-18 00:00:00+00:00
[2026-09-18T13:22:01.797+0700] {processor.py:208} INFO - Processing /Users/andreasanditya/Downloads/572392_Andreas_AirflowETL/code/.venv/lib/python3.9/site-packages/airflow/example_dags/example_skip_dag.py took 0.114 seconds
[2026-09-18T13:23:23.918+0700] {processor.py:186} INFO - Started process (PID=91622) to work on /Users/andreasanditya/Downloads/572392_Andreas_AirflowETL/code/.venv/lib/python3.9/site-packages/airflow/example_dags/example_skip_dag.py
[2026-09-18T13:23:23.919+0700] {processor.py:914} INFO - Processing file /Users/andreasanditya/Downloads/572392_Andreas_AirflowETL/code/.venv/lib/python3.9/site-packages/airflow/example_dags/example_skip_dag.py for tasks to queue
[2026-09-18T13:23:23.920+0700] {logging_mixin.py:190} INFO - [2026-09-18T13:23:23.920+0700] {dagbag.py:588} INFO - Filling up the DagBag from /Users/andreasanditya/Downloads/572392_Andreas_AirflowETL/code/.venv/lib/python3.9/site-packages/airflow/example_dags/example_skip_dag.py
[2026-09-18T13:23:23.924+0700] {processor.py:925} INFO - DAG(s) 'example_skip_dag' retrieved from /Users/andreasanditya/Downloads/572392_Andreas_AirflowETL/code/.venv/lib/python3.9/site-packages/airflow/example_dags/example_skip_dag.py
[2026-09-18T13:23:24.009+0700] {logging_mixin.py:190} INFO - [2026-09-18T13:23:24.008+0700] {dag.py:3239} INFO - Sync 1 DAGs
[2026-09-18T13:23:24.019+0700] {logging_mixin.py:190} INFO - [2026-09-18T13:23:24.019+0700] {dag.py:4180} INFO - Setting next_dagrun for example_skip_dag to 2026-09-17 00:00:00+00:00, run_after=2026-09-18 00:00:00+00:00
[2026-09-18T13:23:24.029+0700] {processor.py:208} INFO - Processing /Users/andreasanditya/Downloads/572392_Andreas_AirflowETL/code/.venv/lib/python3.9/site-packages/airflow/example_dags/example_skip_dag.py took 0.113 seconds
[2026-09-18T13:24:47.537+0700] {processor.py:186} INFO - Started process (PID=92503) to work on /Users/andreasanditya/Downloads/572392_Andreas_AirflowETL/code/.venv/lib/python3.9/site-packages/airflow/example_dags/example_skip_dag.py
[2026-09-18T13:24:47.538+0700] {processor.py:914} INFO - Processing file /Users/andreasanditya/Downloads/572392_Andreas_AirflowETL/code/.venv/lib/python3.9/site-packages/airflow/example_dags/example_skip_dag.py for tasks to queue
[2026-09-18T13:24:47.539+0700] {logging_mixin.py:190} INFO - [2026-09-18T13:24:47.539+0700] {dagbag.py:588} INFO - Filling up the DagBag from /Users/andreasanditya/Downloads/572392_Andreas_AirflowETL/code/.venv/lib/python3.9/site-packages/airflow/example_dags/example_skip_dag.py
[2026-09-18T13:24:47.544+0700] {processor.py:925} INFO - DAG(s) 'example_skip_dag' retrieved from /Users/andreasanditya/Downloads/572392_Andreas_AirflowETL/code/.venv/lib/python3.9/site-packages/airflow/example_dags/example_skip_dag.py
[2026-09-18T13:24:47.630+0700] {logging_mixin.py:190} INFO - [2026-09-18T13:24:47.630+0700] {dag.py:3239} INFO - Sync 1 DAGs
[2026-09-18T13:24:47.641+0700] {logging_mixin.py:190} INFO - [2026-09-18T13:24:47.641+0700] {dag.py:4180} INFO - Setting next_dagrun for example_skip_dag to 2026-09-17 00:00:00+00:00, run_after=2026-09-18 00:00:00+00:00
[2026-09-18T13:24:47.651+0700] {processor.py:208} INFO - Processing /Users/andreasanditya/Downloads/572392_Andreas_AirflowETL/code/.venv/lib/python3.9/site-packages/airflow/example_dags/example_skip_dag.py took 0.116 seconds
[2026-09-18T13:26:13.481+0700] {processor.py:186} INFO - Started process (PID=93549) to work on /Users/andreasanditya/Downloads/572392_Andreas_AirflowETL/code/.venv/lib/python3.9/site-packages/airflow/example_dags/example_skip_dag.py
[2026-09-18T13:26:13.482+0700] {processor.py:914} INFO - Processing file /Users/andreasanditya/Downloads/572392_Andreas_AirflowETL/code/.venv/lib/python3.9/site-packages/airflow/example_dags/example_skip_dag.py for tasks to queue
[2026-09-18T13:26:13.483+0700] {logging_mixin.py:190} INFO - [2026-09-18T13:26:13.483+0700] {dagbag.py:588} INFO - Filling up the DagBag from /Users/andreasanditya/Downloads/572392_Andreas_AirflowETL/code/.venv/lib/python3.9/site-packages/airflow/example_dags/example_skip_dag.py
[2026-09-18T13:26:13.488+0700] {processor.py:925} INFO - DAG(s) 'example_skip_dag' retrieved from /Users/andreasanditya/Downloads/572392_Andreas_AirflowETL/code/.venv/lib/python3.9/site-packages/airflow/example_dags/example_skip_dag.py
[2026-09-18T13:26:13.576+0700] {logging_mixin.py:190} INFO - [2026-09-18T13:26:13.576+0700] {dag.py:3239} INFO - Sync 1 DAGs
[2026-09-18T13:26:13.587+0700] {logging_mixin.py:190} INFO - [2026-09-18T13:26:13.587+0700] {dag.py:4180} INFO - Setting next_dagrun for example_skip_dag to 2026-09-17 00:00:00+00:00, run_after=2026-09-18 00:00:00+00:00
[2026-09-18T13:26:13.597+0700] {processor.py:208} INFO - Processing /Users/andreasanditya/Downloads/572392_Andreas_AirflowETL/code/.venv/lib/python3.9/site-packages/airflow/example_dags/example_skip_dag.py took 0.118 seconds
[2026-09-18T13:27:44.406+0700] {processor.py:186} INFO - Started process (PID=94563) to work on /Users/andreasanditya/Downloads/572392_Andreas_AirflowETL/code/.venv/lib/python3.9/site-packages/airflow/example_dags/example_skip_dag.py
[2026-09-18T13:27:44.407+0700] {processor.py:914} INFO - Processing file /Users/andreasanditya/Downloads/572392_Andreas_AirflowETL/code/.venv/lib/python3.9/site-packages/airflow/example_dags/example_skip_dag.py for tasks to queue
[2026-09-18T13:27:44.408+0700] {logging_mixin.py:190} INFO - [2026-09-18T13:27:44.408+0700] {dagbag.py:588} INFO - Filling up the DagBag from /Users/andreasanditya/Downloads/572392_Andreas_AirflowETL/code/.venv/lib/python3.9/site-packages/airflow/example_dags/example_skip_dag.py
[2026-09-18T13:27:44.414+0700] {processor.py:925} INFO - DAG(s) 'example_skip_dag' retrieved from /Users/andreasanditya/Downloads/572392_Andreas_AirflowETL/code/.venv/lib/python3.9/site-packages/airflow/example_dags/example_skip_dag.py
[2026-09-18T13:27:44.505+0700] {logging_mixin.py:190} INFO - [2026-09-18T13:27:44.505+0700] {dag.py:3239} INFO - Sync 1 DAGs
[2026-09-18T13:27:44.516+0700] {logging_mixin.py:190} INFO - [2026-09-18T13:27:44.516+0700] {dag.py:4180} INFO - Setting next_dagrun for example_skip_dag to 2026-09-17 00:00:00+00:00, run_after=2026-09-18 00:00:00+00:00
[2026-09-18T13:27:44.526+0700] {processor.py:208} INFO - Processing /Users/andreasanditya/Downloads/572392_Andreas_AirflowETL/code/.venv/lib/python3.9/site-packages/airflow/example_dags/example_skip_dag.py took 0.122 seconds
[2026-09-18T13:29:14.275+0700] {processor.py:186} INFO - Started process (PID=95416) to work on /Users/andreasanditya/Downloads/572392_Andreas_AirflowETL/code/.venv/lib/python3.9/site-packages/airflow/example_dags/example_skip_dag.py
[2026-09-18T13:29:14.276+0700] {processor.py:914} INFO - Processing file /Users/andreasanditya/Downloads/572392_Andreas_AirflowETL/code/.venv/lib/python3.9/site-packages/airflow/example_dags/example_skip_dag.py for tasks to queue
[2026-09-18T13:29:14.277+0700] {logging_mixin.py:190} INFO - [2026-09-18T13:29:14.276+0700] {dagbag.py:588} INFO - Filling up the DagBag from /Users/andreasanditya/Downloads/572392_Andreas_AirflowETL/code/.venv/lib/python3.9/site-packages/airflow/example_dags/example_skip_dag.py
[2026-09-18T13:29:14.281+0700] {processor.py:925} INFO - DAG(s) 'example_skip_dag' retrieved from /Users/andreasanditya/Downloads/572392_Andreas_AirflowETL/code/.venv/lib/python3.9/site-packages/airflow/example_dags/example_skip_dag.py
[2026-09-18T13:29:14.368+0700] {logging_mixin.py:190} INFO - [2026-09-18T13:29:14.367+0700] {dag.py:3239} INFO - Sync 1 DAGs
[2026-09-18T13:29:14.378+0700] {logging_mixin.py:190} INFO - [2026-09-18T13:29:14.378+0700] {dag.py:4180} INFO - Setting next_dagrun for example_skip_dag to 2026-09-17 00:00:00+00:00, run_after=2026-09-18 00:00:00+00:00
[2026-09-18T13:29:14.388+0700] {processor.py:208} INFO - Processing /Users/andreasanditya/Downloads/572392_Andreas_AirflowETL/code/.venv/lib/python3.9/site-packages/airflow/example_dags/example_skip_dag.py took 0.115 seconds
[2026-09-18T13:30:44.537+0700] {processor.py:186} INFO - Started process (PID=96533) to work on /Users/andreasanditya/Downloads/572392_Andreas_AirflowETL/code/.venv/lib/python3.9/site-packages/airflow/example_dags/example_skip_dag.py
[2026-09-18T13:30:44.538+0700] {processor.py:914} INFO - Processing file /Users/andreasanditya/Downloads/572392_Andreas_AirflowETL/code/.venv/lib/python3.9/site-packages/airflow/example_dags/example_skip_dag.py for tasks to queue
[2026-09-18T13:30:44.539+0700] {logging_mixin.py:190} INFO - [2026-09-18T13:30:44.539+0700] {dagbag.py:588} INFO - Filling up the DagBag from /Users/andreasanditya/Downloads/572392_Andreas_AirflowETL/code/.venv/lib/python3.9/site-packages/airflow/example_dags/example_skip_dag.py
[2026-09-18T13:30:44.550+0700] {processor.py:925} INFO - DAG(s) 'example_skip_dag' retrieved from /Users/andreasanditya/Downloads/572392_Andreas_AirflowETL/code/.venv/lib/python3.9/site-packages/airflow/example_dags/example_skip_dag.py
[2026-09-18T13:30:44.639+0700] {logging_mixin.py:190} INFO - [2026-09-18T13:30:44.639+0700] {dag.py:3239} INFO - Sync 1 DAGs
[2026-09-18T13:30:44.650+0700] {logging_mixin.py:190} INFO - [2026-09-18T13:30:44.650+0700] {dag.py:4180} INFO - Setting next_dagrun for example_skip_dag to 2026-09-17 00:00:00+00:00, run_after=2026-09-18 00:00:00+00:00
[2026-09-18T13:30:44.660+0700] {processor.py:208} INFO - Processing /Users/andreasanditya/Downloads/572392_Andreas_AirflowETL/code/.venv/lib/python3.9/site-packages/airflow/example_dags/example_skip_dag.py took 0.126 seconds
[2026-09-18T13:32:14.392+0700] {processor.py:186} INFO - Started process (PID=97488) to work on /Users/andreasanditya/Downloads/572392_Andreas_AirflowETL/code/.venv/lib/python3.9/site-packages/airflow/example_dags/example_skip_dag.py
[2026-09-18T13:32:14.393+0700] {processor.py:914} INFO - Processing file /Users/andreasanditya/Downloads/572392_Andreas_AirflowETL/code/.venv/lib/python3.9/site-packages/airflow/example_dags/example_skip_dag.py for tasks to queue
[2026-09-18T13:32:14.394+0700] {logging_mixin.py:190} INFO - [2026-09-18T13:32:14.394+0700] {dagbag.py:588} INFO - Filling up the DagBag from /Users/andreasanditya/Downloads/572392_Andreas_AirflowETL/code/.venv/lib/python3.9/site-packages/airflow/example_dags/example_skip_dag.py
[2026-09-18T13:32:14.398+0700] {processor.py:925} INFO - DAG(s) 'example_skip_dag' retrieved from /Users/andreasanditya/Downloads/572392_Andreas_AirflowETL/code/.venv/lib/python3.9/site-packages/airflow/example_dags/example_skip_dag.py
[2026-09-18T13:32:14.485+0700] {logging_mixin.py:190} INFO - [2026-09-18T13:32:14.484+0700] {dag.py:3239} INFO - Sync 1 DAGs
[2026-09-18T13:32:14.496+0700] {logging_mixin.py:190} INFO - [2026-09-18T13:32:14.496+0700] {dag.py:4180} INFO - Setting next_dagrun for example_skip_dag to 2026-09-17 00:00:00+00:00, run_after=2026-09-18 00:00:00+00:00
[2026-09-18T13:32:14.506+0700] {processor.py:208} INFO - Processing /Users/andreasanditya/Downloads/572392_Andreas_AirflowETL/code/.venv/lib/python3.9/site-packages/airflow/example_dags/example_skip_dag.py took 0.116 seconds
[2026-09-18T13:33:41.513+0700] {processor.py:186} INFO - Started process (PID=98415) to work on /Users/andreasanditya/Downloads/572392_Andreas_AirflowETL/code/.venv/lib/python3.9/site-packages/airflow/example_dags/example_skip_dag.py
[2026-09-18T13:33:41.514+0700] {processor.py:914} INFO - Processing file /Users/andreasanditya/Downloads/572392_Andreas_AirflowETL/code/.venv/lib/python3.9/site-packages/airflow/example_dags/example_skip_dag.py for tasks to queue
[2026-09-18T13:33:41.514+0700] {logging_mixin.py:190} INFO - [2026-09-18T13:33:41.514+0700] {dagbag.py:588} INFO - Filling up the DagBag from /Users/andreasanditya/Downloads/572392_Andreas_AirflowETL/code/.venv/lib/python3.9/site-packages/airflow/example_dags/example_skip_dag.py
[2026-09-18T13:33:41.519+0700] {processor.py:925} INFO - DAG(s) 'example_skip_dag' retrieved from /Users/andreasanditya/Downloads/572392_Andreas_AirflowETL/code/.venv/lib/python3.9/site-packages/airflow/example_dags/example_skip_dag.py
[2026-09-18T13:33:41.605+0700] {logging_mixin.py:190} INFO - [2026-09-18T13:33:41.605+0700] {dag.py:3239} INFO - Sync 1 DAGs
[2026-09-18T13:33:41.616+0700] {logging_mixin.py:190} INFO - [2026-09-18T13:33:41.616+0700] {dag.py:4180} INFO - Setting next_dagrun for example_skip_dag to 2026-09-17 00:00:00+00:00, run_after=2026-09-18 00:00:00+00:00
[2026-09-18T13:33:41.625+0700] {processor.py:208} INFO - Processing /Users/andreasanditya/Downloads/572392_Andreas_AirflowETL/code/.venv/lib/python3.9/site-packages/airflow/example_dags/example_skip_dag.py took 0.114 seconds
[2026-09-18T13:35:09.495+0700] {processor.py:186} INFO - Started process (PID=99274) to work on /Users/andreasanditya/Downloads/572392_Andreas_AirflowETL/code/.venv/lib/python3.9/site-packages/airflow/example_dags/example_skip_dag.py
[2026-09-18T13:35:09.496+0700] {processor.py:914} INFO - Processing file /Users/andreasanditya/Downloads/572392_Andreas_AirflowETL/code/.venv/lib/python3.9/site-packages/airflow/example_dags/example_skip_dag.py for tasks to queue
[2026-09-18T13:35:09.497+0700] {logging_mixin.py:190} INFO - [2026-09-18T13:35:09.497+0700] {dagbag.py:588} INFO - Filling up the DagBag from /Users/andreasanditya/Downloads/572392_Andreas_AirflowETL/code/.venv/lib/python3.9/site-packages/airflow/example_dags/example_skip_dag.py
[2026-09-18T13:35:09.502+0700] {processor.py:925} INFO - DAG(s) 'example_skip_dag' retrieved from /Users/andreasanditya/Downloads/572392_Andreas_AirflowETL/code/.venv/lib/python3.9/site-packages/airflow/example_dags/example_skip_dag.py
[2026-09-18T13:35:09.592+0700] {logging_mixin.py:190} INFO - [2026-09-18T13:35:09.592+0700] {dag.py:3239} INFO - Sync 1 DAGs
[2026-09-18T13:35:09.602+0700] {logging_mixin.py:190} INFO - [2026-09-18T13:35:09.602+0700] {dag.py:4180} INFO - Setting next_dagrun for example_skip_dag to 2026-09-17 00:00:00+00:00, run_after=2026-09-18 00:00:00+00:00
[2026-09-18T13:35:09.613+0700] {processor.py:208} INFO - Processing /Users/andreasanditya/Downloads/572392_Andreas_AirflowETL/code/.venv/lib/python3.9/site-packages/airflow/example_dags/example_skip_dag.py took 0.120 seconds
[2026-09-18T13:36:35.687+0700] {processor.py:186} INFO - Started process (PID=303) to work on /Users/andreasanditya/Downloads/572392_Andreas_AirflowETL/code/.venv/lib/python3.9/site-packages/airflow/example_dags/example_skip_dag.py
[2026-09-18T13:36:35.688+0700] {processor.py:914} INFO - Processing file /Users/andreasanditya/Downloads/572392_Andreas_AirflowETL/code/.venv/lib/python3.9/site-packages/airflow/example_dags/example_skip_dag.py for tasks to queue
[2026-09-18T13:36:35.689+0700] {logging_mixin.py:190} INFO - [2026-09-18T13:36:35.688+0700] {dagbag.py:588} INFO - Filling up the DagBag from /Users/andreasanditya/Downloads/572392_Andreas_AirflowETL/code/.venv/lib/python3.9/site-packages/airflow/example_dags/example_skip_dag.py
[2026-09-18T13:36:35.694+0700] {processor.py:925} INFO - DAG(s) 'example_skip_dag' retrieved from /Users/andreasanditya/Downloads/572392_Andreas_AirflowETL/code/.venv/lib/python3.9/site-packages/airflow/example_dags/example_skip_dag.py
[2026-09-18T13:36:35.785+0700] {logging_mixin.py:190} INFO - [2026-09-18T13:36:35.784+0700] {dag.py:3239} INFO - Sync 1 DAGs
[2026-09-18T13:36:35.795+0700] {logging_mixin.py:190} INFO - [2026-09-18T13:36:35.795+0700] {dag.py:4180} INFO - Setting next_dagrun for example_skip_dag to 2026-09-17 00:00:00+00:00, run_after=2026-09-18 00:00:00+00:00
[2026-09-18T13:36:35.805+0700] {processor.py:208} INFO - Processing /Users/andreasanditya/Downloads/572392_Andreas_AirflowETL/code/.venv/lib/python3.9/site-packages/airflow/example_dags/example_skip_dag.py took 0.121 seconds
[2026-09-18T13:38:03.285+0700] {processor.py:186} INFO - Started process (PID=1342) to work on /Users/andreasanditya/Downloads/572392_Andreas_AirflowETL/code/.venv/lib/python3.9/site-packages/airflow/example_dags/example_skip_dag.py
[2026-09-18T13:38:03.286+0700] {processor.py:914} INFO - Processing file /Users/andreasanditya/Downloads/572392_Andreas_AirflowETL/code/.venv/lib/python3.9/site-packages/airflow/example_dags/example_skip_dag.py for tasks to queue
[2026-09-18T13:38:03.287+0700] {logging_mixin.py:190} INFO - [2026-09-18T13:38:03.287+0700] {dagbag.py:588} INFO - Filling up the DagBag from /Users/andreasanditya/Downloads/572392_Andreas_AirflowETL/code/.venv/lib/python3.9/site-packages/airflow/example_dags/example_skip_dag.py
[2026-09-18T13:38:03.292+0700] {processor.py:925} INFO - DAG(s) 'example_skip_dag' retrieved from /Users/andreasanditya/Downloads/572392_Andreas_AirflowETL/code/.venv/lib/python3.9/site-packages/airflow/example_dags/example_skip_dag.py
[2026-09-18T13:38:03.380+0700] {logging_mixin.py:190} INFO - [2026-09-18T13:38:03.380+0700] {dag.py:3239} INFO - Sync 1 DAGs
[2026-09-18T13:38:03.391+0700] {logging_mixin.py:190} INFO - [2026-09-18T13:38:03.391+0700] {dag.py:4180} INFO - Setting next_dagrun for example_skip_dag to 2026-09-17 00:00:00+00:00, run_after=2026-09-18 00:00:00+00:00
[2026-09-18T13:38:03.400+0700] {processor.py:208} INFO - Processing /Users/andreasanditya/Downloads/572392_Andreas_AirflowETL/code/.venv/lib/python3.9/site-packages/airflow/example_dags/example_skip_dag.py took 0.118 seconds
[2026-09-18T13:39:30.056+0700] {processor.py:186} INFO - Started process (PID=2814) to work on /Users/andreasanditya/Downloads/572392_Andreas_AirflowETL/code/.venv/lib/python3.9/site-packages/airflow/example_dags/example_skip_dag.py
[2026-09-18T13:39:30.057+0700] {processor.py:914} INFO - Processing file /Users/andreasanditya/Downloads/572392_Andreas_AirflowETL/code/.venv/lib/python3.9/site-packages/airflow/example_dags/example_skip_dag.py for tasks to queue
[2026-09-18T13:39:30.058+0700] {logging_mixin.py:190} INFO - [2026-09-18T13:39:30.058+0700] {dagbag.py:588} INFO - Filling up the DagBag from /Users/andreasanditya/Downloads/572392_Andreas_AirflowETL/code/.venv/lib/python3.9/site-packages/airflow/example_dags/example_skip_dag.py
[2026-09-18T13:39:30.062+0700] {processor.py:925} INFO - DAG(s) 'example_skip_dag' retrieved from /Users/andreasanditya/Downloads/572392_Andreas_AirflowETL/code/.venv/lib/python3.9/site-packages/airflow/example_dags/example_skip_dag.py
[2026-09-18T13:39:30.149+0700] {logging_mixin.py:190} INFO - [2026-09-18T13:39:30.148+0700] {dag.py:3239} INFO - Sync 1 DAGs
[2026-09-18T13:39:30.160+0700] {logging_mixin.py:190} INFO - [2026-09-18T13:39:30.160+0700] {dag.py:4180} INFO - Setting next_dagrun for example_skip_dag to 2026-09-17 00:00:00+00:00, run_after=2026-09-18 00:00:00+00:00
[2026-09-18T13:39:30.170+0700] {processor.py:208} INFO - Processing /Users/andreasanditya/Downloads/572392_Andreas_AirflowETL/code/.venv/lib/python3.9/site-packages/airflow/example_dags/example_skip_dag.py took 0.116 seconds
[2026-09-18T13:40:57.636+0700] {processor.py:186} INFO - Started process (PID=4078) to work on /Users/andreasanditya/Downloads/572392_Andreas_AirflowETL/code/.venv/lib/python3.9/site-packages/airflow/example_dags/example_skip_dag.py
[2026-09-18T13:40:57.637+0700] {processor.py:914} INFO - Processing file /Users/andreasanditya/Downloads/572392_Andreas_AirflowETL/code/.venv/lib/python3.9/site-packages/airflow/example_dags/example_skip_dag.py for tasks to queue
[2026-09-18T13:40:57.638+0700] {logging_mixin.py:190} INFO - [2026-09-18T13:40:57.637+0700] {dagbag.py:588} INFO - Filling up the DagBag from /Users/andreasanditya/Downloads/572392_Andreas_AirflowETL/code/.venv/lib/python3.9/site-packages/airflow/example_dags/example_skip_dag.py
[2026-09-18T13:40:57.642+0700] {processor.py:925} INFO - DAG(s) 'example_skip_dag' retrieved from /Users/andreasanditya/Downloads/572392_Andreas_AirflowETL/code/.venv/lib/python3.9/site-packages/airflow/example_dags/example_skip_dag.py
[2026-09-18T13:40:57.728+0700] {logging_mixin.py:190} INFO - [2026-09-18T13:40:57.728+0700] {dag.py:3239} INFO - Sync 1 DAGs
[2026-09-18T13:40:57.739+0700] {logging_mixin.py:190} INFO - [2026-09-18T13:40:57.739+0700] {dag.py:4180} INFO - Setting next_dagrun for example_skip_dag to 2026-09-17 00:00:00+00:00, run_after=2026-09-18 00:00:00+00:00
[2026-09-18T13:40:57.748+0700] {processor.py:208} INFO - Processing /Users/andreasanditya/Downloads/572392_Andreas_AirflowETL/code/.venv/lib/python3.9/site-packages/airflow/example_dags/example_skip_dag.py took 0.114 seconds
[2026-09-18T13:42:24.302+0700] {processor.py:186} INFO - Started process (PID=4933) to work on /Users/andreasanditya/Downloads/572392_Andreas_AirflowETL/code/.venv/lib/python3.9/site-packages/airflow/example_dags/example_skip_dag.py
[2026-09-18T13:42:24.303+0700] {processor.py:914} INFO - Processing file /Users/andreasanditya/Downloads/572392_Andreas_AirflowETL/code/.venv/lib/python3.9/site-packages/airflow/example_dags/example_skip_dag.py for tasks to queue
[2026-09-18T13:42:24.303+0700] {logging_mixin.py:190} INFO - [2026-09-18T13:42:24.303+0700] {dagbag.py:588} INFO - Filling up the DagBag from /Users/andreasanditya/Downloads/572392_Andreas_AirflowETL/code/.venv/lib/python3.9/site-packages/airflow/example_dags/example_skip_dag.py
[2026-09-18T13:42:24.308+0700] {processor.py:925} INFO - DAG(s) 'example_skip_dag' retrieved from /Users/andreasanditya/Downloads/572392_Andreas_AirflowETL/code/.venv/lib/python3.9/site-packages/airflow/example_dags/example_skip_dag.py
[2026-09-18T13:42:24.397+0700] {logging_mixin.py:190} INFO - [2026-09-18T13:42:24.397+0700] {dag.py:3239} INFO - Sync 1 DAGs
[2026-09-18T13:42:24.408+0700] {logging_mixin.py:190} INFO - [2026-09-18T13:42:24.408+0700] {dag.py:4180} INFO - Setting next_dagrun for example_skip_dag to 2026-09-17 00:00:00+00:00, run_after=2026-09-18 00:00:00+00:00
[2026-09-18T13:42:24.418+0700] {processor.py:208} INFO - Processing /Users/andreasanditya/Downloads/572392_Andreas_AirflowETL/code/.venv/lib/python3.9/site-packages/airflow/example_dags/example_skip_dag.py took 0.118 seconds
[2026-09-18T13:43:52.651+0700] {processor.py:186} INFO - Started process (PID=5853) to work on /Users/andreasanditya/Downloads/572392_Andreas_AirflowETL/code/.venv/lib/python3.9/site-packages/airflow/example_dags/example_skip_dag.py
[2026-09-18T13:43:52.653+0700] {processor.py:914} INFO - Processing file /Users/andreasanditya/Downloads/572392_Andreas_AirflowETL/code/.venv/lib/python3.9/site-packages/airflow/example_dags/example_skip_dag.py for tasks to queue
[2026-09-18T13:43:52.654+0700] {logging_mixin.py:190} INFO - [2026-09-18T13:43:52.654+0700] {dagbag.py:588} INFO - Filling up the DagBag from /Users/andreasanditya/Downloads/572392_Andreas_AirflowETL/code/.venv/lib/python3.9/site-packages/airflow/example_dags/example_skip_dag.py
[2026-09-18T13:43:52.658+0700] {processor.py:925} INFO - DAG(s) 'example_skip_dag' retrieved from /Users/andreasanditya/Downloads/572392_Andreas_AirflowETL/code/.venv/lib/python3.9/site-packages/airflow/example_dags/example_skip_dag.py
[2026-09-18T13:43:52.753+0700] {logging_mixin.py:190} INFO - [2026-09-18T13:43:52.753+0700] {dag.py:3239} INFO - Sync 1 DAGs
[2026-09-18T13:43:52.764+0700] {logging_mixin.py:190} INFO - [2026-09-18T13:43:52.764+0700] {dag.py:4180} INFO - Setting next_dagrun for example_skip_dag to 2026-09-17 00:00:00+00:00, run_after=2026-09-18 00:00:00+00:00
[2026-09-18T13:43:52.774+0700] {processor.py:208} INFO - Processing /Users/andreasanditya/Downloads/572392_Andreas_AirflowETL/code/.venv/lib/python3.9/site-packages/airflow/example_dags/example_skip_dag.py took 0.126 seconds
[2026-09-18T13:45:22.525+0700] {processor.py:186} INFO - Started process (PID=6778) to work on /Users/andreasanditya/Downloads/572392_Andreas_AirflowETL/code/.venv/lib/python3.9/site-packages/airflow/example_dags/example_skip_dag.py
[2026-09-18T13:45:22.526+0700] {processor.py:914} INFO - Processing file /Users/andreasanditya/Downloads/572392_Andreas_AirflowETL/code/.venv/lib/python3.9/site-packages/airflow/example_dags/example_skip_dag.py for tasks to queue
[2026-09-18T13:45:22.527+0700] {logging_mixin.py:190} INFO - [2026-09-18T13:45:22.527+0700] {dagbag.py:588} INFO - Filling up the DagBag from /Users/andreasanditya/Downloads/572392_Andreas_AirflowETL/code/.venv/lib/python3.9/site-packages/airflow/example_dags/example_skip_dag.py
[2026-09-18T13:45:22.532+0700] {processor.py:925} INFO - DAG(s) 'example_skip_dag' retrieved from /Users/andreasanditya/Downloads/572392_Andreas_AirflowETL/code/.venv/lib/python3.9/site-packages/airflow/example_dags/example_skip_dag.py
[2026-09-18T13:45:22.620+0700] {logging_mixin.py:190} INFO - [2026-09-18T13:45:22.620+0700] {dag.py:3239} INFO - Sync 1 DAGs
[2026-09-18T13:45:22.631+0700] {logging_mixin.py:190} INFO - [2026-09-18T13:45:22.631+0700] {dag.py:4180} INFO - Setting next_dagrun for example_skip_dag to 2026-09-17 00:00:00+00:00, run_after=2026-09-18 00:00:00+00:00
[2026-09-18T13:45:22.641+0700] {processor.py:208} INFO - Processing /Users/andreasanditya/Downloads/572392_Andreas_AirflowETL/code/.venv/lib/python3.9/site-packages/airflow/example_dags/example_skip_dag.py took 0.119 seconds
[2026-09-18T13:46:53.253+0700] {processor.py:186} INFO - Started process (PID=7723) to work on /Users/andreasanditya/Downloads/572392_Andreas_AirflowETL/code/.venv/lib/python3.9/site-packages/airflow/example_dags/example_skip_dag.py
[2026-09-18T13:46:53.255+0700] {processor.py:914} INFO - Processing file /Users/andreasanditya/Downloads/572392_Andreas_AirflowETL/code/.venv/lib/python3.9/site-packages/airflow/example_dags/example_skip_dag.py for tasks to queue
[2026-09-18T13:46:53.255+0700] {logging_mixin.py:190} INFO - [2026-09-18T13:46:53.255+0700] {dagbag.py:588} INFO - Filling up the DagBag from /Users/andreasanditya/Downloads/572392_Andreas_AirflowETL/code/.venv/lib/python3.9/site-packages/airflow/example_dags/example_skip_dag.py
[2026-09-18T13:46:53.260+0700] {processor.py:925} INFO - DAG(s) 'example_skip_dag' retrieved from /Users/andreasanditya/Downloads/572392_Andreas_AirflowETL/code/.venv/lib/python3.9/site-packages/airflow/example_dags/example_skip_dag.py
[2026-09-18T13:46:53.347+0700] {logging_mixin.py:190} INFO - [2026-09-18T13:46:53.347+0700] {dag.py:3239} INFO - Sync 1 DAGs
[2026-09-18T13:46:53.359+0700] {logging_mixin.py:190} INFO - [2026-09-18T13:46:53.358+0700] {dag.py:4180} INFO - Setting next_dagrun for example_skip_dag to 2026-09-17 00:00:00+00:00, run_after=2026-09-18 00:00:00+00:00
[2026-09-18T13:46:53.368+0700] {processor.py:208} INFO - Processing /Users/andreasanditya/Downloads/572392_Andreas_AirflowETL/code/.venv/lib/python3.9/site-packages/airflow/example_dags/example_skip_dag.py took 0.117 seconds
[2026-09-18T13:48:20.682+0700] {processor.py:186} INFO - Started process (PID=8561) to work on /Users/andreasanditya/Downloads/572392_Andreas_AirflowETL/code/.venv/lib/python3.9/site-packages/airflow/example_dags/example_skip_dag.py
[2026-09-18T13:48:20.683+0700] {processor.py:914} INFO - Processing file /Users/andreasanditya/Downloads/572392_Andreas_AirflowETL/code/.venv/lib/python3.9/site-packages/airflow/example_dags/example_skip_dag.py for tasks to queue
[2026-09-18T13:48:20.683+0700] {logging_mixin.py:190} INFO - [2026-09-18T13:48:20.683+0700] {dagbag.py:588} INFO - Filling up the DagBag from /Users/andreasanditya/Downloads/572392_Andreas_AirflowETL/code/.venv/lib/python3.9/site-packages/airflow/example_dags/example_skip_dag.py
[2026-09-18T13:48:20.688+0700] {processor.py:925} INFO - DAG(s) 'example_skip_dag' retrieved from /Users/andreasanditya/Downloads/572392_Andreas_AirflowETL/code/.venv/lib/python3.9/site-packages/airflow/example_dags/example_skip_dag.py
[2026-09-18T13:48:20.783+0700] {logging_mixin.py:190} INFO - [2026-09-18T13:48:20.783+0700] {dag.py:3239} INFO - Sync 1 DAGs
[2026-09-18T13:48:20.794+0700] {logging_mixin.py:190} INFO - [2026-09-18T13:48:20.794+0700] {dag.py:4180} INFO - Setting next_dagrun for example_skip_dag to 2026-09-17 00:00:00+00:00, run_after=2026-09-18 00:00:00+00:00
[2026-09-18T13:48:20.804+0700] {processor.py:208} INFO - Processing /Users/andreasanditya/Downloads/572392_Andreas_AirflowETL/code/.venv/lib/python3.9/site-packages/airflow/example_dags/example_skip_dag.py took 0.124 seconds
[2026-09-18T13:49:48.994+0700] {processor.py:186} INFO - Started process (PID=9730) to work on /Users/andreasanditya/Downloads/572392_Andreas_AirflowETL/code/.venv/lib/python3.9/site-packages/airflow/example_dags/example_skip_dag.py
[2026-09-18T13:49:48.994+0700] {processor.py:914} INFO - Processing file /Users/andreasanditya/Downloads/572392_Andreas_AirflowETL/code/.venv/lib/python3.9/site-packages/airflow/example_dags/example_skip_dag.py for tasks to queue
[2026-09-18T13:49:48.995+0700] {logging_mixin.py:190} INFO - [2026-09-18T13:49:48.995+0700] {dagbag.py:588} INFO - Filling up the DagBag from /Users/andreasanditya/Downloads/572392_Andreas_AirflowETL/code/.venv/lib/python3.9/site-packages/airflow/example_dags/example_skip_dag.py
[2026-09-18T13:49:48.999+0700] {processor.py:925} INFO - DAG(s) 'example_skip_dag' retrieved from /Users/andreasanditya/Downloads/572392_Andreas_AirflowETL/code/.venv/lib/python3.9/site-packages/airflow/example_dags/example_skip_dag.py
[2026-09-18T13:49:49.086+0700] {logging_mixin.py:190} INFO - [2026-09-18T13:49:49.086+0700] {dag.py:3239} INFO - Sync 1 DAGs
[2026-09-18T13:49:49.096+0700] {logging_mixin.py:190} INFO - [2026-09-18T13:49:49.096+0700] {dag.py:4180} INFO - Setting next_dagrun for example_skip_dag to 2026-09-17 00:00:00+00:00, run_after=2026-09-18 00:00:00+00:00
[2026-09-18T13:49:49.106+0700] {processor.py:208} INFO - Processing /Users/andreasanditya/Downloads/572392_Andreas_AirflowETL/code/.venv/lib/python3.9/site-packages/airflow/example_dags/example_skip_dag.py took 0.114 seconds
[2026-09-18T13:51:17.331+0700] {processor.py:186} INFO - Started process (PID=10822) to work on /Users/andreasanditya/Downloads/572392_Andreas_AirflowETL/code/.venv/lib/python3.9/site-packages/airflow/example_dags/example_skip_dag.py
[2026-09-18T13:51:17.332+0700] {processor.py:914} INFO - Processing file /Users/andreasanditya/Downloads/572392_Andreas_AirflowETL/code/.venv/lib/python3.9/site-packages/airflow/example_dags/example_skip_dag.py for tasks to queue
[2026-09-18T13:51:17.333+0700] {logging_mixin.py:190} INFO - [2026-09-18T13:51:17.333+0700] {dagbag.py:588} INFO - Filling up the DagBag from /Users/andreasanditya/Downloads/572392_Andreas_AirflowETL/code/.venv/lib/python3.9/site-packages/airflow/example_dags/example_skip_dag.py
[2026-09-18T13:51:17.337+0700] {processor.py:925} INFO - DAG(s) 'example_skip_dag' retrieved from /Users/andreasanditya/Downloads/572392_Andreas_AirflowETL/code/.venv/lib/python3.9/site-packages/airflow/example_dags/example_skip_dag.py
[2026-09-18T13:51:17.422+0700] {logging_mixin.py:190} INFO - [2026-09-18T13:51:17.422+0700] {dag.py:3239} INFO - Sync 1 DAGs
[2026-09-18T13:51:17.433+0700] {logging_mixin.py:190} INFO - [2026-09-18T13:51:17.433+0700] {dag.py:4180} INFO - Setting next_dagrun for example_skip_dag to 2026-09-17 00:00:00+00:00, run_after=2026-09-18 00:00:00+00:00
[2026-09-18T13:51:17.443+0700] {processor.py:208} INFO - Processing /Users/andreasanditya/Downloads/572392_Andreas_AirflowETL/code/.venv/lib/python3.9/site-packages/airflow/example_dags/example_skip_dag.py took 0.114 seconds
[2026-09-18T13:52:44.493+0700] {processor.py:186} INFO - Started process (PID=11841) to work on /Users/andreasanditya/Downloads/572392_Andreas_AirflowETL/code/.venv/lib/python3.9/site-packages/airflow/example_dags/example_skip_dag.py
[2026-09-18T13:52:44.495+0700] {processor.py:914} INFO - Processing file /Users/andreasanditya/Downloads/572392_Andreas_AirflowETL/code/.venv/lib/python3.9/site-packages/airflow/example_dags/example_skip_dag.py for tasks to queue
[2026-09-18T13:52:44.495+0700] {logging_mixin.py:190} INFO - [2026-09-18T13:52:44.495+0700] {dagbag.py:588} INFO - Filling up the DagBag from /Users/andreasanditya/Downloads/572392_Andreas_AirflowETL/code/.venv/lib/python3.9/site-packages/airflow/example_dags/example_skip_dag.py
[2026-09-18T13:52:44.500+0700] {processor.py:925} INFO - DAG(s) 'example_skip_dag' retrieved from /Users/andreasanditya/Downloads/572392_Andreas_AirflowETL/code/.venv/lib/python3.9/site-packages/airflow/example_dags/example_skip_dag.py
[2026-09-18T13:52:44.591+0700] {logging_mixin.py:190} INFO - [2026-09-18T13:52:44.590+0700] {dag.py:3239} INFO - Sync 1 DAGs
[2026-09-18T13:52:44.602+0700] {logging_mixin.py:190} INFO - [2026-09-18T13:52:44.602+0700] {dag.py:4180} INFO - Setting next_dagrun for example_skip_dag to 2026-09-17 00:00:00+00:00, run_after=2026-09-18 00:00:00+00:00
[2026-09-18T13:52:44.612+0700] {processor.py:208} INFO - Processing /Users/andreasanditya/Downloads/572392_Andreas_AirflowETL/code/.venv/lib/python3.9/site-packages/airflow/example_dags/example_skip_dag.py took 0.121 seconds
[2026-09-18T13:54:10.144+0700] {processor.py:186} INFO - Started process (PID=12759) to work on /Users/andreasanditya/Downloads/572392_Andreas_AirflowETL/code/.venv/lib/python3.9/site-packages/airflow/example_dags/example_skip_dag.py
[2026-09-18T13:54:10.145+0700] {processor.py:914} INFO - Processing file /Users/andreasanditya/Downloads/572392_Andreas_AirflowETL/code/.venv/lib/python3.9/site-packages/airflow/example_dags/example_skip_dag.py for tasks to queue
[2026-09-18T13:54:10.146+0700] {logging_mixin.py:190} INFO - [2026-09-18T13:54:10.146+0700] {dagbag.py:588} INFO - Filling up the DagBag from /Users/andreasanditya/Downloads/572392_Andreas_AirflowETL/code/.venv/lib/python3.9/site-packages/airflow/example_dags/example_skip_dag.py
[2026-09-18T13:54:10.151+0700] {processor.py:925} INFO - DAG(s) 'example_skip_dag' retrieved from /Users/andreasanditya/Downloads/572392_Andreas_AirflowETL/code/.venv/lib/python3.9/site-packages/airflow/example_dags/example_skip_dag.py
[2026-09-18T13:54:10.241+0700] {logging_mixin.py:190} INFO - [2026-09-18T13:54:10.240+0700] {dag.py:3239} INFO - Sync 1 DAGs
[2026-09-18T13:54:10.252+0700] {logging_mixin.py:190} INFO - [2026-09-18T13:54:10.252+0700] {dag.py:4180} INFO - Setting next_dagrun for example_skip_dag to 2026-09-17 00:00:00+00:00, run_after=2026-09-18 00:00:00+00:00
[2026-09-18T13:54:10.262+0700] {processor.py:208} INFO - Processing /Users/andreasanditya/Downloads/572392_Andreas_AirflowETL/code/.venv/lib/python3.9/site-packages/airflow/example_dags/example_skip_dag.py took 0.120 seconds
