[2026-09-18T11:18:09.008+0700] {processor.py:186} INFO - Started process (PID=11106) to work on /Users/andreasanditya/Downloads/572392_Andreas_AirflowETL/code/.venv/lib/python3.9/site-packages/airflow/example_dags/example_dataset_alias.py
[2026-09-18T11:18:09.009+0700] {processor.py:914} INFO - Processing file /Users/andreasanditya/Downloads/572392_Andreas_AirflowETL/code/.venv/lib/python3.9/site-packages/airflow/example_dags/example_dataset_alias.py for tasks to queue
[2026-09-18T11:18:09.009+0700] {logging_mixin.py:190} INFO - [2026-09-18T11:18:09.009+0700] {dagbag.py:588} INFO - Filling up the DagBag from /Users/andreasanditya/Downloads/572392_Andreas_AirflowETL/code/.venv/lib/python3.9/site-packages/airflow/example_dags/example_dataset_alias.py
[2026-09-18T11:18:09.129+0700] {processor.py:925} INFO - DAG(s) 'dataset_s3_bucket_consumer', 'dataset_alias_example_alias_consumer', 'dataset_alias_example_alias_producer', 'dataset_s3_bucket_producer' retrieved from /Users/andreasanditya/Downloads/572392_Andreas_AirflowETL/code/.venv/lib/python3.9/site-packages/airflow/example_dags/example_dataset_alias.py
[2026-09-18T11:18:09.183+0700] {logging_mixin.py:190} INFO - [2026-09-18T11:18:09.182+0700] {override.py:1912} INFO - Created Permission View: can edit on DAG:dataset_s3_bucket_consumer
[2026-09-18T11:18:09.187+0700] {logging_mixin.py:190} INFO - [2026-09-18T11:18:09.187+0700] {override.py:1912} INFO - Created Permission View: can delete on DAG:dataset_s3_bucket_consumer
[2026-09-18T11:18:09.190+0700] {logging_mixin.py:190} INFO - [2026-09-18T11:18:09.190+0700] {override.py:1912} INFO - Created Permission View: can read on DAG:dataset_s3_bucket_consumer
[2026-09-18T11:18:09.194+0700] {logging_mixin.py:190} INFO - [2026-09-18T11:18:09.194+0700] {override.py:1912} INFO - Created Permission View: can delete on DAG Run:dataset_s3_bucket_consumer
[2026-09-18T11:18:09.197+0700] {logging_mixin.py:190} INFO - [2026-09-18T11:18:09.197+0700] {override.py:1912} INFO - Created Permission View: menu access on DAG Run:dataset_s3_bucket_consumer
[2026-09-18T11:18:09.200+0700] {logging_mixin.py:190} INFO - [2026-09-18T11:18:09.200+0700] {override.py:1912} INFO - Created Permission View: can create on DAG Run:dataset_s3_bucket_consumer
[2026-09-18T11:18:09.203+0700] {logging_mixin.py:190} INFO - [2026-09-18T11:18:09.203+0700] {override.py:1912} INFO - Created Permission View: can read on DAG Run:dataset_s3_bucket_consumer
[2026-09-18T11:18:09.209+0700] {logging_mixin.py:190} INFO - [2026-09-18T11:18:09.209+0700] {override.py:1912} INFO - Created Permission View: can edit on DAG:dataset_alias_example_alias_consumer
[2026-09-18T11:18:09.212+0700] {logging_mixin.py:190} INFO - [2026-09-18T11:18:09.212+0700] {override.py:1912} INFO - Created Permission View: can delete on DAG:dataset_alias_example_alias_consumer
[2026-09-18T11:18:09.215+0700] {logging_mixin.py:190} INFO - [2026-09-18T11:18:09.214+0700] {override.py:1912} INFO - Created Permission View: can read on DAG:dataset_alias_example_alias_consumer
[2026-09-18T11:18:09.218+0700] {logging_mixin.py:190} INFO - [2026-09-18T11:18:09.218+0700] {override.py:1912} INFO - Created Permission View: can delete on DAG Run:dataset_alias_example_alias_consumer
[2026-09-18T11:18:09.221+0700] {logging_mixin.py:190} INFO - [2026-09-18T11:18:09.221+0700] {override.py:1912} INFO - Created Permission View: menu access on DAG Run:dataset_alias_example_alias_consumer
[2026-09-18T11:18:09.224+0700] {logging_mixin.py:190} INFO - [2026-09-18T11:18:09.224+0700] {override.py:1912} INFO - Created Permission View: can create on DAG Run:dataset_alias_example_alias_consumer
[2026-09-18T11:18:09.227+0700] {logging_mixin.py:190} INFO - [2026-09-18T11:18:09.227+0700] {override.py:1912} INFO - Created Permission View: can read on DAG Run:dataset_alias_example_alias_consumer
[2026-09-18T11:18:09.234+0700] {logging_mixin.py:190} INFO - [2026-09-18T11:18:09.234+0700] {override.py:1912} INFO - Created Permission View: can edit on DAG:dataset_alias_example_alias_producer
[2026-09-18T11:18:09.236+0700] {logging_mixin.py:190} INFO - [2026-09-18T11:18:09.236+0700] {override.py:1912} INFO - Created Permission View: can delete on DAG:dataset_alias_example_alias_producer
[2026-09-18T11:18:09.239+0700] {logging_mixin.py:190} INFO - [2026-09-18T11:18:09.239+0700] {override.py:1912} INFO - Created Permission View: can read on DAG:dataset_alias_example_alias_producer
[2026-09-18T11:18:09.243+0700] {logging_mixin.py:190} INFO - [2026-09-18T11:18:09.243+0700] {override.py:1912} INFO - Created Permission View: can delete on DAG Run:dataset_alias_example_alias_producer
[2026-09-18T11:18:09.246+0700] {logging_mixin.py:190} INFO - [2026-09-18T11:18:09.246+0700] {override.py:1912} INFO - Created Permission View: menu access on DAG Run:dataset_alias_example_alias_producer
[2026-09-18T11:18:09.249+0700] {logging_mixin.py:190} INFO - [2026-09-18T11:18:09.249+0700] {override.py:1912} INFO - Created Permission View: can create on DAG Run:dataset_alias_example_alias_producer
[2026-09-18T11:18:09.252+0700] {logging_mixin.py:190} INFO - [2026-09-18T11:18:09.252+0700] {override.py:1912} INFO - Created Permission View: can read on DAG Run:dataset_alias_example_alias_producer
[2026-09-18T11:18:09.258+0700] {logging_mixin.py:190} INFO - [2026-09-18T11:18:09.258+0700] {override.py:1912} INFO - Created Permission View: can edit on DAG:dataset_s3_bucket_producer
[2026-09-18T11:18:09.260+0700] {logging_mixin.py:190} INFO - [2026-09-18T11:18:09.260+0700] {override.py:1912} INFO - Created Permission View: can delete on DAG:dataset_s3_bucket_producer
[2026-09-18T11:18:09.263+0700] {logging_mixin.py:190} INFO - [2026-09-18T11:18:09.263+0700] {override.py:1912} INFO - Created Permission View: can read on DAG:dataset_s3_bucket_producer
[2026-09-18T11:18:09.267+0700] {logging_mixin.py:190} INFO - [2026-09-18T11:18:09.267+0700] {override.py:1912} INFO - Created Permission View: can delete on DAG Run:dataset_s3_bucket_producer
[2026-09-18T11:18:09.270+0700] {logging_mixin.py:190} INFO - [2026-09-18T11:18:09.270+0700] {override.py:1912} INFO - Created Permission View: menu access on DAG Run:dataset_s3_bucket_producer
[2026-09-18T11:18:09.273+0700] {logging_mixin.py:190} INFO - [2026-09-18T11:18:09.273+0700] {override.py:1912} INFO - Created Permission View: can create on DAG Run:dataset_s3_bucket_producer
[2026-09-18T11:18:09.276+0700] {logging_mixin.py:190} INFO - [2026-09-18T11:18:09.275+0700] {override.py:1912} INFO - Created Permission View: can read on DAG Run:dataset_s3_bucket_producer
[2026-09-18T11:18:09.276+0700] {logging_mixin.py:190} INFO - [2026-09-18T11:18:09.276+0700] {dag.py:3239} INFO - Sync 4 DAGs
[2026-09-18T11:18:09.282+0700] {logging_mixin.py:190} INFO - [2026-09-18T11:18:09.282+0700] {dag.py:3262} INFO - Creating ORM DAG for dataset_s3_bucket_producer
[2026-09-18T11:18:09.283+0700] {logging_mixin.py:190} INFO - [2026-09-18T11:18:09.283+0700] {dag.py:3262} INFO - Creating ORM DAG for dataset_s3_bucket_consumer
[2026-09-18T11:18:09.283+0700] {logging_mixin.py:190} INFO - [2026-09-18T11:18:09.283+0700] {dag.py:3262} INFO - Creating ORM DAG for dataset_alias_example_alias_consumer
[2026-09-18T11:18:09.283+0700] {logging_mixin.py:190} INFO - [2026-09-18T11:18:09.283+0700] {dag.py:3262} INFO - Creating ORM DAG for dataset_alias_example_alias_producer
[2026-09-18T11:18:09.288+0700] {logging_mixin.py:190} INFO - [2026-09-18T11:18:09.288+0700] {dag.py:4180} INFO - Setting next_dagrun for dataset_alias_example_alias_consumer to None, run_after=None
[2026-09-18T11:18:09.288+0700] {logging_mixin.py:190} INFO - [2026-09-18T11:18:09.288+0700] {dag.py:4180} INFO - Setting next_dagrun for dataset_alias_example_alias_producer to None, run_after=None
[2026-09-18T11:18:09.288+0700] {logging_mixin.py:190} INFO - [2026-09-18T11:18:09.288+0700] {dag.py:4180} INFO - Setting next_dagrun for dataset_s3_bucket_consumer to None, run_after=None
[2026-09-18T11:18:09.289+0700] {logging_mixin.py:190} INFO - [2026-09-18T11:18:09.288+0700] {dag.py:4180} INFO - Setting next_dagrun for dataset_s3_bucket_producer to None, run_after=None
[2026-09-18T11:18:09.536+0700] {processor.py:208} INFO - Processing /Users/andreasanditya/Downloads/572392_Andreas_AirflowETL/code/.venv/lib/python3.9/site-packages/airflow/example_dags/example_dataset_alias.py took 0.530 seconds
[2026-09-18T11:21:26.198+0700] {processor.py:186} INFO - Started process (PID=13270) to work on /Users/andreasanditya/Downloads/572392_Andreas_AirflowETL/code/.venv/lib/python3.9/site-packages/airflow/example_dags/example_dataset_alias.py
[2026-09-18T11:21:26.199+0700] {processor.py:914} INFO - Processing file /Users/andreasanditya/Downloads/572392_Andreas_AirflowETL/code/.venv/lib/python3.9/site-packages/airflow/example_dags/example_dataset_alias.py for tasks to queue
[2026-09-18T11:21:26.200+0700] {logging_mixin.py:190} INFO - [2026-09-18T11:21:26.200+0700] {dagbag.py:588} INFO - Filling up the DagBag from /Users/andreasanditya/Downloads/572392_Andreas_AirflowETL/code/.venv/lib/python3.9/site-packages/airflow/example_dags/example_dataset_alias.py
[2026-09-18T11:21:26.321+0700] {processor.py:925} INFO - DAG(s) 'dataset_s3_bucket_producer', 'dataset_alias_example_alias_consumer', 'dataset_alias_example_alias_producer', 'dataset_s3_bucket_consumer' retrieved from /Users/andreasanditya/Downloads/572392_Andreas_AirflowETL/code/.venv/lib/python3.9/site-packages/airflow/example_dags/example_dataset_alias.py
[2026-09-18T11:21:26.334+0700] {logging_mixin.py:190} INFO - [2026-09-18T11:21:26.334+0700] {dag.py:3239} INFO - Sync 4 DAGs
[2026-09-18T11:21:26.345+0700] {logging_mixin.py:190} INFO - [2026-09-18T11:21:26.345+0700] {dag.py:4180} INFO - Setting next_dagrun for dataset_alias_example_alias_consumer to None, run_after=None
[2026-09-18T11:21:26.346+0700] {logging_mixin.py:190} INFO - [2026-09-18T11:21:26.346+0700] {dag.py:4180} INFO - Setting next_dagrun for dataset_alias_example_alias_producer to None, run_after=None
[2026-09-18T11:21:26.346+0700] {logging_mixin.py:190} INFO - [2026-09-18T11:21:26.346+0700] {dag.py:4180} INFO - Setting next_dagrun for dataset_s3_bucket_consumer to None, run_after=None
[2026-09-18T11:21:26.347+0700] {logging_mixin.py:190} INFO - [2026-09-18T11:21:26.347+0700] {dag.py:4180} INFO - Setting next_dagrun for dataset_s3_bucket_producer to None, run_after=None
[2026-09-18T11:21:26.358+0700] {processor.py:208} INFO - Processing /Users/andreasanditya/Downloads/572392_Andreas_AirflowETL/code/.venv/lib/python3.9/site-packages/airflow/example_dags/example_dataset_alias.py took 0.162 seconds
[2026-09-18T11:25:21.499+0700] {processor.py:186} INFO - Started process (PID=15848) to work on /Users/andreasanditya/Downloads/572392_Andreas_AirflowETL/code/.venv/lib/python3.9/site-packages/airflow/example_dags/example_dataset_alias.py
[2026-09-18T11:25:21.501+0700] {processor.py:914} INFO - Processing file /Users/andreasanditya/Downloads/572392_Andreas_AirflowETL/code/.venv/lib/python3.9/site-packages/airflow/example_dags/example_dataset_alias.py for tasks to queue
[2026-09-18T11:25:21.502+0700] {logging_mixin.py:190} INFO - [2026-09-18T11:25:21.501+0700] {dagbag.py:588} INFO - Filling up the DagBag from /Users/andreasanditya/Downloads/572392_Andreas_AirflowETL/code/.venv/lib/python3.9/site-packages/airflow/example_dags/example_dataset_alias.py
[2026-09-18T11:25:21.619+0700] {processor.py:925} INFO - DAG(s) 'dataset_s3_bucket_producer', 'dataset_s3_bucket_consumer', 'dataset_alias_example_alias_producer', 'dataset_alias_example_alias_consumer' retrieved from /Users/andreasanditya/Downloads/572392_Andreas_AirflowETL/code/.venv/lib/python3.9/site-packages/airflow/example_dags/example_dataset_alias.py
[2026-09-18T11:25:21.631+0700] {logging_mixin.py:190} INFO - [2026-09-18T11:25:21.631+0700] {dag.py:3239} INFO - Sync 4 DAGs
[2026-09-18T11:25:21.641+0700] {logging_mixin.py:190} INFO - [2026-09-18T11:25:21.641+0700] {dag.py:4180} INFO - Setting next_dagrun for dataset_alias_example_alias_consumer to None, run_after=None
[2026-09-18T11:25:21.643+0700] {logging_mixin.py:190} INFO - [2026-09-18T11:25:21.642+0700] {dag.py:4180} INFO - Setting next_dagrun for dataset_alias_example_alias_producer to None, run_after=None
[2026-09-18T11:25:21.643+0700] {logging_mixin.py:190} INFO - [2026-09-18T11:25:21.643+0700] {dag.py:4180} INFO - Setting next_dagrun for dataset_s3_bucket_consumer to None, run_after=None
[2026-09-18T11:25:21.643+0700] {logging_mixin.py:190} INFO - [2026-09-18T11:25:21.643+0700] {dag.py:4180} INFO - Setting next_dagrun for dataset_s3_bucket_producer to None, run_after=None
[2026-09-18T11:25:21.655+0700] {processor.py:208} INFO - Processing /Users/andreasanditya/Downloads/572392_Andreas_AirflowETL/code/.venv/lib/python3.9/site-packages/airflow/example_dags/example_dataset_alias.py took 0.157 seconds
[2026-09-18T11:28:28.966+0700] {processor.py:186} INFO - Started process (PID=17710) to work on /Users/andreasanditya/Downloads/572392_Andreas_AirflowETL/code/.venv/lib/python3.9/site-packages/airflow/example_dags/example_dataset_alias.py
[2026-09-18T11:28:28.967+0700] {processor.py:914} INFO - Processing file /Users/andreasanditya/Downloads/572392_Andreas_AirflowETL/code/.venv/lib/python3.9/site-packages/airflow/example_dags/example_dataset_alias.py for tasks to queue
[2026-09-18T11:28:28.968+0700] {logging_mixin.py:190} INFO - [2026-09-18T11:28:28.968+0700] {dagbag.py:588} INFO - Filling up the DagBag from /Users/andreasanditya/Downloads/572392_Andreas_AirflowETL/code/.venv/lib/python3.9/site-packages/airflow/example_dags/example_dataset_alias.py
[2026-09-18T11:28:29.089+0700] {processor.py:925} INFO - DAG(s) 'dataset_alias_example_alias_producer', 'dataset_s3_bucket_consumer', 'dataset_s3_bucket_producer', 'dataset_alias_example_alias_consumer' retrieved from /Users/andreasanditya/Downloads/572392_Andreas_AirflowETL/code/.venv/lib/python3.9/site-packages/airflow/example_dags/example_dataset_alias.py
[2026-09-18T11:28:29.101+0700] {logging_mixin.py:190} INFO - [2026-09-18T11:28:29.101+0700] {dag.py:3239} INFO - Sync 4 DAGs
[2026-09-18T11:28:29.112+0700] {logging_mixin.py:190} INFO - [2026-09-18T11:28:29.112+0700] {dag.py:4180} INFO - Setting next_dagrun for dataset_alias_example_alias_consumer to None, run_after=None
[2026-09-18T11:28:29.113+0700] {logging_mixin.py:190} INFO - [2026-09-18T11:28:29.113+0700] {dag.py:4180} INFO - Setting next_dagrun for dataset_alias_example_alias_producer to None, run_after=None
[2026-09-18T11:28:29.114+0700] {logging_mixin.py:190} INFO - [2026-09-18T11:28:29.114+0700] {dag.py:4180} INFO - Setting next_dagrun for dataset_s3_bucket_consumer to None, run_after=None
[2026-09-18T11:28:29.114+0700] {logging_mixin.py:190} INFO - [2026-09-18T11:28:29.114+0700] {dag.py:4180} INFO - Setting next_dagrun for dataset_s3_bucket_producer to None, run_after=None
[2026-09-18T11:28:29.127+0700] {processor.py:208} INFO - Processing /Users/andreasanditya/Downloads/572392_Andreas_AirflowETL/code/.venv/lib/python3.9/site-packages/airflow/example_dags/example_dataset_alias.py took 0.163 seconds
[2026-09-18T11:31:27.920+0700] {processor.py:186} INFO - Started process (PID=19590) to work on /Users/andreasanditya/Downloads/572392_Andreas_AirflowETL/code/.venv/lib/python3.9/site-packages/airflow/example_dags/example_dataset_alias.py
[2026-09-18T11:31:27.921+0700] {processor.py:914} INFO - Processing file /Users/andreasanditya/Downloads/572392_Andreas_AirflowETL/code/.venv/lib/python3.9/site-packages/airflow/example_dags/example_dataset_alias.py for tasks to queue
[2026-09-18T11:31:27.922+0700] {logging_mixin.py:190} INFO - [2026-09-18T11:31:27.922+0700] {dagbag.py:588} INFO - Filling up the DagBag from /Users/andreasanditya/Downloads/572392_Andreas_AirflowETL/code/.venv/lib/python3.9/site-packages/airflow/example_dags/example_dataset_alias.py
[2026-09-18T11:31:28.129+0700] {processor.py:925} INFO - DAG(s) 'dataset_alias_example_alias_producer', 'dataset_s3_bucket_consumer', 'dataset_s3_bucket_producer', 'dataset_alias_example_alias_consumer' retrieved from /Users/andreasanditya/Downloads/572392_Andreas_AirflowETL/code/.venv/lib/python3.9/site-packages/airflow/example_dags/example_dataset_alias.py
[2026-09-18T11:31:28.143+0700] {logging_mixin.py:190} INFO - [2026-09-18T11:31:28.142+0700] {dag.py:3239} INFO - Sync 4 DAGs
[2026-09-18T11:31:28.154+0700] {logging_mixin.py:190} INFO - [2026-09-18T11:31:28.154+0700] {dag.py:4180} INFO - Setting next_dagrun for dataset_alias_example_alias_consumer to None, run_after=None
[2026-09-18T11:31:28.155+0700] {logging_mixin.py:190} INFO - [2026-09-18T11:31:28.155+0700] {dag.py:4180} INFO - Setting next_dagrun for dataset_alias_example_alias_producer to None, run_after=None
[2026-09-18T11:31:28.156+0700] {logging_mixin.py:190} INFO - [2026-09-18T11:31:28.156+0700] {dag.py:4180} INFO - Setting next_dagrun for dataset_s3_bucket_consumer to None, run_after=None
[2026-09-18T11:31:28.156+0700] {logging_mixin.py:190} INFO - [2026-09-18T11:31:28.156+0700] {dag.py:4180} INFO - Setting next_dagrun for dataset_s3_bucket_producer to None, run_after=None
[2026-09-18T11:31:28.170+0700] {processor.py:208} INFO - Processing /Users/andreasanditya/Downloads/572392_Andreas_AirflowETL/code/.venv/lib/python3.9/site-packages/airflow/example_dags/example_dataset_alias.py took 0.252 seconds
[2026-09-18T11:34:20.996+0700] {processor.py:186} INFO - Started process (PID=21451) to work on /Users/andreasanditya/Downloads/572392_Andreas_AirflowETL/code/.venv/lib/python3.9/site-packages/airflow/example_dags/example_dataset_alias.py
[2026-09-18T11:34:20.997+0700] {processor.py:914} INFO - Processing file /Users/andreasanditya/Downloads/572392_Andreas_AirflowETL/code/.venv/lib/python3.9/site-packages/airflow/example_dags/example_dataset_alias.py for tasks to queue
[2026-09-18T11:34:20.998+0700] {logging_mixin.py:190} INFO - [2026-09-18T11:34:20.998+0700] {dagbag.py:588} INFO - Filling up the DagBag from /Users/andreasanditya/Downloads/572392_Andreas_AirflowETL/code/.venv/lib/python3.9/site-packages/airflow/example_dags/example_dataset_alias.py
[2026-09-18T11:34:21.122+0700] {processor.py:925} INFO - DAG(s) 'dataset_alias_example_alias_producer', 'dataset_alias_example_alias_consumer', 'dataset_s3_bucket_producer', 'dataset_s3_bucket_consumer' retrieved from /Users/andreasanditya/Downloads/572392_Andreas_AirflowETL/code/.venv/lib/python3.9/site-packages/airflow/example_dags/example_dataset_alias.py
[2026-09-18T11:34:21.136+0700] {logging_mixin.py:190} INFO - [2026-09-18T11:34:21.136+0700] {dag.py:3239} INFO - Sync 4 DAGs
[2026-09-18T11:34:21.148+0700] {logging_mixin.py:190} INFO - [2026-09-18T11:34:21.148+0700] {dag.py:4180} INFO - Setting next_dagrun for dataset_alias_example_alias_consumer to None, run_after=None
[2026-09-18T11:34:21.149+0700] {logging_mixin.py:190} INFO - [2026-09-18T11:34:21.149+0700] {dag.py:4180} INFO - Setting next_dagrun for dataset_alias_example_alias_producer to None, run_after=None
[2026-09-18T11:34:21.149+0700] {logging_mixin.py:190} INFO - [2026-09-18T11:34:21.149+0700] {dag.py:4180} INFO - Setting next_dagrun for dataset_s3_bucket_consumer to None, run_after=None
[2026-09-18T11:34:21.150+0700] {logging_mixin.py:190} INFO - [2026-09-18T11:34:21.150+0700] {dag.py:4180} INFO - Setting next_dagrun for dataset_s3_bucket_producer to None, run_after=None
[2026-09-18T11:34:21.162+0700] {processor.py:208} INFO - Processing /Users/andreasanditya/Downloads/572392_Andreas_AirflowETL/code/.venv/lib/python3.9/site-packages/airflow/example_dags/example_dataset_alias.py took 0.167 seconds
[2026-09-18T11:37:18.618+0700] {processor.py:186} INFO - Started process (PID=23320) to work on /Users/andreasanditya/Downloads/572392_Andreas_AirflowETL/code/.venv/lib/python3.9/site-packages/airflow/example_dags/example_dataset_alias.py
[2026-09-18T11:37:18.619+0700] {processor.py:914} INFO - Processing file /Users/andreasanditya/Downloads/572392_Andreas_AirflowETL/code/.venv/lib/python3.9/site-packages/airflow/example_dags/example_dataset_alias.py for tasks to queue
[2026-09-18T11:37:18.620+0700] {logging_mixin.py:190} INFO - [2026-09-18T11:37:18.620+0700] {dagbag.py:588} INFO - Filling up the DagBag from /Users/andreasanditya/Downloads/572392_Andreas_AirflowETL/code/.venv/lib/python3.9/site-packages/airflow/example_dags/example_dataset_alias.py
[2026-09-18T11:37:18.736+0700] {processor.py:925} INFO - DAG(s) 'dataset_s3_bucket_producer', 'dataset_alias_example_alias_consumer', 'dataset_alias_example_alias_producer', 'dataset_s3_bucket_consumer' retrieved from /Users/andreasanditya/Downloads/572392_Andreas_AirflowETL/code/.venv/lib/python3.9/site-packages/airflow/example_dags/example_dataset_alias.py
[2026-09-18T11:37:18.749+0700] {logging_mixin.py:190} INFO - [2026-09-18T11:37:18.749+0700] {dag.py:3239} INFO - Sync 4 DAGs
[2026-09-18T11:37:18.759+0700] {logging_mixin.py:190} INFO - [2026-09-18T11:37:18.759+0700] {dag.py:4180} INFO - Setting next_dagrun for dataset_alias_example_alias_consumer to None, run_after=None
[2026-09-18T11:37:18.760+0700] {logging_mixin.py:190} INFO - [2026-09-18T11:37:18.760+0700] {dag.py:4180} INFO - Setting next_dagrun for dataset_alias_example_alias_producer to None, run_after=None
[2026-09-18T11:37:18.761+0700] {logging_mixin.py:190} INFO - [2026-09-18T11:37:18.761+0700] {dag.py:4180} INFO - Setting next_dagrun for dataset_s3_bucket_consumer to None, run_after=None
[2026-09-18T11:37:18.761+0700] {logging_mixin.py:190} INFO - [2026-09-18T11:37:18.761+0700] {dag.py:4180} INFO - Setting next_dagrun for dataset_s3_bucket_producer to None, run_after=None
[2026-09-18T11:37:18.773+0700] {processor.py:208} INFO - Processing /Users/andreasanditya/Downloads/572392_Andreas_AirflowETL/code/.venv/lib/python3.9/site-packages/airflow/example_dags/example_dataset_alias.py took 0.157 seconds
[2026-09-18T11:40:13.203+0700] {processor.py:186} INFO - Started process (PID=25160) to work on /Users/andreasanditya/Downloads/572392_Andreas_AirflowETL/code/.venv/lib/python3.9/site-packages/airflow/example_dags/example_dataset_alias.py
[2026-09-18T11:40:13.205+0700] {processor.py:914} INFO - Processing file /Users/andreasanditya/Downloads/572392_Andreas_AirflowETL/code/.venv/lib/python3.9/site-packages/airflow/example_dags/example_dataset_alias.py for tasks to queue
[2026-09-18T11:40:13.206+0700] {logging_mixin.py:190} INFO - [2026-09-18T11:40:13.205+0700] {dagbag.py:588} INFO - Filling up the DagBag from /Users/andreasanditya/Downloads/572392_Andreas_AirflowETL/code/.venv/lib/python3.9/site-packages/airflow/example_dags/example_dataset_alias.py
[2026-09-18T11:40:13.329+0700] {processor.py:925} INFO - DAG(s) 'dataset_s3_bucket_producer', 'dataset_s3_bucket_consumer', 'dataset_alias_example_alias_producer', 'dataset_alias_example_alias_consumer' retrieved from /Users/andreasanditya/Downloads/572392_Andreas_AirflowETL/code/.venv/lib/python3.9/site-packages/airflow/example_dags/example_dataset_alias.py
[2026-09-18T11:40:13.342+0700] {logging_mixin.py:190} INFO - [2026-09-18T11:40:13.342+0700] {dag.py:3239} INFO - Sync 4 DAGs
[2026-09-18T11:40:13.353+0700] {logging_mixin.py:190} INFO - [2026-09-18T11:40:13.353+0700] {dag.py:4180} INFO - Setting next_dagrun for dataset_alias_example_alias_consumer to None, run_after=None
[2026-09-18T11:40:13.354+0700] {logging_mixin.py:190} INFO - [2026-09-18T11:40:13.354+0700] {dag.py:4180} INFO - Setting next_dagrun for dataset_alias_example_alias_producer to None, run_after=None
[2026-09-18T11:40:13.354+0700] {logging_mixin.py:190} INFO - [2026-09-18T11:40:13.354+0700] {dag.py:4180} INFO - Setting next_dagrun for dataset_s3_bucket_consumer to None, run_after=None
[2026-09-18T11:40:13.355+0700] {logging_mixin.py:190} INFO - [2026-09-18T11:40:13.355+0700] {dag.py:4180} INFO - Setting next_dagrun for dataset_s3_bucket_producer to None, run_after=None
[2026-09-18T11:40:13.367+0700] {processor.py:208} INFO - Processing /Users/andreasanditya/Downloads/572392_Andreas_AirflowETL/code/.venv/lib/python3.9/site-packages/airflow/example_dags/example_dataset_alias.py took 0.165 seconds
[2026-09-18T11:43:12.252+0700] {processor.py:186} INFO - Started process (PID=26949) to work on /Users/andreasanditya/Downloads/572392_Andreas_AirflowETL/code/.venv/lib/python3.9/site-packages/airflow/example_dags/example_dataset_alias.py
[2026-09-18T11:43:12.253+0700] {processor.py:914} INFO - Processing file /Users/andreasanditya/Downloads/572392_Andreas_AirflowETL/code/.venv/lib/python3.9/site-packages/airflow/example_dags/example_dataset_alias.py for tasks to queue
[2026-09-18T11:43:12.254+0700] {logging_mixin.py:190} INFO - [2026-09-18T11:43:12.254+0700] {dagbag.py:588} INFO - Filling up the DagBag from /Users/andreasanditya/Downloads/572392_Andreas_AirflowETL/code/.venv/lib/python3.9/site-packages/airflow/example_dags/example_dataset_alias.py
[2026-09-18T11:43:12.373+0700] {processor.py:925} INFO - DAG(s) 'dataset_alias_example_alias_producer', 'dataset_s3_bucket_consumer', 'dataset_alias_example_alias_consumer', 'dataset_s3_bucket_producer' retrieved from /Users/andreasanditya/Downloads/572392_Andreas_AirflowETL/code/.venv/lib/python3.9/site-packages/airflow/example_dags/example_dataset_alias.py
[2026-09-18T11:43:12.386+0700] {logging_mixin.py:190} INFO - [2026-09-18T11:43:12.386+0700] {dag.py:3239} INFO - Sync 4 DAGs
[2026-09-18T11:43:12.396+0700] {logging_mixin.py:190} INFO - [2026-09-18T11:43:12.396+0700] {dag.py:4180} INFO - Setting next_dagrun for dataset_alias_example_alias_consumer to None, run_after=None
[2026-09-18T11:43:12.398+0700] {logging_mixin.py:190} INFO - [2026-09-18T11:43:12.397+0700] {dag.py:4180} INFO - Setting next_dagrun for dataset_alias_example_alias_producer to None, run_after=None
[2026-09-18T11:43:12.398+0700] {logging_mixin.py:190} INFO - [2026-09-18T11:43:12.398+0700] {dag.py:4180} INFO - Setting next_dagrun for dataset_s3_bucket_consumer to None, run_after=None
[2026-09-18T11:43:12.399+0700] {logging_mixin.py:190} INFO - [2026-09-18T11:43:12.398+0700] {dag.py:4180} INFO - Setting next_dagrun for dataset_s3_bucket_producer to None, run_after=None
[2026-09-18T11:43:12.410+0700] {processor.py:208} INFO - Processing /Users/andreasanditya/Downloads/572392_Andreas_AirflowETL/code/.venv/lib/python3.9/site-packages/airflow/example_dags/example_dataset_alias.py took 0.160 seconds
[2026-09-18T11:46:05.504+0700] {processor.py:186} INFO - Started process (PID=28661) to work on /Users/andreasanditya/Downloads/572392_Andreas_AirflowETL/code/.venv/lib/python3.9/site-packages/airflow/example_dags/example_dataset_alias.py
[2026-09-18T11:46:05.506+0700] {processor.py:914} INFO - Processing file /Users/andreasanditya/Downloads/572392_Andreas_AirflowETL/code/.venv/lib/python3.9/site-packages/airflow/example_dags/example_dataset_alias.py for tasks to queue
[2026-09-18T11:46:05.506+0700] {logging_mixin.py:190} INFO - [2026-09-18T11:46:05.506+0700] {dagbag.py:588} INFO - Filling up the DagBag from /Users/andreasanditya/Downloads/572392_Andreas_AirflowETL/code/.venv/lib/python3.9/site-packages/airflow/example_dags/example_dataset_alias.py
[2026-09-18T11:46:05.626+0700] {processor.py:925} INFO - DAG(s) 'dataset_alias_example_alias_consumer', 'dataset_alias_example_alias_producer', 'dataset_s3_bucket_producer', 'dataset_s3_bucket_consumer' retrieved from /Users/andreasanditya/Downloads/572392_Andreas_AirflowETL/code/.venv/lib/python3.9/site-packages/airflow/example_dags/example_dataset_alias.py
[2026-09-18T11:46:05.639+0700] {logging_mixin.py:190} INFO - [2026-09-18T11:46:05.638+0700] {dag.py:3239} INFO - Sync 4 DAGs
[2026-09-18T11:46:05.649+0700] {logging_mixin.py:190} INFO - [2026-09-18T11:46:05.649+0700] {dag.py:4180} INFO - Setting next_dagrun for dataset_alias_example_alias_consumer to None, run_after=None
[2026-09-18T11:46:05.650+0700] {logging_mixin.py:190} INFO - [2026-09-18T11:46:05.650+0700] {dag.py:4180} INFO - Setting next_dagrun for dataset_alias_example_alias_producer to None, run_after=None
[2026-09-18T11:46:05.651+0700] {logging_mixin.py:190} INFO - [2026-09-18T11:46:05.651+0700] {dag.py:4180} INFO - Setting next_dagrun for dataset_s3_bucket_consumer to None, run_after=None
[2026-09-18T11:46:05.651+0700] {logging_mixin.py:190} INFO - [2026-09-18T11:46:05.651+0700] {dag.py:4180} INFO - Setting next_dagrun for dataset_s3_bucket_producer to None, run_after=None
[2026-09-18T11:46:05.662+0700] {processor.py:208} INFO - Processing /Users/andreasanditya/Downloads/572392_Andreas_AirflowETL/code/.venv/lib/python3.9/site-packages/airflow/example_dags/example_dataset_alias.py took 0.160 seconds
[2026-09-18T11:48:59.436+0700] {processor.py:186} INFO - Started process (PID=30494) to work on /Users/andreasanditya/Downloads/572392_Andreas_AirflowETL/code/.venv/lib/python3.9/site-packages/airflow/example_dags/example_dataset_alias.py
[2026-09-18T11:48:59.437+0700] {processor.py:914} INFO - Processing file /Users/andreasanditya/Downloads/572392_Andreas_AirflowETL/code/.venv/lib/python3.9/site-packages/airflow/example_dags/example_dataset_alias.py for tasks to queue
[2026-09-18T11:48:59.438+0700] {logging_mixin.py:190} INFO - [2026-09-18T11:48:59.438+0700] {dagbag.py:588} INFO - Filling up the DagBag from /Users/andreasanditya/Downloads/572392_Andreas_AirflowETL/code/.venv/lib/python3.9/site-packages/airflow/example_dags/example_dataset_alias.py
[2026-09-18T11:48:59.556+0700] {processor.py:925} INFO - DAG(s) 'dataset_s3_bucket_consumer', 'dataset_s3_bucket_producer', 'dataset_alias_example_alias_producer', 'dataset_alias_example_alias_consumer' retrieved from /Users/andreasanditya/Downloads/572392_Andreas_AirflowETL/code/.venv/lib/python3.9/site-packages/airflow/example_dags/example_dataset_alias.py
[2026-09-18T11:48:59.570+0700] {logging_mixin.py:190} INFO - [2026-09-18T11:48:59.570+0700] {dag.py:3239} INFO - Sync 4 DAGs
[2026-09-18T11:48:59.581+0700] {logging_mixin.py:190} INFO - [2026-09-18T11:48:59.581+0700] {dag.py:4180} INFO - Setting next_dagrun for dataset_alias_example_alias_consumer to None, run_after=None
[2026-09-18T11:48:59.582+0700] {logging_mixin.py:190} INFO - [2026-09-18T11:48:59.582+0700] {dag.py:4180} INFO - Setting next_dagrun for dataset_alias_example_alias_producer to None, run_after=None
[2026-09-18T11:48:59.582+0700] {logging_mixin.py:190} INFO - [2026-09-18T11:48:59.582+0700] {dag.py:4180} INFO - Setting next_dagrun for dataset_s3_bucket_consumer to None, run_after=None
[2026-09-18T11:48:59.583+0700] {logging_mixin.py:190} INFO - [2026-09-18T11:48:59.583+0700] {dag.py:4180} INFO - Setting next_dagrun for dataset_s3_bucket_producer to None, run_after=None
[2026-09-18T11:48:59.594+0700] {processor.py:208} INFO - Processing /Users/andreasanditya/Downloads/572392_Andreas_AirflowETL/code/.venv/lib/python3.9/site-packages/airflow/example_dags/example_dataset_alias.py took 0.160 seconds
[2026-09-18T11:51:50.166+0700] {processor.py:186} INFO - Started process (PID=32215) to work on /Users/andreasanditya/Downloads/572392_Andreas_AirflowETL/code/.venv/lib/python3.9/site-packages/airflow/example_dags/example_dataset_alias.py
[2026-09-18T11:51:50.167+0700] {processor.py:914} INFO - Processing file /Users/andreasanditya/Downloads/572392_Andreas_AirflowETL/code/.venv/lib/python3.9/site-packages/airflow/example_dags/example_dataset_alias.py for tasks to queue
[2026-09-18T11:51:50.168+0700] {logging_mixin.py:190} INFO - [2026-09-18T11:51:50.168+0700] {dagbag.py:588} INFO - Filling up the DagBag from /Users/andreasanditya/Downloads/572392_Andreas_AirflowETL/code/.venv/lib/python3.9/site-packages/airflow/example_dags/example_dataset_alias.py
[2026-09-18T11:51:50.284+0700] {processor.py:925} INFO - DAG(s) 'dataset_alias_example_alias_producer', 'dataset_alias_example_alias_consumer', 'dataset_s3_bucket_producer', 'dataset_s3_bucket_consumer' retrieved from /Users/andreasanditya/Downloads/572392_Andreas_AirflowETL/code/.venv/lib/python3.9/site-packages/airflow/example_dags/example_dataset_alias.py
[2026-09-18T11:51:50.297+0700] {logging_mixin.py:190} INFO - [2026-09-18T11:51:50.297+0700] {dag.py:3239} INFO - Sync 4 DAGs
[2026-09-18T11:51:50.307+0700] {logging_mixin.py:190} INFO - [2026-09-18T11:51:50.307+0700] {dag.py:4180} INFO - Setting next_dagrun for dataset_alias_example_alias_consumer to None, run_after=None
[2026-09-18T11:51:50.308+0700] {logging_mixin.py:190} INFO - [2026-09-18T11:51:50.308+0700] {dag.py:4180} INFO - Setting next_dagrun for dataset_alias_example_alias_producer to None, run_after=None
[2026-09-18T11:51:50.309+0700] {logging_mixin.py:190} INFO - [2026-09-18T11:51:50.309+0700] {dag.py:4180} INFO - Setting next_dagrun for dataset_s3_bucket_consumer to None, run_after=None
[2026-09-18T11:51:50.309+0700] {logging_mixin.py:190} INFO - [2026-09-18T11:51:50.309+0700] {dag.py:4180} INFO - Setting next_dagrun for dataset_s3_bucket_producer to None, run_after=None
[2026-09-18T11:51:50.320+0700] {processor.py:208} INFO - Processing /Users/andreasanditya/Downloads/572392_Andreas_AirflowETL/code/.venv/lib/python3.9/site-packages/airflow/example_dags/example_dataset_alias.py took 0.156 seconds
[2026-09-18T11:54:43.815+0700] {processor.py:186} INFO - Started process (PID=33958) to work on /Users/andreasanditya/Downloads/572392_Andreas_AirflowETL/code/.venv/lib/python3.9/site-packages/airflow/example_dags/example_dataset_alias.py
[2026-09-18T11:54:43.817+0700] {processor.py:914} INFO - Processing file /Users/andreasanditya/Downloads/572392_Andreas_AirflowETL/code/.venv/lib/python3.9/site-packages/airflow/example_dags/example_dataset_alias.py for tasks to queue
[2026-09-18T11:54:43.818+0700] {logging_mixin.py:190} INFO - [2026-09-18T11:54:43.818+0700] {dagbag.py:588} INFO - Filling up the DagBag from /Users/andreasanditya/Downloads/572392_Andreas_AirflowETL/code/.venv/lib/python3.9/site-packages/airflow/example_dags/example_dataset_alias.py
[2026-09-18T11:54:43.940+0700] {processor.py:925} INFO - DAG(s) 'dataset_alias_example_alias_producer', 'dataset_alias_example_alias_consumer', 'dataset_s3_bucket_producer', 'dataset_s3_bucket_consumer' retrieved from /Users/andreasanditya/Downloads/572392_Andreas_AirflowETL/code/.venv/lib/python3.9/site-packages/airflow/example_dags/example_dataset_alias.py
[2026-09-18T11:54:43.952+0700] {logging_mixin.py:190} INFO - [2026-09-18T11:54:43.952+0700] {dag.py:3239} INFO - Sync 4 DAGs
[2026-09-18T11:54:43.963+0700] {logging_mixin.py:190} INFO - [2026-09-18T11:54:43.963+0700] {dag.py:4180} INFO - Setting next_dagrun for dataset_alias_example_alias_consumer to None, run_after=None
[2026-09-18T11:54:43.964+0700] {logging_mixin.py:190} INFO - [2026-09-18T11:54:43.964+0700] {dag.py:4180} INFO - Setting next_dagrun for dataset_alias_example_alias_producer to None, run_after=None
[2026-09-18T11:54:43.964+0700] {logging_mixin.py:190} INFO - [2026-09-18T11:54:43.964+0700] {dag.py:4180} INFO - Setting next_dagrun for dataset_s3_bucket_consumer to None, run_after=None
[2026-09-18T11:54:43.965+0700] {logging_mixin.py:190} INFO - [2026-09-18T11:54:43.965+0700] {dag.py:4180} INFO - Setting next_dagrun for dataset_s3_bucket_producer to None, run_after=None
[2026-09-18T11:54:43.976+0700] {processor.py:208} INFO - Processing /Users/andreasanditya/Downloads/572392_Andreas_AirflowETL/code/.venv/lib/python3.9/site-packages/airflow/example_dags/example_dataset_alias.py took 0.163 seconds
[2026-09-18T11:57:39.300+0700] {processor.py:186} INFO - Started process (PID=35698) to work on /Users/andreasanditya/Downloads/572392_Andreas_AirflowETL/code/.venv/lib/python3.9/site-packages/airflow/example_dags/example_dataset_alias.py
[2026-09-18T11:57:39.301+0700] {processor.py:914} INFO - Processing file /Users/andreasanditya/Downloads/572392_Andreas_AirflowETL/code/.venv/lib/python3.9/site-packages/airflow/example_dags/example_dataset_alias.py for tasks to queue
[2026-09-18T11:57:39.302+0700] {logging_mixin.py:190} INFO - [2026-09-18T11:57:39.301+0700] {dagbag.py:588} INFO - Filling up the DagBag from /Users/andreasanditya/Downloads/572392_Andreas_AirflowETL/code/.venv/lib/python3.9/site-packages/airflow/example_dags/example_dataset_alias.py
[2026-09-18T11:57:39.420+0700] {processor.py:925} INFO - DAG(s) 'dataset_alias_example_alias_producer', 'dataset_s3_bucket_consumer', 'dataset_s3_bucket_producer', 'dataset_alias_example_alias_consumer' retrieved from /Users/andreasanditya/Downloads/572392_Andreas_AirflowETL/code/.venv/lib/python3.9/site-packages/airflow/example_dags/example_dataset_alias.py
[2026-09-18T11:57:39.433+0700] {logging_mixin.py:190} INFO - [2026-09-18T11:57:39.433+0700] {dag.py:3239} INFO - Sync 4 DAGs
[2026-09-18T11:57:39.444+0700] {logging_mixin.py:190} INFO - [2026-09-18T11:57:39.443+0700] {dag.py:4180} INFO - Setting next_dagrun for dataset_alias_example_alias_consumer to None, run_after=None
[2026-09-18T11:57:39.445+0700] {logging_mixin.py:190} INFO - [2026-09-18T11:57:39.445+0700] {dag.py:4180} INFO - Setting next_dagrun for dataset_alias_example_alias_producer to None, run_after=None
[2026-09-18T11:57:39.445+0700] {logging_mixin.py:190} INFO - [2026-09-18T11:57:39.445+0700] {dag.py:4180} INFO - Setting next_dagrun for dataset_s3_bucket_consumer to None, run_after=None
[2026-09-18T11:57:39.446+0700] {logging_mixin.py:190} INFO - [2026-09-18T11:57:39.445+0700] {dag.py:4180} INFO - Setting next_dagrun for dataset_s3_bucket_producer to None, run_after=None
[2026-09-18T11:57:39.457+0700] {processor.py:208} INFO - Processing /Users/andreasanditya/Downloads/572392_Andreas_AirflowETL/code/.venv/lib/python3.9/site-packages/airflow/example_dags/example_dataset_alias.py took 0.159 seconds
[2026-09-18T12:00:29.165+0700] {processor.py:186} INFO - Started process (PID=37433) to work on /Users/andreasanditya/Downloads/572392_Andreas_AirflowETL/code/.venv/lib/python3.9/site-packages/airflow/example_dags/example_dataset_alias.py
[2026-09-18T12:00:29.166+0700] {processor.py:914} INFO - Processing file /Users/andreasanditya/Downloads/572392_Andreas_AirflowETL/code/.venv/lib/python3.9/site-packages/airflow/example_dags/example_dataset_alias.py for tasks to queue
[2026-09-18T12:00:29.167+0700] {logging_mixin.py:190} INFO - [2026-09-18T12:00:29.167+0700] {dagbag.py:588} INFO - Filling up the DagBag from /Users/andreasanditya/Downloads/572392_Andreas_AirflowETL/code/.venv/lib/python3.9/site-packages/airflow/example_dags/example_dataset_alias.py
[2026-09-18T12:00:29.284+0700] {processor.py:925} INFO - DAG(s) 'dataset_s3_bucket_producer', 'dataset_alias_example_alias_consumer', 'dataset_alias_example_alias_producer', 'dataset_s3_bucket_consumer' retrieved from /Users/andreasanditya/Downloads/572392_Andreas_AirflowETL/code/.venv/lib/python3.9/site-packages/airflow/example_dags/example_dataset_alias.py
[2026-09-18T12:00:29.297+0700] {logging_mixin.py:190} INFO - [2026-09-18T12:00:29.297+0700] {dag.py:3239} INFO - Sync 4 DAGs
[2026-09-18T12:00:29.307+0700] {logging_mixin.py:190} INFO - [2026-09-18T12:00:29.307+0700] {dag.py:4180} INFO - Setting next_dagrun for dataset_alias_example_alias_consumer to None, run_after=None
[2026-09-18T12:00:29.308+0700] {logging_mixin.py:190} INFO - [2026-09-18T12:00:29.308+0700] {dag.py:4180} INFO - Setting next_dagrun for dataset_alias_example_alias_producer to None, run_after=None
[2026-09-18T12:00:29.309+0700] {logging_mixin.py:190} INFO - [2026-09-18T12:00:29.309+0700] {dag.py:4180} INFO - Setting next_dagrun for dataset_s3_bucket_consumer to None, run_after=None
[2026-09-18T12:00:29.309+0700] {logging_mixin.py:190} INFO - [2026-09-18T12:00:29.309+0700] {dag.py:4180} INFO - Setting next_dagrun for dataset_s3_bucket_producer to None, run_after=None
[2026-09-18T12:00:29.321+0700] {processor.py:208} INFO - Processing /Users/andreasanditya/Downloads/572392_Andreas_AirflowETL/code/.venv/lib/python3.9/site-packages/airflow/example_dags/example_dataset_alias.py took 0.158 seconds
[2026-09-18T12:03:24.018+0700] {processor.py:186} INFO - Started process (PID=39184) to work on /Users/andreasanditya/Downloads/572392_Andreas_AirflowETL/code/.venv/lib/python3.9/site-packages/airflow/example_dags/example_dataset_alias.py
[2026-09-18T12:03:24.019+0700] {processor.py:914} INFO - Processing file /Users/andreasanditya/Downloads/572392_Andreas_AirflowETL/code/.venv/lib/python3.9/site-packages/airflow/example_dags/example_dataset_alias.py for tasks to queue
[2026-09-18T12:03:24.020+0700] {logging_mixin.py:190} INFO - [2026-09-18T12:03:24.020+0700] {dagbag.py:588} INFO - Filling up the DagBag from /Users/andreasanditya/Downloads/572392_Andreas_AirflowETL/code/.venv/lib/python3.9/site-packages/airflow/example_dags/example_dataset_alias.py
[2026-09-18T12:03:24.139+0700] {processor.py:925} INFO - DAG(s) 'dataset_s3_bucket_producer', 'dataset_alias_example_alias_producer', 'dataset_alias_example_alias_consumer', 'dataset_s3_bucket_consumer' retrieved from /Users/andreasanditya/Downloads/572392_Andreas_AirflowETL/code/.venv/lib/python3.9/site-packages/airflow/example_dags/example_dataset_alias.py
[2026-09-18T12:03:24.151+0700] {logging_mixin.py:190} INFO - [2026-09-18T12:03:24.151+0700] {dag.py:3239} INFO - Sync 4 DAGs
[2026-09-18T12:03:24.162+0700] {logging_mixin.py:190} INFO - [2026-09-18T12:03:24.162+0700] {dag.py:4180} INFO - Setting next_dagrun for dataset_alias_example_alias_consumer to None, run_after=None
[2026-09-18T12:03:24.163+0700] {logging_mixin.py:190} INFO - [2026-09-18T12:03:24.163+0700] {dag.py:4180} INFO - Setting next_dagrun for dataset_alias_example_alias_producer to None, run_after=None
[2026-09-18T12:03:24.163+0700] {logging_mixin.py:190} INFO - [2026-09-18T12:03:24.163+0700] {dag.py:4180} INFO - Setting next_dagrun for dataset_s3_bucket_consumer to None, run_after=None
[2026-09-18T12:03:24.164+0700] {logging_mixin.py:190} INFO - [2026-09-18T12:03:24.164+0700] {dag.py:4180} INFO - Setting next_dagrun for dataset_s3_bucket_producer to None, run_after=None
[2026-09-18T12:03:24.175+0700] {processor.py:208} INFO - Processing /Users/andreasanditya/Downloads/572392_Andreas_AirflowETL/code/.venv/lib/python3.9/site-packages/airflow/example_dags/example_dataset_alias.py took 0.159 seconds
[2026-09-18T12:06:18.282+0700] {processor.py:186} INFO - Started process (PID=40927) to work on /Users/andreasanditya/Downloads/572392_Andreas_AirflowETL/code/.venv/lib/python3.9/site-packages/airflow/example_dags/example_dataset_alias.py
[2026-09-18T12:06:18.283+0700] {processor.py:914} INFO - Processing file /Users/andreasanditya/Downloads/572392_Andreas_AirflowETL/code/.venv/lib/python3.9/site-packages/airflow/example_dags/example_dataset_alias.py for tasks to queue
[2026-09-18T12:06:18.284+0700] {logging_mixin.py:190} INFO - [2026-09-18T12:06:18.284+0700] {dagbag.py:588} INFO - Filling up the DagBag from /Users/andreasanditya/Downloads/572392_Andreas_AirflowETL/code/.venv/lib/python3.9/site-packages/airflow/example_dags/example_dataset_alias.py
[2026-09-18T12:06:18.405+0700] {processor.py:925} INFO - DAG(s) 'dataset_s3_bucket_producer', 'dataset_s3_bucket_consumer', 'dataset_alias_example_alias_producer', 'dataset_alias_example_alias_consumer' retrieved from /Users/andreasanditya/Downloads/572392_Andreas_AirflowETL/code/.venv/lib/python3.9/site-packages/airflow/example_dags/example_dataset_alias.py
[2026-09-18T12:06:18.419+0700] {logging_mixin.py:190} INFO - [2026-09-18T12:06:18.419+0700] {dag.py:3239} INFO - Sync 4 DAGs
[2026-09-18T12:06:18.430+0700] {logging_mixin.py:190} INFO - [2026-09-18T12:06:18.429+0700] {dag.py:4180} INFO - Setting next_dagrun for dataset_alias_example_alias_consumer to None, run_after=None
[2026-09-18T12:06:18.431+0700] {logging_mixin.py:190} INFO - [2026-09-18T12:06:18.431+0700] {dag.py:4180} INFO - Setting next_dagrun for dataset_alias_example_alias_producer to None, run_after=None
[2026-09-18T12:06:18.431+0700] {logging_mixin.py:190} INFO - [2026-09-18T12:06:18.431+0700] {dag.py:4180} INFO - Setting next_dagrun for dataset_s3_bucket_consumer to None, run_after=None
[2026-09-18T12:06:18.432+0700] {logging_mixin.py:190} INFO - [2026-09-18T12:06:18.432+0700] {dag.py:4180} INFO - Setting next_dagrun for dataset_s3_bucket_producer to None, run_after=None
[2026-09-18T12:06:18.443+0700] {processor.py:208} INFO - Processing /Users/andreasanditya/Downloads/572392_Andreas_AirflowETL/code/.venv/lib/python3.9/site-packages/airflow/example_dags/example_dataset_alias.py took 0.163 seconds
[2026-09-18T12:09:12.742+0700] {processor.py:186} INFO - Started process (PID=42669) to work on /Users/andreasanditya/Downloads/572392_Andreas_AirflowETL/code/.venv/lib/python3.9/site-packages/airflow/example_dags/example_dataset_alias.py
[2026-09-18T12:09:12.743+0700] {processor.py:914} INFO - Processing file /Users/andreasanditya/Downloads/572392_Andreas_AirflowETL/code/.venv/lib/python3.9/site-packages/airflow/example_dags/example_dataset_alias.py for tasks to queue
[2026-09-18T12:09:12.744+0700] {logging_mixin.py:190} INFO - [2026-09-18T12:09:12.744+0700] {dagbag.py:588} INFO - Filling up the DagBag from /Users/andreasanditya/Downloads/572392_Andreas_AirflowETL/code/.venv/lib/python3.9/site-packages/airflow/example_dags/example_dataset_alias.py
[2026-09-18T12:09:12.880+0700] {processor.py:925} INFO - DAG(s) 'dataset_s3_bucket_consumer', 'dataset_s3_bucket_producer', 'dataset_alias_example_alias_consumer', 'dataset_alias_example_alias_producer' retrieved from /Users/andreasanditya/Downloads/572392_Andreas_AirflowETL/code/.venv/lib/python3.9/site-packages/airflow/example_dags/example_dataset_alias.py
[2026-09-18T12:09:12.892+0700] {logging_mixin.py:190} INFO - [2026-09-18T12:09:12.892+0700] {dag.py:3239} INFO - Sync 4 DAGs
[2026-09-18T12:09:12.903+0700] {logging_mixin.py:190} INFO - [2026-09-18T12:09:12.902+0700] {dag.py:4180} INFO - Setting next_dagrun for dataset_alias_example_alias_consumer to None, run_after=None
[2026-09-18T12:09:12.904+0700] {logging_mixin.py:190} INFO - [2026-09-18T12:09:12.904+0700] {dag.py:4180} INFO - Setting next_dagrun for dataset_alias_example_alias_producer to None, run_after=None
[2026-09-18T12:09:12.904+0700] {logging_mixin.py:190} INFO - [2026-09-18T12:09:12.904+0700] {dag.py:4180} INFO - Setting next_dagrun for dataset_s3_bucket_consumer to None, run_after=None
[2026-09-18T12:09:12.905+0700] {logging_mixin.py:190} INFO - [2026-09-18T12:09:12.904+0700] {dag.py:4180} INFO - Setting next_dagrun for dataset_s3_bucket_producer to None, run_after=None
[2026-09-18T12:09:12.917+0700] {processor.py:208} INFO - Processing /Users/andreasanditya/Downloads/572392_Andreas_AirflowETL/code/.venv/lib/python3.9/site-packages/airflow/example_dags/example_dataset_alias.py took 0.177 seconds
[2026-09-18T12:12:06.979+0700] {processor.py:186} INFO - Started process (PID=44481) to work on /Users/andreasanditya/Downloads/572392_Andreas_AirflowETL/code/.venv/lib/python3.9/site-packages/airflow/example_dags/example_dataset_alias.py
[2026-09-18T12:12:06.980+0700] {processor.py:914} INFO - Processing file /Users/andreasanditya/Downloads/572392_Andreas_AirflowETL/code/.venv/lib/python3.9/site-packages/airflow/example_dags/example_dataset_alias.py for tasks to queue
[2026-09-18T12:12:06.981+0700] {logging_mixin.py:190} INFO - [2026-09-18T12:12:06.981+0700] {dagbag.py:588} INFO - Filling up the DagBag from /Users/andreasanditya/Downloads/572392_Andreas_AirflowETL/code/.venv/lib/python3.9/site-packages/airflow/example_dags/example_dataset_alias.py
[2026-09-18T12:12:07.100+0700] {processor.py:925} INFO - DAG(s) 'dataset_alias_example_alias_consumer', 'dataset_alias_example_alias_producer', 'dataset_s3_bucket_consumer', 'dataset_s3_bucket_producer' retrieved from /Users/andreasanditya/Downloads/572392_Andreas_AirflowETL/code/.venv/lib/python3.9/site-packages/airflow/example_dags/example_dataset_alias.py
[2026-09-18T12:12:07.112+0700] {logging_mixin.py:190} INFO - [2026-09-18T12:12:07.112+0700] {dag.py:3239} INFO - Sync 4 DAGs
[2026-09-18T12:12:07.122+0700] {logging_mixin.py:190} INFO - [2026-09-18T12:12:07.122+0700] {dag.py:4180} INFO - Setting next_dagrun for dataset_alias_example_alias_consumer to None, run_after=None
[2026-09-18T12:12:07.124+0700] {logging_mixin.py:190} INFO - [2026-09-18T12:12:07.123+0700] {dag.py:4180} INFO - Setting next_dagrun for dataset_alias_example_alias_producer to None, run_after=None
[2026-09-18T12:12:07.124+0700] {logging_mixin.py:190} INFO - [2026-09-18T12:12:07.124+0700] {dag.py:4180} INFO - Setting next_dagrun for dataset_s3_bucket_consumer to None, run_after=None
[2026-09-18T12:12:07.124+0700] {logging_mixin.py:190} INFO - [2026-09-18T12:12:07.124+0700] {dag.py:4180} INFO - Setting next_dagrun for dataset_s3_bucket_producer to None, run_after=None
[2026-09-18T12:12:07.136+0700] {processor.py:208} INFO - Processing /Users/andreasanditya/Downloads/572392_Andreas_AirflowETL/code/.venv/lib/python3.9/site-packages/airflow/example_dags/example_dataset_alias.py took 0.159 seconds
[2026-09-18T12:15:04.540+0700] {processor.py:186} INFO - Started process (PID=47173) to work on /Users/andreasanditya/Downloads/572392_Andreas_AirflowETL/code/.venv/lib/python3.9/site-packages/airflow/example_dags/example_dataset_alias.py
[2026-09-18T12:15:04.541+0700] {processor.py:914} INFO - Processing file /Users/andreasanditya/Downloads/572392_Andreas_AirflowETL/code/.venv/lib/python3.9/site-packages/airflow/example_dags/example_dataset_alias.py for tasks to queue
[2026-09-18T12:15:04.542+0700] {logging_mixin.py:190} INFO - [2026-09-18T12:15:04.541+0700] {dagbag.py:588} INFO - Filling up the DagBag from /Users/andreasanditya/Downloads/572392_Andreas_AirflowETL/code/.venv/lib/python3.9/site-packages/airflow/example_dags/example_dataset_alias.py
[2026-09-18T12:15:04.661+0700] {processor.py:925} INFO - DAG(s) 'dataset_alias_example_alias_producer', 'dataset_s3_bucket_producer', 'dataset_alias_example_alias_consumer', 'dataset_s3_bucket_consumer' retrieved from /Users/andreasanditya/Downloads/572392_Andreas_AirflowETL/code/.venv/lib/python3.9/site-packages/airflow/example_dags/example_dataset_alias.py
[2026-09-18T12:15:04.674+0700] {logging_mixin.py:190} INFO - [2026-09-18T12:15:04.673+0700] {dag.py:3239} INFO - Sync 4 DAGs
[2026-09-18T12:15:04.684+0700] {logging_mixin.py:190} INFO - [2026-09-18T12:15:04.684+0700] {dag.py:4180} INFO - Setting next_dagrun for dataset_alias_example_alias_consumer to None, run_after=None
[2026-09-18T12:15:04.685+0700] {logging_mixin.py:190} INFO - [2026-09-18T12:15:04.685+0700] {dag.py:4180} INFO - Setting next_dagrun for dataset_alias_example_alias_producer to None, run_after=None
[2026-09-18T12:15:04.686+0700] {logging_mixin.py:190} INFO - [2026-09-18T12:15:04.686+0700] {dag.py:4180} INFO - Setting next_dagrun for dataset_s3_bucket_consumer to None, run_after=None
[2026-09-18T12:15:04.686+0700] {logging_mixin.py:190} INFO - [2026-09-18T12:15:04.686+0700] {dag.py:4180} INFO - Setting next_dagrun for dataset_s3_bucket_producer to None, run_after=None
[2026-09-18T12:15:04.698+0700] {processor.py:208} INFO - Processing /Users/andreasanditya/Downloads/572392_Andreas_AirflowETL/code/.venv/lib/python3.9/site-packages/airflow/example_dags/example_dataset_alias.py took 0.161 seconds
[2026-09-18T12:18:00.034+0700] {processor.py:186} INFO - Started process (PID=50024) to work on /Users/andreasanditya/Downloads/572392_Andreas_AirflowETL/code/.venv/lib/python3.9/site-packages/airflow/example_dags/example_dataset_alias.py
[2026-09-18T12:18:00.035+0700] {processor.py:914} INFO - Processing file /Users/andreasanditya/Downloads/572392_Andreas_AirflowETL/code/.venv/lib/python3.9/site-packages/airflow/example_dags/example_dataset_alias.py for tasks to queue
[2026-09-18T12:18:00.036+0700] {logging_mixin.py:190} INFO - [2026-09-18T12:18:00.036+0700] {dagbag.py:588} INFO - Filling up the DagBag from /Users/andreasanditya/Downloads/572392_Andreas_AirflowETL/code/.venv/lib/python3.9/site-packages/airflow/example_dags/example_dataset_alias.py
[2026-09-18T12:18:00.152+0700] {processor.py:925} INFO - DAG(s) 'dataset_s3_bucket_producer', 'dataset_alias_example_alias_producer', 'dataset_s3_bucket_consumer', 'dataset_alias_example_alias_consumer' retrieved from /Users/andreasanditya/Downloads/572392_Andreas_AirflowETL/code/.venv/lib/python3.9/site-packages/airflow/example_dags/example_dataset_alias.py
[2026-09-18T12:18:00.164+0700] {logging_mixin.py:190} INFO - [2026-09-18T12:18:00.164+0700] {dag.py:3239} INFO - Sync 4 DAGs
[2026-09-18T12:18:00.174+0700] {logging_mixin.py:190} INFO - [2026-09-18T12:18:00.174+0700] {dag.py:4180} INFO - Setting next_dagrun for dataset_alias_example_alias_consumer to None, run_after=None
[2026-09-18T12:18:00.175+0700] {logging_mixin.py:190} INFO - [2026-09-18T12:18:00.175+0700] {dag.py:4180} INFO - Setting next_dagrun for dataset_alias_example_alias_producer to None, run_after=None
[2026-09-18T12:18:00.176+0700] {logging_mixin.py:190} INFO - [2026-09-18T12:18:00.176+0700] {dag.py:4180} INFO - Setting next_dagrun for dataset_s3_bucket_consumer to None, run_after=None
[2026-09-18T12:18:00.176+0700] {logging_mixin.py:190} INFO - [2026-09-18T12:18:00.176+0700] {dag.py:4180} INFO - Setting next_dagrun for dataset_s3_bucket_producer to None, run_after=None
[2026-09-18T12:18:00.188+0700] {processor.py:208} INFO - Processing /Users/andreasanditya/Downloads/572392_Andreas_AirflowETL/code/.venv/lib/python3.9/site-packages/airflow/example_dags/example_dataset_alias.py took 0.156 seconds
[2026-09-18T12:20:58.226+0700] {processor.py:186} INFO - Started process (PID=53293) to work on /Users/andreasanditya/Downloads/572392_Andreas_AirflowETL/code/.venv/lib/python3.9/site-packages/airflow/example_dags/example_dataset_alias.py
[2026-09-18T12:20:58.227+0700] {processor.py:914} INFO - Processing file /Users/andreasanditya/Downloads/572392_Andreas_AirflowETL/code/.venv/lib/python3.9/site-packages/airflow/example_dags/example_dataset_alias.py for tasks to queue
[2026-09-18T12:20:58.228+0700] {logging_mixin.py:190} INFO - [2026-09-18T12:20:58.227+0700] {dagbag.py:588} INFO - Filling up the DagBag from /Users/andreasanditya/Downloads/572392_Andreas_AirflowETL/code/.venv/lib/python3.9/site-packages/airflow/example_dags/example_dataset_alias.py
[2026-09-18T12:20:58.347+0700] {processor.py:925} INFO - DAG(s) 'dataset_s3_bucket_consumer', 'dataset_alias_example_alias_producer', 'dataset_alias_example_alias_consumer', 'dataset_s3_bucket_producer' retrieved from /Users/andreasanditya/Downloads/572392_Andreas_AirflowETL/code/.venv/lib/python3.9/site-packages/airflow/example_dags/example_dataset_alias.py
[2026-09-18T12:20:58.360+0700] {logging_mixin.py:190} INFO - [2026-09-18T12:20:58.360+0700] {dag.py:3239} INFO - Sync 4 DAGs
[2026-09-18T12:20:58.371+0700] {logging_mixin.py:190} INFO - [2026-09-18T12:20:58.371+0700] {dag.py:4180} INFO - Setting next_dagrun for dataset_alias_example_alias_consumer to None, run_after=None
[2026-09-18T12:20:58.372+0700] {logging_mixin.py:190} INFO - [2026-09-18T12:20:58.372+0700] {dag.py:4180} INFO - Setting next_dagrun for dataset_alias_example_alias_producer to None, run_after=None
[2026-09-18T12:20:58.372+0700] {logging_mixin.py:190} INFO - [2026-09-18T12:20:58.372+0700] {dag.py:4180} INFO - Setting next_dagrun for dataset_s3_bucket_consumer to None, run_after=None
[2026-09-18T12:20:58.373+0700] {logging_mixin.py:190} INFO - [2026-09-18T12:20:58.373+0700] {dag.py:4180} INFO - Setting next_dagrun for dataset_s3_bucket_producer to None, run_after=None
[2026-09-18T12:20:58.384+0700] {processor.py:208} INFO - Processing /Users/andreasanditya/Downloads/572392_Andreas_AirflowETL/code/.venv/lib/python3.9/site-packages/airflow/example_dags/example_dataset_alias.py took 0.160 seconds
[2026-09-18T12:23:51.612+0700] {processor.py:186} INFO - Started process (PID=55081) to work on /Users/andreasanditya/Downloads/572392_Andreas_AirflowETL/code/.venv/lib/python3.9/site-packages/airflow/example_dags/example_dataset_alias.py
[2026-09-18T12:23:51.613+0700] {processor.py:914} INFO - Processing file /Users/andreasanditya/Downloads/572392_Andreas_AirflowETL/code/.venv/lib/python3.9/site-packages/airflow/example_dags/example_dataset_alias.py for tasks to queue
[2026-09-18T12:23:51.613+0700] {logging_mixin.py:190} INFO - [2026-09-18T12:23:51.613+0700] {dagbag.py:588} INFO - Filling up the DagBag from /Users/andreasanditya/Downloads/572392_Andreas_AirflowETL/code/.venv/lib/python3.9/site-packages/airflow/example_dags/example_dataset_alias.py
[2026-09-18T12:23:51.733+0700] {processor.py:925} INFO - DAG(s) 'dataset_s3_bucket_consumer', 'dataset_alias_example_alias_consumer', 'dataset_s3_bucket_producer', 'dataset_alias_example_alias_producer' retrieved from /Users/andreasanditya/Downloads/572392_Andreas_AirflowETL/code/.venv/lib/python3.9/site-packages/airflow/example_dags/example_dataset_alias.py
[2026-09-18T12:23:51.746+0700] {logging_mixin.py:190} INFO - [2026-09-18T12:23:51.746+0700] {dag.py:3239} INFO - Sync 4 DAGs
[2026-09-18T12:23:51.758+0700] {logging_mixin.py:190} INFO - [2026-09-18T12:23:51.758+0700] {dag.py:4180} INFO - Setting next_dagrun for dataset_alias_example_alias_consumer to None, run_after=None
[2026-09-18T12:23:51.759+0700] {logging_mixin.py:190} INFO - [2026-09-18T12:23:51.759+0700] {dag.py:4180} INFO - Setting next_dagrun for dataset_alias_example_alias_producer to None, run_after=None
[2026-09-18T12:23:51.760+0700] {logging_mixin.py:190} INFO - [2026-09-18T12:23:51.760+0700] {dag.py:4180} INFO - Setting next_dagrun for dataset_s3_bucket_consumer to None, run_after=None
[2026-09-18T12:23:51.760+0700] {logging_mixin.py:190} INFO - [2026-09-18T12:23:51.760+0700] {dag.py:4180} INFO - Setting next_dagrun for dataset_s3_bucket_producer to None, run_after=None
[2026-09-18T12:23:51.772+0700] {processor.py:208} INFO - Processing /Users/andreasanditya/Downloads/572392_Andreas_AirflowETL/code/.venv/lib/python3.9/site-packages/airflow/example_dags/example_dataset_alias.py took 0.163 seconds
[2026-09-18T12:26:44.633+0700] {processor.py:186} INFO - Started process (PID=56922) to work on /Users/andreasanditya/Downloads/572392_Andreas_AirflowETL/code/.venv/lib/python3.9/site-packages/airflow/example_dags/example_dataset_alias.py
[2026-09-18T12:26:44.633+0700] {processor.py:914} INFO - Processing file /Users/andreasanditya/Downloads/572392_Andreas_AirflowETL/code/.venv/lib/python3.9/site-packages/airflow/example_dags/example_dataset_alias.py for tasks to queue
[2026-09-18T12:26:44.634+0700] {logging_mixin.py:190} INFO - [2026-09-18T12:26:44.634+0700] {dagbag.py:588} INFO - Filling up the DagBag from /Users/andreasanditya/Downloads/572392_Andreas_AirflowETL/code/.venv/lib/python3.9/site-packages/airflow/example_dags/example_dataset_alias.py
[2026-09-18T12:26:44.750+0700] {processor.py:925} INFO - DAG(s) 'dataset_alias_example_alias_producer', 'dataset_s3_bucket_consumer', 'dataset_alias_example_alias_consumer', 'dataset_s3_bucket_producer' retrieved from /Users/andreasanditya/Downloads/572392_Andreas_AirflowETL/code/.venv/lib/python3.9/site-packages/airflow/example_dags/example_dataset_alias.py
[2026-09-18T12:26:44.762+0700] {logging_mixin.py:190} INFO - [2026-09-18T12:26:44.762+0700] {dag.py:3239} INFO - Sync 4 DAGs
[2026-09-18T12:26:44.772+0700] {logging_mixin.py:190} INFO - [2026-09-18T12:26:44.772+0700] {dag.py:4180} INFO - Setting next_dagrun for dataset_alias_example_alias_consumer to None, run_after=None
[2026-09-18T12:26:44.774+0700] {logging_mixin.py:190} INFO - [2026-09-18T12:26:44.773+0700] {dag.py:4180} INFO - Setting next_dagrun for dataset_alias_example_alias_producer to None, run_after=None
[2026-09-18T12:26:44.774+0700] {logging_mixin.py:190} INFO - [2026-09-18T12:26:44.774+0700] {dag.py:4180} INFO - Setting next_dagrun for dataset_s3_bucket_consumer to None, run_after=None
[2026-09-18T12:26:44.774+0700] {logging_mixin.py:190} INFO - [2026-09-18T12:26:44.774+0700] {dag.py:4180} INFO - Setting next_dagrun for dataset_s3_bucket_producer to None, run_after=None
[2026-09-18T12:26:44.786+0700] {processor.py:208} INFO - Processing /Users/andreasanditya/Downloads/572392_Andreas_AirflowETL/code/.venv/lib/python3.9/site-packages/airflow/example_dags/example_dataset_alias.py took 0.155 seconds
[2026-09-18T12:29:35.175+0700] {processor.py:186} INFO - Started process (PID=58692) to work on /Users/andreasanditya/Downloads/572392_Andreas_AirflowETL/code/.venv/lib/python3.9/site-packages/airflow/example_dags/example_dataset_alias.py
[2026-09-18T12:29:35.176+0700] {processor.py:914} INFO - Processing file /Users/andreasanditya/Downloads/572392_Andreas_AirflowETL/code/.venv/lib/python3.9/site-packages/airflow/example_dags/example_dataset_alias.py for tasks to queue
[2026-09-18T12:29:35.176+0700] {logging_mixin.py:190} INFO - [2026-09-18T12:29:35.176+0700] {dagbag.py:588} INFO - Filling up the DagBag from /Users/andreasanditya/Downloads/572392_Andreas_AirflowETL/code/.venv/lib/python3.9/site-packages/airflow/example_dags/example_dataset_alias.py
[2026-09-18T12:29:35.294+0700] {processor.py:925} INFO - DAG(s) 'dataset_alias_example_alias_consumer', 'dataset_s3_bucket_consumer', 'dataset_alias_example_alias_producer', 'dataset_s3_bucket_producer' retrieved from /Users/andreasanditya/Downloads/572392_Andreas_AirflowETL/code/.venv/lib/python3.9/site-packages/airflow/example_dags/example_dataset_alias.py
[2026-09-18T12:29:35.306+0700] {logging_mixin.py:190} INFO - [2026-09-18T12:29:35.306+0700] {dag.py:3239} INFO - Sync 4 DAGs
[2026-09-18T12:29:35.316+0700] {logging_mixin.py:190} INFO - [2026-09-18T12:29:35.316+0700] {dag.py:4180} INFO - Setting next_dagrun for dataset_alias_example_alias_consumer to None, run_after=None
[2026-09-18T12:29:35.318+0700] {logging_mixin.py:190} INFO - [2026-09-18T12:29:35.317+0700] {dag.py:4180} INFO - Setting next_dagrun for dataset_alias_example_alias_producer to None, run_after=None
[2026-09-18T12:29:35.318+0700] {logging_mixin.py:190} INFO - [2026-09-18T12:29:35.318+0700] {dag.py:4180} INFO - Setting next_dagrun for dataset_s3_bucket_consumer to None, run_after=None
[2026-09-18T12:29:35.319+0700] {logging_mixin.py:190} INFO - [2026-09-18T12:29:35.318+0700] {dag.py:4180} INFO - Setting next_dagrun for dataset_s3_bucket_producer to None, run_after=None
[2026-09-18T12:29:35.330+0700] {processor.py:208} INFO - Processing /Users/andreasanditya/Downloads/572392_Andreas_AirflowETL/code/.venv/lib/python3.9/site-packages/airflow/example_dags/example_dataset_alias.py took 0.157 seconds
[2026-09-18T12:32:22.141+0700] {processor.py:186} INFO - Started process (PID=60433) to work on /Users/andreasanditya/Downloads/572392_Andreas_AirflowETL/code/.venv/lib/python3.9/site-packages/airflow/example_dags/example_dataset_alias.py
[2026-09-18T12:32:22.142+0700] {processor.py:914} INFO - Processing file /Users/andreasanditya/Downloads/572392_Andreas_AirflowETL/code/.venv/lib/python3.9/site-packages/airflow/example_dags/example_dataset_alias.py for tasks to queue
[2026-09-18T12:32:22.142+0700] {logging_mixin.py:190} INFO - [2026-09-18T12:32:22.142+0700] {dagbag.py:588} INFO - Filling up the DagBag from /Users/andreasanditya/Downloads/572392_Andreas_AirflowETL/code/.venv/lib/python3.9/site-packages/airflow/example_dags/example_dataset_alias.py
[2026-09-18T12:32:22.257+0700] {processor.py:925} INFO - DAG(s) 'dataset_alias_example_alias_producer', 'dataset_s3_bucket_consumer', 'dataset_s3_bucket_producer', 'dataset_alias_example_alias_consumer' retrieved from /Users/andreasanditya/Downloads/572392_Andreas_AirflowETL/code/.venv/lib/python3.9/site-packages/airflow/example_dags/example_dataset_alias.py
[2026-09-18T12:32:22.269+0700] {logging_mixin.py:190} INFO - [2026-09-18T12:32:22.269+0700] {dag.py:3239} INFO - Sync 4 DAGs
[2026-09-18T12:32:22.279+0700] {logging_mixin.py:190} INFO - [2026-09-18T12:32:22.279+0700] {dag.py:4180} INFO - Setting next_dagrun for dataset_alias_example_alias_consumer to None, run_after=None
[2026-09-18T12:32:22.280+0700] {logging_mixin.py:190} INFO - [2026-09-18T12:32:22.280+0700] {dag.py:4180} INFO - Setting next_dagrun for dataset_alias_example_alias_producer to None, run_after=None
[2026-09-18T12:32:22.281+0700] {logging_mixin.py:190} INFO - [2026-09-18T12:32:22.281+0700] {dag.py:4180} INFO - Setting next_dagrun for dataset_s3_bucket_consumer to None, run_after=None
[2026-09-18T12:32:22.281+0700] {logging_mixin.py:190} INFO - [2026-09-18T12:32:22.281+0700] {dag.py:4180} INFO - Setting next_dagrun for dataset_s3_bucket_producer to None, run_after=None
[2026-09-18T12:32:22.292+0700] {processor.py:208} INFO - Processing /Users/andreasanditya/Downloads/572392_Andreas_AirflowETL/code/.venv/lib/python3.9/site-packages/airflow/example_dags/example_dataset_alias.py took 0.154 seconds
[2026-09-18T12:35:13.951+0700] {processor.py:186} INFO - Started process (PID=62208) to work on /Users/andreasanditya/Downloads/572392_Andreas_AirflowETL/code/.venv/lib/python3.9/site-packages/airflow/example_dags/example_dataset_alias.py
[2026-09-18T12:35:13.952+0700] {processor.py:914} INFO - Processing file /Users/andreasanditya/Downloads/572392_Andreas_AirflowETL/code/.venv/lib/python3.9/site-packages/airflow/example_dags/example_dataset_alias.py for tasks to queue
[2026-09-18T12:35:13.953+0700] {logging_mixin.py:190} INFO - [2026-09-18T12:35:13.953+0700] {dagbag.py:588} INFO - Filling up the DagBag from /Users/andreasanditya/Downloads/572392_Andreas_AirflowETL/code/.venv/lib/python3.9/site-packages/airflow/example_dags/example_dataset_alias.py
[2026-09-18T12:35:14.069+0700] {processor.py:925} INFO - DAG(s) 'dataset_s3_bucket_consumer', 'dataset_alias_example_alias_producer', 'dataset_alias_example_alias_consumer', 'dataset_s3_bucket_producer' retrieved from /Users/andreasanditya/Downloads/572392_Andreas_AirflowETL/code/.venv/lib/python3.9/site-packages/airflow/example_dags/example_dataset_alias.py
[2026-09-18T12:35:14.081+0700] {logging_mixin.py:190} INFO - [2026-09-18T12:35:14.081+0700] {dag.py:3239} INFO - Sync 4 DAGs
[2026-09-18T12:35:14.091+0700] {logging_mixin.py:190} INFO - [2026-09-18T12:35:14.091+0700] {dag.py:4180} INFO - Setting next_dagrun for dataset_alias_example_alias_consumer to None, run_after=None
[2026-09-18T12:35:14.092+0700] {logging_mixin.py:190} INFO - [2026-09-18T12:35:14.092+0700] {dag.py:4180} INFO - Setting next_dagrun for dataset_alias_example_alias_producer to None, run_after=None
[2026-09-18T12:35:14.093+0700] {logging_mixin.py:190} INFO - [2026-09-18T12:35:14.093+0700] {dag.py:4180} INFO - Setting next_dagrun for dataset_s3_bucket_consumer to None, run_after=None
[2026-09-18T12:35:14.093+0700] {logging_mixin.py:190} INFO - [2026-09-18T12:35:14.093+0700] {dag.py:4180} INFO - Setting next_dagrun for dataset_s3_bucket_producer to None, run_after=None
[2026-09-18T12:35:14.104+0700] {processor.py:208} INFO - Processing /Users/andreasanditya/Downloads/572392_Andreas_AirflowETL/code/.venv/lib/python3.9/site-packages/airflow/example_dags/example_dataset_alias.py took 0.155 seconds
[2026-09-18T12:38:05.263+0700] {processor.py:186} INFO - Started process (PID=63900) to work on /Users/andreasanditya/Downloads/572392_Andreas_AirflowETL/code/.venv/lib/python3.9/site-packages/airflow/example_dags/example_dataset_alias.py
[2026-09-18T12:38:05.264+0700] {processor.py:914} INFO - Processing file /Users/andreasanditya/Downloads/572392_Andreas_AirflowETL/code/.venv/lib/python3.9/site-packages/airflow/example_dags/example_dataset_alias.py for tasks to queue
[2026-09-18T12:38:05.265+0700] {logging_mixin.py:190} INFO - [2026-09-18T12:38:05.265+0700] {dagbag.py:588} INFO - Filling up the DagBag from /Users/andreasanditya/Downloads/572392_Andreas_AirflowETL/code/.venv/lib/python3.9/site-packages/airflow/example_dags/example_dataset_alias.py
[2026-09-18T12:38:05.380+0700] {processor.py:925} INFO - DAG(s) 'dataset_s3_bucket_producer', 'dataset_alias_example_alias_consumer', 'dataset_s3_bucket_consumer', 'dataset_alias_example_alias_producer' retrieved from /Users/andreasanditya/Downloads/572392_Andreas_AirflowETL/code/.venv/lib/python3.9/site-packages/airflow/example_dags/example_dataset_alias.py
[2026-09-18T12:38:05.393+0700] {logging_mixin.py:190} INFO - [2026-09-18T12:38:05.393+0700] {dag.py:3239} INFO - Sync 4 DAGs
[2026-09-18T12:38:05.403+0700] {logging_mixin.py:190} INFO - [2026-09-18T12:38:05.403+0700] {dag.py:4180} INFO - Setting next_dagrun for dataset_alias_example_alias_consumer to None, run_after=None
[2026-09-18T12:38:05.404+0700] {logging_mixin.py:190} INFO - [2026-09-18T12:38:05.404+0700] {dag.py:4180} INFO - Setting next_dagrun for dataset_alias_example_alias_producer to None, run_after=None
[2026-09-18T12:38:05.405+0700] {logging_mixin.py:190} INFO - [2026-09-18T12:38:05.405+0700] {dag.py:4180} INFO - Setting next_dagrun for dataset_s3_bucket_consumer to None, run_after=None
[2026-09-18T12:38:05.405+0700] {logging_mixin.py:190} INFO - [2026-09-18T12:38:05.405+0700] {dag.py:4180} INFO - Setting next_dagrun for dataset_s3_bucket_producer to None, run_after=None
[2026-09-18T12:38:05.417+0700] {processor.py:208} INFO - Processing /Users/andreasanditya/Downloads/572392_Andreas_AirflowETL/code/.venv/lib/python3.9/site-packages/airflow/example_dags/example_dataset_alias.py took 0.156 seconds
[2026-09-18T12:41:00.426+0700] {processor.py:186} INFO - Started process (PID=65733) to work on /Users/andreasanditya/Downloads/572392_Andreas_AirflowETL/code/.venv/lib/python3.9/site-packages/airflow/example_dags/example_dataset_alias.py
[2026-09-18T12:41:00.427+0700] {processor.py:914} INFO - Processing file /Users/andreasanditya/Downloads/572392_Andreas_AirflowETL/code/.venv/lib/python3.9/site-packages/airflow/example_dags/example_dataset_alias.py for tasks to queue
[2026-09-18T12:41:00.428+0700] {logging_mixin.py:190} INFO - [2026-09-18T12:41:00.428+0700] {dagbag.py:588} INFO - Filling up the DagBag from /Users/andreasanditya/Downloads/572392_Andreas_AirflowETL/code/.venv/lib/python3.9/site-packages/airflow/example_dags/example_dataset_alias.py
[2026-09-18T12:41:00.542+0700] {processor.py:925} INFO - DAG(s) 'dataset_s3_bucket_producer', 'dataset_alias_example_alias_producer', 'dataset_s3_bucket_consumer', 'dataset_alias_example_alias_consumer' retrieved from /Users/andreasanditya/Downloads/572392_Andreas_AirflowETL/code/.venv/lib/python3.9/site-packages/airflow/example_dags/example_dataset_alias.py
[2026-09-18T12:41:00.555+0700] {logging_mixin.py:190} INFO - [2026-09-18T12:41:00.554+0700] {dag.py:3239} INFO - Sync 4 DAGs
[2026-09-18T12:41:00.565+0700] {logging_mixin.py:190} INFO - [2026-09-18T12:41:00.565+0700] {dag.py:4180} INFO - Setting next_dagrun for dataset_alias_example_alias_consumer to None, run_after=None
[2026-09-18T12:41:00.566+0700] {logging_mixin.py:190} INFO - [2026-09-18T12:41:00.566+0700] {dag.py:4180} INFO - Setting next_dagrun for dataset_alias_example_alias_producer to None, run_after=None
[2026-09-18T12:41:00.566+0700] {logging_mixin.py:190} INFO - [2026-09-18T12:41:00.566+0700] {dag.py:4180} INFO - Setting next_dagrun for dataset_s3_bucket_consumer to None, run_after=None
[2026-09-18T12:41:00.567+0700] {logging_mixin.py:190} INFO - [2026-09-18T12:41:00.567+0700] {dag.py:4180} INFO - Setting next_dagrun for dataset_s3_bucket_producer to None, run_after=None
[2026-09-18T12:41:00.578+0700] {processor.py:208} INFO - Processing /Users/andreasanditya/Downloads/572392_Andreas_AirflowETL/code/.venv/lib/python3.9/site-packages/airflow/example_dags/example_dataset_alias.py took 0.154 seconds
[2026-09-18T12:43:52.262+0700] {processor.py:186} INFO - Started process (PID=67463) to work on /Users/andreasanditya/Downloads/572392_Andreas_AirflowETL/code/.venv/lib/python3.9/site-packages/airflow/example_dags/example_dataset_alias.py
[2026-09-18T12:43:52.264+0700] {processor.py:914} INFO - Processing file /Users/andreasanditya/Downloads/572392_Andreas_AirflowETL/code/.venv/lib/python3.9/site-packages/airflow/example_dags/example_dataset_alias.py for tasks to queue
[2026-09-18T12:43:52.264+0700] {logging_mixin.py:190} INFO - [2026-09-18T12:43:52.264+0700] {dagbag.py:588} INFO - Filling up the DagBag from /Users/andreasanditya/Downloads/572392_Andreas_AirflowETL/code/.venv/lib/python3.9/site-packages/airflow/example_dags/example_dataset_alias.py
[2026-09-18T12:43:52.380+0700] {processor.py:925} INFO - DAG(s) 'dataset_s3_bucket_producer', 'dataset_alias_example_alias_consumer', 'dataset_s3_bucket_consumer', 'dataset_alias_example_alias_producer' retrieved from /Users/andreasanditya/Downloads/572392_Andreas_AirflowETL/code/.venv/lib/python3.9/site-packages/airflow/example_dags/example_dataset_alias.py
[2026-09-18T12:43:52.393+0700] {logging_mixin.py:190} INFO - [2026-09-18T12:43:52.393+0700] {dag.py:3239} INFO - Sync 4 DAGs
[2026-09-18T12:43:52.403+0700] {logging_mixin.py:190} INFO - [2026-09-18T12:43:52.403+0700] {dag.py:4180} INFO - Setting next_dagrun for dataset_alias_example_alias_consumer to None, run_after=None
[2026-09-18T12:43:52.404+0700] {logging_mixin.py:190} INFO - [2026-09-18T12:43:52.404+0700] {dag.py:4180} INFO - Setting next_dagrun for dataset_alias_example_alias_producer to None, run_after=None
[2026-09-18T12:43:52.405+0700] {logging_mixin.py:190} INFO - [2026-09-18T12:43:52.405+0700] {dag.py:4180} INFO - Setting next_dagrun for dataset_s3_bucket_consumer to None, run_after=None
[2026-09-18T12:43:52.405+0700] {logging_mixin.py:190} INFO - [2026-09-18T12:43:52.405+0700] {dag.py:4180} INFO - Setting next_dagrun for dataset_s3_bucket_producer to None, run_after=None
[2026-09-18T12:43:52.417+0700] {processor.py:208} INFO - Processing /Users/andreasanditya/Downloads/572392_Andreas_AirflowETL/code/.venv/lib/python3.9/site-packages/airflow/example_dags/example_dataset_alias.py took 0.156 seconds
[2026-09-18T12:46:45.507+0700] {processor.py:186} INFO - Started process (PID=69228) to work on /Users/andreasanditya/Downloads/572392_Andreas_AirflowETL/code/.venv/lib/python3.9/site-packages/airflow/example_dags/example_dataset_alias.py
[2026-09-18T12:46:45.508+0700] {processor.py:914} INFO - Processing file /Users/andreasanditya/Downloads/572392_Andreas_AirflowETL/code/.venv/lib/python3.9/site-packages/airflow/example_dags/example_dataset_alias.py for tasks to queue
[2026-09-18T12:46:45.508+0700] {logging_mixin.py:190} INFO - [2026-09-18T12:46:45.508+0700] {dagbag.py:588} INFO - Filling up the DagBag from /Users/andreasanditya/Downloads/572392_Andreas_AirflowETL/code/.venv/lib/python3.9/site-packages/airflow/example_dags/example_dataset_alias.py
[2026-09-18T12:46:45.625+0700] {processor.py:925} INFO - DAG(s) 'dataset_s3_bucket_consumer', 'dataset_s3_bucket_producer', 'dataset_alias_example_alias_producer', 'dataset_alias_example_alias_consumer' retrieved from /Users/andreasanditya/Downloads/572392_Andreas_AirflowETL/code/.venv/lib/python3.9/site-packages/airflow/example_dags/example_dataset_alias.py
[2026-09-18T12:46:45.638+0700] {logging_mixin.py:190} INFO - [2026-09-18T12:46:45.638+0700] {dag.py:3239} INFO - Sync 4 DAGs
[2026-09-18T12:46:45.648+0700] {logging_mixin.py:190} INFO - [2026-09-18T12:46:45.648+0700] {dag.py:4180} INFO - Setting next_dagrun for dataset_alias_example_alias_consumer to None, run_after=None
[2026-09-18T12:46:45.649+0700] {logging_mixin.py:190} INFO - [2026-09-18T12:46:45.649+0700] {dag.py:4180} INFO - Setting next_dagrun for dataset_alias_example_alias_producer to None, run_after=None
[2026-09-18T12:46:45.649+0700] {logging_mixin.py:190} INFO - [2026-09-18T12:46:45.649+0700] {dag.py:4180} INFO - Setting next_dagrun for dataset_s3_bucket_consumer to None, run_after=None
[2026-09-18T12:46:45.650+0700] {logging_mixin.py:190} INFO - [2026-09-18T12:46:45.650+0700] {dag.py:4180} INFO - Setting next_dagrun for dataset_s3_bucket_producer to None, run_after=None
[2026-09-18T12:46:45.661+0700] {processor.py:208} INFO - Processing /Users/andreasanditya/Downloads/572392_Andreas_AirflowETL/code/.venv/lib/python3.9/site-packages/airflow/example_dags/example_dataset_alias.py took 0.157 seconds
[2026-09-18T12:49:36.238+0700] {processor.py:186} INFO - Started process (PID=70964) to work on /Users/andreasanditya/Downloads/572392_Andreas_AirflowETL/code/.venv/lib/python3.9/site-packages/airflow/example_dags/example_dataset_alias.py
[2026-09-18T12:49:36.239+0700] {processor.py:914} INFO - Processing file /Users/andreasanditya/Downloads/572392_Andreas_AirflowETL/code/.venv/lib/python3.9/site-packages/airflow/example_dags/example_dataset_alias.py for tasks to queue
[2026-09-18T12:49:36.239+0700] {logging_mixin.py:190} INFO - [2026-09-18T12:49:36.239+0700] {dagbag.py:588} INFO - Filling up the DagBag from /Users/andreasanditya/Downloads/572392_Andreas_AirflowETL/code/.venv/lib/python3.9/site-packages/airflow/example_dags/example_dataset_alias.py
[2026-09-18T12:49:36.355+0700] {processor.py:925} INFO - DAG(s) 'dataset_alias_example_alias_producer', 'dataset_s3_bucket_producer', 'dataset_alias_example_alias_consumer', 'dataset_s3_bucket_consumer' retrieved from /Users/andreasanditya/Downloads/572392_Andreas_AirflowETL/code/.venv/lib/python3.9/site-packages/airflow/example_dags/example_dataset_alias.py
[2026-09-18T12:49:36.367+0700] {logging_mixin.py:190} INFO - [2026-09-18T12:49:36.367+0700] {dag.py:3239} INFO - Sync 4 DAGs
[2026-09-18T12:49:36.378+0700] {logging_mixin.py:190} INFO - [2026-09-18T12:49:36.378+0700] {dag.py:4180} INFO - Setting next_dagrun for dataset_alias_example_alias_consumer to None, run_after=None
[2026-09-18T12:49:36.379+0700] {logging_mixin.py:190} INFO - [2026-09-18T12:49:36.379+0700] {dag.py:4180} INFO - Setting next_dagrun for dataset_alias_example_alias_producer to None, run_after=None
[2026-09-18T12:49:36.379+0700] {logging_mixin.py:190} INFO - [2026-09-18T12:49:36.379+0700] {dag.py:4180} INFO - Setting next_dagrun for dataset_s3_bucket_consumer to None, run_after=None
[2026-09-18T12:49:36.380+0700] {logging_mixin.py:190} INFO - [2026-09-18T12:49:36.380+0700] {dag.py:4180} INFO - Setting next_dagrun for dataset_s3_bucket_producer to None, run_after=None
[2026-09-18T12:49:36.391+0700] {processor.py:208} INFO - Processing /Users/andreasanditya/Downloads/572392_Andreas_AirflowETL/code/.venv/lib/python3.9/site-packages/airflow/example_dags/example_dataset_alias.py took 0.156 seconds
[2026-09-18T12:52:24.440+0700] {processor.py:186} INFO - Started process (PID=72621) to work on /Users/andreasanditya/Downloads/572392_Andreas_AirflowETL/code/.venv/lib/python3.9/site-packages/airflow/example_dags/example_dataset_alias.py
[2026-09-18T12:52:24.441+0700] {processor.py:914} INFO - Processing file /Users/andreasanditya/Downloads/572392_Andreas_AirflowETL/code/.venv/lib/python3.9/site-packages/airflow/example_dags/example_dataset_alias.py for tasks to queue
[2026-09-18T12:52:24.442+0700] {logging_mixin.py:190} INFO - [2026-09-18T12:52:24.442+0700] {dagbag.py:588} INFO - Filling up the DagBag from /Users/andreasanditya/Downloads/572392_Andreas_AirflowETL/code/.venv/lib/python3.9/site-packages/airflow/example_dags/example_dataset_alias.py
[2026-09-18T12:52:24.559+0700] {processor.py:925} INFO - DAG(s) 'dataset_alias_example_alias_consumer', 'dataset_s3_bucket_consumer', 'dataset_alias_example_alias_producer', 'dataset_s3_bucket_producer' retrieved from /Users/andreasanditya/Downloads/572392_Andreas_AirflowETL/code/.venv/lib/python3.9/site-packages/airflow/example_dags/example_dataset_alias.py
[2026-09-18T12:52:24.572+0700] {logging_mixin.py:190} INFO - [2026-09-18T12:52:24.572+0700] {dag.py:3239} INFO - Sync 4 DAGs
[2026-09-18T12:52:24.582+0700] {logging_mixin.py:190} INFO - [2026-09-18T12:52:24.582+0700] {dag.py:4180} INFO - Setting next_dagrun for dataset_alias_example_alias_consumer to None, run_after=None
[2026-09-18T12:52:24.583+0700] {logging_mixin.py:190} INFO - [2026-09-18T12:52:24.583+0700] {dag.py:4180} INFO - Setting next_dagrun for dataset_alias_example_alias_producer to None, run_after=None
[2026-09-18T12:52:24.584+0700] {logging_mixin.py:190} INFO - [2026-09-18T12:52:24.584+0700] {dag.py:4180} INFO - Setting next_dagrun for dataset_s3_bucket_consumer to None, run_after=None
[2026-09-18T12:52:24.584+0700] {logging_mixin.py:190} INFO - [2026-09-18T12:52:24.584+0700] {dag.py:4180} INFO - Setting next_dagrun for dataset_s3_bucket_producer to None, run_after=None
[2026-09-18T12:52:24.596+0700] {processor.py:208} INFO - Processing /Users/andreasanditya/Downloads/572392_Andreas_AirflowETL/code/.venv/lib/python3.9/site-packages/airflow/example_dags/example_dataset_alias.py took 0.157 seconds
[2026-09-18T12:55:13.191+0700] {processor.py:186} INFO - Started process (PID=74403) to work on /Users/andreasanditya/Downloads/572392_Andreas_AirflowETL/code/.venv/lib/python3.9/site-packages/airflow/example_dags/example_dataset_alias.py
[2026-09-18T12:55:13.192+0700] {processor.py:914} INFO - Processing file /Users/andreasanditya/Downloads/572392_Andreas_AirflowETL/code/.venv/lib/python3.9/site-packages/airflow/example_dags/example_dataset_alias.py for tasks to queue
[2026-09-18T12:55:13.193+0700] {logging_mixin.py:190} INFO - [2026-09-18T12:55:13.193+0700] {dagbag.py:588} INFO - Filling up the DagBag from /Users/andreasanditya/Downloads/572392_Andreas_AirflowETL/code/.venv/lib/python3.9/site-packages/airflow/example_dags/example_dataset_alias.py
[2026-09-18T12:55:13.308+0700] {processor.py:925} INFO - DAG(s) 'dataset_alias_example_alias_producer', 'dataset_s3_bucket_consumer', 'dataset_alias_example_alias_consumer', 'dataset_s3_bucket_producer' retrieved from /Users/andreasanditya/Downloads/572392_Andreas_AirflowETL/code/.venv/lib/python3.9/site-packages/airflow/example_dags/example_dataset_alias.py
[2026-09-18T12:55:13.321+0700] {logging_mixin.py:190} INFO - [2026-09-18T12:55:13.321+0700] {dag.py:3239} INFO - Sync 4 DAGs
[2026-09-18T12:55:13.332+0700] {logging_mixin.py:190} INFO - [2026-09-18T12:55:13.331+0700] {dag.py:4180} INFO - Setting next_dagrun for dataset_alias_example_alias_consumer to None, run_after=None
[2026-09-18T12:55:13.333+0700] {logging_mixin.py:190} INFO - [2026-09-18T12:55:13.333+0700] {dag.py:4180} INFO - Setting next_dagrun for dataset_alias_example_alias_producer to None, run_after=None
[2026-09-18T12:55:13.333+0700] {logging_mixin.py:190} INFO - [2026-09-18T12:55:13.333+0700] {dag.py:4180} INFO - Setting next_dagrun for dataset_s3_bucket_consumer to None, run_after=None
[2026-09-18T12:55:13.334+0700] {logging_mixin.py:190} INFO - [2026-09-18T12:55:13.334+0700] {dag.py:4180} INFO - Setting next_dagrun for dataset_s3_bucket_producer to None, run_after=None
[2026-09-18T12:55:13.345+0700] {processor.py:208} INFO - Processing /Users/andreasanditya/Downloads/572392_Andreas_AirflowETL/code/.venv/lib/python3.9/site-packages/airflow/example_dags/example_dataset_alias.py took 0.156 seconds
[2026-09-18T12:58:03.822+0700] {processor.py:186} INFO - Started process (PID=76143) to work on /Users/andreasanditya/Downloads/572392_Andreas_AirflowETL/code/.venv/lib/python3.9/site-packages/airflow/example_dags/example_dataset_alias.py
[2026-09-18T12:58:03.823+0700] {processor.py:914} INFO - Processing file /Users/andreasanditya/Downloads/572392_Andreas_AirflowETL/code/.venv/lib/python3.9/site-packages/airflow/example_dags/example_dataset_alias.py for tasks to queue
[2026-09-18T12:58:03.824+0700] {logging_mixin.py:190} INFO - [2026-09-18T12:58:03.824+0700] {dagbag.py:588} INFO - Filling up the DagBag from /Users/andreasanditya/Downloads/572392_Andreas_AirflowETL/code/.venv/lib/python3.9/site-packages/airflow/example_dags/example_dataset_alias.py
[2026-09-18T12:58:03.948+0700] {processor.py:925} INFO - DAG(s) 'dataset_s3_bucket_producer', 'dataset_s3_bucket_consumer', 'dataset_alias_example_alias_consumer', 'dataset_alias_example_alias_producer' retrieved from /Users/andreasanditya/Downloads/572392_Andreas_AirflowETL/code/.venv/lib/python3.9/site-packages/airflow/example_dags/example_dataset_alias.py
[2026-09-18T12:58:03.961+0700] {logging_mixin.py:190} INFO - [2026-09-18T12:58:03.961+0700] {dag.py:3239} INFO - Sync 4 DAGs
[2026-09-18T12:58:03.971+0700] {logging_mixin.py:190} INFO - [2026-09-18T12:58:03.971+0700] {dag.py:4180} INFO - Setting next_dagrun for dataset_alias_example_alias_consumer to None, run_after=None
[2026-09-18T12:58:03.972+0700] {logging_mixin.py:190} INFO - [2026-09-18T12:58:03.972+0700] {dag.py:4180} INFO - Setting next_dagrun for dataset_alias_example_alias_producer to None, run_after=None
[2026-09-18T12:58:03.973+0700] {logging_mixin.py:190} INFO - [2026-09-18T12:58:03.973+0700] {dag.py:4180} INFO - Setting next_dagrun for dataset_s3_bucket_consumer to None, run_after=None
[2026-09-18T12:58:03.973+0700] {logging_mixin.py:190} INFO - [2026-09-18T12:58:03.973+0700] {dag.py:4180} INFO - Setting next_dagrun for dataset_s3_bucket_producer to None, run_after=None
[2026-09-18T12:58:03.985+0700] {processor.py:208} INFO - Processing /Users/andreasanditya/Downloads/572392_Andreas_AirflowETL/code/.venv/lib/python3.9/site-packages/airflow/example_dags/example_dataset_alias.py took 0.165 seconds
[2026-09-18T13:00:57.660+0700] {processor.py:186} INFO - Started process (PID=77918) to work on /Users/andreasanditya/Downloads/572392_Andreas_AirflowETL/code/.venv/lib/python3.9/site-packages/airflow/example_dags/example_dataset_alias.py
[2026-09-18T13:00:57.661+0700] {processor.py:914} INFO - Processing file /Users/andreasanditya/Downloads/572392_Andreas_AirflowETL/code/.venv/lib/python3.9/site-packages/airflow/example_dags/example_dataset_alias.py for tasks to queue
[2026-09-18T13:00:57.662+0700] {logging_mixin.py:190} INFO - [2026-09-18T13:00:57.662+0700] {dagbag.py:588} INFO - Filling up the DagBag from /Users/andreasanditya/Downloads/572392_Andreas_AirflowETL/code/.venv/lib/python3.9/site-packages/airflow/example_dags/example_dataset_alias.py
[2026-09-18T13:00:57.778+0700] {processor.py:925} INFO - DAG(s) 'dataset_alias_example_alias_consumer', 'dataset_s3_bucket_producer', 'dataset_alias_example_alias_producer', 'dataset_s3_bucket_consumer' retrieved from /Users/andreasanditya/Downloads/572392_Andreas_AirflowETL/code/.venv/lib/python3.9/site-packages/airflow/example_dags/example_dataset_alias.py
[2026-09-18T13:00:57.790+0700] {logging_mixin.py:190} INFO - [2026-09-18T13:00:57.790+0700] {dag.py:3239} INFO - Sync 4 DAGs
[2026-09-18T13:00:57.800+0700] {logging_mixin.py:190} INFO - [2026-09-18T13:00:57.800+0700] {dag.py:4180} INFO - Setting next_dagrun for dataset_alias_example_alias_consumer to None, run_after=None
[2026-09-18T13:00:57.801+0700] {logging_mixin.py:190} INFO - [2026-09-18T13:00:57.801+0700] {dag.py:4180} INFO - Setting next_dagrun for dataset_alias_example_alias_producer to None, run_after=None
[2026-09-18T13:00:57.802+0700] {logging_mixin.py:190} INFO - [2026-09-18T13:00:57.802+0700] {dag.py:4180} INFO - Setting next_dagrun for dataset_s3_bucket_consumer to None, run_after=None
[2026-09-18T13:00:57.802+0700] {logging_mixin.py:190} INFO - [2026-09-18T13:00:57.802+0700] {dag.py:4180} INFO - Setting next_dagrun for dataset_s3_bucket_producer to None, run_after=None
[2026-09-18T13:00:57.814+0700] {processor.py:208} INFO - Processing /Users/andreasanditya/Downloads/572392_Andreas_AirflowETL/code/.venv/lib/python3.9/site-packages/airflow/example_dags/example_dataset_alias.py took 0.156 seconds
[2026-09-18T13:03:50.166+0700] {processor.py:186} INFO - Started process (PID=79682) to work on /Users/andreasanditya/Downloads/572392_Andreas_AirflowETL/code/.venv/lib/python3.9/site-packages/airflow/example_dags/example_dataset_alias.py
[2026-09-18T13:03:50.167+0700] {processor.py:914} INFO - Processing file /Users/andreasanditya/Downloads/572392_Andreas_AirflowETL/code/.venv/lib/python3.9/site-packages/airflow/example_dags/example_dataset_alias.py for tasks to queue
[2026-09-18T13:03:50.168+0700] {logging_mixin.py:190} INFO - [2026-09-18T13:03:50.168+0700] {dagbag.py:588} INFO - Filling up the DagBag from /Users/andreasanditya/Downloads/572392_Andreas_AirflowETL/code/.venv/lib/python3.9/site-packages/airflow/example_dags/example_dataset_alias.py
[2026-09-18T13:03:50.284+0700] {processor.py:925} INFO - DAG(s) 'dataset_s3_bucket_consumer', 'dataset_alias_example_alias_producer', 'dataset_alias_example_alias_consumer', 'dataset_s3_bucket_producer' retrieved from /Users/andreasanditya/Downloads/572392_Andreas_AirflowETL/code/.venv/lib/python3.9/site-packages/airflow/example_dags/example_dataset_alias.py
[2026-09-18T13:03:50.296+0700] {logging_mixin.py:190} INFO - [2026-09-18T13:03:50.296+0700] {dag.py:3239} INFO - Sync 4 DAGs
[2026-09-18T13:03:50.306+0700] {logging_mixin.py:190} INFO - [2026-09-18T13:03:50.306+0700] {dag.py:4180} INFO - Setting next_dagrun for dataset_alias_example_alias_consumer to None, run_after=None
[2026-09-18T13:03:50.307+0700] {logging_mixin.py:190} INFO - [2026-09-18T13:03:50.307+0700] {dag.py:4180} INFO - Setting next_dagrun for dataset_alias_example_alias_producer to None, run_after=None
[2026-09-18T13:03:50.308+0700] {logging_mixin.py:190} INFO - [2026-09-18T13:03:50.308+0700] {dag.py:4180} INFO - Setting next_dagrun for dataset_s3_bucket_consumer to None, run_after=None
[2026-09-18T13:03:50.308+0700] {logging_mixin.py:190} INFO - [2026-09-18T13:03:50.308+0700] {dag.py:4180} INFO - Setting next_dagrun for dataset_s3_bucket_producer to None, run_after=None
[2026-09-18T13:03:50.320+0700] {processor.py:208} INFO - Processing /Users/andreasanditya/Downloads/572392_Andreas_AirflowETL/code/.venv/lib/python3.9/site-packages/airflow/example_dags/example_dataset_alias.py took 0.155 seconds
[2026-09-18T13:06:40.952+0700] {processor.py:186} INFO - Started process (PID=81432) to work on /Users/andreasanditya/Downloads/572392_Andreas_AirflowETL/code/.venv/lib/python3.9/site-packages/airflow/example_dags/example_dataset_alias.py
[2026-09-18T13:06:40.953+0700] {processor.py:914} INFO - Processing file /Users/andreasanditya/Downloads/572392_Andreas_AirflowETL/code/.venv/lib/python3.9/site-packages/airflow/example_dags/example_dataset_alias.py for tasks to queue
[2026-09-18T13:06:40.953+0700] {logging_mixin.py:190} INFO - [2026-09-18T13:06:40.953+0700] {dagbag.py:588} INFO - Filling up the DagBag from /Users/andreasanditya/Downloads/572392_Andreas_AirflowETL/code/.venv/lib/python3.9/site-packages/airflow/example_dags/example_dataset_alias.py
[2026-09-18T13:06:41.071+0700] {processor.py:925} INFO - DAG(s) 'dataset_alias_example_alias_producer', 'dataset_alias_example_alias_consumer', 'dataset_s3_bucket_consumer', 'dataset_s3_bucket_producer' retrieved from /Users/andreasanditya/Downloads/572392_Andreas_AirflowETL/code/.venv/lib/python3.9/site-packages/airflow/example_dags/example_dataset_alias.py
[2026-09-18T13:06:41.084+0700] {logging_mixin.py:190} INFO - [2026-09-18T13:06:41.083+0700] {dag.py:3239} INFO - Sync 4 DAGs
[2026-09-18T13:06:41.094+0700] {logging_mixin.py:190} INFO - [2026-09-18T13:06:41.094+0700] {dag.py:4180} INFO - Setting next_dagrun for dataset_alias_example_alias_consumer to None, run_after=None
[2026-09-18T13:06:41.095+0700] {logging_mixin.py:190} INFO - [2026-09-18T13:06:41.095+0700] {dag.py:4180} INFO - Setting next_dagrun for dataset_alias_example_alias_producer to None, run_after=None
[2026-09-18T13:06:41.096+0700] {logging_mixin.py:190} INFO - [2026-09-18T13:06:41.095+0700] {dag.py:4180} INFO - Setting next_dagrun for dataset_s3_bucket_consumer to None, run_after=None
[2026-09-18T13:06:41.096+0700] {logging_mixin.py:190} INFO - [2026-09-18T13:06:41.096+0700] {dag.py:4180} INFO - Setting next_dagrun for dataset_s3_bucket_producer to None, run_after=None
[2026-09-18T13:06:41.107+0700] {processor.py:208} INFO - Processing /Users/andreasanditya/Downloads/572392_Andreas_AirflowETL/code/.venv/lib/python3.9/site-packages/airflow/example_dags/example_dataset_alias.py took 0.158 seconds
[2026-09-18T13:09:29.420+0700] {processor.py:186} INFO - Started process (PID=83114) to work on /Users/andreasanditya/Downloads/572392_Andreas_AirflowETL/code/.venv/lib/python3.9/site-packages/airflow/example_dags/example_dataset_alias.py
[2026-09-18T13:09:29.421+0700] {processor.py:914} INFO - Processing file /Users/andreasanditya/Downloads/572392_Andreas_AirflowETL/code/.venv/lib/python3.9/site-packages/airflow/example_dags/example_dataset_alias.py for tasks to queue
[2026-09-18T13:09:29.421+0700] {logging_mixin.py:190} INFO - [2026-09-18T13:09:29.421+0700] {dagbag.py:588} INFO - Filling up the DagBag from /Users/andreasanditya/Downloads/572392_Andreas_AirflowETL/code/.venv/lib/python3.9/site-packages/airflow/example_dags/example_dataset_alias.py
[2026-09-18T13:09:29.538+0700] {processor.py:925} INFO - DAG(s) 'dataset_s3_bucket_producer', 'dataset_alias_example_alias_producer', 'dataset_alias_example_alias_consumer', 'dataset_s3_bucket_consumer' retrieved from /Users/andreasanditya/Downloads/572392_Andreas_AirflowETL/code/.venv/lib/python3.9/site-packages/airflow/example_dags/example_dataset_alias.py
[2026-09-18T13:09:29.551+0700] {logging_mixin.py:190} INFO - [2026-09-18T13:09:29.550+0700] {dag.py:3239} INFO - Sync 4 DAGs
[2026-09-18T13:09:29.561+0700] {logging_mixin.py:190} INFO - [2026-09-18T13:09:29.561+0700] {dag.py:4180} INFO - Setting next_dagrun for dataset_alias_example_alias_consumer to None, run_after=None
[2026-09-18T13:09:29.562+0700] {logging_mixin.py:190} INFO - [2026-09-18T13:09:29.562+0700] {dag.py:4180} INFO - Setting next_dagrun for dataset_alias_example_alias_producer to None, run_after=None
[2026-09-18T13:09:29.562+0700] {logging_mixin.py:190} INFO - [2026-09-18T13:09:29.562+0700] {dag.py:4180} INFO - Setting next_dagrun for dataset_s3_bucket_consumer to None, run_after=None
[2026-09-18T13:09:29.563+0700] {logging_mixin.py:190} INFO - [2026-09-18T13:09:29.563+0700] {dag.py:4180} INFO - Setting next_dagrun for dataset_s3_bucket_producer to None, run_after=None
[2026-09-18T13:09:29.578+0700] {processor.py:208} INFO - Processing /Users/andreasanditya/Downloads/572392_Andreas_AirflowETL/code/.venv/lib/python3.9/site-packages/airflow/example_dags/example_dataset_alias.py took 0.160 seconds
[2026-09-18T13:12:22.452+0700] {processor.py:186} INFO - Started process (PID=84952) to work on /Users/andreasanditya/Downloads/572392_Andreas_AirflowETL/code/.venv/lib/python3.9/site-packages/airflow/example_dags/example_dataset_alias.py
[2026-09-18T13:12:22.454+0700] {processor.py:914} INFO - Processing file /Users/andreasanditya/Downloads/572392_Andreas_AirflowETL/code/.venv/lib/python3.9/site-packages/airflow/example_dags/example_dataset_alias.py for tasks to queue
[2026-09-18T13:12:22.455+0700] {logging_mixin.py:190} INFO - [2026-09-18T13:12:22.455+0700] {dagbag.py:588} INFO - Filling up the DagBag from /Users/andreasanditya/Downloads/572392_Andreas_AirflowETL/code/.venv/lib/python3.9/site-packages/airflow/example_dags/example_dataset_alias.py
[2026-09-18T13:12:22.572+0700] {processor.py:925} INFO - DAG(s) 'dataset_alias_example_alias_consumer', 'dataset_s3_bucket_producer', 'dataset_s3_bucket_consumer', 'dataset_alias_example_alias_producer' retrieved from /Users/andreasanditya/Downloads/572392_Andreas_AirflowETL/code/.venv/lib/python3.9/site-packages/airflow/example_dags/example_dataset_alias.py
[2026-09-18T13:12:22.585+0700] {logging_mixin.py:190} INFO - [2026-09-18T13:12:22.585+0700] {dag.py:3239} INFO - Sync 4 DAGs
[2026-09-18T13:12:22.595+0700] {logging_mixin.py:190} INFO - [2026-09-18T13:12:22.595+0700] {dag.py:4180} INFO - Setting next_dagrun for dataset_alias_example_alias_consumer to None, run_after=None
[2026-09-18T13:12:22.596+0700] {logging_mixin.py:190} INFO - [2026-09-18T13:12:22.596+0700] {dag.py:4180} INFO - Setting next_dagrun for dataset_alias_example_alias_producer to None, run_after=None
[2026-09-18T13:12:22.597+0700] {logging_mixin.py:190} INFO - [2026-09-18T13:12:22.597+0700] {dag.py:4180} INFO - Setting next_dagrun for dataset_s3_bucket_consumer to None, run_after=None
[2026-09-18T13:12:22.597+0700] {logging_mixin.py:190} INFO - [2026-09-18T13:12:22.597+0700] {dag.py:4180} INFO - Setting next_dagrun for dataset_s3_bucket_producer to None, run_after=None
[2026-09-18T13:12:22.609+0700] {processor.py:208} INFO - Processing /Users/andreasanditya/Downloads/572392_Andreas_AirflowETL/code/.venv/lib/python3.9/site-packages/airflow/example_dags/example_dataset_alias.py took 0.159 seconds
[2026-09-18T13:15:13.776+0700] {processor.py:186} INFO - Started process (PID=86623) to work on /Users/andreasanditya/Downloads/572392_Andreas_AirflowETL/code/.venv/lib/python3.9/site-packages/airflow/example_dags/example_dataset_alias.py
[2026-09-18T13:15:13.777+0700] {processor.py:914} INFO - Processing file /Users/andreasanditya/Downloads/572392_Andreas_AirflowETL/code/.venv/lib/python3.9/site-packages/airflow/example_dags/example_dataset_alias.py for tasks to queue
[2026-09-18T13:15:13.778+0700] {logging_mixin.py:190} INFO - [2026-09-18T13:15:13.778+0700] {dagbag.py:588} INFO - Filling up the DagBag from /Users/andreasanditya/Downloads/572392_Andreas_AirflowETL/code/.venv/lib/python3.9/site-packages/airflow/example_dags/example_dataset_alias.py
[2026-09-18T13:15:13.893+0700] {processor.py:925} INFO - DAG(s) 'dataset_alias_example_alias_producer', 'dataset_s3_bucket_consumer', 'dataset_s3_bucket_producer', 'dataset_alias_example_alias_consumer' retrieved from /Users/andreasanditya/Downloads/572392_Andreas_AirflowETL/code/.venv/lib/python3.9/site-packages/airflow/example_dags/example_dataset_alias.py
[2026-09-18T13:15:13.906+0700] {logging_mixin.py:190} INFO - [2026-09-18T13:15:13.906+0700] {dag.py:3239} INFO - Sync 4 DAGs
[2026-09-18T13:15:13.916+0700] {logging_mixin.py:190} INFO - [2026-09-18T13:15:13.916+0700] {dag.py:4180} INFO - Setting next_dagrun for dataset_alias_example_alias_consumer to None, run_after=None
[2026-09-18T13:15:13.917+0700] {logging_mixin.py:190} INFO - [2026-09-18T13:15:13.917+0700] {dag.py:4180} INFO - Setting next_dagrun for dataset_alias_example_alias_producer to None, run_after=None
[2026-09-18T13:15:13.917+0700] {logging_mixin.py:190} INFO - [2026-09-18T13:15:13.917+0700] {dag.py:4180} INFO - Setting next_dagrun for dataset_s3_bucket_consumer to None, run_after=None
[2026-09-18T13:15:13.918+0700] {logging_mixin.py:190} INFO - [2026-09-18T13:15:13.918+0700] {dag.py:4180} INFO - Setting next_dagrun for dataset_s3_bucket_producer to None, run_after=None
[2026-09-18T13:15:13.929+0700] {processor.py:208} INFO - Processing /Users/andreasanditya/Downloads/572392_Andreas_AirflowETL/code/.venv/lib/python3.9/site-packages/airflow/example_dags/example_dataset_alias.py took 0.155 seconds
[2026-09-18T13:18:06.777+0700] {processor.py:186} INFO - Started process (PID=88437) to work on /Users/andreasanditya/Downloads/572392_Andreas_AirflowETL/code/.venv/lib/python3.9/site-packages/airflow/example_dags/example_dataset_alias.py
[2026-09-18T13:18:06.778+0700] {processor.py:914} INFO - Processing file /Users/andreasanditya/Downloads/572392_Andreas_AirflowETL/code/.venv/lib/python3.9/site-packages/airflow/example_dags/example_dataset_alias.py for tasks to queue
[2026-09-18T13:18:06.779+0700] {logging_mixin.py:190} INFO - [2026-09-18T13:18:06.779+0700] {dagbag.py:588} INFO - Filling up the DagBag from /Users/andreasanditya/Downloads/572392_Andreas_AirflowETL/code/.venv/lib/python3.9/site-packages/airflow/example_dags/example_dataset_alias.py
[2026-09-18T13:18:06.894+0700] {processor.py:925} INFO - DAG(s) 'dataset_s3_bucket_consumer', 'dataset_alias_example_alias_consumer', 'dataset_alias_example_alias_producer', 'dataset_s3_bucket_producer' retrieved from /Users/andreasanditya/Downloads/572392_Andreas_AirflowETL/code/.venv/lib/python3.9/site-packages/airflow/example_dags/example_dataset_alias.py
[2026-09-18T13:18:06.906+0700] {logging_mixin.py:190} INFO - [2026-09-18T13:18:06.906+0700] {dag.py:3239} INFO - Sync 4 DAGs
[2026-09-18T13:18:06.916+0700] {logging_mixin.py:190} INFO - [2026-09-18T13:18:06.916+0700] {dag.py:4180} INFO - Setting next_dagrun for dataset_alias_example_alias_consumer to None, run_after=None
[2026-09-18T13:18:06.917+0700] {logging_mixin.py:190} INFO - [2026-09-18T13:18:06.917+0700] {dag.py:4180} INFO - Setting next_dagrun for dataset_alias_example_alias_producer to None, run_after=None
[2026-09-18T13:18:06.918+0700] {logging_mixin.py:190} INFO - [2026-09-18T13:18:06.918+0700] {dag.py:4180} INFO - Setting next_dagrun for dataset_s3_bucket_consumer to None, run_after=None
[2026-09-18T13:18:06.918+0700] {logging_mixin.py:190} INFO - [2026-09-18T13:18:06.918+0700] {dag.py:4180} INFO - Setting next_dagrun for dataset_s3_bucket_producer to None, run_after=None
[2026-09-18T13:18:06.930+0700] {processor.py:208} INFO - Processing /Users/andreasanditya/Downloads/572392_Andreas_AirflowETL/code/.venv/lib/python3.9/site-packages/airflow/example_dags/example_dataset_alias.py took 0.155 seconds
[2026-09-18T13:20:57.576+0700] {processor.py:186} INFO - Started process (PID=90085) to work on /Users/andreasanditya/Downloads/572392_Andreas_AirflowETL/code/.venv/lib/python3.9/site-packages/airflow/example_dags/example_dataset_alias.py
[2026-09-18T13:20:57.577+0700] {processor.py:914} INFO - Processing file /Users/andreasanditya/Downloads/572392_Andreas_AirflowETL/code/.venv/lib/python3.9/site-packages/airflow/example_dags/example_dataset_alias.py for tasks to queue
[2026-09-18T13:20:57.577+0700] {logging_mixin.py:190} INFO - [2026-09-18T13:20:57.577+0700] {dagbag.py:588} INFO - Filling up the DagBag from /Users/andreasanditya/Downloads/572392_Andreas_AirflowETL/code/.venv/lib/python3.9/site-packages/airflow/example_dags/example_dataset_alias.py
[2026-09-18T13:20:57.692+0700] {processor.py:925} INFO - DAG(s) 'dataset_s3_bucket_consumer', 'dataset_s3_bucket_producer', 'dataset_alias_example_alias_producer', 'dataset_alias_example_alias_consumer' retrieved from /Users/andreasanditya/Downloads/572392_Andreas_AirflowETL/code/.venv/lib/python3.9/site-packages/airflow/example_dags/example_dataset_alias.py
[2026-09-18T13:20:57.704+0700] {logging_mixin.py:190} INFO - [2026-09-18T13:20:57.704+0700] {dag.py:3239} INFO - Sync 4 DAGs
[2026-09-18T13:20:57.715+0700] {logging_mixin.py:190} INFO - [2026-09-18T13:20:57.714+0700] {dag.py:4180} INFO - Setting next_dagrun for dataset_alias_example_alias_consumer to None, run_after=None
[2026-09-18T13:20:57.716+0700] {logging_mixin.py:190} INFO - [2026-09-18T13:20:57.716+0700] {dag.py:4180} INFO - Setting next_dagrun for dataset_alias_example_alias_producer to None, run_after=None
[2026-09-18T13:20:57.716+0700] {logging_mixin.py:190} INFO - [2026-09-18T13:20:57.716+0700] {dag.py:4180} INFO - Setting next_dagrun for dataset_s3_bucket_consumer to None, run_after=None
[2026-09-18T13:20:57.717+0700] {logging_mixin.py:190} INFO - [2026-09-18T13:20:57.716+0700] {dag.py:4180} INFO - Setting next_dagrun for dataset_s3_bucket_producer to None, run_after=None
[2026-09-18T13:20:57.728+0700] {processor.py:208} INFO - Processing /Users/andreasanditya/Downloads/572392_Andreas_AirflowETL/code/.venv/lib/python3.9/site-packages/airflow/example_dags/example_dataset_alias.py took 0.154 seconds
[2026-09-18T13:23:43.325+0700] {processor.py:186} INFO - Started process (PID=91836) to work on /Users/andreasanditya/Downloads/572392_Andreas_AirflowETL/code/.venv/lib/python3.9/site-packages/airflow/example_dags/example_dataset_alias.py
[2026-09-18T13:23:43.327+0700] {processor.py:914} INFO - Processing file /Users/andreasanditya/Downloads/572392_Andreas_AirflowETL/code/.venv/lib/python3.9/site-packages/airflow/example_dags/example_dataset_alias.py for tasks to queue
[2026-09-18T13:23:43.328+0700] {logging_mixin.py:190} INFO - [2026-09-18T13:23:43.328+0700] {dagbag.py:588} INFO - Filling up the DagBag from /Users/andreasanditya/Downloads/572392_Andreas_AirflowETL/code/.venv/lib/python3.9/site-packages/airflow/example_dags/example_dataset_alias.py
[2026-09-18T13:23:43.445+0700] {processor.py:925} INFO - DAG(s) 'dataset_alias_example_alias_consumer', 'dataset_alias_example_alias_producer', 'dataset_s3_bucket_producer', 'dataset_s3_bucket_consumer' retrieved from /Users/andreasanditya/Downloads/572392_Andreas_AirflowETL/code/.venv/lib/python3.9/site-packages/airflow/example_dags/example_dataset_alias.py
[2026-09-18T13:23:43.458+0700] {logging_mixin.py:190} INFO - [2026-09-18T13:23:43.457+0700] {dag.py:3239} INFO - Sync 4 DAGs
[2026-09-18T13:23:43.468+0700] {logging_mixin.py:190} INFO - [2026-09-18T13:23:43.468+0700] {dag.py:4180} INFO - Setting next_dagrun for dataset_alias_example_alias_consumer to None, run_after=None
[2026-09-18T13:23:43.469+0700] {logging_mixin.py:190} INFO - [2026-09-18T13:23:43.469+0700] {dag.py:4180} INFO - Setting next_dagrun for dataset_alias_example_alias_producer to None, run_after=None
[2026-09-18T13:23:43.469+0700] {logging_mixin.py:190} INFO - [2026-09-18T13:23:43.469+0700] {dag.py:4180} INFO - Setting next_dagrun for dataset_s3_bucket_consumer to None, run_after=None
[2026-09-18T13:23:43.470+0700] {logging_mixin.py:190} INFO - [2026-09-18T13:23:43.470+0700] {dag.py:4180} INFO - Setting next_dagrun for dataset_s3_bucket_producer to None, run_after=None
[2026-09-18T13:23:43.481+0700] {processor.py:208} INFO - Processing /Users/andreasanditya/Downloads/572392_Andreas_AirflowETL/code/.venv/lib/python3.9/site-packages/airflow/example_dags/example_dataset_alias.py took 0.158 seconds
[2026-09-18T13:26:34.339+0700] {processor.py:186} INFO - Started process (PID=93760) to work on /Users/andreasanditya/Downloads/572392_Andreas_AirflowETL/code/.venv/lib/python3.9/site-packages/airflow/example_dags/example_dataset_alias.py
[2026-09-18T13:26:34.341+0700] {processor.py:914} INFO - Processing file /Users/andreasanditya/Downloads/572392_Andreas_AirflowETL/code/.venv/lib/python3.9/site-packages/airflow/example_dags/example_dataset_alias.py for tasks to queue
[2026-09-18T13:26:34.342+0700] {logging_mixin.py:190} INFO - [2026-09-18T13:26:34.342+0700] {dagbag.py:588} INFO - Filling up the DagBag from /Users/andreasanditya/Downloads/572392_Andreas_AirflowETL/code/.venv/lib/python3.9/site-packages/airflow/example_dags/example_dataset_alias.py
[2026-09-18T13:26:34.464+0700] {processor.py:925} INFO - DAG(s) 'dataset_alias_example_alias_consumer', 'dataset_alias_example_alias_producer', 'dataset_s3_bucket_consumer', 'dataset_s3_bucket_producer' retrieved from /Users/andreasanditya/Downloads/572392_Andreas_AirflowETL/code/.venv/lib/python3.9/site-packages/airflow/example_dags/example_dataset_alias.py
[2026-09-18T13:26:34.477+0700] {logging_mixin.py:190} INFO - [2026-09-18T13:26:34.477+0700] {dag.py:3239} INFO - Sync 4 DAGs
[2026-09-18T13:26:34.487+0700] {logging_mixin.py:190} INFO - [2026-09-18T13:26:34.487+0700] {dag.py:4180} INFO - Setting next_dagrun for dataset_alias_example_alias_consumer to None, run_after=None
[2026-09-18T13:26:34.488+0700] {logging_mixin.py:190} INFO - [2026-09-18T13:26:34.488+0700] {dag.py:4180} INFO - Setting next_dagrun for dataset_alias_example_alias_producer to None, run_after=None
[2026-09-18T13:26:34.489+0700] {logging_mixin.py:190} INFO - [2026-09-18T13:26:34.489+0700] {dag.py:4180} INFO - Setting next_dagrun for dataset_s3_bucket_consumer to None, run_after=None
[2026-09-18T13:26:34.489+0700] {logging_mixin.py:190} INFO - [2026-09-18T13:26:34.489+0700] {dag.py:4180} INFO - Setting next_dagrun for dataset_s3_bucket_producer to None, run_after=None
[2026-09-18T13:26:34.501+0700] {processor.py:208} INFO - Processing /Users/andreasanditya/Downloads/572392_Andreas_AirflowETL/code/.venv/lib/python3.9/site-packages/airflow/example_dags/example_dataset_alias.py took 0.164 seconds
[2026-09-18T13:29:36.070+0700] {processor.py:186} INFO - Started process (PID=95776) to work on /Users/andreasanditya/Downloads/572392_Andreas_AirflowETL/code/.venv/lib/python3.9/site-packages/airflow/example_dags/example_dataset_alias.py
[2026-09-18T13:29:36.072+0700] {processor.py:914} INFO - Processing file /Users/andreasanditya/Downloads/572392_Andreas_AirflowETL/code/.venv/lib/python3.9/site-packages/airflow/example_dags/example_dataset_alias.py for tasks to queue
[2026-09-18T13:29:36.073+0700] {logging_mixin.py:190} INFO - [2026-09-18T13:29:36.073+0700] {dagbag.py:588} INFO - Filling up the DagBag from /Users/andreasanditya/Downloads/572392_Andreas_AirflowETL/code/.venv/lib/python3.9/site-packages/airflow/example_dags/example_dataset_alias.py
[2026-09-18T13:29:36.200+0700] {processor.py:925} INFO - DAG(s) 'dataset_alias_example_alias_producer', 'dataset_s3_bucket_producer', 'dataset_alias_example_alias_consumer', 'dataset_s3_bucket_consumer' retrieved from /Users/andreasanditya/Downloads/572392_Andreas_AirflowETL/code/.venv/lib/python3.9/site-packages/airflow/example_dags/example_dataset_alias.py
[2026-09-18T13:29:36.214+0700] {logging_mixin.py:190} INFO - [2026-09-18T13:29:36.214+0700] {dag.py:3239} INFO - Sync 4 DAGs
[2026-09-18T13:29:36.226+0700] {logging_mixin.py:190} INFO - [2026-09-18T13:29:36.226+0700] {dag.py:4180} INFO - Setting next_dagrun for dataset_alias_example_alias_consumer to None, run_after=None
[2026-09-18T13:29:36.227+0700] {logging_mixin.py:190} INFO - [2026-09-18T13:29:36.227+0700] {dag.py:4180} INFO - Setting next_dagrun for dataset_alias_example_alias_producer to None, run_after=None
[2026-09-18T13:29:36.227+0700] {logging_mixin.py:190} INFO - [2026-09-18T13:29:36.227+0700] {dag.py:4180} INFO - Setting next_dagrun for dataset_s3_bucket_consumer to None, run_after=None
[2026-09-18T13:29:36.228+0700] {logging_mixin.py:190} INFO - [2026-09-18T13:29:36.228+0700] {dag.py:4180} INFO - Setting next_dagrun for dataset_s3_bucket_producer to None, run_after=None
[2026-09-18T13:29:36.240+0700] {processor.py:208} INFO - Processing /Users/andreasanditya/Downloads/572392_Andreas_AirflowETL/code/.venv/lib/python3.9/site-packages/airflow/example_dags/example_dataset_alias.py took 0.171 seconds
[2026-09-18T13:32:34.674+0700] {processor.py:186} INFO - Started process (PID=97706) to work on /Users/andreasanditya/Downloads/572392_Andreas_AirflowETL/code/.venv/lib/python3.9/site-packages/airflow/example_dags/example_dataset_alias.py
[2026-09-18T13:32:34.676+0700] {processor.py:914} INFO - Processing file /Users/andreasanditya/Downloads/572392_Andreas_AirflowETL/code/.venv/lib/python3.9/site-packages/airflow/example_dags/example_dataset_alias.py for tasks to queue
[2026-09-18T13:32:34.677+0700] {logging_mixin.py:190} INFO - [2026-09-18T13:32:34.677+0700] {dagbag.py:588} INFO - Filling up the DagBag from /Users/andreasanditya/Downloads/572392_Andreas_AirflowETL/code/.venv/lib/python3.9/site-packages/airflow/example_dags/example_dataset_alias.py
[2026-09-18T13:32:34.793+0700] {processor.py:925} INFO - DAG(s) 'dataset_alias_example_alias_producer', 'dataset_s3_bucket_consumer', 'dataset_s3_bucket_producer', 'dataset_alias_example_alias_consumer' retrieved from /Users/andreasanditya/Downloads/572392_Andreas_AirflowETL/code/.venv/lib/python3.9/site-packages/airflow/example_dags/example_dataset_alias.py
[2026-09-18T13:32:34.807+0700] {logging_mixin.py:190} INFO - [2026-09-18T13:32:34.806+0700] {dag.py:3239} INFO - Sync 4 DAGs
[2026-09-18T13:32:34.817+0700] {logging_mixin.py:190} INFO - [2026-09-18T13:32:34.817+0700] {dag.py:4180} INFO - Setting next_dagrun for dataset_alias_example_alias_consumer to None, run_after=None
[2026-09-18T13:32:34.818+0700] {logging_mixin.py:190} INFO - [2026-09-18T13:32:34.818+0700] {dag.py:4180} INFO - Setting next_dagrun for dataset_alias_example_alias_producer to None, run_after=None
[2026-09-18T13:32:34.818+0700] {logging_mixin.py:190} INFO - [2026-09-18T13:32:34.818+0700] {dag.py:4180} INFO - Setting next_dagrun for dataset_s3_bucket_consumer to None, run_after=None
[2026-09-18T13:32:34.819+0700] {logging_mixin.py:190} INFO - [2026-09-18T13:32:34.819+0700] {dag.py:4180} INFO - Setting next_dagrun for dataset_s3_bucket_producer to None, run_after=None
[2026-09-18T13:32:34.830+0700] {processor.py:208} INFO - Processing /Users/andreasanditya/Downloads/572392_Andreas_AirflowETL/code/.venv/lib/python3.9/site-packages/airflow/example_dags/example_dataset_alias.py took 0.158 seconds
[2026-09-18T13:35:29.856+0700] {processor.py:186} INFO - Started process (PID=99486) to work on /Users/andreasanditya/Downloads/572392_Andreas_AirflowETL/code/.venv/lib/python3.9/site-packages/airflow/example_dags/example_dataset_alias.py
[2026-09-18T13:35:29.857+0700] {processor.py:914} INFO - Processing file /Users/andreasanditya/Downloads/572392_Andreas_AirflowETL/code/.venv/lib/python3.9/site-packages/airflow/example_dags/example_dataset_alias.py for tasks to queue
[2026-09-18T13:35:29.858+0700] {logging_mixin.py:190} INFO - [2026-09-18T13:35:29.858+0700] {dagbag.py:588} INFO - Filling up the DagBag from /Users/andreasanditya/Downloads/572392_Andreas_AirflowETL/code/.venv/lib/python3.9/site-packages/airflow/example_dags/example_dataset_alias.py
[2026-09-18T13:35:29.976+0700] {processor.py:925} INFO - DAG(s) 'dataset_alias_example_alias_consumer', 'dataset_s3_bucket_consumer', 'dataset_alias_example_alias_producer', 'dataset_s3_bucket_producer' retrieved from /Users/andreasanditya/Downloads/572392_Andreas_AirflowETL/code/.venv/lib/python3.9/site-packages/airflow/example_dags/example_dataset_alias.py
[2026-09-18T13:35:29.988+0700] {logging_mixin.py:190} INFO - [2026-09-18T13:35:29.988+0700] {dag.py:3239} INFO - Sync 4 DAGs
[2026-09-18T13:35:29.999+0700] {logging_mixin.py:190} INFO - [2026-09-18T13:35:29.999+0700] {dag.py:4180} INFO - Setting next_dagrun for dataset_alias_example_alias_consumer to None, run_after=None
[2026-09-18T13:35:30.001+0700] {logging_mixin.py:190} INFO - [2026-09-18T13:35:30.000+0700] {dag.py:4180} INFO - Setting next_dagrun for dataset_alias_example_alias_producer to None, run_after=None
[2026-09-18T13:35:30.001+0700] {logging_mixin.py:190} INFO - [2026-09-18T13:35:30.001+0700] {dag.py:4180} INFO - Setting next_dagrun for dataset_s3_bucket_consumer to None, run_after=None
[2026-09-18T13:35:30.002+0700] {logging_mixin.py:190} INFO - [2026-09-18T13:35:30.001+0700] {dag.py:4180} INFO - Setting next_dagrun for dataset_s3_bucket_producer to None, run_after=None
[2026-09-18T13:35:30.013+0700] {processor.py:208} INFO - Processing /Users/andreasanditya/Downloads/572392_Andreas_AirflowETL/code/.venv/lib/python3.9/site-packages/airflow/example_dags/example_dataset_alias.py took 0.158 seconds
[2026-09-18T13:38:24.383+0700] {processor.py:186} INFO - Started process (PID=1612) to work on /Users/andreasanditya/Downloads/572392_Andreas_AirflowETL/code/.venv/lib/python3.9/site-packages/airflow/example_dags/example_dataset_alias.py
[2026-09-18T13:38:24.384+0700] {processor.py:914} INFO - Processing file /Users/andreasanditya/Downloads/572392_Andreas_AirflowETL/code/.venv/lib/python3.9/site-packages/airflow/example_dags/example_dataset_alias.py for tasks to queue
[2026-09-18T13:38:24.385+0700] {logging_mixin.py:190} INFO - [2026-09-18T13:38:24.385+0700] {dagbag.py:588} INFO - Filling up the DagBag from /Users/andreasanditya/Downloads/572392_Andreas_AirflowETL/code/.venv/lib/python3.9/site-packages/airflow/example_dags/example_dataset_alias.py
[2026-09-18T13:38:24.505+0700] {processor.py:925} INFO - DAG(s) 'dataset_s3_bucket_consumer', 'dataset_s3_bucket_producer', 'dataset_alias_example_alias_consumer', 'dataset_alias_example_alias_producer' retrieved from /Users/andreasanditya/Downloads/572392_Andreas_AirflowETL/code/.venv/lib/python3.9/site-packages/airflow/example_dags/example_dataset_alias.py
[2026-09-18T13:38:24.517+0700] {logging_mixin.py:190} INFO - [2026-09-18T13:38:24.517+0700] {dag.py:3239} INFO - Sync 4 DAGs
[2026-09-18T13:38:24.528+0700] {logging_mixin.py:190} INFO - [2026-09-18T13:38:24.528+0700] {dag.py:4180} INFO - Setting next_dagrun for dataset_alias_example_alias_consumer to None, run_after=None
[2026-09-18T13:38:24.529+0700] {logging_mixin.py:190} INFO - [2026-09-18T13:38:24.529+0700] {dag.py:4180} INFO - Setting next_dagrun for dataset_alias_example_alias_producer to None, run_after=None
[2026-09-18T13:38:24.529+0700] {logging_mixin.py:190} INFO - [2026-09-18T13:38:24.529+0700] {dag.py:4180} INFO - Setting next_dagrun for dataset_s3_bucket_consumer to None, run_after=None
[2026-09-18T13:38:24.530+0700] {logging_mixin.py:190} INFO - [2026-09-18T13:38:24.530+0700] {dag.py:4180} INFO - Setting next_dagrun for dataset_s3_bucket_producer to None, run_after=None
[2026-09-18T13:38:24.542+0700] {processor.py:208} INFO - Processing /Users/andreasanditya/Downloads/572392_Andreas_AirflowETL/code/.venv/lib/python3.9/site-packages/airflow/example_dags/example_dataset_alias.py took 0.160 seconds
