[2026-09-18T11:17:53.870+0700] {processor.py:186} INFO - Started process (PID=10997) to work on /Users/andreasanditya/Downloads/572392_Andreas_AirflowETL/code/.venv/lib/python3.9/site-packages/airflow/example_dags/example_inlet_event_extra.py
[2026-09-18T11:17:53.871+0700] {processor.py:914} INFO - Processing file /Users/andreasanditya/Downloads/572392_Andreas_AirflowETL/code/.venv/lib/python3.9/site-packages/airflow/example_dags/example_inlet_event_extra.py for tasks to queue
[2026-09-18T11:17:53.871+0700] {logging_mixin.py:190} INFO - [2026-09-18T11:17:53.871+0700] {dagbag.py:588} INFO - Filling up the DagBag from /Users/andreasanditya/Downloads/572392_Andreas_AirflowETL/code/.venv/lib/python3.9/site-packages/airflow/example_dags/example_inlet_event_extra.py
[2026-09-18T11:17:53.942+0700] {processor.py:925} INFO - DAG(s) 'read_dataset_event', 'read_dataset_event_from_classic' retrieved from /Users/andreasanditya/Downloads/572392_Andreas_AirflowETL/code/.venv/lib/python3.9/site-packages/airflow/example_dags/example_inlet_event_extra.py
[2026-09-18T11:17:54.048+0700] {logging_mixin.py:190} INFO - [2026-09-18T11:17:54.048+0700] {override.py:1912} INFO - Created Permission View: can read on DAG:read_dataset_event
[2026-09-18T11:17:54.052+0700] {logging_mixin.py:190} INFO - [2026-09-18T11:17:54.052+0700] {override.py:1912} INFO - Created Permission View: can delete on DAG:read_dataset_event
[2026-09-18T11:17:54.055+0700] {logging_mixin.py:190} INFO - [2026-09-18T11:17:54.055+0700] {override.py:1912} INFO - Created Permission View: can edit on DAG:read_dataset_event
[2026-09-18T11:17:54.059+0700] {logging_mixin.py:190} INFO - [2026-09-18T11:17:54.059+0700] {override.py:1912} INFO - Created Permission View: menu access on DAG Run:read_dataset_event
[2026-09-18T11:17:54.062+0700] {logging_mixin.py:190} INFO - [2026-09-18T11:17:54.062+0700] {override.py:1912} INFO - Created Permission View: can read on DAG Run:read_dataset_event
[2026-09-18T11:17:54.066+0700] {logging_mixin.py:190} INFO - [2026-09-18T11:17:54.065+0700] {override.py:1912} INFO - Created Permission View: can delete on DAG Run:read_dataset_event
[2026-09-18T11:17:54.069+0700] {logging_mixin.py:190} INFO - [2026-09-18T11:17:54.069+0700] {override.py:1912} INFO - Created Permission View: can create on DAG Run:read_dataset_event
[2026-09-18T11:17:54.075+0700] {logging_mixin.py:190} INFO - [2026-09-18T11:17:54.075+0700] {override.py:1912} INFO - Created Permission View: can read on DAG:read_dataset_event_from_classic
[2026-09-18T11:17:54.078+0700] {logging_mixin.py:190} INFO - [2026-09-18T11:17:54.077+0700] {override.py:1912} INFO - Created Permission View: can delete on DAG:read_dataset_event_from_classic
[2026-09-18T11:17:54.081+0700] {logging_mixin.py:190} INFO - [2026-09-18T11:17:54.081+0700] {override.py:1912} INFO - Created Permission View: can edit on DAG:read_dataset_event_from_classic
[2026-09-18T11:17:54.084+0700] {logging_mixin.py:190} INFO - [2026-09-18T11:17:54.084+0700] {override.py:1912} INFO - Created Permission View: menu access on DAG Run:read_dataset_event_from_classic
[2026-09-18T11:17:54.087+0700] {logging_mixin.py:190} INFO - [2026-09-18T11:17:54.087+0700] {override.py:1912} INFO - Created Permission View: can read on DAG Run:read_dataset_event_from_classic
[2026-09-18T11:17:54.090+0700] {logging_mixin.py:190} INFO - [2026-09-18T11:17:54.090+0700] {override.py:1912} INFO - Created Permission View: can delete on DAG Run:read_dataset_event_from_classic
[2026-09-18T11:17:54.093+0700] {logging_mixin.py:190} INFO - [2026-09-18T11:17:54.093+0700] {override.py:1912} INFO - Created Permission View: can create on DAG Run:read_dataset_event_from_classic
[2026-09-18T11:17:54.093+0700] {logging_mixin.py:190} INFO - [2026-09-18T11:17:54.093+0700] {dag.py:3239} INFO - Sync 2 DAGs
[2026-09-18T11:17:54.100+0700] {logging_mixin.py:190} INFO - [2026-09-18T11:17:54.100+0700] {dag.py:3262} INFO - Creating ORM DAG for read_dataset_event
[2026-09-18T11:17:54.100+0700] {logging_mixin.py:190} INFO - [2026-09-18T11:17:54.100+0700] {dag.py:3262} INFO - Creating ORM DAG for read_dataset_event_from_classic
[2026-09-18T11:17:54.106+0700] {logging_mixin.py:190} INFO - [2026-09-18T11:17:54.106+0700] {dag.py:4180} INFO - Setting next_dagrun for read_dataset_event to 2026-09-17 00:00:00+00:00, run_after=2026-09-18 00:00:00+00:00
[2026-09-18T11:17:54.107+0700] {logging_mixin.py:190} INFO - [2026-09-18T11:17:54.107+0700] {dag.py:4180} INFO - Setting next_dagrun for read_dataset_event_from_classic to 2026-09-17 00:00:00+00:00, run_after=2026-09-18 00:00:00+00:00
[2026-09-18T11:17:54.116+0700] {processor.py:208} INFO - Processing /Users/andreasanditya/Downloads/572392_Andreas_AirflowETL/code/.venv/lib/python3.9/site-packages/airflow/example_dags/example_inlet_event_extra.py took 0.248 seconds
[2026-09-18T11:20:09.679+0700] {processor.py:186} INFO - Started process (PID=12404) to work on /Users/andreasanditya/Downloads/572392_Andreas_AirflowETL/code/.venv/lib/python3.9/site-packages/airflow/example_dags/example_inlet_event_extra.py
[2026-09-18T11:20:09.680+0700] {processor.py:914} INFO - Processing file /Users/andreasanditya/Downloads/572392_Andreas_AirflowETL/code/.venv/lib/python3.9/site-packages/airflow/example_dags/example_inlet_event_extra.py for tasks to queue
[2026-09-18T11:20:09.681+0700] {logging_mixin.py:190} INFO - [2026-09-18T11:20:09.681+0700] {dagbag.py:588} INFO - Filling up the DagBag from /Users/andreasanditya/Downloads/572392_Andreas_AirflowETL/code/.venv/lib/python3.9/site-packages/airflow/example_dags/example_inlet_event_extra.py
[2026-09-18T11:20:09.799+0700] {processor.py:925} INFO - DAG(s) 'read_dataset_event_from_classic', 'read_dataset_event' retrieved from /Users/andreasanditya/Downloads/572392_Andreas_AirflowETL/code/.venv/lib/python3.9/site-packages/airflow/example_dags/example_inlet_event_extra.py
[2026-09-18T11:20:09.869+0700] {logging_mixin.py:190} INFO - [2026-09-18T11:20:09.869+0700] {dag.py:3239} INFO - Sync 2 DAGs
[2026-09-18T11:20:09.883+0700] {logging_mixin.py:190} INFO - [2026-09-18T11:20:09.883+0700] {dag.py:4180} INFO - Setting next_dagrun for read_dataset_event to 2026-09-17 00:00:00+00:00, run_after=2026-09-18 00:00:00+00:00
[2026-09-18T11:20:09.887+0700] {logging_mixin.py:190} INFO - [2026-09-18T11:20:09.887+0700] {dag.py:4180} INFO - Setting next_dagrun for read_dataset_event_from_classic to 2026-09-17 00:00:00+00:00, run_after=2026-09-18 00:00:00+00:00
[2026-09-18T11:20:09.898+0700] {processor.py:208} INFO - Processing /Users/andreasanditya/Downloads/572392_Andreas_AirflowETL/code/.venv/lib/python3.9/site-packages/airflow/example_dags/example_inlet_event_extra.py took 0.221 seconds
[2026-09-18T11:25:07.390+0700] {processor.py:186} INFO - Started process (PID=15659) to work on /Users/andreasanditya/Downloads/572392_Andreas_AirflowETL/code/.venv/lib/python3.9/site-packages/airflow/example_dags/example_inlet_event_extra.py
[2026-09-18T11:25:07.391+0700] {processor.py:914} INFO - Processing file /Users/andreasanditya/Downloads/572392_Andreas_AirflowETL/code/.venv/lib/python3.9/site-packages/airflow/example_dags/example_inlet_event_extra.py for tasks to queue
[2026-09-18T11:25:07.392+0700] {logging_mixin.py:190} INFO - [2026-09-18T11:25:07.392+0700] {dagbag.py:588} INFO - Filling up the DagBag from /Users/andreasanditya/Downloads/572392_Andreas_AirflowETL/code/.venv/lib/python3.9/site-packages/airflow/example_dags/example_inlet_event_extra.py
[2026-09-18T11:25:07.473+0700] {processor.py:925} INFO - DAG(s) 'read_dataset_event', 'read_dataset_event_from_classic' retrieved from /Users/andreasanditya/Downloads/572392_Andreas_AirflowETL/code/.venv/lib/python3.9/site-packages/airflow/example_dags/example_inlet_event_extra.py
[2026-09-18T11:25:07.534+0700] {logging_mixin.py:190} INFO - [2026-09-18T11:25:07.534+0700] {dag.py:3239} INFO - Sync 2 DAGs
[2026-09-18T11:25:07.545+0700] {logging_mixin.py:190} INFO - [2026-09-18T11:25:07.545+0700] {dag.py:4180} INFO - Setting next_dagrun for read_dataset_event to 2026-09-17 00:00:00+00:00, run_after=2026-09-18 00:00:00+00:00
[2026-09-18T11:25:07.548+0700] {logging_mixin.py:190} INFO - [2026-09-18T11:25:07.548+0700] {dag.py:4180} INFO - Setting next_dagrun for read_dataset_event_from_classic to 2026-09-17 00:00:00+00:00, run_after=2026-09-18 00:00:00+00:00
[2026-09-18T11:25:07.557+0700] {processor.py:208} INFO - Processing /Users/andreasanditya/Downloads/572392_Andreas_AirflowETL/code/.venv/lib/python3.9/site-packages/airflow/example_dags/example_inlet_event_extra.py took 0.169 seconds
[2026-09-18T11:27:09.685+0700] {processor.py:186} INFO - Started process (PID=16897) to work on /Users/andreasanditya/Downloads/572392_Andreas_AirflowETL/code/.venv/lib/python3.9/site-packages/airflow/example_dags/example_inlet_event_extra.py
[2026-09-18T11:27:09.686+0700] {processor.py:914} INFO - Processing file /Users/andreasanditya/Downloads/572392_Andreas_AirflowETL/code/.venv/lib/python3.9/site-packages/airflow/example_dags/example_inlet_event_extra.py for tasks to queue
[2026-09-18T11:27:09.687+0700] {logging_mixin.py:190} INFO - [2026-09-18T11:27:09.687+0700] {dagbag.py:588} INFO - Filling up the DagBag from /Users/andreasanditya/Downloads/572392_Andreas_AirflowETL/code/.venv/lib/python3.9/site-packages/airflow/example_dags/example_inlet_event_extra.py
[2026-09-18T11:27:09.759+0700] {processor.py:925} INFO - DAG(s) 'read_dataset_event_from_classic', 'read_dataset_event' retrieved from /Users/andreasanditya/Downloads/572392_Andreas_AirflowETL/code/.venv/lib/python3.9/site-packages/airflow/example_dags/example_inlet_event_extra.py
[2026-09-18T11:27:09.820+0700] {logging_mixin.py:190} INFO - [2026-09-18T11:27:09.820+0700] {dag.py:3239} INFO - Sync 2 DAGs
[2026-09-18T11:27:09.831+0700] {logging_mixin.py:190} INFO - [2026-09-18T11:27:09.831+0700] {dag.py:4180} INFO - Setting next_dagrun for read_dataset_event to 2026-09-17 00:00:00+00:00, run_after=2026-09-18 00:00:00+00:00
[2026-09-18T11:27:09.834+0700] {logging_mixin.py:190} INFO - [2026-09-18T11:27:09.834+0700] {dag.py:4180} INFO - Setting next_dagrun for read_dataset_event_from_classic to 2026-09-17 00:00:00+00:00, run_after=2026-09-18 00:00:00+00:00
[2026-09-18T11:27:09.843+0700] {processor.py:208} INFO - Processing /Users/andreasanditya/Downloads/572392_Andreas_AirflowETL/code/.venv/lib/python3.9/site-packages/airflow/example_dags/example_inlet_event_extra.py took 0.160 seconds
[2026-09-18T11:30:07.515+0700] {processor.py:186} INFO - Started process (PID=18754) to work on /Users/andreasanditya/Downloads/572392_Andreas_AirflowETL/code/.venv/lib/python3.9/site-packages/airflow/example_dags/example_inlet_event_extra.py
[2026-09-18T11:30:07.516+0700] {processor.py:914} INFO - Processing file /Users/andreasanditya/Downloads/572392_Andreas_AirflowETL/code/.venv/lib/python3.9/site-packages/airflow/example_dags/example_inlet_event_extra.py for tasks to queue
[2026-09-18T11:30:07.517+0700] {logging_mixin.py:190} INFO - [2026-09-18T11:30:07.516+0700] {dagbag.py:588} INFO - Filling up the DagBag from /Users/andreasanditya/Downloads/572392_Andreas_AirflowETL/code/.venv/lib/python3.9/site-packages/airflow/example_dags/example_inlet_event_extra.py
[2026-09-18T11:30:07.600+0700] {processor.py:925} INFO - DAG(s) 'read_dataset_event', 'read_dataset_event_from_classic' retrieved from /Users/andreasanditya/Downloads/572392_Andreas_AirflowETL/code/.venv/lib/python3.9/site-packages/airflow/example_dags/example_inlet_event_extra.py
[2026-09-18T11:30:07.665+0700] {logging_mixin.py:190} INFO - [2026-09-18T11:30:07.665+0700] {dag.py:3239} INFO - Sync 2 DAGs
[2026-09-18T11:30:07.676+0700] {logging_mixin.py:190} INFO - [2026-09-18T11:30:07.676+0700] {dag.py:4180} INFO - Setting next_dagrun for read_dataset_event to 2026-09-17 00:00:00+00:00, run_after=2026-09-18 00:00:00+00:00
[2026-09-18T11:30:07.679+0700] {logging_mixin.py:190} INFO - [2026-09-18T11:30:07.679+0700] {dag.py:4180} INFO - Setting next_dagrun for read_dataset_event_from_classic to 2026-09-17 00:00:00+00:00, run_after=2026-09-18 00:00:00+00:00
[2026-09-18T11:30:07.690+0700] {processor.py:208} INFO - Processing /Users/andreasanditya/Downloads/572392_Andreas_AirflowETL/code/.venv/lib/python3.9/site-packages/airflow/example_dags/example_inlet_event_extra.py took 0.177 seconds
[2026-09-18T11:33:04.394+0700] {processor.py:186} INFO - Started process (PID=20592) to work on /Users/andreasanditya/Downloads/572392_Andreas_AirflowETL/code/.venv/lib/python3.9/site-packages/airflow/example_dags/example_inlet_event_extra.py
[2026-09-18T11:33:04.397+0700] {processor.py:914} INFO - Processing file /Users/andreasanditya/Downloads/572392_Andreas_AirflowETL/code/.venv/lib/python3.9/site-packages/airflow/example_dags/example_inlet_event_extra.py for tasks to queue
[2026-09-18T11:33:04.398+0700] {logging_mixin.py:190} INFO - [2026-09-18T11:33:04.398+0700] {dagbag.py:588} INFO - Filling up the DagBag from /Users/andreasanditya/Downloads/572392_Andreas_AirflowETL/code/.venv/lib/python3.9/site-packages/airflow/example_dags/example_inlet_event_extra.py
[2026-09-18T11:33:04.471+0700] {processor.py:925} INFO - DAG(s) 'read_dataset_event_from_classic', 'read_dataset_event' retrieved from /Users/andreasanditya/Downloads/572392_Andreas_AirflowETL/code/.venv/lib/python3.9/site-packages/airflow/example_dags/example_inlet_event_extra.py
[2026-09-18T11:33:04.532+0700] {logging_mixin.py:190} INFO - [2026-09-18T11:33:04.532+0700] {dag.py:3239} INFO - Sync 2 DAGs
[2026-09-18T11:33:04.543+0700] {logging_mixin.py:190} INFO - [2026-09-18T11:33:04.543+0700] {dag.py:4180} INFO - Setting next_dagrun for read_dataset_event to 2026-09-17 00:00:00+00:00, run_after=2026-09-18 00:00:00+00:00
[2026-09-18T11:33:04.546+0700] {logging_mixin.py:190} INFO - [2026-09-18T11:33:04.546+0700] {dag.py:4180} INFO - Setting next_dagrun for read_dataset_event_from_classic to 2026-09-17 00:00:00+00:00, run_after=2026-09-18 00:00:00+00:00
[2026-09-18T11:33:04.556+0700] {processor.py:208} INFO - Processing /Users/andreasanditya/Downloads/572392_Andreas_AirflowETL/code/.venv/lib/python3.9/site-packages/airflow/example_dags/example_inlet_event_extra.py took 0.164 seconds
[2026-09-18T11:35:59.777+0700] {processor.py:186} INFO - Started process (PID=22492) to work on /Users/andreasanditya/Downloads/572392_Andreas_AirflowETL/code/.venv/lib/python3.9/site-packages/airflow/example_dags/example_inlet_event_extra.py
[2026-09-18T11:35:59.778+0700] {processor.py:914} INFO - Processing file /Users/andreasanditya/Downloads/572392_Andreas_AirflowETL/code/.venv/lib/python3.9/site-packages/airflow/example_dags/example_inlet_event_extra.py for tasks to queue
[2026-09-18T11:35:59.779+0700] {logging_mixin.py:190} INFO - [2026-09-18T11:35:59.779+0700] {dagbag.py:588} INFO - Filling up the DagBag from /Users/andreasanditya/Downloads/572392_Andreas_AirflowETL/code/.venv/lib/python3.9/site-packages/airflow/example_dags/example_inlet_event_extra.py
[2026-09-18T11:35:59.852+0700] {processor.py:925} INFO - DAG(s) 'read_dataset_event_from_classic', 'read_dataset_event' retrieved from /Users/andreasanditya/Downloads/572392_Andreas_AirflowETL/code/.venv/lib/python3.9/site-packages/airflow/example_dags/example_inlet_event_extra.py
[2026-09-18T11:35:59.911+0700] {logging_mixin.py:190} INFO - [2026-09-18T11:35:59.911+0700] {dag.py:3239} INFO - Sync 2 DAGs
[2026-09-18T11:35:59.922+0700] {logging_mixin.py:190} INFO - [2026-09-18T11:35:59.922+0700] {dag.py:4180} INFO - Setting next_dagrun for read_dataset_event to 2026-09-17 00:00:00+00:00, run_after=2026-09-18 00:00:00+00:00
[2026-09-18T11:35:59.925+0700] {logging_mixin.py:190} INFO - [2026-09-18T11:35:59.925+0700] {dag.py:4180} INFO - Setting next_dagrun for read_dataset_event_from_classic to 2026-09-17 00:00:00+00:00, run_after=2026-09-18 00:00:00+00:00
[2026-09-18T11:35:59.934+0700] {processor.py:208} INFO - Processing /Users/andreasanditya/Downloads/572392_Andreas_AirflowETL/code/.venv/lib/python3.9/site-packages/airflow/example_dags/example_inlet_event_extra.py took 0.159 seconds
[2026-09-18T11:38:54.949+0700] {processor.py:186} INFO - Started process (PID=24339) to work on /Users/andreasanditya/Downloads/572392_Andreas_AirflowETL/code/.venv/lib/python3.9/site-packages/airflow/example_dags/example_inlet_event_extra.py
[2026-09-18T11:38:54.952+0700] {processor.py:914} INFO - Processing file /Users/andreasanditya/Downloads/572392_Andreas_AirflowETL/code/.venv/lib/python3.9/site-packages/airflow/example_dags/example_inlet_event_extra.py for tasks to queue
[2026-09-18T11:38:54.953+0700] {logging_mixin.py:190} INFO - [2026-09-18T11:38:54.953+0700] {dagbag.py:588} INFO - Filling up the DagBag from /Users/andreasanditya/Downloads/572392_Andreas_AirflowETL/code/.venv/lib/python3.9/site-packages/airflow/example_dags/example_inlet_event_extra.py
[2026-09-18T11:38:55.025+0700] {processor.py:925} INFO - DAG(s) 'read_dataset_event', 'read_dataset_event_from_classic' retrieved from /Users/andreasanditya/Downloads/572392_Andreas_AirflowETL/code/.venv/lib/python3.9/site-packages/airflow/example_dags/example_inlet_event_extra.py
[2026-09-18T11:38:55.085+0700] {logging_mixin.py:190} INFO - [2026-09-18T11:38:55.084+0700] {dag.py:3239} INFO - Sync 2 DAGs
[2026-09-18T11:38:55.095+0700] {logging_mixin.py:190} INFO - [2026-09-18T11:38:55.095+0700] {dag.py:4180} INFO - Setting next_dagrun for read_dataset_event to 2026-09-17 00:00:00+00:00, run_after=2026-09-18 00:00:00+00:00
[2026-09-18T11:38:55.098+0700] {logging_mixin.py:190} INFO - [2026-09-18T11:38:55.098+0700] {dag.py:4180} INFO - Setting next_dagrun for read_dataset_event_from_classic to 2026-09-17 00:00:00+00:00, run_after=2026-09-18 00:00:00+00:00
[2026-09-18T11:38:55.107+0700] {processor.py:208} INFO - Processing /Users/andreasanditya/Downloads/572392_Andreas_AirflowETL/code/.venv/lib/python3.9/site-packages/airflow/example_dags/example_inlet_event_extra.py took 0.159 seconds
[2026-09-18T11:41:53.702+0700] {processor.py:186} INFO - Started process (PID=26205) to work on /Users/andreasanditya/Downloads/572392_Andreas_AirflowETL/code/.venv/lib/python3.9/site-packages/airflow/example_dags/example_inlet_event_extra.py
[2026-09-18T11:41:53.703+0700] {processor.py:914} INFO - Processing file /Users/andreasanditya/Downloads/572392_Andreas_AirflowETL/code/.venv/lib/python3.9/site-packages/airflow/example_dags/example_inlet_event_extra.py for tasks to queue
[2026-09-18T11:41:53.704+0700] {logging_mixin.py:190} INFO - [2026-09-18T11:41:53.704+0700] {dagbag.py:588} INFO - Filling up the DagBag from /Users/andreasanditya/Downloads/572392_Andreas_AirflowETL/code/.venv/lib/python3.9/site-packages/airflow/example_dags/example_inlet_event_extra.py
[2026-09-18T11:41:53.782+0700] {processor.py:925} INFO - DAG(s) 'read_dataset_event', 'read_dataset_event_from_classic' retrieved from /Users/andreasanditya/Downloads/572392_Andreas_AirflowETL/code/.venv/lib/python3.9/site-packages/airflow/example_dags/example_inlet_event_extra.py
[2026-09-18T11:41:53.842+0700] {logging_mixin.py:190} INFO - [2026-09-18T11:41:53.842+0700] {dag.py:3239} INFO - Sync 2 DAGs
[2026-09-18T11:41:53.853+0700] {logging_mixin.py:190} INFO - [2026-09-18T11:41:53.853+0700] {dag.py:4180} INFO - Setting next_dagrun for read_dataset_event to 2026-09-17 00:00:00+00:00, run_after=2026-09-18 00:00:00+00:00
[2026-09-18T11:41:53.856+0700] {logging_mixin.py:190} INFO - [2026-09-18T11:41:53.856+0700] {dag.py:4180} INFO - Setting next_dagrun for read_dataset_event_from_classic to 2026-09-17 00:00:00+00:00, run_after=2026-09-18 00:00:00+00:00
[2026-09-18T11:41:53.865+0700] {processor.py:208} INFO - Processing /Users/andreasanditya/Downloads/572392_Andreas_AirflowETL/code/.venv/lib/python3.9/site-packages/airflow/example_dags/example_inlet_event_extra.py took 0.166 seconds
[2026-09-18T11:44:49.440+0700] {processor.py:186} INFO - Started process (PID=27946) to work on /Users/andreasanditya/Downloads/572392_Andreas_AirflowETL/code/.venv/lib/python3.9/site-packages/airflow/example_dags/example_inlet_event_extra.py
[2026-09-18T11:44:49.441+0700] {processor.py:914} INFO - Processing file /Users/andreasanditya/Downloads/572392_Andreas_AirflowETL/code/.venv/lib/python3.9/site-packages/airflow/example_dags/example_inlet_event_extra.py for tasks to queue
[2026-09-18T11:44:49.441+0700] {logging_mixin.py:190} INFO - [2026-09-18T11:44:49.441+0700] {dagbag.py:588} INFO - Filling up the DagBag from /Users/andreasanditya/Downloads/572392_Andreas_AirflowETL/code/.venv/lib/python3.9/site-packages/airflow/example_dags/example_inlet_event_extra.py
[2026-09-18T11:44:49.513+0700] {processor.py:925} INFO - DAG(s) 'read_dataset_event', 'read_dataset_event_from_classic' retrieved from /Users/andreasanditya/Downloads/572392_Andreas_AirflowETL/code/.venv/lib/python3.9/site-packages/airflow/example_dags/example_inlet_event_extra.py
[2026-09-18T11:44:49.574+0700] {logging_mixin.py:190} INFO - [2026-09-18T11:44:49.573+0700] {dag.py:3239} INFO - Sync 2 DAGs
[2026-09-18T11:44:49.584+0700] {logging_mixin.py:190} INFO - [2026-09-18T11:44:49.584+0700] {dag.py:4180} INFO - Setting next_dagrun for read_dataset_event to 2026-09-17 00:00:00+00:00, run_after=2026-09-18 00:00:00+00:00
[2026-09-18T11:44:49.587+0700] {logging_mixin.py:190} INFO - [2026-09-18T11:44:49.587+0700] {dag.py:4180} INFO - Setting next_dagrun for read_dataset_event_from_classic to 2026-09-17 00:00:00+00:00, run_after=2026-09-18 00:00:00+00:00
[2026-09-18T11:44:49.596+0700] {processor.py:208} INFO - Processing /Users/andreasanditya/Downloads/572392_Andreas_AirflowETL/code/.venv/lib/python3.9/site-packages/airflow/example_dags/example_inlet_event_extra.py took 0.158 seconds
[2026-09-18T11:47:42.430+0700] {processor.py:186} INFO - Started process (PID=29669) to work on /Users/andreasanditya/Downloads/572392_Andreas_AirflowETL/code/.venv/lib/python3.9/site-packages/airflow/example_dags/example_inlet_event_extra.py
[2026-09-18T11:47:42.431+0700] {processor.py:914} INFO - Processing file /Users/andreasanditya/Downloads/572392_Andreas_AirflowETL/code/.venv/lib/python3.9/site-packages/airflow/example_dags/example_inlet_event_extra.py for tasks to queue
[2026-09-18T11:47:42.432+0700] {logging_mixin.py:190} INFO - [2026-09-18T11:47:42.432+0700] {dagbag.py:588} INFO - Filling up the DagBag from /Users/andreasanditya/Downloads/572392_Andreas_AirflowETL/code/.venv/lib/python3.9/site-packages/airflow/example_dags/example_inlet_event_extra.py
[2026-09-18T11:47:42.507+0700] {processor.py:925} INFO - DAG(s) 'read_dataset_event', 'read_dataset_event_from_classic' retrieved from /Users/andreasanditya/Downloads/572392_Andreas_AirflowETL/code/.venv/lib/python3.9/site-packages/airflow/example_dags/example_inlet_event_extra.py
[2026-09-18T11:47:42.567+0700] {logging_mixin.py:190} INFO - [2026-09-18T11:47:42.567+0700] {dag.py:3239} INFO - Sync 2 DAGs
[2026-09-18T11:47:42.578+0700] {logging_mixin.py:190} INFO - [2026-09-18T11:47:42.578+0700] {dag.py:4180} INFO - Setting next_dagrun for read_dataset_event to 2026-09-17 00:00:00+00:00, run_after=2026-09-18 00:00:00+00:00
[2026-09-18T11:47:42.581+0700] {logging_mixin.py:190} INFO - [2026-09-18T11:47:42.581+0700] {dag.py:4180} INFO - Setting next_dagrun for read_dataset_event_from_classic to 2026-09-17 00:00:00+00:00, run_after=2026-09-18 00:00:00+00:00
[2026-09-18T11:47:42.593+0700] {processor.py:208} INFO - Processing /Users/andreasanditya/Downloads/572392_Andreas_AirflowETL/code/.venv/lib/python3.9/site-packages/airflow/example_dags/example_inlet_event_extra.py took 0.165 seconds
[2026-09-18T11:50:35.078+0700] {processor.py:186} INFO - Started process (PID=31418) to work on /Users/andreasanditya/Downloads/572392_Andreas_AirflowETL/code/.venv/lib/python3.9/site-packages/airflow/example_dags/example_inlet_event_extra.py
[2026-09-18T11:50:35.078+0700] {processor.py:914} INFO - Processing file /Users/andreasanditya/Downloads/572392_Andreas_AirflowETL/code/.venv/lib/python3.9/site-packages/airflow/example_dags/example_inlet_event_extra.py for tasks to queue
[2026-09-18T11:50:35.079+0700] {logging_mixin.py:190} INFO - [2026-09-18T11:50:35.079+0700] {dagbag.py:588} INFO - Filling up the DagBag from /Users/andreasanditya/Downloads/572392_Andreas_AirflowETL/code/.venv/lib/python3.9/site-packages/airflow/example_dags/example_inlet_event_extra.py
[2026-09-18T11:50:35.151+0700] {processor.py:925} INFO - DAG(s) 'read_dataset_event', 'read_dataset_event_from_classic' retrieved from /Users/andreasanditya/Downloads/572392_Andreas_AirflowETL/code/.venv/lib/python3.9/site-packages/airflow/example_dags/example_inlet_event_extra.py
[2026-09-18T11:50:35.210+0700] {logging_mixin.py:190} INFO - [2026-09-18T11:50:35.209+0700] {dag.py:3239} INFO - Sync 2 DAGs
[2026-09-18T11:50:35.220+0700] {logging_mixin.py:190} INFO - [2026-09-18T11:50:35.220+0700] {dag.py:4180} INFO - Setting next_dagrun for read_dataset_event to 2026-09-17 00:00:00+00:00, run_after=2026-09-18 00:00:00+00:00
[2026-09-18T11:50:35.223+0700] {logging_mixin.py:190} INFO - [2026-09-18T11:50:35.223+0700] {dag.py:4180} INFO - Setting next_dagrun for read_dataset_event_from_classic to 2026-09-17 00:00:00+00:00, run_after=2026-09-18 00:00:00+00:00
[2026-09-18T11:50:35.232+0700] {processor.py:208} INFO - Processing /Users/andreasanditya/Downloads/572392_Andreas_AirflowETL/code/.venv/lib/python3.9/site-packages/airflow/example_dags/example_inlet_event_extra.py took 0.156 seconds
[2026-09-18T11:53:27.037+0700] {processor.py:186} INFO - Started process (PID=33142) to work on /Users/andreasanditya/Downloads/572392_Andreas_AirflowETL/code/.venv/lib/python3.9/site-packages/airflow/example_dags/example_inlet_event_extra.py
[2026-09-18T11:53:27.038+0700] {processor.py:914} INFO - Processing file /Users/andreasanditya/Downloads/572392_Andreas_AirflowETL/code/.venv/lib/python3.9/site-packages/airflow/example_dags/example_inlet_event_extra.py for tasks to queue
[2026-09-18T11:53:27.039+0700] {logging_mixin.py:190} INFO - [2026-09-18T11:53:27.039+0700] {dagbag.py:588} INFO - Filling up the DagBag from /Users/andreasanditya/Downloads/572392_Andreas_AirflowETL/code/.venv/lib/python3.9/site-packages/airflow/example_dags/example_inlet_event_extra.py
[2026-09-18T11:53:27.110+0700] {processor.py:925} INFO - DAG(s) 'read_dataset_event_from_classic', 'read_dataset_event' retrieved from /Users/andreasanditya/Downloads/572392_Andreas_AirflowETL/code/.venv/lib/python3.9/site-packages/airflow/example_dags/example_inlet_event_extra.py
[2026-09-18T11:53:27.172+0700] {logging_mixin.py:190} INFO - [2026-09-18T11:53:27.172+0700] {dag.py:3239} INFO - Sync 2 DAGs
[2026-09-18T11:53:27.183+0700] {logging_mixin.py:190} INFO - [2026-09-18T11:53:27.183+0700] {dag.py:4180} INFO - Setting next_dagrun for read_dataset_event to 2026-09-17 00:00:00+00:00, run_after=2026-09-18 00:00:00+00:00
[2026-09-18T11:53:27.186+0700] {logging_mixin.py:190} INFO - [2026-09-18T11:53:27.186+0700] {dag.py:4180} INFO - Setting next_dagrun for read_dataset_event_from_classic to 2026-09-17 00:00:00+00:00, run_after=2026-09-18 00:00:00+00:00
[2026-09-18T11:53:27.195+0700] {processor.py:208} INFO - Processing /Users/andreasanditya/Downloads/572392_Andreas_AirflowETL/code/.venv/lib/python3.9/site-packages/airflow/example_dags/example_inlet_event_extra.py took 0.160 seconds
[2026-09-18T11:56:20.570+0700] {processor.py:186} INFO - Started process (PID=34888) to work on /Users/andreasanditya/Downloads/572392_Andreas_AirflowETL/code/.venv/lib/python3.9/site-packages/airflow/example_dags/example_inlet_event_extra.py
[2026-09-18T11:56:20.571+0700] {processor.py:914} INFO - Processing file /Users/andreasanditya/Downloads/572392_Andreas_AirflowETL/code/.venv/lib/python3.9/site-packages/airflow/example_dags/example_inlet_event_extra.py for tasks to queue
[2026-09-18T11:56:20.572+0700] {logging_mixin.py:190} INFO - [2026-09-18T11:56:20.572+0700] {dagbag.py:588} INFO - Filling up the DagBag from /Users/andreasanditya/Downloads/572392_Andreas_AirflowETL/code/.venv/lib/python3.9/site-packages/airflow/example_dags/example_inlet_event_extra.py
[2026-09-18T11:56:20.642+0700] {processor.py:925} INFO - DAG(s) 'read_dataset_event', 'read_dataset_event_from_classic' retrieved from /Users/andreasanditya/Downloads/572392_Andreas_AirflowETL/code/.venv/lib/python3.9/site-packages/airflow/example_dags/example_inlet_event_extra.py
[2026-09-18T11:56:20.701+0700] {logging_mixin.py:190} INFO - [2026-09-18T11:56:20.701+0700] {dag.py:3239} INFO - Sync 2 DAGs
[2026-09-18T11:56:20.712+0700] {logging_mixin.py:190} INFO - [2026-09-18T11:56:20.712+0700] {dag.py:4180} INFO - Setting next_dagrun for read_dataset_event to 2026-09-17 00:00:00+00:00, run_after=2026-09-18 00:00:00+00:00
[2026-09-18T11:56:20.716+0700] {logging_mixin.py:190} INFO - [2026-09-18T11:56:20.716+0700] {dag.py:4180} INFO - Setting next_dagrun for read_dataset_event_from_classic to 2026-09-17 00:00:00+00:00, run_after=2026-09-18 00:00:00+00:00
[2026-09-18T11:56:20.725+0700] {processor.py:208} INFO - Processing /Users/andreasanditya/Downloads/572392_Andreas_AirflowETL/code/.venv/lib/python3.9/site-packages/airflow/example_dags/example_inlet_event_extra.py took 0.157 seconds
[2026-09-18T11:59:12.377+0700] {processor.py:186} INFO - Started process (PID=36622) to work on /Users/andreasanditya/Downloads/572392_Andreas_AirflowETL/code/.venv/lib/python3.9/site-packages/airflow/example_dags/example_inlet_event_extra.py
[2026-09-18T11:59:12.379+0700] {processor.py:914} INFO - Processing file /Users/andreasanditya/Downloads/572392_Andreas_AirflowETL/code/.venv/lib/python3.9/site-packages/airflow/example_dags/example_inlet_event_extra.py for tasks to queue
[2026-09-18T11:59:12.381+0700] {logging_mixin.py:190} INFO - [2026-09-18T11:59:12.381+0700] {dagbag.py:588} INFO - Filling up the DagBag from /Users/andreasanditya/Downloads/572392_Andreas_AirflowETL/code/.venv/lib/python3.9/site-packages/airflow/example_dags/example_inlet_event_extra.py
[2026-09-18T11:59:12.463+0700] {processor.py:925} INFO - DAG(s) 'read_dataset_event', 'read_dataset_event_from_classic' retrieved from /Users/andreasanditya/Downloads/572392_Andreas_AirflowETL/code/.venv/lib/python3.9/site-packages/airflow/example_dags/example_inlet_event_extra.py
[2026-09-18T11:59:12.526+0700] {logging_mixin.py:190} INFO - [2026-09-18T11:59:12.525+0700] {dag.py:3239} INFO - Sync 2 DAGs
[2026-09-18T11:59:12.537+0700] {logging_mixin.py:190} INFO - [2026-09-18T11:59:12.537+0700] {dag.py:4180} INFO - Setting next_dagrun for read_dataset_event to 2026-09-17 00:00:00+00:00, run_after=2026-09-18 00:00:00+00:00
[2026-09-18T11:59:12.540+0700] {logging_mixin.py:190} INFO - [2026-09-18T11:59:12.540+0700] {dag.py:4180} INFO - Setting next_dagrun for read_dataset_event_from_classic to 2026-09-17 00:00:00+00:00, run_after=2026-09-18 00:00:00+00:00
[2026-09-18T11:59:12.549+0700] {processor.py:208} INFO - Processing /Users/andreasanditya/Downloads/572392_Andreas_AirflowETL/code/.venv/lib/python3.9/site-packages/airflow/example_dags/example_inlet_event_extra.py took 0.174 seconds
[2026-09-18T12:02:06.995+0700] {processor.py:186} INFO - Started process (PID=38356) to work on /Users/andreasanditya/Downloads/572392_Andreas_AirflowETL/code/.venv/lib/python3.9/site-packages/airflow/example_dags/example_inlet_event_extra.py
[2026-09-18T12:02:06.996+0700] {processor.py:914} INFO - Processing file /Users/andreasanditya/Downloads/572392_Andreas_AirflowETL/code/.venv/lib/python3.9/site-packages/airflow/example_dags/example_inlet_event_extra.py for tasks to queue
[2026-09-18T12:02:06.997+0700] {logging_mixin.py:190} INFO - [2026-09-18T12:02:06.997+0700] {dagbag.py:588} INFO - Filling up the DagBag from /Users/andreasanditya/Downloads/572392_Andreas_AirflowETL/code/.venv/lib/python3.9/site-packages/airflow/example_dags/example_inlet_event_extra.py
[2026-09-18T12:02:07.068+0700] {processor.py:925} INFO - DAG(s) 'read_dataset_event_from_classic', 'read_dataset_event' retrieved from /Users/andreasanditya/Downloads/572392_Andreas_AirflowETL/code/.venv/lib/python3.9/site-packages/airflow/example_dags/example_inlet_event_extra.py
[2026-09-18T12:02:07.131+0700] {logging_mixin.py:190} INFO - [2026-09-18T12:02:07.131+0700] {dag.py:3239} INFO - Sync 2 DAGs
[2026-09-18T12:02:07.143+0700] {logging_mixin.py:190} INFO - [2026-09-18T12:02:07.143+0700] {dag.py:4180} INFO - Setting next_dagrun for read_dataset_event to 2026-09-17 00:00:00+00:00, run_after=2026-09-18 00:00:00+00:00
[2026-09-18T12:02:07.146+0700] {logging_mixin.py:190} INFO - [2026-09-18T12:02:07.146+0700] {dag.py:4180} INFO - Setting next_dagrun for read_dataset_event_from_classic to 2026-09-17 00:00:00+00:00, run_after=2026-09-18 00:00:00+00:00
[2026-09-18T12:02:07.156+0700] {processor.py:208} INFO - Processing /Users/andreasanditya/Downloads/572392_Andreas_AirflowETL/code/.venv/lib/python3.9/site-packages/airflow/example_dags/example_inlet_event_extra.py took 0.162 seconds
[2026-09-18T12:05:00.374+0700] {processor.py:186} INFO - Started process (PID=40195) to work on /Users/andreasanditya/Downloads/572392_Andreas_AirflowETL/code/.venv/lib/python3.9/site-packages/airflow/example_dags/example_inlet_event_extra.py
[2026-09-18T12:05:00.375+0700] {processor.py:914} INFO - Processing file /Users/andreasanditya/Downloads/572392_Andreas_AirflowETL/code/.venv/lib/python3.9/site-packages/airflow/example_dags/example_inlet_event_extra.py for tasks to queue
[2026-09-18T12:05:00.376+0700] {logging_mixin.py:190} INFO - [2026-09-18T12:05:00.376+0700] {dagbag.py:588} INFO - Filling up the DagBag from /Users/andreasanditya/Downloads/572392_Andreas_AirflowETL/code/.venv/lib/python3.9/site-packages/airflow/example_dags/example_inlet_event_extra.py
[2026-09-18T12:05:00.446+0700] {processor.py:925} INFO - DAG(s) 'read_dataset_event_from_classic', 'read_dataset_event' retrieved from /Users/andreasanditya/Downloads/572392_Andreas_AirflowETL/code/.venv/lib/python3.9/site-packages/airflow/example_dags/example_inlet_event_extra.py
[2026-09-18T12:05:00.505+0700] {logging_mixin.py:190} INFO - [2026-09-18T12:05:00.505+0700] {dag.py:3239} INFO - Sync 2 DAGs
[2026-09-18T12:05:00.516+0700] {logging_mixin.py:190} INFO - [2026-09-18T12:05:00.516+0700] {dag.py:4180} INFO - Setting next_dagrun for read_dataset_event to 2026-09-17 00:00:00+00:00, run_after=2026-09-18 00:00:00+00:00
[2026-09-18T12:05:00.519+0700] {logging_mixin.py:190} INFO - [2026-09-18T12:05:00.519+0700] {dag.py:4180} INFO - Setting next_dagrun for read_dataset_event_from_classic to 2026-09-17 00:00:00+00:00, run_after=2026-09-18 00:00:00+00:00
[2026-09-18T12:05:00.527+0700] {processor.py:208} INFO - Processing /Users/andreasanditya/Downloads/572392_Andreas_AirflowETL/code/.venv/lib/python3.9/site-packages/airflow/example_dags/example_inlet_event_extra.py took 0.155 seconds
[2026-09-18T12:07:55.793+0700] {processor.py:186} INFO - Started process (PID=41945) to work on /Users/andreasanditya/Downloads/572392_Andreas_AirflowETL/code/.venv/lib/python3.9/site-packages/airflow/example_dags/example_inlet_event_extra.py
[2026-09-18T12:07:55.793+0700] {processor.py:914} INFO - Processing file /Users/andreasanditya/Downloads/572392_Andreas_AirflowETL/code/.venv/lib/python3.9/site-packages/airflow/example_dags/example_inlet_event_extra.py for tasks to queue
[2026-09-18T12:07:55.794+0700] {logging_mixin.py:190} INFO - [2026-09-18T12:07:55.794+0700] {dagbag.py:588} INFO - Filling up the DagBag from /Users/andreasanditya/Downloads/572392_Andreas_AirflowETL/code/.venv/lib/python3.9/site-packages/airflow/example_dags/example_inlet_event_extra.py
[2026-09-18T12:07:55.866+0700] {processor.py:925} INFO - DAG(s) 'read_dataset_event', 'read_dataset_event_from_classic' retrieved from /Users/andreasanditya/Downloads/572392_Andreas_AirflowETL/code/.venv/lib/python3.9/site-packages/airflow/example_dags/example_inlet_event_extra.py
[2026-09-18T12:07:55.926+0700] {logging_mixin.py:190} INFO - [2026-09-18T12:07:55.926+0700] {dag.py:3239} INFO - Sync 2 DAGs
[2026-09-18T12:07:55.937+0700] {logging_mixin.py:190} INFO - [2026-09-18T12:07:55.937+0700] {dag.py:4180} INFO - Setting next_dagrun for read_dataset_event to 2026-09-17 00:00:00+00:00, run_after=2026-09-18 00:00:00+00:00
[2026-09-18T12:07:55.940+0700] {logging_mixin.py:190} INFO - [2026-09-18T12:07:55.940+0700] {dag.py:4180} INFO - Setting next_dagrun for read_dataset_event_from_classic to 2026-09-17 00:00:00+00:00, run_after=2026-09-18 00:00:00+00:00
[2026-09-18T12:07:55.949+0700] {processor.py:208} INFO - Processing /Users/andreasanditya/Downloads/572392_Andreas_AirflowETL/code/.venv/lib/python3.9/site-packages/airflow/example_dags/example_inlet_event_extra.py took 0.158 seconds
[2026-09-18T12:10:47.951+0700] {processor.py:186} INFO - Started process (PID=43671) to work on /Users/andreasanditya/Downloads/572392_Andreas_AirflowETL/code/.venv/lib/python3.9/site-packages/airflow/example_dags/example_inlet_event_extra.py
[2026-09-18T12:10:47.952+0700] {processor.py:914} INFO - Processing file /Users/andreasanditya/Downloads/572392_Andreas_AirflowETL/code/.venv/lib/python3.9/site-packages/airflow/example_dags/example_inlet_event_extra.py for tasks to queue
[2026-09-18T12:10:47.953+0700] {logging_mixin.py:190} INFO - [2026-09-18T12:10:47.953+0700] {dagbag.py:588} INFO - Filling up the DagBag from /Users/andreasanditya/Downloads/572392_Andreas_AirflowETL/code/.venv/lib/python3.9/site-packages/airflow/example_dags/example_inlet_event_extra.py
[2026-09-18T12:10:48.027+0700] {processor.py:925} INFO - DAG(s) 'read_dataset_event', 'read_dataset_event_from_classic' retrieved from /Users/andreasanditya/Downloads/572392_Andreas_AirflowETL/code/.venv/lib/python3.9/site-packages/airflow/example_dags/example_inlet_event_extra.py
[2026-09-18T12:10:48.086+0700] {logging_mixin.py:190} INFO - [2026-09-18T12:10:48.086+0700] {dag.py:3239} INFO - Sync 2 DAGs
[2026-09-18T12:10:48.097+0700] {logging_mixin.py:190} INFO - [2026-09-18T12:10:48.096+0700] {dag.py:4180} INFO - Setting next_dagrun for read_dataset_event to 2026-09-17 00:00:00+00:00, run_after=2026-09-18 00:00:00+00:00
[2026-09-18T12:10:48.099+0700] {logging_mixin.py:190} INFO - [2026-09-18T12:10:48.099+0700] {dag.py:4180} INFO - Setting next_dagrun for read_dataset_event_from_classic to 2026-09-17 00:00:00+00:00, run_after=2026-09-18 00:00:00+00:00
[2026-09-18T12:10:48.108+0700] {processor.py:208} INFO - Processing /Users/andreasanditya/Downloads/572392_Andreas_AirflowETL/code/.venv/lib/python3.9/site-packages/airflow/example_dags/example_inlet_event_extra.py took 0.159 seconds
[2026-09-18T12:13:46.872+0700] {processor.py:186} INFO - Started process (PID=46247) to work on /Users/andreasanditya/Downloads/572392_Andreas_AirflowETL/code/.venv/lib/python3.9/site-packages/airflow/example_dags/example_inlet_event_extra.py
[2026-09-18T12:13:46.873+0700] {processor.py:914} INFO - Processing file /Users/andreasanditya/Downloads/572392_Andreas_AirflowETL/code/.venv/lib/python3.9/site-packages/airflow/example_dags/example_inlet_event_extra.py for tasks to queue
[2026-09-18T12:13:46.874+0700] {logging_mixin.py:190} INFO - [2026-09-18T12:13:46.873+0700] {dagbag.py:588} INFO - Filling up the DagBag from /Users/andreasanditya/Downloads/572392_Andreas_AirflowETL/code/.venv/lib/python3.9/site-packages/airflow/example_dags/example_inlet_event_extra.py
[2026-09-18T12:13:46.944+0700] {processor.py:925} INFO - DAG(s) 'read_dataset_event', 'read_dataset_event_from_classic' retrieved from /Users/andreasanditya/Downloads/572392_Andreas_AirflowETL/code/.venv/lib/python3.9/site-packages/airflow/example_dags/example_inlet_event_extra.py
[2026-09-18T12:13:47.003+0700] {logging_mixin.py:190} INFO - [2026-09-18T12:13:47.003+0700] {dag.py:3239} INFO - Sync 2 DAGs
[2026-09-18T12:13:47.013+0700] {logging_mixin.py:190} INFO - [2026-09-18T12:13:47.013+0700] {dag.py:4180} INFO - Setting next_dagrun for read_dataset_event to 2026-09-17 00:00:00+00:00, run_after=2026-09-18 00:00:00+00:00
[2026-09-18T12:13:47.016+0700] {logging_mixin.py:190} INFO - [2026-09-18T12:13:47.016+0700] {dag.py:4180} INFO - Setting next_dagrun for read_dataset_event_from_classic to 2026-09-17 00:00:00+00:00, run_after=2026-09-18 00:00:00+00:00
[2026-09-18T12:13:47.025+0700] {processor.py:208} INFO - Processing /Users/andreasanditya/Downloads/572392_Andreas_AirflowETL/code/.venv/lib/python3.9/site-packages/airflow/example_dags/example_inlet_event_extra.py took 0.155 seconds
[2026-09-18T12:16:41.808+0700] {processor.py:186} INFO - Started process (PID=49086) to work on /Users/andreasanditya/Downloads/572392_Andreas_AirflowETL/code/.venv/lib/python3.9/site-packages/airflow/example_dags/example_inlet_event_extra.py
[2026-09-18T12:16:41.810+0700] {processor.py:914} INFO - Processing file /Users/andreasanditya/Downloads/572392_Andreas_AirflowETL/code/.venv/lib/python3.9/site-packages/airflow/example_dags/example_inlet_event_extra.py for tasks to queue
[2026-09-18T12:16:41.811+0700] {logging_mixin.py:190} INFO - [2026-09-18T12:16:41.810+0700] {dagbag.py:588} INFO - Filling up the DagBag from /Users/andreasanditya/Downloads/572392_Andreas_AirflowETL/code/.venv/lib/python3.9/site-packages/airflow/example_dags/example_inlet_event_extra.py
[2026-09-18T12:16:41.880+0700] {processor.py:925} INFO - DAG(s) 'read_dataset_event', 'read_dataset_event_from_classic' retrieved from /Users/andreasanditya/Downloads/572392_Andreas_AirflowETL/code/.venv/lib/python3.9/site-packages/airflow/example_dags/example_inlet_event_extra.py
[2026-09-18T12:16:41.938+0700] {logging_mixin.py:190} INFO - [2026-09-18T12:16:41.938+0700] {dag.py:3239} INFO - Sync 2 DAGs
[2026-09-18T12:16:41.949+0700] {logging_mixin.py:190} INFO - [2026-09-18T12:16:41.949+0700] {dag.py:4180} INFO - Setting next_dagrun for read_dataset_event to 2026-09-17 00:00:00+00:00, run_after=2026-09-18 00:00:00+00:00
[2026-09-18T12:16:41.952+0700] {logging_mixin.py:190} INFO - [2026-09-18T12:16:41.952+0700] {dag.py:4180} INFO - Setting next_dagrun for read_dataset_event_from_classic to 2026-09-17 00:00:00+00:00, run_after=2026-09-18 00:00:00+00:00
[2026-09-18T12:16:41.961+0700] {processor.py:208} INFO - Processing /Users/andreasanditya/Downloads/572392_Andreas_AirflowETL/code/.venv/lib/python3.9/site-packages/airflow/example_dags/example_inlet_event_extra.py took 0.155 seconds
[2026-09-18T12:19:40.521+0700] {processor.py:186} INFO - Started process (PID=51984) to work on /Users/andreasanditya/Downloads/572392_Andreas_AirflowETL/code/.venv/lib/python3.9/site-packages/airflow/example_dags/example_inlet_event_extra.py
[2026-09-18T12:19:40.522+0700] {processor.py:914} INFO - Processing file /Users/andreasanditya/Downloads/572392_Andreas_AirflowETL/code/.venv/lib/python3.9/site-packages/airflow/example_dags/example_inlet_event_extra.py for tasks to queue
[2026-09-18T12:19:40.522+0700] {logging_mixin.py:190} INFO - [2026-09-18T12:19:40.522+0700] {dagbag.py:588} INFO - Filling up the DagBag from /Users/andreasanditya/Downloads/572392_Andreas_AirflowETL/code/.venv/lib/python3.9/site-packages/airflow/example_dags/example_inlet_event_extra.py
[2026-09-18T12:19:40.595+0700] {processor.py:925} INFO - DAG(s) 'read_dataset_event_from_classic', 'read_dataset_event' retrieved from /Users/andreasanditya/Downloads/572392_Andreas_AirflowETL/code/.venv/lib/python3.9/site-packages/airflow/example_dags/example_inlet_event_extra.py
[2026-09-18T12:19:40.654+0700] {logging_mixin.py:190} INFO - [2026-09-18T12:19:40.654+0700] {dag.py:3239} INFO - Sync 2 DAGs
[2026-09-18T12:19:40.665+0700] {logging_mixin.py:190} INFO - [2026-09-18T12:19:40.665+0700] {dag.py:4180} INFO - Setting next_dagrun for read_dataset_event to 2026-09-17 00:00:00+00:00, run_after=2026-09-18 00:00:00+00:00
[2026-09-18T12:19:40.668+0700] {logging_mixin.py:190} INFO - [2026-09-18T12:19:40.668+0700] {dag.py:4180} INFO - Setting next_dagrun for read_dataset_event_from_classic to 2026-09-17 00:00:00+00:00, run_after=2026-09-18 00:00:00+00:00
[2026-09-18T12:19:40.677+0700] {processor.py:208} INFO - Processing /Users/andreasanditya/Downloads/572392_Andreas_AirflowETL/code/.venv/lib/python3.9/site-packages/airflow/example_dags/example_inlet_event_extra.py took 0.158 seconds
[2026-09-18T12:22:34.362+0700] {processor.py:186} INFO - Started process (PID=54269) to work on /Users/andreasanditya/Downloads/572392_Andreas_AirflowETL/code/.venv/lib/python3.9/site-packages/airflow/example_dags/example_inlet_event_extra.py
[2026-09-18T12:22:34.364+0700] {processor.py:914} INFO - Processing file /Users/andreasanditya/Downloads/572392_Andreas_AirflowETL/code/.venv/lib/python3.9/site-packages/airflow/example_dags/example_inlet_event_extra.py for tasks to queue
[2026-09-18T12:22:34.365+0700] {logging_mixin.py:190} INFO - [2026-09-18T12:22:34.365+0700] {dagbag.py:588} INFO - Filling up the DagBag from /Users/andreasanditya/Downloads/572392_Andreas_AirflowETL/code/.venv/lib/python3.9/site-packages/airflow/example_dags/example_inlet_event_extra.py
[2026-09-18T12:22:34.442+0700] {processor.py:925} INFO - DAG(s) 'read_dataset_event', 'read_dataset_event_from_classic' retrieved from /Users/andreasanditya/Downloads/572392_Andreas_AirflowETL/code/.venv/lib/python3.9/site-packages/airflow/example_dags/example_inlet_event_extra.py
[2026-09-18T12:22:34.502+0700] {logging_mixin.py:190} INFO - [2026-09-18T12:22:34.501+0700] {dag.py:3239} INFO - Sync 2 DAGs
[2026-09-18T12:22:34.512+0700] {logging_mixin.py:190} INFO - [2026-09-18T12:22:34.512+0700] {dag.py:4180} INFO - Setting next_dagrun for read_dataset_event to 2026-09-17 00:00:00+00:00, run_after=2026-09-18 00:00:00+00:00
[2026-09-18T12:22:34.515+0700] {logging_mixin.py:190} INFO - [2026-09-18T12:22:34.515+0700] {dag.py:4180} INFO - Setting next_dagrun for read_dataset_event_from_classic to 2026-09-17 00:00:00+00:00, run_after=2026-09-18 00:00:00+00:00
[2026-09-18T12:22:34.524+0700] {processor.py:208} INFO - Processing /Users/andreasanditya/Downloads/572392_Andreas_AirflowETL/code/.venv/lib/python3.9/site-packages/airflow/example_dags/example_inlet_event_extra.py took 0.163 seconds
[2026-09-18T12:25:28.268+0700] {processor.py:186} INFO - Started process (PID=56192) to work on /Users/andreasanditya/Downloads/572392_Andreas_AirflowETL/code/.venv/lib/python3.9/site-packages/airflow/example_dags/example_inlet_event_extra.py
[2026-09-18T12:25:28.269+0700] {processor.py:914} INFO - Processing file /Users/andreasanditya/Downloads/572392_Andreas_AirflowETL/code/.venv/lib/python3.9/site-packages/airflow/example_dags/example_inlet_event_extra.py for tasks to queue
[2026-09-18T12:25:28.269+0700] {logging_mixin.py:190} INFO - [2026-09-18T12:25:28.269+0700] {dagbag.py:588} INFO - Filling up the DagBag from /Users/andreasanditya/Downloads/572392_Andreas_AirflowETL/code/.venv/lib/python3.9/site-packages/airflow/example_dags/example_inlet_event_extra.py
[2026-09-18T12:25:28.347+0700] {processor.py:925} INFO - DAG(s) 'read_dataset_event', 'read_dataset_event_from_classic' retrieved from /Users/andreasanditya/Downloads/572392_Andreas_AirflowETL/code/.venv/lib/python3.9/site-packages/airflow/example_dags/example_inlet_event_extra.py
[2026-09-18T12:25:28.408+0700] {logging_mixin.py:190} INFO - [2026-09-18T12:25:28.407+0700] {dag.py:3239} INFO - Sync 2 DAGs
[2026-09-18T12:25:28.419+0700] {logging_mixin.py:190} INFO - [2026-09-18T12:25:28.419+0700] {dag.py:4180} INFO - Setting next_dagrun for read_dataset_event to 2026-09-17 00:00:00+00:00, run_after=2026-09-18 00:00:00+00:00
[2026-09-18T12:25:28.422+0700] {logging_mixin.py:190} INFO - [2026-09-18T12:25:28.422+0700] {dag.py:4180} INFO - Setting next_dagrun for read_dataset_event_from_classic to 2026-09-17 00:00:00+00:00, run_after=2026-09-18 00:00:00+00:00
[2026-09-18T12:25:28.432+0700] {processor.py:208} INFO - Processing /Users/andreasanditya/Downloads/572392_Andreas_AirflowETL/code/.venv/lib/python3.9/site-packages/airflow/example_dags/example_inlet_event_extra.py took 0.166 seconds
[2026-09-18T12:28:21.823+0700] {processor.py:186} INFO - Started process (PID=57952) to work on /Users/andreasanditya/Downloads/572392_Andreas_AirflowETL/code/.venv/lib/python3.9/site-packages/airflow/example_dags/example_inlet_event_extra.py
[2026-09-18T12:28:21.824+0700] {processor.py:914} INFO - Processing file /Users/andreasanditya/Downloads/572392_Andreas_AirflowETL/code/.venv/lib/python3.9/site-packages/airflow/example_dags/example_inlet_event_extra.py for tasks to queue
[2026-09-18T12:28:21.825+0700] {logging_mixin.py:190} INFO - [2026-09-18T12:28:21.825+0700] {dagbag.py:588} INFO - Filling up the DagBag from /Users/andreasanditya/Downloads/572392_Andreas_AirflowETL/code/.venv/lib/python3.9/site-packages/airflow/example_dags/example_inlet_event_extra.py
[2026-09-18T12:28:21.897+0700] {processor.py:925} INFO - DAG(s) 'read_dataset_event', 'read_dataset_event_from_classic' retrieved from /Users/andreasanditya/Downloads/572392_Andreas_AirflowETL/code/.venv/lib/python3.9/site-packages/airflow/example_dags/example_inlet_event_extra.py
[2026-09-18T12:28:21.956+0700] {logging_mixin.py:190} INFO - [2026-09-18T12:28:21.956+0700] {dag.py:3239} INFO - Sync 2 DAGs
[2026-09-18T12:28:21.967+0700] {logging_mixin.py:190} INFO - [2026-09-18T12:28:21.967+0700] {dag.py:4180} INFO - Setting next_dagrun for read_dataset_event to 2026-09-17 00:00:00+00:00, run_after=2026-09-18 00:00:00+00:00
[2026-09-18T12:28:21.970+0700] {logging_mixin.py:190} INFO - [2026-09-18T12:28:21.970+0700] {dag.py:4180} INFO - Setting next_dagrun for read_dataset_event_from_classic to 2026-09-17 00:00:00+00:00, run_after=2026-09-18 00:00:00+00:00
[2026-09-18T12:28:21.979+0700] {processor.py:208} INFO - Processing /Users/andreasanditya/Downloads/572392_Andreas_AirflowETL/code/.venv/lib/python3.9/site-packages/airflow/example_dags/example_inlet_event_extra.py took 0.158 seconds
[2026-09-18T12:31:08.417+0700] {processor.py:186} INFO - Started process (PID=59624) to work on /Users/andreasanditya/Downloads/572392_Andreas_AirflowETL/code/.venv/lib/python3.9/site-packages/airflow/example_dags/example_inlet_event_extra.py
[2026-09-18T12:31:08.418+0700] {processor.py:914} INFO - Processing file /Users/andreasanditya/Downloads/572392_Andreas_AirflowETL/code/.venv/lib/python3.9/site-packages/airflow/example_dags/example_inlet_event_extra.py for tasks to queue
[2026-09-18T12:31:08.419+0700] {logging_mixin.py:190} INFO - [2026-09-18T12:31:08.419+0700] {dagbag.py:588} INFO - Filling up the DagBag from /Users/andreasanditya/Downloads/572392_Andreas_AirflowETL/code/.venv/lib/python3.9/site-packages/airflow/example_dags/example_inlet_event_extra.py
[2026-09-18T12:31:08.491+0700] {processor.py:925} INFO - DAG(s) 'read_dataset_event_from_classic', 'read_dataset_event' retrieved from /Users/andreasanditya/Downloads/572392_Andreas_AirflowETL/code/.venv/lib/python3.9/site-packages/airflow/example_dags/example_inlet_event_extra.py
[2026-09-18T12:31:08.549+0700] {logging_mixin.py:190} INFO - [2026-09-18T12:31:08.549+0700] {dag.py:3239} INFO - Sync 2 DAGs
[2026-09-18T12:31:08.559+0700] {logging_mixin.py:190} INFO - [2026-09-18T12:31:08.559+0700] {dag.py:4180} INFO - Setting next_dagrun for read_dataset_event to 2026-09-17 00:00:00+00:00, run_after=2026-09-18 00:00:00+00:00
[2026-09-18T12:31:08.562+0700] {logging_mixin.py:190} INFO - [2026-09-18T12:31:08.562+0700] {dag.py:4180} INFO - Setting next_dagrun for read_dataset_event_from_classic to 2026-09-17 00:00:00+00:00, run_after=2026-09-18 00:00:00+00:00
[2026-09-18T12:31:08.571+0700] {processor.py:208} INFO - Processing /Users/andreasanditya/Downloads/572392_Andreas_AirflowETL/code/.venv/lib/python3.9/site-packages/airflow/example_dags/example_inlet_event_extra.py took 0.156 seconds
[2026-09-18T12:33:58.015+0700] {processor.py:186} INFO - Started process (PID=61394) to work on /Users/andreasanditya/Downloads/572392_Andreas_AirflowETL/code/.venv/lib/python3.9/site-packages/airflow/example_dags/example_inlet_event_extra.py
[2026-09-18T12:33:58.016+0700] {processor.py:914} INFO - Processing file /Users/andreasanditya/Downloads/572392_Andreas_AirflowETL/code/.venv/lib/python3.9/site-packages/airflow/example_dags/example_inlet_event_extra.py for tasks to queue
[2026-09-18T12:33:58.017+0700] {logging_mixin.py:190} INFO - [2026-09-18T12:33:58.017+0700] {dagbag.py:588} INFO - Filling up the DagBag from /Users/andreasanditya/Downloads/572392_Andreas_AirflowETL/code/.venv/lib/python3.9/site-packages/airflow/example_dags/example_inlet_event_extra.py
[2026-09-18T12:33:58.085+0700] {processor.py:925} INFO - DAG(s) 'read_dataset_event_from_classic', 'read_dataset_event' retrieved from /Users/andreasanditya/Downloads/572392_Andreas_AirflowETL/code/.venv/lib/python3.9/site-packages/airflow/example_dags/example_inlet_event_extra.py
[2026-09-18T12:33:58.144+0700] {logging_mixin.py:190} INFO - [2026-09-18T12:33:58.144+0700] {dag.py:3239} INFO - Sync 2 DAGs
[2026-09-18T12:33:58.154+0700] {logging_mixin.py:190} INFO - [2026-09-18T12:33:58.154+0700] {dag.py:4180} INFO - Setting next_dagrun for read_dataset_event to 2026-09-17 00:00:00+00:00, run_after=2026-09-18 00:00:00+00:00
[2026-09-18T12:33:58.157+0700] {logging_mixin.py:190} INFO - [2026-09-18T12:33:58.157+0700] {dag.py:4180} INFO - Setting next_dagrun for read_dataset_event_from_classic to 2026-09-17 00:00:00+00:00, run_after=2026-09-18 00:00:00+00:00
[2026-09-18T12:33:58.166+0700] {processor.py:208} INFO - Processing /Users/andreasanditya/Downloads/572392_Andreas_AirflowETL/code/.venv/lib/python3.9/site-packages/airflow/example_dags/example_inlet_event_extra.py took 0.153 seconds
[2026-09-18T12:36:48.337+0700] {processor.py:186} INFO - Started process (PID=63146) to work on /Users/andreasanditya/Downloads/572392_Andreas_AirflowETL/code/.venv/lib/python3.9/site-packages/airflow/example_dags/example_inlet_event_extra.py
[2026-09-18T12:36:48.338+0700] {processor.py:914} INFO - Processing file /Users/andreasanditya/Downloads/572392_Andreas_AirflowETL/code/.venv/lib/python3.9/site-packages/airflow/example_dags/example_inlet_event_extra.py for tasks to queue
[2026-09-18T12:36:48.339+0700] {logging_mixin.py:190} INFO - [2026-09-18T12:36:48.339+0700] {dagbag.py:588} INFO - Filling up the DagBag from /Users/andreasanditya/Downloads/572392_Andreas_AirflowETL/code/.venv/lib/python3.9/site-packages/airflow/example_dags/example_inlet_event_extra.py
[2026-09-18T12:36:48.413+0700] {processor.py:925} INFO - DAG(s) 'read_dataset_event', 'read_dataset_event_from_classic' retrieved from /Users/andreasanditya/Downloads/572392_Andreas_AirflowETL/code/.venv/lib/python3.9/site-packages/airflow/example_dags/example_inlet_event_extra.py
[2026-09-18T12:36:48.478+0700] {logging_mixin.py:190} INFO - [2026-09-18T12:36:48.477+0700] {dag.py:3239} INFO - Sync 2 DAGs
[2026-09-18T12:36:48.490+0700] {logging_mixin.py:190} INFO - [2026-09-18T12:36:48.490+0700] {dag.py:4180} INFO - Setting next_dagrun for read_dataset_event to 2026-09-17 00:00:00+00:00, run_after=2026-09-18 00:00:00+00:00
[2026-09-18T12:36:48.494+0700] {logging_mixin.py:190} INFO - [2026-09-18T12:36:48.493+0700] {dag.py:4180} INFO - Setting next_dagrun for read_dataset_event_from_classic to 2026-09-17 00:00:00+00:00, run_after=2026-09-18 00:00:00+00:00
[2026-09-18T12:36:48.503+0700] {processor.py:208} INFO - Processing /Users/andreasanditya/Downloads/572392_Andreas_AirflowETL/code/.venv/lib/python3.9/site-packages/airflow/example_dags/example_inlet_event_extra.py took 0.168 seconds
[2026-09-18T12:39:42.500+0700] {processor.py:186} INFO - Started process (PID=64918) to work on /Users/andreasanditya/Downloads/572392_Andreas_AirflowETL/code/.venv/lib/python3.9/site-packages/airflow/example_dags/example_inlet_event_extra.py
[2026-09-18T12:39:42.501+0700] {processor.py:914} INFO - Processing file /Users/andreasanditya/Downloads/572392_Andreas_AirflowETL/code/.venv/lib/python3.9/site-packages/airflow/example_dags/example_inlet_event_extra.py for tasks to queue
[2026-09-18T12:39:42.502+0700] {logging_mixin.py:190} INFO - [2026-09-18T12:39:42.502+0700] {dagbag.py:588} INFO - Filling up the DagBag from /Users/andreasanditya/Downloads/572392_Andreas_AirflowETL/code/.venv/lib/python3.9/site-packages/airflow/example_dags/example_inlet_event_extra.py
[2026-09-18T12:39:42.576+0700] {processor.py:925} INFO - DAG(s) 'read_dataset_event', 'read_dataset_event_from_classic' retrieved from /Users/andreasanditya/Downloads/572392_Andreas_AirflowETL/code/.venv/lib/python3.9/site-packages/airflow/example_dags/example_inlet_event_extra.py
[2026-09-18T12:39:42.635+0700] {logging_mixin.py:190} INFO - [2026-09-18T12:39:42.635+0700] {dag.py:3239} INFO - Sync 2 DAGs
[2026-09-18T12:39:42.646+0700] {logging_mixin.py:190} INFO - [2026-09-18T12:39:42.646+0700] {dag.py:4180} INFO - Setting next_dagrun for read_dataset_event to 2026-09-17 00:00:00+00:00, run_after=2026-09-18 00:00:00+00:00
[2026-09-18T12:39:42.649+0700] {logging_mixin.py:190} INFO - [2026-09-18T12:39:42.649+0700] {dag.py:4180} INFO - Setting next_dagrun for read_dataset_event_from_classic to 2026-09-17 00:00:00+00:00, run_after=2026-09-18 00:00:00+00:00
[2026-09-18T12:39:42.658+0700] {processor.py:208} INFO - Processing /Users/andreasanditya/Downloads/572392_Andreas_AirflowETL/code/.venv/lib/python3.9/site-packages/airflow/example_dags/example_inlet_event_extra.py took 0.160 seconds
[2026-09-18T12:42:34.713+0700] {processor.py:186} INFO - Started process (PID=66655) to work on /Users/andreasanditya/Downloads/572392_Andreas_AirflowETL/code/.venv/lib/python3.9/site-packages/airflow/example_dags/example_inlet_event_extra.py
[2026-09-18T12:42:34.714+0700] {processor.py:914} INFO - Processing file /Users/andreasanditya/Downloads/572392_Andreas_AirflowETL/code/.venv/lib/python3.9/site-packages/airflow/example_dags/example_inlet_event_extra.py for tasks to queue
[2026-09-18T12:42:34.715+0700] {logging_mixin.py:190} INFO - [2026-09-18T12:42:34.715+0700] {dagbag.py:588} INFO - Filling up the DagBag from /Users/andreasanditya/Downloads/572392_Andreas_AirflowETL/code/.venv/lib/python3.9/site-packages/airflow/example_dags/example_inlet_event_extra.py
[2026-09-18T12:42:34.785+0700] {processor.py:925} INFO - DAG(s) 'read_dataset_event_from_classic', 'read_dataset_event' retrieved from /Users/andreasanditya/Downloads/572392_Andreas_AirflowETL/code/.venv/lib/python3.9/site-packages/airflow/example_dags/example_inlet_event_extra.py
[2026-09-18T12:42:34.843+0700] {logging_mixin.py:190} INFO - [2026-09-18T12:42:34.843+0700] {dag.py:3239} INFO - Sync 2 DAGs
[2026-09-18T12:42:34.854+0700] {logging_mixin.py:190} INFO - [2026-09-18T12:42:34.854+0700] {dag.py:4180} INFO - Setting next_dagrun for read_dataset_event to 2026-09-17 00:00:00+00:00, run_after=2026-09-18 00:00:00+00:00
[2026-09-18T12:42:34.857+0700] {logging_mixin.py:190} INFO - [2026-09-18T12:42:34.857+0700] {dag.py:4180} INFO - Setting next_dagrun for read_dataset_event_from_classic to 2026-09-17 00:00:00+00:00, run_after=2026-09-18 00:00:00+00:00
[2026-09-18T12:42:34.866+0700] {processor.py:208} INFO - Processing /Users/andreasanditya/Downloads/572392_Andreas_AirflowETL/code/.venv/lib/python3.9/site-packages/airflow/example_dags/example_inlet_event_extra.py took 0.155 seconds
[2026-09-18T12:45:28.854+0700] {processor.py:186} INFO - Started process (PID=68416) to work on /Users/andreasanditya/Downloads/572392_Andreas_AirflowETL/code/.venv/lib/python3.9/site-packages/airflow/example_dags/example_inlet_event_extra.py
[2026-09-18T12:45:28.855+0700] {processor.py:914} INFO - Processing file /Users/andreasanditya/Downloads/572392_Andreas_AirflowETL/code/.venv/lib/python3.9/site-packages/airflow/example_dags/example_inlet_event_extra.py for tasks to queue
[2026-09-18T12:45:28.856+0700] {logging_mixin.py:190} INFO - [2026-09-18T12:45:28.856+0700] {dagbag.py:588} INFO - Filling up the DagBag from /Users/andreasanditya/Downloads/572392_Andreas_AirflowETL/code/.venv/lib/python3.9/site-packages/airflow/example_dags/example_inlet_event_extra.py
[2026-09-18T12:45:28.919+0700] {processor.py:925} INFO - DAG(s) 'read_dataset_event_from_classic', 'read_dataset_event' retrieved from /Users/andreasanditya/Downloads/572392_Andreas_AirflowETL/code/.venv/lib/python3.9/site-packages/airflow/example_dags/example_inlet_event_extra.py
[2026-09-18T12:45:28.978+0700] {logging_mixin.py:190} INFO - [2026-09-18T12:45:28.978+0700] {dag.py:3239} INFO - Sync 2 DAGs
[2026-09-18T12:45:28.989+0700] {logging_mixin.py:190} INFO - [2026-09-18T12:45:28.988+0700] {dag.py:4180} INFO - Setting next_dagrun for read_dataset_event to 2026-09-17 00:00:00+00:00, run_after=2026-09-18 00:00:00+00:00
[2026-09-18T12:45:28.991+0700] {logging_mixin.py:190} INFO - [2026-09-18T12:45:28.991+0700] {dag.py:4180} INFO - Setting next_dagrun for read_dataset_event_from_classic to 2026-09-17 00:00:00+00:00, run_after=2026-09-18 00:00:00+00:00
[2026-09-18T12:45:29.000+0700] {processor.py:208} INFO - Processing /Users/andreasanditya/Downloads/572392_Andreas_AirflowETL/code/.venv/lib/python3.9/site-packages/airflow/example_dags/example_inlet_event_extra.py took 0.148 seconds
[2026-09-18T12:48:20.146+0700] {processor.py:186} INFO - Started process (PID=70155) to work on /Users/andreasanditya/Downloads/572392_Andreas_AirflowETL/code/.venv/lib/python3.9/site-packages/airflow/example_dags/example_inlet_event_extra.py
[2026-09-18T12:48:20.146+0700] {processor.py:914} INFO - Processing file /Users/andreasanditya/Downloads/572392_Andreas_AirflowETL/code/.venv/lib/python3.9/site-packages/airflow/example_dags/example_inlet_event_extra.py for tasks to queue
[2026-09-18T12:48:20.147+0700] {logging_mixin.py:190} INFO - [2026-09-18T12:48:20.147+0700] {dagbag.py:588} INFO - Filling up the DagBag from /Users/andreasanditya/Downloads/572392_Andreas_AirflowETL/code/.venv/lib/python3.9/site-packages/airflow/example_dags/example_inlet_event_extra.py
[2026-09-18T12:48:20.216+0700] {processor.py:925} INFO - DAG(s) 'read_dataset_event_from_classic', 'read_dataset_event' retrieved from /Users/andreasanditya/Downloads/572392_Andreas_AirflowETL/code/.venv/lib/python3.9/site-packages/airflow/example_dags/example_inlet_event_extra.py
[2026-09-18T12:48:20.275+0700] {logging_mixin.py:190} INFO - [2026-09-18T12:48:20.275+0700] {dag.py:3239} INFO - Sync 2 DAGs
[2026-09-18T12:48:20.286+0700] {logging_mixin.py:190} INFO - [2026-09-18T12:48:20.285+0700] {dag.py:4180} INFO - Setting next_dagrun for read_dataset_event to 2026-09-17 00:00:00+00:00, run_after=2026-09-18 00:00:00+00:00
[2026-09-18T12:48:20.288+0700] {logging_mixin.py:190} INFO - [2026-09-18T12:48:20.288+0700] {dag.py:4180} INFO - Setting next_dagrun for read_dataset_event_from_classic to 2026-09-17 00:00:00+00:00, run_after=2026-09-18 00:00:00+00:00
[2026-09-18T12:48:20.297+0700] {processor.py:208} INFO - Processing /Users/andreasanditya/Downloads/572392_Andreas_AirflowETL/code/.venv/lib/python3.9/site-packages/airflow/example_dags/example_inlet_event_extra.py took 0.153 seconds
[2026-09-18T12:51:09.586+0700] {processor.py:186} INFO - Started process (PID=71891) to work on /Users/andreasanditya/Downloads/572392_Andreas_AirflowETL/code/.venv/lib/python3.9/site-packages/airflow/example_dags/example_inlet_event_extra.py
[2026-09-18T12:51:09.587+0700] {processor.py:914} INFO - Processing file /Users/andreasanditya/Downloads/572392_Andreas_AirflowETL/code/.venv/lib/python3.9/site-packages/airflow/example_dags/example_inlet_event_extra.py for tasks to queue
[2026-09-18T12:51:09.588+0700] {logging_mixin.py:190} INFO - [2026-09-18T12:51:09.588+0700] {dagbag.py:588} INFO - Filling up the DagBag from /Users/andreasanditya/Downloads/572392_Andreas_AirflowETL/code/.venv/lib/python3.9/site-packages/airflow/example_dags/example_inlet_event_extra.py
[2026-09-18T12:51:09.657+0700] {processor.py:925} INFO - DAG(s) 'read_dataset_event_from_classic', 'read_dataset_event' retrieved from /Users/andreasanditya/Downloads/572392_Andreas_AirflowETL/code/.venv/lib/python3.9/site-packages/airflow/example_dags/example_inlet_event_extra.py
[2026-09-18T12:51:09.719+0700] {logging_mixin.py:190} INFO - [2026-09-18T12:51:09.719+0700] {dag.py:3239} INFO - Sync 2 DAGs
[2026-09-18T12:51:09.730+0700] {logging_mixin.py:190} INFO - [2026-09-18T12:51:09.730+0700] {dag.py:4180} INFO - Setting next_dagrun for read_dataset_event to 2026-09-17 00:00:00+00:00, run_after=2026-09-18 00:00:00+00:00
[2026-09-18T12:51:09.733+0700] {logging_mixin.py:190} INFO - [2026-09-18T12:51:09.733+0700] {dag.py:4180} INFO - Setting next_dagrun for read_dataset_event_from_classic to 2026-09-17 00:00:00+00:00, run_after=2026-09-18 00:00:00+00:00
[2026-09-18T12:51:09.742+0700] {processor.py:208} INFO - Processing /Users/andreasanditya/Downloads/572392_Andreas_AirflowETL/code/.venv/lib/python3.9/site-packages/airflow/example_dags/example_inlet_event_extra.py took 0.158 seconds
[2026-09-18T12:53:59.678+0700] {processor.py:186} INFO - Started process (PID=73651) to work on /Users/andreasanditya/Downloads/572392_Andreas_AirflowETL/code/.venv/lib/python3.9/site-packages/airflow/example_dags/example_inlet_event_extra.py
[2026-09-18T12:53:59.679+0700] {processor.py:914} INFO - Processing file /Users/andreasanditya/Downloads/572392_Andreas_AirflowETL/code/.venv/lib/python3.9/site-packages/airflow/example_dags/example_inlet_event_extra.py for tasks to queue
[2026-09-18T12:53:59.680+0700] {logging_mixin.py:190} INFO - [2026-09-18T12:53:59.680+0700] {dagbag.py:588} INFO - Filling up the DagBag from /Users/andreasanditya/Downloads/572392_Andreas_AirflowETL/code/.venv/lib/python3.9/site-packages/airflow/example_dags/example_inlet_event_extra.py
[2026-09-18T12:53:59.749+0700] {processor.py:925} INFO - DAG(s) 'read_dataset_event_from_classic', 'read_dataset_event' retrieved from /Users/andreasanditya/Downloads/572392_Andreas_AirflowETL/code/.venv/lib/python3.9/site-packages/airflow/example_dags/example_inlet_event_extra.py
[2026-09-18T12:53:59.808+0700] {logging_mixin.py:190} INFO - [2026-09-18T12:53:59.808+0700] {dag.py:3239} INFO - Sync 2 DAGs
[2026-09-18T12:53:59.818+0700] {logging_mixin.py:190} INFO - [2026-09-18T12:53:59.818+0700] {dag.py:4180} INFO - Setting next_dagrun for read_dataset_event to 2026-09-17 00:00:00+00:00, run_after=2026-09-18 00:00:00+00:00
[2026-09-18T12:53:59.821+0700] {logging_mixin.py:190} INFO - [2026-09-18T12:53:59.821+0700] {dag.py:4180} INFO - Setting next_dagrun for read_dataset_event_from_classic to 2026-09-17 00:00:00+00:00, run_after=2026-09-18 00:00:00+00:00
[2026-09-18T12:53:59.830+0700] {processor.py:208} INFO - Processing /Users/andreasanditya/Downloads/572392_Andreas_AirflowETL/code/.venv/lib/python3.9/site-packages/airflow/example_dags/example_inlet_event_extra.py took 0.154 seconds
[2026-09-18T12:56:49.103+0700] {processor.py:186} INFO - Started process (PID=75326) to work on /Users/andreasanditya/Downloads/572392_Andreas_AirflowETL/code/.venv/lib/python3.9/site-packages/airflow/example_dags/example_inlet_event_extra.py
[2026-09-18T12:56:49.103+0700] {processor.py:914} INFO - Processing file /Users/andreasanditya/Downloads/572392_Andreas_AirflowETL/code/.venv/lib/python3.9/site-packages/airflow/example_dags/example_inlet_event_extra.py for tasks to queue
[2026-09-18T12:56:49.104+0700] {logging_mixin.py:190} INFO - [2026-09-18T12:56:49.104+0700] {dagbag.py:588} INFO - Filling up the DagBag from /Users/andreasanditya/Downloads/572392_Andreas_AirflowETL/code/.venv/lib/python3.9/site-packages/airflow/example_dags/example_inlet_event_extra.py
[2026-09-18T12:56:49.178+0700] {processor.py:925} INFO - DAG(s) 'read_dataset_event', 'read_dataset_event_from_classic' retrieved from /Users/andreasanditya/Downloads/572392_Andreas_AirflowETL/code/.venv/lib/python3.9/site-packages/airflow/example_dags/example_inlet_event_extra.py
[2026-09-18T12:56:49.237+0700] {logging_mixin.py:190} INFO - [2026-09-18T12:56:49.237+0700] {dag.py:3239} INFO - Sync 2 DAGs
[2026-09-18T12:56:49.248+0700] {logging_mixin.py:190} INFO - [2026-09-18T12:56:49.248+0700] {dag.py:4180} INFO - Setting next_dagrun for read_dataset_event to 2026-09-17 00:00:00+00:00, run_after=2026-09-18 00:00:00+00:00
[2026-09-18T12:56:49.251+0700] {logging_mixin.py:190} INFO - [2026-09-18T12:56:49.251+0700] {dag.py:4180} INFO - Setting next_dagrun for read_dataset_event_from_classic to 2026-09-17 00:00:00+00:00, run_after=2026-09-18 00:00:00+00:00
[2026-09-18T12:56:49.259+0700] {processor.py:208} INFO - Processing /Users/andreasanditya/Downloads/572392_Andreas_AirflowETL/code/.venv/lib/python3.9/site-packages/airflow/example_dags/example_inlet_event_extra.py took 0.159 seconds
[2026-09-18T12:59:39.838+0700] {processor.py:186} INFO - Started process (PID=77100) to work on /Users/andreasanditya/Downloads/572392_Andreas_AirflowETL/code/.venv/lib/python3.9/site-packages/airflow/example_dags/example_inlet_event_extra.py
[2026-09-18T12:59:39.839+0700] {processor.py:914} INFO - Processing file /Users/andreasanditya/Downloads/572392_Andreas_AirflowETL/code/.venv/lib/python3.9/site-packages/airflow/example_dags/example_inlet_event_extra.py for tasks to queue
[2026-09-18T12:59:39.840+0700] {logging_mixin.py:190} INFO - [2026-09-18T12:59:39.840+0700] {dagbag.py:588} INFO - Filling up the DagBag from /Users/andreasanditya/Downloads/572392_Andreas_AirflowETL/code/.venv/lib/python3.9/site-packages/airflow/example_dags/example_inlet_event_extra.py
[2026-09-18T12:59:39.910+0700] {processor.py:925} INFO - DAG(s) 'read_dataset_event_from_classic', 'read_dataset_event' retrieved from /Users/andreasanditya/Downloads/572392_Andreas_AirflowETL/code/.venv/lib/python3.9/site-packages/airflow/example_dags/example_inlet_event_extra.py
[2026-09-18T12:59:39.969+0700] {logging_mixin.py:190} INFO - [2026-09-18T12:59:39.968+0700] {dag.py:3239} INFO - Sync 2 DAGs
[2026-09-18T12:59:39.979+0700] {logging_mixin.py:190} INFO - [2026-09-18T12:59:39.979+0700] {dag.py:4180} INFO - Setting next_dagrun for read_dataset_event to 2026-09-17 00:00:00+00:00, run_after=2026-09-18 00:00:00+00:00
[2026-09-18T12:59:39.982+0700] {logging_mixin.py:190} INFO - [2026-09-18T12:59:39.982+0700] {dag.py:4180} INFO - Setting next_dagrun for read_dataset_event_from_classic to 2026-09-17 00:00:00+00:00, run_after=2026-09-18 00:00:00+00:00
[2026-09-18T12:59:39.991+0700] {processor.py:208} INFO - Processing /Users/andreasanditya/Downloads/572392_Andreas_AirflowETL/code/.venv/lib/python3.9/site-packages/airflow/example_dags/example_inlet_event_extra.py took 0.155 seconds
[2026-09-18T13:02:33.630+0700] {processor.py:186} INFO - Started process (PID=78844) to work on /Users/andreasanditya/Downloads/572392_Andreas_AirflowETL/code/.venv/lib/python3.9/site-packages/airflow/example_dags/example_inlet_event_extra.py
[2026-09-18T13:02:33.631+0700] {processor.py:914} INFO - Processing file /Users/andreasanditya/Downloads/572392_Andreas_AirflowETL/code/.venv/lib/python3.9/site-packages/airflow/example_dags/example_inlet_event_extra.py for tasks to queue
[2026-09-18T13:02:33.632+0700] {logging_mixin.py:190} INFO - [2026-09-18T13:02:33.632+0700] {dagbag.py:588} INFO - Filling up the DagBag from /Users/andreasanditya/Downloads/572392_Andreas_AirflowETL/code/.venv/lib/python3.9/site-packages/airflow/example_dags/example_inlet_event_extra.py
[2026-09-18T13:02:33.702+0700] {processor.py:925} INFO - DAG(s) 'read_dataset_event_from_classic', 'read_dataset_event' retrieved from /Users/andreasanditya/Downloads/572392_Andreas_AirflowETL/code/.venv/lib/python3.9/site-packages/airflow/example_dags/example_inlet_event_extra.py
[2026-09-18T13:02:33.760+0700] {logging_mixin.py:190} INFO - [2026-09-18T13:02:33.760+0700] {dag.py:3239} INFO - Sync 2 DAGs
[2026-09-18T13:02:33.772+0700] {logging_mixin.py:190} INFO - [2026-09-18T13:02:33.772+0700] {dag.py:4180} INFO - Setting next_dagrun for read_dataset_event to 2026-09-17 00:00:00+00:00, run_after=2026-09-18 00:00:00+00:00
[2026-09-18T13:02:33.775+0700] {logging_mixin.py:190} INFO - [2026-09-18T13:02:33.775+0700] {dag.py:4180} INFO - Setting next_dagrun for read_dataset_event_from_classic to 2026-09-17 00:00:00+00:00, run_after=2026-09-18 00:00:00+00:00
[2026-09-18T13:02:33.784+0700] {processor.py:208} INFO - Processing /Users/andreasanditya/Downloads/572392_Andreas_AirflowETL/code/.venv/lib/python3.9/site-packages/airflow/example_dags/example_inlet_event_extra.py took 0.156 seconds
[2026-09-18T13:05:24.811+0700] {processor.py:186} INFO - Started process (PID=80622) to work on /Users/andreasanditya/Downloads/572392_Andreas_AirflowETL/code/.venv/lib/python3.9/site-packages/airflow/example_dags/example_inlet_event_extra.py
[2026-09-18T13:05:24.812+0700] {processor.py:914} INFO - Processing file /Users/andreasanditya/Downloads/572392_Andreas_AirflowETL/code/.venv/lib/python3.9/site-packages/airflow/example_dags/example_inlet_event_extra.py for tasks to queue
[2026-09-18T13:05:24.813+0700] {logging_mixin.py:190} INFO - [2026-09-18T13:05:24.813+0700] {dagbag.py:588} INFO - Filling up the DagBag from /Users/andreasanditya/Downloads/572392_Andreas_AirflowETL/code/.venv/lib/python3.9/site-packages/airflow/example_dags/example_inlet_event_extra.py
[2026-09-18T13:05:24.884+0700] {processor.py:925} INFO - DAG(s) 'read_dataset_event_from_classic', 'read_dataset_event' retrieved from /Users/andreasanditya/Downloads/572392_Andreas_AirflowETL/code/.venv/lib/python3.9/site-packages/airflow/example_dags/example_inlet_event_extra.py
[2026-09-18T13:05:24.944+0700] {logging_mixin.py:190} INFO - [2026-09-18T13:05:24.944+0700] {dag.py:3239} INFO - Sync 2 DAGs
[2026-09-18T13:05:24.955+0700] {logging_mixin.py:190} INFO - [2026-09-18T13:05:24.955+0700] {dag.py:4180} INFO - Setting next_dagrun for read_dataset_event to 2026-09-17 00:00:00+00:00, run_after=2026-09-18 00:00:00+00:00
[2026-09-18T13:05:24.959+0700] {logging_mixin.py:190} INFO - [2026-09-18T13:05:24.959+0700] {dag.py:4180} INFO - Setting next_dagrun for read_dataset_event_from_classic to 2026-09-17 00:00:00+00:00, run_after=2026-09-18 00:00:00+00:00
[2026-09-18T13:05:24.968+0700] {processor.py:208} INFO - Processing /Users/andreasanditya/Downloads/572392_Andreas_AirflowETL/code/.venv/lib/python3.9/site-packages/airflow/example_dags/example_inlet_event_extra.py took 0.159 seconds
[2026-09-18T13:08:12.474+0700] {processor.py:186} INFO - Started process (PID=82389) to work on /Users/andreasanditya/Downloads/572392_Andreas_AirflowETL/code/.venv/lib/python3.9/site-packages/airflow/example_dags/example_inlet_event_extra.py
[2026-09-18T13:08:12.475+0700] {processor.py:914} INFO - Processing file /Users/andreasanditya/Downloads/572392_Andreas_AirflowETL/code/.venv/lib/python3.9/site-packages/airflow/example_dags/example_inlet_event_extra.py for tasks to queue
[2026-09-18T13:08:12.476+0700] {logging_mixin.py:190} INFO - [2026-09-18T13:08:12.476+0700] {dagbag.py:588} INFO - Filling up the DagBag from /Users/andreasanditya/Downloads/572392_Andreas_AirflowETL/code/.venv/lib/python3.9/site-packages/airflow/example_dags/example_inlet_event_extra.py
[2026-09-18T13:08:12.547+0700] {processor.py:925} INFO - DAG(s) 'read_dataset_event_from_classic', 'read_dataset_event' retrieved from /Users/andreasanditya/Downloads/572392_Andreas_AirflowETL/code/.venv/lib/python3.9/site-packages/airflow/example_dags/example_inlet_event_extra.py
[2026-09-18T13:08:12.606+0700] {logging_mixin.py:190} INFO - [2026-09-18T13:08:12.605+0700] {dag.py:3239} INFO - Sync 2 DAGs
[2026-09-18T13:08:12.616+0700] {logging_mixin.py:190} INFO - [2026-09-18T13:08:12.616+0700] {dag.py:4180} INFO - Setting next_dagrun for read_dataset_event to 2026-09-17 00:00:00+00:00, run_after=2026-09-18 00:00:00+00:00
[2026-09-18T13:08:12.619+0700] {logging_mixin.py:190} INFO - [2026-09-18T13:08:12.619+0700] {dag.py:4180} INFO - Setting next_dagrun for read_dataset_event_from_classic to 2026-09-17 00:00:00+00:00, run_after=2026-09-18 00:00:00+00:00
[2026-09-18T13:08:12.627+0700] {processor.py:208} INFO - Processing /Users/andreasanditya/Downloads/572392_Andreas_AirflowETL/code/.venv/lib/python3.9/site-packages/airflow/example_dags/example_inlet_event_extra.py took 0.155 seconds
[2026-09-18T13:11:05.924+0700] {processor.py:186} INFO - Started process (PID=84139) to work on /Users/andreasanditya/Downloads/572392_Andreas_AirflowETL/code/.venv/lib/python3.9/site-packages/airflow/example_dags/example_inlet_event_extra.py
[2026-09-18T13:11:05.925+0700] {processor.py:914} INFO - Processing file /Users/andreasanditya/Downloads/572392_Andreas_AirflowETL/code/.venv/lib/python3.9/site-packages/airflow/example_dags/example_inlet_event_extra.py for tasks to queue
[2026-09-18T13:11:05.926+0700] {logging_mixin.py:190} INFO - [2026-09-18T13:11:05.926+0700] {dagbag.py:588} INFO - Filling up the DagBag from /Users/andreasanditya/Downloads/572392_Andreas_AirflowETL/code/.venv/lib/python3.9/site-packages/airflow/example_dags/example_inlet_event_extra.py
[2026-09-18T13:11:05.995+0700] {processor.py:925} INFO - DAG(s) 'read_dataset_event', 'read_dataset_event_from_classic' retrieved from /Users/andreasanditya/Downloads/572392_Andreas_AirflowETL/code/.venv/lib/python3.9/site-packages/airflow/example_dags/example_inlet_event_extra.py
[2026-09-18T13:11:06.053+0700] {logging_mixin.py:190} INFO - [2026-09-18T13:11:06.053+0700] {dag.py:3239} INFO - Sync 2 DAGs
[2026-09-18T13:11:06.063+0700] {logging_mixin.py:190} INFO - [2026-09-18T13:11:06.063+0700] {dag.py:4180} INFO - Setting next_dagrun for read_dataset_event to 2026-09-17 00:00:00+00:00, run_after=2026-09-18 00:00:00+00:00
[2026-09-18T13:11:06.066+0700] {logging_mixin.py:190} INFO - [2026-09-18T13:11:06.066+0700] {dag.py:4180} INFO - Setting next_dagrun for read_dataset_event_from_classic to 2026-09-17 00:00:00+00:00, run_after=2026-09-18 00:00:00+00:00
[2026-09-18T13:11:06.075+0700] {processor.py:208} INFO - Processing /Users/andreasanditya/Downloads/572392_Andreas_AirflowETL/code/.venv/lib/python3.9/site-packages/airflow/example_dags/example_inlet_event_extra.py took 0.153 seconds
[2026-09-18T13:13:57.580+0700] {processor.py:186} INFO - Started process (PID=85889) to work on /Users/andreasanditya/Downloads/572392_Andreas_AirflowETL/code/.venv/lib/python3.9/site-packages/airflow/example_dags/example_inlet_event_extra.py
[2026-09-18T13:13:57.581+0700] {processor.py:914} INFO - Processing file /Users/andreasanditya/Downloads/572392_Andreas_AirflowETL/code/.venv/lib/python3.9/site-packages/airflow/example_dags/example_inlet_event_extra.py for tasks to queue
[2026-09-18T13:13:57.582+0700] {logging_mixin.py:190} INFO - [2026-09-18T13:13:57.582+0700] {dagbag.py:588} INFO - Filling up the DagBag from /Users/andreasanditya/Downloads/572392_Andreas_AirflowETL/code/.venv/lib/python3.9/site-packages/airflow/example_dags/example_inlet_event_extra.py
[2026-09-18T13:13:57.644+0700] {processor.py:925} INFO - DAG(s) 'read_dataset_event_from_classic', 'read_dataset_event' retrieved from /Users/andreasanditya/Downloads/572392_Andreas_AirflowETL/code/.venv/lib/python3.9/site-packages/airflow/example_dags/example_inlet_event_extra.py
[2026-09-18T13:13:57.703+0700] {logging_mixin.py:190} INFO - [2026-09-18T13:13:57.703+0700] {dag.py:3239} INFO - Sync 2 DAGs
[2026-09-18T13:13:57.713+0700] {logging_mixin.py:190} INFO - [2026-09-18T13:13:57.713+0700] {dag.py:4180} INFO - Setting next_dagrun for read_dataset_event to 2026-09-17 00:00:00+00:00, run_after=2026-09-18 00:00:00+00:00
[2026-09-18T13:13:57.716+0700] {logging_mixin.py:190} INFO - [2026-09-18T13:13:57.716+0700] {dag.py:4180} INFO - Setting next_dagrun for read_dataset_event_from_classic to 2026-09-17 00:00:00+00:00, run_after=2026-09-18 00:00:00+00:00
[2026-09-18T13:13:57.725+0700] {processor.py:208} INFO - Processing /Users/andreasanditya/Downloads/572392_Andreas_AirflowETL/code/.venv/lib/python3.9/site-packages/airflow/example_dags/example_inlet_event_extra.py took 0.147 seconds
[2026-09-18T13:16:50.220+0700] {processor.py:186} INFO - Started process (PID=87625) to work on /Users/andreasanditya/Downloads/572392_Andreas_AirflowETL/code/.venv/lib/python3.9/site-packages/airflow/example_dags/example_inlet_event_extra.py
[2026-09-18T13:16:50.222+0700] {processor.py:914} INFO - Processing file /Users/andreasanditya/Downloads/572392_Andreas_AirflowETL/code/.venv/lib/python3.9/site-packages/airflow/example_dags/example_inlet_event_extra.py for tasks to queue
[2026-09-18T13:16:50.223+0700] {logging_mixin.py:190} INFO - [2026-09-18T13:16:50.223+0700] {dagbag.py:588} INFO - Filling up the DagBag from /Users/andreasanditya/Downloads/572392_Andreas_AirflowETL/code/.venv/lib/python3.9/site-packages/airflow/example_dags/example_inlet_event_extra.py
[2026-09-18T13:16:50.285+0700] {processor.py:925} INFO - DAG(s) 'read_dataset_event_from_classic', 'read_dataset_event' retrieved from /Users/andreasanditya/Downloads/572392_Andreas_AirflowETL/code/.venv/lib/python3.9/site-packages/airflow/example_dags/example_inlet_event_extra.py
[2026-09-18T13:16:50.343+0700] {logging_mixin.py:190} INFO - [2026-09-18T13:16:50.343+0700] {dag.py:3239} INFO - Sync 2 DAGs
[2026-09-18T13:16:50.354+0700] {logging_mixin.py:190} INFO - [2026-09-18T13:16:50.353+0700] {dag.py:4180} INFO - Setting next_dagrun for read_dataset_event to 2026-09-17 00:00:00+00:00, run_after=2026-09-18 00:00:00+00:00
[2026-09-18T13:16:50.356+0700] {logging_mixin.py:190} INFO - [2026-09-18T13:16:50.356+0700] {dag.py:4180} INFO - Setting next_dagrun for read_dataset_event_from_classic to 2026-09-17 00:00:00+00:00, run_after=2026-09-18 00:00:00+00:00
[2026-09-18T13:16:50.365+0700] {processor.py:208} INFO - Processing /Users/andreasanditya/Downloads/572392_Andreas_AirflowETL/code/.venv/lib/python3.9/site-packages/airflow/example_dags/example_inlet_event_extra.py took 0.147 seconds
[2026-09-18T13:19:40.204+0700] {processor.py:186} INFO - Started process (PID=89362) to work on /Users/andreasanditya/Downloads/572392_Andreas_AirflowETL/code/.venv/lib/python3.9/site-packages/airflow/example_dags/example_inlet_event_extra.py
[2026-09-18T13:19:40.205+0700] {processor.py:914} INFO - Processing file /Users/andreasanditya/Downloads/572392_Andreas_AirflowETL/code/.venv/lib/python3.9/site-packages/airflow/example_dags/example_inlet_event_extra.py for tasks to queue
[2026-09-18T13:19:40.205+0700] {logging_mixin.py:190} INFO - [2026-09-18T13:19:40.205+0700] {dagbag.py:588} INFO - Filling up the DagBag from /Users/andreasanditya/Downloads/572392_Andreas_AirflowETL/code/.venv/lib/python3.9/site-packages/airflow/example_dags/example_inlet_event_extra.py
[2026-09-18T13:19:40.283+0700] {processor.py:925} INFO - DAG(s) 'read_dataset_event_from_classic', 'read_dataset_event' retrieved from /Users/andreasanditya/Downloads/572392_Andreas_AirflowETL/code/.venv/lib/python3.9/site-packages/airflow/example_dags/example_inlet_event_extra.py
[2026-09-18T13:19:40.343+0700] {logging_mixin.py:190} INFO - [2026-09-18T13:19:40.343+0700] {dag.py:3239} INFO - Sync 2 DAGs
[2026-09-18T13:19:40.354+0700] {logging_mixin.py:190} INFO - [2026-09-18T13:19:40.353+0700] {dag.py:4180} INFO - Setting next_dagrun for read_dataset_event to 2026-09-17 00:00:00+00:00, run_after=2026-09-18 00:00:00+00:00
[2026-09-18T13:19:40.357+0700] {logging_mixin.py:190} INFO - [2026-09-18T13:19:40.357+0700] {dag.py:4180} INFO - Setting next_dagrun for read_dataset_event_from_classic to 2026-09-17 00:00:00+00:00, run_after=2026-09-18 00:00:00+00:00
[2026-09-18T13:19:40.366+0700] {processor.py:208} INFO - Processing /Users/andreasanditya/Downloads/572392_Andreas_AirflowETL/code/.venv/lib/python3.9/site-packages/airflow/example_dags/example_inlet_event_extra.py took 0.164 seconds
[2026-09-18T13:22:28.346+0700] {processor.py:186} INFO - Started process (PID=91025) to work on /Users/andreasanditya/Downloads/572392_Andreas_AirflowETL/code/.venv/lib/python3.9/site-packages/airflow/example_dags/example_inlet_event_extra.py
[2026-09-18T13:22:28.348+0700] {processor.py:914} INFO - Processing file /Users/andreasanditya/Downloads/572392_Andreas_AirflowETL/code/.venv/lib/python3.9/site-packages/airflow/example_dags/example_inlet_event_extra.py for tasks to queue
[2026-09-18T13:22:28.349+0700] {logging_mixin.py:190} INFO - [2026-09-18T13:22:28.348+0700] {dagbag.py:588} INFO - Filling up the DagBag from /Users/andreasanditya/Downloads/572392_Andreas_AirflowETL/code/.venv/lib/python3.9/site-packages/airflow/example_dags/example_inlet_event_extra.py
[2026-09-18T13:22:28.412+0700] {processor.py:925} INFO - DAG(s) 'read_dataset_event', 'read_dataset_event_from_classic' retrieved from /Users/andreasanditya/Downloads/572392_Andreas_AirflowETL/code/.venv/lib/python3.9/site-packages/airflow/example_dags/example_inlet_event_extra.py
[2026-09-18T13:22:28.471+0700] {logging_mixin.py:190} INFO - [2026-09-18T13:22:28.471+0700] {dag.py:3239} INFO - Sync 2 DAGs
[2026-09-18T13:22:28.482+0700] {logging_mixin.py:190} INFO - [2026-09-18T13:22:28.482+0700] {dag.py:4180} INFO - Setting next_dagrun for read_dataset_event to 2026-09-17 00:00:00+00:00, run_after=2026-09-18 00:00:00+00:00
[2026-09-18T13:22:28.485+0700] {logging_mixin.py:190} INFO - [2026-09-18T13:22:28.484+0700] {dag.py:4180} INFO - Setting next_dagrun for read_dataset_event_from_classic to 2026-09-17 00:00:00+00:00, run_after=2026-09-18 00:00:00+00:00
[2026-09-18T13:22:28.494+0700] {processor.py:208} INFO - Processing /Users/andreasanditya/Downloads/572392_Andreas_AirflowETL/code/.venv/lib/python3.9/site-packages/airflow/example_dags/example_inlet_event_extra.py took 0.149 seconds
[2026-09-18T13:25:17.926+0700] {processor.py:186} INFO - Started process (PID=92833) to work on /Users/andreasanditya/Downloads/572392_Andreas_AirflowETL/code/.venv/lib/python3.9/site-packages/airflow/example_dags/example_inlet_event_extra.py
[2026-09-18T13:25:17.928+0700] {processor.py:914} INFO - Processing file /Users/andreasanditya/Downloads/572392_Andreas_AirflowETL/code/.venv/lib/python3.9/site-packages/airflow/example_dags/example_inlet_event_extra.py for tasks to queue
[2026-09-18T13:25:17.928+0700] {logging_mixin.py:190} INFO - [2026-09-18T13:25:17.928+0700] {dagbag.py:588} INFO - Filling up the DagBag from /Users/andreasanditya/Downloads/572392_Andreas_AirflowETL/code/.venv/lib/python3.9/site-packages/airflow/example_dags/example_inlet_event_extra.py
[2026-09-18T13:25:17.998+0700] {processor.py:925} INFO - DAG(s) 'read_dataset_event_from_classic', 'read_dataset_event' retrieved from /Users/andreasanditya/Downloads/572392_Andreas_AirflowETL/code/.venv/lib/python3.9/site-packages/airflow/example_dags/example_inlet_event_extra.py
[2026-09-18T13:25:18.056+0700] {logging_mixin.py:190} INFO - [2026-09-18T13:25:18.056+0700] {dag.py:3239} INFO - Sync 2 DAGs
[2026-09-18T13:25:18.067+0700] {logging_mixin.py:190} INFO - [2026-09-18T13:25:18.067+0700] {dag.py:4180} INFO - Setting next_dagrun for read_dataset_event to 2026-09-17 00:00:00+00:00, run_after=2026-09-18 00:00:00+00:00
[2026-09-18T13:25:18.070+0700] {logging_mixin.py:190} INFO - [2026-09-18T13:25:18.070+0700] {dag.py:4180} INFO - Setting next_dagrun for read_dataset_event_from_classic to 2026-09-17 00:00:00+00:00, run_after=2026-09-18 00:00:00+00:00
[2026-09-18T13:25:18.079+0700] {processor.py:208} INFO - Processing /Users/andreasanditya/Downloads/572392_Andreas_AirflowETL/code/.venv/lib/python3.9/site-packages/airflow/example_dags/example_inlet_event_extra.py took 0.155 seconds
[2026-09-18T13:28:16.787+0700] {processor.py:186} INFO - Started process (PID=94877) to work on /Users/andreasanditya/Downloads/572392_Andreas_AirflowETL/code/.venv/lib/python3.9/site-packages/airflow/example_dags/example_inlet_event_extra.py
[2026-09-18T13:28:16.788+0700] {processor.py:914} INFO - Processing file /Users/andreasanditya/Downloads/572392_Andreas_AirflowETL/code/.venv/lib/python3.9/site-packages/airflow/example_dags/example_inlet_event_extra.py for tasks to queue
[2026-09-18T13:28:16.789+0700] {logging_mixin.py:190} INFO - [2026-09-18T13:28:16.788+0700] {dagbag.py:588} INFO - Filling up the DagBag from /Users/andreasanditya/Downloads/572392_Andreas_AirflowETL/code/.venv/lib/python3.9/site-packages/airflow/example_dags/example_inlet_event_extra.py
[2026-09-18T13:28:16.860+0700] {processor.py:925} INFO - DAG(s) 'read_dataset_event_from_classic', 'read_dataset_event' retrieved from /Users/andreasanditya/Downloads/572392_Andreas_AirflowETL/code/.venv/lib/python3.9/site-packages/airflow/example_dags/example_inlet_event_extra.py
[2026-09-18T13:28:16.918+0700] {logging_mixin.py:190} INFO - [2026-09-18T13:28:16.918+0700] {dag.py:3239} INFO - Sync 2 DAGs
[2026-09-18T13:28:16.929+0700] {logging_mixin.py:190} INFO - [2026-09-18T13:28:16.928+0700] {dag.py:4180} INFO - Setting next_dagrun for read_dataset_event to 2026-09-17 00:00:00+00:00, run_after=2026-09-18 00:00:00+00:00
[2026-09-18T13:28:16.931+0700] {logging_mixin.py:190} INFO - [2026-09-18T13:28:16.931+0700] {dag.py:4180} INFO - Setting next_dagrun for read_dataset_event_from_classic to 2026-09-17 00:00:00+00:00, run_after=2026-09-18 00:00:00+00:00
[2026-09-18T13:28:16.940+0700] {processor.py:208} INFO - Processing /Users/andreasanditya/Downloads/572392_Andreas_AirflowETL/code/.venv/lib/python3.9/site-packages/airflow/example_dags/example_inlet_event_extra.py took 0.156 seconds
[2026-09-18T13:31:17.440+0700] {processor.py:186} INFO - Started process (PID=96933) to work on /Users/andreasanditya/Downloads/572392_Andreas_AirflowETL/code/.venv/lib/python3.9/site-packages/airflow/example_dags/example_inlet_event_extra.py
[2026-09-18T13:31:17.442+0700] {processor.py:914} INFO - Processing file /Users/andreasanditya/Downloads/572392_Andreas_AirflowETL/code/.venv/lib/python3.9/site-packages/airflow/example_dags/example_inlet_event_extra.py for tasks to queue
[2026-09-18T13:31:17.442+0700] {logging_mixin.py:190} INFO - [2026-09-18T13:31:17.442+0700] {dagbag.py:588} INFO - Filling up the DagBag from /Users/andreasanditya/Downloads/572392_Andreas_AirflowETL/code/.venv/lib/python3.9/site-packages/airflow/example_dags/example_inlet_event_extra.py
[2026-09-18T13:31:17.517+0700] {processor.py:925} INFO - DAG(s) 'read_dataset_event', 'read_dataset_event_from_classic' retrieved from /Users/andreasanditya/Downloads/572392_Andreas_AirflowETL/code/.venv/lib/python3.9/site-packages/airflow/example_dags/example_inlet_event_extra.py
[2026-09-18T13:31:17.576+0700] {logging_mixin.py:190} INFO - [2026-09-18T13:31:17.576+0700] {dag.py:3239} INFO - Sync 2 DAGs
[2026-09-18T13:31:17.588+0700] {logging_mixin.py:190} INFO - [2026-09-18T13:31:17.587+0700] {dag.py:4180} INFO - Setting next_dagrun for read_dataset_event to 2026-09-17 00:00:00+00:00, run_after=2026-09-18 00:00:00+00:00
[2026-09-18T13:31:17.591+0700] {logging_mixin.py:190} INFO - [2026-09-18T13:31:17.591+0700] {dag.py:4180} INFO - Setting next_dagrun for read_dataset_event_from_classic to 2026-09-17 00:00:00+00:00, run_after=2026-09-18 00:00:00+00:00
[2026-09-18T13:31:17.599+0700] {processor.py:208} INFO - Processing /Users/andreasanditya/Downloads/572392_Andreas_AirflowETL/code/.venv/lib/python3.9/site-packages/airflow/example_dags/example_inlet_event_extra.py took 0.162 seconds
[2026-09-18T13:34:10.857+0700] {processor.py:186} INFO - Started process (PID=98725) to work on /Users/andreasanditya/Downloads/572392_Andreas_AirflowETL/code/.venv/lib/python3.9/site-packages/airflow/example_dags/example_inlet_event_extra.py
[2026-09-18T13:34:10.858+0700] {processor.py:914} INFO - Processing file /Users/andreasanditya/Downloads/572392_Andreas_AirflowETL/code/.venv/lib/python3.9/site-packages/airflow/example_dags/example_inlet_event_extra.py for tasks to queue
[2026-09-18T13:34:10.858+0700] {logging_mixin.py:190} INFO - [2026-09-18T13:34:10.858+0700] {dagbag.py:588} INFO - Filling up the DagBag from /Users/andreasanditya/Downloads/572392_Andreas_AirflowETL/code/.venv/lib/python3.9/site-packages/airflow/example_dags/example_inlet_event_extra.py
[2026-09-18T13:34:10.929+0700] {processor.py:925} INFO - DAG(s) 'read_dataset_event_from_classic', 'read_dataset_event' retrieved from /Users/andreasanditya/Downloads/572392_Andreas_AirflowETL/code/.venv/lib/python3.9/site-packages/airflow/example_dags/example_inlet_event_extra.py
[2026-09-18T13:34:10.987+0700] {logging_mixin.py:190} INFO - [2026-09-18T13:34:10.987+0700] {dag.py:3239} INFO - Sync 2 DAGs
[2026-09-18T13:34:10.998+0700] {logging_mixin.py:190} INFO - [2026-09-18T13:34:10.998+0700] {dag.py:4180} INFO - Setting next_dagrun for read_dataset_event to 2026-09-17 00:00:00+00:00, run_after=2026-09-18 00:00:00+00:00
[2026-09-18T13:34:11.001+0700] {logging_mixin.py:190} INFO - [2026-09-18T13:34:11.001+0700] {dag.py:4180} INFO - Setting next_dagrun for read_dataset_event_from_classic to 2026-09-17 00:00:00+00:00, run_after=2026-09-18 00:00:00+00:00
[2026-09-18T13:34:11.010+0700] {processor.py:208} INFO - Processing /Users/andreasanditya/Downloads/572392_Andreas_AirflowETL/code/.venv/lib/python3.9/site-packages/airflow/example_dags/example_inlet_event_extra.py took 0.156 seconds
[2026-09-18T13:37:06.350+0700] {processor.py:186} INFO - Started process (PID=694) to work on /Users/andreasanditya/Downloads/572392_Andreas_AirflowETL/code/.venv/lib/python3.9/site-packages/airflow/example_dags/example_inlet_event_extra.py
[2026-09-18T13:37:06.351+0700] {processor.py:914} INFO - Processing file /Users/andreasanditya/Downloads/572392_Andreas_AirflowETL/code/.venv/lib/python3.9/site-packages/airflow/example_dags/example_inlet_event_extra.py for tasks to queue
[2026-09-18T13:37:06.352+0700] {logging_mixin.py:190} INFO - [2026-09-18T13:37:06.351+0700] {dagbag.py:588} INFO - Filling up the DagBag from /Users/andreasanditya/Downloads/572392_Andreas_AirflowETL/code/.venv/lib/python3.9/site-packages/airflow/example_dags/example_inlet_event_extra.py
[2026-09-18T13:37:06.425+0700] {processor.py:925} INFO - DAG(s) 'read_dataset_event_from_classic', 'read_dataset_event' retrieved from /Users/andreasanditya/Downloads/572392_Andreas_AirflowETL/code/.venv/lib/python3.9/site-packages/airflow/example_dags/example_inlet_event_extra.py
[2026-09-18T13:37:06.485+0700] {logging_mixin.py:190} INFO - [2026-09-18T13:37:06.485+0700] {dag.py:3239} INFO - Sync 2 DAGs
[2026-09-18T13:37:06.497+0700] {logging_mixin.py:190} INFO - [2026-09-18T13:37:06.497+0700] {dag.py:4180} INFO - Setting next_dagrun for read_dataset_event to 2026-09-17 00:00:00+00:00, run_after=2026-09-18 00:00:00+00:00
[2026-09-18T13:37:06.501+0700] {logging_mixin.py:190} INFO - [2026-09-18T13:37:06.500+0700] {dag.py:4180} INFO - Setting next_dagrun for read_dataset_event_from_classic to 2026-09-17 00:00:00+00:00, run_after=2026-09-18 00:00:00+00:00
[2026-09-18T13:37:06.509+0700] {processor.py:208} INFO - Processing /Users/andreasanditya/Downloads/572392_Andreas_AirflowETL/code/.venv/lib/python3.9/site-packages/airflow/example_dags/example_inlet_event_extra.py took 0.162 seconds
[2026-09-18T13:40:00.391+0700] {processor.py:186} INFO - Started process (PID=3330) to work on /Users/andreasanditya/Downloads/572392_Andreas_AirflowETL/code/.venv/lib/python3.9/site-packages/airflow/example_dags/example_inlet_event_extra.py
[2026-09-18T13:40:00.392+0700] {processor.py:914} INFO - Processing file /Users/andreasanditya/Downloads/572392_Andreas_AirflowETL/code/.venv/lib/python3.9/site-packages/airflow/example_dags/example_inlet_event_extra.py for tasks to queue
[2026-09-18T13:40:00.392+0700] {logging_mixin.py:190} INFO - [2026-09-18T13:40:00.392+0700] {dagbag.py:588} INFO - Filling up the DagBag from /Users/andreasanditya/Downloads/572392_Andreas_AirflowETL/code/.venv/lib/python3.9/site-packages/airflow/example_dags/example_inlet_event_extra.py
[2026-09-18T13:40:00.468+0700] {processor.py:925} INFO - DAG(s) 'read_dataset_event_from_classic', 'read_dataset_event' retrieved from /Users/andreasanditya/Downloads/572392_Andreas_AirflowETL/code/.venv/lib/python3.9/site-packages/airflow/example_dags/example_inlet_event_extra.py
[2026-09-18T13:40:00.530+0700] {logging_mixin.py:190} INFO - [2026-09-18T13:40:00.530+0700] {dag.py:3239} INFO - Sync 2 DAGs
[2026-09-18T13:40:00.541+0700] {logging_mixin.py:190} INFO - [2026-09-18T13:40:00.541+0700] {dag.py:4180} INFO - Setting next_dagrun for read_dataset_event to 2026-09-17 00:00:00+00:00, run_after=2026-09-18 00:00:00+00:00
[2026-09-18T13:40:00.544+0700] {logging_mixin.py:190} INFO - [2026-09-18T13:40:00.544+0700] {dag.py:4180} INFO - Setting next_dagrun for read_dataset_event_from_classic to 2026-09-17 00:00:00+00:00, run_after=2026-09-18 00:00:00+00:00
[2026-09-18T13:40:00.552+0700] {processor.py:208} INFO - Processing /Users/andreasanditya/Downloads/572392_Andreas_AirflowETL/code/.venv/lib/python3.9/site-packages/airflow/example_dags/example_inlet_event_extra.py took 0.163 seconds
[2026-09-18T13:42:54.807+0700] {processor.py:186} INFO - Started process (PID=5241) to work on /Users/andreasanditya/Downloads/572392_Andreas_AirflowETL/code/.venv/lib/python3.9/site-packages/airflow/example_dags/example_inlet_event_extra.py
[2026-09-18T13:42:54.808+0700] {processor.py:914} INFO - Processing file /Users/andreasanditya/Downloads/572392_Andreas_AirflowETL/code/.venv/lib/python3.9/site-packages/airflow/example_dags/example_inlet_event_extra.py for tasks to queue
[2026-09-18T13:42:54.808+0700] {logging_mixin.py:190} INFO - [2026-09-18T13:42:54.808+0700] {dagbag.py:588} INFO - Filling up the DagBag from /Users/andreasanditya/Downloads/572392_Andreas_AirflowETL/code/.venv/lib/python3.9/site-packages/airflow/example_dags/example_inlet_event_extra.py
[2026-09-18T13:42:54.883+0700] {processor.py:925} INFO - DAG(s) 'read_dataset_event_from_classic', 'read_dataset_event' retrieved from /Users/andreasanditya/Downloads/572392_Andreas_AirflowETL/code/.venv/lib/python3.9/site-packages/airflow/example_dags/example_inlet_event_extra.py
[2026-09-18T13:42:54.943+0700] {logging_mixin.py:190} INFO - [2026-09-18T13:42:54.943+0700] {dag.py:3239} INFO - Sync 2 DAGs
[2026-09-18T13:42:54.953+0700] {logging_mixin.py:190} INFO - [2026-09-18T13:42:54.953+0700] {dag.py:4180} INFO - Setting next_dagrun for read_dataset_event to 2026-09-17 00:00:00+00:00, run_after=2026-09-18 00:00:00+00:00
[2026-09-18T13:42:54.957+0700] {logging_mixin.py:190} INFO - [2026-09-18T13:42:54.956+0700] {dag.py:4180} INFO - Setting next_dagrun for read_dataset_event_from_classic to 2026-09-17 00:00:00+00:00, run_after=2026-09-18 00:00:00+00:00
[2026-09-18T13:42:54.965+0700] {processor.py:208} INFO - Processing /Users/andreasanditya/Downloads/572392_Andreas_AirflowETL/code/.venv/lib/python3.9/site-packages/airflow/example_dags/example_inlet_event_extra.py took 0.161 seconds
[2026-09-18T13:45:55.753+0700] {processor.py:186} INFO - Started process (PID=7105) to work on /Users/andreasanditya/Downloads/572392_Andreas_AirflowETL/code/.venv/lib/python3.9/site-packages/airflow/example_dags/example_inlet_event_extra.py
[2026-09-18T13:45:55.754+0700] {processor.py:914} INFO - Processing file /Users/andreasanditya/Downloads/572392_Andreas_AirflowETL/code/.venv/lib/python3.9/site-packages/airflow/example_dags/example_inlet_event_extra.py for tasks to queue
[2026-09-18T13:45:55.755+0700] {logging_mixin.py:190} INFO - [2026-09-18T13:45:55.754+0700] {dagbag.py:588} INFO - Filling up the DagBag from /Users/andreasanditya/Downloads/572392_Andreas_AirflowETL/code/.venv/lib/python3.9/site-packages/airflow/example_dags/example_inlet_event_extra.py
[2026-09-18T13:45:55.832+0700] {processor.py:925} INFO - DAG(s) 'read_dataset_event', 'read_dataset_event_from_classic' retrieved from /Users/andreasanditya/Downloads/572392_Andreas_AirflowETL/code/.venv/lib/python3.9/site-packages/airflow/example_dags/example_inlet_event_extra.py
[2026-09-18T13:45:55.893+0700] {logging_mixin.py:190} INFO - [2026-09-18T13:45:55.893+0700] {dag.py:3239} INFO - Sync 2 DAGs
[2026-09-18T13:45:55.904+0700] {logging_mixin.py:190} INFO - [2026-09-18T13:45:55.904+0700] {dag.py:4180} INFO - Setting next_dagrun for read_dataset_event to 2026-09-17 00:00:00+00:00, run_after=2026-09-18 00:00:00+00:00
[2026-09-18T13:45:55.908+0700] {logging_mixin.py:190} INFO - [2026-09-18T13:45:55.907+0700] {dag.py:4180} INFO - Setting next_dagrun for read_dataset_event_from_classic to 2026-09-17 00:00:00+00:00, run_after=2026-09-18 00:00:00+00:00
[2026-09-18T13:45:55.916+0700] {processor.py:208} INFO - Processing /Users/andreasanditya/Downloads/572392_Andreas_AirflowETL/code/.venv/lib/python3.9/site-packages/airflow/example_dags/example_inlet_event_extra.py took 0.166 seconds
[2026-09-18T13:48:50.170+0700] {processor.py:186} INFO - Started process (PID=8954) to work on /Users/andreasanditya/Downloads/572392_Andreas_AirflowETL/code/.venv/lib/python3.9/site-packages/airflow/example_dags/example_inlet_event_extra.py
[2026-09-18T13:48:50.171+0700] {processor.py:914} INFO - Processing file /Users/andreasanditya/Downloads/572392_Andreas_AirflowETL/code/.venv/lib/python3.9/site-packages/airflow/example_dags/example_inlet_event_extra.py for tasks to queue
[2026-09-18T13:48:50.172+0700] {logging_mixin.py:190} INFO - [2026-09-18T13:48:50.171+0700] {dagbag.py:588} INFO - Filling up the DagBag from /Users/andreasanditya/Downloads/572392_Andreas_AirflowETL/code/.venv/lib/python3.9/site-packages/airflow/example_dags/example_inlet_event_extra.py
[2026-09-18T13:48:50.248+0700] {processor.py:925} INFO - DAG(s) 'read_dataset_event_from_classic', 'read_dataset_event' retrieved from /Users/andreasanditya/Downloads/572392_Andreas_AirflowETL/code/.venv/lib/python3.9/site-packages/airflow/example_dags/example_inlet_event_extra.py
[2026-09-18T13:48:50.308+0700] {logging_mixin.py:190} INFO - [2026-09-18T13:48:50.308+0700] {dag.py:3239} INFO - Sync 2 DAGs
[2026-09-18T13:48:50.319+0700] {logging_mixin.py:190} INFO - [2026-09-18T13:48:50.319+0700] {dag.py:4180} INFO - Setting next_dagrun for read_dataset_event to 2026-09-17 00:00:00+00:00, run_after=2026-09-18 00:00:00+00:00
[2026-09-18T13:48:50.323+0700] {logging_mixin.py:190} INFO - [2026-09-18T13:48:50.323+0700] {dag.py:4180} INFO - Setting next_dagrun for read_dataset_event_from_classic to 2026-09-17 00:00:00+00:00, run_after=2026-09-18 00:00:00+00:00
[2026-09-18T13:48:50.333+0700] {processor.py:208} INFO - Processing /Users/andreasanditya/Downloads/572392_Andreas_AirflowETL/code/.venv/lib/python3.9/site-packages/airflow/example_dags/example_inlet_event_extra.py took 0.165 seconds
[2026-09-18T13:51:48.291+0700] {processor.py:186} INFO - Started process (PID=11202) to work on /Users/andreasanditya/Downloads/572392_Andreas_AirflowETL/code/.venv/lib/python3.9/site-packages/airflow/example_dags/example_inlet_event_extra.py
[2026-09-18T13:51:48.292+0700] {processor.py:914} INFO - Processing file /Users/andreasanditya/Downloads/572392_Andreas_AirflowETL/code/.venv/lib/python3.9/site-packages/airflow/example_dags/example_inlet_event_extra.py for tasks to queue
[2026-09-18T13:51:48.293+0700] {logging_mixin.py:190} INFO - [2026-09-18T13:51:48.293+0700] {dagbag.py:588} INFO - Filling up the DagBag from /Users/andreasanditya/Downloads/572392_Andreas_AirflowETL/code/.venv/lib/python3.9/site-packages/airflow/example_dags/example_inlet_event_extra.py
[2026-09-18T13:51:48.369+0700] {processor.py:925} INFO - DAG(s) 'read_dataset_event', 'read_dataset_event_from_classic' retrieved from /Users/andreasanditya/Downloads/572392_Andreas_AirflowETL/code/.venv/lib/python3.9/site-packages/airflow/example_dags/example_inlet_event_extra.py
[2026-09-18T13:51:48.431+0700] {logging_mixin.py:190} INFO - [2026-09-18T13:51:48.430+0700] {dag.py:3239} INFO - Sync 2 DAGs
[2026-09-18T13:51:48.442+0700] {logging_mixin.py:190} INFO - [2026-09-18T13:51:48.442+0700] {dag.py:4180} INFO - Setting next_dagrun for read_dataset_event to 2026-09-17 00:00:00+00:00, run_after=2026-09-18 00:00:00+00:00
[2026-09-18T13:51:48.445+0700] {logging_mixin.py:190} INFO - [2026-09-18T13:51:48.445+0700] {dag.py:4180} INFO - Setting next_dagrun for read_dataset_event_from_classic to 2026-09-17 00:00:00+00:00, run_after=2026-09-18 00:00:00+00:00
[2026-09-18T13:51:48.454+0700] {processor.py:208} INFO - Processing /Users/andreasanditya/Downloads/572392_Andreas_AirflowETL/code/.venv/lib/python3.9/site-packages/airflow/example_dags/example_inlet_event_extra.py took 0.165 seconds
[2026-09-18T13:54:41.113+0700] {processor.py:186} INFO - Started process (PID=13087) to work on /Users/andreasanditya/Downloads/572392_Andreas_AirflowETL/code/.venv/lib/python3.9/site-packages/airflow/example_dags/example_inlet_event_extra.py
[2026-09-18T13:54:41.122+0700] {processor.py:914} INFO - Processing file /Users/andreasanditya/Downloads/572392_Andreas_AirflowETL/code/.venv/lib/python3.9/site-packages/airflow/example_dags/example_inlet_event_extra.py for tasks to queue
[2026-09-18T13:54:41.123+0700] {logging_mixin.py:190} INFO - [2026-09-18T13:54:41.123+0700] {dagbag.py:588} INFO - Filling up the DagBag from /Users/andreasanditya/Downloads/572392_Andreas_AirflowETL/code/.venv/lib/python3.9/site-packages/airflow/example_dags/example_inlet_event_extra.py
[2026-09-18T13:54:41.239+0700] {processor.py:925} INFO - DAG(s) 'read_dataset_event', 'read_dataset_event_from_classic' retrieved from /Users/andreasanditya/Downloads/572392_Andreas_AirflowETL/code/.venv/lib/python3.9/site-packages/airflow/example_dags/example_inlet_event_extra.py
[2026-09-18T13:54:41.321+0700] {logging_mixin.py:190} INFO - [2026-09-18T13:54:41.321+0700] {dag.py:3239} INFO - Sync 2 DAGs
[2026-09-18T13:54:41.335+0700] {logging_mixin.py:190} INFO - [2026-09-18T13:54:41.335+0700] {dag.py:4180} INFO - Setting next_dagrun for read_dataset_event to 2026-09-17 00:00:00+00:00, run_after=2026-09-18 00:00:00+00:00
[2026-09-18T13:54:41.339+0700] {logging_mixin.py:190} INFO - [2026-09-18T13:54:41.339+0700] {dag.py:4180} INFO - Setting next_dagrun for read_dataset_event_from_classic to 2026-09-17 00:00:00+00:00, run_after=2026-09-18 00:00:00+00:00
[2026-09-18T13:54:41.358+0700] {processor.py:208} INFO - Processing /Users/andreasanditya/Downloads/572392_Andreas_AirflowETL/code/.venv/lib/python3.9/site-packages/airflow/example_dags/example_inlet_event_extra.py took 0.247 seconds
