[2026-09-18T11:16:59.126+0700] {processor.py:186} INFO - Started process (PID=10364) to work on /Users/andreasanditya/Downloads/572392_Andreas_AirflowETL/code/.venv/lib/python3.9/site-packages/airflow/example_dags/example_workday_timetable.py
[2026-09-18T11:16:59.127+0700] {processor.py:914} INFO - Processing file /Users/andreasanditya/Downloads/572392_Andreas_AirflowETL/code/.venv/lib/python3.9/site-packages/airflow/example_dags/example_workday_timetable.py for tasks to queue
[2026-09-18T11:16:59.127+0700] {logging_mixin.py:190} INFO - [2026-09-18T11:16:59.127+0700] {dagbag.py:588} INFO - Filling up the DagBag from /Users/andreasanditya/Downloads/572392_Andreas_AirflowETL/code/.venv/lib/python3.9/site-packages/airflow/example_dags/example_workday_timetable.py
[2026-09-18T11:16:59.366+0700] {processor.py:925} INFO - DAG(s) 'example_workday_timetable' retrieved from /Users/andreasanditya/Downloads/572392_Andreas_AirflowETL/code/.venv/lib/python3.9/site-packages/airflow/example_dags/example_workday_timetable.py
[2026-09-18T11:16:59.510+0700] {logging_mixin.py:190} INFO - [2026-09-18T11:16:59.510+0700] {override.py:1912} INFO - Created Permission View: can edit on DAG:example_workday_timetable
[2026-09-18T11:16:59.515+0700] {logging_mixin.py:190} INFO - [2026-09-18T11:16:59.515+0700] {override.py:1912} INFO - Created Permission View: can delete on DAG:example_workday_timetable
[2026-09-18T11:16:59.518+0700] {logging_mixin.py:190} INFO - [2026-09-18T11:16:59.518+0700] {override.py:1912} INFO - Created Permission View: can read on DAG:example_workday_timetable
[2026-09-18T11:16:59.522+0700] {logging_mixin.py:190} INFO - [2026-09-18T11:16:59.522+0700] {override.py:1912} INFO - Created Permission View: menu access on DAG Run:example_workday_timetable
[2026-09-18T11:16:59.525+0700] {logging_mixin.py:190} INFO - [2026-09-18T11:16:59.525+0700] {override.py:1912} INFO - Created Permission View: can delete on DAG Run:example_workday_timetable
[2026-09-18T11:16:59.528+0700] {logging_mixin.py:190} INFO - [2026-09-18T11:16:59.528+0700] {override.py:1912} INFO - Created Permission View: can create on DAG Run:example_workday_timetable
[2026-09-18T11:16:59.531+0700] {logging_mixin.py:190} INFO - [2026-09-18T11:16:59.531+0700] {override.py:1912} INFO - Created Permission View: can read on DAG Run:example_workday_timetable
[2026-09-18T11:16:59.531+0700] {logging_mixin.py:190} INFO - [2026-09-18T11:16:59.531+0700] {dag.py:3239} INFO - Sync 1 DAGs
[2026-09-18T11:16:59.537+0700] {logging_mixin.py:190} INFO - [2026-09-18T11:16:59.537+0700] {dag.py:3262} INFO - Creating ORM DAG for example_workday_timetable
[2026-09-18T11:16:59.582+0700] {logging_mixin.py:190} INFO - [2026-09-18T11:16:59.581+0700] {dag.py:4180} INFO - Setting next_dagrun for example_workday_timetable to 2021-01-04 00:00:00+00:00, run_after=2021-01-05 00:00:00+00:00
[2026-09-18T11:16:59.594+0700] {processor.py:208} INFO - Processing /Users/andreasanditya/Downloads/572392_Andreas_AirflowETL/code/.venv/lib/python3.9/site-packages/airflow/example_dags/example_workday_timetable.py took 0.470 seconds
[2026-09-18T11:19:16.627+0700] {processor.py:186} INFO - Started process (PID=11857) to work on /Users/andreasanditya/Downloads/572392_Andreas_AirflowETL/code/.venv/lib/python3.9/site-packages/airflow/example_dags/example_workday_timetable.py
[2026-09-18T11:19:16.628+0700] {processor.py:914} INFO - Processing file /Users/andreasanditya/Downloads/572392_Andreas_AirflowETL/code/.venv/lib/python3.9/site-packages/airflow/example_dags/example_workday_timetable.py for tasks to queue
[2026-09-18T11:19:16.628+0700] {logging_mixin.py:190} INFO - [2026-09-18T11:19:16.628+0700] {dagbag.py:588} INFO - Filling up the DagBag from /Users/andreasanditya/Downloads/572392_Andreas_AirflowETL/code/.venv/lib/python3.9/site-packages/airflow/example_dags/example_workday_timetable.py
[2026-09-18T11:19:16.915+0700] {processor.py:925} INFO - DAG(s) 'example_workday_timetable' retrieved from /Users/andreasanditya/Downloads/572392_Andreas_AirflowETL/code/.venv/lib/python3.9/site-packages/airflow/example_dags/example_workday_timetable.py
[2026-09-18T11:19:16.988+0700] {logging_mixin.py:190} INFO - [2026-09-18T11:19:16.988+0700] {dag.py:3239} INFO - Sync 1 DAGs
[2026-09-18T11:19:17.059+0700] {logging_mixin.py:190} INFO - [2026-09-18T11:19:17.059+0700] {dag.py:4180} INFO - Setting next_dagrun for example_workday_timetable to 2021-01-04 00:00:00+00:00, run_after=2021-01-05 00:00:00+00:00
[2026-09-18T11:19:17.070+0700] {processor.py:208} INFO - Processing /Users/andreasanditya/Downloads/572392_Andreas_AirflowETL/code/.venv/lib/python3.9/site-packages/airflow/example_dags/example_workday_timetable.py took 0.445 seconds
[2026-09-18T11:20:49.222+0700] {processor.py:186} INFO - Started process (PID=12826) to work on /Users/andreasanditya/Downloads/572392_Andreas_AirflowETL/code/.venv/lib/python3.9/site-packages/airflow/example_dags/example_workday_timetable.py
[2026-09-18T11:20:49.223+0700] {processor.py:914} INFO - Processing file /Users/andreasanditya/Downloads/572392_Andreas_AirflowETL/code/.venv/lib/python3.9/site-packages/airflow/example_dags/example_workday_timetable.py for tasks to queue
[2026-09-18T11:20:49.224+0700] {logging_mixin.py:190} INFO - [2026-09-18T11:20:49.224+0700] {dagbag.py:588} INFO - Filling up the DagBag from /Users/andreasanditya/Downloads/572392_Andreas_AirflowETL/code/.venv/lib/python3.9/site-packages/airflow/example_dags/example_workday_timetable.py
[2026-09-18T11:20:49.519+0700] {processor.py:925} INFO - DAG(s) 'example_workday_timetable' retrieved from /Users/andreasanditya/Downloads/572392_Andreas_AirflowETL/code/.venv/lib/python3.9/site-packages/airflow/example_dags/example_workday_timetable.py
[2026-09-18T11:20:49.586+0700] {logging_mixin.py:190} INFO - [2026-09-18T11:20:49.586+0700] {dag.py:3239} INFO - Sync 1 DAGs
[2026-09-18T11:20:49.664+0700] {logging_mixin.py:190} INFO - [2026-09-18T11:20:49.664+0700] {dag.py:4180} INFO - Setting next_dagrun for example_workday_timetable to 2021-01-04 00:00:00+00:00, run_after=2021-01-05 00:00:00+00:00
[2026-09-18T11:20:49.675+0700] {processor.py:208} INFO - Processing /Users/andreasanditya/Downloads/572392_Andreas_AirflowETL/code/.venv/lib/python3.9/site-packages/airflow/example_dags/example_workday_timetable.py took 0.454 seconds
[2026-09-18T11:22:48.466+0700] {processor.py:186} INFO - Started process (PID=14151) to work on /Users/andreasanditya/Downloads/572392_Andreas_AirflowETL/code/.venv/lib/python3.9/site-packages/airflow/example_dags/example_workday_timetable.py
[2026-09-18T11:22:48.467+0700] {processor.py:914} INFO - Processing file /Users/andreasanditya/Downloads/572392_Andreas_AirflowETL/code/.venv/lib/python3.9/site-packages/airflow/example_dags/example_workday_timetable.py for tasks to queue
[2026-09-18T11:22:48.469+0700] {logging_mixin.py:190} INFO - [2026-09-18T11:22:48.469+0700] {dagbag.py:588} INFO - Filling up the DagBag from /Users/andreasanditya/Downloads/572392_Andreas_AirflowETL/code/.venv/lib/python3.9/site-packages/airflow/example_dags/example_workday_timetable.py
[2026-09-18T11:22:48.717+0700] {processor.py:925} INFO - DAG(s) 'example_workday_timetable' retrieved from /Users/andreasanditya/Downloads/572392_Andreas_AirflowETL/code/.venv/lib/python3.9/site-packages/airflow/example_dags/example_workday_timetable.py
[2026-09-18T11:22:48.787+0700] {logging_mixin.py:190} INFO - [2026-09-18T11:22:48.786+0700] {dag.py:3239} INFO - Sync 1 DAGs
[2026-09-18T11:22:48.888+0700] {logging_mixin.py:190} INFO - [2026-09-18T11:22:48.888+0700] {dag.py:4180} INFO - Setting next_dagrun for example_workday_timetable to 2021-01-04 00:00:00+00:00, run_after=2021-01-05 00:00:00+00:00
[2026-09-18T11:22:48.901+0700] {processor.py:208} INFO - Processing /Users/andreasanditya/Downloads/572392_Andreas_AirflowETL/code/.venv/lib/python3.9/site-packages/airflow/example_dags/example_workday_timetable.py took 0.436 seconds
[2026-09-18T11:24:14.375+0700] {processor.py:186} INFO - Started process (PID=15137) to work on /Users/andreasanditya/Downloads/572392_Andreas_AirflowETL/code/.venv/lib/python3.9/site-packages/airflow/example_dags/example_workday_timetable.py
[2026-09-18T11:24:14.376+0700] {processor.py:914} INFO - Processing file /Users/andreasanditya/Downloads/572392_Andreas_AirflowETL/code/.venv/lib/python3.9/site-packages/airflow/example_dags/example_workday_timetable.py for tasks to queue
[2026-09-18T11:24:14.377+0700] {logging_mixin.py:190} INFO - [2026-09-18T11:24:14.377+0700] {dagbag.py:588} INFO - Filling up the DagBag from /Users/andreasanditya/Downloads/572392_Andreas_AirflowETL/code/.venv/lib/python3.9/site-packages/airflow/example_dags/example_workday_timetable.py
[2026-09-18T11:24:14.621+0700] {processor.py:925} INFO - DAG(s) 'example_workday_timetable' retrieved from /Users/andreasanditya/Downloads/572392_Andreas_AirflowETL/code/.venv/lib/python3.9/site-packages/airflow/example_dags/example_workday_timetable.py
[2026-09-18T11:24:14.690+0700] {logging_mixin.py:190} INFO - [2026-09-18T11:24:14.689+0700] {dag.py:3239} INFO - Sync 1 DAGs
[2026-09-18T11:24:14.769+0700] {logging_mixin.py:190} INFO - [2026-09-18T11:24:14.769+0700] {dag.py:4180} INFO - Setting next_dagrun for example_workday_timetable to 2021-01-04 00:00:00+00:00, run_after=2021-01-05 00:00:00+00:00
[2026-09-18T11:24:14.779+0700] {processor.py:208} INFO - Processing /Users/andreasanditya/Downloads/572392_Andreas_AirflowETL/code/.venv/lib/python3.9/site-packages/airflow/example_dags/example_workday_timetable.py took 0.406 seconds
[2026-09-18T11:26:18.556+0700] {processor.py:186} INFO - Started process (PID=16382) to work on /Users/andreasanditya/Downloads/572392_Andreas_AirflowETL/code/.venv/lib/python3.9/site-packages/airflow/example_dags/example_workday_timetable.py
[2026-09-18T11:26:18.558+0700] {processor.py:914} INFO - Processing file /Users/andreasanditya/Downloads/572392_Andreas_AirflowETL/code/.venv/lib/python3.9/site-packages/airflow/example_dags/example_workday_timetable.py for tasks to queue
[2026-09-18T11:26:18.559+0700] {logging_mixin.py:190} INFO - [2026-09-18T11:26:18.559+0700] {dagbag.py:588} INFO - Filling up the DagBag from /Users/andreasanditya/Downloads/572392_Andreas_AirflowETL/code/.venv/lib/python3.9/site-packages/airflow/example_dags/example_workday_timetable.py
[2026-09-18T11:26:18.859+0700] {processor.py:925} INFO - DAG(s) 'example_workday_timetable' retrieved from /Users/andreasanditya/Downloads/572392_Andreas_AirflowETL/code/.venv/lib/python3.9/site-packages/airflow/example_dags/example_workday_timetable.py
[2026-09-18T11:26:18.927+0700] {logging_mixin.py:190} INFO - [2026-09-18T11:26:18.926+0700] {dag.py:3239} INFO - Sync 1 DAGs
[2026-09-18T11:26:18.996+0700] {logging_mixin.py:190} INFO - [2026-09-18T11:26:18.996+0700] {dag.py:4180} INFO - Setting next_dagrun for example_workday_timetable to 2021-01-04 00:00:00+00:00, run_after=2021-01-05 00:00:00+00:00
[2026-09-18T11:26:19.007+0700] {processor.py:208} INFO - Processing /Users/andreasanditya/Downloads/572392_Andreas_AirflowETL/code/.venv/lib/python3.9/site-packages/airflow/example_dags/example_workday_timetable.py took 0.456 seconds
[2026-09-18T11:27:51.054+0700] {processor.py:186} INFO - Started process (PID=17372) to work on /Users/andreasanditya/Downloads/572392_Andreas_AirflowETL/code/.venv/lib/python3.9/site-packages/airflow/example_dags/example_workday_timetable.py
[2026-09-18T11:27:51.055+0700] {processor.py:914} INFO - Processing file /Users/andreasanditya/Downloads/572392_Andreas_AirflowETL/code/.venv/lib/python3.9/site-packages/airflow/example_dags/example_workday_timetable.py for tasks to queue
[2026-09-18T11:27:51.055+0700] {logging_mixin.py:190} INFO - [2026-09-18T11:27:51.055+0700] {dagbag.py:588} INFO - Filling up the DagBag from /Users/andreasanditya/Downloads/572392_Andreas_AirflowETL/code/.venv/lib/python3.9/site-packages/airflow/example_dags/example_workday_timetable.py
[2026-09-18T11:27:51.347+0700] {processor.py:925} INFO - DAG(s) 'example_workday_timetable' retrieved from /Users/andreasanditya/Downloads/572392_Andreas_AirflowETL/code/.venv/lib/python3.9/site-packages/airflow/example_dags/example_workday_timetable.py
[2026-09-18T11:27:51.416+0700] {logging_mixin.py:190} INFO - [2026-09-18T11:27:51.416+0700] {dag.py:3239} INFO - Sync 1 DAGs
[2026-09-18T11:27:51.483+0700] {logging_mixin.py:190} INFO - [2026-09-18T11:27:51.483+0700] {dag.py:4180} INFO - Setting next_dagrun for example_workday_timetable to 2021-01-04 00:00:00+00:00, run_after=2021-01-05 00:00:00+00:00
[2026-09-18T11:27:51.494+0700] {processor.py:208} INFO - Processing /Users/andreasanditya/Downloads/572392_Andreas_AirflowETL/code/.venv/lib/python3.9/site-packages/airflow/example_dags/example_workday_timetable.py took 0.442 seconds
[2026-09-18T11:29:19.717+0700] {processor.py:186} INFO - Started process (PID=18224) to work on /Users/andreasanditya/Downloads/572392_Andreas_AirflowETL/code/.venv/lib/python3.9/site-packages/airflow/example_dags/example_workday_timetable.py
[2026-09-18T11:29:19.718+0700] {processor.py:914} INFO - Processing file /Users/andreasanditya/Downloads/572392_Andreas_AirflowETL/code/.venv/lib/python3.9/site-packages/airflow/example_dags/example_workday_timetable.py for tasks to queue
[2026-09-18T11:29:19.718+0700] {logging_mixin.py:190} INFO - [2026-09-18T11:29:19.718+0700] {dagbag.py:588} INFO - Filling up the DagBag from /Users/andreasanditya/Downloads/572392_Andreas_AirflowETL/code/.venv/lib/python3.9/site-packages/airflow/example_dags/example_workday_timetable.py
[2026-09-18T11:29:20.049+0700] {processor.py:925} INFO - DAG(s) 'example_workday_timetable' retrieved from /Users/andreasanditya/Downloads/572392_Andreas_AirflowETL/code/.venv/lib/python3.9/site-packages/airflow/example_dags/example_workday_timetable.py
[2026-09-18T11:29:20.118+0700] {logging_mixin.py:190} INFO - [2026-09-18T11:29:20.118+0700] {dag.py:3239} INFO - Sync 1 DAGs
[2026-09-18T11:29:20.184+0700] {logging_mixin.py:190} INFO - [2026-09-18T11:29:20.183+0700] {dag.py:4180} INFO - Setting next_dagrun for example_workday_timetable to 2021-01-04 00:00:00+00:00, run_after=2021-01-05 00:00:00+00:00
[2026-09-18T11:29:20.195+0700] {processor.py:208} INFO - Processing /Users/andreasanditya/Downloads/572392_Andreas_AirflowETL/code/.venv/lib/python3.9/site-packages/airflow/example_dags/example_workday_timetable.py took 0.480 seconds
[2026-09-18T11:30:48.706+0700] {processor.py:186} INFO - Started process (PID=19185) to work on /Users/andreasanditya/Downloads/572392_Andreas_AirflowETL/code/.venv/lib/python3.9/site-packages/airflow/example_dags/example_workday_timetable.py
[2026-09-18T11:30:48.707+0700] {processor.py:914} INFO - Processing file /Users/andreasanditya/Downloads/572392_Andreas_AirflowETL/code/.venv/lib/python3.9/site-packages/airflow/example_dags/example_workday_timetable.py for tasks to queue
[2026-09-18T11:30:48.708+0700] {logging_mixin.py:190} INFO - [2026-09-18T11:30:48.708+0700] {dagbag.py:588} INFO - Filling up the DagBag from /Users/andreasanditya/Downloads/572392_Andreas_AirflowETL/code/.venv/lib/python3.9/site-packages/airflow/example_dags/example_workday_timetable.py
[2026-09-18T11:30:49.006+0700] {processor.py:925} INFO - DAG(s) 'example_workday_timetable' retrieved from /Users/andreasanditya/Downloads/572392_Andreas_AirflowETL/code/.venv/lib/python3.9/site-packages/airflow/example_dags/example_workday_timetable.py
[2026-09-18T11:30:49.075+0700] {logging_mixin.py:190} INFO - [2026-09-18T11:30:49.075+0700] {dag.py:3239} INFO - Sync 1 DAGs
[2026-09-18T11:30:49.156+0700] {logging_mixin.py:190} INFO - [2026-09-18T11:30:49.156+0700] {dag.py:4180} INFO - Setting next_dagrun for example_workday_timetable to 2021-01-04 00:00:00+00:00, run_after=2021-01-05 00:00:00+00:00
[2026-09-18T11:30:49.170+0700] {processor.py:208} INFO - Processing /Users/andreasanditya/Downloads/572392_Andreas_AirflowETL/code/.venv/lib/python3.9/site-packages/airflow/example_dags/example_workday_timetable.py took 0.466 seconds
[2026-09-18T11:32:18.073+0700] {processor.py:186} INFO - Started process (PID=20097) to work on /Users/andreasanditya/Downloads/572392_Andreas_AirflowETL/code/.venv/lib/python3.9/site-packages/airflow/example_dags/example_workday_timetable.py
[2026-09-18T11:32:18.074+0700] {processor.py:914} INFO - Processing file /Users/andreasanditya/Downloads/572392_Andreas_AirflowETL/code/.venv/lib/python3.9/site-packages/airflow/example_dags/example_workday_timetable.py for tasks to queue
[2026-09-18T11:32:18.075+0700] {logging_mixin.py:190} INFO - [2026-09-18T11:32:18.075+0700] {dagbag.py:588} INFO - Filling up the DagBag from /Users/andreasanditya/Downloads/572392_Andreas_AirflowETL/code/.venv/lib/python3.9/site-packages/airflow/example_dags/example_workday_timetable.py
[2026-09-18T11:32:18.367+0700] {processor.py:925} INFO - DAG(s) 'example_workday_timetable' retrieved from /Users/andreasanditya/Downloads/572392_Andreas_AirflowETL/code/.venv/lib/python3.9/site-packages/airflow/example_dags/example_workday_timetable.py
[2026-09-18T11:32:18.437+0700] {logging_mixin.py:190} INFO - [2026-09-18T11:32:18.437+0700] {dag.py:3239} INFO - Sync 1 DAGs
[2026-09-18T11:32:18.497+0700] {logging_mixin.py:190} INFO - [2026-09-18T11:32:18.497+0700] {dag.py:4180} INFO - Setting next_dagrun for example_workday_timetable to 2021-01-04 00:00:00+00:00, run_after=2021-01-05 00:00:00+00:00
[2026-09-18T11:32:18.508+0700] {processor.py:208} INFO - Processing /Users/andreasanditya/Downloads/572392_Andreas_AirflowETL/code/.venv/lib/python3.9/site-packages/airflow/example_dags/example_workday_timetable.py took 0.436 seconds
[2026-09-18T11:33:46.422+0700] {processor.py:186} INFO - Started process (PID=21116) to work on /Users/andreasanditya/Downloads/572392_Andreas_AirflowETL/code/.venv/lib/python3.9/site-packages/airflow/example_dags/example_workday_timetable.py
[2026-09-18T11:33:46.423+0700] {processor.py:914} INFO - Processing file /Users/andreasanditya/Downloads/572392_Andreas_AirflowETL/code/.venv/lib/python3.9/site-packages/airflow/example_dags/example_workday_timetable.py for tasks to queue
[2026-09-18T11:33:46.424+0700] {logging_mixin.py:190} INFO - [2026-09-18T11:33:46.424+0700] {dagbag.py:588} INFO - Filling up the DagBag from /Users/andreasanditya/Downloads/572392_Andreas_AirflowETL/code/.venv/lib/python3.9/site-packages/airflow/example_dags/example_workday_timetable.py
[2026-09-18T11:33:46.726+0700] {processor.py:925} INFO - DAG(s) 'example_workday_timetable' retrieved from /Users/andreasanditya/Downloads/572392_Andreas_AirflowETL/code/.venv/lib/python3.9/site-packages/airflow/example_dags/example_workday_timetable.py
[2026-09-18T11:33:46.793+0700] {logging_mixin.py:190} INFO - [2026-09-18T11:33:46.793+0700] {dag.py:3239} INFO - Sync 1 DAGs
[2026-09-18T11:33:46.873+0700] {logging_mixin.py:190} INFO - [2026-09-18T11:33:46.872+0700] {dag.py:4180} INFO - Setting next_dagrun for example_workday_timetable to 2021-01-04 00:00:00+00:00, run_after=2021-01-05 00:00:00+00:00
[2026-09-18T11:33:46.883+0700] {processor.py:208} INFO - Processing /Users/andreasanditya/Downloads/572392_Andreas_AirflowETL/code/.venv/lib/python3.9/site-packages/airflow/example_dags/example_workday_timetable.py took 0.463 seconds
[2026-09-18T11:35:12.972+0700] {processor.py:186} INFO - Started process (PID=21992) to work on /Users/andreasanditya/Downloads/572392_Andreas_AirflowETL/code/.venv/lib/python3.9/site-packages/airflow/example_dags/example_workday_timetable.py
[2026-09-18T11:35:12.973+0700] {processor.py:914} INFO - Processing file /Users/andreasanditya/Downloads/572392_Andreas_AirflowETL/code/.venv/lib/python3.9/site-packages/airflow/example_dags/example_workday_timetable.py for tasks to queue
[2026-09-18T11:35:12.974+0700] {logging_mixin.py:190} INFO - [2026-09-18T11:35:12.974+0700] {dagbag.py:588} INFO - Filling up the DagBag from /Users/andreasanditya/Downloads/572392_Andreas_AirflowETL/code/.venv/lib/python3.9/site-packages/airflow/example_dags/example_workday_timetable.py
[2026-09-18T11:35:13.265+0700] {processor.py:925} INFO - DAG(s) 'example_workday_timetable' retrieved from /Users/andreasanditya/Downloads/572392_Andreas_AirflowETL/code/.venv/lib/python3.9/site-packages/airflow/example_dags/example_workday_timetable.py
[2026-09-18T11:35:13.333+0700] {logging_mixin.py:190} INFO - [2026-09-18T11:35:13.333+0700] {dag.py:3239} INFO - Sync 1 DAGs
[2026-09-18T11:35:13.412+0700] {logging_mixin.py:190} INFO - [2026-09-18T11:35:13.412+0700] {dag.py:4180} INFO - Setting next_dagrun for example_workday_timetable to 2021-01-04 00:00:00+00:00, run_after=2021-01-05 00:00:00+00:00
[2026-09-18T11:35:13.422+0700] {processor.py:208} INFO - Processing /Users/andreasanditya/Downloads/572392_Andreas_AirflowETL/code/.venv/lib/python3.9/site-packages/airflow/example_dags/example_workday_timetable.py took 0.452 seconds
[2026-09-18T11:36:41.232+0700] {processor.py:186} INFO - Started process (PID=22957) to work on /Users/andreasanditya/Downloads/572392_Andreas_AirflowETL/code/.venv/lib/python3.9/site-packages/airflow/example_dags/example_workday_timetable.py
[2026-09-18T11:36:41.232+0700] {processor.py:914} INFO - Processing file /Users/andreasanditya/Downloads/572392_Andreas_AirflowETL/code/.venv/lib/python3.9/site-packages/airflow/example_dags/example_workday_timetable.py for tasks to queue
[2026-09-18T11:36:41.233+0700] {logging_mixin.py:190} INFO - [2026-09-18T11:36:41.233+0700] {dagbag.py:588} INFO - Filling up the DagBag from /Users/andreasanditya/Downloads/572392_Andreas_AirflowETL/code/.venv/lib/python3.9/site-packages/airflow/example_dags/example_workday_timetable.py
[2026-09-18T11:36:41.525+0700] {processor.py:925} INFO - DAG(s) 'example_workday_timetable' retrieved from /Users/andreasanditya/Downloads/572392_Andreas_AirflowETL/code/.venv/lib/python3.9/site-packages/airflow/example_dags/example_workday_timetable.py
[2026-09-18T11:36:41.597+0700] {logging_mixin.py:190} INFO - [2026-09-18T11:36:41.597+0700] {dag.py:3239} INFO - Sync 1 DAGs
[2026-09-18T11:36:41.662+0700] {logging_mixin.py:190} INFO - [2026-09-18T11:36:41.662+0700] {dag.py:4180} INFO - Setting next_dagrun for example_workday_timetable to 2021-01-04 00:00:00+00:00, run_after=2021-01-05 00:00:00+00:00
[2026-09-18T11:36:41.673+0700] {processor.py:208} INFO - Processing /Users/andreasanditya/Downloads/572392_Andreas_AirflowETL/code/.venv/lib/python3.9/site-packages/airflow/example_dags/example_workday_timetable.py took 0.443 seconds
[2026-09-18T11:38:09.151+0700] {processor.py:186} INFO - Started process (PID=23843) to work on /Users/andreasanditya/Downloads/572392_Andreas_AirflowETL/code/.venv/lib/python3.9/site-packages/airflow/example_dags/example_workday_timetable.py
[2026-09-18T11:38:09.152+0700] {processor.py:914} INFO - Processing file /Users/andreasanditya/Downloads/572392_Andreas_AirflowETL/code/.venv/lib/python3.9/site-packages/airflow/example_dags/example_workday_timetable.py for tasks to queue
[2026-09-18T11:38:09.153+0700] {logging_mixin.py:190} INFO - [2026-09-18T11:38:09.153+0700] {dagbag.py:588} INFO - Filling up the DagBag from /Users/andreasanditya/Downloads/572392_Andreas_AirflowETL/code/.venv/lib/python3.9/site-packages/airflow/example_dags/example_workday_timetable.py
[2026-09-18T11:38:09.438+0700] {processor.py:925} INFO - DAG(s) 'example_workday_timetable' retrieved from /Users/andreasanditya/Downloads/572392_Andreas_AirflowETL/code/.venv/lib/python3.9/site-packages/airflow/example_dags/example_workday_timetable.py
[2026-09-18T11:38:09.504+0700] {logging_mixin.py:190} INFO - [2026-09-18T11:38:09.504+0700] {dag.py:3239} INFO - Sync 1 DAGs
[2026-09-18T11:38:09.568+0700] {logging_mixin.py:190} INFO - [2026-09-18T11:38:09.568+0700] {dag.py:4180} INFO - Setting next_dagrun for example_workday_timetable to 2021-01-04 00:00:00+00:00, run_after=2021-01-05 00:00:00+00:00
[2026-09-18T11:38:09.579+0700] {processor.py:208} INFO - Processing /Users/andreasanditya/Downloads/572392_Andreas_AirflowETL/code/.venv/lib/python3.9/site-packages/airflow/example_dags/example_workday_timetable.py took 0.430 seconds
[2026-09-18T11:39:35.885+0700] {processor.py:186} INFO - Started process (PID=24756) to work on /Users/andreasanditya/Downloads/572392_Andreas_AirflowETL/code/.venv/lib/python3.9/site-packages/airflow/example_dags/example_workday_timetable.py
[2026-09-18T11:39:35.886+0700] {processor.py:914} INFO - Processing file /Users/andreasanditya/Downloads/572392_Andreas_AirflowETL/code/.venv/lib/python3.9/site-packages/airflow/example_dags/example_workday_timetable.py for tasks to queue
[2026-09-18T11:39:35.886+0700] {logging_mixin.py:190} INFO - [2026-09-18T11:39:35.886+0700] {dagbag.py:588} INFO - Filling up the DagBag from /Users/andreasanditya/Downloads/572392_Andreas_AirflowETL/code/.venv/lib/python3.9/site-packages/airflow/example_dags/example_workday_timetable.py
[2026-09-18T11:39:36.173+0700] {processor.py:925} INFO - DAG(s) 'example_workday_timetable' retrieved from /Users/andreasanditya/Downloads/572392_Andreas_AirflowETL/code/.venv/lib/python3.9/site-packages/airflow/example_dags/example_workday_timetable.py
[2026-09-18T11:39:36.243+0700] {logging_mixin.py:190} INFO - [2026-09-18T11:39:36.242+0700] {dag.py:3239} INFO - Sync 1 DAGs
[2026-09-18T11:39:36.306+0700] {logging_mixin.py:190} INFO - [2026-09-18T11:39:36.306+0700] {dag.py:4180} INFO - Setting next_dagrun for example_workday_timetable to 2021-01-04 00:00:00+00:00, run_after=2021-01-05 00:00:00+00:00
[2026-09-18T11:39:36.317+0700] {processor.py:208} INFO - Processing /Users/andreasanditya/Downloads/572392_Andreas_AirflowETL/code/.venv/lib/python3.9/site-packages/airflow/example_dags/example_workday_timetable.py took 0.435 seconds
[2026-09-18T11:41:03.702+0700] {processor.py:186} INFO - Started process (PID=25693) to work on /Users/andreasanditya/Downloads/572392_Andreas_AirflowETL/code/.venv/lib/python3.9/site-packages/airflow/example_dags/example_workday_timetable.py
[2026-09-18T11:41:03.703+0700] {processor.py:914} INFO - Processing file /Users/andreasanditya/Downloads/572392_Andreas_AirflowETL/code/.venv/lib/python3.9/site-packages/airflow/example_dags/example_workday_timetable.py for tasks to queue
[2026-09-18T11:41:03.704+0700] {logging_mixin.py:190} INFO - [2026-09-18T11:41:03.704+0700] {dagbag.py:588} INFO - Filling up the DagBag from /Users/andreasanditya/Downloads/572392_Andreas_AirflowETL/code/.venv/lib/python3.9/site-packages/airflow/example_dags/example_workday_timetable.py
[2026-09-18T11:41:03.993+0700] {processor.py:925} INFO - DAG(s) 'example_workday_timetable' retrieved from /Users/andreasanditya/Downloads/572392_Andreas_AirflowETL/code/.venv/lib/python3.9/site-packages/airflow/example_dags/example_workday_timetable.py
[2026-09-18T11:41:04.059+0700] {logging_mixin.py:190} INFO - [2026-09-18T11:41:04.059+0700] {dag.py:3239} INFO - Sync 1 DAGs
[2026-09-18T11:41:04.120+0700] {logging_mixin.py:190} INFO - [2026-09-18T11:41:04.120+0700] {dag.py:4180} INFO - Setting next_dagrun for example_workday_timetable to 2021-01-04 00:00:00+00:00, run_after=2021-01-05 00:00:00+00:00
[2026-09-18T11:41:04.130+0700] {processor.py:208} INFO - Processing /Users/andreasanditya/Downloads/572392_Andreas_AirflowETL/code/.venv/lib/python3.9/site-packages/airflow/example_dags/example_workday_timetable.py took 0.430 seconds
[2026-09-18T11:42:35.819+0700] {processor.py:186} INFO - Started process (PID=26620) to work on /Users/andreasanditya/Downloads/572392_Andreas_AirflowETL/code/.venv/lib/python3.9/site-packages/airflow/example_dags/example_workday_timetable.py
[2026-09-18T11:42:35.820+0700] {processor.py:914} INFO - Processing file /Users/andreasanditya/Downloads/572392_Andreas_AirflowETL/code/.venv/lib/python3.9/site-packages/airflow/example_dags/example_workday_timetable.py for tasks to queue
[2026-09-18T11:42:35.820+0700] {logging_mixin.py:190} INFO - [2026-09-18T11:42:35.820+0700] {dagbag.py:588} INFO - Filling up the DagBag from /Users/andreasanditya/Downloads/572392_Andreas_AirflowETL/code/.venv/lib/python3.9/site-packages/airflow/example_dags/example_workday_timetable.py
[2026-09-18T11:42:36.137+0700] {processor.py:925} INFO - DAG(s) 'example_workday_timetable' retrieved from /Users/andreasanditya/Downloads/572392_Andreas_AirflowETL/code/.venv/lib/python3.9/site-packages/airflow/example_dags/example_workday_timetable.py
[2026-09-18T11:42:36.207+0700] {logging_mixin.py:190} INFO - [2026-09-18T11:42:36.206+0700] {dag.py:3239} INFO - Sync 1 DAGs
[2026-09-18T11:42:36.269+0700] {logging_mixin.py:190} INFO - [2026-09-18T11:42:36.269+0700] {dag.py:4180} INFO - Setting next_dagrun for example_workday_timetable to 2021-01-04 00:00:00+00:00, run_after=2021-01-05 00:00:00+00:00
[2026-09-18T11:42:36.280+0700] {processor.py:208} INFO - Processing /Users/andreasanditya/Downloads/572392_Andreas_AirflowETL/code/.venv/lib/python3.9/site-packages/airflow/example_dags/example_workday_timetable.py took 0.463 seconds
[2026-09-18T11:44:02.274+0700] {processor.py:186} INFO - Started process (PID=27450) to work on /Users/andreasanditya/Downloads/572392_Andreas_AirflowETL/code/.venv/lib/python3.9/site-packages/airflow/example_dags/example_workday_timetable.py
[2026-09-18T11:44:02.275+0700] {processor.py:914} INFO - Processing file /Users/andreasanditya/Downloads/572392_Andreas_AirflowETL/code/.venv/lib/python3.9/site-packages/airflow/example_dags/example_workday_timetable.py for tasks to queue
[2026-09-18T11:44:02.276+0700] {logging_mixin.py:190} INFO - [2026-09-18T11:44:02.276+0700] {dagbag.py:588} INFO - Filling up the DagBag from /Users/andreasanditya/Downloads/572392_Andreas_AirflowETL/code/.venv/lib/python3.9/site-packages/airflow/example_dags/example_workday_timetable.py
[2026-09-18T11:44:02.557+0700] {processor.py:925} INFO - DAG(s) 'example_workday_timetable' retrieved from /Users/andreasanditya/Downloads/572392_Andreas_AirflowETL/code/.venv/lib/python3.9/site-packages/airflow/example_dags/example_workday_timetable.py
[2026-09-18T11:44:02.624+0700] {logging_mixin.py:190} INFO - [2026-09-18T11:44:02.624+0700] {dag.py:3239} INFO - Sync 1 DAGs
[2026-09-18T11:44:02.684+0700] {logging_mixin.py:190} INFO - [2026-09-18T11:44:02.684+0700] {dag.py:4180} INFO - Setting next_dagrun for example_workday_timetable to 2021-01-04 00:00:00+00:00, run_after=2021-01-05 00:00:00+00:00
[2026-09-18T11:44:02.695+0700] {processor.py:208} INFO - Processing /Users/andreasanditya/Downloads/572392_Andreas_AirflowETL/code/.venv/lib/python3.9/site-packages/airflow/example_dags/example_workday_timetable.py took 0.423 seconds
[2026-09-18T11:45:29.749+0700] {processor.py:186} INFO - Started process (PID=28351) to work on /Users/andreasanditya/Downloads/572392_Andreas_AirflowETL/code/.venv/lib/python3.9/site-packages/airflow/example_dags/example_workday_timetable.py
[2026-09-18T11:45:29.750+0700] {processor.py:914} INFO - Processing file /Users/andreasanditya/Downloads/572392_Andreas_AirflowETL/code/.venv/lib/python3.9/site-packages/airflow/example_dags/example_workday_timetable.py for tasks to queue
[2026-09-18T11:45:29.751+0700] {logging_mixin.py:190} INFO - [2026-09-18T11:45:29.751+0700] {dagbag.py:588} INFO - Filling up the DagBag from /Users/andreasanditya/Downloads/572392_Andreas_AirflowETL/code/.venv/lib/python3.9/site-packages/airflow/example_dags/example_workday_timetable.py
[2026-09-18T11:45:30.036+0700] {processor.py:925} INFO - DAG(s) 'example_workday_timetable' retrieved from /Users/andreasanditya/Downloads/572392_Andreas_AirflowETL/code/.venv/lib/python3.9/site-packages/airflow/example_dags/example_workday_timetable.py
[2026-09-18T11:45:30.105+0700] {logging_mixin.py:190} INFO - [2026-09-18T11:45:30.104+0700] {dag.py:3239} INFO - Sync 1 DAGs
[2026-09-18T11:45:30.167+0700] {logging_mixin.py:190} INFO - [2026-09-18T11:45:30.167+0700] {dag.py:4180} INFO - Setting next_dagrun for example_workday_timetable to 2021-01-04 00:00:00+00:00, run_after=2021-01-05 00:00:00+00:00
[2026-09-18T11:45:30.178+0700] {processor.py:208} INFO - Processing /Users/andreasanditya/Downloads/572392_Andreas_AirflowETL/code/.venv/lib/python3.9/site-packages/airflow/example_dags/example_workday_timetable.py took 0.431 seconds
[2026-09-18T11:46:54.902+0700] {processor.py:186} INFO - Started process (PID=29172) to work on /Users/andreasanditya/Downloads/572392_Andreas_AirflowETL/code/.venv/lib/python3.9/site-packages/airflow/example_dags/example_workday_timetable.py
[2026-09-18T11:46:54.903+0700] {processor.py:914} INFO - Processing file /Users/andreasanditya/Downloads/572392_Andreas_AirflowETL/code/.venv/lib/python3.9/site-packages/airflow/example_dags/example_workday_timetable.py for tasks to queue
[2026-09-18T11:46:54.903+0700] {logging_mixin.py:190} INFO - [2026-09-18T11:46:54.903+0700] {dagbag.py:588} INFO - Filling up the DagBag from /Users/andreasanditya/Downloads/572392_Andreas_AirflowETL/code/.venv/lib/python3.9/site-packages/airflow/example_dags/example_workday_timetable.py
[2026-09-18T11:46:55.182+0700] {processor.py:925} INFO - DAG(s) 'example_workday_timetable' retrieved from /Users/andreasanditya/Downloads/572392_Andreas_AirflowETL/code/.venv/lib/python3.9/site-packages/airflow/example_dags/example_workday_timetable.py
[2026-09-18T11:46:55.249+0700] {logging_mixin.py:190} INFO - [2026-09-18T11:46:55.249+0700] {dag.py:3239} INFO - Sync 1 DAGs
[2026-09-18T11:46:55.311+0700] {logging_mixin.py:190} INFO - [2026-09-18T11:46:55.310+0700] {dag.py:4180} INFO - Setting next_dagrun for example_workday_timetable to 2021-01-04 00:00:00+00:00, run_after=2021-01-05 00:00:00+00:00
[2026-09-18T11:46:55.321+0700] {processor.py:208} INFO - Processing /Users/andreasanditya/Downloads/572392_Andreas_AirflowETL/code/.venv/lib/python3.9/site-packages/airflow/example_dags/example_workday_timetable.py took 0.421 seconds
[2026-09-18T11:48:22.817+0700] {processor.py:186} INFO - Started process (PID=30073) to work on /Users/andreasanditya/Downloads/572392_Andreas_AirflowETL/code/.venv/lib/python3.9/site-packages/airflow/example_dags/example_workday_timetable.py
[2026-09-18T11:48:22.818+0700] {processor.py:914} INFO - Processing file /Users/andreasanditya/Downloads/572392_Andreas_AirflowETL/code/.venv/lib/python3.9/site-packages/airflow/example_dags/example_workday_timetable.py for tasks to queue
[2026-09-18T11:48:22.819+0700] {logging_mixin.py:190} INFO - [2026-09-18T11:48:22.818+0700] {dagbag.py:588} INFO - Filling up the DagBag from /Users/andreasanditya/Downloads/572392_Andreas_AirflowETL/code/.venv/lib/python3.9/site-packages/airflow/example_dags/example_workday_timetable.py
[2026-09-18T11:48:23.100+0700] {processor.py:925} INFO - DAG(s) 'example_workday_timetable' retrieved from /Users/andreasanditya/Downloads/572392_Andreas_AirflowETL/code/.venv/lib/python3.9/site-packages/airflow/example_dags/example_workday_timetable.py
[2026-09-18T11:48:23.167+0700] {logging_mixin.py:190} INFO - [2026-09-18T11:48:23.167+0700] {dag.py:3239} INFO - Sync 1 DAGs
[2026-09-18T11:48:23.228+0700] {logging_mixin.py:190} INFO - [2026-09-18T11:48:23.228+0700] {dag.py:4180} INFO - Setting next_dagrun for example_workday_timetable to 2021-01-04 00:00:00+00:00, run_after=2021-01-05 00:00:00+00:00
[2026-09-18T11:48:23.238+0700] {processor.py:208} INFO - Processing /Users/andreasanditya/Downloads/572392_Andreas_AirflowETL/code/.venv/lib/python3.9/site-packages/airflow/example_dags/example_workday_timetable.py took 0.423 seconds
[2026-09-18T11:49:48.856+0700] {processor.py:186} INFO - Started process (PID=31003) to work on /Users/andreasanditya/Downloads/572392_Andreas_AirflowETL/code/.venv/lib/python3.9/site-packages/airflow/example_dags/example_workday_timetable.py
[2026-09-18T11:49:48.857+0700] {processor.py:914} INFO - Processing file /Users/andreasanditya/Downloads/572392_Andreas_AirflowETL/code/.venv/lib/python3.9/site-packages/airflow/example_dags/example_workday_timetable.py for tasks to queue
[2026-09-18T11:49:48.858+0700] {logging_mixin.py:190} INFO - [2026-09-18T11:49:48.858+0700] {dagbag.py:588} INFO - Filling up the DagBag from /Users/andreasanditya/Downloads/572392_Andreas_AirflowETL/code/.venv/lib/python3.9/site-packages/airflow/example_dags/example_workday_timetable.py
[2026-09-18T11:49:49.141+0700] {processor.py:925} INFO - DAG(s) 'example_workday_timetable' retrieved from /Users/andreasanditya/Downloads/572392_Andreas_AirflowETL/code/.venv/lib/python3.9/site-packages/airflow/example_dags/example_workday_timetable.py
[2026-09-18T11:49:49.207+0700] {logging_mixin.py:190} INFO - [2026-09-18T11:49:49.207+0700] {dag.py:3239} INFO - Sync 1 DAGs
[2026-09-18T11:49:49.267+0700] {logging_mixin.py:190} INFO - [2026-09-18T11:49:49.267+0700] {dag.py:4180} INFO - Setting next_dagrun for example_workday_timetable to 2021-01-04 00:00:00+00:00, run_after=2021-01-05 00:00:00+00:00
[2026-09-18T11:49:49.278+0700] {processor.py:208} INFO - Processing /Users/andreasanditya/Downloads/572392_Andreas_AirflowETL/code/.venv/lib/python3.9/site-packages/airflow/example_dags/example_workday_timetable.py took 0.423 seconds
[2026-09-18T11:51:14.534+0700] {processor.py:186} INFO - Started process (PID=31825) to work on /Users/andreasanditya/Downloads/572392_Andreas_AirflowETL/code/.venv/lib/python3.9/site-packages/airflow/example_dags/example_workday_timetable.py
[2026-09-18T11:51:14.535+0700] {processor.py:914} INFO - Processing file /Users/andreasanditya/Downloads/572392_Andreas_AirflowETL/code/.venv/lib/python3.9/site-packages/airflow/example_dags/example_workday_timetable.py for tasks to queue
[2026-09-18T11:51:14.535+0700] {logging_mixin.py:190} INFO - [2026-09-18T11:51:14.535+0700] {dagbag.py:588} INFO - Filling up the DagBag from /Users/andreasanditya/Downloads/572392_Andreas_AirflowETL/code/.venv/lib/python3.9/site-packages/airflow/example_dags/example_workday_timetable.py
[2026-09-18T11:51:14.819+0700] {processor.py:925} INFO - DAG(s) 'example_workday_timetable' retrieved from /Users/andreasanditya/Downloads/572392_Andreas_AirflowETL/code/.venv/lib/python3.9/site-packages/airflow/example_dags/example_workday_timetable.py
[2026-09-18T11:51:14.885+0700] {logging_mixin.py:190} INFO - [2026-09-18T11:51:14.885+0700] {dag.py:3239} INFO - Sync 1 DAGs
[2026-09-18T11:51:14.945+0700] {logging_mixin.py:190} INFO - [2026-09-18T11:51:14.945+0700] {dag.py:4180} INFO - Setting next_dagrun for example_workday_timetable to 2021-01-04 00:00:00+00:00, run_after=2021-01-05 00:00:00+00:00
[2026-09-18T11:51:14.956+0700] {processor.py:208} INFO - Processing /Users/andreasanditya/Downloads/572392_Andreas_AirflowETL/code/.venv/lib/python3.9/site-packages/airflow/example_dags/example_workday_timetable.py took 0.424 seconds
[2026-09-18T11:52:40.516+0700] {processor.py:186} INFO - Started process (PID=32653) to work on /Users/andreasanditya/Downloads/572392_Andreas_AirflowETL/code/.venv/lib/python3.9/site-packages/airflow/example_dags/example_workday_timetable.py
[2026-09-18T11:52:40.517+0700] {processor.py:914} INFO - Processing file /Users/andreasanditya/Downloads/572392_Andreas_AirflowETL/code/.venv/lib/python3.9/site-packages/airflow/example_dags/example_workday_timetable.py for tasks to queue
[2026-09-18T11:52:40.518+0700] {logging_mixin.py:190} INFO - [2026-09-18T11:52:40.518+0700] {dagbag.py:588} INFO - Filling up the DagBag from /Users/andreasanditya/Downloads/572392_Andreas_AirflowETL/code/.venv/lib/python3.9/site-packages/airflow/example_dags/example_workday_timetable.py
[2026-09-18T11:52:40.804+0700] {processor.py:925} INFO - DAG(s) 'example_workday_timetable' retrieved from /Users/andreasanditya/Downloads/572392_Andreas_AirflowETL/code/.venv/lib/python3.9/site-packages/airflow/example_dags/example_workday_timetable.py
[2026-09-18T11:52:40.871+0700] {logging_mixin.py:190} INFO - [2026-09-18T11:52:40.871+0700] {dag.py:3239} INFO - Sync 1 DAGs
[2026-09-18T11:52:40.932+0700] {logging_mixin.py:190} INFO - [2026-09-18T11:52:40.931+0700] {dag.py:4180} INFO - Setting next_dagrun for example_workday_timetable to 2021-01-04 00:00:00+00:00, run_after=2021-01-05 00:00:00+00:00
[2026-09-18T11:52:40.942+0700] {processor.py:208} INFO - Processing /Users/andreasanditya/Downloads/572392_Andreas_AirflowETL/code/.venv/lib/python3.9/site-packages/airflow/example_dags/example_workday_timetable.py took 0.428 seconds
[2026-09-18T11:54:07.151+0700] {processor.py:186} INFO - Started process (PID=33540) to work on /Users/andreasanditya/Downloads/572392_Andreas_AirflowETL/code/.venv/lib/python3.9/site-packages/airflow/example_dags/example_workday_timetable.py
[2026-09-18T11:54:07.153+0700] {processor.py:914} INFO - Processing file /Users/andreasanditya/Downloads/572392_Andreas_AirflowETL/code/.venv/lib/python3.9/site-packages/airflow/example_dags/example_workday_timetable.py for tasks to queue
[2026-09-18T11:54:07.154+0700] {logging_mixin.py:190} INFO - [2026-09-18T11:54:07.153+0700] {dagbag.py:588} INFO - Filling up the DagBag from /Users/andreasanditya/Downloads/572392_Andreas_AirflowETL/code/.venv/lib/python3.9/site-packages/airflow/example_dags/example_workday_timetable.py
[2026-09-18T11:54:07.435+0700] {processor.py:925} INFO - DAG(s) 'example_workday_timetable' retrieved from /Users/andreasanditya/Downloads/572392_Andreas_AirflowETL/code/.venv/lib/python3.9/site-packages/airflow/example_dags/example_workday_timetable.py
[2026-09-18T11:54:07.502+0700] {logging_mixin.py:190} INFO - [2026-09-18T11:54:07.502+0700] {dag.py:3239} INFO - Sync 1 DAGs
[2026-09-18T11:54:07.563+0700] {logging_mixin.py:190} INFO - [2026-09-18T11:54:07.563+0700] {dag.py:4180} INFO - Setting next_dagrun for example_workday_timetable to 2021-01-04 00:00:00+00:00, run_after=2021-01-05 00:00:00+00:00
[2026-09-18T11:54:07.573+0700] {processor.py:208} INFO - Processing /Users/andreasanditya/Downloads/572392_Andreas_AirflowETL/code/.venv/lib/python3.9/site-packages/airflow/example_dags/example_workday_timetable.py took 0.424 seconds
[2026-09-18T11:55:35.137+0700] {processor.py:186} INFO - Started process (PID=34471) to work on /Users/andreasanditya/Downloads/572392_Andreas_AirflowETL/code/.venv/lib/python3.9/site-packages/airflow/example_dags/example_workday_timetable.py
[2026-09-18T11:55:35.138+0700] {processor.py:914} INFO - Processing file /Users/andreasanditya/Downloads/572392_Andreas_AirflowETL/code/.venv/lib/python3.9/site-packages/airflow/example_dags/example_workday_timetable.py for tasks to queue
[2026-09-18T11:55:35.139+0700] {logging_mixin.py:190} INFO - [2026-09-18T11:55:35.138+0700] {dagbag.py:588} INFO - Filling up the DagBag from /Users/andreasanditya/Downloads/572392_Andreas_AirflowETL/code/.venv/lib/python3.9/site-packages/airflow/example_dags/example_workday_timetable.py
[2026-09-18T11:55:35.428+0700] {processor.py:925} INFO - DAG(s) 'example_workday_timetable' retrieved from /Users/andreasanditya/Downloads/572392_Andreas_AirflowETL/code/.venv/lib/python3.9/site-packages/airflow/example_dags/example_workday_timetable.py
[2026-09-18T11:55:35.494+0700] {logging_mixin.py:190} INFO - [2026-09-18T11:55:35.494+0700] {dag.py:3239} INFO - Sync 1 DAGs
[2026-09-18T11:55:35.555+0700] {logging_mixin.py:190} INFO - [2026-09-18T11:55:35.554+0700] {dag.py:4180} INFO - Setting next_dagrun for example_workday_timetable to 2021-01-04 00:00:00+00:00, run_after=2021-01-05 00:00:00+00:00
[2026-09-18T11:55:35.565+0700] {processor.py:208} INFO - Processing /Users/andreasanditya/Downloads/572392_Andreas_AirflowETL/code/.venv/lib/python3.9/site-packages/airflow/example_dags/example_workday_timetable.py took 0.430 seconds
[2026-09-18T11:57:01.662+0700] {processor.py:186} INFO - Started process (PID=35299) to work on /Users/andreasanditya/Downloads/572392_Andreas_AirflowETL/code/.venv/lib/python3.9/site-packages/airflow/example_dags/example_workday_timetable.py
[2026-09-18T11:57:01.663+0700] {processor.py:914} INFO - Processing file /Users/andreasanditya/Downloads/572392_Andreas_AirflowETL/code/.venv/lib/python3.9/site-packages/airflow/example_dags/example_workday_timetable.py for tasks to queue
[2026-09-18T11:57:01.664+0700] {logging_mixin.py:190} INFO - [2026-09-18T11:57:01.664+0700] {dagbag.py:588} INFO - Filling up the DagBag from /Users/andreasanditya/Downloads/572392_Andreas_AirflowETL/code/.venv/lib/python3.9/site-packages/airflow/example_dags/example_workday_timetable.py
[2026-09-18T11:57:01.944+0700] {processor.py:925} INFO - DAG(s) 'example_workday_timetable' retrieved from /Users/andreasanditya/Downloads/572392_Andreas_AirflowETL/code/.venv/lib/python3.9/site-packages/airflow/example_dags/example_workday_timetable.py
[2026-09-18T11:57:02.012+0700] {logging_mixin.py:190} INFO - [2026-09-18T11:57:02.012+0700] {dag.py:3239} INFO - Sync 1 DAGs
[2026-09-18T11:57:02.072+0700] {logging_mixin.py:190} INFO - [2026-09-18T11:57:02.072+0700] {dag.py:4180} INFO - Setting next_dagrun for example_workday_timetable to 2021-01-04 00:00:00+00:00, run_after=2021-01-05 00:00:00+00:00
[2026-09-18T11:57:02.082+0700] {processor.py:208} INFO - Processing /Users/andreasanditya/Downloads/572392_Andreas_AirflowETL/code/.venv/lib/python3.9/site-packages/airflow/example_dags/example_workday_timetable.py took 0.423 seconds
[2026-09-18T11:58:28.934+0700] {processor.py:186} INFO - Started process (PID=36207) to work on /Users/andreasanditya/Downloads/572392_Andreas_AirflowETL/code/.venv/lib/python3.9/site-packages/airflow/example_dags/example_workday_timetable.py
[2026-09-18T11:58:28.935+0700] {processor.py:914} INFO - Processing file /Users/andreasanditya/Downloads/572392_Andreas_AirflowETL/code/.venv/lib/python3.9/site-packages/airflow/example_dags/example_workday_timetable.py for tasks to queue
[2026-09-18T11:58:28.936+0700] {logging_mixin.py:190} INFO - [2026-09-18T11:58:28.936+0700] {dagbag.py:588} INFO - Filling up the DagBag from /Users/andreasanditya/Downloads/572392_Andreas_AirflowETL/code/.venv/lib/python3.9/site-packages/airflow/example_dags/example_workday_timetable.py
[2026-09-18T11:58:29.212+0700] {processor.py:925} INFO - DAG(s) 'example_workday_timetable' retrieved from /Users/andreasanditya/Downloads/572392_Andreas_AirflowETL/code/.venv/lib/python3.9/site-packages/airflow/example_dags/example_workday_timetable.py
[2026-09-18T11:58:29.281+0700] {logging_mixin.py:190} INFO - [2026-09-18T11:58:29.281+0700] {dag.py:3239} INFO - Sync 1 DAGs
[2026-09-18T11:58:29.343+0700] {logging_mixin.py:190} INFO - [2026-09-18T11:58:29.343+0700] {dag.py:4180} INFO - Setting next_dagrun for example_workday_timetable to 2021-01-04 00:00:00+00:00, run_after=2021-01-05 00:00:00+00:00
[2026-09-18T11:58:29.354+0700] {processor.py:208} INFO - Processing /Users/andreasanditya/Downloads/572392_Andreas_AirflowETL/code/.venv/lib/python3.9/site-packages/airflow/example_dags/example_workday_timetable.py took 0.422 seconds
[2026-09-18T11:59:52.576+0700] {processor.py:186} INFO - Started process (PID=37020) to work on /Users/andreasanditya/Downloads/572392_Andreas_AirflowETL/code/.venv/lib/python3.9/site-packages/airflow/example_dags/example_workday_timetable.py
[2026-09-18T11:59:52.578+0700] {processor.py:914} INFO - Processing file /Users/andreasanditya/Downloads/572392_Andreas_AirflowETL/code/.venv/lib/python3.9/site-packages/airflow/example_dags/example_workday_timetable.py for tasks to queue
[2026-09-18T11:59:52.579+0700] {logging_mixin.py:190} INFO - [2026-09-18T11:59:52.579+0700] {dagbag.py:588} INFO - Filling up the DagBag from /Users/andreasanditya/Downloads/572392_Andreas_AirflowETL/code/.venv/lib/python3.9/site-packages/airflow/example_dags/example_workday_timetable.py
[2026-09-18T11:59:52.867+0700] {processor.py:925} INFO - DAG(s) 'example_workday_timetable' retrieved from /Users/andreasanditya/Downloads/572392_Andreas_AirflowETL/code/.venv/lib/python3.9/site-packages/airflow/example_dags/example_workday_timetable.py
[2026-09-18T11:59:52.933+0700] {logging_mixin.py:190} INFO - [2026-09-18T11:59:52.933+0700] {dag.py:3239} INFO - Sync 1 DAGs
[2026-09-18T11:59:52.995+0700] {logging_mixin.py:190} INFO - [2026-09-18T11:59:52.994+0700] {dag.py:4180} INFO - Setting next_dagrun for example_workday_timetable to 2021-01-04 00:00:00+00:00, run_after=2021-01-05 00:00:00+00:00
[2026-09-18T11:59:53.005+0700] {processor.py:208} INFO - Processing /Users/andreasanditya/Downloads/572392_Andreas_AirflowETL/code/.venv/lib/python3.9/site-packages/airflow/example_dags/example_workday_timetable.py took 0.431 seconds
[2026-09-18T12:01:19.620+0700] {processor.py:186} INFO - Started process (PID=37940) to work on /Users/andreasanditya/Downloads/572392_Andreas_AirflowETL/code/.venv/lib/python3.9/site-packages/airflow/example_dags/example_workday_timetable.py
[2026-09-18T12:01:19.622+0700] {processor.py:914} INFO - Processing file /Users/andreasanditya/Downloads/572392_Andreas_AirflowETL/code/.venv/lib/python3.9/site-packages/airflow/example_dags/example_workday_timetable.py for tasks to queue
[2026-09-18T12:01:19.622+0700] {logging_mixin.py:190} INFO - [2026-09-18T12:01:19.622+0700] {dagbag.py:588} INFO - Filling up the DagBag from /Users/andreasanditya/Downloads/572392_Andreas_AirflowETL/code/.venv/lib/python3.9/site-packages/airflow/example_dags/example_workday_timetable.py
[2026-09-18T12:01:19.849+0700] {processor.py:925} INFO - DAG(s) 'example_workday_timetable' retrieved from /Users/andreasanditya/Downloads/572392_Andreas_AirflowETL/code/.venv/lib/python3.9/site-packages/airflow/example_dags/example_workday_timetable.py
[2026-09-18T12:01:19.914+0700] {logging_mixin.py:190} INFO - [2026-09-18T12:01:19.914+0700] {dag.py:3239} INFO - Sync 1 DAGs
[2026-09-18T12:01:19.976+0700] {logging_mixin.py:190} INFO - [2026-09-18T12:01:19.975+0700] {dag.py:4180} INFO - Setting next_dagrun for example_workday_timetable to 2021-01-04 00:00:00+00:00, run_after=2021-01-05 00:00:00+00:00
[2026-09-18T12:01:19.988+0700] {processor.py:208} INFO - Processing /Users/andreasanditya/Downloads/572392_Andreas_AirflowETL/code/.venv/lib/python3.9/site-packages/airflow/example_dags/example_workday_timetable.py took 0.370 seconds
[2026-09-18T12:02:47.458+0700] {processor.py:186} INFO - Started process (PID=38787) to work on /Users/andreasanditya/Downloads/572392_Andreas_AirflowETL/code/.venv/lib/python3.9/site-packages/airflow/example_dags/example_workday_timetable.py
[2026-09-18T12:02:47.459+0700] {processor.py:914} INFO - Processing file /Users/andreasanditya/Downloads/572392_Andreas_AirflowETL/code/.venv/lib/python3.9/site-packages/airflow/example_dags/example_workday_timetable.py for tasks to queue
[2026-09-18T12:02:47.460+0700] {logging_mixin.py:190} INFO - [2026-09-18T12:02:47.460+0700] {dagbag.py:588} INFO - Filling up the DagBag from /Users/andreasanditya/Downloads/572392_Andreas_AirflowETL/code/.venv/lib/python3.9/site-packages/airflow/example_dags/example_workday_timetable.py
[2026-09-18T12:02:47.747+0700] {processor.py:925} INFO - DAG(s) 'example_workday_timetable' retrieved from /Users/andreasanditya/Downloads/572392_Andreas_AirflowETL/code/.venv/lib/python3.9/site-packages/airflow/example_dags/example_workday_timetable.py
[2026-09-18T12:02:47.819+0700] {logging_mixin.py:190} INFO - [2026-09-18T12:02:47.819+0700] {dag.py:3239} INFO - Sync 1 DAGs
[2026-09-18T12:02:47.881+0700] {logging_mixin.py:190} INFO - [2026-09-18T12:02:47.881+0700] {dag.py:4180} INFO - Setting next_dagrun for example_workday_timetable to 2021-01-04 00:00:00+00:00, run_after=2021-01-05 00:00:00+00:00
[2026-09-18T12:02:47.891+0700] {processor.py:208} INFO - Processing /Users/andreasanditya/Downloads/572392_Andreas_AirflowETL/code/.venv/lib/python3.9/site-packages/airflow/example_dags/example_workday_timetable.py took 0.435 seconds
[2026-09-18T12:04:13.449+0700] {processor.py:186} INFO - Started process (PID=39701) to work on /Users/andreasanditya/Downloads/572392_Andreas_AirflowETL/code/.venv/lib/python3.9/site-packages/airflow/example_dags/example_workday_timetable.py
[2026-09-18T12:04:13.449+0700] {processor.py:914} INFO - Processing file /Users/andreasanditya/Downloads/572392_Andreas_AirflowETL/code/.venv/lib/python3.9/site-packages/airflow/example_dags/example_workday_timetable.py for tasks to queue
[2026-09-18T12:04:13.450+0700] {logging_mixin.py:190} INFO - [2026-09-18T12:04:13.450+0700] {dagbag.py:588} INFO - Filling up the DagBag from /Users/andreasanditya/Downloads/572392_Andreas_AirflowETL/code/.venv/lib/python3.9/site-packages/airflow/example_dags/example_workday_timetable.py
[2026-09-18T12:04:13.734+0700] {processor.py:925} INFO - DAG(s) 'example_workday_timetable' retrieved from /Users/andreasanditya/Downloads/572392_Andreas_AirflowETL/code/.venv/lib/python3.9/site-packages/airflow/example_dags/example_workday_timetable.py
[2026-09-18T12:04:13.800+0700] {logging_mixin.py:190} INFO - [2026-09-18T12:04:13.799+0700] {dag.py:3239} INFO - Sync 1 DAGs
[2026-09-18T12:04:13.861+0700] {logging_mixin.py:190} INFO - [2026-09-18T12:04:13.861+0700] {dag.py:4180} INFO - Setting next_dagrun for example_workday_timetable to 2021-01-04 00:00:00+00:00, run_after=2021-01-05 00:00:00+00:00
[2026-09-18T12:04:13.871+0700] {processor.py:208} INFO - Processing /Users/andreasanditya/Downloads/572392_Andreas_AirflowETL/code/.venv/lib/python3.9/site-packages/airflow/example_dags/example_workday_timetable.py took 0.425 seconds
[2026-09-18T12:05:40.618+0700] {processor.py:186} INFO - Started process (PID=40528) to work on /Users/andreasanditya/Downloads/572392_Andreas_AirflowETL/code/.venv/lib/python3.9/site-packages/airflow/example_dags/example_workday_timetable.py
[2026-09-18T12:05:40.619+0700] {processor.py:914} INFO - Processing file /Users/andreasanditya/Downloads/572392_Andreas_AirflowETL/code/.venv/lib/python3.9/site-packages/airflow/example_dags/example_workday_timetable.py for tasks to queue
[2026-09-18T12:05:40.620+0700] {logging_mixin.py:190} INFO - [2026-09-18T12:05:40.620+0700] {dagbag.py:588} INFO - Filling up the DagBag from /Users/andreasanditya/Downloads/572392_Andreas_AirflowETL/code/.venv/lib/python3.9/site-packages/airflow/example_dags/example_workday_timetable.py
[2026-09-18T12:05:40.899+0700] {processor.py:925} INFO - DAG(s) 'example_workday_timetable' retrieved from /Users/andreasanditya/Downloads/572392_Andreas_AirflowETL/code/.venv/lib/python3.9/site-packages/airflow/example_dags/example_workday_timetable.py
[2026-09-18T12:05:40.965+0700] {logging_mixin.py:190} INFO - [2026-09-18T12:05:40.965+0700] {dag.py:3239} INFO - Sync 1 DAGs
[2026-09-18T12:05:41.030+0700] {logging_mixin.py:190} INFO - [2026-09-18T12:05:41.029+0700] {dag.py:4180} INFO - Setting next_dagrun for example_workday_timetable to 2021-01-04 00:00:00+00:00, run_after=2021-01-05 00:00:00+00:00
[2026-09-18T12:05:41.040+0700] {processor.py:208} INFO - Processing /Users/andreasanditya/Downloads/572392_Andreas_AirflowETL/code/.venv/lib/python3.9/site-packages/airflow/example_dags/example_workday_timetable.py took 0.424 seconds
[2026-09-18T12:07:08.281+0700] {processor.py:186} INFO - Started process (PID=41429) to work on /Users/andreasanditya/Downloads/572392_Andreas_AirflowETL/code/.venv/lib/python3.9/site-packages/airflow/example_dags/example_workday_timetable.py
[2026-09-18T12:07:08.282+0700] {processor.py:914} INFO - Processing file /Users/andreasanditya/Downloads/572392_Andreas_AirflowETL/code/.venv/lib/python3.9/site-packages/airflow/example_dags/example_workday_timetable.py for tasks to queue
[2026-09-18T12:07:08.283+0700] {logging_mixin.py:190} INFO - [2026-09-18T12:07:08.283+0700] {dagbag.py:588} INFO - Filling up the DagBag from /Users/andreasanditya/Downloads/572392_Andreas_AirflowETL/code/.venv/lib/python3.9/site-packages/airflow/example_dags/example_workday_timetable.py
[2026-09-18T12:07:08.570+0700] {processor.py:925} INFO - DAG(s) 'example_workday_timetable' retrieved from /Users/andreasanditya/Downloads/572392_Andreas_AirflowETL/code/.venv/lib/python3.9/site-packages/airflow/example_dags/example_workday_timetable.py
[2026-09-18T12:07:08.637+0700] {logging_mixin.py:190} INFO - [2026-09-18T12:07:08.637+0700] {dag.py:3239} INFO - Sync 1 DAGs
[2026-09-18T12:07:08.717+0700] {logging_mixin.py:190} INFO - [2026-09-18T12:07:08.717+0700] {dag.py:4180} INFO - Setting next_dagrun for example_workday_timetable to 2021-01-04 00:00:00+00:00, run_after=2021-01-05 00:00:00+00:00
[2026-09-18T12:07:08.729+0700] {processor.py:208} INFO - Processing /Users/andreasanditya/Downloads/572392_Andreas_AirflowETL/code/.venv/lib/python3.9/site-packages/airflow/example_dags/example_workday_timetable.py took 0.450 seconds
[2026-09-18T12:08:36.007+0700] {processor.py:186} INFO - Started process (PID=42336) to work on /Users/andreasanditya/Downloads/572392_Andreas_AirflowETL/code/.venv/lib/python3.9/site-packages/airflow/example_dags/example_workday_timetable.py
[2026-09-18T12:08:36.008+0700] {processor.py:914} INFO - Processing file /Users/andreasanditya/Downloads/572392_Andreas_AirflowETL/code/.venv/lib/python3.9/site-packages/airflow/example_dags/example_workday_timetable.py for tasks to queue
[2026-09-18T12:08:36.008+0700] {logging_mixin.py:190} INFO - [2026-09-18T12:08:36.008+0700] {dagbag.py:588} INFO - Filling up the DagBag from /Users/andreasanditya/Downloads/572392_Andreas_AirflowETL/code/.venv/lib/python3.9/site-packages/airflow/example_dags/example_workday_timetable.py
[2026-09-18T12:08:36.297+0700] {processor.py:925} INFO - DAG(s) 'example_workday_timetable' retrieved from /Users/andreasanditya/Downloads/572392_Andreas_AirflowETL/code/.venv/lib/python3.9/site-packages/airflow/example_dags/example_workday_timetable.py
[2026-09-18T12:08:36.364+0700] {logging_mixin.py:190} INFO - [2026-09-18T12:08:36.364+0700] {dag.py:3239} INFO - Sync 1 DAGs
[2026-09-18T12:08:36.425+0700] {logging_mixin.py:190} INFO - [2026-09-18T12:08:36.425+0700] {dag.py:4180} INFO - Setting next_dagrun for example_workday_timetable to 2021-01-04 00:00:00+00:00, run_after=2021-01-05 00:00:00+00:00
[2026-09-18T12:08:36.436+0700] {processor.py:208} INFO - Processing /Users/andreasanditya/Downloads/572392_Andreas_AirflowETL/code/.venv/lib/python3.9/site-packages/airflow/example_dags/example_workday_timetable.py took 0.433 seconds
[2026-09-18T12:10:02.621+0700] {processor.py:186} INFO - Started process (PID=43174) to work on /Users/andreasanditya/Downloads/572392_Andreas_AirflowETL/code/.venv/lib/python3.9/site-packages/airflow/example_dags/example_workday_timetable.py
[2026-09-18T12:10:02.622+0700] {processor.py:914} INFO - Processing file /Users/andreasanditya/Downloads/572392_Andreas_AirflowETL/code/.venv/lib/python3.9/site-packages/airflow/example_dags/example_workday_timetable.py for tasks to queue
[2026-09-18T12:10:02.623+0700] {logging_mixin.py:190} INFO - [2026-09-18T12:10:02.623+0700] {dagbag.py:588} INFO - Filling up the DagBag from /Users/andreasanditya/Downloads/572392_Andreas_AirflowETL/code/.venv/lib/python3.9/site-packages/airflow/example_dags/example_workday_timetable.py
[2026-09-18T12:10:02.910+0700] {processor.py:925} INFO - DAG(s) 'example_workday_timetable' retrieved from /Users/andreasanditya/Downloads/572392_Andreas_AirflowETL/code/.venv/lib/python3.9/site-packages/airflow/example_dags/example_workday_timetable.py
[2026-09-18T12:10:02.977+0700] {logging_mixin.py:190} INFO - [2026-09-18T12:10:02.976+0700] {dag.py:3239} INFO - Sync 1 DAGs
[2026-09-18T12:10:03.038+0700] {logging_mixin.py:190} INFO - [2026-09-18T12:10:03.038+0700] {dag.py:4180} INFO - Setting next_dagrun for example_workday_timetable to 2021-01-04 00:00:00+00:00, run_after=2021-01-05 00:00:00+00:00
[2026-09-18T12:10:03.048+0700] {processor.py:208} INFO - Processing /Users/andreasanditya/Downloads/572392_Andreas_AirflowETL/code/.venv/lib/python3.9/site-packages/airflow/example_dags/example_workday_timetable.py took 0.430 seconds
[2026-09-18T12:11:28.980+0700] {processor.py:186} INFO - Started process (PID=44092) to work on /Users/andreasanditya/Downloads/572392_Andreas_AirflowETL/code/.venv/lib/python3.9/site-packages/airflow/example_dags/example_workday_timetable.py
[2026-09-18T12:11:28.981+0700] {processor.py:914} INFO - Processing file /Users/andreasanditya/Downloads/572392_Andreas_AirflowETL/code/.venv/lib/python3.9/site-packages/airflow/example_dags/example_workday_timetable.py for tasks to queue
[2026-09-18T12:11:28.981+0700] {logging_mixin.py:190} INFO - [2026-09-18T12:11:28.981+0700] {dagbag.py:588} INFO - Filling up the DagBag from /Users/andreasanditya/Downloads/572392_Andreas_AirflowETL/code/.venv/lib/python3.9/site-packages/airflow/example_dags/example_workday_timetable.py
[2026-09-18T12:11:29.278+0700] {processor.py:925} INFO - DAG(s) 'example_workday_timetable' retrieved from /Users/andreasanditya/Downloads/572392_Andreas_AirflowETL/code/.venv/lib/python3.9/site-packages/airflow/example_dags/example_workday_timetable.py
[2026-09-18T12:11:29.343+0700] {logging_mixin.py:190} INFO - [2026-09-18T12:11:29.343+0700] {dag.py:3239} INFO - Sync 1 DAGs
[2026-09-18T12:11:29.404+0700] {logging_mixin.py:190} INFO - [2026-09-18T12:11:29.404+0700] {dag.py:4180} INFO - Setting next_dagrun for example_workday_timetable to 2021-01-04 00:00:00+00:00, run_after=2021-01-05 00:00:00+00:00
[2026-09-18T12:11:29.415+0700] {processor.py:208} INFO - Processing /Users/andreasanditya/Downloads/572392_Andreas_AirflowETL/code/.venv/lib/python3.9/site-packages/airflow/example_dags/example_workday_timetable.py took 0.438 seconds
[2026-09-18T12:12:59.536+0700] {processor.py:186} INFO - Started process (PID=45638) to work on /Users/andreasanditya/Downloads/572392_Andreas_AirflowETL/code/.venv/lib/python3.9/site-packages/airflow/example_dags/example_workday_timetable.py
[2026-09-18T12:12:59.537+0700] {processor.py:914} INFO - Processing file /Users/andreasanditya/Downloads/572392_Andreas_AirflowETL/code/.venv/lib/python3.9/site-packages/airflow/example_dags/example_workday_timetable.py for tasks to queue
[2026-09-18T12:12:59.538+0700] {logging_mixin.py:190} INFO - [2026-09-18T12:12:59.538+0700] {dagbag.py:588} INFO - Filling up the DagBag from /Users/andreasanditya/Downloads/572392_Andreas_AirflowETL/code/.venv/lib/python3.9/site-packages/airflow/example_dags/example_workday_timetable.py
[2026-09-18T12:12:59.839+0700] {processor.py:925} INFO - DAG(s) 'example_workday_timetable' retrieved from /Users/andreasanditya/Downloads/572392_Andreas_AirflowETL/code/.venv/lib/python3.9/site-packages/airflow/example_dags/example_workday_timetable.py
[2026-09-18T12:12:59.904+0700] {logging_mixin.py:190} INFO - [2026-09-18T12:12:59.904+0700] {dag.py:3239} INFO - Sync 1 DAGs
[2026-09-18T12:12:59.995+0700] {logging_mixin.py:190} INFO - [2026-09-18T12:12:59.994+0700] {dag.py:4180} INFO - Setting next_dagrun for example_workday_timetable to 2021-01-04 00:00:00+00:00, run_after=2021-01-05 00:00:00+00:00
[2026-09-18T12:13:00.007+0700] {processor.py:208} INFO - Processing /Users/andreasanditya/Downloads/572392_Andreas_AirflowETL/code/.venv/lib/python3.9/site-packages/airflow/example_dags/example_workday_timetable.py took 0.473 seconds
[2026-09-18T12:14:27.654+0700] {processor.py:186} INFO - Started process (PID=46671) to work on /Users/andreasanditya/Downloads/572392_Andreas_AirflowETL/code/.venv/lib/python3.9/site-packages/airflow/example_dags/example_workday_timetable.py
[2026-09-18T12:14:27.655+0700] {processor.py:914} INFO - Processing file /Users/andreasanditya/Downloads/572392_Andreas_AirflowETL/code/.venv/lib/python3.9/site-packages/airflow/example_dags/example_workday_timetable.py for tasks to queue
[2026-09-18T12:14:27.656+0700] {logging_mixin.py:190} INFO - [2026-09-18T12:14:27.656+0700] {dagbag.py:588} INFO - Filling up the DagBag from /Users/andreasanditya/Downloads/572392_Andreas_AirflowETL/code/.venv/lib/python3.9/site-packages/airflow/example_dags/example_workday_timetable.py
[2026-09-18T12:14:27.948+0700] {processor.py:925} INFO - DAG(s) 'example_workday_timetable' retrieved from /Users/andreasanditya/Downloads/572392_Andreas_AirflowETL/code/.venv/lib/python3.9/site-packages/airflow/example_dags/example_workday_timetable.py
[2026-09-18T12:14:28.015+0700] {logging_mixin.py:190} INFO - [2026-09-18T12:14:28.014+0700] {dag.py:3239} INFO - Sync 1 DAGs
[2026-09-18T12:14:28.090+0700] {logging_mixin.py:190} INFO - [2026-09-18T12:14:28.090+0700] {dag.py:4180} INFO - Setting next_dagrun for example_workday_timetable to 2021-01-04 00:00:00+00:00, run_after=2021-01-05 00:00:00+00:00
[2026-09-18T12:14:28.100+0700] {processor.py:208} INFO - Processing /Users/andreasanditya/Downloads/572392_Andreas_AirflowETL/code/.venv/lib/python3.9/site-packages/airflow/example_dags/example_workday_timetable.py took 0.448 seconds
[2026-09-18T12:15:55.186+0700] {processor.py:186} INFO - Started process (PID=48314) to work on /Users/andreasanditya/Downloads/572392_Andreas_AirflowETL/code/.venv/lib/python3.9/site-packages/airflow/example_dags/example_workday_timetable.py
[2026-09-18T12:15:55.188+0700] {processor.py:914} INFO - Processing file /Users/andreasanditya/Downloads/572392_Andreas_AirflowETL/code/.venv/lib/python3.9/site-packages/airflow/example_dags/example_workday_timetable.py for tasks to queue
[2026-09-18T12:15:55.189+0700] {logging_mixin.py:190} INFO - [2026-09-18T12:15:55.189+0700] {dagbag.py:588} INFO - Filling up the DagBag from /Users/andreasanditya/Downloads/572392_Andreas_AirflowETL/code/.venv/lib/python3.9/site-packages/airflow/example_dags/example_workday_timetable.py
[2026-09-18T12:15:55.479+0700] {processor.py:925} INFO - DAG(s) 'example_workday_timetable' retrieved from /Users/andreasanditya/Downloads/572392_Andreas_AirflowETL/code/.venv/lib/python3.9/site-packages/airflow/example_dags/example_workday_timetable.py
[2026-09-18T12:15:55.547+0700] {logging_mixin.py:190} INFO - [2026-09-18T12:15:55.547+0700] {dag.py:3239} INFO - Sync 1 DAGs
[2026-09-18T12:15:55.622+0700] {logging_mixin.py:190} INFO - [2026-09-18T12:15:55.622+0700] {dag.py:4180} INFO - Setting next_dagrun for example_workday_timetable to 2021-01-04 00:00:00+00:00, run_after=2021-01-05 00:00:00+00:00
[2026-09-18T12:15:55.633+0700] {processor.py:208} INFO - Processing /Users/andreasanditya/Downloads/572392_Andreas_AirflowETL/code/.venv/lib/python3.9/site-packages/airflow/example_dags/example_workday_timetable.py took 0.448 seconds
[2026-09-18T12:17:23.065+0700] {processor.py:186} INFO - Started process (PID=49490) to work on /Users/andreasanditya/Downloads/572392_Andreas_AirflowETL/code/.venv/lib/python3.9/site-packages/airflow/example_dags/example_workday_timetable.py
[2026-09-18T12:17:23.066+0700] {processor.py:914} INFO - Processing file /Users/andreasanditya/Downloads/572392_Andreas_AirflowETL/code/.venv/lib/python3.9/site-packages/airflow/example_dags/example_workday_timetable.py for tasks to queue
[2026-09-18T12:17:23.067+0700] {logging_mixin.py:190} INFO - [2026-09-18T12:17:23.067+0700] {dagbag.py:588} INFO - Filling up the DagBag from /Users/andreasanditya/Downloads/572392_Andreas_AirflowETL/code/.venv/lib/python3.9/site-packages/airflow/example_dags/example_workday_timetable.py
[2026-09-18T12:17:23.369+0700] {processor.py:925} INFO - DAG(s) 'example_workday_timetable' retrieved from /Users/andreasanditya/Downloads/572392_Andreas_AirflowETL/code/.venv/lib/python3.9/site-packages/airflow/example_dags/example_workday_timetable.py
[2026-09-18T12:17:23.436+0700] {logging_mixin.py:190} INFO - [2026-09-18T12:17:23.436+0700] {dag.py:3239} INFO - Sync 1 DAGs
[2026-09-18T12:17:23.500+0700] {logging_mixin.py:190} INFO - [2026-09-18T12:17:23.500+0700] {dag.py:4180} INFO - Setting next_dagrun for example_workday_timetable to 2021-01-04 00:00:00+00:00, run_after=2021-01-05 00:00:00+00:00
[2026-09-18T12:17:23.511+0700] {processor.py:208} INFO - Processing /Users/andreasanditya/Downloads/572392_Andreas_AirflowETL/code/.venv/lib/python3.9/site-packages/airflow/example_dags/example_workday_timetable.py took 0.448 seconds
[2026-09-18T12:18:52.610+0700] {processor.py:186} INFO - Started process (PID=51312) to work on /Users/andreasanditya/Downloads/572392_Andreas_AirflowETL/code/.venv/lib/python3.9/site-packages/airflow/example_dags/example_workday_timetable.py
[2026-09-18T12:18:52.611+0700] {processor.py:914} INFO - Processing file /Users/andreasanditya/Downloads/572392_Andreas_AirflowETL/code/.venv/lib/python3.9/site-packages/airflow/example_dags/example_workday_timetable.py for tasks to queue
[2026-09-18T12:18:52.611+0700] {logging_mixin.py:190} INFO - [2026-09-18T12:18:52.611+0700] {dagbag.py:588} INFO - Filling up the DagBag from /Users/andreasanditya/Downloads/572392_Andreas_AirflowETL/code/.venv/lib/python3.9/site-packages/airflow/example_dags/example_workday_timetable.py
[2026-09-18T12:18:52.904+0700] {processor.py:925} INFO - DAG(s) 'example_workday_timetable' retrieved from /Users/andreasanditya/Downloads/572392_Andreas_AirflowETL/code/.venv/lib/python3.9/site-packages/airflow/example_dags/example_workday_timetable.py
[2026-09-18T12:18:52.971+0700] {logging_mixin.py:190} INFO - [2026-09-18T12:18:52.971+0700] {dag.py:3239} INFO - Sync 1 DAGs
[2026-09-18T12:18:53.046+0700] {logging_mixin.py:190} INFO - [2026-09-18T12:18:53.046+0700] {dag.py:4180} INFO - Setting next_dagrun for example_workday_timetable to 2021-01-04 00:00:00+00:00, run_after=2021-01-05 00:00:00+00:00
[2026-09-18T12:18:53.056+0700] {processor.py:208} INFO - Processing /Users/andreasanditya/Downloads/572392_Andreas_AirflowETL/code/.venv/lib/python3.9/site-packages/airflow/example_dags/example_workday_timetable.py took 0.448 seconds
[2026-09-18T12:20:20.687+0700] {processor.py:186} INFO - Started process (PID=52856) to work on /Users/andreasanditya/Downloads/572392_Andreas_AirflowETL/code/.venv/lib/python3.9/site-packages/airflow/example_dags/example_workday_timetable.py
[2026-09-18T12:20:20.688+0700] {processor.py:914} INFO - Processing file /Users/andreasanditya/Downloads/572392_Andreas_AirflowETL/code/.venv/lib/python3.9/site-packages/airflow/example_dags/example_workday_timetable.py for tasks to queue
[2026-09-18T12:20:20.688+0700] {logging_mixin.py:190} INFO - [2026-09-18T12:20:20.688+0700] {dagbag.py:588} INFO - Filling up the DagBag from /Users/andreasanditya/Downloads/572392_Andreas_AirflowETL/code/.venv/lib/python3.9/site-packages/airflow/example_dags/example_workday_timetable.py
[2026-09-18T12:20:20.988+0700] {processor.py:925} INFO - DAG(s) 'example_workday_timetable' retrieved from /Users/andreasanditya/Downloads/572392_Andreas_AirflowETL/code/.venv/lib/python3.9/site-packages/airflow/example_dags/example_workday_timetable.py
[2026-09-18T12:20:21.057+0700] {logging_mixin.py:190} INFO - [2026-09-18T12:20:21.057+0700] {dag.py:3239} INFO - Sync 1 DAGs
[2026-09-18T12:20:21.139+0700] {logging_mixin.py:190} INFO - [2026-09-18T12:20:21.138+0700] {dag.py:4180} INFO - Setting next_dagrun for example_workday_timetable to 2021-01-04 00:00:00+00:00, run_after=2021-01-05 00:00:00+00:00
[2026-09-18T12:20:21.150+0700] {processor.py:208} INFO - Processing /Users/andreasanditya/Downloads/572392_Andreas_AirflowETL/code/.venv/lib/python3.9/site-packages/airflow/example_dags/example_workday_timetable.py took 0.465 seconds
[2026-09-18T12:21:48.443+0700] {processor.py:186} INFO - Started process (PID=53852) to work on /Users/andreasanditya/Downloads/572392_Andreas_AirflowETL/code/.venv/lib/python3.9/site-packages/airflow/example_dags/example_workday_timetable.py
[2026-09-18T12:21:48.444+0700] {processor.py:914} INFO - Processing file /Users/andreasanditya/Downloads/572392_Andreas_AirflowETL/code/.venv/lib/python3.9/site-packages/airflow/example_dags/example_workday_timetable.py for tasks to queue
[2026-09-18T12:21:48.444+0700] {logging_mixin.py:190} INFO - [2026-09-18T12:21:48.444+0700] {dagbag.py:588} INFO - Filling up the DagBag from /Users/andreasanditya/Downloads/572392_Andreas_AirflowETL/code/.venv/lib/python3.9/site-packages/airflow/example_dags/example_workday_timetable.py
[2026-09-18T12:21:48.729+0700] {processor.py:925} INFO - DAG(s) 'example_workday_timetable' retrieved from /Users/andreasanditya/Downloads/572392_Andreas_AirflowETL/code/.venv/lib/python3.9/site-packages/airflow/example_dags/example_workday_timetable.py
[2026-09-18T12:21:48.795+0700] {logging_mixin.py:190} INFO - [2026-09-18T12:21:48.795+0700] {dag.py:3239} INFO - Sync 1 DAGs
[2026-09-18T12:21:48.873+0700] {logging_mixin.py:190} INFO - [2026-09-18T12:21:48.873+0700] {dag.py:4180} INFO - Setting next_dagrun for example_workday_timetable to 2021-01-04 00:00:00+00:00, run_after=2021-01-05 00:00:00+00:00
[2026-09-18T12:21:48.888+0700] {processor.py:208} INFO - Processing /Users/andreasanditya/Downloads/572392_Andreas_AirflowETL/code/.venv/lib/python3.9/site-packages/airflow/example_dags/example_workday_timetable.py took 0.448 seconds
[2026-09-18T12:23:15.168+0700] {processor.py:186} INFO - Started process (PID=54765) to work on /Users/andreasanditya/Downloads/572392_Andreas_AirflowETL/code/.venv/lib/python3.9/site-packages/airflow/example_dags/example_workday_timetable.py
[2026-09-18T12:23:15.169+0700] {processor.py:914} INFO - Processing file /Users/andreasanditya/Downloads/572392_Andreas_AirflowETL/code/.venv/lib/python3.9/site-packages/airflow/example_dags/example_workday_timetable.py for tasks to queue
[2026-09-18T12:23:15.170+0700] {logging_mixin.py:190} INFO - [2026-09-18T12:23:15.170+0700] {dagbag.py:588} INFO - Filling up the DagBag from /Users/andreasanditya/Downloads/572392_Andreas_AirflowETL/code/.venv/lib/python3.9/site-packages/airflow/example_dags/example_workday_timetable.py
[2026-09-18T12:23:15.470+0700] {processor.py:925} INFO - DAG(s) 'example_workday_timetable' retrieved from /Users/andreasanditya/Downloads/572392_Andreas_AirflowETL/code/.venv/lib/python3.9/site-packages/airflow/example_dags/example_workday_timetable.py
[2026-09-18T12:23:15.537+0700] {logging_mixin.py:190} INFO - [2026-09-18T12:23:15.537+0700] {dag.py:3239} INFO - Sync 1 DAGs
[2026-09-18T12:23:15.600+0700] {logging_mixin.py:190} INFO - [2026-09-18T12:23:15.600+0700] {dag.py:4180} INFO - Setting next_dagrun for example_workday_timetable to 2021-01-04 00:00:00+00:00, run_after=2021-01-05 00:00:00+00:00
[2026-09-18T12:23:15.610+0700] {processor.py:208} INFO - Processing /Users/andreasanditya/Downloads/572392_Andreas_AirflowETL/code/.venv/lib/python3.9/site-packages/airflow/example_dags/example_workday_timetable.py took 0.445 seconds
[2026-09-18T12:24:41.503+0700] {processor.py:186} INFO - Started process (PID=55620) to work on /Users/andreasanditya/Downloads/572392_Andreas_AirflowETL/code/.venv/lib/python3.9/site-packages/airflow/example_dags/example_workday_timetable.py
[2026-09-18T12:24:41.504+0700] {processor.py:914} INFO - Processing file /Users/andreasanditya/Downloads/572392_Andreas_AirflowETL/code/.venv/lib/python3.9/site-packages/airflow/example_dags/example_workday_timetable.py for tasks to queue
[2026-09-18T12:24:41.505+0700] {logging_mixin.py:190} INFO - [2026-09-18T12:24:41.505+0700] {dagbag.py:588} INFO - Filling up the DagBag from /Users/andreasanditya/Downloads/572392_Andreas_AirflowETL/code/.venv/lib/python3.9/site-packages/airflow/example_dags/example_workday_timetable.py
[2026-09-18T12:24:41.786+0700] {processor.py:925} INFO - DAG(s) 'example_workday_timetable' retrieved from /Users/andreasanditya/Downloads/572392_Andreas_AirflowETL/code/.venv/lib/python3.9/site-packages/airflow/example_dags/example_workday_timetable.py
[2026-09-18T12:24:41.853+0700] {logging_mixin.py:190} INFO - [2026-09-18T12:24:41.852+0700] {dag.py:3239} INFO - Sync 1 DAGs
[2026-09-18T12:24:41.912+0700] {logging_mixin.py:190} INFO - [2026-09-18T12:24:41.912+0700] {dag.py:4180} INFO - Setting next_dagrun for example_workday_timetable to 2021-01-04 00:00:00+00:00, run_after=2021-01-05 00:00:00+00:00
[2026-09-18T12:24:41.924+0700] {processor.py:208} INFO - Processing /Users/andreasanditya/Downloads/572392_Andreas_AirflowETL/code/.venv/lib/python3.9/site-packages/airflow/example_dags/example_workday_timetable.py took 0.423 seconds
[2026-09-18T12:26:08.230+0700] {processor.py:186} INFO - Started process (PID=56598) to work on /Users/andreasanditya/Downloads/572392_Andreas_AirflowETL/code/.venv/lib/python3.9/site-packages/airflow/example_dags/example_workday_timetable.py
[2026-09-18T12:26:08.231+0700] {processor.py:914} INFO - Processing file /Users/andreasanditya/Downloads/572392_Andreas_AirflowETL/code/.venv/lib/python3.9/site-packages/airflow/example_dags/example_workday_timetable.py for tasks to queue
[2026-09-18T12:26:08.232+0700] {logging_mixin.py:190} INFO - [2026-09-18T12:26:08.232+0700] {dagbag.py:588} INFO - Filling up the DagBag from /Users/andreasanditya/Downloads/572392_Andreas_AirflowETL/code/.venv/lib/python3.9/site-packages/airflow/example_dags/example_workday_timetable.py
[2026-09-18T12:26:08.522+0700] {processor.py:925} INFO - DAG(s) 'example_workday_timetable' retrieved from /Users/andreasanditya/Downloads/572392_Andreas_AirflowETL/code/.venv/lib/python3.9/site-packages/airflow/example_dags/example_workday_timetable.py
[2026-09-18T12:26:08.588+0700] {logging_mixin.py:190} INFO - [2026-09-18T12:26:08.588+0700] {dag.py:3239} INFO - Sync 1 DAGs
[2026-09-18T12:26:08.673+0700] {logging_mixin.py:190} INFO - [2026-09-18T12:26:08.673+0700] {dag.py:4180} INFO - Setting next_dagrun for example_workday_timetable to 2021-01-04 00:00:00+00:00, run_after=2021-01-05 00:00:00+00:00
[2026-09-18T12:26:08.685+0700] {processor.py:208} INFO - Processing /Users/andreasanditya/Downloads/572392_Andreas_AirflowETL/code/.venv/lib/python3.9/site-packages/airflow/example_dags/example_workday_timetable.py took 0.456 seconds
[2026-09-18T12:27:34.649+0700] {processor.py:186} INFO - Started process (PID=57431) to work on /Users/andreasanditya/Downloads/572392_Andreas_AirflowETL/code/.venv/lib/python3.9/site-packages/airflow/example_dags/example_workday_timetable.py
[2026-09-18T12:27:34.650+0700] {processor.py:914} INFO - Processing file /Users/andreasanditya/Downloads/572392_Andreas_AirflowETL/code/.venv/lib/python3.9/site-packages/airflow/example_dags/example_workday_timetable.py for tasks to queue
[2026-09-18T12:27:34.650+0700] {logging_mixin.py:190} INFO - [2026-09-18T12:27:34.650+0700] {dagbag.py:588} INFO - Filling up the DagBag from /Users/andreasanditya/Downloads/572392_Andreas_AirflowETL/code/.venv/lib/python3.9/site-packages/airflow/example_dags/example_workday_timetable.py
[2026-09-18T12:27:34.933+0700] {processor.py:925} INFO - DAG(s) 'example_workday_timetable' retrieved from /Users/andreasanditya/Downloads/572392_Andreas_AirflowETL/code/.venv/lib/python3.9/site-packages/airflow/example_dags/example_workday_timetable.py
[2026-09-18T12:27:34.999+0700] {logging_mixin.py:190} INFO - [2026-09-18T12:27:34.999+0700] {dag.py:3239} INFO - Sync 1 DAGs
[2026-09-18T12:27:35.058+0700] {logging_mixin.py:190} INFO - [2026-09-18T12:27:35.058+0700] {dag.py:4180} INFO - Setting next_dagrun for example_workday_timetable to 2021-01-04 00:00:00+00:00, run_after=2021-01-05 00:00:00+00:00
[2026-09-18T12:27:35.070+0700] {processor.py:208} INFO - Processing /Users/andreasanditya/Downloads/572392_Andreas_AirflowETL/code/.venv/lib/python3.9/site-packages/airflow/example_dags/example_workday_timetable.py took 0.423 seconds
[2026-09-18T12:29:00.314+0700] {processor.py:186} INFO - Started process (PID=58370) to work on /Users/andreasanditya/Downloads/572392_Andreas_AirflowETL/code/.venv/lib/python3.9/site-packages/airflow/example_dags/example_workday_timetable.py
[2026-09-18T12:29:00.314+0700] {processor.py:914} INFO - Processing file /Users/andreasanditya/Downloads/572392_Andreas_AirflowETL/code/.venv/lib/python3.9/site-packages/airflow/example_dags/example_workday_timetable.py for tasks to queue
[2026-09-18T12:29:00.315+0700] {logging_mixin.py:190} INFO - [2026-09-18T12:29:00.315+0700] {dagbag.py:588} INFO - Filling up the DagBag from /Users/andreasanditya/Downloads/572392_Andreas_AirflowETL/code/.venv/lib/python3.9/site-packages/airflow/example_dags/example_workday_timetable.py
[2026-09-18T12:29:00.603+0700] {processor.py:925} INFO - DAG(s) 'example_workday_timetable' retrieved from /Users/andreasanditya/Downloads/572392_Andreas_AirflowETL/code/.venv/lib/python3.9/site-packages/airflow/example_dags/example_workday_timetable.py
[2026-09-18T12:29:00.668+0700] {logging_mixin.py:190} INFO - [2026-09-18T12:29:00.668+0700] {dag.py:3239} INFO - Sync 1 DAGs
[2026-09-18T12:29:00.728+0700] {logging_mixin.py:190} INFO - [2026-09-18T12:29:00.728+0700] {dag.py:4180} INFO - Setting next_dagrun for example_workday_timetable to 2021-01-04 00:00:00+00:00, run_after=2021-01-05 00:00:00+00:00
[2026-09-18T12:29:00.739+0700] {processor.py:208} INFO - Processing /Users/andreasanditya/Downloads/572392_Andreas_AirflowETL/code/.venv/lib/python3.9/site-packages/airflow/example_dags/example_workday_timetable.py took 0.427 seconds
[2026-09-18T12:30:24.272+0700] {processor.py:186} INFO - Started process (PID=59199) to work on /Users/andreasanditya/Downloads/572392_Andreas_AirflowETL/code/.venv/lib/python3.9/site-packages/airflow/example_dags/example_workday_timetable.py
[2026-09-18T12:30:24.273+0700] {processor.py:914} INFO - Processing file /Users/andreasanditya/Downloads/572392_Andreas_AirflowETL/code/.venv/lib/python3.9/site-packages/airflow/example_dags/example_workday_timetable.py for tasks to queue
[2026-09-18T12:30:24.274+0700] {logging_mixin.py:190} INFO - [2026-09-18T12:30:24.273+0700] {dagbag.py:588} INFO - Filling up the DagBag from /Users/andreasanditya/Downloads/572392_Andreas_AirflowETL/code/.venv/lib/python3.9/site-packages/airflow/example_dags/example_workday_timetable.py
[2026-09-18T12:30:24.557+0700] {processor.py:925} INFO - DAG(s) 'example_workday_timetable' retrieved from /Users/andreasanditya/Downloads/572392_Andreas_AirflowETL/code/.venv/lib/python3.9/site-packages/airflow/example_dags/example_workday_timetable.py
[2026-09-18T12:30:24.623+0700] {logging_mixin.py:190} INFO - [2026-09-18T12:30:24.622+0700] {dag.py:3239} INFO - Sync 1 DAGs
[2026-09-18T12:30:24.683+0700] {logging_mixin.py:190} INFO - [2026-09-18T12:30:24.683+0700] {dag.py:4180} INFO - Setting next_dagrun for example_workday_timetable to 2021-01-04 00:00:00+00:00, run_after=2021-01-05 00:00:00+00:00
[2026-09-18T12:30:24.694+0700] {processor.py:208} INFO - Processing /Users/andreasanditya/Downloads/572392_Andreas_AirflowETL/code/.venv/lib/python3.9/site-packages/airflow/example_dags/example_workday_timetable.py took 0.424 seconds
[2026-09-18T12:31:45.520+0700] {processor.py:186} INFO - Started process (PID=60031) to work on /Users/andreasanditya/Downloads/572392_Andreas_AirflowETL/code/.venv/lib/python3.9/site-packages/airflow/example_dags/example_workday_timetable.py
[2026-09-18T12:31:45.522+0700] {processor.py:914} INFO - Processing file /Users/andreasanditya/Downloads/572392_Andreas_AirflowETL/code/.venv/lib/python3.9/site-packages/airflow/example_dags/example_workday_timetable.py for tasks to queue
[2026-09-18T12:31:45.522+0700] {logging_mixin.py:190} INFO - [2026-09-18T12:31:45.522+0700] {dagbag.py:588} INFO - Filling up the DagBag from /Users/andreasanditya/Downloads/572392_Andreas_AirflowETL/code/.venv/lib/python3.9/site-packages/airflow/example_dags/example_workday_timetable.py
[2026-09-18T12:31:45.806+0700] {processor.py:925} INFO - DAG(s) 'example_workday_timetable' retrieved from /Users/andreasanditya/Downloads/572392_Andreas_AirflowETL/code/.venv/lib/python3.9/site-packages/airflow/example_dags/example_workday_timetable.py
[2026-09-18T12:31:45.872+0700] {logging_mixin.py:190} INFO - [2026-09-18T12:31:45.872+0700] {dag.py:3239} INFO - Sync 1 DAGs
[2026-09-18T12:31:45.932+0700] {logging_mixin.py:190} INFO - [2026-09-18T12:31:45.932+0700] {dag.py:4180} INFO - Setting next_dagrun for example_workday_timetable to 2021-01-04 00:00:00+00:00, run_after=2021-01-05 00:00:00+00:00
[2026-09-18T12:31:45.942+0700] {processor.py:208} INFO - Processing /Users/andreasanditya/Downloads/572392_Andreas_AirflowETL/code/.venv/lib/python3.9/site-packages/airflow/example_dags/example_workday_timetable.py took 0.424 seconds
[2026-09-18T12:33:12.438+0700] {processor.py:186} INFO - Started process (PID=60949) to work on /Users/andreasanditya/Downloads/572392_Andreas_AirflowETL/code/.venv/lib/python3.9/site-packages/airflow/example_dags/example_workday_timetable.py
[2026-09-18T12:33:12.439+0700] {processor.py:914} INFO - Processing file /Users/andreasanditya/Downloads/572392_Andreas_AirflowETL/code/.venv/lib/python3.9/site-packages/airflow/example_dags/example_workday_timetable.py for tasks to queue
[2026-09-18T12:33:12.440+0700] {logging_mixin.py:190} INFO - [2026-09-18T12:33:12.440+0700] {dagbag.py:588} INFO - Filling up the DagBag from /Users/andreasanditya/Downloads/572392_Andreas_AirflowETL/code/.venv/lib/python3.9/site-packages/airflow/example_dags/example_workday_timetable.py
[2026-09-18T12:33:12.730+0700] {processor.py:925} INFO - DAG(s) 'example_workday_timetable' retrieved from /Users/andreasanditya/Downloads/572392_Andreas_AirflowETL/code/.venv/lib/python3.9/site-packages/airflow/example_dags/example_workday_timetable.py
[2026-09-18T12:33:12.795+0700] {logging_mixin.py:190} INFO - [2026-09-18T12:33:12.795+0700] {dag.py:3239} INFO - Sync 1 DAGs
[2026-09-18T12:33:12.855+0700] {logging_mixin.py:190} INFO - [2026-09-18T12:33:12.855+0700] {dag.py:4180} INFO - Setting next_dagrun for example_workday_timetable to 2021-01-04 00:00:00+00:00, run_after=2021-01-05 00:00:00+00:00
[2026-09-18T12:33:12.865+0700] {processor.py:208} INFO - Processing /Users/andreasanditya/Downloads/572392_Andreas_AirflowETL/code/.venv/lib/python3.9/site-packages/airflow/example_dags/example_workday_timetable.py took 0.429 seconds
[2026-09-18T12:34:38.546+0700] {processor.py:186} INFO - Started process (PID=61800) to work on /Users/andreasanditya/Downloads/572392_Andreas_AirflowETL/code/.venv/lib/python3.9/site-packages/airflow/example_dags/example_workday_timetable.py
[2026-09-18T12:34:38.547+0700] {processor.py:914} INFO - Processing file /Users/andreasanditya/Downloads/572392_Andreas_AirflowETL/code/.venv/lib/python3.9/site-packages/airflow/example_dags/example_workday_timetable.py for tasks to queue
[2026-09-18T12:34:38.547+0700] {logging_mixin.py:190} INFO - [2026-09-18T12:34:38.547+0700] {dagbag.py:588} INFO - Filling up the DagBag from /Users/andreasanditya/Downloads/572392_Andreas_AirflowETL/code/.venv/lib/python3.9/site-packages/airflow/example_dags/example_workday_timetable.py
[2026-09-18T12:34:38.829+0700] {processor.py:925} INFO - DAG(s) 'example_workday_timetable' retrieved from /Users/andreasanditya/Downloads/572392_Andreas_AirflowETL/code/.venv/lib/python3.9/site-packages/airflow/example_dags/example_workday_timetable.py
[2026-09-18T12:34:38.894+0700] {logging_mixin.py:190} INFO - [2026-09-18T12:34:38.894+0700] {dag.py:3239} INFO - Sync 1 DAGs
[2026-09-18T12:34:38.954+0700] {logging_mixin.py:190} INFO - [2026-09-18T12:34:38.954+0700] {dag.py:4180} INFO - Setting next_dagrun for example_workday_timetable to 2021-01-04 00:00:00+00:00, run_after=2021-01-05 00:00:00+00:00
[2026-09-18T12:34:38.965+0700] {processor.py:208} INFO - Processing /Users/andreasanditya/Downloads/572392_Andreas_AirflowETL/code/.venv/lib/python3.9/site-packages/airflow/example_dags/example_workday_timetable.py took 0.421 seconds
[2026-09-18T12:36:02.079+0700] {processor.py:186} INFO - Started process (PID=62636) to work on /Users/andreasanditya/Downloads/572392_Andreas_AirflowETL/code/.venv/lib/python3.9/site-packages/airflow/example_dags/example_workday_timetable.py
[2026-09-18T12:36:02.080+0700] {processor.py:914} INFO - Processing file /Users/andreasanditya/Downloads/572392_Andreas_AirflowETL/code/.venv/lib/python3.9/site-packages/airflow/example_dags/example_workday_timetable.py for tasks to queue
[2026-09-18T12:36:02.081+0700] {logging_mixin.py:190} INFO - [2026-09-18T12:36:02.081+0700] {dagbag.py:588} INFO - Filling up the DagBag from /Users/andreasanditya/Downloads/572392_Andreas_AirflowETL/code/.venv/lib/python3.9/site-packages/airflow/example_dags/example_workday_timetable.py
[2026-09-18T12:36:02.366+0700] {processor.py:925} INFO - DAG(s) 'example_workday_timetable' retrieved from /Users/andreasanditya/Downloads/572392_Andreas_AirflowETL/code/.venv/lib/python3.9/site-packages/airflow/example_dags/example_workday_timetable.py
[2026-09-18T12:36:02.433+0700] {logging_mixin.py:190} INFO - [2026-09-18T12:36:02.432+0700] {dag.py:3239} INFO - Sync 1 DAGs
[2026-09-18T12:36:02.493+0700] {logging_mixin.py:190} INFO - [2026-09-18T12:36:02.493+0700] {dag.py:4180} INFO - Setting next_dagrun for example_workday_timetable to 2021-01-04 00:00:00+00:00, run_after=2021-01-05 00:00:00+00:00
[2026-09-18T12:36:02.503+0700] {processor.py:208} INFO - Processing /Users/andreasanditya/Downloads/572392_Andreas_AirflowETL/code/.venv/lib/python3.9/site-packages/airflow/example_dags/example_workday_timetable.py took 0.426 seconds
[2026-09-18T12:37:28.666+0700] {processor.py:186} INFO - Started process (PID=63575) to work on /Users/andreasanditya/Downloads/572392_Andreas_AirflowETL/code/.venv/lib/python3.9/site-packages/airflow/example_dags/example_workday_timetable.py
[2026-09-18T12:37:28.667+0700] {processor.py:914} INFO - Processing file /Users/andreasanditya/Downloads/572392_Andreas_AirflowETL/code/.venv/lib/python3.9/site-packages/airflow/example_dags/example_workday_timetable.py for tasks to queue
[2026-09-18T12:37:28.667+0700] {logging_mixin.py:190} INFO - [2026-09-18T12:37:28.667+0700] {dagbag.py:588} INFO - Filling up the DagBag from /Users/andreasanditya/Downloads/572392_Andreas_AirflowETL/code/.venv/lib/python3.9/site-packages/airflow/example_dags/example_workday_timetable.py
[2026-09-18T12:37:28.959+0700] {processor.py:925} INFO - DAG(s) 'example_workday_timetable' retrieved from /Users/andreasanditya/Downloads/572392_Andreas_AirflowETL/code/.venv/lib/python3.9/site-packages/airflow/example_dags/example_workday_timetable.py
[2026-09-18T12:37:29.025+0700] {logging_mixin.py:190} INFO - [2026-09-18T12:37:29.025+0700] {dag.py:3239} INFO - Sync 1 DAGs
[2026-09-18T12:37:29.086+0700] {logging_mixin.py:190} INFO - [2026-09-18T12:37:29.086+0700] {dag.py:4180} INFO - Setting next_dagrun for example_workday_timetable to 2021-01-04 00:00:00+00:00, run_after=2021-01-05 00:00:00+00:00
[2026-09-18T12:37:29.097+0700] {processor.py:208} INFO - Processing /Users/andreasanditya/Downloads/572392_Andreas_AirflowETL/code/.venv/lib/python3.9/site-packages/airflow/example_dags/example_workday_timetable.py took 0.433 seconds
[2026-09-18T12:38:55.507+0700] {processor.py:186} INFO - Started process (PID=64399) to work on /Users/andreasanditya/Downloads/572392_Andreas_AirflowETL/code/.venv/lib/python3.9/site-packages/airflow/example_dags/example_workday_timetable.py
[2026-09-18T12:38:55.508+0700] {processor.py:914} INFO - Processing file /Users/andreasanditya/Downloads/572392_Andreas_AirflowETL/code/.venv/lib/python3.9/site-packages/airflow/example_dags/example_workday_timetable.py for tasks to queue
[2026-09-18T12:38:55.509+0700] {logging_mixin.py:190} INFO - [2026-09-18T12:38:55.508+0700] {dagbag.py:588} INFO - Filling up the DagBag from /Users/andreasanditya/Downloads/572392_Andreas_AirflowETL/code/.venv/lib/python3.9/site-packages/airflow/example_dags/example_workday_timetable.py
[2026-09-18T12:38:55.799+0700] {processor.py:925} INFO - DAG(s) 'example_workday_timetable' retrieved from /Users/andreasanditya/Downloads/572392_Andreas_AirflowETL/code/.venv/lib/python3.9/site-packages/airflow/example_dags/example_workday_timetable.py
[2026-09-18T12:38:55.864+0700] {logging_mixin.py:190} INFO - [2026-09-18T12:38:55.864+0700] {dag.py:3239} INFO - Sync 1 DAGs
[2026-09-18T12:38:55.923+0700] {logging_mixin.py:190} INFO - [2026-09-18T12:38:55.923+0700] {dag.py:4180} INFO - Setting next_dagrun for example_workday_timetable to 2021-01-04 00:00:00+00:00, run_after=2021-01-05 00:00:00+00:00
[2026-09-18T12:38:55.933+0700] {processor.py:208} INFO - Processing /Users/andreasanditya/Downloads/572392_Andreas_AirflowETL/code/.venv/lib/python3.9/site-packages/airflow/example_dags/example_workday_timetable.py took 0.428 seconds
[2026-09-18T12:40:24.139+0700] {processor.py:186} INFO - Started process (PID=65321) to work on /Users/andreasanditya/Downloads/572392_Andreas_AirflowETL/code/.venv/lib/python3.9/site-packages/airflow/example_dags/example_workday_timetable.py
[2026-09-18T12:40:24.140+0700] {processor.py:914} INFO - Processing file /Users/andreasanditya/Downloads/572392_Andreas_AirflowETL/code/.venv/lib/python3.9/site-packages/airflow/example_dags/example_workday_timetable.py for tasks to queue
[2026-09-18T12:40:24.141+0700] {logging_mixin.py:190} INFO - [2026-09-18T12:40:24.141+0700] {dagbag.py:588} INFO - Filling up the DagBag from /Users/andreasanditya/Downloads/572392_Andreas_AirflowETL/code/.venv/lib/python3.9/site-packages/airflow/example_dags/example_workday_timetable.py
[2026-09-18T12:40:24.435+0700] {processor.py:925} INFO - DAG(s) 'example_workday_timetable' retrieved from /Users/andreasanditya/Downloads/572392_Andreas_AirflowETL/code/.venv/lib/python3.9/site-packages/airflow/example_dags/example_workday_timetable.py
[2026-09-18T12:40:24.501+0700] {logging_mixin.py:190} INFO - [2026-09-18T12:40:24.501+0700] {dag.py:3239} INFO - Sync 1 DAGs
[2026-09-18T12:40:24.561+0700] {logging_mixin.py:190} INFO - [2026-09-18T12:40:24.561+0700] {dag.py:4180} INFO - Setting next_dagrun for example_workday_timetable to 2021-01-04 00:00:00+00:00, run_after=2021-01-05 00:00:00+00:00
[2026-09-18T12:40:24.571+0700] {processor.py:208} INFO - Processing /Users/andreasanditya/Downloads/572392_Andreas_AirflowETL/code/.venv/lib/python3.9/site-packages/airflow/example_dags/example_workday_timetable.py took 0.434 seconds
[2026-09-18T12:41:50.803+0700] {processor.py:186} INFO - Started process (PID=66232) to work on /Users/andreasanditya/Downloads/572392_Andreas_AirflowETL/code/.venv/lib/python3.9/site-packages/airflow/example_dags/example_workday_timetable.py
[2026-09-18T12:41:50.804+0700] {processor.py:914} INFO - Processing file /Users/andreasanditya/Downloads/572392_Andreas_AirflowETL/code/.venv/lib/python3.9/site-packages/airflow/example_dags/example_workday_timetable.py for tasks to queue
[2026-09-18T12:41:50.805+0700] {logging_mixin.py:190} INFO - [2026-09-18T12:41:50.805+0700] {dagbag.py:588} INFO - Filling up the DagBag from /Users/andreasanditya/Downloads/572392_Andreas_AirflowETL/code/.venv/lib/python3.9/site-packages/airflow/example_dags/example_workday_timetable.py
[2026-09-18T12:41:51.089+0700] {processor.py:925} INFO - DAG(s) 'example_workday_timetable' retrieved from /Users/andreasanditya/Downloads/572392_Andreas_AirflowETL/code/.venv/lib/python3.9/site-packages/airflow/example_dags/example_workday_timetable.py
[2026-09-18T12:41:51.155+0700] {logging_mixin.py:190} INFO - [2026-09-18T12:41:51.155+0700] {dag.py:3239} INFO - Sync 1 DAGs
[2026-09-18T12:41:51.214+0700] {logging_mixin.py:190} INFO - [2026-09-18T12:41:51.214+0700] {dag.py:4180} INFO - Setting next_dagrun for example_workday_timetable to 2021-01-04 00:00:00+00:00, run_after=2021-01-05 00:00:00+00:00
[2026-09-18T12:41:51.224+0700] {processor.py:208} INFO - Processing /Users/andreasanditya/Downloads/572392_Andreas_AirflowETL/code/.venv/lib/python3.9/site-packages/airflow/example_dags/example_workday_timetable.py took 0.423 seconds
[2026-09-18T12:43:15.123+0700] {processor.py:186} INFO - Started process (PID=67073) to work on /Users/andreasanditya/Downloads/572392_Andreas_AirflowETL/code/.venv/lib/python3.9/site-packages/airflow/example_dags/example_workday_timetable.py
[2026-09-18T12:43:15.124+0700] {processor.py:914} INFO - Processing file /Users/andreasanditya/Downloads/572392_Andreas_AirflowETL/code/.venv/lib/python3.9/site-packages/airflow/example_dags/example_workday_timetable.py for tasks to queue
[2026-09-18T12:43:15.124+0700] {logging_mixin.py:190} INFO - [2026-09-18T12:43:15.124+0700] {dagbag.py:588} INFO - Filling up the DagBag from /Users/andreasanditya/Downloads/572392_Andreas_AirflowETL/code/.venv/lib/python3.9/site-packages/airflow/example_dags/example_workday_timetable.py
[2026-09-18T12:43:15.404+0700] {processor.py:925} INFO - DAG(s) 'example_workday_timetable' retrieved from /Users/andreasanditya/Downloads/572392_Andreas_AirflowETL/code/.venv/lib/python3.9/site-packages/airflow/example_dags/example_workday_timetable.py
[2026-09-18T12:43:15.475+0700] {logging_mixin.py:190} INFO - [2026-09-18T12:43:15.474+0700] {dag.py:3239} INFO - Sync 1 DAGs
[2026-09-18T12:43:15.535+0700] {logging_mixin.py:190} INFO - [2026-09-18T12:43:15.535+0700] {dag.py:4180} INFO - Setting next_dagrun for example_workday_timetable to 2021-01-04 00:00:00+00:00, run_after=2021-01-05 00:00:00+00:00
[2026-09-18T12:43:15.545+0700] {processor.py:208} INFO - Processing /Users/andreasanditya/Downloads/572392_Andreas_AirflowETL/code/.venv/lib/python3.9/site-packages/airflow/example_dags/example_workday_timetable.py took 0.425 seconds
[2026-09-18T12:44:42.376+0700] {processor.py:186} INFO - Started process (PID=67986) to work on /Users/andreasanditya/Downloads/572392_Andreas_AirflowETL/code/.venv/lib/python3.9/site-packages/airflow/example_dags/example_workday_timetable.py
[2026-09-18T12:44:42.377+0700] {processor.py:914} INFO - Processing file /Users/andreasanditya/Downloads/572392_Andreas_AirflowETL/code/.venv/lib/python3.9/site-packages/airflow/example_dags/example_workday_timetable.py for tasks to queue
[2026-09-18T12:44:42.378+0700] {logging_mixin.py:190} INFO - [2026-09-18T12:44:42.378+0700] {dagbag.py:588} INFO - Filling up the DagBag from /Users/andreasanditya/Downloads/572392_Andreas_AirflowETL/code/.venv/lib/python3.9/site-packages/airflow/example_dags/example_workday_timetable.py
[2026-09-18T12:44:42.664+0700] {processor.py:925} INFO - DAG(s) 'example_workday_timetable' retrieved from /Users/andreasanditya/Downloads/572392_Andreas_AirflowETL/code/.venv/lib/python3.9/site-packages/airflow/example_dags/example_workday_timetable.py
[2026-09-18T12:44:42.730+0700] {logging_mixin.py:190} INFO - [2026-09-18T12:44:42.730+0700] {dag.py:3239} INFO - Sync 1 DAGs
[2026-09-18T12:44:42.790+0700] {logging_mixin.py:190} INFO - [2026-09-18T12:44:42.790+0700] {dag.py:4180} INFO - Setting next_dagrun for example_workday_timetable to 2021-01-04 00:00:00+00:00, run_after=2021-01-05 00:00:00+00:00
[2026-09-18T12:44:42.800+0700] {processor.py:208} INFO - Processing /Users/andreasanditya/Downloads/572392_Andreas_AirflowETL/code/.venv/lib/python3.9/site-packages/airflow/example_dags/example_workday_timetable.py took 0.426 seconds
[2026-09-18T12:46:08.862+0700] {processor.py:186} INFO - Started process (PID=68825) to work on /Users/andreasanditya/Downloads/572392_Andreas_AirflowETL/code/.venv/lib/python3.9/site-packages/airflow/example_dags/example_workday_timetable.py
[2026-09-18T12:46:08.863+0700] {processor.py:914} INFO - Processing file /Users/andreasanditya/Downloads/572392_Andreas_AirflowETL/code/.venv/lib/python3.9/site-packages/airflow/example_dags/example_workday_timetable.py for tasks to queue
[2026-09-18T12:46:08.864+0700] {logging_mixin.py:190} INFO - [2026-09-18T12:46:08.864+0700] {dagbag.py:588} INFO - Filling up the DagBag from /Users/andreasanditya/Downloads/572392_Andreas_AirflowETL/code/.venv/lib/python3.9/site-packages/airflow/example_dags/example_workday_timetable.py
[2026-09-18T12:46:09.143+0700] {processor.py:925} INFO - DAG(s) 'example_workday_timetable' retrieved from /Users/andreasanditya/Downloads/572392_Andreas_AirflowETL/code/.venv/lib/python3.9/site-packages/airflow/example_dags/example_workday_timetable.py
[2026-09-18T12:46:09.211+0700] {logging_mixin.py:190} INFO - [2026-09-18T12:46:09.211+0700] {dag.py:3239} INFO - Sync 1 DAGs
[2026-09-18T12:46:09.272+0700] {logging_mixin.py:190} INFO - [2026-09-18T12:46:09.272+0700] {dag.py:4180} INFO - Setting next_dagrun for example_workday_timetable to 2021-01-04 00:00:00+00:00, run_after=2021-01-05 00:00:00+00:00
[2026-09-18T12:46:09.282+0700] {processor.py:208} INFO - Processing /Users/andreasanditya/Downloads/572392_Andreas_AirflowETL/code/.venv/lib/python3.9/site-packages/airflow/example_dags/example_workday_timetable.py took 0.422 seconds
[2026-09-18T12:47:35.551+0700] {processor.py:186} INFO - Started process (PID=69734) to work on /Users/andreasanditya/Downloads/572392_Andreas_AirflowETL/code/.venv/lib/python3.9/site-packages/airflow/example_dags/example_workday_timetable.py
[2026-09-18T12:47:35.552+0700] {processor.py:914} INFO - Processing file /Users/andreasanditya/Downloads/572392_Andreas_AirflowETL/code/.venv/lib/python3.9/site-packages/airflow/example_dags/example_workday_timetable.py for tasks to queue
[2026-09-18T12:47:35.553+0700] {logging_mixin.py:190} INFO - [2026-09-18T12:47:35.553+0700] {dagbag.py:588} INFO - Filling up the DagBag from /Users/andreasanditya/Downloads/572392_Andreas_AirflowETL/code/.venv/lib/python3.9/site-packages/airflow/example_dags/example_workday_timetable.py
[2026-09-18T12:47:35.840+0700] {processor.py:925} INFO - DAG(s) 'example_workday_timetable' retrieved from /Users/andreasanditya/Downloads/572392_Andreas_AirflowETL/code/.venv/lib/python3.9/site-packages/airflow/example_dags/example_workday_timetable.py
[2026-09-18T12:47:35.906+0700] {logging_mixin.py:190} INFO - [2026-09-18T12:47:35.905+0700] {dag.py:3239} INFO - Sync 1 DAGs
[2026-09-18T12:47:35.966+0700] {logging_mixin.py:190} INFO - [2026-09-18T12:47:35.966+0700] {dag.py:4180} INFO - Setting next_dagrun for example_workday_timetable to 2021-01-04 00:00:00+00:00, run_after=2021-01-05 00:00:00+00:00
[2026-09-18T12:47:35.976+0700] {processor.py:208} INFO - Processing /Users/andreasanditya/Downloads/572392_Andreas_AirflowETL/code/.venv/lib/python3.9/site-packages/airflow/example_dags/example_workday_timetable.py took 0.426 seconds
[2026-09-18T12:49:01.277+0700] {processor.py:186} INFO - Started process (PID=70570) to work on /Users/andreasanditya/Downloads/572392_Andreas_AirflowETL/code/.venv/lib/python3.9/site-packages/airflow/example_dags/example_workday_timetable.py
[2026-09-18T12:49:01.278+0700] {processor.py:914} INFO - Processing file /Users/andreasanditya/Downloads/572392_Andreas_AirflowETL/code/.venv/lib/python3.9/site-packages/airflow/example_dags/example_workday_timetable.py for tasks to queue
[2026-09-18T12:49:01.279+0700] {logging_mixin.py:190} INFO - [2026-09-18T12:49:01.279+0700] {dagbag.py:588} INFO - Filling up the DagBag from /Users/andreasanditya/Downloads/572392_Andreas_AirflowETL/code/.venv/lib/python3.9/site-packages/airflow/example_dags/example_workday_timetable.py
[2026-09-18T12:49:01.568+0700] {processor.py:925} INFO - DAG(s) 'example_workday_timetable' retrieved from /Users/andreasanditya/Downloads/572392_Andreas_AirflowETL/code/.venv/lib/python3.9/site-packages/airflow/example_dags/example_workday_timetable.py
[2026-09-18T12:49:01.634+0700] {logging_mixin.py:190} INFO - [2026-09-18T12:49:01.634+0700] {dag.py:3239} INFO - Sync 1 DAGs
[2026-09-18T12:49:01.696+0700] {logging_mixin.py:190} INFO - [2026-09-18T12:49:01.696+0700] {dag.py:4180} INFO - Setting next_dagrun for example_workday_timetable to 2021-01-04 00:00:00+00:00, run_after=2021-01-05 00:00:00+00:00
[2026-09-18T12:49:01.706+0700] {processor.py:208} INFO - Processing /Users/andreasanditya/Downloads/572392_Andreas_AirflowETL/code/.venv/lib/python3.9/site-packages/airflow/example_dags/example_workday_timetable.py took 0.431 seconds
[2026-09-18T12:50:25.448+0700] {processor.py:186} INFO - Started process (PID=71471) to work on /Users/andreasanditya/Downloads/572392_Andreas_AirflowETL/code/.venv/lib/python3.9/site-packages/airflow/example_dags/example_workday_timetable.py
[2026-09-18T12:50:25.449+0700] {processor.py:914} INFO - Processing file /Users/andreasanditya/Downloads/572392_Andreas_AirflowETL/code/.venv/lib/python3.9/site-packages/airflow/example_dags/example_workday_timetable.py for tasks to queue
[2026-09-18T12:50:25.450+0700] {logging_mixin.py:190} INFO - [2026-09-18T12:50:25.450+0700] {dagbag.py:588} INFO - Filling up the DagBag from /Users/andreasanditya/Downloads/572392_Andreas_AirflowETL/code/.venv/lib/python3.9/site-packages/airflow/example_dags/example_workday_timetable.py
[2026-09-18T12:50:25.735+0700] {processor.py:925} INFO - DAG(s) 'example_workday_timetable' retrieved from /Users/andreasanditya/Downloads/572392_Andreas_AirflowETL/code/.venv/lib/python3.9/site-packages/airflow/example_dags/example_workday_timetable.py
[2026-09-18T12:50:25.801+0700] {logging_mixin.py:190} INFO - [2026-09-18T12:50:25.801+0700] {dag.py:3239} INFO - Sync 1 DAGs
[2026-09-18T12:50:25.861+0700] {logging_mixin.py:190} INFO - [2026-09-18T12:50:25.860+0700] {dag.py:4180} INFO - Setting next_dagrun for example_workday_timetable to 2021-01-04 00:00:00+00:00, run_after=2021-01-05 00:00:00+00:00
[2026-09-18T12:50:25.871+0700] {processor.py:208} INFO - Processing /Users/andreasanditya/Downloads/572392_Andreas_AirflowETL/code/.venv/lib/python3.9/site-packages/airflow/example_dags/example_workday_timetable.py took 0.425 seconds
[2026-09-18T12:51:46.819+0700] {processor.py:186} INFO - Started process (PID=72306) to work on /Users/andreasanditya/Downloads/572392_Andreas_AirflowETL/code/.venv/lib/python3.9/site-packages/airflow/example_dags/example_workday_timetable.py
[2026-09-18T12:51:46.822+0700] {processor.py:914} INFO - Processing file /Users/andreasanditya/Downloads/572392_Andreas_AirflowETL/code/.venv/lib/python3.9/site-packages/airflow/example_dags/example_workday_timetable.py for tasks to queue
[2026-09-18T12:51:46.823+0700] {logging_mixin.py:190} INFO - [2026-09-18T12:51:46.823+0700] {dagbag.py:588} INFO - Filling up the DagBag from /Users/andreasanditya/Downloads/572392_Andreas_AirflowETL/code/.venv/lib/python3.9/site-packages/airflow/example_dags/example_workday_timetable.py
[2026-09-18T12:51:47.106+0700] {processor.py:925} INFO - DAG(s) 'example_workday_timetable' retrieved from /Users/andreasanditya/Downloads/572392_Andreas_AirflowETL/code/.venv/lib/python3.9/site-packages/airflow/example_dags/example_workday_timetable.py
[2026-09-18T12:51:47.172+0700] {logging_mixin.py:190} INFO - [2026-09-18T12:51:47.171+0700] {dag.py:3239} INFO - Sync 1 DAGs
[2026-09-18T12:51:47.238+0700] {logging_mixin.py:190} INFO - [2026-09-18T12:51:47.238+0700] {dag.py:4180} INFO - Setting next_dagrun for example_workday_timetable to 2021-01-04 00:00:00+00:00, run_after=2021-01-05 00:00:00+00:00
[2026-09-18T12:51:47.248+0700] {processor.py:208} INFO - Processing /Users/andreasanditya/Downloads/572392_Andreas_AirflowETL/code/.venv/lib/python3.9/site-packages/airflow/example_dags/example_workday_timetable.py took 0.431 seconds
[2026-09-18T12:53:14.713+0700] {processor.py:186} INFO - Started process (PID=73152) to work on /Users/andreasanditya/Downloads/572392_Andreas_AirflowETL/code/.venv/lib/python3.9/site-packages/airflow/example_dags/example_workday_timetable.py
[2026-09-18T12:53:14.713+0700] {processor.py:914} INFO - Processing file /Users/andreasanditya/Downloads/572392_Andreas_AirflowETL/code/.venv/lib/python3.9/site-packages/airflow/example_dags/example_workday_timetable.py for tasks to queue
[2026-09-18T12:53:14.714+0700] {logging_mixin.py:190} INFO - [2026-09-18T12:53:14.714+0700] {dagbag.py:588} INFO - Filling up the DagBag from /Users/andreasanditya/Downloads/572392_Andreas_AirflowETL/code/.venv/lib/python3.9/site-packages/airflow/example_dags/example_workday_timetable.py
[2026-09-18T12:53:15.002+0700] {processor.py:925} INFO - DAG(s) 'example_workday_timetable' retrieved from /Users/andreasanditya/Downloads/572392_Andreas_AirflowETL/code/.venv/lib/python3.9/site-packages/airflow/example_dags/example_workday_timetable.py
[2026-09-18T12:53:15.069+0700] {logging_mixin.py:190} INFO - [2026-09-18T12:53:15.069+0700] {dag.py:3239} INFO - Sync 1 DAGs
[2026-09-18T12:53:15.129+0700] {logging_mixin.py:190} INFO - [2026-09-18T12:53:15.129+0700] {dag.py:4180} INFO - Setting next_dagrun for example_workday_timetable to 2021-01-04 00:00:00+00:00, run_after=2021-01-05 00:00:00+00:00
[2026-09-18T12:53:15.140+0700] {processor.py:208} INFO - Processing /Users/andreasanditya/Downloads/572392_Andreas_AirflowETL/code/.venv/lib/python3.9/site-packages/airflow/example_dags/example_workday_timetable.py took 0.429 seconds
[2026-09-18T12:54:39.703+0700] {processor.py:186} INFO - Started process (PID=74075) to work on /Users/andreasanditya/Downloads/572392_Andreas_AirflowETL/code/.venv/lib/python3.9/site-packages/airflow/example_dags/example_workday_timetable.py
[2026-09-18T12:54:39.704+0700] {processor.py:914} INFO - Processing file /Users/andreasanditya/Downloads/572392_Andreas_AirflowETL/code/.venv/lib/python3.9/site-packages/airflow/example_dags/example_workday_timetable.py for tasks to queue
[2026-09-18T12:54:39.705+0700] {logging_mixin.py:190} INFO - [2026-09-18T12:54:39.705+0700] {dagbag.py:588} INFO - Filling up the DagBag from /Users/andreasanditya/Downloads/572392_Andreas_AirflowETL/code/.venv/lib/python3.9/site-packages/airflow/example_dags/example_workday_timetable.py
[2026-09-18T12:54:39.992+0700] {processor.py:925} INFO - DAG(s) 'example_workday_timetable' retrieved from /Users/andreasanditya/Downloads/572392_Andreas_AirflowETL/code/.venv/lib/python3.9/site-packages/airflow/example_dags/example_workday_timetable.py
[2026-09-18T12:54:40.058+0700] {logging_mixin.py:190} INFO - [2026-09-18T12:54:40.058+0700] {dag.py:3239} INFO - Sync 1 DAGs
[2026-09-18T12:54:40.152+0700] {logging_mixin.py:190} INFO - [2026-09-18T12:54:40.151+0700] {dag.py:4180} INFO - Setting next_dagrun for example_workday_timetable to 2021-01-04 00:00:00+00:00, run_after=2021-01-05 00:00:00+00:00
[2026-09-18T12:54:40.162+0700] {processor.py:208} INFO - Processing /Users/andreasanditya/Downloads/572392_Andreas_AirflowETL/code/.venv/lib/python3.9/site-packages/airflow/example_dags/example_workday_timetable.py took 0.461 seconds
[2026-09-18T12:56:02.998+0700] {processor.py:186} INFO - Started process (PID=74911) to work on /Users/andreasanditya/Downloads/572392_Andreas_AirflowETL/code/.venv/lib/python3.9/site-packages/airflow/example_dags/example_workday_timetable.py
[2026-09-18T12:56:02.998+0700] {processor.py:914} INFO - Processing file /Users/andreasanditya/Downloads/572392_Andreas_AirflowETL/code/.venv/lib/python3.9/site-packages/airflow/example_dags/example_workday_timetable.py for tasks to queue
[2026-09-18T12:56:02.999+0700] {logging_mixin.py:190} INFO - [2026-09-18T12:56:02.999+0700] {dagbag.py:588} INFO - Filling up the DagBag from /Users/andreasanditya/Downloads/572392_Andreas_AirflowETL/code/.venv/lib/python3.9/site-packages/airflow/example_dags/example_workday_timetable.py
[2026-09-18T12:56:03.293+0700] {processor.py:925} INFO - DAG(s) 'example_workday_timetable' retrieved from /Users/andreasanditya/Downloads/572392_Andreas_AirflowETL/code/.venv/lib/python3.9/site-packages/airflow/example_dags/example_workday_timetable.py
[2026-09-18T12:56:03.363+0700] {logging_mixin.py:190} INFO - [2026-09-18T12:56:03.363+0700] {dag.py:3239} INFO - Sync 1 DAGs
[2026-09-18T12:56:03.424+0700] {logging_mixin.py:190} INFO - [2026-09-18T12:56:03.424+0700] {dag.py:4180} INFO - Setting next_dagrun for example_workday_timetable to 2021-01-04 00:00:00+00:00, run_after=2021-01-05 00:00:00+00:00
[2026-09-18T12:56:03.436+0700] {processor.py:208} INFO - Processing /Users/andreasanditya/Downloads/572392_Andreas_AirflowETL/code/.venv/lib/python3.9/site-packages/airflow/example_dags/example_workday_timetable.py took 0.441 seconds
[2026-09-18T12:57:29.652+0700] {processor.py:186} INFO - Started process (PID=75739) to work on /Users/andreasanditya/Downloads/572392_Andreas_AirflowETL/code/.venv/lib/python3.9/site-packages/airflow/example_dags/example_workday_timetable.py
[2026-09-18T12:57:29.653+0700] {processor.py:914} INFO - Processing file /Users/andreasanditya/Downloads/572392_Andreas_AirflowETL/code/.venv/lib/python3.9/site-packages/airflow/example_dags/example_workday_timetable.py for tasks to queue
[2026-09-18T12:57:29.654+0700] {logging_mixin.py:190} INFO - [2026-09-18T12:57:29.654+0700] {dagbag.py:588} INFO - Filling up the DagBag from /Users/andreasanditya/Downloads/572392_Andreas_AirflowETL/code/.venv/lib/python3.9/site-packages/airflow/example_dags/example_workday_timetable.py
[2026-09-18T12:57:29.939+0700] {processor.py:925} INFO - DAG(s) 'example_workday_timetable' retrieved from /Users/andreasanditya/Downloads/572392_Andreas_AirflowETL/code/.venv/lib/python3.9/site-packages/airflow/example_dags/example_workday_timetable.py
[2026-09-18T12:57:30.006+0700] {logging_mixin.py:190} INFO - [2026-09-18T12:57:30.006+0700] {dag.py:3239} INFO - Sync 1 DAGs
[2026-09-18T12:57:30.066+0700] {logging_mixin.py:190} INFO - [2026-09-18T12:57:30.066+0700] {dag.py:4180} INFO - Setting next_dagrun for example_workday_timetable to 2021-01-04 00:00:00+00:00, run_after=2021-01-05 00:00:00+00:00
[2026-09-18T12:57:30.076+0700] {processor.py:208} INFO - Processing /Users/andreasanditya/Downloads/572392_Andreas_AirflowETL/code/.venv/lib/python3.9/site-packages/airflow/example_dags/example_workday_timetable.py took 0.426 seconds
[2026-09-18T12:58:54.407+0700] {processor.py:186} INFO - Started process (PID=76672) to work on /Users/andreasanditya/Downloads/572392_Andreas_AirflowETL/code/.venv/lib/python3.9/site-packages/airflow/example_dags/example_workday_timetable.py
[2026-09-18T12:58:54.408+0700] {processor.py:914} INFO - Processing file /Users/andreasanditya/Downloads/572392_Andreas_AirflowETL/code/.venv/lib/python3.9/site-packages/airflow/example_dags/example_workday_timetable.py for tasks to queue
[2026-09-18T12:58:54.409+0700] {logging_mixin.py:190} INFO - [2026-09-18T12:58:54.408+0700] {dagbag.py:588} INFO - Filling up the DagBag from /Users/andreasanditya/Downloads/572392_Andreas_AirflowETL/code/.venv/lib/python3.9/site-packages/airflow/example_dags/example_workday_timetable.py
[2026-09-18T12:58:54.701+0700] {processor.py:925} INFO - DAG(s) 'example_workday_timetable' retrieved from /Users/andreasanditya/Downloads/572392_Andreas_AirflowETL/code/.venv/lib/python3.9/site-packages/airflow/example_dags/example_workday_timetable.py
[2026-09-18T12:58:54.768+0700] {logging_mixin.py:190} INFO - [2026-09-18T12:58:54.768+0700] {dag.py:3239} INFO - Sync 1 DAGs
[2026-09-18T12:58:54.831+0700] {logging_mixin.py:190} INFO - [2026-09-18T12:58:54.830+0700] {dag.py:4180} INFO - Setting next_dagrun for example_workday_timetable to 2021-01-04 00:00:00+00:00, run_after=2021-01-05 00:00:00+00:00
[2026-09-18T12:58:54.842+0700] {processor.py:208} INFO - Processing /Users/andreasanditya/Downloads/572392_Andreas_AirflowETL/code/.venv/lib/python3.9/site-packages/airflow/example_dags/example_workday_timetable.py took 0.437 seconds
[2026-09-18T13:00:20.180+0700] {processor.py:186} INFO - Started process (PID=77512) to work on /Users/andreasanditya/Downloads/572392_Andreas_AirflowETL/code/.venv/lib/python3.9/site-packages/airflow/example_dags/example_workday_timetable.py
[2026-09-18T13:00:20.181+0700] {processor.py:914} INFO - Processing file /Users/andreasanditya/Downloads/572392_Andreas_AirflowETL/code/.venv/lib/python3.9/site-packages/airflow/example_dags/example_workday_timetable.py for tasks to queue
[2026-09-18T13:00:20.182+0700] {logging_mixin.py:190} INFO - [2026-09-18T13:00:20.182+0700] {dagbag.py:588} INFO - Filling up the DagBag from /Users/andreasanditya/Downloads/572392_Andreas_AirflowETL/code/.venv/lib/python3.9/site-packages/airflow/example_dags/example_workday_timetable.py
[2026-09-18T13:00:20.463+0700] {processor.py:925} INFO - DAG(s) 'example_workday_timetable' retrieved from /Users/andreasanditya/Downloads/572392_Andreas_AirflowETL/code/.venv/lib/python3.9/site-packages/airflow/example_dags/example_workday_timetable.py
[2026-09-18T13:00:20.529+0700] {logging_mixin.py:190} INFO - [2026-09-18T13:00:20.528+0700] {dag.py:3239} INFO - Sync 1 DAGs
[2026-09-18T13:00:20.588+0700] {logging_mixin.py:190} INFO - [2026-09-18T13:00:20.588+0700] {dag.py:4180} INFO - Setting next_dagrun for example_workday_timetable to 2021-01-04 00:00:00+00:00, run_after=2021-01-05 00:00:00+00:00
[2026-09-18T13:00:20.598+0700] {processor.py:208} INFO - Processing /Users/andreasanditya/Downloads/572392_Andreas_AirflowETL/code/.venv/lib/python3.9/site-packages/airflow/example_dags/example_workday_timetable.py took 0.420 seconds
[2026-09-18T13:01:47.766+0700] {processor.py:186} INFO - Started process (PID=78425) to work on /Users/andreasanditya/Downloads/572392_Andreas_AirflowETL/code/.venv/lib/python3.9/site-packages/airflow/example_dags/example_workday_timetable.py
[2026-09-18T13:01:47.768+0700] {processor.py:914} INFO - Processing file /Users/andreasanditya/Downloads/572392_Andreas_AirflowETL/code/.venv/lib/python3.9/site-packages/airflow/example_dags/example_workday_timetable.py for tasks to queue
[2026-09-18T13:01:47.769+0700] {logging_mixin.py:190} INFO - [2026-09-18T13:01:47.768+0700] {dagbag.py:588} INFO - Filling up the DagBag from /Users/andreasanditya/Downloads/572392_Andreas_AirflowETL/code/.venv/lib/python3.9/site-packages/airflow/example_dags/example_workday_timetable.py
[2026-09-18T13:01:48.053+0700] {processor.py:925} INFO - DAG(s) 'example_workday_timetable' retrieved from /Users/andreasanditya/Downloads/572392_Andreas_AirflowETL/code/.venv/lib/python3.9/site-packages/airflow/example_dags/example_workday_timetable.py
[2026-09-18T13:01:48.118+0700] {logging_mixin.py:190} INFO - [2026-09-18T13:01:48.118+0700] {dag.py:3239} INFO - Sync 1 DAGs
[2026-09-18T13:01:48.179+0700] {logging_mixin.py:190} INFO - [2026-09-18T13:01:48.178+0700] {dag.py:4180} INFO - Setting next_dagrun for example_workday_timetable to 2021-01-04 00:00:00+00:00, run_after=2021-01-05 00:00:00+00:00
[2026-09-18T13:01:48.189+0700] {processor.py:208} INFO - Processing /Users/andreasanditya/Downloads/572392_Andreas_AirflowETL/code/.venv/lib/python3.9/site-packages/airflow/example_dags/example_workday_timetable.py took 0.425 seconds
[2026-09-18T13:03:12.618+0700] {processor.py:186} INFO - Started process (PID=79286) to work on /Users/andreasanditya/Downloads/572392_Andreas_AirflowETL/code/.venv/lib/python3.9/site-packages/airflow/example_dags/example_workday_timetable.py
[2026-09-18T13:03:12.618+0700] {processor.py:914} INFO - Processing file /Users/andreasanditya/Downloads/572392_Andreas_AirflowETL/code/.venv/lib/python3.9/site-packages/airflow/example_dags/example_workday_timetable.py for tasks to queue
[2026-09-18T13:03:12.619+0700] {logging_mixin.py:190} INFO - [2026-09-18T13:03:12.619+0700] {dagbag.py:588} INFO - Filling up the DagBag from /Users/andreasanditya/Downloads/572392_Andreas_AirflowETL/code/.venv/lib/python3.9/site-packages/airflow/example_dags/example_workday_timetable.py
[2026-09-18T13:03:12.909+0700] {processor.py:925} INFO - DAG(s) 'example_workday_timetable' retrieved from /Users/andreasanditya/Downloads/572392_Andreas_AirflowETL/code/.venv/lib/python3.9/site-packages/airflow/example_dags/example_workday_timetable.py
[2026-09-18T13:03:12.975+0700] {logging_mixin.py:190} INFO - [2026-09-18T13:03:12.975+0700] {dag.py:3239} INFO - Sync 1 DAGs
[2026-09-18T13:03:13.035+0700] {logging_mixin.py:190} INFO - [2026-09-18T13:03:13.035+0700] {dag.py:4180} INFO - Setting next_dagrun for example_workday_timetable to 2021-01-04 00:00:00+00:00, run_after=2021-01-05 00:00:00+00:00
[2026-09-18T13:03:13.046+0700] {processor.py:208} INFO - Processing /Users/andreasanditya/Downloads/572392_Andreas_AirflowETL/code/.venv/lib/python3.9/site-packages/airflow/example_dags/example_workday_timetable.py took 0.430 seconds
[2026-09-18T13:04:40.689+0700] {processor.py:186} INFO - Started process (PID=80200) to work on /Users/andreasanditya/Downloads/572392_Andreas_AirflowETL/code/.venv/lib/python3.9/site-packages/airflow/example_dags/example_workday_timetable.py
[2026-09-18T13:04:40.689+0700] {processor.py:914} INFO - Processing file /Users/andreasanditya/Downloads/572392_Andreas_AirflowETL/code/.venv/lib/python3.9/site-packages/airflow/example_dags/example_workday_timetable.py for tasks to queue
[2026-09-18T13:04:40.690+0700] {logging_mixin.py:190} INFO - [2026-09-18T13:04:40.690+0700] {dagbag.py:588} INFO - Filling up the DagBag from /Users/andreasanditya/Downloads/572392_Andreas_AirflowETL/code/.venv/lib/python3.9/site-packages/airflow/example_dags/example_workday_timetable.py
[2026-09-18T13:04:40.969+0700] {processor.py:925} INFO - DAG(s) 'example_workday_timetable' retrieved from /Users/andreasanditya/Downloads/572392_Andreas_AirflowETL/code/.venv/lib/python3.9/site-packages/airflow/example_dags/example_workday_timetable.py
[2026-09-18T13:04:41.034+0700] {logging_mixin.py:190} INFO - [2026-09-18T13:04:41.034+0700] {dag.py:3239} INFO - Sync 1 DAGs
[2026-09-18T13:04:41.098+0700] {logging_mixin.py:190} INFO - [2026-09-18T13:04:41.097+0700] {dag.py:4180} INFO - Setting next_dagrun for example_workday_timetable to 2021-01-04 00:00:00+00:00, run_after=2021-01-05 00:00:00+00:00
[2026-09-18T13:04:41.108+0700] {processor.py:208} INFO - Processing /Users/andreasanditya/Downloads/572392_Andreas_AirflowETL/code/.venv/lib/python3.9/site-packages/airflow/example_dags/example_workday_timetable.py took 0.421 seconds
[2026-09-18T13:06:05.075+0700] {processor.py:186} INFO - Started process (PID=81037) to work on /Users/andreasanditya/Downloads/572392_Andreas_AirflowETL/code/.venv/lib/python3.9/site-packages/airflow/example_dags/example_workday_timetable.py
[2026-09-18T13:06:05.076+0700] {processor.py:914} INFO - Processing file /Users/andreasanditya/Downloads/572392_Andreas_AirflowETL/code/.venv/lib/python3.9/site-packages/airflow/example_dags/example_workday_timetable.py for tasks to queue
[2026-09-18T13:06:05.076+0700] {logging_mixin.py:190} INFO - [2026-09-18T13:06:05.076+0700] {dagbag.py:588} INFO - Filling up the DagBag from /Users/andreasanditya/Downloads/572392_Andreas_AirflowETL/code/.venv/lib/python3.9/site-packages/airflow/example_dags/example_workday_timetable.py
[2026-09-18T13:06:05.365+0700] {processor.py:925} INFO - DAG(s) 'example_workday_timetable' retrieved from /Users/andreasanditya/Downloads/572392_Andreas_AirflowETL/code/.venv/lib/python3.9/site-packages/airflow/example_dags/example_workday_timetable.py
[2026-09-18T13:06:05.431+0700] {logging_mixin.py:190} INFO - [2026-09-18T13:06:05.431+0700] {dag.py:3239} INFO - Sync 1 DAGs
[2026-09-18T13:06:05.492+0700] {logging_mixin.py:190} INFO - [2026-09-18T13:06:05.492+0700] {dag.py:4180} INFO - Setting next_dagrun for example_workday_timetable to 2021-01-04 00:00:00+00:00, run_after=2021-01-05 00:00:00+00:00
[2026-09-18T13:06:05.502+0700] {processor.py:208} INFO - Processing /Users/andreasanditya/Downloads/572392_Andreas_AirflowETL/code/.venv/lib/python3.9/site-packages/airflow/example_dags/example_workday_timetable.py took 0.429 seconds
[2026-09-18T13:07:28.526+0700] {processor.py:186} INFO - Started process (PID=81959) to work on /Users/andreasanditya/Downloads/572392_Andreas_AirflowETL/code/.venv/lib/python3.9/site-packages/airflow/example_dags/example_workday_timetable.py
[2026-09-18T13:07:28.527+0700] {processor.py:914} INFO - Processing file /Users/andreasanditya/Downloads/572392_Andreas_AirflowETL/code/.venv/lib/python3.9/site-packages/airflow/example_dags/example_workday_timetable.py for tasks to queue
[2026-09-18T13:07:28.528+0700] {logging_mixin.py:190} INFO - [2026-09-18T13:07:28.528+0700] {dagbag.py:588} INFO - Filling up the DagBag from /Users/andreasanditya/Downloads/572392_Andreas_AirflowETL/code/.venv/lib/python3.9/site-packages/airflow/example_dags/example_workday_timetable.py
[2026-09-18T13:07:28.812+0700] {processor.py:925} INFO - DAG(s) 'example_workday_timetable' retrieved from /Users/andreasanditya/Downloads/572392_Andreas_AirflowETL/code/.venv/lib/python3.9/site-packages/airflow/example_dags/example_workday_timetable.py
[2026-09-18T13:07:28.878+0700] {logging_mixin.py:190} INFO - [2026-09-18T13:07:28.878+0700] {dag.py:3239} INFO - Sync 1 DAGs
[2026-09-18T13:07:28.938+0700] {logging_mixin.py:190} INFO - [2026-09-18T13:07:28.938+0700] {dag.py:4180} INFO - Setting next_dagrun for example_workday_timetable to 2021-01-04 00:00:00+00:00, run_after=2021-01-05 00:00:00+00:00
[2026-09-18T13:07:28.949+0700] {processor.py:208} INFO - Processing /Users/andreasanditya/Downloads/572392_Andreas_AirflowETL/code/.venv/lib/python3.9/site-packages/airflow/example_dags/example_workday_timetable.py took 0.425 seconds
[2026-09-18T13:08:52.503+0700] {processor.py:186} INFO - Started process (PID=82783) to work on /Users/andreasanditya/Downloads/572392_Andreas_AirflowETL/code/.venv/lib/python3.9/site-packages/airflow/example_dags/example_workday_timetable.py
[2026-09-18T13:08:52.504+0700] {processor.py:914} INFO - Processing file /Users/andreasanditya/Downloads/572392_Andreas_AirflowETL/code/.venv/lib/python3.9/site-packages/airflow/example_dags/example_workday_timetable.py for tasks to queue
[2026-09-18T13:08:52.505+0700] {logging_mixin.py:190} INFO - [2026-09-18T13:08:52.505+0700] {dagbag.py:588} INFO - Filling up the DagBag from /Users/andreasanditya/Downloads/572392_Andreas_AirflowETL/code/.venv/lib/python3.9/site-packages/airflow/example_dags/example_workday_timetable.py
[2026-09-18T13:08:52.794+0700] {processor.py:925} INFO - DAG(s) 'example_workday_timetable' retrieved from /Users/andreasanditya/Downloads/572392_Andreas_AirflowETL/code/.venv/lib/python3.9/site-packages/airflow/example_dags/example_workday_timetable.py
[2026-09-18T13:08:52.860+0700] {logging_mixin.py:190} INFO - [2026-09-18T13:08:52.860+0700] {dag.py:3239} INFO - Sync 1 DAGs
[2026-09-18T13:08:52.920+0700] {logging_mixin.py:190} INFO - [2026-09-18T13:08:52.920+0700] {dag.py:4180} INFO - Setting next_dagrun for example_workday_timetable to 2021-01-04 00:00:00+00:00, run_after=2021-01-05 00:00:00+00:00
[2026-09-18T13:08:52.933+0700] {processor.py:208} INFO - Processing /Users/andreasanditya/Downloads/572392_Andreas_AirflowETL/code/.venv/lib/python3.9/site-packages/airflow/example_dags/example_workday_timetable.py took 0.432 seconds
[2026-09-18T13:10:19.237+0700] {processor.py:186} INFO - Started process (PID=83625) to work on /Users/andreasanditya/Downloads/572392_Andreas_AirflowETL/code/.venv/lib/python3.9/site-packages/airflow/example_dags/example_workday_timetable.py
[2026-09-18T13:10:19.237+0700] {processor.py:914} INFO - Processing file /Users/andreasanditya/Downloads/572392_Andreas_AirflowETL/code/.venv/lib/python3.9/site-packages/airflow/example_dags/example_workday_timetable.py for tasks to queue
[2026-09-18T13:10:19.238+0700] {logging_mixin.py:190} INFO - [2026-09-18T13:10:19.238+0700] {dagbag.py:588} INFO - Filling up the DagBag from /Users/andreasanditya/Downloads/572392_Andreas_AirflowETL/code/.venv/lib/python3.9/site-packages/airflow/example_dags/example_workday_timetable.py
[2026-09-18T13:10:19.530+0700] {processor.py:925} INFO - DAG(s) 'example_workday_timetable' retrieved from /Users/andreasanditya/Downloads/572392_Andreas_AirflowETL/code/.venv/lib/python3.9/site-packages/airflow/example_dags/example_workday_timetable.py
[2026-09-18T13:10:19.595+0700] {logging_mixin.py:190} INFO - [2026-09-18T13:10:19.595+0700] {dag.py:3239} INFO - Sync 1 DAGs
[2026-09-18T13:10:19.655+0700] {logging_mixin.py:190} INFO - [2026-09-18T13:10:19.655+0700] {dag.py:4180} INFO - Setting next_dagrun for example_workday_timetable to 2021-01-04 00:00:00+00:00, run_after=2021-01-05 00:00:00+00:00
[2026-09-18T13:10:19.666+0700] {processor.py:208} INFO - Processing /Users/andreasanditya/Downloads/572392_Andreas_AirflowETL/code/.venv/lib/python3.9/site-packages/airflow/example_dags/example_workday_timetable.py took 0.431 seconds
[2026-09-18T13:11:46.351+0700] {processor.py:186} INFO - Started process (PID=84552) to work on /Users/andreasanditya/Downloads/572392_Andreas_AirflowETL/code/.venv/lib/python3.9/site-packages/airflow/example_dags/example_workday_timetable.py
[2026-09-18T13:11:46.352+0700] {processor.py:914} INFO - Processing file /Users/andreasanditya/Downloads/572392_Andreas_AirflowETL/code/.venv/lib/python3.9/site-packages/airflow/example_dags/example_workday_timetable.py for tasks to queue
[2026-09-18T13:11:46.352+0700] {logging_mixin.py:190} INFO - [2026-09-18T13:11:46.352+0700] {dagbag.py:588} INFO - Filling up the DagBag from /Users/andreasanditya/Downloads/572392_Andreas_AirflowETL/code/.venv/lib/python3.9/site-packages/airflow/example_dags/example_workday_timetable.py
[2026-09-18T13:11:46.636+0700] {processor.py:925} INFO - DAG(s) 'example_workday_timetable' retrieved from /Users/andreasanditya/Downloads/572392_Andreas_AirflowETL/code/.venv/lib/python3.9/site-packages/airflow/example_dags/example_workday_timetable.py
[2026-09-18T13:11:46.702+0700] {logging_mixin.py:190} INFO - [2026-09-18T13:11:46.702+0700] {dag.py:3239} INFO - Sync 1 DAGs
[2026-09-18T13:11:46.768+0700] {logging_mixin.py:190} INFO - [2026-09-18T13:11:46.767+0700] {dag.py:4180} INFO - Setting next_dagrun for example_workday_timetable to 2021-01-04 00:00:00+00:00, run_after=2021-01-05 00:00:00+00:00
[2026-09-18T13:11:46.778+0700] {processor.py:208} INFO - Processing /Users/andreasanditya/Downloads/572392_Andreas_AirflowETL/code/.venv/lib/python3.9/site-packages/airflow/example_dags/example_workday_timetable.py took 0.429 seconds
[2026-09-18T13:13:12.460+0700] {processor.py:186} INFO - Started process (PID=85473) to work on /Users/andreasanditya/Downloads/572392_Andreas_AirflowETL/code/.venv/lib/python3.9/site-packages/airflow/example_dags/example_workday_timetable.py
[2026-09-18T13:13:12.461+0700] {processor.py:914} INFO - Processing file /Users/andreasanditya/Downloads/572392_Andreas_AirflowETL/code/.venv/lib/python3.9/site-packages/airflow/example_dags/example_workday_timetable.py for tasks to queue
[2026-09-18T13:13:12.461+0700] {logging_mixin.py:190} INFO - [2026-09-18T13:13:12.461+0700] {dagbag.py:588} INFO - Filling up the DagBag from /Users/andreasanditya/Downloads/572392_Andreas_AirflowETL/code/.venv/lib/python3.9/site-packages/airflow/example_dags/example_workday_timetable.py
[2026-09-18T13:13:12.745+0700] {processor.py:925} INFO - DAG(s) 'example_workday_timetable' retrieved from /Users/andreasanditya/Downloads/572392_Andreas_AirflowETL/code/.venv/lib/python3.9/site-packages/airflow/example_dags/example_workday_timetable.py
[2026-09-18T13:13:12.813+0700] {logging_mixin.py:190} INFO - [2026-09-18T13:13:12.813+0700] {dag.py:3239} INFO - Sync 1 DAGs
[2026-09-18T13:13:12.874+0700] {logging_mixin.py:190} INFO - [2026-09-18T13:13:12.874+0700] {dag.py:4180} INFO - Setting next_dagrun for example_workday_timetable to 2021-01-04 00:00:00+00:00, run_after=2021-01-05 00:00:00+00:00
[2026-09-18T13:13:12.885+0700] {processor.py:208} INFO - Processing /Users/andreasanditya/Downloads/572392_Andreas_AirflowETL/code/.venv/lib/python3.9/site-packages/airflow/example_dags/example_workday_timetable.py took 0.427 seconds
[2026-09-18T13:14:38.021+0700] {processor.py:186} INFO - Started process (PID=86294) to work on /Users/andreasanditya/Downloads/572392_Andreas_AirflowETL/code/.venv/lib/python3.9/site-packages/airflow/example_dags/example_workday_timetable.py
[2026-09-18T13:14:38.022+0700] {processor.py:914} INFO - Processing file /Users/andreasanditya/Downloads/572392_Andreas_AirflowETL/code/.venv/lib/python3.9/site-packages/airflow/example_dags/example_workday_timetable.py for tasks to queue
[2026-09-18T13:14:38.022+0700] {logging_mixin.py:190} INFO - [2026-09-18T13:14:38.022+0700] {dagbag.py:588} INFO - Filling up the DagBag from /Users/andreasanditya/Downloads/572392_Andreas_AirflowETL/code/.venv/lib/python3.9/site-packages/airflow/example_dags/example_workday_timetable.py
[2026-09-18T13:14:38.310+0700] {processor.py:925} INFO - DAG(s) 'example_workday_timetable' retrieved from /Users/andreasanditya/Downloads/572392_Andreas_AirflowETL/code/.venv/lib/python3.9/site-packages/airflow/example_dags/example_workday_timetable.py
[2026-09-18T13:14:38.376+0700] {logging_mixin.py:190} INFO - [2026-09-18T13:14:38.375+0700] {dag.py:3239} INFO - Sync 1 DAGs
[2026-09-18T13:14:38.436+0700] {logging_mixin.py:190} INFO - [2026-09-18T13:14:38.436+0700] {dag.py:4180} INFO - Setting next_dagrun for example_workday_timetable to 2021-01-04 00:00:00+00:00, run_after=2021-01-05 00:00:00+00:00
[2026-09-18T13:14:38.447+0700] {processor.py:208} INFO - Processing /Users/andreasanditya/Downloads/572392_Andreas_AirflowETL/code/.venv/lib/python3.9/site-packages/airflow/example_dags/example_workday_timetable.py took 0.429 seconds
[2026-09-18T13:16:04.933+0700] {processor.py:186} INFO - Started process (PID=87211) to work on /Users/andreasanditya/Downloads/572392_Andreas_AirflowETL/code/.venv/lib/python3.9/site-packages/airflow/example_dags/example_workday_timetable.py
[2026-09-18T13:16:04.934+0700] {processor.py:914} INFO - Processing file /Users/andreasanditya/Downloads/572392_Andreas_AirflowETL/code/.venv/lib/python3.9/site-packages/airflow/example_dags/example_workday_timetable.py for tasks to queue
[2026-09-18T13:16:04.935+0700] {logging_mixin.py:190} INFO - [2026-09-18T13:16:04.935+0700] {dagbag.py:588} INFO - Filling up the DagBag from /Users/andreasanditya/Downloads/572392_Andreas_AirflowETL/code/.venv/lib/python3.9/site-packages/airflow/example_dags/example_workday_timetable.py
[2026-09-18T13:16:05.224+0700] {processor.py:925} INFO - DAG(s) 'example_workday_timetable' retrieved from /Users/andreasanditya/Downloads/572392_Andreas_AirflowETL/code/.venv/lib/python3.9/site-packages/airflow/example_dags/example_workday_timetable.py
[2026-09-18T13:16:05.290+0700] {logging_mixin.py:190} INFO - [2026-09-18T13:16:05.290+0700] {dag.py:3239} INFO - Sync 1 DAGs
[2026-09-18T13:16:05.351+0700] {logging_mixin.py:190} INFO - [2026-09-18T13:16:05.350+0700] {dag.py:4180} INFO - Setting next_dagrun for example_workday_timetable to 2021-01-04 00:00:00+00:00, run_after=2021-01-05 00:00:00+00:00
[2026-09-18T13:16:05.361+0700] {processor.py:208} INFO - Processing /Users/andreasanditya/Downloads/572392_Andreas_AirflowETL/code/.venv/lib/python3.9/site-packages/airflow/example_dags/example_workday_timetable.py took 0.430 seconds
[2026-09-18T13:17:30.528+0700] {processor.py:186} INFO - Started process (PID=88039) to work on /Users/andreasanditya/Downloads/572392_Andreas_AirflowETL/code/.venv/lib/python3.9/site-packages/airflow/example_dags/example_workday_timetable.py
[2026-09-18T13:17:30.529+0700] {processor.py:914} INFO - Processing file /Users/andreasanditya/Downloads/572392_Andreas_AirflowETL/code/.venv/lib/python3.9/site-packages/airflow/example_dags/example_workday_timetable.py for tasks to queue
[2026-09-18T13:17:30.530+0700] {logging_mixin.py:190} INFO - [2026-09-18T13:17:30.530+0700] {dagbag.py:588} INFO - Filling up the DagBag from /Users/andreasanditya/Downloads/572392_Andreas_AirflowETL/code/.venv/lib/python3.9/site-packages/airflow/example_dags/example_workday_timetable.py
[2026-09-18T13:17:30.815+0700] {processor.py:925} INFO - DAG(s) 'example_workday_timetable' retrieved from /Users/andreasanditya/Downloads/572392_Andreas_AirflowETL/code/.venv/lib/python3.9/site-packages/airflow/example_dags/example_workday_timetable.py
[2026-09-18T13:17:30.880+0700] {logging_mixin.py:190} INFO - [2026-09-18T13:17:30.880+0700] {dag.py:3239} INFO - Sync 1 DAGs
[2026-09-18T13:17:30.941+0700] {logging_mixin.py:190} INFO - [2026-09-18T13:17:30.941+0700] {dag.py:4180} INFO - Setting next_dagrun for example_workday_timetable to 2021-01-04 00:00:00+00:00, run_after=2021-01-05 00:00:00+00:00
[2026-09-18T13:17:30.951+0700] {processor.py:208} INFO - Processing /Users/andreasanditya/Downloads/572392_Andreas_AirflowETL/code/.venv/lib/python3.9/site-packages/airflow/example_dags/example_workday_timetable.py took 0.426 seconds
[2026-09-18T13:18:56.210+0700] {processor.py:186} INFO - Started process (PID=88859) to work on /Users/andreasanditya/Downloads/572392_Andreas_AirflowETL/code/.venv/lib/python3.9/site-packages/airflow/example_dags/example_workday_timetable.py
[2026-09-18T13:18:56.211+0700] {processor.py:914} INFO - Processing file /Users/andreasanditya/Downloads/572392_Andreas_AirflowETL/code/.venv/lib/python3.9/site-packages/airflow/example_dags/example_workday_timetable.py for tasks to queue
[2026-09-18T13:18:56.212+0700] {logging_mixin.py:190} INFO - [2026-09-18T13:18:56.212+0700] {dagbag.py:588} INFO - Filling up the DagBag from /Users/andreasanditya/Downloads/572392_Andreas_AirflowETL/code/.venv/lib/python3.9/site-packages/airflow/example_dags/example_workday_timetable.py
[2026-09-18T13:18:56.505+0700] {processor.py:925} INFO - DAG(s) 'example_workday_timetable' retrieved from /Users/andreasanditya/Downloads/572392_Andreas_AirflowETL/code/.venv/lib/python3.9/site-packages/airflow/example_dags/example_workday_timetable.py
[2026-09-18T13:18:56.571+0700] {logging_mixin.py:190} INFO - [2026-09-18T13:18:56.571+0700] {dag.py:3239} INFO - Sync 1 DAGs
[2026-09-18T13:18:56.630+0700] {logging_mixin.py:190} INFO - [2026-09-18T13:18:56.630+0700] {dag.py:4180} INFO - Setting next_dagrun for example_workday_timetable to 2021-01-04 00:00:00+00:00, run_after=2021-01-05 00:00:00+00:00
[2026-09-18T13:18:56.641+0700] {processor.py:208} INFO - Processing /Users/andreasanditya/Downloads/572392_Andreas_AirflowETL/code/.venv/lib/python3.9/site-packages/airflow/example_dags/example_workday_timetable.py took 0.434 seconds
[2026-09-18T13:20:21.052+0700] {processor.py:186} INFO - Started process (PID=89775) to work on /Users/andreasanditya/Downloads/572392_Andreas_AirflowETL/code/.venv/lib/python3.9/site-packages/airflow/example_dags/example_workday_timetable.py
[2026-09-18T13:20:21.053+0700] {processor.py:914} INFO - Processing file /Users/andreasanditya/Downloads/572392_Andreas_AirflowETL/code/.venv/lib/python3.9/site-packages/airflow/example_dags/example_workday_timetable.py for tasks to queue
[2026-09-18T13:20:21.054+0700] {logging_mixin.py:190} INFO - [2026-09-18T13:20:21.054+0700] {dagbag.py:588} INFO - Filling up the DagBag from /Users/andreasanditya/Downloads/572392_Andreas_AirflowETL/code/.venv/lib/python3.9/site-packages/airflow/example_dags/example_workday_timetable.py
[2026-09-18T13:20:21.354+0700] {processor.py:925} INFO - DAG(s) 'example_workday_timetable' retrieved from /Users/andreasanditya/Downloads/572392_Andreas_AirflowETL/code/.venv/lib/python3.9/site-packages/airflow/example_dags/example_workday_timetable.py
[2026-09-18T13:20:21.420+0700] {logging_mixin.py:190} INFO - [2026-09-18T13:20:21.420+0700] {dag.py:3239} INFO - Sync 1 DAGs
[2026-09-18T13:20:21.480+0700] {logging_mixin.py:190} INFO - [2026-09-18T13:20:21.480+0700] {dag.py:4180} INFO - Setting next_dagrun for example_workday_timetable to 2021-01-04 00:00:00+00:00, run_after=2021-01-05 00:00:00+00:00
[2026-09-18T13:20:21.492+0700] {processor.py:208} INFO - Processing /Users/andreasanditya/Downloads/572392_Andreas_AirflowETL/code/.venv/lib/python3.9/site-packages/airflow/example_dags/example_workday_timetable.py took 0.442 seconds
[2026-09-18T13:21:45.406+0700] {processor.py:186} INFO - Started process (PID=90609) to work on /Users/andreasanditya/Downloads/572392_Andreas_AirflowETL/code/.venv/lib/python3.9/site-packages/airflow/example_dags/example_workday_timetable.py
[2026-09-18T13:21:45.407+0700] {processor.py:914} INFO - Processing file /Users/andreasanditya/Downloads/572392_Andreas_AirflowETL/code/.venv/lib/python3.9/site-packages/airflow/example_dags/example_workday_timetable.py for tasks to queue
[2026-09-18T13:21:45.408+0700] {logging_mixin.py:190} INFO - [2026-09-18T13:21:45.408+0700] {dagbag.py:588} INFO - Filling up the DagBag from /Users/andreasanditya/Downloads/572392_Andreas_AirflowETL/code/.venv/lib/python3.9/site-packages/airflow/example_dags/example_workday_timetable.py
[2026-09-18T13:21:45.691+0700] {processor.py:925} INFO - DAG(s) 'example_workday_timetable' retrieved from /Users/andreasanditya/Downloads/572392_Andreas_AirflowETL/code/.venv/lib/python3.9/site-packages/airflow/example_dags/example_workday_timetable.py
[2026-09-18T13:21:45.758+0700] {logging_mixin.py:190} INFO - [2026-09-18T13:21:45.758+0700] {dag.py:3239} INFO - Sync 1 DAGs
[2026-09-18T13:21:45.820+0700] {logging_mixin.py:190} INFO - [2026-09-18T13:21:45.819+0700] {dag.py:4180} INFO - Setting next_dagrun for example_workday_timetable to 2021-01-04 00:00:00+00:00, run_after=2021-01-05 00:00:00+00:00
[2026-09-18T13:21:45.830+0700] {processor.py:208} INFO - Processing /Users/andreasanditya/Downloads/572392_Andreas_AirflowETL/code/.venv/lib/python3.9/site-packages/airflow/example_dags/example_workday_timetable.py took 0.426 seconds
[2026-09-18T13:23:08.829+0700] {processor.py:186} INFO - Started process (PID=91430) to work on /Users/andreasanditya/Downloads/572392_Andreas_AirflowETL/code/.venv/lib/python3.9/site-packages/airflow/example_dags/example_workday_timetable.py
[2026-09-18T13:23:08.830+0700] {processor.py:914} INFO - Processing file /Users/andreasanditya/Downloads/572392_Andreas_AirflowETL/code/.venv/lib/python3.9/site-packages/airflow/example_dags/example_workday_timetable.py for tasks to queue
[2026-09-18T13:23:08.831+0700] {logging_mixin.py:190} INFO - [2026-09-18T13:23:08.831+0700] {dagbag.py:588} INFO - Filling up the DagBag from /Users/andreasanditya/Downloads/572392_Andreas_AirflowETL/code/.venv/lib/python3.9/site-packages/airflow/example_dags/example_workday_timetable.py
[2026-09-18T13:23:09.122+0700] {processor.py:925} INFO - DAG(s) 'example_workday_timetable' retrieved from /Users/andreasanditya/Downloads/572392_Andreas_AirflowETL/code/.venv/lib/python3.9/site-packages/airflow/example_dags/example_workday_timetable.py
[2026-09-18T13:23:09.189+0700] {logging_mixin.py:190} INFO - [2026-09-18T13:23:09.189+0700] {dag.py:3239} INFO - Sync 1 DAGs
[2026-09-18T13:23:09.250+0700] {logging_mixin.py:190} INFO - [2026-09-18T13:23:09.250+0700] {dag.py:4180} INFO - Setting next_dagrun for example_workday_timetable to 2021-01-04 00:00:00+00:00, run_after=2021-01-05 00:00:00+00:00
[2026-09-18T13:23:09.261+0700] {processor.py:208} INFO - Processing /Users/andreasanditya/Downloads/572392_Andreas_AirflowETL/code/.venv/lib/python3.9/site-packages/airflow/example_dags/example_workday_timetable.py took 0.433 seconds
[2026-09-18T13:24:31.622+0700] {processor.py:186} INFO - Started process (PID=92386) to work on /Users/andreasanditya/Downloads/572392_Andreas_AirflowETL/code/.venv/lib/python3.9/site-packages/airflow/example_dags/example_workday_timetable.py
[2026-09-18T13:24:31.623+0700] {processor.py:914} INFO - Processing file /Users/andreasanditya/Downloads/572392_Andreas_AirflowETL/code/.venv/lib/python3.9/site-packages/airflow/example_dags/example_workday_timetable.py for tasks to queue
[2026-09-18T13:24:31.624+0700] {logging_mixin.py:190} INFO - [2026-09-18T13:24:31.624+0700] {dagbag.py:588} INFO - Filling up the DagBag from /Users/andreasanditya/Downloads/572392_Andreas_AirflowETL/code/.venv/lib/python3.9/site-packages/airflow/example_dags/example_workday_timetable.py
[2026-09-18T13:24:31.919+0700] {processor.py:925} INFO - DAG(s) 'example_workday_timetable' retrieved from /Users/andreasanditya/Downloads/572392_Andreas_AirflowETL/code/.venv/lib/python3.9/site-packages/airflow/example_dags/example_workday_timetable.py
[2026-09-18T13:24:31.985+0700] {logging_mixin.py:190} INFO - [2026-09-18T13:24:31.985+0700] {dag.py:3239} INFO - Sync 1 DAGs
[2026-09-18T13:24:32.046+0700] {logging_mixin.py:190} INFO - [2026-09-18T13:24:32.045+0700] {dag.py:4180} INFO - Setting next_dagrun for example_workday_timetable to 2021-01-04 00:00:00+00:00, run_after=2021-01-05 00:00:00+00:00
[2026-09-18T13:24:32.057+0700] {processor.py:208} INFO - Processing /Users/andreasanditya/Downloads/572392_Andreas_AirflowETL/code/.venv/lib/python3.9/site-packages/airflow/example_dags/example_workday_timetable.py took 0.437 seconds
[2026-09-18T13:25:57.648+0700] {processor.py:186} INFO - Started process (PID=93305) to work on /Users/andreasanditya/Downloads/572392_Andreas_AirflowETL/code/.venv/lib/python3.9/site-packages/airflow/example_dags/example_workday_timetable.py
[2026-09-18T13:25:57.649+0700] {processor.py:914} INFO - Processing file /Users/andreasanditya/Downloads/572392_Andreas_AirflowETL/code/.venv/lib/python3.9/site-packages/airflow/example_dags/example_workday_timetable.py for tasks to queue
[2026-09-18T13:25:57.650+0700] {logging_mixin.py:190} INFO - [2026-09-18T13:25:57.650+0700] {dagbag.py:588} INFO - Filling up the DagBag from /Users/andreasanditya/Downloads/572392_Andreas_AirflowETL/code/.venv/lib/python3.9/site-packages/airflow/example_dags/example_workday_timetable.py
[2026-09-18T13:25:58.153+0700] {processor.py:925} INFO - DAG(s) 'example_workday_timetable' retrieved from /Users/andreasanditya/Downloads/572392_Andreas_AirflowETL/code/.venv/lib/python3.9/site-packages/airflow/example_dags/example_workday_timetable.py
[2026-09-18T13:25:58.226+0700] {logging_mixin.py:190} INFO - [2026-09-18T13:25:58.226+0700] {dag.py:3239} INFO - Sync 1 DAGs
[2026-09-18T13:25:58.306+0700] {logging_mixin.py:190} INFO - [2026-09-18T13:25:58.306+0700] {dag.py:4180} INFO - Setting next_dagrun for example_workday_timetable to 2021-01-04 00:00:00+00:00, run_after=2021-01-05 00:00:00+00:00
[2026-09-18T13:25:58.317+0700] {processor.py:208} INFO - Processing /Users/andreasanditya/Downloads/572392_Andreas_AirflowETL/code/.venv/lib/python3.9/site-packages/airflow/example_dags/example_workday_timetable.py took 0.671 seconds
[2026-09-18T13:27:27.862+0700] {processor.py:186} INFO - Started process (PID=94354) to work on /Users/andreasanditya/Downloads/572392_Andreas_AirflowETL/code/.venv/lib/python3.9/site-packages/airflow/example_dags/example_workday_timetable.py
[2026-09-18T13:27:27.863+0700] {processor.py:914} INFO - Processing file /Users/andreasanditya/Downloads/572392_Andreas_AirflowETL/code/.venv/lib/python3.9/site-packages/airflow/example_dags/example_workday_timetable.py for tasks to queue
[2026-09-18T13:27:27.864+0700] {logging_mixin.py:190} INFO - [2026-09-18T13:27:27.864+0700] {dagbag.py:588} INFO - Filling up the DagBag from /Users/andreasanditya/Downloads/572392_Andreas_AirflowETL/code/.venv/lib/python3.9/site-packages/airflow/example_dags/example_workday_timetable.py
[2026-09-18T13:27:28.160+0700] {processor.py:925} INFO - DAG(s) 'example_workday_timetable' retrieved from /Users/andreasanditya/Downloads/572392_Andreas_AirflowETL/code/.venv/lib/python3.9/site-packages/airflow/example_dags/example_workday_timetable.py
[2026-09-18T13:27:28.228+0700] {logging_mixin.py:190} INFO - [2026-09-18T13:27:28.228+0700] {dag.py:3239} INFO - Sync 1 DAGs
[2026-09-18T13:27:28.310+0700] {logging_mixin.py:190} INFO - [2026-09-18T13:27:28.309+0700] {dag.py:4180} INFO - Setting next_dagrun for example_workday_timetable to 2021-01-04 00:00:00+00:00, run_after=2021-01-05 00:00:00+00:00
[2026-09-18T13:27:28.321+0700] {processor.py:208} INFO - Processing /Users/andreasanditya/Downloads/572392_Andreas_AirflowETL/code/.venv/lib/python3.9/site-packages/airflow/example_dags/example_workday_timetable.py took 0.462 seconds
[2026-09-18T13:28:57.206+0700] {processor.py:186} INFO - Started process (PID=95283) to work on /Users/andreasanditya/Downloads/572392_Andreas_AirflowETL/code/.venv/lib/python3.9/site-packages/airflow/example_dags/example_workday_timetable.py
[2026-09-18T13:28:57.207+0700] {processor.py:914} INFO - Processing file /Users/andreasanditya/Downloads/572392_Andreas_AirflowETL/code/.venv/lib/python3.9/site-packages/airflow/example_dags/example_workday_timetable.py for tasks to queue
[2026-09-18T13:28:57.207+0700] {logging_mixin.py:190} INFO - [2026-09-18T13:28:57.207+0700] {dagbag.py:588} INFO - Filling up the DagBag from /Users/andreasanditya/Downloads/572392_Andreas_AirflowETL/code/.venv/lib/python3.9/site-packages/airflow/example_dags/example_workday_timetable.py
[2026-09-18T13:28:57.506+0700] {processor.py:925} INFO - DAG(s) 'example_workday_timetable' retrieved from /Users/andreasanditya/Downloads/572392_Andreas_AirflowETL/code/.venv/lib/python3.9/site-packages/airflow/example_dags/example_workday_timetable.py
[2026-09-18T13:28:57.572+0700] {logging_mixin.py:190} INFO - [2026-09-18T13:28:57.572+0700] {dag.py:3239} INFO - Sync 1 DAGs
[2026-09-18T13:28:57.651+0700] {logging_mixin.py:190} INFO - [2026-09-18T13:28:57.651+0700] {dag.py:4180} INFO - Setting next_dagrun for example_workday_timetable to 2021-01-04 00:00:00+00:00, run_after=2021-01-05 00:00:00+00:00
[2026-09-18T13:28:57.661+0700] {processor.py:208} INFO - Processing /Users/andreasanditya/Downloads/572392_Andreas_AirflowETL/code/.venv/lib/python3.9/site-packages/airflow/example_dags/example_workday_timetable.py took 0.457 seconds
[2026-09-18T13:30:28.010+0700] {processor.py:186} INFO - Started process (PID=96407) to work on /Users/andreasanditya/Downloads/572392_Andreas_AirflowETL/code/.venv/lib/python3.9/site-packages/airflow/example_dags/example_workday_timetable.py
[2026-09-18T13:30:28.012+0700] {processor.py:914} INFO - Processing file /Users/andreasanditya/Downloads/572392_Andreas_AirflowETL/code/.venv/lib/python3.9/site-packages/airflow/example_dags/example_workday_timetable.py for tasks to queue
[2026-09-18T13:30:28.012+0700] {logging_mixin.py:190} INFO - [2026-09-18T13:30:28.012+0700] {dagbag.py:588} INFO - Filling up the DagBag from /Users/andreasanditya/Downloads/572392_Andreas_AirflowETL/code/.venv/lib/python3.9/site-packages/airflow/example_dags/example_workday_timetable.py
[2026-09-18T13:30:28.313+0700] {processor.py:925} INFO - DAG(s) 'example_workday_timetable' retrieved from /Users/andreasanditya/Downloads/572392_Andreas_AirflowETL/code/.venv/lib/python3.9/site-packages/airflow/example_dags/example_workday_timetable.py
[2026-09-18T13:30:28.381+0700] {logging_mixin.py:190} INFO - [2026-09-18T13:30:28.381+0700] {dag.py:3239} INFO - Sync 1 DAGs
[2026-09-18T13:30:28.464+0700] {logging_mixin.py:190} INFO - [2026-09-18T13:30:28.464+0700] {dag.py:4180} INFO - Setting next_dagrun for example_workday_timetable to 2021-01-04 00:00:00+00:00, run_after=2021-01-05 00:00:00+00:00
[2026-09-18T13:30:28.475+0700] {processor.py:208} INFO - Processing /Users/andreasanditya/Downloads/572392_Andreas_AirflowETL/code/.venv/lib/python3.9/site-packages/airflow/example_dags/example_workday_timetable.py took 0.467 seconds
[2026-09-18T13:31:58.147+0700] {processor.py:186} INFO - Started process (PID=97334) to work on /Users/andreasanditya/Downloads/572392_Andreas_AirflowETL/code/.venv/lib/python3.9/site-packages/airflow/example_dags/example_workday_timetable.py
[2026-09-18T13:31:58.148+0700] {processor.py:914} INFO - Processing file /Users/andreasanditya/Downloads/572392_Andreas_AirflowETL/code/.venv/lib/python3.9/site-packages/airflow/example_dags/example_workday_timetable.py for tasks to queue
[2026-09-18T13:31:58.149+0700] {logging_mixin.py:190} INFO - [2026-09-18T13:31:58.149+0700] {dagbag.py:588} INFO - Filling up the DagBag from /Users/andreasanditya/Downloads/572392_Andreas_AirflowETL/code/.venv/lib/python3.9/site-packages/airflow/example_dags/example_workday_timetable.py
[2026-09-18T13:31:58.439+0700] {processor.py:925} INFO - DAG(s) 'example_workday_timetable' retrieved from /Users/andreasanditya/Downloads/572392_Andreas_AirflowETL/code/.venv/lib/python3.9/site-packages/airflow/example_dags/example_workday_timetable.py
[2026-09-18T13:31:58.504+0700] {logging_mixin.py:190} INFO - [2026-09-18T13:31:58.504+0700] {dag.py:3239} INFO - Sync 1 DAGs
[2026-09-18T13:31:58.584+0700] {logging_mixin.py:190} INFO - [2026-09-18T13:31:58.584+0700] {dag.py:4180} INFO - Setting next_dagrun for example_workday_timetable to 2021-01-04 00:00:00+00:00, run_after=2021-01-05 00:00:00+00:00
[2026-09-18T13:31:58.595+0700] {processor.py:208} INFO - Processing /Users/andreasanditya/Downloads/572392_Andreas_AirflowETL/code/.venv/lib/python3.9/site-packages/airflow/example_dags/example_workday_timetable.py took 0.449 seconds
[2026-09-18T13:33:25.260+0700] {processor.py:186} INFO - Started process (PID=98219) to work on /Users/andreasanditya/Downloads/572392_Andreas_AirflowETL/code/.venv/lib/python3.9/site-packages/airflow/example_dags/example_workday_timetable.py
[2026-09-18T13:33:25.261+0700] {processor.py:914} INFO - Processing file /Users/andreasanditya/Downloads/572392_Andreas_AirflowETL/code/.venv/lib/python3.9/site-packages/airflow/example_dags/example_workday_timetable.py for tasks to queue
[2026-09-18T13:33:25.262+0700] {logging_mixin.py:190} INFO - [2026-09-18T13:33:25.262+0700] {dagbag.py:588} INFO - Filling up the DagBag from /Users/andreasanditya/Downloads/572392_Andreas_AirflowETL/code/.venv/lib/python3.9/site-packages/airflow/example_dags/example_workday_timetable.py
[2026-09-18T13:33:25.545+0700] {processor.py:925} INFO - DAG(s) 'example_workday_timetable' retrieved from /Users/andreasanditya/Downloads/572392_Andreas_AirflowETL/code/.venv/lib/python3.9/site-packages/airflow/example_dags/example_workday_timetable.py
[2026-09-18T13:33:25.611+0700] {logging_mixin.py:190} INFO - [2026-09-18T13:33:25.611+0700] {dag.py:3239} INFO - Sync 1 DAGs
[2026-09-18T13:33:25.687+0700] {logging_mixin.py:190} INFO - [2026-09-18T13:33:25.687+0700] {dag.py:4180} INFO - Setting next_dagrun for example_workday_timetable to 2021-01-04 00:00:00+00:00, run_after=2021-01-05 00:00:00+00:00
[2026-09-18T13:33:25.698+0700] {processor.py:208} INFO - Processing /Users/andreasanditya/Downloads/572392_Andreas_AirflowETL/code/.venv/lib/python3.9/site-packages/airflow/example_dags/example_workday_timetable.py took 0.439 seconds
[2026-09-18T13:34:51.677+0700] {processor.py:186} INFO - Started process (PID=99151) to work on /Users/andreasanditya/Downloads/572392_Andreas_AirflowETL/code/.venv/lib/python3.9/site-packages/airflow/example_dags/example_workday_timetable.py
[2026-09-18T13:34:51.678+0700] {processor.py:914} INFO - Processing file /Users/andreasanditya/Downloads/572392_Andreas_AirflowETL/code/.venv/lib/python3.9/site-packages/airflow/example_dags/example_workday_timetable.py for tasks to queue
[2026-09-18T13:34:51.679+0700] {logging_mixin.py:190} INFO - [2026-09-18T13:34:51.679+0700] {dagbag.py:588} INFO - Filling up the DagBag from /Users/andreasanditya/Downloads/572392_Andreas_AirflowETL/code/.venv/lib/python3.9/site-packages/airflow/example_dags/example_workday_timetable.py
[2026-09-18T13:34:52.172+0700] {processor.py:925} INFO - DAG(s) 'example_workday_timetable' retrieved from /Users/andreasanditya/Downloads/572392_Andreas_AirflowETL/code/.venv/lib/python3.9/site-packages/airflow/example_dags/example_workday_timetable.py
[2026-09-18T13:34:52.239+0700] {logging_mixin.py:190} INFO - [2026-09-18T13:34:52.239+0700] {dag.py:3239} INFO - Sync 1 DAGs
[2026-09-18T13:34:52.315+0700] {logging_mixin.py:190} INFO - [2026-09-18T13:34:52.315+0700] {dag.py:4180} INFO - Setting next_dagrun for example_workday_timetable to 2021-01-04 00:00:00+00:00, run_after=2021-01-05 00:00:00+00:00
[2026-09-18T13:34:52.325+0700] {processor.py:208} INFO - Processing /Users/andreasanditya/Downloads/572392_Andreas_AirflowETL/code/.venv/lib/python3.9/site-packages/airflow/example_dags/example_workday_timetable.py took 0.650 seconds
[2026-09-18T13:36:19.361+0700] {processor.py:186} INFO - Started process (PID=100) to work on /Users/andreasanditya/Downloads/572392_Andreas_AirflowETL/code/.venv/lib/python3.9/site-packages/airflow/example_dags/example_workday_timetable.py
[2026-09-18T13:36:19.362+0700] {processor.py:914} INFO - Processing file /Users/andreasanditya/Downloads/572392_Andreas_AirflowETL/code/.venv/lib/python3.9/site-packages/airflow/example_dags/example_workday_timetable.py for tasks to queue
[2026-09-18T13:36:19.363+0700] {logging_mixin.py:190} INFO - [2026-09-18T13:36:19.363+0700] {dagbag.py:588} INFO - Filling up the DagBag from /Users/andreasanditya/Downloads/572392_Andreas_AirflowETL/code/.venv/lib/python3.9/site-packages/airflow/example_dags/example_workday_timetable.py
[2026-09-18T13:36:19.652+0700] {processor.py:925} INFO - DAG(s) 'example_workday_timetable' retrieved from /Users/andreasanditya/Downloads/572392_Andreas_AirflowETL/code/.venv/lib/python3.9/site-packages/airflow/example_dags/example_workday_timetable.py
[2026-09-18T13:36:19.721+0700] {logging_mixin.py:190} INFO - [2026-09-18T13:36:19.721+0700] {dag.py:3239} INFO - Sync 1 DAGs
[2026-09-18T13:36:19.799+0700] {logging_mixin.py:190} INFO - [2026-09-18T13:36:19.799+0700] {dag.py:4180} INFO - Setting next_dagrun for example_workday_timetable to 2021-01-04 00:00:00+00:00, run_after=2021-01-05 00:00:00+00:00
[2026-09-18T13:36:19.811+0700] {processor.py:208} INFO - Processing /Users/andreasanditya/Downloads/572392_Andreas_AirflowETL/code/.venv/lib/python3.9/site-packages/airflow/example_dags/example_workday_timetable.py took 0.451 seconds
[2026-09-18T13:37:46.799+0700] {processor.py:186} INFO - Started process (PID=1191) to work on /Users/andreasanditya/Downloads/572392_Andreas_AirflowETL/code/.venv/lib/python3.9/site-packages/airflow/example_dags/example_workday_timetable.py
[2026-09-18T13:37:46.799+0700] {processor.py:914} INFO - Processing file /Users/andreasanditya/Downloads/572392_Andreas_AirflowETL/code/.venv/lib/python3.9/site-packages/airflow/example_dags/example_workday_timetable.py for tasks to queue
[2026-09-18T13:37:46.800+0700] {logging_mixin.py:190} INFO - [2026-09-18T13:37:46.800+0700] {dagbag.py:588} INFO - Filling up the DagBag from /Users/andreasanditya/Downloads/572392_Andreas_AirflowETL/code/.venv/lib/python3.9/site-packages/airflow/example_dags/example_workday_timetable.py
[2026-09-18T13:37:47.095+0700] {processor.py:925} INFO - DAG(s) 'example_workday_timetable' retrieved from /Users/andreasanditya/Downloads/572392_Andreas_AirflowETL/code/.venv/lib/python3.9/site-packages/airflow/example_dags/example_workday_timetable.py
[2026-09-18T13:37:47.162+0700] {logging_mixin.py:190} INFO - [2026-09-18T13:37:47.162+0700] {dag.py:3239} INFO - Sync 1 DAGs
[2026-09-18T13:37:47.242+0700] {logging_mixin.py:190} INFO - [2026-09-18T13:37:47.242+0700] {dag.py:4180} INFO - Setting next_dagrun for example_workday_timetable to 2021-01-04 00:00:00+00:00, run_after=2021-01-05 00:00:00+00:00
[2026-09-18T13:37:47.252+0700] {processor.py:208} INFO - Processing /Users/andreasanditya/Downloads/572392_Andreas_AirflowETL/code/.venv/lib/python3.9/site-packages/airflow/example_dags/example_workday_timetable.py took 0.456 seconds
[2026-09-18T13:39:13.984+0700] {processor.py:186} INFO - Started process (PID=2330) to work on /Users/andreasanditya/Downloads/572392_Andreas_AirflowETL/code/.venv/lib/python3.9/site-packages/airflow/example_dags/example_workday_timetable.py
[2026-09-18T13:39:13.984+0700] {processor.py:914} INFO - Processing file /Users/andreasanditya/Downloads/572392_Andreas_AirflowETL/code/.venv/lib/python3.9/site-packages/airflow/example_dags/example_workday_timetable.py for tasks to queue
[2026-09-18T13:39:13.985+0700] {logging_mixin.py:190} INFO - [2026-09-18T13:39:13.985+0700] {dagbag.py:588} INFO - Filling up the DagBag from /Users/andreasanditya/Downloads/572392_Andreas_AirflowETL/code/.venv/lib/python3.9/site-packages/airflow/example_dags/example_workday_timetable.py
[2026-09-18T13:39:14.280+0700] {processor.py:925} INFO - DAG(s) 'example_workday_timetable' retrieved from /Users/andreasanditya/Downloads/572392_Andreas_AirflowETL/code/.venv/lib/python3.9/site-packages/airflow/example_dags/example_workday_timetable.py
[2026-09-18T13:39:14.347+0700] {logging_mixin.py:190} INFO - [2026-09-18T13:39:14.347+0700] {dag.py:3239} INFO - Sync 1 DAGs
[2026-09-18T13:39:14.431+0700] {logging_mixin.py:190} INFO - [2026-09-18T13:39:14.431+0700] {dag.py:4180} INFO - Setting next_dagrun for example_workday_timetable to 2021-01-04 00:00:00+00:00, run_after=2021-01-05 00:00:00+00:00
[2026-09-18T13:39:14.444+0700] {processor.py:208} INFO - Processing /Users/andreasanditya/Downloads/572392_Andreas_AirflowETL/code/.venv/lib/python3.9/site-packages/airflow/example_dags/example_workday_timetable.py took 0.462 seconds
[2026-09-18T13:40:40.111+0700] {processor.py:186} INFO - Started process (PID=3885) to work on /Users/andreasanditya/Downloads/572392_Andreas_AirflowETL/code/.venv/lib/python3.9/site-packages/airflow/example_dags/example_workday_timetable.py
[2026-09-18T13:40:40.112+0700] {processor.py:914} INFO - Processing file /Users/andreasanditya/Downloads/572392_Andreas_AirflowETL/code/.venv/lib/python3.9/site-packages/airflow/example_dags/example_workday_timetable.py for tasks to queue
[2026-09-18T13:40:40.112+0700] {logging_mixin.py:190} INFO - [2026-09-18T13:40:40.112+0700] {dagbag.py:588} INFO - Filling up the DagBag from /Users/andreasanditya/Downloads/572392_Andreas_AirflowETL/code/.venv/lib/python3.9/site-packages/airflow/example_dags/example_workday_timetable.py
[2026-09-18T13:40:40.414+0700] {processor.py:925} INFO - DAG(s) 'example_workday_timetable' retrieved from /Users/andreasanditya/Downloads/572392_Andreas_AirflowETL/code/.venv/lib/python3.9/site-packages/airflow/example_dags/example_workday_timetable.py
[2026-09-18T13:40:40.479+0700] {logging_mixin.py:190} INFO - [2026-09-18T13:40:40.479+0700] {dag.py:3239} INFO - Sync 1 DAGs
[2026-09-18T13:40:40.557+0700] {logging_mixin.py:190} INFO - [2026-09-18T13:40:40.557+0700] {dag.py:4180} INFO - Setting next_dagrun for example_workday_timetable to 2021-01-04 00:00:00+00:00, run_after=2021-01-05 00:00:00+00:00
[2026-09-18T13:40:40.567+0700] {processor.py:208} INFO - Processing /Users/andreasanditya/Downloads/572392_Andreas_AirflowETL/code/.venv/lib/python3.9/site-packages/airflow/example_dags/example_workday_timetable.py took 0.459 seconds
[2026-09-18T13:42:07.848+0700] {processor.py:186} INFO - Started process (PID=4815) to work on /Users/andreasanditya/Downloads/572392_Andreas_AirflowETL/code/.venv/lib/python3.9/site-packages/airflow/example_dags/example_workday_timetable.py
[2026-09-18T13:42:07.849+0700] {processor.py:914} INFO - Processing file /Users/andreasanditya/Downloads/572392_Andreas_AirflowETL/code/.venv/lib/python3.9/site-packages/airflow/example_dags/example_workday_timetable.py for tasks to queue
[2026-09-18T13:42:07.849+0700] {logging_mixin.py:190} INFO - [2026-09-18T13:42:07.849+0700] {dagbag.py:588} INFO - Filling up the DagBag from /Users/andreasanditya/Downloads/572392_Andreas_AirflowETL/code/.venv/lib/python3.9/site-packages/airflow/example_dags/example_workday_timetable.py
[2026-09-18T13:42:08.142+0700] {processor.py:925} INFO - DAG(s) 'example_workday_timetable' retrieved from /Users/andreasanditya/Downloads/572392_Andreas_AirflowETL/code/.venv/lib/python3.9/site-packages/airflow/example_dags/example_workday_timetable.py
[2026-09-18T13:42:08.210+0700] {logging_mixin.py:190} INFO - [2026-09-18T13:42:08.210+0700] {dag.py:3239} INFO - Sync 1 DAGs
[2026-09-18T13:42:08.271+0700] {logging_mixin.py:190} INFO - [2026-09-18T13:42:08.270+0700] {dag.py:4180} INFO - Setting next_dagrun for example_workday_timetable to 2021-01-04 00:00:00+00:00, run_after=2021-01-05 00:00:00+00:00
[2026-09-18T13:42:08.281+0700] {processor.py:208} INFO - Processing /Users/andreasanditya/Downloads/572392_Andreas_AirflowETL/code/.venv/lib/python3.9/site-packages/airflow/example_dags/example_workday_timetable.py took 0.435 seconds
[2026-09-18T13:43:36.424+0700] {processor.py:186} INFO - Started process (PID=5652) to work on /Users/andreasanditya/Downloads/572392_Andreas_AirflowETL/code/.venv/lib/python3.9/site-packages/airflow/example_dags/example_workday_timetable.py
[2026-09-18T13:43:36.426+0700] {processor.py:914} INFO - Processing file /Users/andreasanditya/Downloads/572392_Andreas_AirflowETL/code/.venv/lib/python3.9/site-packages/airflow/example_dags/example_workday_timetable.py for tasks to queue
[2026-09-18T13:43:36.427+0700] {logging_mixin.py:190} INFO - [2026-09-18T13:43:36.427+0700] {dagbag.py:588} INFO - Filling up the DagBag from /Users/andreasanditya/Downloads/572392_Andreas_AirflowETL/code/.venv/lib/python3.9/site-packages/airflow/example_dags/example_workday_timetable.py
[2026-09-18T13:43:36.748+0700] {processor.py:925} INFO - DAG(s) 'example_workday_timetable' retrieved from /Users/andreasanditya/Downloads/572392_Andreas_AirflowETL/code/.venv/lib/python3.9/site-packages/airflow/example_dags/example_workday_timetable.py
[2026-09-18T13:43:36.825+0700] {logging_mixin.py:190} INFO - [2026-09-18T13:43:36.825+0700] {dag.py:3239} INFO - Sync 1 DAGs
[2026-09-18T13:43:36.893+0700] {logging_mixin.py:190} INFO - [2026-09-18T13:43:36.893+0700] {dag.py:4180} INFO - Setting next_dagrun for example_workday_timetable to 2021-01-04 00:00:00+00:00, run_after=2021-01-05 00:00:00+00:00
[2026-09-18T13:43:36.904+0700] {processor.py:208} INFO - Processing /Users/andreasanditya/Downloads/572392_Andreas_AirflowETL/code/.venv/lib/python3.9/site-packages/airflow/example_dags/example_workday_timetable.py took 0.482 seconds
[2026-09-18T13:45:03.391+0700] {processor.py:186} INFO - Started process (PID=6581) to work on /Users/andreasanditya/Downloads/572392_Andreas_AirflowETL/code/.venv/lib/python3.9/site-packages/airflow/example_dags/example_workday_timetable.py
[2026-09-18T13:45:03.392+0700] {processor.py:914} INFO - Processing file /Users/andreasanditya/Downloads/572392_Andreas_AirflowETL/code/.venv/lib/python3.9/site-packages/airflow/example_dags/example_workday_timetable.py for tasks to queue
[2026-09-18T13:45:03.393+0700] {logging_mixin.py:190} INFO - [2026-09-18T13:45:03.392+0700] {dagbag.py:588} INFO - Filling up the DagBag from /Users/andreasanditya/Downloads/572392_Andreas_AirflowETL/code/.venv/lib/python3.9/site-packages/airflow/example_dags/example_workday_timetable.py
[2026-09-18T13:45:03.702+0700] {processor.py:925} INFO - DAG(s) 'example_workday_timetable' retrieved from /Users/andreasanditya/Downloads/572392_Andreas_AirflowETL/code/.venv/lib/python3.9/site-packages/airflow/example_dags/example_workday_timetable.py
[2026-09-18T13:45:03.770+0700] {logging_mixin.py:190} INFO - [2026-09-18T13:45:03.770+0700] {dag.py:3239} INFO - Sync 1 DAGs
[2026-09-18T13:45:03.851+0700] {logging_mixin.py:190} INFO - [2026-09-18T13:45:03.851+0700] {dag.py:4180} INFO - Setting next_dagrun for example_workday_timetable to 2021-01-04 00:00:00+00:00, run_after=2021-01-05 00:00:00+00:00
[2026-09-18T13:45:03.861+0700] {processor.py:208} INFO - Processing /Users/andreasanditya/Downloads/572392_Andreas_AirflowETL/code/.venv/lib/python3.9/site-packages/airflow/example_dags/example_workday_timetable.py took 0.473 seconds
[2026-09-18T13:46:37.416+0700] {processor.py:186} INFO - Started process (PID=7526) to work on /Users/andreasanditya/Downloads/572392_Andreas_AirflowETL/code/.venv/lib/python3.9/site-packages/airflow/example_dags/example_workday_timetable.py
[2026-09-18T13:46:37.417+0700] {processor.py:914} INFO - Processing file /Users/andreasanditya/Downloads/572392_Andreas_AirflowETL/code/.venv/lib/python3.9/site-packages/airflow/example_dags/example_workday_timetable.py for tasks to queue
[2026-09-18T13:46:37.418+0700] {logging_mixin.py:190} INFO - [2026-09-18T13:46:37.418+0700] {dagbag.py:588} INFO - Filling up the DagBag from /Users/andreasanditya/Downloads/572392_Andreas_AirflowETL/code/.venv/lib/python3.9/site-packages/airflow/example_dags/example_workday_timetable.py
[2026-09-18T13:46:37.751+0700] {processor.py:925} INFO - DAG(s) 'example_workday_timetable' retrieved from /Users/andreasanditya/Downloads/572392_Andreas_AirflowETL/code/.venv/lib/python3.9/site-packages/airflow/example_dags/example_workday_timetable.py
[2026-09-18T13:46:37.817+0700] {logging_mixin.py:190} INFO - [2026-09-18T13:46:37.817+0700] {dag.py:3239} INFO - Sync 1 DAGs
[2026-09-18T13:46:37.881+0700] {logging_mixin.py:190} INFO - [2026-09-18T13:46:37.881+0700] {dag.py:4180} INFO - Setting next_dagrun for example_workday_timetable to 2021-01-04 00:00:00+00:00, run_after=2021-01-05 00:00:00+00:00
[2026-09-18T13:46:37.892+0700] {processor.py:208} INFO - Processing /Users/andreasanditya/Downloads/572392_Andreas_AirflowETL/code/.venv/lib/python3.9/site-packages/airflow/example_dags/example_workday_timetable.py took 0.477 seconds
[2026-09-18T13:48:03.144+0700] {processor.py:186} INFO - Started process (PID=8451) to work on /Users/andreasanditya/Downloads/572392_Andreas_AirflowETL/code/.venv/lib/python3.9/site-packages/airflow/example_dags/example_workday_timetable.py
[2026-09-18T13:48:03.145+0700] {processor.py:914} INFO - Processing file /Users/andreasanditya/Downloads/572392_Andreas_AirflowETL/code/.venv/lib/python3.9/site-packages/airflow/example_dags/example_workday_timetable.py for tasks to queue
[2026-09-18T13:48:03.145+0700] {logging_mixin.py:190} INFO - [2026-09-18T13:48:03.145+0700] {dagbag.py:588} INFO - Filling up the DagBag from /Users/andreasanditya/Downloads/572392_Andreas_AirflowETL/code/.venv/lib/python3.9/site-packages/airflow/example_dags/example_workday_timetable.py
[2026-09-18T13:48:03.430+0700] {processor.py:925} INFO - DAG(s) 'example_workday_timetable' retrieved from /Users/andreasanditya/Downloads/572392_Andreas_AirflowETL/code/.venv/lib/python3.9/site-packages/airflow/example_dags/example_workday_timetable.py
[2026-09-18T13:48:03.496+0700] {logging_mixin.py:190} INFO - [2026-09-18T13:48:03.496+0700] {dag.py:3239} INFO - Sync 1 DAGs
[2026-09-18T13:48:03.561+0700] {logging_mixin.py:190} INFO - [2026-09-18T13:48:03.561+0700] {dag.py:4180} INFO - Setting next_dagrun for example_workday_timetable to 2021-01-04 00:00:00+00:00, run_after=2021-01-05 00:00:00+00:00
[2026-09-18T13:48:03.571+0700] {processor.py:208} INFO - Processing /Users/andreasanditya/Downloads/572392_Andreas_AirflowETL/code/.venv/lib/python3.9/site-packages/airflow/example_dags/example_workday_timetable.py took 0.430 seconds
[2026-09-18T13:49:32.426+0700] {processor.py:186} INFO - Started process (PID=9489) to work on /Users/andreasanditya/Downloads/572392_Andreas_AirflowETL/code/.venv/lib/python3.9/site-packages/airflow/example_dags/example_workday_timetable.py
[2026-09-18T13:49:32.427+0700] {processor.py:914} INFO - Processing file /Users/andreasanditya/Downloads/572392_Andreas_AirflowETL/code/.venv/lib/python3.9/site-packages/airflow/example_dags/example_workday_timetable.py for tasks to queue
[2026-09-18T13:49:32.428+0700] {logging_mixin.py:190} INFO - [2026-09-18T13:49:32.428+0700] {dagbag.py:588} INFO - Filling up the DagBag from /Users/andreasanditya/Downloads/572392_Andreas_AirflowETL/code/.venv/lib/python3.9/site-packages/airflow/example_dags/example_workday_timetable.py
[2026-09-18T13:49:32.746+0700] {processor.py:925} INFO - DAG(s) 'example_workday_timetable' retrieved from /Users/andreasanditya/Downloads/572392_Andreas_AirflowETL/code/.venv/lib/python3.9/site-packages/airflow/example_dags/example_workday_timetable.py
[2026-09-18T13:49:32.817+0700] {logging_mixin.py:190} INFO - [2026-09-18T13:49:32.817+0700] {dag.py:3239} INFO - Sync 1 DAGs
[2026-09-18T13:49:32.886+0700] {logging_mixin.py:190} INFO - [2026-09-18T13:49:32.886+0700] {dag.py:4180} INFO - Setting next_dagrun for example_workday_timetable to 2021-01-04 00:00:00+00:00, run_after=2021-01-05 00:00:00+00:00
[2026-09-18T13:49:32.899+0700] {processor.py:208} INFO - Processing /Users/andreasanditya/Downloads/572392_Andreas_AirflowETL/code/.venv/lib/python3.9/site-packages/airflow/example_dags/example_workday_timetable.py took 0.475 seconds
[2026-09-18T13:51:01.304+0700] {processor.py:186} INFO - Started process (PID=10621) to work on /Users/andreasanditya/Downloads/572392_Andreas_AirflowETL/code/.venv/lib/python3.9/site-packages/airflow/example_dags/example_workday_timetable.py
[2026-09-18T13:51:01.305+0700] {processor.py:914} INFO - Processing file /Users/andreasanditya/Downloads/572392_Andreas_AirflowETL/code/.venv/lib/python3.9/site-packages/airflow/example_dags/example_workday_timetable.py for tasks to queue
[2026-09-18T13:51:01.306+0700] {logging_mixin.py:190} INFO - [2026-09-18T13:51:01.306+0700] {dagbag.py:588} INFO - Filling up the DagBag from /Users/andreasanditya/Downloads/572392_Andreas_AirflowETL/code/.venv/lib/python3.9/site-packages/airflow/example_dags/example_workday_timetable.py
[2026-09-18T13:51:01.618+0700] {processor.py:925} INFO - DAG(s) 'example_workday_timetable' retrieved from /Users/andreasanditya/Downloads/572392_Andreas_AirflowETL/code/.venv/lib/python3.9/site-packages/airflow/example_dags/example_workday_timetable.py
[2026-09-18T13:51:01.685+0700] {logging_mixin.py:190} INFO - [2026-09-18T13:51:01.685+0700] {dag.py:3239} INFO - Sync 1 DAGs
[2026-09-18T13:51:01.748+0700] {logging_mixin.py:190} INFO - [2026-09-18T13:51:01.748+0700] {dag.py:4180} INFO - Setting next_dagrun for example_workday_timetable to 2021-01-04 00:00:00+00:00, run_after=2021-01-05 00:00:00+00:00
[2026-09-18T13:51:01.758+0700] {processor.py:208} INFO - Processing /Users/andreasanditya/Downloads/572392_Andreas_AirflowETL/code/.venv/lib/python3.9/site-packages/airflow/example_dags/example_workday_timetable.py took 0.456 seconds
[2026-09-18T13:52:30.696+0700] {processor.py:186} INFO - Started process (PID=11720) to work on /Users/andreasanditya/Downloads/572392_Andreas_AirflowETL/code/.venv/lib/python3.9/site-packages/airflow/example_dags/example_workday_timetable.py
[2026-09-18T13:52:30.697+0700] {processor.py:914} INFO - Processing file /Users/andreasanditya/Downloads/572392_Andreas_AirflowETL/code/.venv/lib/python3.9/site-packages/airflow/example_dags/example_workday_timetable.py for tasks to queue
[2026-09-18T13:52:30.698+0700] {logging_mixin.py:190} INFO - [2026-09-18T13:52:30.698+0700] {dagbag.py:588} INFO - Filling up the DagBag from /Users/andreasanditya/Downloads/572392_Andreas_AirflowETL/code/.venv/lib/python3.9/site-packages/airflow/example_dags/example_workday_timetable.py
[2026-09-18T13:52:31.009+0700] {processor.py:925} INFO - DAG(s) 'example_workday_timetable' retrieved from /Users/andreasanditya/Downloads/572392_Andreas_AirflowETL/code/.venv/lib/python3.9/site-packages/airflow/example_dags/example_workday_timetable.py
[2026-09-18T13:52:31.077+0700] {logging_mixin.py:190} INFO - [2026-09-18T13:52:31.077+0700] {dag.py:3239} INFO - Sync 1 DAGs
[2026-09-18T13:52:31.157+0700] {logging_mixin.py:190} INFO - [2026-09-18T13:52:31.156+0700] {dag.py:4180} INFO - Setting next_dagrun for example_workday_timetable to 2021-01-04 00:00:00+00:00, run_after=2021-01-05 00:00:00+00:00
[2026-09-18T13:52:31.169+0700] {processor.py:208} INFO - Processing /Users/andreasanditya/Downloads/572392_Andreas_AirflowETL/code/.venv/lib/python3.9/site-packages/airflow/example_dags/example_workday_timetable.py took 0.475 seconds
[2026-09-18T13:53:54.115+0700] {processor.py:186} INFO - Started process (PID=12555) to work on /Users/andreasanditya/Downloads/572392_Andreas_AirflowETL/code/.venv/lib/python3.9/site-packages/airflow/example_dags/example_workday_timetable.py
[2026-09-18T13:53:54.116+0700] {processor.py:914} INFO - Processing file /Users/andreasanditya/Downloads/572392_Andreas_AirflowETL/code/.venv/lib/python3.9/site-packages/airflow/example_dags/example_workday_timetable.py for tasks to queue
[2026-09-18T13:53:54.117+0700] {logging_mixin.py:190} INFO - [2026-09-18T13:53:54.117+0700] {dagbag.py:588} INFO - Filling up the DagBag from /Users/andreasanditya/Downloads/572392_Andreas_AirflowETL/code/.venv/lib/python3.9/site-packages/airflow/example_dags/example_workday_timetable.py
[2026-09-18T13:53:54.405+0700] {processor.py:925} INFO - DAG(s) 'example_workday_timetable' retrieved from /Users/andreasanditya/Downloads/572392_Andreas_AirflowETL/code/.venv/lib/python3.9/site-packages/airflow/example_dags/example_workday_timetable.py
[2026-09-18T13:53:54.472+0700] {logging_mixin.py:190} INFO - [2026-09-18T13:53:54.471+0700] {dag.py:3239} INFO - Sync 1 DAGs
[2026-09-18T13:53:54.555+0700] {logging_mixin.py:190} INFO - [2026-09-18T13:53:54.555+0700] {dag.py:4180} INFO - Setting next_dagrun for example_workday_timetable to 2021-01-04 00:00:00+00:00, run_after=2021-01-05 00:00:00+00:00
[2026-09-18T13:53:54.565+0700] {processor.py:208} INFO - Processing /Users/andreasanditya/Downloads/572392_Andreas_AirflowETL/code/.venv/lib/python3.9/site-packages/airflow/example_dags/example_workday_timetable.py took 0.452 seconds
