[2026-09-18T11:17:01.645+0700] {processor.py:186} INFO - Started process (PID=10421) to work on /Users/andreasanditya/Downloads/572392_Andreas_AirflowETL/code/.venv/lib/python3.9/site-packages/airflow/example_dags/example_trigger_target_dag.py
[2026-09-18T11:17:01.645+0700] {processor.py:914} INFO - Processing file /Users/andreasanditya/Downloads/572392_Andreas_AirflowETL/code/.venv/lib/python3.9/site-packages/airflow/example_dags/example_trigger_target_dag.py for tasks to queue
[2026-09-18T11:17:01.646+0700] {logging_mixin.py:190} INFO - [2026-09-18T11:17:01.646+0700] {dagbag.py:588} INFO - Filling up the DagBag from /Users/andreasanditya/Downloads/572392_Andreas_AirflowETL/code/.venv/lib/python3.9/site-packages/airflow/example_dags/example_trigger_target_dag.py
[2026-09-18T11:17:01.693+0700] {processor.py:925} INFO - DAG(s) 'example_trigger_target_dag' retrieved from /Users/andreasanditya/Downloads/572392_Andreas_AirflowETL/code/.venv/lib/python3.9/site-packages/airflow/example_dags/example_trigger_target_dag.py
[2026-09-18T11:17:01.797+0700] {logging_mixin.py:190} INFO - [2026-09-18T11:17:01.797+0700] {override.py:1912} INFO - Created Permission View: can delete on DAG:example_trigger_target_dag
[2026-09-18T11:17:01.802+0700] {logging_mixin.py:190} INFO - [2026-09-18T11:17:01.802+0700] {override.py:1912} INFO - Created Permission View: can edit on DAG:example_trigger_target_dag
[2026-09-18T11:17:01.806+0700] {logging_mixin.py:190} INFO - [2026-09-18T11:17:01.805+0700] {override.py:1912} INFO - Created Permission View: can read on DAG:example_trigger_target_dag
[2026-09-18T11:17:01.809+0700] {logging_mixin.py:190} INFO - [2026-09-18T11:17:01.809+0700] {override.py:1912} INFO - Created Permission View: can delete on DAG Run:example_trigger_target_dag
[2026-09-18T11:17:01.812+0700] {logging_mixin.py:190} INFO - [2026-09-18T11:17:01.812+0700] {override.py:1912} INFO - Created Permission View: menu access on DAG Run:example_trigger_target_dag
[2026-09-18T11:17:01.815+0700] {logging_mixin.py:190} INFO - [2026-09-18T11:17:01.815+0700] {override.py:1912} INFO - Created Permission View: can read on DAG Run:example_trigger_target_dag
[2026-09-18T11:17:01.818+0700] {logging_mixin.py:190} INFO - [2026-09-18T11:17:01.818+0700] {override.py:1912} INFO - Created Permission View: can create on DAG Run:example_trigger_target_dag
[2026-09-18T11:17:01.818+0700] {logging_mixin.py:190} INFO - [2026-09-18T11:17:01.818+0700] {dag.py:3239} INFO - Sync 1 DAGs
[2026-09-18T11:17:01.824+0700] {logging_mixin.py:190} INFO - [2026-09-18T11:17:01.824+0700] {dag.py:3262} INFO - Creating ORM DAG for example_trigger_target_dag
[2026-09-18T11:17:01.825+0700] {logging_mixin.py:190} INFO - [2026-09-18T11:17:01.825+0700] {dag.py:4180} INFO - Setting next_dagrun for example_trigger_target_dag to None, run_after=None
[2026-09-18T11:17:01.834+0700] {processor.py:208} INFO - Processing /Users/andreasanditya/Downloads/572392_Andreas_AirflowETL/code/.venv/lib/python3.9/site-packages/airflow/example_dags/example_trigger_target_dag.py took 0.191 seconds
[2026-09-18T11:19:19.140+0700] {processor.py:186} INFO - Started process (PID=11861) to work on /Users/andreasanditya/Downloads/572392_Andreas_AirflowETL/code/.venv/lib/python3.9/site-packages/airflow/example_dags/example_trigger_target_dag.py
[2026-09-18T11:19:19.140+0700] {processor.py:914} INFO - Processing file /Users/andreasanditya/Downloads/572392_Andreas_AirflowETL/code/.venv/lib/python3.9/site-packages/airflow/example_dags/example_trigger_target_dag.py for tasks to queue
[2026-09-18T11:19:19.141+0700] {logging_mixin.py:190} INFO - [2026-09-18T11:19:19.141+0700] {dagbag.py:588} INFO - Filling up the DagBag from /Users/andreasanditya/Downloads/572392_Andreas_AirflowETL/code/.venv/lib/python3.9/site-packages/airflow/example_dags/example_trigger_target_dag.py
[2026-09-18T11:19:19.188+0700] {processor.py:925} INFO - DAG(s) 'example_trigger_target_dag' retrieved from /Users/andreasanditya/Downloads/572392_Andreas_AirflowETL/code/.venv/lib/python3.9/site-packages/airflow/example_dags/example_trigger_target_dag.py
[2026-09-18T11:19:19.249+0700] {logging_mixin.py:190} INFO - [2026-09-18T11:19:19.248+0700] {dag.py:3239} INFO - Sync 1 DAGs
[2026-09-18T11:19:19.254+0700] {logging_mixin.py:190} INFO - [2026-09-18T11:19:19.254+0700] {dag.py:4180} INFO - Setting next_dagrun for example_trigger_target_dag to None, run_after=None
[2026-09-18T11:19:19.265+0700] {processor.py:208} INFO - Processing /Users/andreasanditya/Downloads/572392_Andreas_AirflowETL/code/.venv/lib/python3.9/site-packages/airflow/example_dags/example_trigger_target_dag.py took 0.127 seconds
[2026-09-18T11:20:51.727+0700] {processor.py:186} INFO - Started process (PID=12829) to work on /Users/andreasanditya/Downloads/572392_Andreas_AirflowETL/code/.venv/lib/python3.9/site-packages/airflow/example_dags/example_trigger_target_dag.py
[2026-09-18T11:20:51.728+0700] {processor.py:914} INFO - Processing file /Users/andreasanditya/Downloads/572392_Andreas_AirflowETL/code/.venv/lib/python3.9/site-packages/airflow/example_dags/example_trigger_target_dag.py for tasks to queue
[2026-09-18T11:20:51.729+0700] {logging_mixin.py:190} INFO - [2026-09-18T11:20:51.729+0700] {dagbag.py:588} INFO - Filling up the DagBag from /Users/andreasanditya/Downloads/572392_Andreas_AirflowETL/code/.venv/lib/python3.9/site-packages/airflow/example_dags/example_trigger_target_dag.py
[2026-09-18T11:20:51.779+0700] {processor.py:925} INFO - DAG(s) 'example_trigger_target_dag' retrieved from /Users/andreasanditya/Downloads/572392_Andreas_AirflowETL/code/.venv/lib/python3.9/site-packages/airflow/example_dags/example_trigger_target_dag.py
[2026-09-18T11:20:51.839+0700] {logging_mixin.py:190} INFO - [2026-09-18T11:20:51.839+0700] {dag.py:3239} INFO - Sync 1 DAGs
[2026-09-18T11:20:51.845+0700] {logging_mixin.py:190} INFO - [2026-09-18T11:20:51.845+0700] {dag.py:4180} INFO - Setting next_dagrun for example_trigger_target_dag to None, run_after=None
[2026-09-18T11:20:51.857+0700] {processor.py:208} INFO - Processing /Users/andreasanditya/Downloads/572392_Andreas_AirflowETL/code/.venv/lib/python3.9/site-packages/airflow/example_dags/example_trigger_target_dag.py took 0.131 seconds
[2026-09-18T11:22:51.072+0700] {processor.py:186} INFO - Started process (PID=14164) to work on /Users/andreasanditya/Downloads/572392_Andreas_AirflowETL/code/.venv/lib/python3.9/site-packages/airflow/example_dags/example_trigger_target_dag.py
[2026-09-18T11:22:51.073+0700] {processor.py:914} INFO - Processing file /Users/andreasanditya/Downloads/572392_Andreas_AirflowETL/code/.venv/lib/python3.9/site-packages/airflow/example_dags/example_trigger_target_dag.py for tasks to queue
[2026-09-18T11:22:51.074+0700] {logging_mixin.py:190} INFO - [2026-09-18T11:22:51.074+0700] {dagbag.py:588} INFO - Filling up the DagBag from /Users/andreasanditya/Downloads/572392_Andreas_AirflowETL/code/.venv/lib/python3.9/site-packages/airflow/example_dags/example_trigger_target_dag.py
[2026-09-18T11:22:51.124+0700] {processor.py:925} INFO - DAG(s) 'example_trigger_target_dag' retrieved from /Users/andreasanditya/Downloads/572392_Andreas_AirflowETL/code/.venv/lib/python3.9/site-packages/airflow/example_dags/example_trigger_target_dag.py
[2026-09-18T11:22:51.185+0700] {logging_mixin.py:190} INFO - [2026-09-18T11:22:51.185+0700] {dag.py:3239} INFO - Sync 1 DAGs
[2026-09-18T11:22:51.191+0700] {logging_mixin.py:190} INFO - [2026-09-18T11:22:51.191+0700] {dag.py:4180} INFO - Setting next_dagrun for example_trigger_target_dag to None, run_after=None
[2026-09-18T11:22:51.202+0700] {processor.py:208} INFO - Processing /Users/andreasanditya/Downloads/572392_Andreas_AirflowETL/code/.venv/lib/python3.9/site-packages/airflow/example_dags/example_trigger_target_dag.py took 0.132 seconds
[2026-09-18T11:24:16.967+0700] {processor.py:186} INFO - Started process (PID=15145) to work on /Users/andreasanditya/Downloads/572392_Andreas_AirflowETL/code/.venv/lib/python3.9/site-packages/airflow/example_dags/example_trigger_target_dag.py
[2026-09-18T11:24:16.969+0700] {processor.py:914} INFO - Processing file /Users/andreasanditya/Downloads/572392_Andreas_AirflowETL/code/.venv/lib/python3.9/site-packages/airflow/example_dags/example_trigger_target_dag.py for tasks to queue
[2026-09-18T11:24:16.969+0700] {logging_mixin.py:190} INFO - [2026-09-18T11:24:16.969+0700] {dagbag.py:588} INFO - Filling up the DagBag from /Users/andreasanditya/Downloads/572392_Andreas_AirflowETL/code/.venv/lib/python3.9/site-packages/airflow/example_dags/example_trigger_target_dag.py
[2026-09-18T11:24:17.028+0700] {processor.py:925} INFO - DAG(s) 'example_trigger_target_dag' retrieved from /Users/andreasanditya/Downloads/572392_Andreas_AirflowETL/code/.venv/lib/python3.9/site-packages/airflow/example_dags/example_trigger_target_dag.py
[2026-09-18T11:24:17.091+0700] {logging_mixin.py:190} INFO - [2026-09-18T11:24:17.091+0700] {dag.py:3239} INFO - Sync 1 DAGs
[2026-09-18T11:24:17.098+0700] {logging_mixin.py:190} INFO - [2026-09-18T11:24:17.098+0700] {dag.py:4180} INFO - Setting next_dagrun for example_trigger_target_dag to None, run_after=None
[2026-09-18T11:24:17.109+0700] {processor.py:208} INFO - Processing /Users/andreasanditya/Downloads/572392_Andreas_AirflowETL/code/.venv/lib/python3.9/site-packages/airflow/example_dags/example_trigger_target_dag.py took 0.145 seconds
[2026-09-18T11:26:21.131+0700] {processor.py:186} INFO - Started process (PID=16465) to work on /Users/andreasanditya/Downloads/572392_Andreas_AirflowETL/code/.venv/lib/python3.9/site-packages/airflow/example_dags/example_trigger_target_dag.py
[2026-09-18T11:26:21.132+0700] {processor.py:914} INFO - Processing file /Users/andreasanditya/Downloads/572392_Andreas_AirflowETL/code/.venv/lib/python3.9/site-packages/airflow/example_dags/example_trigger_target_dag.py for tasks to queue
[2026-09-18T11:26:21.133+0700] {logging_mixin.py:190} INFO - [2026-09-18T11:26:21.133+0700] {dagbag.py:588} INFO - Filling up the DagBag from /Users/andreasanditya/Downloads/572392_Andreas_AirflowETL/code/.venv/lib/python3.9/site-packages/airflow/example_dags/example_trigger_target_dag.py
[2026-09-18T11:26:21.182+0700] {processor.py:925} INFO - DAG(s) 'example_trigger_target_dag' retrieved from /Users/andreasanditya/Downloads/572392_Andreas_AirflowETL/code/.venv/lib/python3.9/site-packages/airflow/example_dags/example_trigger_target_dag.py
[2026-09-18T11:26:21.242+0700] {logging_mixin.py:190} INFO - [2026-09-18T11:26:21.242+0700] {dag.py:3239} INFO - Sync 1 DAGs
[2026-09-18T11:26:21.248+0700] {logging_mixin.py:190} INFO - [2026-09-18T11:26:21.248+0700] {dag.py:4180} INFO - Setting next_dagrun for example_trigger_target_dag to None, run_after=None
[2026-09-18T11:26:21.258+0700] {processor.py:208} INFO - Processing /Users/andreasanditya/Downloads/572392_Andreas_AirflowETL/code/.venv/lib/python3.9/site-packages/airflow/example_dags/example_trigger_target_dag.py took 0.129 seconds
[2026-09-18T11:27:53.158+0700] {processor.py:186} INFO - Started process (PID=17374) to work on /Users/andreasanditya/Downloads/572392_Andreas_AirflowETL/code/.venv/lib/python3.9/site-packages/airflow/example_dags/example_trigger_target_dag.py
[2026-09-18T11:27:53.159+0700] {processor.py:914} INFO - Processing file /Users/andreasanditya/Downloads/572392_Andreas_AirflowETL/code/.venv/lib/python3.9/site-packages/airflow/example_dags/example_trigger_target_dag.py for tasks to queue
[2026-09-18T11:27:53.160+0700] {logging_mixin.py:190} INFO - [2026-09-18T11:27:53.159+0700] {dagbag.py:588} INFO - Filling up the DagBag from /Users/andreasanditya/Downloads/572392_Andreas_AirflowETL/code/.venv/lib/python3.9/site-packages/airflow/example_dags/example_trigger_target_dag.py
[2026-09-18T11:27:53.206+0700] {processor.py:925} INFO - DAG(s) 'example_trigger_target_dag' retrieved from /Users/andreasanditya/Downloads/572392_Andreas_AirflowETL/code/.venv/lib/python3.9/site-packages/airflow/example_dags/example_trigger_target_dag.py
[2026-09-18T11:27:53.263+0700] {logging_mixin.py:190} INFO - [2026-09-18T11:27:53.263+0700] {dag.py:3239} INFO - Sync 1 DAGs
[2026-09-18T11:27:53.269+0700] {logging_mixin.py:190} INFO - [2026-09-18T11:27:53.269+0700] {dag.py:4180} INFO - Setting next_dagrun for example_trigger_target_dag to None, run_after=None
[2026-09-18T11:27:53.280+0700] {processor.py:208} INFO - Processing /Users/andreasanditya/Downloads/572392_Andreas_AirflowETL/code/.venv/lib/python3.9/site-packages/airflow/example_dags/example_trigger_target_dag.py took 0.124 seconds
[2026-09-18T11:29:22.266+0700] {processor.py:186} INFO - Started process (PID=18312) to work on /Users/andreasanditya/Downloads/572392_Andreas_AirflowETL/code/.venv/lib/python3.9/site-packages/airflow/example_dags/example_trigger_target_dag.py
[2026-09-18T11:29:22.267+0700] {processor.py:914} INFO - Processing file /Users/andreasanditya/Downloads/572392_Andreas_AirflowETL/code/.venv/lib/python3.9/site-packages/airflow/example_dags/example_trigger_target_dag.py for tasks to queue
[2026-09-18T11:29:22.268+0700] {logging_mixin.py:190} INFO - [2026-09-18T11:29:22.268+0700] {dagbag.py:588} INFO - Filling up the DagBag from /Users/andreasanditya/Downloads/572392_Andreas_AirflowETL/code/.venv/lib/python3.9/site-packages/airflow/example_dags/example_trigger_target_dag.py
[2026-09-18T11:29:22.314+0700] {processor.py:925} INFO - DAG(s) 'example_trigger_target_dag' retrieved from /Users/andreasanditya/Downloads/572392_Andreas_AirflowETL/code/.venv/lib/python3.9/site-packages/airflow/example_dags/example_trigger_target_dag.py
[2026-09-18T11:29:22.372+0700] {logging_mixin.py:190} INFO - [2026-09-18T11:29:22.372+0700] {dag.py:3239} INFO - Sync 1 DAGs
[2026-09-18T11:29:22.378+0700] {logging_mixin.py:190} INFO - [2026-09-18T11:29:22.378+0700] {dag.py:4180} INFO - Setting next_dagrun for example_trigger_target_dag to None, run_after=None
[2026-09-18T11:29:22.388+0700] {processor.py:208} INFO - Processing /Users/andreasanditya/Downloads/572392_Andreas_AirflowETL/code/.venv/lib/python3.9/site-packages/airflow/example_dags/example_trigger_target_dag.py took 0.124 seconds
[2026-09-18T11:30:51.290+0700] {processor.py:186} INFO - Started process (PID=19188) to work on /Users/andreasanditya/Downloads/572392_Andreas_AirflowETL/code/.venv/lib/python3.9/site-packages/airflow/example_dags/example_trigger_target_dag.py
[2026-09-18T11:30:51.291+0700] {processor.py:914} INFO - Processing file /Users/andreasanditya/Downloads/572392_Andreas_AirflowETL/code/.venv/lib/python3.9/site-packages/airflow/example_dags/example_trigger_target_dag.py for tasks to queue
[2026-09-18T11:30:51.292+0700] {logging_mixin.py:190} INFO - [2026-09-18T11:30:51.291+0700] {dagbag.py:588} INFO - Filling up the DagBag from /Users/andreasanditya/Downloads/572392_Andreas_AirflowETL/code/.venv/lib/python3.9/site-packages/airflow/example_dags/example_trigger_target_dag.py
[2026-09-18T11:30:51.338+0700] {processor.py:925} INFO - DAG(s) 'example_trigger_target_dag' retrieved from /Users/andreasanditya/Downloads/572392_Andreas_AirflowETL/code/.venv/lib/python3.9/site-packages/airflow/example_dags/example_trigger_target_dag.py
[2026-09-18T11:30:51.398+0700] {logging_mixin.py:190} INFO - [2026-09-18T11:30:51.398+0700] {dag.py:3239} INFO - Sync 1 DAGs
[2026-09-18T11:30:51.404+0700] {logging_mixin.py:190} INFO - [2026-09-18T11:30:51.404+0700] {dag.py:4180} INFO - Setting next_dagrun for example_trigger_target_dag to None, run_after=None
[2026-09-18T11:30:51.415+0700] {processor.py:208} INFO - Processing /Users/andreasanditya/Downloads/572392_Andreas_AirflowETL/code/.venv/lib/python3.9/site-packages/airflow/example_dags/example_trigger_target_dag.py took 0.127 seconds
[2026-09-18T11:32:20.598+0700] {processor.py:186} INFO - Started process (PID=20099) to work on /Users/andreasanditya/Downloads/572392_Andreas_AirflowETL/code/.venv/lib/python3.9/site-packages/airflow/example_dags/example_trigger_target_dag.py
[2026-09-18T11:32:20.600+0700] {processor.py:914} INFO - Processing file /Users/andreasanditya/Downloads/572392_Andreas_AirflowETL/code/.venv/lib/python3.9/site-packages/airflow/example_dags/example_trigger_target_dag.py for tasks to queue
[2026-09-18T11:32:20.601+0700] {logging_mixin.py:190} INFO - [2026-09-18T11:32:20.601+0700] {dagbag.py:588} INFO - Filling up the DagBag from /Users/andreasanditya/Downloads/572392_Andreas_AirflowETL/code/.venv/lib/python3.9/site-packages/airflow/example_dags/example_trigger_target_dag.py
[2026-09-18T11:32:20.650+0700] {processor.py:925} INFO - DAG(s) 'example_trigger_target_dag' retrieved from /Users/andreasanditya/Downloads/572392_Andreas_AirflowETL/code/.venv/lib/python3.9/site-packages/airflow/example_dags/example_trigger_target_dag.py
[2026-09-18T11:32:20.711+0700] {logging_mixin.py:190} INFO - [2026-09-18T11:32:20.710+0700] {dag.py:3239} INFO - Sync 1 DAGs
[2026-09-18T11:32:20.717+0700] {logging_mixin.py:190} INFO - [2026-09-18T11:32:20.716+0700] {dag.py:4180} INFO - Setting next_dagrun for example_trigger_target_dag to None, run_after=None
[2026-09-18T11:32:20.727+0700] {processor.py:208} INFO - Processing /Users/andreasanditya/Downloads/572392_Andreas_AirflowETL/code/.venv/lib/python3.9/site-packages/airflow/example_dags/example_trigger_target_dag.py took 0.131 seconds
[2026-09-18T11:33:48.201+0700] {processor.py:186} INFO - Started process (PID=21119) to work on /Users/andreasanditya/Downloads/572392_Andreas_AirflowETL/code/.venv/lib/python3.9/site-packages/airflow/example_dags/example_trigger_target_dag.py
[2026-09-18T11:33:48.202+0700] {processor.py:914} INFO - Processing file /Users/andreasanditya/Downloads/572392_Andreas_AirflowETL/code/.venv/lib/python3.9/site-packages/airflow/example_dags/example_trigger_target_dag.py for tasks to queue
[2026-09-18T11:33:48.203+0700] {logging_mixin.py:190} INFO - [2026-09-18T11:33:48.203+0700] {dagbag.py:588} INFO - Filling up the DagBag from /Users/andreasanditya/Downloads/572392_Andreas_AirflowETL/code/.venv/lib/python3.9/site-packages/airflow/example_dags/example_trigger_target_dag.py
[2026-09-18T11:33:48.251+0700] {processor.py:925} INFO - DAG(s) 'example_trigger_target_dag' retrieved from /Users/andreasanditya/Downloads/572392_Andreas_AirflowETL/code/.venv/lib/python3.9/site-packages/airflow/example_dags/example_trigger_target_dag.py
[2026-09-18T11:33:48.311+0700] {logging_mixin.py:190} INFO - [2026-09-18T11:33:48.311+0700] {dag.py:3239} INFO - Sync 1 DAGs
[2026-09-18T11:33:48.317+0700] {logging_mixin.py:190} INFO - [2026-09-18T11:33:48.317+0700] {dag.py:4180} INFO - Setting next_dagrun for example_trigger_target_dag to None, run_after=None
[2026-09-18T11:33:48.328+0700] {processor.py:208} INFO - Processing /Users/andreasanditya/Downloads/572392_Andreas_AirflowETL/code/.venv/lib/python3.9/site-packages/airflow/example_dags/example_trigger_target_dag.py took 0.129 seconds
[2026-09-18T11:35:15.497+0700] {processor.py:186} INFO - Started process (PID=21995) to work on /Users/andreasanditya/Downloads/572392_Andreas_AirflowETL/code/.venv/lib/python3.9/site-packages/airflow/example_dags/example_trigger_target_dag.py
[2026-09-18T11:35:15.498+0700] {processor.py:914} INFO - Processing file /Users/andreasanditya/Downloads/572392_Andreas_AirflowETL/code/.venv/lib/python3.9/site-packages/airflow/example_dags/example_trigger_target_dag.py for tasks to queue
[2026-09-18T11:35:15.499+0700] {logging_mixin.py:190} INFO - [2026-09-18T11:35:15.499+0700] {dagbag.py:588} INFO - Filling up the DagBag from /Users/andreasanditya/Downloads/572392_Andreas_AirflowETL/code/.venv/lib/python3.9/site-packages/airflow/example_dags/example_trigger_target_dag.py
[2026-09-18T11:35:15.546+0700] {processor.py:925} INFO - DAG(s) 'example_trigger_target_dag' retrieved from /Users/andreasanditya/Downloads/572392_Andreas_AirflowETL/code/.venv/lib/python3.9/site-packages/airflow/example_dags/example_trigger_target_dag.py
[2026-09-18T11:35:15.604+0700] {logging_mixin.py:190} INFO - [2026-09-18T11:35:15.604+0700] {dag.py:3239} INFO - Sync 1 DAGs
[2026-09-18T11:35:15.610+0700] {logging_mixin.py:190} INFO - [2026-09-18T11:35:15.610+0700] {dag.py:4180} INFO - Setting next_dagrun for example_trigger_target_dag to None, run_after=None
[2026-09-18T11:35:15.622+0700] {processor.py:208} INFO - Processing /Users/andreasanditya/Downloads/572392_Andreas_AirflowETL/code/.venv/lib/python3.9/site-packages/airflow/example_dags/example_trigger_target_dag.py took 0.126 seconds
[2026-09-18T11:36:43.769+0700] {processor.py:186} INFO - Started process (PID=22960) to work on /Users/andreasanditya/Downloads/572392_Andreas_AirflowETL/code/.venv/lib/python3.9/site-packages/airflow/example_dags/example_trigger_target_dag.py
[2026-09-18T11:36:43.770+0700] {processor.py:914} INFO - Processing file /Users/andreasanditya/Downloads/572392_Andreas_AirflowETL/code/.venv/lib/python3.9/site-packages/airflow/example_dags/example_trigger_target_dag.py for tasks to queue
[2026-09-18T11:36:43.771+0700] {logging_mixin.py:190} INFO - [2026-09-18T11:36:43.771+0700] {dagbag.py:588} INFO - Filling up the DagBag from /Users/andreasanditya/Downloads/572392_Andreas_AirflowETL/code/.venv/lib/python3.9/site-packages/airflow/example_dags/example_trigger_target_dag.py
[2026-09-18T11:36:43.820+0700] {processor.py:925} INFO - DAG(s) 'example_trigger_target_dag' retrieved from /Users/andreasanditya/Downloads/572392_Andreas_AirflowETL/code/.venv/lib/python3.9/site-packages/airflow/example_dags/example_trigger_target_dag.py
[2026-09-18T11:36:43.880+0700] {logging_mixin.py:190} INFO - [2026-09-18T11:36:43.880+0700] {dag.py:3239} INFO - Sync 1 DAGs
[2026-09-18T11:36:43.886+0700] {logging_mixin.py:190} INFO - [2026-09-18T11:36:43.886+0700] {dag.py:4180} INFO - Setting next_dagrun for example_trigger_target_dag to None, run_after=None
[2026-09-18T11:36:43.898+0700] {processor.py:208} INFO - Processing /Users/andreasanditya/Downloads/572392_Andreas_AirflowETL/code/.venv/lib/python3.9/site-packages/airflow/example_dags/example_trigger_target_dag.py took 0.131 seconds
[2026-09-18T11:38:11.611+0700] {processor.py:186} INFO - Started process (PID=23926) to work on /Users/andreasanditya/Downloads/572392_Andreas_AirflowETL/code/.venv/lib/python3.9/site-packages/airflow/example_dags/example_trigger_target_dag.py
[2026-09-18T11:38:11.612+0700] {processor.py:914} INFO - Processing file /Users/andreasanditya/Downloads/572392_Andreas_AirflowETL/code/.venv/lib/python3.9/site-packages/airflow/example_dags/example_trigger_target_dag.py for tasks to queue
[2026-09-18T11:38:11.613+0700] {logging_mixin.py:190} INFO - [2026-09-18T11:38:11.613+0700] {dagbag.py:588} INFO - Filling up the DagBag from /Users/andreasanditya/Downloads/572392_Andreas_AirflowETL/code/.venv/lib/python3.9/site-packages/airflow/example_dags/example_trigger_target_dag.py
[2026-09-18T11:38:11.658+0700] {processor.py:925} INFO - DAG(s) 'example_trigger_target_dag' retrieved from /Users/andreasanditya/Downloads/572392_Andreas_AirflowETL/code/.venv/lib/python3.9/site-packages/airflow/example_dags/example_trigger_target_dag.py
[2026-09-18T11:38:11.716+0700] {logging_mixin.py:190} INFO - [2026-09-18T11:38:11.716+0700] {dag.py:3239} INFO - Sync 1 DAGs
[2026-09-18T11:38:11.722+0700] {logging_mixin.py:190} INFO - [2026-09-18T11:38:11.722+0700] {dag.py:4180} INFO - Setting next_dagrun for example_trigger_target_dag to None, run_after=None
[2026-09-18T11:38:11.732+0700] {processor.py:208} INFO - Processing /Users/andreasanditya/Downloads/572392_Andreas_AirflowETL/code/.venv/lib/python3.9/site-packages/airflow/example_dags/example_trigger_target_dag.py took 0.123 seconds
[2026-09-18T11:39:37.602+0700] {processor.py:186} INFO - Started process (PID=24761) to work on /Users/andreasanditya/Downloads/572392_Andreas_AirflowETL/code/.venv/lib/python3.9/site-packages/airflow/example_dags/example_trigger_target_dag.py
[2026-09-18T11:39:37.603+0700] {processor.py:914} INFO - Processing file /Users/andreasanditya/Downloads/572392_Andreas_AirflowETL/code/.venv/lib/python3.9/site-packages/airflow/example_dags/example_trigger_target_dag.py for tasks to queue
[2026-09-18T11:39:37.604+0700] {logging_mixin.py:190} INFO - [2026-09-18T11:39:37.604+0700] {dagbag.py:588} INFO - Filling up the DagBag from /Users/andreasanditya/Downloads/572392_Andreas_AirflowETL/code/.venv/lib/python3.9/site-packages/airflow/example_dags/example_trigger_target_dag.py
[2026-09-18T11:39:37.651+0700] {processor.py:925} INFO - DAG(s) 'example_trigger_target_dag' retrieved from /Users/andreasanditya/Downloads/572392_Andreas_AirflowETL/code/.venv/lib/python3.9/site-packages/airflow/example_dags/example_trigger_target_dag.py
[2026-09-18T11:39:37.710+0700] {logging_mixin.py:190} INFO - [2026-09-18T11:39:37.709+0700] {dag.py:3239} INFO - Sync 1 DAGs
[2026-09-18T11:39:37.716+0700] {logging_mixin.py:190} INFO - [2026-09-18T11:39:37.716+0700] {dag.py:4180} INFO - Setting next_dagrun for example_trigger_target_dag to None, run_after=None
[2026-09-18T11:39:37.726+0700] {processor.py:208} INFO - Processing /Users/andreasanditya/Downloads/572392_Andreas_AirflowETL/code/.venv/lib/python3.9/site-packages/airflow/example_dags/example_trigger_target_dag.py took 0.126 seconds
[2026-09-18T11:41:06.153+0700] {processor.py:186} INFO - Started process (PID=25695) to work on /Users/andreasanditya/Downloads/572392_Andreas_AirflowETL/code/.venv/lib/python3.9/site-packages/airflow/example_dags/example_trigger_target_dag.py
[2026-09-18T11:41:06.154+0700] {processor.py:914} INFO - Processing file /Users/andreasanditya/Downloads/572392_Andreas_AirflowETL/code/.venv/lib/python3.9/site-packages/airflow/example_dags/example_trigger_target_dag.py for tasks to queue
[2026-09-18T11:41:06.155+0700] {logging_mixin.py:190} INFO - [2026-09-18T11:41:06.155+0700] {dagbag.py:588} INFO - Filling up the DagBag from /Users/andreasanditya/Downloads/572392_Andreas_AirflowETL/code/.venv/lib/python3.9/site-packages/airflow/example_dags/example_trigger_target_dag.py
[2026-09-18T11:41:06.199+0700] {processor.py:925} INFO - DAG(s) 'example_trigger_target_dag' retrieved from /Users/andreasanditya/Downloads/572392_Andreas_AirflowETL/code/.venv/lib/python3.9/site-packages/airflow/example_dags/example_trigger_target_dag.py
[2026-09-18T11:41:06.257+0700] {logging_mixin.py:190} INFO - [2026-09-18T11:41:06.257+0700] {dag.py:3239} INFO - Sync 1 DAGs
[2026-09-18T11:41:06.263+0700] {logging_mixin.py:190} INFO - [2026-09-18T11:41:06.263+0700] {dag.py:4180} INFO - Setting next_dagrun for example_trigger_target_dag to None, run_after=None
[2026-09-18T11:41:06.272+0700] {processor.py:208} INFO - Processing /Users/andreasanditya/Downloads/572392_Andreas_AirflowETL/code/.venv/lib/python3.9/site-packages/airflow/example_dags/example_trigger_target_dag.py took 0.121 seconds
[2026-09-18T11:42:37.547+0700] {processor.py:186} INFO - Started process (PID=26625) to work on /Users/andreasanditya/Downloads/572392_Andreas_AirflowETL/code/.venv/lib/python3.9/site-packages/airflow/example_dags/example_trigger_target_dag.py
[2026-09-18T11:42:37.548+0700] {processor.py:914} INFO - Processing file /Users/andreasanditya/Downloads/572392_Andreas_AirflowETL/code/.venv/lib/python3.9/site-packages/airflow/example_dags/example_trigger_target_dag.py for tasks to queue
[2026-09-18T11:42:37.549+0700] {logging_mixin.py:190} INFO - [2026-09-18T11:42:37.549+0700] {dagbag.py:588} INFO - Filling up the DagBag from /Users/andreasanditya/Downloads/572392_Andreas_AirflowETL/code/.venv/lib/python3.9/site-packages/airflow/example_dags/example_trigger_target_dag.py
[2026-09-18T11:42:37.595+0700] {processor.py:925} INFO - DAG(s) 'example_trigger_target_dag' retrieved from /Users/andreasanditya/Downloads/572392_Andreas_AirflowETL/code/.venv/lib/python3.9/site-packages/airflow/example_dags/example_trigger_target_dag.py
[2026-09-18T11:42:37.653+0700] {logging_mixin.py:190} INFO - [2026-09-18T11:42:37.653+0700] {dag.py:3239} INFO - Sync 1 DAGs
[2026-09-18T11:42:37.659+0700] {logging_mixin.py:190} INFO - [2026-09-18T11:42:37.659+0700] {dag.py:4180} INFO - Setting next_dagrun for example_trigger_target_dag to None, run_after=None
[2026-09-18T11:42:37.669+0700] {processor.py:208} INFO - Processing /Users/andreasanditya/Downloads/572392_Andreas_AirflowETL/code/.venv/lib/python3.9/site-packages/airflow/example_dags/example_trigger_target_dag.py took 0.125 seconds
[2026-09-18T11:44:04.724+0700] {processor.py:186} INFO - Started process (PID=27533) to work on /Users/andreasanditya/Downloads/572392_Andreas_AirflowETL/code/.venv/lib/python3.9/site-packages/airflow/example_dags/example_trigger_target_dag.py
[2026-09-18T11:44:04.725+0700] {processor.py:914} INFO - Processing file /Users/andreasanditya/Downloads/572392_Andreas_AirflowETL/code/.venv/lib/python3.9/site-packages/airflow/example_dags/example_trigger_target_dag.py for tasks to queue
[2026-09-18T11:44:04.726+0700] {logging_mixin.py:190} INFO - [2026-09-18T11:44:04.726+0700] {dagbag.py:588} INFO - Filling up the DagBag from /Users/andreasanditya/Downloads/572392_Andreas_AirflowETL/code/.venv/lib/python3.9/site-packages/airflow/example_dags/example_trigger_target_dag.py
[2026-09-18T11:44:04.772+0700] {processor.py:925} INFO - DAG(s) 'example_trigger_target_dag' retrieved from /Users/andreasanditya/Downloads/572392_Andreas_AirflowETL/code/.venv/lib/python3.9/site-packages/airflow/example_dags/example_trigger_target_dag.py
[2026-09-18T11:44:04.830+0700] {logging_mixin.py:190} INFO - [2026-09-18T11:44:04.830+0700] {dag.py:3239} INFO - Sync 1 DAGs
[2026-09-18T11:44:04.836+0700] {logging_mixin.py:190} INFO - [2026-09-18T11:44:04.836+0700] {dag.py:4180} INFO - Setting next_dagrun for example_trigger_target_dag to None, run_after=None
[2026-09-18T11:44:04.845+0700] {processor.py:208} INFO - Processing /Users/andreasanditya/Downloads/572392_Andreas_AirflowETL/code/.venv/lib/python3.9/site-packages/airflow/example_dags/example_trigger_target_dag.py took 0.123 seconds
[2026-09-18T11:45:31.710+0700] {processor.py:186} INFO - Started process (PID=28353) to work on /Users/andreasanditya/Downloads/572392_Andreas_AirflowETL/code/.venv/lib/python3.9/site-packages/airflow/example_dags/example_trigger_target_dag.py
[2026-09-18T11:45:31.711+0700] {processor.py:914} INFO - Processing file /Users/andreasanditya/Downloads/572392_Andreas_AirflowETL/code/.venv/lib/python3.9/site-packages/airflow/example_dags/example_trigger_target_dag.py for tasks to queue
[2026-09-18T11:45:31.712+0700] {logging_mixin.py:190} INFO - [2026-09-18T11:45:31.712+0700] {dagbag.py:588} INFO - Filling up the DagBag from /Users/andreasanditya/Downloads/572392_Andreas_AirflowETL/code/.venv/lib/python3.9/site-packages/airflow/example_dags/example_trigger_target_dag.py
[2026-09-18T11:45:31.758+0700] {processor.py:925} INFO - DAG(s) 'example_trigger_target_dag' retrieved from /Users/andreasanditya/Downloads/572392_Andreas_AirflowETL/code/.venv/lib/python3.9/site-packages/airflow/example_dags/example_trigger_target_dag.py
[2026-09-18T11:45:31.816+0700] {logging_mixin.py:190} INFO - [2026-09-18T11:45:31.816+0700] {dag.py:3239} INFO - Sync 1 DAGs
[2026-09-18T11:45:31.822+0700] {logging_mixin.py:190} INFO - [2026-09-18T11:45:31.822+0700] {dag.py:4180} INFO - Setting next_dagrun for example_trigger_target_dag to None, run_after=None
[2026-09-18T11:45:31.832+0700] {processor.py:208} INFO - Processing /Users/andreasanditya/Downloads/572392_Andreas_AirflowETL/code/.venv/lib/python3.9/site-packages/airflow/example_dags/example_trigger_target_dag.py took 0.124 seconds
[2026-09-18T11:46:57.348+0700] {processor.py:186} INFO - Started process (PID=29255) to work on /Users/andreasanditya/Downloads/572392_Andreas_AirflowETL/code/.venv/lib/python3.9/site-packages/airflow/example_dags/example_trigger_target_dag.py
[2026-09-18T11:46:57.349+0700] {processor.py:914} INFO - Processing file /Users/andreasanditya/Downloads/572392_Andreas_AirflowETL/code/.venv/lib/python3.9/site-packages/airflow/example_dags/example_trigger_target_dag.py for tasks to queue
[2026-09-18T11:46:57.350+0700] {logging_mixin.py:190} INFO - [2026-09-18T11:46:57.350+0700] {dagbag.py:588} INFO - Filling up the DagBag from /Users/andreasanditya/Downloads/572392_Andreas_AirflowETL/code/.venv/lib/python3.9/site-packages/airflow/example_dags/example_trigger_target_dag.py
[2026-09-18T11:46:57.394+0700] {processor.py:925} INFO - DAG(s) 'example_trigger_target_dag' retrieved from /Users/andreasanditya/Downloads/572392_Andreas_AirflowETL/code/.venv/lib/python3.9/site-packages/airflow/example_dags/example_trigger_target_dag.py
[2026-09-18T11:46:57.452+0700] {logging_mixin.py:190} INFO - [2026-09-18T11:46:57.452+0700] {dag.py:3239} INFO - Sync 1 DAGs
[2026-09-18T11:46:57.458+0700] {logging_mixin.py:190} INFO - [2026-09-18T11:46:57.458+0700] {dag.py:4180} INFO - Setting next_dagrun for example_trigger_target_dag to None, run_after=None
[2026-09-18T11:46:57.468+0700] {processor.py:208} INFO - Processing /Users/andreasanditya/Downloads/572392_Andreas_AirflowETL/code/.venv/lib/python3.9/site-packages/airflow/example_dags/example_trigger_target_dag.py took 0.122 seconds
[2026-09-18T11:48:25.293+0700] {processor.py:186} INFO - Started process (PID=30088) to work on /Users/andreasanditya/Downloads/572392_Andreas_AirflowETL/code/.venv/lib/python3.9/site-packages/airflow/example_dags/example_trigger_target_dag.py
[2026-09-18T11:48:25.294+0700] {processor.py:914} INFO - Processing file /Users/andreasanditya/Downloads/572392_Andreas_AirflowETL/code/.venv/lib/python3.9/site-packages/airflow/example_dags/example_trigger_target_dag.py for tasks to queue
[2026-09-18T11:48:25.295+0700] {logging_mixin.py:190} INFO - [2026-09-18T11:48:25.295+0700] {dagbag.py:588} INFO - Filling up the DagBag from /Users/andreasanditya/Downloads/572392_Andreas_AirflowETL/code/.venv/lib/python3.9/site-packages/airflow/example_dags/example_trigger_target_dag.py
[2026-09-18T11:48:25.340+0700] {processor.py:925} INFO - DAG(s) 'example_trigger_target_dag' retrieved from /Users/andreasanditya/Downloads/572392_Andreas_AirflowETL/code/.venv/lib/python3.9/site-packages/airflow/example_dags/example_trigger_target_dag.py
[2026-09-18T11:48:25.400+0700] {logging_mixin.py:190} INFO - [2026-09-18T11:48:25.400+0700] {dag.py:3239} INFO - Sync 1 DAGs
[2026-09-18T11:48:25.406+0700] {logging_mixin.py:190} INFO - [2026-09-18T11:48:25.406+0700] {dag.py:4180} INFO - Setting next_dagrun for example_trigger_target_dag to None, run_after=None
[2026-09-18T11:48:25.416+0700] {processor.py:208} INFO - Processing /Users/andreasanditya/Downloads/572392_Andreas_AirflowETL/code/.venv/lib/python3.9/site-packages/airflow/example_dags/example_trigger_target_dag.py took 0.124 seconds
[2026-09-18T11:49:51.306+0700] {processor.py:186} INFO - Started process (PID=31005) to work on /Users/andreasanditya/Downloads/572392_Andreas_AirflowETL/code/.venv/lib/python3.9/site-packages/airflow/example_dags/example_trigger_target_dag.py
[2026-09-18T11:49:51.307+0700] {processor.py:914} INFO - Processing file /Users/andreasanditya/Downloads/572392_Andreas_AirflowETL/code/.venv/lib/python3.9/site-packages/airflow/example_dags/example_trigger_target_dag.py for tasks to queue
[2026-09-18T11:49:51.308+0700] {logging_mixin.py:190} INFO - [2026-09-18T11:49:51.308+0700] {dagbag.py:588} INFO - Filling up the DagBag from /Users/andreasanditya/Downloads/572392_Andreas_AirflowETL/code/.venv/lib/python3.9/site-packages/airflow/example_dags/example_trigger_target_dag.py
[2026-09-18T11:49:51.354+0700] {processor.py:925} INFO - DAG(s) 'example_trigger_target_dag' retrieved from /Users/andreasanditya/Downloads/572392_Andreas_AirflowETL/code/.venv/lib/python3.9/site-packages/airflow/example_dags/example_trigger_target_dag.py
[2026-09-18T11:49:51.413+0700] {logging_mixin.py:190} INFO - [2026-09-18T11:49:51.413+0700] {dag.py:3239} INFO - Sync 1 DAGs
[2026-09-18T11:49:51.418+0700] {logging_mixin.py:190} INFO - [2026-09-18T11:49:51.418+0700] {dag.py:4180} INFO - Setting next_dagrun for example_trigger_target_dag to None, run_after=None
[2026-09-18T11:49:51.428+0700] {processor.py:208} INFO - Processing /Users/andreasanditya/Downloads/572392_Andreas_AirflowETL/code/.venv/lib/python3.9/site-packages/airflow/example_dags/example_trigger_target_dag.py took 0.124 seconds
[2026-09-18T11:51:16.416+0700] {processor.py:186} INFO - Started process (PID=31827) to work on /Users/andreasanditya/Downloads/572392_Andreas_AirflowETL/code/.venv/lib/python3.9/site-packages/airflow/example_dags/example_trigger_target_dag.py
[2026-09-18T11:51:16.417+0700] {processor.py:914} INFO - Processing file /Users/andreasanditya/Downloads/572392_Andreas_AirflowETL/code/.venv/lib/python3.9/site-packages/airflow/example_dags/example_trigger_target_dag.py for tasks to queue
[2026-09-18T11:51:16.418+0700] {logging_mixin.py:190} INFO - [2026-09-18T11:51:16.418+0700] {dagbag.py:588} INFO - Filling up the DagBag from /Users/andreasanditya/Downloads/572392_Andreas_AirflowETL/code/.venv/lib/python3.9/site-packages/airflow/example_dags/example_trigger_target_dag.py
[2026-09-18T11:51:16.463+0700] {processor.py:925} INFO - DAG(s) 'example_trigger_target_dag' retrieved from /Users/andreasanditya/Downloads/572392_Andreas_AirflowETL/code/.venv/lib/python3.9/site-packages/airflow/example_dags/example_trigger_target_dag.py
[2026-09-18T11:51:16.521+0700] {logging_mixin.py:190} INFO - [2026-09-18T11:51:16.521+0700] {dag.py:3239} INFO - Sync 1 DAGs
[2026-09-18T11:51:16.527+0700] {logging_mixin.py:190} INFO - [2026-09-18T11:51:16.527+0700] {dag.py:4180} INFO - Setting next_dagrun for example_trigger_target_dag to None, run_after=None
[2026-09-18T11:51:16.536+0700] {processor.py:208} INFO - Processing /Users/andreasanditya/Downloads/572392_Andreas_AirflowETL/code/.venv/lib/python3.9/site-packages/airflow/example_dags/example_trigger_target_dag.py took 0.122 seconds
[2026-09-18T11:52:42.985+0700] {processor.py:186} INFO - Started process (PID=32732) to work on /Users/andreasanditya/Downloads/572392_Andreas_AirflowETL/code/.venv/lib/python3.9/site-packages/airflow/example_dags/example_trigger_target_dag.py
[2026-09-18T11:52:42.986+0700] {processor.py:914} INFO - Processing file /Users/andreasanditya/Downloads/572392_Andreas_AirflowETL/code/.venv/lib/python3.9/site-packages/airflow/example_dags/example_trigger_target_dag.py for tasks to queue
[2026-09-18T11:52:42.987+0700] {logging_mixin.py:190} INFO - [2026-09-18T11:52:42.987+0700] {dagbag.py:588} INFO - Filling up the DagBag from /Users/andreasanditya/Downloads/572392_Andreas_AirflowETL/code/.venv/lib/python3.9/site-packages/airflow/example_dags/example_trigger_target_dag.py
[2026-09-18T11:52:43.032+0700] {processor.py:925} INFO - DAG(s) 'example_trigger_target_dag' retrieved from /Users/andreasanditya/Downloads/572392_Andreas_AirflowETL/code/.venv/lib/python3.9/site-packages/airflow/example_dags/example_trigger_target_dag.py
[2026-09-18T11:52:43.091+0700] {logging_mixin.py:190} INFO - [2026-09-18T11:52:43.091+0700] {dag.py:3239} INFO - Sync 1 DAGs
[2026-09-18T11:52:43.097+0700] {logging_mixin.py:190} INFO - [2026-09-18T11:52:43.097+0700] {dag.py:4180} INFO - Setting next_dagrun for example_trigger_target_dag to None, run_after=None
[2026-09-18T11:52:43.107+0700] {processor.py:208} INFO - Processing /Users/andreasanditya/Downloads/572392_Andreas_AirflowETL/code/.venv/lib/python3.9/site-packages/airflow/example_dags/example_trigger_target_dag.py took 0.124 seconds
[2026-09-18T11:54:09.611+0700] {processor.py:186} INFO - Started process (PID=33555) to work on /Users/andreasanditya/Downloads/572392_Andreas_AirflowETL/code/.venv/lib/python3.9/site-packages/airflow/example_dags/example_trigger_target_dag.py
[2026-09-18T11:54:09.612+0700] {processor.py:914} INFO - Processing file /Users/andreasanditya/Downloads/572392_Andreas_AirflowETL/code/.venv/lib/python3.9/site-packages/airflow/example_dags/example_trigger_target_dag.py for tasks to queue
[2026-09-18T11:54:09.613+0700] {logging_mixin.py:190} INFO - [2026-09-18T11:54:09.613+0700] {dagbag.py:588} INFO - Filling up the DagBag from /Users/andreasanditya/Downloads/572392_Andreas_AirflowETL/code/.venv/lib/python3.9/site-packages/airflow/example_dags/example_trigger_target_dag.py
[2026-09-18T11:54:09.658+0700] {processor.py:925} INFO - DAG(s) 'example_trigger_target_dag' retrieved from /Users/andreasanditya/Downloads/572392_Andreas_AirflowETL/code/.venv/lib/python3.9/site-packages/airflow/example_dags/example_trigger_target_dag.py
[2026-09-18T11:54:09.716+0700] {logging_mixin.py:190} INFO - [2026-09-18T11:54:09.716+0700] {dag.py:3239} INFO - Sync 1 DAGs
[2026-09-18T11:54:09.722+0700] {logging_mixin.py:190} INFO - [2026-09-18T11:54:09.722+0700] {dag.py:4180} INFO - Setting next_dagrun for example_trigger_target_dag to None, run_after=None
[2026-09-18T11:54:09.731+0700] {processor.py:208} INFO - Processing /Users/andreasanditya/Downloads/572392_Andreas_AirflowETL/code/.venv/lib/python3.9/site-packages/airflow/example_dags/example_trigger_target_dag.py took 0.122 seconds
[2026-09-18T11:55:37.006+0700] {processor.py:186} INFO - Started process (PID=34479) to work on /Users/andreasanditya/Downloads/572392_Andreas_AirflowETL/code/.venv/lib/python3.9/site-packages/airflow/example_dags/example_trigger_target_dag.py
[2026-09-18T11:55:37.007+0700] {processor.py:914} INFO - Processing file /Users/andreasanditya/Downloads/572392_Andreas_AirflowETL/code/.venv/lib/python3.9/site-packages/airflow/example_dags/example_trigger_target_dag.py for tasks to queue
[2026-09-18T11:55:37.007+0700] {logging_mixin.py:190} INFO - [2026-09-18T11:55:37.007+0700] {dagbag.py:588} INFO - Filling up the DagBag from /Users/andreasanditya/Downloads/572392_Andreas_AirflowETL/code/.venv/lib/python3.9/site-packages/airflow/example_dags/example_trigger_target_dag.py
[2026-09-18T11:55:37.052+0700] {processor.py:925} INFO - DAG(s) 'example_trigger_target_dag' retrieved from /Users/andreasanditya/Downloads/572392_Andreas_AirflowETL/code/.venv/lib/python3.9/site-packages/airflow/example_dags/example_trigger_target_dag.py
[2026-09-18T11:55:37.112+0700] {logging_mixin.py:190} INFO - [2026-09-18T11:55:37.111+0700] {dag.py:3239} INFO - Sync 1 DAGs
[2026-09-18T11:55:37.117+0700] {logging_mixin.py:190} INFO - [2026-09-18T11:55:37.117+0700] {dag.py:4180} INFO - Setting next_dagrun for example_trigger_target_dag to None, run_after=None
[2026-09-18T11:55:37.127+0700] {processor.py:208} INFO - Processing /Users/andreasanditya/Downloads/572392_Andreas_AirflowETL/code/.venv/lib/python3.9/site-packages/airflow/example_dags/example_trigger_target_dag.py took 0.123 seconds
[2026-09-18T11:57:04.130+0700] {processor.py:186} INFO - Started process (PID=35385) to work on /Users/andreasanditya/Downloads/572392_Andreas_AirflowETL/code/.venv/lib/python3.9/site-packages/airflow/example_dags/example_trigger_target_dag.py
[2026-09-18T11:57:04.131+0700] {processor.py:914} INFO - Processing file /Users/andreasanditya/Downloads/572392_Andreas_AirflowETL/code/.venv/lib/python3.9/site-packages/airflow/example_dags/example_trigger_target_dag.py for tasks to queue
[2026-09-18T11:57:04.132+0700] {logging_mixin.py:190} INFO - [2026-09-18T11:57:04.132+0700] {dagbag.py:588} INFO - Filling up the DagBag from /Users/andreasanditya/Downloads/572392_Andreas_AirflowETL/code/.venv/lib/python3.9/site-packages/airflow/example_dags/example_trigger_target_dag.py
[2026-09-18T11:57:04.177+0700] {processor.py:925} INFO - DAG(s) 'example_trigger_target_dag' retrieved from /Users/andreasanditya/Downloads/572392_Andreas_AirflowETL/code/.venv/lib/python3.9/site-packages/airflow/example_dags/example_trigger_target_dag.py
[2026-09-18T11:57:04.235+0700] {logging_mixin.py:190} INFO - [2026-09-18T11:57:04.235+0700] {dag.py:3239} INFO - Sync 1 DAGs
[2026-09-18T11:57:04.241+0700] {logging_mixin.py:190} INFO - [2026-09-18T11:57:04.241+0700] {dag.py:4180} INFO - Setting next_dagrun for example_trigger_target_dag to None, run_after=None
[2026-09-18T11:57:04.250+0700] {processor.py:208} INFO - Processing /Users/andreasanditya/Downloads/572392_Andreas_AirflowETL/code/.venv/lib/python3.9/site-packages/airflow/example_dags/example_trigger_target_dag.py took 0.124 seconds
[2026-09-18T11:58:31.385+0700] {processor.py:186} INFO - Started process (PID=36209) to work on /Users/andreasanditya/Downloads/572392_Andreas_AirflowETL/code/.venv/lib/python3.9/site-packages/airflow/example_dags/example_trigger_target_dag.py
[2026-09-18T11:58:31.386+0700] {processor.py:914} INFO - Processing file /Users/andreasanditya/Downloads/572392_Andreas_AirflowETL/code/.venv/lib/python3.9/site-packages/airflow/example_dags/example_trigger_target_dag.py for tasks to queue
[2026-09-18T11:58:31.387+0700] {logging_mixin.py:190} INFO - [2026-09-18T11:58:31.386+0700] {dagbag.py:588} INFO - Filling up the DagBag from /Users/andreasanditya/Downloads/572392_Andreas_AirflowETL/code/.venv/lib/python3.9/site-packages/airflow/example_dags/example_trigger_target_dag.py
[2026-09-18T11:58:31.433+0700] {processor.py:925} INFO - DAG(s) 'example_trigger_target_dag' retrieved from /Users/andreasanditya/Downloads/572392_Andreas_AirflowETL/code/.venv/lib/python3.9/site-packages/airflow/example_dags/example_trigger_target_dag.py
[2026-09-18T11:58:31.492+0700] {logging_mixin.py:190} INFO - [2026-09-18T11:58:31.491+0700] {dag.py:3239} INFO - Sync 1 DAGs
[2026-09-18T11:58:31.497+0700] {logging_mixin.py:190} INFO - [2026-09-18T11:58:31.497+0700] {dag.py:4180} INFO - Setting next_dagrun for example_trigger_target_dag to None, run_after=None
[2026-09-18T11:58:31.507+0700] {processor.py:208} INFO - Processing /Users/andreasanditya/Downloads/572392_Andreas_AirflowETL/code/.venv/lib/python3.9/site-packages/airflow/example_dags/example_trigger_target_dag.py took 0.124 seconds
[2026-09-18T11:59:55.028+0700] {processor.py:186} INFO - Started process (PID=37035) to work on /Users/andreasanditya/Downloads/572392_Andreas_AirflowETL/code/.venv/lib/python3.9/site-packages/airflow/example_dags/example_trigger_target_dag.py
[2026-09-18T11:59:55.029+0700] {processor.py:914} INFO - Processing file /Users/andreasanditya/Downloads/572392_Andreas_AirflowETL/code/.venv/lib/python3.9/site-packages/airflow/example_dags/example_trigger_target_dag.py for tasks to queue
[2026-09-18T11:59:55.030+0700] {logging_mixin.py:190} INFO - [2026-09-18T11:59:55.030+0700] {dagbag.py:588} INFO - Filling up the DagBag from /Users/andreasanditya/Downloads/572392_Andreas_AirflowETL/code/.venv/lib/python3.9/site-packages/airflow/example_dags/example_trigger_target_dag.py
[2026-09-18T11:59:55.075+0700] {processor.py:925} INFO - DAG(s) 'example_trigger_target_dag' retrieved from /Users/andreasanditya/Downloads/572392_Andreas_AirflowETL/code/.venv/lib/python3.9/site-packages/airflow/example_dags/example_trigger_target_dag.py
[2026-09-18T11:59:55.133+0700] {logging_mixin.py:190} INFO - [2026-09-18T11:59:55.132+0700] {dag.py:3239} INFO - Sync 1 DAGs
[2026-09-18T11:59:55.138+0700] {logging_mixin.py:190} INFO - [2026-09-18T11:59:55.138+0700] {dag.py:4180} INFO - Setting next_dagrun for example_trigger_target_dag to None, run_after=None
[2026-09-18T11:59:55.148+0700] {processor.py:208} INFO - Processing /Users/andreasanditya/Downloads/572392_Andreas_AirflowETL/code/.venv/lib/python3.9/site-packages/airflow/example_dags/example_trigger_target_dag.py took 0.122 seconds
[2026-09-18T12:01:21.865+0700] {processor.py:186} INFO - Started process (PID=37942) to work on /Users/andreasanditya/Downloads/572392_Andreas_AirflowETL/code/.venv/lib/python3.9/site-packages/airflow/example_dags/example_trigger_target_dag.py
[2026-09-18T12:01:21.866+0700] {processor.py:914} INFO - Processing file /Users/andreasanditya/Downloads/572392_Andreas_AirflowETL/code/.venv/lib/python3.9/site-packages/airflow/example_dags/example_trigger_target_dag.py for tasks to queue
[2026-09-18T12:01:21.867+0700] {logging_mixin.py:190} INFO - [2026-09-18T12:01:21.867+0700] {dagbag.py:588} INFO - Filling up the DagBag from /Users/andreasanditya/Downloads/572392_Andreas_AirflowETL/code/.venv/lib/python3.9/site-packages/airflow/example_dags/example_trigger_target_dag.py
[2026-09-18T12:01:21.913+0700] {processor.py:925} INFO - DAG(s) 'example_trigger_target_dag' retrieved from /Users/andreasanditya/Downloads/572392_Andreas_AirflowETL/code/.venv/lib/python3.9/site-packages/airflow/example_dags/example_trigger_target_dag.py
[2026-09-18T12:01:21.973+0700] {logging_mixin.py:190} INFO - [2026-09-18T12:01:21.973+0700] {dag.py:3239} INFO - Sync 1 DAGs
[2026-09-18T12:01:21.979+0700] {logging_mixin.py:190} INFO - [2026-09-18T12:01:21.979+0700] {dag.py:4180} INFO - Setting next_dagrun for example_trigger_target_dag to None, run_after=None
[2026-09-18T12:01:21.990+0700] {processor.py:208} INFO - Processing /Users/andreasanditya/Downloads/572392_Andreas_AirflowETL/code/.venv/lib/python3.9/site-packages/airflow/example_dags/example_trigger_target_dag.py took 0.127 seconds
[2026-09-18T12:02:49.914+0700] {processor.py:186} INFO - Started process (PID=38870) to work on /Users/andreasanditya/Downloads/572392_Andreas_AirflowETL/code/.venv/lib/python3.9/site-packages/airflow/example_dags/example_trigger_target_dag.py
[2026-09-18T12:02:49.916+0700] {processor.py:914} INFO - Processing file /Users/andreasanditya/Downloads/572392_Andreas_AirflowETL/code/.venv/lib/python3.9/site-packages/airflow/example_dags/example_trigger_target_dag.py for tasks to queue
[2026-09-18T12:02:49.917+0700] {logging_mixin.py:190} INFO - [2026-09-18T12:02:49.917+0700] {dagbag.py:588} INFO - Filling up the DagBag from /Users/andreasanditya/Downloads/572392_Andreas_AirflowETL/code/.venv/lib/python3.9/site-packages/airflow/example_dags/example_trigger_target_dag.py
[2026-09-18T12:02:49.962+0700] {processor.py:925} INFO - DAG(s) 'example_trigger_target_dag' retrieved from /Users/andreasanditya/Downloads/572392_Andreas_AirflowETL/code/.venv/lib/python3.9/site-packages/airflow/example_dags/example_trigger_target_dag.py
[2026-09-18T12:02:50.020+0700] {logging_mixin.py:190} INFO - [2026-09-18T12:02:50.019+0700] {dag.py:3239} INFO - Sync 1 DAGs
[2026-09-18T12:02:50.025+0700] {logging_mixin.py:190} INFO - [2026-09-18T12:02:50.025+0700] {dag.py:4180} INFO - Setting next_dagrun for example_trigger_target_dag to None, run_after=None
[2026-09-18T12:02:50.035+0700] {processor.py:208} INFO - Processing /Users/andreasanditya/Downloads/572392_Andreas_AirflowETL/code/.venv/lib/python3.9/site-packages/airflow/example_dags/example_trigger_target_dag.py took 0.123 seconds
[2026-09-18T12:04:15.934+0700] {processor.py:186} INFO - Started process (PID=39703) to work on /Users/andreasanditya/Downloads/572392_Andreas_AirflowETL/code/.venv/lib/python3.9/site-packages/airflow/example_dags/example_trigger_target_dag.py
[2026-09-18T12:04:15.935+0700] {processor.py:914} INFO - Processing file /Users/andreasanditya/Downloads/572392_Andreas_AirflowETL/code/.venv/lib/python3.9/site-packages/airflow/example_dags/example_trigger_target_dag.py for tasks to queue
[2026-09-18T12:04:15.936+0700] {logging_mixin.py:190} INFO - [2026-09-18T12:04:15.936+0700] {dagbag.py:588} INFO - Filling up the DagBag from /Users/andreasanditya/Downloads/572392_Andreas_AirflowETL/code/.venv/lib/python3.9/site-packages/airflow/example_dags/example_trigger_target_dag.py
[2026-09-18T12:04:15.981+0700] {processor.py:925} INFO - DAG(s) 'example_trigger_target_dag' retrieved from /Users/andreasanditya/Downloads/572392_Andreas_AirflowETL/code/.venv/lib/python3.9/site-packages/airflow/example_dags/example_trigger_target_dag.py
[2026-09-18T12:04:16.039+0700] {logging_mixin.py:190} INFO - [2026-09-18T12:04:16.039+0700] {dag.py:3239} INFO - Sync 1 DAGs
[2026-09-18T12:04:16.045+0700] {logging_mixin.py:190} INFO - [2026-09-18T12:04:16.045+0700] {dag.py:4180} INFO - Setting next_dagrun for example_trigger_target_dag to None, run_after=None
[2026-09-18T12:04:16.055+0700] {processor.py:208} INFO - Processing /Users/andreasanditya/Downloads/572392_Andreas_AirflowETL/code/.venv/lib/python3.9/site-packages/airflow/example_dags/example_trigger_target_dag.py took 0.123 seconds
[2026-09-18T12:05:42.450+0700] {processor.py:186} INFO - Started process (PID=40611) to work on /Users/andreasanditya/Downloads/572392_Andreas_AirflowETL/code/.venv/lib/python3.9/site-packages/airflow/example_dags/example_trigger_target_dag.py
[2026-09-18T12:05:42.451+0700] {processor.py:914} INFO - Processing file /Users/andreasanditya/Downloads/572392_Andreas_AirflowETL/code/.venv/lib/python3.9/site-packages/airflow/example_dags/example_trigger_target_dag.py for tasks to queue
[2026-09-18T12:05:42.452+0700] {logging_mixin.py:190} INFO - [2026-09-18T12:05:42.451+0700] {dagbag.py:588} INFO - Filling up the DagBag from /Users/andreasanditya/Downloads/572392_Andreas_AirflowETL/code/.venv/lib/python3.9/site-packages/airflow/example_dags/example_trigger_target_dag.py
[2026-09-18T12:05:42.497+0700] {processor.py:925} INFO - DAG(s) 'example_trigger_target_dag' retrieved from /Users/andreasanditya/Downloads/572392_Andreas_AirflowETL/code/.venv/lib/python3.9/site-packages/airflow/example_dags/example_trigger_target_dag.py
[2026-09-18T12:05:42.555+0700] {logging_mixin.py:190} INFO - [2026-09-18T12:05:42.555+0700] {dag.py:3239} INFO - Sync 1 DAGs
[2026-09-18T12:05:42.561+0700] {logging_mixin.py:190} INFO - [2026-09-18T12:05:42.561+0700] {dag.py:4180} INFO - Setting next_dagrun for example_trigger_target_dag to None, run_after=None
[2026-09-18T12:05:42.571+0700] {processor.py:208} INFO - Processing /Users/andreasanditya/Downloads/572392_Andreas_AirflowETL/code/.venv/lib/python3.9/site-packages/airflow/example_dags/example_trigger_target_dag.py took 0.123 seconds
[2026-09-18T12:07:10.510+0700] {processor.py:186} INFO - Started process (PID=41445) to work on /Users/andreasanditya/Downloads/572392_Andreas_AirflowETL/code/.venv/lib/python3.9/site-packages/airflow/example_dags/example_trigger_target_dag.py
[2026-09-18T12:07:10.510+0700] {processor.py:914} INFO - Processing file /Users/andreasanditya/Downloads/572392_Andreas_AirflowETL/code/.venv/lib/python3.9/site-packages/airflow/example_dags/example_trigger_target_dag.py for tasks to queue
[2026-09-18T12:07:10.511+0700] {logging_mixin.py:190} INFO - [2026-09-18T12:07:10.511+0700] {dagbag.py:588} INFO - Filling up the DagBag from /Users/andreasanditya/Downloads/572392_Andreas_AirflowETL/code/.venv/lib/python3.9/site-packages/airflow/example_dags/example_trigger_target_dag.py
[2026-09-18T12:07:10.557+0700] {processor.py:925} INFO - DAG(s) 'example_trigger_target_dag' retrieved from /Users/andreasanditya/Downloads/572392_Andreas_AirflowETL/code/.venv/lib/python3.9/site-packages/airflow/example_dags/example_trigger_target_dag.py
[2026-09-18T12:07:10.617+0700] {logging_mixin.py:190} INFO - [2026-09-18T12:07:10.617+0700] {dag.py:3239} INFO - Sync 1 DAGs
[2026-09-18T12:07:10.623+0700] {logging_mixin.py:190} INFO - [2026-09-18T12:07:10.623+0700] {dag.py:4180} INFO - Setting next_dagrun for example_trigger_target_dag to None, run_after=None
[2026-09-18T12:07:10.632+0700] {processor.py:208} INFO - Processing /Users/andreasanditya/Downloads/572392_Andreas_AirflowETL/code/.venv/lib/python3.9/site-packages/airflow/example_dags/example_trigger_target_dag.py took 0.125 seconds
[2026-09-18T12:08:38.483+0700] {processor.py:186} INFO - Started process (PID=42342) to work on /Users/andreasanditya/Downloads/572392_Andreas_AirflowETL/code/.venv/lib/python3.9/site-packages/airflow/example_dags/example_trigger_target_dag.py
[2026-09-18T12:08:38.485+0700] {processor.py:914} INFO - Processing file /Users/andreasanditya/Downloads/572392_Andreas_AirflowETL/code/.venv/lib/python3.9/site-packages/airflow/example_dags/example_trigger_target_dag.py for tasks to queue
[2026-09-18T12:08:38.486+0700] {logging_mixin.py:190} INFO - [2026-09-18T12:08:38.485+0700] {dagbag.py:588} INFO - Filling up the DagBag from /Users/andreasanditya/Downloads/572392_Andreas_AirflowETL/code/.venv/lib/python3.9/site-packages/airflow/example_dags/example_trigger_target_dag.py
[2026-09-18T12:08:38.532+0700] {processor.py:925} INFO - DAG(s) 'example_trigger_target_dag' retrieved from /Users/andreasanditya/Downloads/572392_Andreas_AirflowETL/code/.venv/lib/python3.9/site-packages/airflow/example_dags/example_trigger_target_dag.py
[2026-09-18T12:08:38.590+0700] {logging_mixin.py:190} INFO - [2026-09-18T12:08:38.590+0700] {dag.py:3239} INFO - Sync 1 DAGs
[2026-09-18T12:08:38.596+0700] {logging_mixin.py:190} INFO - [2026-09-18T12:08:38.596+0700] {dag.py:4180} INFO - Setting next_dagrun for example_trigger_target_dag to None, run_after=None
[2026-09-18T12:08:38.606+0700] {processor.py:208} INFO - Processing /Users/andreasanditya/Downloads/572392_Andreas_AirflowETL/code/.venv/lib/python3.9/site-packages/airflow/example_dags/example_trigger_target_dag.py took 0.125 seconds
[2026-09-18T12:10:04.513+0700] {processor.py:186} INFO - Started process (PID=43257) to work on /Users/andreasanditya/Downloads/572392_Andreas_AirflowETL/code/.venv/lib/python3.9/site-packages/airflow/example_dags/example_trigger_target_dag.py
[2026-09-18T12:10:04.516+0700] {processor.py:914} INFO - Processing file /Users/andreasanditya/Downloads/572392_Andreas_AirflowETL/code/.venv/lib/python3.9/site-packages/airflow/example_dags/example_trigger_target_dag.py for tasks to queue
[2026-09-18T12:10:04.516+0700] {logging_mixin.py:190} INFO - [2026-09-18T12:10:04.516+0700] {dagbag.py:588} INFO - Filling up the DagBag from /Users/andreasanditya/Downloads/572392_Andreas_AirflowETL/code/.venv/lib/python3.9/site-packages/airflow/example_dags/example_trigger_target_dag.py
[2026-09-18T12:10:04.562+0700] {processor.py:925} INFO - DAG(s) 'example_trigger_target_dag' retrieved from /Users/andreasanditya/Downloads/572392_Andreas_AirflowETL/code/.venv/lib/python3.9/site-packages/airflow/example_dags/example_trigger_target_dag.py
[2026-09-18T12:10:04.619+0700] {logging_mixin.py:190} INFO - [2026-09-18T12:10:04.619+0700] {dag.py:3239} INFO - Sync 1 DAGs
[2026-09-18T12:10:04.625+0700] {logging_mixin.py:190} INFO - [2026-09-18T12:10:04.625+0700] {dag.py:4180} INFO - Setting next_dagrun for example_trigger_target_dag to None, run_after=None
[2026-09-18T12:10:04.635+0700] {processor.py:208} INFO - Processing /Users/andreasanditya/Downloads/572392_Andreas_AirflowETL/code/.venv/lib/python3.9/site-packages/airflow/example_dags/example_trigger_target_dag.py took 0.124 seconds
[2026-09-18T12:11:31.517+0700] {processor.py:186} INFO - Started process (PID=44094) to work on /Users/andreasanditya/Downloads/572392_Andreas_AirflowETL/code/.venv/lib/python3.9/site-packages/airflow/example_dags/example_trigger_target_dag.py
[2026-09-18T12:11:31.519+0700] {processor.py:914} INFO - Processing file /Users/andreasanditya/Downloads/572392_Andreas_AirflowETL/code/.venv/lib/python3.9/site-packages/airflow/example_dags/example_trigger_target_dag.py for tasks to queue
[2026-09-18T12:11:31.520+0700] {logging_mixin.py:190} INFO - [2026-09-18T12:11:31.520+0700] {dagbag.py:588} INFO - Filling up the DagBag from /Users/andreasanditya/Downloads/572392_Andreas_AirflowETL/code/.venv/lib/python3.9/site-packages/airflow/example_dags/example_trigger_target_dag.py
[2026-09-18T12:11:31.570+0700] {processor.py:925} INFO - DAG(s) 'example_trigger_target_dag' retrieved from /Users/andreasanditya/Downloads/572392_Andreas_AirflowETL/code/.venv/lib/python3.9/site-packages/airflow/example_dags/example_trigger_target_dag.py
[2026-09-18T12:11:31.631+0700] {logging_mixin.py:190} INFO - [2026-09-18T12:11:31.631+0700] {dag.py:3239} INFO - Sync 1 DAGs
[2026-09-18T12:11:31.637+0700] {logging_mixin.py:190} INFO - [2026-09-18T12:11:31.637+0700] {dag.py:4180} INFO - Setting next_dagrun for example_trigger_target_dag to None, run_after=None
[2026-09-18T12:11:31.647+0700] {processor.py:208} INFO - Processing /Users/andreasanditya/Downloads/572392_Andreas_AirflowETL/code/.venv/lib/python3.9/site-packages/airflow/example_dags/example_trigger_target_dag.py took 0.133 seconds
[2026-09-18T12:13:01.290+0700] {processor.py:186} INFO - Started process (PID=45722) to work on /Users/andreasanditya/Downloads/572392_Andreas_AirflowETL/code/.venv/lib/python3.9/site-packages/airflow/example_dags/example_trigger_target_dag.py
[2026-09-18T12:13:01.291+0700] {processor.py:914} INFO - Processing file /Users/andreasanditya/Downloads/572392_Andreas_AirflowETL/code/.venv/lib/python3.9/site-packages/airflow/example_dags/example_trigger_target_dag.py for tasks to queue
[2026-09-18T12:13:01.292+0700] {logging_mixin.py:190} INFO - [2026-09-18T12:13:01.292+0700] {dagbag.py:588} INFO - Filling up the DagBag from /Users/andreasanditya/Downloads/572392_Andreas_AirflowETL/code/.venv/lib/python3.9/site-packages/airflow/example_dags/example_trigger_target_dag.py
[2026-09-18T12:13:01.343+0700] {processor.py:925} INFO - DAG(s) 'example_trigger_target_dag' retrieved from /Users/andreasanditya/Downloads/572392_Andreas_AirflowETL/code/.venv/lib/python3.9/site-packages/airflow/example_dags/example_trigger_target_dag.py
[2026-09-18T12:13:01.401+0700] {logging_mixin.py:190} INFO - [2026-09-18T12:13:01.401+0700] {dag.py:3239} INFO - Sync 1 DAGs
[2026-09-18T12:13:01.407+0700] {logging_mixin.py:190} INFO - [2026-09-18T12:13:01.407+0700] {dag.py:4180} INFO - Setting next_dagrun for example_trigger_target_dag to None, run_after=None
[2026-09-18T12:13:01.419+0700] {processor.py:208} INFO - Processing /Users/andreasanditya/Downloads/572392_Andreas_AirflowETL/code/.venv/lib/python3.9/site-packages/airflow/example_dags/example_trigger_target_dag.py took 0.131 seconds
[2026-09-18T12:14:30.276+0700] {processor.py:186} INFO - Started process (PID=46754) to work on /Users/andreasanditya/Downloads/572392_Andreas_AirflowETL/code/.venv/lib/python3.9/site-packages/airflow/example_dags/example_trigger_target_dag.py
[2026-09-18T12:14:30.278+0700] {processor.py:914} INFO - Processing file /Users/andreasanditya/Downloads/572392_Andreas_AirflowETL/code/.venv/lib/python3.9/site-packages/airflow/example_dags/example_trigger_target_dag.py for tasks to queue
[2026-09-18T12:14:30.278+0700] {logging_mixin.py:190} INFO - [2026-09-18T12:14:30.278+0700] {dagbag.py:588} INFO - Filling up the DagBag from /Users/andreasanditya/Downloads/572392_Andreas_AirflowETL/code/.venv/lib/python3.9/site-packages/airflow/example_dags/example_trigger_target_dag.py
[2026-09-18T12:14:30.340+0700] {processor.py:925} INFO - DAG(s) 'example_trigger_target_dag' retrieved from /Users/andreasanditya/Downloads/572392_Andreas_AirflowETL/code/.venv/lib/python3.9/site-packages/airflow/example_dags/example_trigger_target_dag.py
[2026-09-18T12:14:30.405+0700] {logging_mixin.py:190} INFO - [2026-09-18T12:14:30.405+0700] {dag.py:3239} INFO - Sync 1 DAGs
[2026-09-18T12:14:30.412+0700] {logging_mixin.py:190} INFO - [2026-09-18T12:14:30.412+0700] {dag.py:4180} INFO - Setting next_dagrun for example_trigger_target_dag to None, run_after=None
[2026-09-18T12:14:30.424+0700] {processor.py:208} INFO - Processing /Users/andreasanditya/Downloads/572392_Andreas_AirflowETL/code/.venv/lib/python3.9/site-packages/airflow/example_dags/example_trigger_target_dag.py took 0.150 seconds
[2026-09-18T12:15:57.665+0700] {processor.py:186} INFO - Started process (PID=48316) to work on /Users/andreasanditya/Downloads/572392_Andreas_AirflowETL/code/.venv/lib/python3.9/site-packages/airflow/example_dags/example_trigger_target_dag.py
[2026-09-18T12:15:57.666+0700] {processor.py:914} INFO - Processing file /Users/andreasanditya/Downloads/572392_Andreas_AirflowETL/code/.venv/lib/python3.9/site-packages/airflow/example_dags/example_trigger_target_dag.py for tasks to queue
[2026-09-18T12:15:57.667+0700] {logging_mixin.py:190} INFO - [2026-09-18T12:15:57.667+0700] {dagbag.py:588} INFO - Filling up the DagBag from /Users/andreasanditya/Downloads/572392_Andreas_AirflowETL/code/.venv/lib/python3.9/site-packages/airflow/example_dags/example_trigger_target_dag.py
[2026-09-18T12:15:57.712+0700] {processor.py:925} INFO - DAG(s) 'example_trigger_target_dag' retrieved from /Users/andreasanditya/Downloads/572392_Andreas_AirflowETL/code/.venv/lib/python3.9/site-packages/airflow/example_dags/example_trigger_target_dag.py
[2026-09-18T12:15:57.772+0700] {logging_mixin.py:190} INFO - [2026-09-18T12:15:57.772+0700] {dag.py:3239} INFO - Sync 1 DAGs
[2026-09-18T12:15:57.778+0700] {logging_mixin.py:190} INFO - [2026-09-18T12:15:57.778+0700] {dag.py:4180} INFO - Setting next_dagrun for example_trigger_target_dag to None, run_after=None
[2026-09-18T12:15:57.788+0700] {processor.py:208} INFO - Processing /Users/andreasanditya/Downloads/572392_Andreas_AirflowETL/code/.venv/lib/python3.9/site-packages/airflow/example_dags/example_trigger_target_dag.py took 0.125 seconds
[2026-09-18T12:17:24.912+0700] {processor.py:186} INFO - Started process (PID=49492) to work on /Users/andreasanditya/Downloads/572392_Andreas_AirflowETL/code/.venv/lib/python3.9/site-packages/airflow/example_dags/example_trigger_target_dag.py
[2026-09-18T12:17:24.914+0700] {processor.py:914} INFO - Processing file /Users/andreasanditya/Downloads/572392_Andreas_AirflowETL/code/.venv/lib/python3.9/site-packages/airflow/example_dags/example_trigger_target_dag.py for tasks to queue
[2026-09-18T12:17:24.915+0700] {logging_mixin.py:190} INFO - [2026-09-18T12:17:24.914+0700] {dagbag.py:588} INFO - Filling up the DagBag from /Users/andreasanditya/Downloads/572392_Andreas_AirflowETL/code/.venv/lib/python3.9/site-packages/airflow/example_dags/example_trigger_target_dag.py
[2026-09-18T12:17:24.961+0700] {processor.py:925} INFO - DAG(s) 'example_trigger_target_dag' retrieved from /Users/andreasanditya/Downloads/572392_Andreas_AirflowETL/code/.venv/lib/python3.9/site-packages/airflow/example_dags/example_trigger_target_dag.py
[2026-09-18T12:17:25.021+0700] {logging_mixin.py:190} INFO - [2026-09-18T12:17:25.021+0700] {dag.py:3239} INFO - Sync 1 DAGs
[2026-09-18T12:17:25.027+0700] {logging_mixin.py:190} INFO - [2026-09-18T12:17:25.027+0700] {dag.py:4180} INFO - Setting next_dagrun for example_trigger_target_dag to None, run_after=None
[2026-09-18T12:17:25.038+0700] {processor.py:208} INFO - Processing /Users/andreasanditya/Downloads/572392_Andreas_AirflowETL/code/.venv/lib/python3.9/site-packages/airflow/example_dags/example_trigger_target_dag.py took 0.128 seconds
[2026-09-18T12:18:54.595+0700] {processor.py:186} INFO - Started process (PID=51347) to work on /Users/andreasanditya/Downloads/572392_Andreas_AirflowETL/code/.venv/lib/python3.9/site-packages/airflow/example_dags/example_trigger_target_dag.py
[2026-09-18T12:18:54.596+0700] {processor.py:914} INFO - Processing file /Users/andreasanditya/Downloads/572392_Andreas_AirflowETL/code/.venv/lib/python3.9/site-packages/airflow/example_dags/example_trigger_target_dag.py for tasks to queue
[2026-09-18T12:18:54.597+0700] {logging_mixin.py:190} INFO - [2026-09-18T12:18:54.597+0700] {dagbag.py:588} INFO - Filling up the DagBag from /Users/andreasanditya/Downloads/572392_Andreas_AirflowETL/code/.venv/lib/python3.9/site-packages/airflow/example_dags/example_trigger_target_dag.py
[2026-09-18T12:18:54.642+0700] {processor.py:925} INFO - DAG(s) 'example_trigger_target_dag' retrieved from /Users/andreasanditya/Downloads/572392_Andreas_AirflowETL/code/.venv/lib/python3.9/site-packages/airflow/example_dags/example_trigger_target_dag.py
[2026-09-18T12:18:54.701+0700] {logging_mixin.py:190} INFO - [2026-09-18T12:18:54.700+0700] {dag.py:3239} INFO - Sync 1 DAGs
[2026-09-18T12:18:54.706+0700] {logging_mixin.py:190} INFO - [2026-09-18T12:18:54.706+0700] {dag.py:4180} INFO - Setting next_dagrun for example_trigger_target_dag to None, run_after=None
[2026-09-18T12:18:54.716+0700] {processor.py:208} INFO - Processing /Users/andreasanditya/Downloads/572392_Andreas_AirflowETL/code/.venv/lib/python3.9/site-packages/airflow/example_dags/example_trigger_target_dag.py took 0.123 seconds
[2026-09-18T12:20:23.187+0700] {processor.py:186} INFO - Started process (PID=52953) to work on /Users/andreasanditya/Downloads/572392_Andreas_AirflowETL/code/.venv/lib/python3.9/site-packages/airflow/example_dags/example_trigger_target_dag.py
[2026-09-18T12:20:23.188+0700] {processor.py:914} INFO - Processing file /Users/andreasanditya/Downloads/572392_Andreas_AirflowETL/code/.venv/lib/python3.9/site-packages/airflow/example_dags/example_trigger_target_dag.py for tasks to queue
[2026-09-18T12:20:23.189+0700] {logging_mixin.py:190} INFO - [2026-09-18T12:20:23.189+0700] {dagbag.py:588} INFO - Filling up the DagBag from /Users/andreasanditya/Downloads/572392_Andreas_AirflowETL/code/.venv/lib/python3.9/site-packages/airflow/example_dags/example_trigger_target_dag.py
[2026-09-18T12:20:23.237+0700] {processor.py:925} INFO - DAG(s) 'example_trigger_target_dag' retrieved from /Users/andreasanditya/Downloads/572392_Andreas_AirflowETL/code/.venv/lib/python3.9/site-packages/airflow/example_dags/example_trigger_target_dag.py
[2026-09-18T12:20:23.297+0700] {logging_mixin.py:190} INFO - [2026-09-18T12:20:23.297+0700] {dag.py:3239} INFO - Sync 1 DAGs
[2026-09-18T12:20:23.303+0700] {logging_mixin.py:190} INFO - [2026-09-18T12:20:23.303+0700] {dag.py:4180} INFO - Setting next_dagrun for example_trigger_target_dag to None, run_after=None
[2026-09-18T12:20:23.313+0700] {processor.py:208} INFO - Processing /Users/andreasanditya/Downloads/572392_Andreas_AirflowETL/code/.venv/lib/python3.9/site-packages/airflow/example_dags/example_trigger_target_dag.py took 0.128 seconds
[2026-09-18T12:21:50.265+0700] {processor.py:186} INFO - Started process (PID=53854) to work on /Users/andreasanditya/Downloads/572392_Andreas_AirflowETL/code/.venv/lib/python3.9/site-packages/airflow/example_dags/example_trigger_target_dag.py
[2026-09-18T12:21:50.266+0700] {processor.py:914} INFO - Processing file /Users/andreasanditya/Downloads/572392_Andreas_AirflowETL/code/.venv/lib/python3.9/site-packages/airflow/example_dags/example_trigger_target_dag.py for tasks to queue
[2026-09-18T12:21:50.267+0700] {logging_mixin.py:190} INFO - [2026-09-18T12:21:50.267+0700] {dagbag.py:588} INFO - Filling up the DagBag from /Users/andreasanditya/Downloads/572392_Andreas_AirflowETL/code/.venv/lib/python3.9/site-packages/airflow/example_dags/example_trigger_target_dag.py
[2026-09-18T12:21:50.313+0700] {processor.py:925} INFO - DAG(s) 'example_trigger_target_dag' retrieved from /Users/andreasanditya/Downloads/572392_Andreas_AirflowETL/code/.venv/lib/python3.9/site-packages/airflow/example_dags/example_trigger_target_dag.py
[2026-09-18T12:21:50.371+0700] {logging_mixin.py:190} INFO - [2026-09-18T12:21:50.371+0700] {dag.py:3239} INFO - Sync 1 DAGs
[2026-09-18T12:21:50.377+0700] {logging_mixin.py:190} INFO - [2026-09-18T12:21:50.377+0700] {dag.py:4180} INFO - Setting next_dagrun for example_trigger_target_dag to None, run_after=None
[2026-09-18T12:21:50.387+0700] {processor.py:208} INFO - Processing /Users/andreasanditya/Downloads/572392_Andreas_AirflowETL/code/.venv/lib/python3.9/site-packages/airflow/example_dags/example_trigger_target_dag.py took 0.124 seconds
[2026-09-18T12:23:17.691+0700] {processor.py:186} INFO - Started process (PID=54767) to work on /Users/andreasanditya/Downloads/572392_Andreas_AirflowETL/code/.venv/lib/python3.9/site-packages/airflow/example_dags/example_trigger_target_dag.py
[2026-09-18T12:23:17.692+0700] {processor.py:914} INFO - Processing file /Users/andreasanditya/Downloads/572392_Andreas_AirflowETL/code/.venv/lib/python3.9/site-packages/airflow/example_dags/example_trigger_target_dag.py for tasks to queue
[2026-09-18T12:23:17.693+0700] {logging_mixin.py:190} INFO - [2026-09-18T12:23:17.693+0700] {dagbag.py:588} INFO - Filling up the DagBag from /Users/andreasanditya/Downloads/572392_Andreas_AirflowETL/code/.venv/lib/python3.9/site-packages/airflow/example_dags/example_trigger_target_dag.py
[2026-09-18T12:23:17.743+0700] {processor.py:925} INFO - DAG(s) 'example_trigger_target_dag' retrieved from /Users/andreasanditya/Downloads/572392_Andreas_AirflowETL/code/.venv/lib/python3.9/site-packages/airflow/example_dags/example_trigger_target_dag.py
[2026-09-18T12:23:17.804+0700] {logging_mixin.py:190} INFO - [2026-09-18T12:23:17.804+0700] {dag.py:3239} INFO - Sync 1 DAGs
[2026-09-18T12:23:17.810+0700] {logging_mixin.py:190} INFO - [2026-09-18T12:23:17.810+0700] {dag.py:4180} INFO - Setting next_dagrun for example_trigger_target_dag to None, run_after=None
[2026-09-18T12:23:17.820+0700] {processor.py:208} INFO - Processing /Users/andreasanditya/Downloads/572392_Andreas_AirflowETL/code/.venv/lib/python3.9/site-packages/airflow/example_dags/example_trigger_target_dag.py took 0.131 seconds
[2026-09-18T12:24:43.935+0700] {processor.py:186} INFO - Started process (PID=55622) to work on /Users/andreasanditya/Downloads/572392_Andreas_AirflowETL/code/.venv/lib/python3.9/site-packages/airflow/example_dags/example_trigger_target_dag.py
[2026-09-18T12:24:43.936+0700] {processor.py:914} INFO - Processing file /Users/andreasanditya/Downloads/572392_Andreas_AirflowETL/code/.venv/lib/python3.9/site-packages/airflow/example_dags/example_trigger_target_dag.py for tasks to queue
[2026-09-18T12:24:43.937+0700] {logging_mixin.py:190} INFO - [2026-09-18T12:24:43.937+0700] {dagbag.py:588} INFO - Filling up the DagBag from /Users/andreasanditya/Downloads/572392_Andreas_AirflowETL/code/.venv/lib/python3.9/site-packages/airflow/example_dags/example_trigger_target_dag.py
[2026-09-18T12:24:43.981+0700] {processor.py:925} INFO - DAG(s) 'example_trigger_target_dag' retrieved from /Users/andreasanditya/Downloads/572392_Andreas_AirflowETL/code/.venv/lib/python3.9/site-packages/airflow/example_dags/example_trigger_target_dag.py
[2026-09-18T12:24:44.038+0700] {logging_mixin.py:190} INFO - [2026-09-18T12:24:44.038+0700] {dag.py:3239} INFO - Sync 1 DAGs
[2026-09-18T12:24:44.044+0700] {logging_mixin.py:190} INFO - [2026-09-18T12:24:44.044+0700] {dag.py:4180} INFO - Setting next_dagrun for example_trigger_target_dag to None, run_after=None
[2026-09-18T12:24:44.054+0700] {processor.py:208} INFO - Processing /Users/andreasanditya/Downloads/572392_Andreas_AirflowETL/code/.venv/lib/python3.9/site-packages/airflow/example_dags/example_trigger_target_dag.py took 0.120 seconds
[2026-09-18T12:26:10.098+0700] {processor.py:186} INFO - Started process (PID=56600) to work on /Users/andreasanditya/Downloads/572392_Andreas_AirflowETL/code/.venv/lib/python3.9/site-packages/airflow/example_dags/example_trigger_target_dag.py
[2026-09-18T12:26:10.099+0700] {processor.py:914} INFO - Processing file /Users/andreasanditya/Downloads/572392_Andreas_AirflowETL/code/.venv/lib/python3.9/site-packages/airflow/example_dags/example_trigger_target_dag.py for tasks to queue
[2026-09-18T12:26:10.100+0700] {logging_mixin.py:190} INFO - [2026-09-18T12:26:10.100+0700] {dagbag.py:588} INFO - Filling up the DagBag from /Users/andreasanditya/Downloads/572392_Andreas_AirflowETL/code/.venv/lib/python3.9/site-packages/airflow/example_dags/example_trigger_target_dag.py
[2026-09-18T12:26:10.144+0700] {processor.py:925} INFO - DAG(s) 'example_trigger_target_dag' retrieved from /Users/andreasanditya/Downloads/572392_Andreas_AirflowETL/code/.venv/lib/python3.9/site-packages/airflow/example_dags/example_trigger_target_dag.py
[2026-09-18T12:26:10.202+0700] {logging_mixin.py:190} INFO - [2026-09-18T12:26:10.201+0700] {dag.py:3239} INFO - Sync 1 DAGs
[2026-09-18T12:26:10.207+0700] {logging_mixin.py:190} INFO - [2026-09-18T12:26:10.207+0700] {dag.py:4180} INFO - Setting next_dagrun for example_trigger_target_dag to None, run_after=None
[2026-09-18T12:26:10.217+0700] {processor.py:208} INFO - Processing /Users/andreasanditya/Downloads/572392_Andreas_AirflowETL/code/.venv/lib/python3.9/site-packages/airflow/example_dags/example_trigger_target_dag.py took 0.121 seconds
[2026-09-18T12:27:37.091+0700] {processor.py:186} INFO - Started process (PID=57436) to work on /Users/andreasanditya/Downloads/572392_Andreas_AirflowETL/code/.venv/lib/python3.9/site-packages/airflow/example_dags/example_trigger_target_dag.py
[2026-09-18T12:27:37.092+0700] {processor.py:914} INFO - Processing file /Users/andreasanditya/Downloads/572392_Andreas_AirflowETL/code/.venv/lib/python3.9/site-packages/airflow/example_dags/example_trigger_target_dag.py for tasks to queue
[2026-09-18T12:27:37.093+0700] {logging_mixin.py:190} INFO - [2026-09-18T12:27:37.093+0700] {dagbag.py:588} INFO - Filling up the DagBag from /Users/andreasanditya/Downloads/572392_Andreas_AirflowETL/code/.venv/lib/python3.9/site-packages/airflow/example_dags/example_trigger_target_dag.py
[2026-09-18T12:27:37.137+0700] {processor.py:925} INFO - DAG(s) 'example_trigger_target_dag' retrieved from /Users/andreasanditya/Downloads/572392_Andreas_AirflowETL/code/.venv/lib/python3.9/site-packages/airflow/example_dags/example_trigger_target_dag.py
[2026-09-18T12:27:37.194+0700] {logging_mixin.py:190} INFO - [2026-09-18T12:27:37.194+0700] {dag.py:3239} INFO - Sync 1 DAGs
[2026-09-18T12:27:37.200+0700] {logging_mixin.py:190} INFO - [2026-09-18T12:27:37.200+0700] {dag.py:4180} INFO - Setting next_dagrun for example_trigger_target_dag to None, run_after=None
[2026-09-18T12:27:37.209+0700] {processor.py:208} INFO - Processing /Users/andreasanditya/Downloads/572392_Andreas_AirflowETL/code/.venv/lib/python3.9/site-packages/airflow/example_dags/example_trigger_target_dag.py took 0.120 seconds
[2026-09-18T12:29:02.746+0700] {processor.py:186} INFO - Started process (PID=58375) to work on /Users/andreasanditya/Downloads/572392_Andreas_AirflowETL/code/.venv/lib/python3.9/site-packages/airflow/example_dags/example_trigger_target_dag.py
[2026-09-18T12:29:02.746+0700] {processor.py:914} INFO - Processing file /Users/andreasanditya/Downloads/572392_Andreas_AirflowETL/code/.venv/lib/python3.9/site-packages/airflow/example_dags/example_trigger_target_dag.py for tasks to queue
[2026-09-18T12:29:02.747+0700] {logging_mixin.py:190} INFO - [2026-09-18T12:29:02.747+0700] {dagbag.py:588} INFO - Filling up the DagBag from /Users/andreasanditya/Downloads/572392_Andreas_AirflowETL/code/.venv/lib/python3.9/site-packages/airflow/example_dags/example_trigger_target_dag.py
[2026-09-18T12:29:02.791+0700] {processor.py:925} INFO - DAG(s) 'example_trigger_target_dag' retrieved from /Users/andreasanditya/Downloads/572392_Andreas_AirflowETL/code/.venv/lib/python3.9/site-packages/airflow/example_dags/example_trigger_target_dag.py
[2026-09-18T12:29:02.849+0700] {logging_mixin.py:190} INFO - [2026-09-18T12:29:02.848+0700] {dag.py:3239} INFO - Sync 1 DAGs
[2026-09-18T12:29:02.854+0700] {logging_mixin.py:190} INFO - [2026-09-18T12:29:02.854+0700] {dag.py:4180} INFO - Setting next_dagrun for example_trigger_target_dag to None, run_after=None
[2026-09-18T12:29:02.864+0700] {processor.py:208} INFO - Processing /Users/andreasanditya/Downloads/572392_Andreas_AirflowETL/code/.venv/lib/python3.9/site-packages/airflow/example_dags/example_trigger_target_dag.py took 0.120 seconds
[2026-09-18T12:30:26.179+0700] {processor.py:186} INFO - Started process (PID=59214) to work on /Users/andreasanditya/Downloads/572392_Andreas_AirflowETL/code/.venv/lib/python3.9/site-packages/airflow/example_dags/example_trigger_target_dag.py
[2026-09-18T12:30:26.180+0700] {processor.py:914} INFO - Processing file /Users/andreasanditya/Downloads/572392_Andreas_AirflowETL/code/.venv/lib/python3.9/site-packages/airflow/example_dags/example_trigger_target_dag.py for tasks to queue
[2026-09-18T12:30:26.181+0700] {logging_mixin.py:190} INFO - [2026-09-18T12:30:26.181+0700] {dagbag.py:588} INFO - Filling up the DagBag from /Users/andreasanditya/Downloads/572392_Andreas_AirflowETL/code/.venv/lib/python3.9/site-packages/airflow/example_dags/example_trigger_target_dag.py
[2026-09-18T12:30:26.225+0700] {processor.py:925} INFO - DAG(s) 'example_trigger_target_dag' retrieved from /Users/andreasanditya/Downloads/572392_Andreas_AirflowETL/code/.venv/lib/python3.9/site-packages/airflow/example_dags/example_trigger_target_dag.py
[2026-09-18T12:30:26.282+0700] {logging_mixin.py:190} INFO - [2026-09-18T12:30:26.282+0700] {dag.py:3239} INFO - Sync 1 DAGs
[2026-09-18T12:30:26.287+0700] {logging_mixin.py:190} INFO - [2026-09-18T12:30:26.287+0700] {dag.py:4180} INFO - Setting next_dagrun for example_trigger_target_dag to None, run_after=None
[2026-09-18T12:30:26.297+0700] {processor.py:208} INFO - Processing /Users/andreasanditya/Downloads/572392_Andreas_AirflowETL/code/.venv/lib/python3.9/site-packages/airflow/example_dags/example_trigger_target_dag.py took 0.119 seconds
[2026-09-18T12:31:47.971+0700] {processor.py:186} INFO - Started process (PID=60033) to work on /Users/andreasanditya/Downloads/572392_Andreas_AirflowETL/code/.venv/lib/python3.9/site-packages/airflow/example_dags/example_trigger_target_dag.py
[2026-09-18T12:31:47.972+0700] {processor.py:914} INFO - Processing file /Users/andreasanditya/Downloads/572392_Andreas_AirflowETL/code/.venv/lib/python3.9/site-packages/airflow/example_dags/example_trigger_target_dag.py for tasks to queue
[2026-09-18T12:31:47.973+0700] {logging_mixin.py:190} INFO - [2026-09-18T12:31:47.973+0700] {dagbag.py:588} INFO - Filling up the DagBag from /Users/andreasanditya/Downloads/572392_Andreas_AirflowETL/code/.venv/lib/python3.9/site-packages/airflow/example_dags/example_trigger_target_dag.py
[2026-09-18T12:31:48.018+0700] {processor.py:925} INFO - DAG(s) 'example_trigger_target_dag' retrieved from /Users/andreasanditya/Downloads/572392_Andreas_AirflowETL/code/.venv/lib/python3.9/site-packages/airflow/example_dags/example_trigger_target_dag.py
[2026-09-18T12:31:48.075+0700] {logging_mixin.py:190} INFO - [2026-09-18T12:31:48.075+0700] {dag.py:3239} INFO - Sync 1 DAGs
[2026-09-18T12:31:48.081+0700] {logging_mixin.py:190} INFO - [2026-09-18T12:31:48.081+0700] {dag.py:4180} INFO - Setting next_dagrun for example_trigger_target_dag to None, run_after=None
[2026-09-18T12:31:48.091+0700] {processor.py:208} INFO - Processing /Users/andreasanditya/Downloads/572392_Andreas_AirflowETL/code/.venv/lib/python3.9/site-packages/airflow/example_dags/example_trigger_target_dag.py took 0.121 seconds
[2026-09-18T12:33:14.882+0700] {processor.py:186} INFO - Started process (PID=60973) to work on /Users/andreasanditya/Downloads/572392_Andreas_AirflowETL/code/.venv/lib/python3.9/site-packages/airflow/example_dags/example_trigger_target_dag.py
[2026-09-18T12:33:14.883+0700] {processor.py:914} INFO - Processing file /Users/andreasanditya/Downloads/572392_Andreas_AirflowETL/code/.venv/lib/python3.9/site-packages/airflow/example_dags/example_trigger_target_dag.py for tasks to queue
[2026-09-18T12:33:14.883+0700] {logging_mixin.py:190} INFO - [2026-09-18T12:33:14.883+0700] {dagbag.py:588} INFO - Filling up the DagBag from /Users/andreasanditya/Downloads/572392_Andreas_AirflowETL/code/.venv/lib/python3.9/site-packages/airflow/example_dags/example_trigger_target_dag.py
[2026-09-18T12:33:14.929+0700] {processor.py:925} INFO - DAG(s) 'example_trigger_target_dag' retrieved from /Users/andreasanditya/Downloads/572392_Andreas_AirflowETL/code/.venv/lib/python3.9/site-packages/airflow/example_dags/example_trigger_target_dag.py
[2026-09-18T12:33:14.986+0700] {logging_mixin.py:190} INFO - [2026-09-18T12:33:14.986+0700] {dag.py:3239} INFO - Sync 1 DAGs
[2026-09-18T12:33:14.992+0700] {logging_mixin.py:190} INFO - [2026-09-18T12:33:14.992+0700] {dag.py:4180} INFO - Setting next_dagrun for example_trigger_target_dag to None, run_after=None
[2026-09-18T12:33:15.001+0700] {processor.py:208} INFO - Processing /Users/andreasanditya/Downloads/572392_Andreas_AirflowETL/code/.venv/lib/python3.9/site-packages/airflow/example_dags/example_trigger_target_dag.py took 0.122 seconds
[2026-09-18T12:34:40.408+0700] {processor.py:186} INFO - Started process (PID=61802) to work on /Users/andreasanditya/Downloads/572392_Andreas_AirflowETL/code/.venv/lib/python3.9/site-packages/airflow/example_dags/example_trigger_target_dag.py
[2026-09-18T12:34:40.409+0700] {processor.py:914} INFO - Processing file /Users/andreasanditya/Downloads/572392_Andreas_AirflowETL/code/.venv/lib/python3.9/site-packages/airflow/example_dags/example_trigger_target_dag.py for tasks to queue
[2026-09-18T12:34:40.409+0700] {logging_mixin.py:190} INFO - [2026-09-18T12:34:40.409+0700] {dagbag.py:588} INFO - Filling up the DagBag from /Users/andreasanditya/Downloads/572392_Andreas_AirflowETL/code/.venv/lib/python3.9/site-packages/airflow/example_dags/example_trigger_target_dag.py
[2026-09-18T12:34:40.454+0700] {processor.py:925} INFO - DAG(s) 'example_trigger_target_dag' retrieved from /Users/andreasanditya/Downloads/572392_Andreas_AirflowETL/code/.venv/lib/python3.9/site-packages/airflow/example_dags/example_trigger_target_dag.py
[2026-09-18T12:34:40.512+0700] {logging_mixin.py:190} INFO - [2026-09-18T12:34:40.511+0700] {dag.py:3239} INFO - Sync 1 DAGs
[2026-09-18T12:34:40.517+0700] {logging_mixin.py:190} INFO - [2026-09-18T12:34:40.517+0700] {dag.py:4180} INFO - Setting next_dagrun for example_trigger_target_dag to None, run_after=None
[2026-09-18T12:34:40.527+0700] {processor.py:208} INFO - Processing /Users/andreasanditya/Downloads/572392_Andreas_AirflowETL/code/.venv/lib/python3.9/site-packages/airflow/example_dags/example_trigger_target_dag.py took 0.121 seconds
[2026-09-18T12:36:04.386+0700] {processor.py:186} INFO - Started process (PID=62642) to work on /Users/andreasanditya/Downloads/572392_Andreas_AirflowETL/code/.venv/lib/python3.9/site-packages/airflow/example_dags/example_trigger_target_dag.py
[2026-09-18T12:36:04.389+0700] {processor.py:914} INFO - Processing file /Users/andreasanditya/Downloads/572392_Andreas_AirflowETL/code/.venv/lib/python3.9/site-packages/airflow/example_dags/example_trigger_target_dag.py for tasks to queue
[2026-09-18T12:36:04.389+0700] {logging_mixin.py:190} INFO - [2026-09-18T12:36:04.389+0700] {dagbag.py:588} INFO - Filling up the DagBag from /Users/andreasanditya/Downloads/572392_Andreas_AirflowETL/code/.venv/lib/python3.9/site-packages/airflow/example_dags/example_trigger_target_dag.py
[2026-09-18T12:36:04.435+0700] {processor.py:925} INFO - DAG(s) 'example_trigger_target_dag' retrieved from /Users/andreasanditya/Downloads/572392_Andreas_AirflowETL/code/.venv/lib/python3.9/site-packages/airflow/example_dags/example_trigger_target_dag.py
[2026-09-18T12:36:04.492+0700] {logging_mixin.py:190} INFO - [2026-09-18T12:36:04.492+0700] {dag.py:3239} INFO - Sync 1 DAGs
[2026-09-18T12:36:04.498+0700] {logging_mixin.py:190} INFO - [2026-09-18T12:36:04.497+0700] {dag.py:4180} INFO - Setting next_dagrun for example_trigger_target_dag to None, run_after=None
[2026-09-18T12:36:04.507+0700] {processor.py:208} INFO - Processing /Users/andreasanditya/Downloads/572392_Andreas_AirflowETL/code/.venv/lib/python3.9/site-packages/airflow/example_dags/example_trigger_target_dag.py took 0.123 seconds
[2026-09-18T12:37:31.144+0700] {processor.py:186} INFO - Started process (PID=63578) to work on /Users/andreasanditya/Downloads/572392_Andreas_AirflowETL/code/.venv/lib/python3.9/site-packages/airflow/example_dags/example_trigger_target_dag.py
[2026-09-18T12:37:31.146+0700] {processor.py:914} INFO - Processing file /Users/andreasanditya/Downloads/572392_Andreas_AirflowETL/code/.venv/lib/python3.9/site-packages/airflow/example_dags/example_trigger_target_dag.py for tasks to queue
[2026-09-18T12:37:31.146+0700] {logging_mixin.py:190} INFO - [2026-09-18T12:37:31.146+0700] {dagbag.py:588} INFO - Filling up the DagBag from /Users/andreasanditya/Downloads/572392_Andreas_AirflowETL/code/.venv/lib/python3.9/site-packages/airflow/example_dags/example_trigger_target_dag.py
[2026-09-18T12:37:31.191+0700] {processor.py:925} INFO - DAG(s) 'example_trigger_target_dag' retrieved from /Users/andreasanditya/Downloads/572392_Andreas_AirflowETL/code/.venv/lib/python3.9/site-packages/airflow/example_dags/example_trigger_target_dag.py
[2026-09-18T12:37:31.248+0700] {logging_mixin.py:190} INFO - [2026-09-18T12:37:31.248+0700] {dag.py:3239} INFO - Sync 1 DAGs
[2026-09-18T12:37:31.254+0700] {logging_mixin.py:190} INFO - [2026-09-18T12:37:31.254+0700] {dag.py:4180} INFO - Setting next_dagrun for example_trigger_target_dag to None, run_after=None
[2026-09-18T12:37:31.263+0700] {processor.py:208} INFO - Processing /Users/andreasanditya/Downloads/572392_Andreas_AirflowETL/code/.venv/lib/python3.9/site-packages/airflow/example_dags/example_trigger_target_dag.py took 0.121 seconds
[2026-09-18T12:38:57.939+0700] {processor.py:186} INFO - Started process (PID=64495) to work on /Users/andreasanditya/Downloads/572392_Andreas_AirflowETL/code/.venv/lib/python3.9/site-packages/airflow/example_dags/example_trigger_target_dag.py
[2026-09-18T12:38:57.940+0700] {processor.py:914} INFO - Processing file /Users/andreasanditya/Downloads/572392_Andreas_AirflowETL/code/.venv/lib/python3.9/site-packages/airflow/example_dags/example_trigger_target_dag.py for tasks to queue
[2026-09-18T12:38:57.941+0700] {logging_mixin.py:190} INFO - [2026-09-18T12:38:57.941+0700] {dagbag.py:588} INFO - Filling up the DagBag from /Users/andreasanditya/Downloads/572392_Andreas_AirflowETL/code/.venv/lib/python3.9/site-packages/airflow/example_dags/example_trigger_target_dag.py
[2026-09-18T12:38:57.985+0700] {processor.py:925} INFO - DAG(s) 'example_trigger_target_dag' retrieved from /Users/andreasanditya/Downloads/572392_Andreas_AirflowETL/code/.venv/lib/python3.9/site-packages/airflow/example_dags/example_trigger_target_dag.py
[2026-09-18T12:38:58.042+0700] {logging_mixin.py:190} INFO - [2026-09-18T12:38:58.042+0700] {dag.py:3239} INFO - Sync 1 DAGs
[2026-09-18T12:38:58.048+0700] {logging_mixin.py:190} INFO - [2026-09-18T12:38:58.048+0700] {dag.py:4180} INFO - Setting next_dagrun for example_trigger_target_dag to None, run_after=None
[2026-09-18T12:38:58.058+0700] {processor.py:208} INFO - Processing /Users/andreasanditya/Downloads/572392_Andreas_AirflowETL/code/.venv/lib/python3.9/site-packages/airflow/example_dags/example_trigger_target_dag.py took 0.121 seconds
[2026-09-18T12:40:25.993+0700] {processor.py:186} INFO - Started process (PID=65336) to work on /Users/andreasanditya/Downloads/572392_Andreas_AirflowETL/code/.venv/lib/python3.9/site-packages/airflow/example_dags/example_trigger_target_dag.py
[2026-09-18T12:40:25.994+0700] {processor.py:914} INFO - Processing file /Users/andreasanditya/Downloads/572392_Andreas_AirflowETL/code/.venv/lib/python3.9/site-packages/airflow/example_dags/example_trigger_target_dag.py for tasks to queue
[2026-09-18T12:40:25.995+0700] {logging_mixin.py:190} INFO - [2026-09-18T12:40:25.995+0700] {dagbag.py:588} INFO - Filling up the DagBag from /Users/andreasanditya/Downloads/572392_Andreas_AirflowETL/code/.venv/lib/python3.9/site-packages/airflow/example_dags/example_trigger_target_dag.py
[2026-09-18T12:40:26.039+0700] {processor.py:925} INFO - DAG(s) 'example_trigger_target_dag' retrieved from /Users/andreasanditya/Downloads/572392_Andreas_AirflowETL/code/.venv/lib/python3.9/site-packages/airflow/example_dags/example_trigger_target_dag.py
[2026-09-18T12:40:26.097+0700] {logging_mixin.py:190} INFO - [2026-09-18T12:40:26.097+0700] {dag.py:3239} INFO - Sync 1 DAGs
[2026-09-18T12:40:26.102+0700] {logging_mixin.py:190} INFO - [2026-09-18T12:40:26.102+0700] {dag.py:4180} INFO - Setting next_dagrun for example_trigger_target_dag to None, run_after=None
[2026-09-18T12:40:26.112+0700] {processor.py:208} INFO - Processing /Users/andreasanditya/Downloads/572392_Andreas_AirflowETL/code/.venv/lib/python3.9/site-packages/airflow/example_dags/example_trigger_target_dag.py took 0.121 seconds
[2026-09-18T12:41:52.551+0700] {processor.py:186} INFO - Started process (PID=66234) to work on /Users/andreasanditya/Downloads/572392_Andreas_AirflowETL/code/.venv/lib/python3.9/site-packages/airflow/example_dags/example_trigger_target_dag.py
[2026-09-18T12:41:52.551+0700] {processor.py:914} INFO - Processing file /Users/andreasanditya/Downloads/572392_Andreas_AirflowETL/code/.venv/lib/python3.9/site-packages/airflow/example_dags/example_trigger_target_dag.py for tasks to queue
[2026-09-18T12:41:52.552+0700] {logging_mixin.py:190} INFO - [2026-09-18T12:41:52.552+0700] {dagbag.py:588} INFO - Filling up the DagBag from /Users/andreasanditya/Downloads/572392_Andreas_AirflowETL/code/.venv/lib/python3.9/site-packages/airflow/example_dags/example_trigger_target_dag.py
[2026-09-18T12:41:52.596+0700] {processor.py:925} INFO - DAG(s) 'example_trigger_target_dag' retrieved from /Users/andreasanditya/Downloads/572392_Andreas_AirflowETL/code/.venv/lib/python3.9/site-packages/airflow/example_dags/example_trigger_target_dag.py
[2026-09-18T12:41:52.654+0700] {logging_mixin.py:190} INFO - [2026-09-18T12:41:52.653+0700] {dag.py:3239} INFO - Sync 1 DAGs
[2026-09-18T12:41:52.659+0700] {logging_mixin.py:190} INFO - [2026-09-18T12:41:52.659+0700] {dag.py:4180} INFO - Setting next_dagrun for example_trigger_target_dag to None, run_after=None
[2026-09-18T12:41:52.669+0700] {processor.py:208} INFO - Processing /Users/andreasanditya/Downloads/572392_Andreas_AirflowETL/code/.venv/lib/python3.9/site-packages/airflow/example_dags/example_trigger_target_dag.py took 0.120 seconds
[2026-09-18T12:43:17.551+0700] {processor.py:186} INFO - Started process (PID=67075) to work on /Users/andreasanditya/Downloads/572392_Andreas_AirflowETL/code/.venv/lib/python3.9/site-packages/airflow/example_dags/example_trigger_target_dag.py
[2026-09-18T12:43:17.551+0700] {processor.py:914} INFO - Processing file /Users/andreasanditya/Downloads/572392_Andreas_AirflowETL/code/.venv/lib/python3.9/site-packages/airflow/example_dags/example_trigger_target_dag.py for tasks to queue
[2026-09-18T12:43:17.552+0700] {logging_mixin.py:190} INFO - [2026-09-18T12:43:17.552+0700] {dagbag.py:588} INFO - Filling up the DagBag from /Users/andreasanditya/Downloads/572392_Andreas_AirflowETL/code/.venv/lib/python3.9/site-packages/airflow/example_dags/example_trigger_target_dag.py
[2026-09-18T12:43:17.596+0700] {processor.py:925} INFO - DAG(s) 'example_trigger_target_dag' retrieved from /Users/andreasanditya/Downloads/572392_Andreas_AirflowETL/code/.venv/lib/python3.9/site-packages/airflow/example_dags/example_trigger_target_dag.py
[2026-09-18T12:43:17.654+0700] {logging_mixin.py:190} INFO - [2026-09-18T12:43:17.654+0700] {dag.py:3239} INFO - Sync 1 DAGs
[2026-09-18T12:43:17.660+0700] {logging_mixin.py:190} INFO - [2026-09-18T12:43:17.660+0700] {dag.py:4180} INFO - Setting next_dagrun for example_trigger_target_dag to None, run_after=None
[2026-09-18T12:43:17.670+0700] {processor.py:208} INFO - Processing /Users/andreasanditya/Downloads/572392_Andreas_AirflowETL/code/.venv/lib/python3.9/site-packages/airflow/example_dags/example_trigger_target_dag.py took 0.121 seconds
[2026-09-18T12:44:44.807+0700] {processor.py:186} INFO - Started process (PID=67988) to work on /Users/andreasanditya/Downloads/572392_Andreas_AirflowETL/code/.venv/lib/python3.9/site-packages/airflow/example_dags/example_trigger_target_dag.py
[2026-09-18T12:44:44.808+0700] {processor.py:914} INFO - Processing file /Users/andreasanditya/Downloads/572392_Andreas_AirflowETL/code/.venv/lib/python3.9/site-packages/airflow/example_dags/example_trigger_target_dag.py for tasks to queue
[2026-09-18T12:44:44.809+0700] {logging_mixin.py:190} INFO - [2026-09-18T12:44:44.809+0700] {dagbag.py:588} INFO - Filling up the DagBag from /Users/andreasanditya/Downloads/572392_Andreas_AirflowETL/code/.venv/lib/python3.9/site-packages/airflow/example_dags/example_trigger_target_dag.py
[2026-09-18T12:44:44.853+0700] {processor.py:925} INFO - DAG(s) 'example_trigger_target_dag' retrieved from /Users/andreasanditya/Downloads/572392_Andreas_AirflowETL/code/.venv/lib/python3.9/site-packages/airflow/example_dags/example_trigger_target_dag.py
[2026-09-18T12:44:44.910+0700] {logging_mixin.py:190} INFO - [2026-09-18T12:44:44.910+0700] {dag.py:3239} INFO - Sync 1 DAGs
[2026-09-18T12:44:44.915+0700] {logging_mixin.py:190} INFO - [2026-09-18T12:44:44.915+0700] {dag.py:4180} INFO - Setting next_dagrun for example_trigger_target_dag to None, run_after=None
[2026-09-18T12:44:44.925+0700] {processor.py:208} INFO - Processing /Users/andreasanditya/Downloads/572392_Andreas_AirflowETL/code/.venv/lib/python3.9/site-packages/airflow/example_dags/example_trigger_target_dag.py took 0.120 seconds
[2026-09-18T12:46:11.073+0700] {processor.py:186} INFO - Started process (PID=68827) to work on /Users/andreasanditya/Downloads/572392_Andreas_AirflowETL/code/.venv/lib/python3.9/site-packages/airflow/example_dags/example_trigger_target_dag.py
[2026-09-18T12:46:11.074+0700] {processor.py:914} INFO - Processing file /Users/andreasanditya/Downloads/572392_Andreas_AirflowETL/code/.venv/lib/python3.9/site-packages/airflow/example_dags/example_trigger_target_dag.py for tasks to queue
[2026-09-18T12:46:11.075+0700] {logging_mixin.py:190} INFO - [2026-09-18T12:46:11.075+0700] {dagbag.py:588} INFO - Filling up the DagBag from /Users/andreasanditya/Downloads/572392_Andreas_AirflowETL/code/.venv/lib/python3.9/site-packages/airflow/example_dags/example_trigger_target_dag.py
[2026-09-18T12:46:11.124+0700] {processor.py:925} INFO - DAG(s) 'example_trigger_target_dag' retrieved from /Users/andreasanditya/Downloads/572392_Andreas_AirflowETL/code/.venv/lib/python3.9/site-packages/airflow/example_dags/example_trigger_target_dag.py
[2026-09-18T12:46:11.181+0700] {logging_mixin.py:190} INFO - [2026-09-18T12:46:11.181+0700] {dag.py:3239} INFO - Sync 1 DAGs
[2026-09-18T12:46:11.187+0700] {logging_mixin.py:190} INFO - [2026-09-18T12:46:11.186+0700] {dag.py:4180} INFO - Setting next_dagrun for example_trigger_target_dag to None, run_after=None
[2026-09-18T12:46:11.196+0700] {processor.py:208} INFO - Processing /Users/andreasanditya/Downloads/572392_Andreas_AirflowETL/code/.venv/lib/python3.9/site-packages/airflow/example_dags/example_trigger_target_dag.py took 0.126 seconds
[2026-09-18T12:47:37.989+0700] {processor.py:186} INFO - Started process (PID=69739) to work on /Users/andreasanditya/Downloads/572392_Andreas_AirflowETL/code/.venv/lib/python3.9/site-packages/airflow/example_dags/example_trigger_target_dag.py
[2026-09-18T12:47:37.989+0700] {processor.py:914} INFO - Processing file /Users/andreasanditya/Downloads/572392_Andreas_AirflowETL/code/.venv/lib/python3.9/site-packages/airflow/example_dags/example_trigger_target_dag.py for tasks to queue
[2026-09-18T12:47:37.990+0700] {logging_mixin.py:190} INFO - [2026-09-18T12:47:37.990+0700] {dagbag.py:588} INFO - Filling up the DagBag from /Users/andreasanditya/Downloads/572392_Andreas_AirflowETL/code/.venv/lib/python3.9/site-packages/airflow/example_dags/example_trigger_target_dag.py
[2026-09-18T12:47:38.035+0700] {processor.py:925} INFO - DAG(s) 'example_trigger_target_dag' retrieved from /Users/andreasanditya/Downloads/572392_Andreas_AirflowETL/code/.venv/lib/python3.9/site-packages/airflow/example_dags/example_trigger_target_dag.py
[2026-09-18T12:47:38.092+0700] {logging_mixin.py:190} INFO - [2026-09-18T12:47:38.091+0700] {dag.py:3239} INFO - Sync 1 DAGs
[2026-09-18T12:47:38.097+0700] {logging_mixin.py:190} INFO - [2026-09-18T12:47:38.097+0700] {dag.py:4180} INFO - Setting next_dagrun for example_trigger_target_dag to None, run_after=None
[2026-09-18T12:47:38.107+0700] {processor.py:208} INFO - Processing /Users/andreasanditya/Downloads/572392_Andreas_AirflowETL/code/.venv/lib/python3.9/site-packages/airflow/example_dags/example_trigger_target_dag.py took 0.121 seconds
[2026-09-18T12:49:03.806+0700] {processor.py:186} INFO - Started process (PID=70573) to work on /Users/andreasanditya/Downloads/572392_Andreas_AirflowETL/code/.venv/lib/python3.9/site-packages/airflow/example_dags/example_trigger_target_dag.py
[2026-09-18T12:49:03.807+0700] {processor.py:914} INFO - Processing file /Users/andreasanditya/Downloads/572392_Andreas_AirflowETL/code/.venv/lib/python3.9/site-packages/airflow/example_dags/example_trigger_target_dag.py for tasks to queue
[2026-09-18T12:49:03.808+0700] {logging_mixin.py:190} INFO - [2026-09-18T12:49:03.808+0700] {dagbag.py:588} INFO - Filling up the DagBag from /Users/andreasanditya/Downloads/572392_Andreas_AirflowETL/code/.venv/lib/python3.9/site-packages/airflow/example_dags/example_trigger_target_dag.py
[2026-09-18T12:49:03.853+0700] {processor.py:925} INFO - DAG(s) 'example_trigger_target_dag' retrieved from /Users/andreasanditya/Downloads/572392_Andreas_AirflowETL/code/.venv/lib/python3.9/site-packages/airflow/example_dags/example_trigger_target_dag.py
[2026-09-18T12:49:03.910+0700] {logging_mixin.py:190} INFO - [2026-09-18T12:49:03.910+0700] {dag.py:3239} INFO - Sync 1 DAGs
[2026-09-18T12:49:03.916+0700] {logging_mixin.py:190} INFO - [2026-09-18T12:49:03.916+0700] {dag.py:4180} INFO - Setting next_dagrun for example_trigger_target_dag to None, run_after=None
[2026-09-18T12:49:03.926+0700] {processor.py:208} INFO - Processing /Users/andreasanditya/Downloads/572392_Andreas_AirflowETL/code/.venv/lib/python3.9/site-packages/airflow/example_dags/example_trigger_target_dag.py took 0.121 seconds
[2026-09-18T12:50:27.353+0700] {processor.py:186} INFO - Started process (PID=71486) to work on /Users/andreasanditya/Downloads/572392_Andreas_AirflowETL/code/.venv/lib/python3.9/site-packages/airflow/example_dags/example_trigger_target_dag.py
[2026-09-18T12:50:27.354+0700] {processor.py:914} INFO - Processing file /Users/andreasanditya/Downloads/572392_Andreas_AirflowETL/code/.venv/lib/python3.9/site-packages/airflow/example_dags/example_trigger_target_dag.py for tasks to queue
[2026-09-18T12:50:27.355+0700] {logging_mixin.py:190} INFO - [2026-09-18T12:50:27.355+0700] {dagbag.py:588} INFO - Filling up the DagBag from /Users/andreasanditya/Downloads/572392_Andreas_AirflowETL/code/.venv/lib/python3.9/site-packages/airflow/example_dags/example_trigger_target_dag.py
[2026-09-18T12:50:27.399+0700] {processor.py:925} INFO - DAG(s) 'example_trigger_target_dag' retrieved from /Users/andreasanditya/Downloads/572392_Andreas_AirflowETL/code/.venv/lib/python3.9/site-packages/airflow/example_dags/example_trigger_target_dag.py
[2026-09-18T12:50:27.457+0700] {logging_mixin.py:190} INFO - [2026-09-18T12:50:27.457+0700] {dag.py:3239} INFO - Sync 1 DAGs
[2026-09-18T12:50:27.462+0700] {logging_mixin.py:190} INFO - [2026-09-18T12:50:27.462+0700] {dag.py:4180} INFO - Setting next_dagrun for example_trigger_target_dag to None, run_after=None
[2026-09-18T12:50:27.472+0700] {processor.py:208} INFO - Processing /Users/andreasanditya/Downloads/572392_Andreas_AirflowETL/code/.venv/lib/python3.9/site-packages/airflow/example_dags/example_trigger_target_dag.py took 0.121 seconds
[2026-09-18T12:51:49.253+0700] {processor.py:186} INFO - Started process (PID=72308) to work on /Users/andreasanditya/Downloads/572392_Andreas_AirflowETL/code/.venv/lib/python3.9/site-packages/airflow/example_dags/example_trigger_target_dag.py
[2026-09-18T12:51:49.254+0700] {processor.py:914} INFO - Processing file /Users/andreasanditya/Downloads/572392_Andreas_AirflowETL/code/.venv/lib/python3.9/site-packages/airflow/example_dags/example_trigger_target_dag.py for tasks to queue
[2026-09-18T12:51:49.254+0700] {logging_mixin.py:190} INFO - [2026-09-18T12:51:49.254+0700] {dagbag.py:588} INFO - Filling up the DagBag from /Users/andreasanditya/Downloads/572392_Andreas_AirflowETL/code/.venv/lib/python3.9/site-packages/airflow/example_dags/example_trigger_target_dag.py
[2026-09-18T12:51:49.298+0700] {processor.py:925} INFO - DAG(s) 'example_trigger_target_dag' retrieved from /Users/andreasanditya/Downloads/572392_Andreas_AirflowETL/code/.venv/lib/python3.9/site-packages/airflow/example_dags/example_trigger_target_dag.py
[2026-09-18T12:51:49.356+0700] {logging_mixin.py:190} INFO - [2026-09-18T12:51:49.356+0700] {dag.py:3239} INFO - Sync 1 DAGs
[2026-09-18T12:51:49.362+0700] {logging_mixin.py:190} INFO - [2026-09-18T12:51:49.362+0700] {dag.py:4180} INFO - Setting next_dagrun for example_trigger_target_dag to None, run_after=None
[2026-09-18T12:51:49.372+0700] {processor.py:208} INFO - Processing /Users/andreasanditya/Downloads/572392_Andreas_AirflowETL/code/.venv/lib/python3.9/site-packages/airflow/example_dags/example_trigger_target_dag.py took 0.121 seconds
[2026-09-18T12:53:17.147+0700] {processor.py:186} INFO - Started process (PID=73155) to work on /Users/andreasanditya/Downloads/572392_Andreas_AirflowETL/code/.venv/lib/python3.9/site-packages/airflow/example_dags/example_trigger_target_dag.py
[2026-09-18T12:53:17.147+0700] {processor.py:914} INFO - Processing file /Users/andreasanditya/Downloads/572392_Andreas_AirflowETL/code/.venv/lib/python3.9/site-packages/airflow/example_dags/example_trigger_target_dag.py for tasks to queue
[2026-09-18T12:53:17.148+0700] {logging_mixin.py:190} INFO - [2026-09-18T12:53:17.148+0700] {dagbag.py:588} INFO - Filling up the DagBag from /Users/andreasanditya/Downloads/572392_Andreas_AirflowETL/code/.venv/lib/python3.9/site-packages/airflow/example_dags/example_trigger_target_dag.py
[2026-09-18T12:53:17.193+0700] {processor.py:925} INFO - DAG(s) 'example_trigger_target_dag' retrieved from /Users/andreasanditya/Downloads/572392_Andreas_AirflowETL/code/.venv/lib/python3.9/site-packages/airflow/example_dags/example_trigger_target_dag.py
[2026-09-18T12:53:17.250+0700] {logging_mixin.py:190} INFO - [2026-09-18T12:53:17.250+0700] {dag.py:3239} INFO - Sync 1 DAGs
[2026-09-18T12:53:17.256+0700] {logging_mixin.py:190} INFO - [2026-09-18T12:53:17.256+0700] {dag.py:4180} INFO - Setting next_dagrun for example_trigger_target_dag to None, run_after=None
[2026-09-18T12:53:17.265+0700] {processor.py:208} INFO - Processing /Users/andreasanditya/Downloads/572392_Andreas_AirflowETL/code/.venv/lib/python3.9/site-packages/airflow/example_dags/example_trigger_target_dag.py took 0.121 seconds
[2026-09-18T12:54:41.453+0700] {processor.py:186} INFO - Started process (PID=74077) to work on /Users/andreasanditya/Downloads/572392_Andreas_AirflowETL/code/.venv/lib/python3.9/site-packages/airflow/example_dags/example_trigger_target_dag.py
[2026-09-18T12:54:41.454+0700] {processor.py:914} INFO - Processing file /Users/andreasanditya/Downloads/572392_Andreas_AirflowETL/code/.venv/lib/python3.9/site-packages/airflow/example_dags/example_trigger_target_dag.py for tasks to queue
[2026-09-18T12:54:41.455+0700] {logging_mixin.py:190} INFO - [2026-09-18T12:54:41.455+0700] {dagbag.py:588} INFO - Filling up the DagBag from /Users/andreasanditya/Downloads/572392_Andreas_AirflowETL/code/.venv/lib/python3.9/site-packages/airflow/example_dags/example_trigger_target_dag.py
[2026-09-18T12:54:41.500+0700] {processor.py:925} INFO - DAG(s) 'example_trigger_target_dag' retrieved from /Users/andreasanditya/Downloads/572392_Andreas_AirflowETL/code/.venv/lib/python3.9/site-packages/airflow/example_dags/example_trigger_target_dag.py
[2026-09-18T12:54:41.558+0700] {logging_mixin.py:190} INFO - [2026-09-18T12:54:41.558+0700] {dag.py:3239} INFO - Sync 1 DAGs
[2026-09-18T12:54:41.564+0700] {logging_mixin.py:190} INFO - [2026-09-18T12:54:41.563+0700] {dag.py:4180} INFO - Setting next_dagrun for example_trigger_target_dag to None, run_after=None
[2026-09-18T12:54:41.573+0700] {processor.py:208} INFO - Processing /Users/andreasanditya/Downloads/572392_Andreas_AirflowETL/code/.venv/lib/python3.9/site-packages/airflow/example_dags/example_trigger_target_dag.py took 0.122 seconds
[2026-09-18T12:56:05.445+0700] {processor.py:186} INFO - Started process (PID=74914) to work on /Users/andreasanditya/Downloads/572392_Andreas_AirflowETL/code/.venv/lib/python3.9/site-packages/airflow/example_dags/example_trigger_target_dag.py
[2026-09-18T12:56:05.446+0700] {processor.py:914} INFO - Processing file /Users/andreasanditya/Downloads/572392_Andreas_AirflowETL/code/.venv/lib/python3.9/site-packages/airflow/example_dags/example_trigger_target_dag.py for tasks to queue
[2026-09-18T12:56:05.447+0700] {logging_mixin.py:190} INFO - [2026-09-18T12:56:05.447+0700] {dagbag.py:588} INFO - Filling up the DagBag from /Users/andreasanditya/Downloads/572392_Andreas_AirflowETL/code/.venv/lib/python3.9/site-packages/airflow/example_dags/example_trigger_target_dag.py
[2026-09-18T12:56:05.492+0700] {processor.py:925} INFO - DAG(s) 'example_trigger_target_dag' retrieved from /Users/andreasanditya/Downloads/572392_Andreas_AirflowETL/code/.venv/lib/python3.9/site-packages/airflow/example_dags/example_trigger_target_dag.py
[2026-09-18T12:56:05.551+0700] {logging_mixin.py:190} INFO - [2026-09-18T12:56:05.551+0700] {dag.py:3239} INFO - Sync 1 DAGs
[2026-09-18T12:56:05.557+0700] {logging_mixin.py:190} INFO - [2026-09-18T12:56:05.557+0700] {dag.py:4180} INFO - Setting next_dagrun for example_trigger_target_dag to None, run_after=None
[2026-09-18T12:56:05.566+0700] {processor.py:208} INFO - Processing /Users/andreasanditya/Downloads/572392_Andreas_AirflowETL/code/.venv/lib/python3.9/site-packages/airflow/example_dags/example_trigger_target_dag.py took 0.123 seconds
[2026-09-18T12:57:31.546+0700] {processor.py:186} INFO - Started process (PID=75822) to work on /Users/andreasanditya/Downloads/572392_Andreas_AirflowETL/code/.venv/lib/python3.9/site-packages/airflow/example_dags/example_trigger_target_dag.py
[2026-09-18T12:57:31.548+0700] {processor.py:914} INFO - Processing file /Users/andreasanditya/Downloads/572392_Andreas_AirflowETL/code/.venv/lib/python3.9/site-packages/airflow/example_dags/example_trigger_target_dag.py for tasks to queue
[2026-09-18T12:57:31.548+0700] {logging_mixin.py:190} INFO - [2026-09-18T12:57:31.548+0700] {dagbag.py:588} INFO - Filling up the DagBag from /Users/andreasanditya/Downloads/572392_Andreas_AirflowETL/code/.venv/lib/python3.9/site-packages/airflow/example_dags/example_trigger_target_dag.py
[2026-09-18T12:57:31.592+0700] {processor.py:925} INFO - DAG(s) 'example_trigger_target_dag' retrieved from /Users/andreasanditya/Downloads/572392_Andreas_AirflowETL/code/.venv/lib/python3.9/site-packages/airflow/example_dags/example_trigger_target_dag.py
[2026-09-18T12:57:31.653+0700] {logging_mixin.py:190} INFO - [2026-09-18T12:57:31.653+0700] {dag.py:3239} INFO - Sync 1 DAGs
[2026-09-18T12:57:31.658+0700] {logging_mixin.py:190} INFO - [2026-09-18T12:57:31.658+0700] {dag.py:4180} INFO - Setting next_dagrun for example_trigger_target_dag to None, run_after=None
[2026-09-18T12:57:31.668+0700] {processor.py:208} INFO - Processing /Users/andreasanditya/Downloads/572392_Andreas_AirflowETL/code/.venv/lib/python3.9/site-packages/airflow/example_dags/example_trigger_target_dag.py took 0.124 seconds
[2026-09-18T12:58:56.308+0700] {processor.py:186} INFO - Started process (PID=76674) to work on /Users/andreasanditya/Downloads/572392_Andreas_AirflowETL/code/.venv/lib/python3.9/site-packages/airflow/example_dags/example_trigger_target_dag.py
[2026-09-18T12:58:56.309+0700] {processor.py:914} INFO - Processing file /Users/andreasanditya/Downloads/572392_Andreas_AirflowETL/code/.venv/lib/python3.9/site-packages/airflow/example_dags/example_trigger_target_dag.py for tasks to queue
[2026-09-18T12:58:56.310+0700] {logging_mixin.py:190} INFO - [2026-09-18T12:58:56.309+0700] {dagbag.py:588} INFO - Filling up the DagBag from /Users/andreasanditya/Downloads/572392_Andreas_AirflowETL/code/.venv/lib/python3.9/site-packages/airflow/example_dags/example_trigger_target_dag.py
[2026-09-18T12:58:56.354+0700] {processor.py:925} INFO - DAG(s) 'example_trigger_target_dag' retrieved from /Users/andreasanditya/Downloads/572392_Andreas_AirflowETL/code/.venv/lib/python3.9/site-packages/airflow/example_dags/example_trigger_target_dag.py
[2026-09-18T12:58:56.410+0700] {logging_mixin.py:190} INFO - [2026-09-18T12:58:56.410+0700] {dag.py:3239} INFO - Sync 1 DAGs
[2026-09-18T12:58:56.416+0700] {logging_mixin.py:190} INFO - [2026-09-18T12:58:56.416+0700] {dag.py:4180} INFO - Setting next_dagrun for example_trigger_target_dag to None, run_after=None
[2026-09-18T12:58:56.426+0700] {processor.py:208} INFO - Processing /Users/andreasanditya/Downloads/572392_Andreas_AirflowETL/code/.venv/lib/python3.9/site-packages/airflow/example_dags/example_trigger_target_dag.py took 0.120 seconds
[2026-09-18T13:00:22.609+0700] {processor.py:186} INFO - Started process (PID=77593) to work on /Users/andreasanditya/Downloads/572392_Andreas_AirflowETL/code/.venv/lib/python3.9/site-packages/airflow/example_dags/example_trigger_target_dag.py
[2026-09-18T13:00:22.610+0700] {processor.py:914} INFO - Processing file /Users/andreasanditya/Downloads/572392_Andreas_AirflowETL/code/.venv/lib/python3.9/site-packages/airflow/example_dags/example_trigger_target_dag.py for tasks to queue
[2026-09-18T13:00:22.610+0700] {logging_mixin.py:190} INFO - [2026-09-18T13:00:22.610+0700] {dagbag.py:588} INFO - Filling up the DagBag from /Users/andreasanditya/Downloads/572392_Andreas_AirflowETL/code/.venv/lib/python3.9/site-packages/airflow/example_dags/example_trigger_target_dag.py
[2026-09-18T13:00:22.655+0700] {processor.py:925} INFO - DAG(s) 'example_trigger_target_dag' retrieved from /Users/andreasanditya/Downloads/572392_Andreas_AirflowETL/code/.venv/lib/python3.9/site-packages/airflow/example_dags/example_trigger_target_dag.py
[2026-09-18T13:00:22.712+0700] {logging_mixin.py:190} INFO - [2026-09-18T13:00:22.712+0700] {dag.py:3239} INFO - Sync 1 DAGs
[2026-09-18T13:00:22.718+0700] {logging_mixin.py:190} INFO - [2026-09-18T13:00:22.718+0700] {dag.py:4180} INFO - Setting next_dagrun for example_trigger_target_dag to None, run_after=None
[2026-09-18T13:00:22.728+0700] {processor.py:208} INFO - Processing /Users/andreasanditya/Downloads/572392_Andreas_AirflowETL/code/.venv/lib/python3.9/site-packages/airflow/example_dags/example_trigger_target_dag.py took 0.121 seconds
[2026-09-18T13:01:50.207+0700] {processor.py:186} INFO - Started process (PID=78427) to work on /Users/andreasanditya/Downloads/572392_Andreas_AirflowETL/code/.venv/lib/python3.9/site-packages/airflow/example_dags/example_trigger_target_dag.py
[2026-09-18T13:01:50.208+0700] {processor.py:914} INFO - Processing file /Users/andreasanditya/Downloads/572392_Andreas_AirflowETL/code/.venv/lib/python3.9/site-packages/airflow/example_dags/example_trigger_target_dag.py for tasks to queue
[2026-09-18T13:01:50.208+0700] {logging_mixin.py:190} INFO - [2026-09-18T13:01:50.208+0700] {dagbag.py:588} INFO - Filling up the DagBag from /Users/andreasanditya/Downloads/572392_Andreas_AirflowETL/code/.venv/lib/python3.9/site-packages/airflow/example_dags/example_trigger_target_dag.py
[2026-09-18T13:01:50.252+0700] {processor.py:925} INFO - DAG(s) 'example_trigger_target_dag' retrieved from /Users/andreasanditya/Downloads/572392_Andreas_AirflowETL/code/.venv/lib/python3.9/site-packages/airflow/example_dags/example_trigger_target_dag.py
[2026-09-18T13:01:50.311+0700] {logging_mixin.py:190} INFO - [2026-09-18T13:01:50.311+0700] {dag.py:3239} INFO - Sync 1 DAGs
[2026-09-18T13:01:50.317+0700] {logging_mixin.py:190} INFO - [2026-09-18T13:01:50.317+0700] {dag.py:4180} INFO - Setting next_dagrun for example_trigger_target_dag to None, run_after=None
[2026-09-18T13:01:50.326+0700] {processor.py:208} INFO - Processing /Users/andreasanditya/Downloads/572392_Andreas_AirflowETL/code/.venv/lib/python3.9/site-packages/airflow/example_dags/example_trigger_target_dag.py took 0.122 seconds
[2026-09-18T13:03:15.080+0700] {processor.py:186} INFO - Started process (PID=79374) to work on /Users/andreasanditya/Downloads/572392_Andreas_AirflowETL/code/.venv/lib/python3.9/site-packages/airflow/example_dags/example_trigger_target_dag.py
[2026-09-18T13:03:15.081+0700] {processor.py:914} INFO - Processing file /Users/andreasanditya/Downloads/572392_Andreas_AirflowETL/code/.venv/lib/python3.9/site-packages/airflow/example_dags/example_trigger_target_dag.py for tasks to queue
[2026-09-18T13:03:15.082+0700] {logging_mixin.py:190} INFO - [2026-09-18T13:03:15.082+0700] {dagbag.py:588} INFO - Filling up the DagBag from /Users/andreasanditya/Downloads/572392_Andreas_AirflowETL/code/.venv/lib/python3.9/site-packages/airflow/example_dags/example_trigger_target_dag.py
[2026-09-18T13:03:15.128+0700] {processor.py:925} INFO - DAG(s) 'example_trigger_target_dag' retrieved from /Users/andreasanditya/Downloads/572392_Andreas_AirflowETL/code/.venv/lib/python3.9/site-packages/airflow/example_dags/example_trigger_target_dag.py
[2026-09-18T13:03:15.185+0700] {logging_mixin.py:190} INFO - [2026-09-18T13:03:15.185+0700] {dag.py:3239} INFO - Sync 1 DAGs
[2026-09-18T13:03:15.191+0700] {logging_mixin.py:190} INFO - [2026-09-18T13:03:15.190+0700] {dag.py:4180} INFO - Setting next_dagrun for example_trigger_target_dag to None, run_after=None
[2026-09-18T13:03:15.200+0700] {processor.py:208} INFO - Processing /Users/andreasanditya/Downloads/572392_Andreas_AirflowETL/code/.venv/lib/python3.9/site-packages/airflow/example_dags/example_trigger_target_dag.py took 0.122 seconds
[2026-09-18T13:04:43.140+0700] {processor.py:186} INFO - Started process (PID=80215) to work on /Users/andreasanditya/Downloads/572392_Andreas_AirflowETL/code/.venv/lib/python3.9/site-packages/airflow/example_dags/example_trigger_target_dag.py
[2026-09-18T13:04:43.141+0700] {processor.py:914} INFO - Processing file /Users/andreasanditya/Downloads/572392_Andreas_AirflowETL/code/.venv/lib/python3.9/site-packages/airflow/example_dags/example_trigger_target_dag.py for tasks to queue
[2026-09-18T13:04:43.142+0700] {logging_mixin.py:190} INFO - [2026-09-18T13:04:43.142+0700] {dagbag.py:588} INFO - Filling up the DagBag from /Users/andreasanditya/Downloads/572392_Andreas_AirflowETL/code/.venv/lib/python3.9/site-packages/airflow/example_dags/example_trigger_target_dag.py
[2026-09-18T13:04:43.186+0700] {processor.py:925} INFO - DAG(s) 'example_trigger_target_dag' retrieved from /Users/andreasanditya/Downloads/572392_Andreas_AirflowETL/code/.venv/lib/python3.9/site-packages/airflow/example_dags/example_trigger_target_dag.py
[2026-09-18T13:04:43.244+0700] {logging_mixin.py:190} INFO - [2026-09-18T13:04:43.244+0700] {dag.py:3239} INFO - Sync 1 DAGs
[2026-09-18T13:04:43.250+0700] {logging_mixin.py:190} INFO - [2026-09-18T13:04:43.250+0700] {dag.py:4180} INFO - Setting next_dagrun for example_trigger_target_dag to None, run_after=None
[2026-09-18T13:04:43.259+0700] {processor.py:208} INFO - Processing /Users/andreasanditya/Downloads/572392_Andreas_AirflowETL/code/.venv/lib/python3.9/site-packages/airflow/example_dags/example_trigger_target_dag.py took 0.121 seconds
[2026-09-18T13:06:07.542+0700] {processor.py:186} INFO - Started process (PID=81120) to work on /Users/andreasanditya/Downloads/572392_Andreas_AirflowETL/code/.venv/lib/python3.9/site-packages/airflow/example_dags/example_trigger_target_dag.py
[2026-09-18T13:06:07.542+0700] {processor.py:914} INFO - Processing file /Users/andreasanditya/Downloads/572392_Andreas_AirflowETL/code/.venv/lib/python3.9/site-packages/airflow/example_dags/example_trigger_target_dag.py for tasks to queue
[2026-09-18T13:06:07.543+0700] {logging_mixin.py:190} INFO - [2026-09-18T13:06:07.543+0700] {dagbag.py:588} INFO - Filling up the DagBag from /Users/andreasanditya/Downloads/572392_Andreas_AirflowETL/code/.venv/lib/python3.9/site-packages/airflow/example_dags/example_trigger_target_dag.py
[2026-09-18T13:06:07.588+0700] {processor.py:925} INFO - DAG(s) 'example_trigger_target_dag' retrieved from /Users/andreasanditya/Downloads/572392_Andreas_AirflowETL/code/.venv/lib/python3.9/site-packages/airflow/example_dags/example_trigger_target_dag.py
[2026-09-18T13:06:07.645+0700] {logging_mixin.py:190} INFO - [2026-09-18T13:06:07.645+0700] {dag.py:3239} INFO - Sync 1 DAGs
[2026-09-18T13:06:07.651+0700] {logging_mixin.py:190} INFO - [2026-09-18T13:06:07.651+0700] {dag.py:4180} INFO - Setting next_dagrun for example_trigger_target_dag to None, run_after=None
[2026-09-18T13:06:07.660+0700] {processor.py:208} INFO - Processing /Users/andreasanditya/Downloads/572392_Andreas_AirflowETL/code/.venv/lib/python3.9/site-packages/airflow/example_dags/example_trigger_target_dag.py took 0.121 seconds
[2026-09-18T13:07:30.972+0700] {processor.py:186} INFO - Started process (PID=81961) to work on /Users/andreasanditya/Downloads/572392_Andreas_AirflowETL/code/.venv/lib/python3.9/site-packages/airflow/example_dags/example_trigger_target_dag.py
[2026-09-18T13:07:30.974+0700] {processor.py:914} INFO - Processing file /Users/andreasanditya/Downloads/572392_Andreas_AirflowETL/code/.venv/lib/python3.9/site-packages/airflow/example_dags/example_trigger_target_dag.py for tasks to queue
[2026-09-18T13:07:30.974+0700] {logging_mixin.py:190} INFO - [2026-09-18T13:07:30.974+0700] {dagbag.py:588} INFO - Filling up the DagBag from /Users/andreasanditya/Downloads/572392_Andreas_AirflowETL/code/.venv/lib/python3.9/site-packages/airflow/example_dags/example_trigger_target_dag.py
[2026-09-18T13:07:31.019+0700] {processor.py:925} INFO - DAG(s) 'example_trigger_target_dag' retrieved from /Users/andreasanditya/Downloads/572392_Andreas_AirflowETL/code/.venv/lib/python3.9/site-packages/airflow/example_dags/example_trigger_target_dag.py
[2026-09-18T13:07:31.077+0700] {logging_mixin.py:190} INFO - [2026-09-18T13:07:31.077+0700] {dag.py:3239} INFO - Sync 1 DAGs
[2026-09-18T13:07:31.083+0700] {logging_mixin.py:190} INFO - [2026-09-18T13:07:31.083+0700] {dag.py:4180} INFO - Setting next_dagrun for example_trigger_target_dag to None, run_after=None
[2026-09-18T13:07:31.092+0700] {processor.py:208} INFO - Processing /Users/andreasanditya/Downloads/572392_Andreas_AirflowETL/code/.venv/lib/python3.9/site-packages/airflow/example_dags/example_trigger_target_dag.py took 0.123 seconds
[2026-09-18T13:08:54.956+0700] {processor.py:186} INFO - Started process (PID=82785) to work on /Users/andreasanditya/Downloads/572392_Andreas_AirflowETL/code/.venv/lib/python3.9/site-packages/airflow/example_dags/example_trigger_target_dag.py
[2026-09-18T13:08:54.957+0700] {processor.py:914} INFO - Processing file /Users/andreasanditya/Downloads/572392_Andreas_AirflowETL/code/.venv/lib/python3.9/site-packages/airflow/example_dags/example_trigger_target_dag.py for tasks to queue
[2026-09-18T13:08:54.957+0700] {logging_mixin.py:190} INFO - [2026-09-18T13:08:54.957+0700] {dagbag.py:588} INFO - Filling up the DagBag from /Users/andreasanditya/Downloads/572392_Andreas_AirflowETL/code/.venv/lib/python3.9/site-packages/airflow/example_dags/example_trigger_target_dag.py
[2026-09-18T13:08:55.001+0700] {processor.py:925} INFO - DAG(s) 'example_trigger_target_dag' retrieved from /Users/andreasanditya/Downloads/572392_Andreas_AirflowETL/code/.venv/lib/python3.9/site-packages/airflow/example_dags/example_trigger_target_dag.py
[2026-09-18T13:08:55.058+0700] {logging_mixin.py:190} INFO - [2026-09-18T13:08:55.058+0700] {dag.py:3239} INFO - Sync 1 DAGs
[2026-09-18T13:08:55.064+0700] {logging_mixin.py:190} INFO - [2026-09-18T13:08:55.064+0700] {dag.py:4180} INFO - Setting next_dagrun for example_trigger_target_dag to None, run_after=None
[2026-09-18T13:08:55.074+0700] {processor.py:208} INFO - Processing /Users/andreasanditya/Downloads/572392_Andreas_AirflowETL/code/.venv/lib/python3.9/site-packages/airflow/example_dags/example_trigger_target_dag.py took 0.120 seconds
[2026-09-18T13:10:21.344+0700] {processor.py:186} INFO - Started process (PID=83708) to work on /Users/andreasanditya/Downloads/572392_Andreas_AirflowETL/code/.venv/lib/python3.9/site-packages/airflow/example_dags/example_trigger_target_dag.py
[2026-09-18T13:10:21.345+0700] {processor.py:914} INFO - Processing file /Users/andreasanditya/Downloads/572392_Andreas_AirflowETL/code/.venv/lib/python3.9/site-packages/airflow/example_dags/example_trigger_target_dag.py for tasks to queue
[2026-09-18T13:10:21.345+0700] {logging_mixin.py:190} INFO - [2026-09-18T13:10:21.345+0700] {dagbag.py:588} INFO - Filling up the DagBag from /Users/andreasanditya/Downloads/572392_Andreas_AirflowETL/code/.venv/lib/python3.9/site-packages/airflow/example_dags/example_trigger_target_dag.py
[2026-09-18T13:10:21.390+0700] {processor.py:925} INFO - DAG(s) 'example_trigger_target_dag' retrieved from /Users/andreasanditya/Downloads/572392_Andreas_AirflowETL/code/.venv/lib/python3.9/site-packages/airflow/example_dags/example_trigger_target_dag.py
[2026-09-18T13:10:21.447+0700] {logging_mixin.py:190} INFO - [2026-09-18T13:10:21.447+0700] {dag.py:3239} INFO - Sync 1 DAGs
[2026-09-18T13:10:21.453+0700] {logging_mixin.py:190} INFO - [2026-09-18T13:10:21.453+0700] {dag.py:4180} INFO - Setting next_dagrun for example_trigger_target_dag to None, run_after=None
[2026-09-18T13:10:21.462+0700] {processor.py:208} INFO - Processing /Users/andreasanditya/Downloads/572392_Andreas_AirflowETL/code/.venv/lib/python3.9/site-packages/airflow/example_dags/example_trigger_target_dag.py took 0.120 seconds
[2026-09-18T13:11:48.776+0700] {processor.py:186} INFO - Started process (PID=84554) to work on /Users/andreasanditya/Downloads/572392_Andreas_AirflowETL/code/.venv/lib/python3.9/site-packages/airflow/example_dags/example_trigger_target_dag.py
[2026-09-18T13:11:48.778+0700] {processor.py:914} INFO - Processing file /Users/andreasanditya/Downloads/572392_Andreas_AirflowETL/code/.venv/lib/python3.9/site-packages/airflow/example_dags/example_trigger_target_dag.py for tasks to queue
[2026-09-18T13:11:48.779+0700] {logging_mixin.py:190} INFO - [2026-09-18T13:11:48.778+0700] {dagbag.py:588} INFO - Filling up the DagBag from /Users/andreasanditya/Downloads/572392_Andreas_AirflowETL/code/.venv/lib/python3.9/site-packages/airflow/example_dags/example_trigger_target_dag.py
[2026-09-18T13:11:48.823+0700] {processor.py:925} INFO - DAG(s) 'example_trigger_target_dag' retrieved from /Users/andreasanditya/Downloads/572392_Andreas_AirflowETL/code/.venv/lib/python3.9/site-packages/airflow/example_dags/example_trigger_target_dag.py
[2026-09-18T13:11:48.880+0700] {logging_mixin.py:190} INFO - [2026-09-18T13:11:48.879+0700] {dag.py:3239} INFO - Sync 1 DAGs
[2026-09-18T13:11:48.885+0700] {logging_mixin.py:190} INFO - [2026-09-18T13:11:48.885+0700] {dag.py:4180} INFO - Setting next_dagrun for example_trigger_target_dag to None, run_after=None
[2026-09-18T13:11:48.895+0700] {processor.py:208} INFO - Processing /Users/andreasanditya/Downloads/572392_Andreas_AirflowETL/code/.venv/lib/python3.9/site-packages/airflow/example_dags/example_trigger_target_dag.py took 0.120 seconds
[2026-09-18T13:13:14.892+0700] {processor.py:186} INFO - Started process (PID=85475) to work on /Users/andreasanditya/Downloads/572392_Andreas_AirflowETL/code/.venv/lib/python3.9/site-packages/airflow/example_dags/example_trigger_target_dag.py
[2026-09-18T13:13:14.893+0700] {processor.py:914} INFO - Processing file /Users/andreasanditya/Downloads/572392_Andreas_AirflowETL/code/.venv/lib/python3.9/site-packages/airflow/example_dags/example_trigger_target_dag.py for tasks to queue
[2026-09-18T13:13:14.893+0700] {logging_mixin.py:190} INFO - [2026-09-18T13:13:14.893+0700] {dagbag.py:588} INFO - Filling up the DagBag from /Users/andreasanditya/Downloads/572392_Andreas_AirflowETL/code/.venv/lib/python3.9/site-packages/airflow/example_dags/example_trigger_target_dag.py
[2026-09-18T13:13:14.937+0700] {processor.py:925} INFO - DAG(s) 'example_trigger_target_dag' retrieved from /Users/andreasanditya/Downloads/572392_Andreas_AirflowETL/code/.venv/lib/python3.9/site-packages/airflow/example_dags/example_trigger_target_dag.py
[2026-09-18T13:13:14.994+0700] {logging_mixin.py:190} INFO - [2026-09-18T13:13:14.994+0700] {dag.py:3239} INFO - Sync 1 DAGs
[2026-09-18T13:13:15.000+0700] {logging_mixin.py:190} INFO - [2026-09-18T13:13:15.000+0700] {dag.py:4180} INFO - Setting next_dagrun for example_trigger_target_dag to None, run_after=None
[2026-09-18T13:13:15.010+0700] {processor.py:208} INFO - Processing /Users/andreasanditya/Downloads/572392_Andreas_AirflowETL/code/.venv/lib/python3.9/site-packages/airflow/example_dags/example_trigger_target_dag.py took 0.120 seconds
[2026-09-18T13:14:39.997+0700] {processor.py:186} INFO - Started process (PID=86297) to work on /Users/andreasanditya/Downloads/572392_Andreas_AirflowETL/code/.venv/lib/python3.9/site-packages/airflow/example_dags/example_trigger_target_dag.py
[2026-09-18T13:14:39.998+0700] {processor.py:914} INFO - Processing file /Users/andreasanditya/Downloads/572392_Andreas_AirflowETL/code/.venv/lib/python3.9/site-packages/airflow/example_dags/example_trigger_target_dag.py for tasks to queue
[2026-09-18T13:14:39.998+0700] {logging_mixin.py:190} INFO - [2026-09-18T13:14:39.998+0700] {dagbag.py:588} INFO - Filling up the DagBag from /Users/andreasanditya/Downloads/572392_Andreas_AirflowETL/code/.venv/lib/python3.9/site-packages/airflow/example_dags/example_trigger_target_dag.py
[2026-09-18T13:14:40.042+0700] {processor.py:925} INFO - DAG(s) 'example_trigger_target_dag' retrieved from /Users/andreasanditya/Downloads/572392_Andreas_AirflowETL/code/.venv/lib/python3.9/site-packages/airflow/example_dags/example_trigger_target_dag.py
[2026-09-18T13:14:40.100+0700] {logging_mixin.py:190} INFO - [2026-09-18T13:14:40.100+0700] {dag.py:3239} INFO - Sync 1 DAGs
[2026-09-18T13:14:40.105+0700] {logging_mixin.py:190} INFO - [2026-09-18T13:14:40.105+0700] {dag.py:4180} INFO - Setting next_dagrun for example_trigger_target_dag to None, run_after=None
[2026-09-18T13:14:40.115+0700] {processor.py:208} INFO - Processing /Users/andreasanditya/Downloads/572392_Andreas_AirflowETL/code/.venv/lib/python3.9/site-packages/airflow/example_dags/example_trigger_target_dag.py took 0.120 seconds
[2026-09-18T13:16:07.382+0700] {processor.py:186} INFO - Started process (PID=87213) to work on /Users/andreasanditya/Downloads/572392_Andreas_AirflowETL/code/.venv/lib/python3.9/site-packages/airflow/example_dags/example_trigger_target_dag.py
[2026-09-18T13:16:07.383+0700] {processor.py:914} INFO - Processing file /Users/andreasanditya/Downloads/572392_Andreas_AirflowETL/code/.venv/lib/python3.9/site-packages/airflow/example_dags/example_trigger_target_dag.py for tasks to queue
[2026-09-18T13:16:07.384+0700] {logging_mixin.py:190} INFO - [2026-09-18T13:16:07.384+0700] {dagbag.py:588} INFO - Filling up the DagBag from /Users/andreasanditya/Downloads/572392_Andreas_AirflowETL/code/.venv/lib/python3.9/site-packages/airflow/example_dags/example_trigger_target_dag.py
[2026-09-18T13:16:07.428+0700] {processor.py:925} INFO - DAG(s) 'example_trigger_target_dag' retrieved from /Users/andreasanditya/Downloads/572392_Andreas_AirflowETL/code/.venv/lib/python3.9/site-packages/airflow/example_dags/example_trigger_target_dag.py
[2026-09-18T13:16:07.485+0700] {logging_mixin.py:190} INFO - [2026-09-18T13:16:07.485+0700] {dag.py:3239} INFO - Sync 1 DAGs
[2026-09-18T13:16:07.491+0700] {logging_mixin.py:190} INFO - [2026-09-18T13:16:07.491+0700] {dag.py:4180} INFO - Setting next_dagrun for example_trigger_target_dag to None, run_after=None
[2026-09-18T13:16:07.501+0700] {processor.py:208} INFO - Processing /Users/andreasanditya/Downloads/572392_Andreas_AirflowETL/code/.venv/lib/python3.9/site-packages/airflow/example_dags/example_trigger_target_dag.py took 0.121 seconds
[2026-09-18T13:17:32.957+0700] {processor.py:186} INFO - Started process (PID=88041) to work on /Users/andreasanditya/Downloads/572392_Andreas_AirflowETL/code/.venv/lib/python3.9/site-packages/airflow/example_dags/example_trigger_target_dag.py
[2026-09-18T13:17:32.959+0700] {processor.py:914} INFO - Processing file /Users/andreasanditya/Downloads/572392_Andreas_AirflowETL/code/.venv/lib/python3.9/site-packages/airflow/example_dags/example_trigger_target_dag.py for tasks to queue
[2026-09-18T13:17:32.960+0700] {logging_mixin.py:190} INFO - [2026-09-18T13:17:32.960+0700] {dagbag.py:588} INFO - Filling up the DagBag from /Users/andreasanditya/Downloads/572392_Andreas_AirflowETL/code/.venv/lib/python3.9/site-packages/airflow/example_dags/example_trigger_target_dag.py
[2026-09-18T13:17:33.003+0700] {processor.py:925} INFO - DAG(s) 'example_trigger_target_dag' retrieved from /Users/andreasanditya/Downloads/572392_Andreas_AirflowETL/code/.venv/lib/python3.9/site-packages/airflow/example_dags/example_trigger_target_dag.py
[2026-09-18T13:17:33.061+0700] {logging_mixin.py:190} INFO - [2026-09-18T13:17:33.061+0700] {dag.py:3239} INFO - Sync 1 DAGs
[2026-09-18T13:17:33.067+0700] {logging_mixin.py:190} INFO - [2026-09-18T13:17:33.067+0700] {dag.py:4180} INFO - Setting next_dagrun for example_trigger_target_dag to None, run_after=None
[2026-09-18T13:17:33.076+0700] {processor.py:208} INFO - Processing /Users/andreasanditya/Downloads/572392_Andreas_AirflowETL/code/.venv/lib/python3.9/site-packages/airflow/example_dags/example_trigger_target_dag.py took 0.121 seconds
[2026-09-18T13:18:58.028+0700] {processor.py:186} INFO - Started process (PID=88955) to work on /Users/andreasanditya/Downloads/572392_Andreas_AirflowETL/code/.venv/lib/python3.9/site-packages/airflow/example_dags/example_trigger_target_dag.py
[2026-09-18T13:18:58.030+0700] {processor.py:914} INFO - Processing file /Users/andreasanditya/Downloads/572392_Andreas_AirflowETL/code/.venv/lib/python3.9/site-packages/airflow/example_dags/example_trigger_target_dag.py for tasks to queue
[2026-09-18T13:18:58.030+0700] {logging_mixin.py:190} INFO - [2026-09-18T13:18:58.030+0700] {dagbag.py:588} INFO - Filling up the DagBag from /Users/andreasanditya/Downloads/572392_Andreas_AirflowETL/code/.venv/lib/python3.9/site-packages/airflow/example_dags/example_trigger_target_dag.py
[2026-09-18T13:18:58.074+0700] {processor.py:925} INFO - DAG(s) 'example_trigger_target_dag' retrieved from /Users/andreasanditya/Downloads/572392_Andreas_AirflowETL/code/.venv/lib/python3.9/site-packages/airflow/example_dags/example_trigger_target_dag.py
[2026-09-18T13:18:58.132+0700] {logging_mixin.py:190} INFO - [2026-09-18T13:18:58.131+0700] {dag.py:3239} INFO - Sync 1 DAGs
[2026-09-18T13:18:58.137+0700] {logging_mixin.py:190} INFO - [2026-09-18T13:18:58.137+0700] {dag.py:4180} INFO - Setting next_dagrun for example_trigger_target_dag to None, run_after=None
[2026-09-18T13:18:58.147+0700] {processor.py:208} INFO - Processing /Users/andreasanditya/Downloads/572392_Andreas_AirflowETL/code/.venv/lib/python3.9/site-packages/airflow/example_dags/example_trigger_target_dag.py took 0.120 seconds
[2026-09-18T13:20:22.973+0700] {processor.py:186} INFO - Started process (PID=89777) to work on /Users/andreasanditya/Downloads/572392_Andreas_AirflowETL/code/.venv/lib/python3.9/site-packages/airflow/example_dags/example_trigger_target_dag.py
[2026-09-18T13:20:22.974+0700] {processor.py:914} INFO - Processing file /Users/andreasanditya/Downloads/572392_Andreas_AirflowETL/code/.venv/lib/python3.9/site-packages/airflow/example_dags/example_trigger_target_dag.py for tasks to queue
[2026-09-18T13:20:22.975+0700] {logging_mixin.py:190} INFO - [2026-09-18T13:20:22.975+0700] {dagbag.py:588} INFO - Filling up the DagBag from /Users/andreasanditya/Downloads/572392_Andreas_AirflowETL/code/.venv/lib/python3.9/site-packages/airflow/example_dags/example_trigger_target_dag.py
[2026-09-18T13:20:23.019+0700] {processor.py:925} INFO - DAG(s) 'example_trigger_target_dag' retrieved from /Users/andreasanditya/Downloads/572392_Andreas_AirflowETL/code/.venv/lib/python3.9/site-packages/airflow/example_dags/example_trigger_target_dag.py
[2026-09-18T13:20:23.076+0700] {logging_mixin.py:190} INFO - [2026-09-18T13:20:23.076+0700] {dag.py:3239} INFO - Sync 1 DAGs
[2026-09-18T13:20:23.082+0700] {logging_mixin.py:190} INFO - [2026-09-18T13:20:23.082+0700] {dag.py:4180} INFO - Setting next_dagrun for example_trigger_target_dag to None, run_after=None
[2026-09-18T13:20:23.091+0700] {processor.py:208} INFO - Processing /Users/andreasanditya/Downloads/572392_Andreas_AirflowETL/code/.venv/lib/python3.9/site-packages/airflow/example_dags/example_trigger_target_dag.py took 0.120 seconds
[2026-09-18T13:21:47.312+0700] {processor.py:186} INFO - Started process (PID=90611) to work on /Users/andreasanditya/Downloads/572392_Andreas_AirflowETL/code/.venv/lib/python3.9/site-packages/airflow/example_dags/example_trigger_target_dag.py
[2026-09-18T13:21:47.313+0700] {processor.py:914} INFO - Processing file /Users/andreasanditya/Downloads/572392_Andreas_AirflowETL/code/.venv/lib/python3.9/site-packages/airflow/example_dags/example_trigger_target_dag.py for tasks to queue
[2026-09-18T13:21:47.313+0700] {logging_mixin.py:190} INFO - [2026-09-18T13:21:47.313+0700] {dagbag.py:588} INFO - Filling up the DagBag from /Users/andreasanditya/Downloads/572392_Andreas_AirflowETL/code/.venv/lib/python3.9/site-packages/airflow/example_dags/example_trigger_target_dag.py
[2026-09-18T13:21:47.358+0700] {processor.py:925} INFO - DAG(s) 'example_trigger_target_dag' retrieved from /Users/andreasanditya/Downloads/572392_Andreas_AirflowETL/code/.venv/lib/python3.9/site-packages/airflow/example_dags/example_trigger_target_dag.py
[2026-09-18T13:21:47.417+0700] {logging_mixin.py:190} INFO - [2026-09-18T13:21:47.417+0700] {dag.py:3239} INFO - Sync 1 DAGs
[2026-09-18T13:21:47.423+0700] {logging_mixin.py:190} INFO - [2026-09-18T13:21:47.423+0700] {dag.py:4180} INFO - Setting next_dagrun for example_trigger_target_dag to None, run_after=None
[2026-09-18T13:21:47.433+0700] {processor.py:208} INFO - Processing /Users/andreasanditya/Downloads/572392_Andreas_AirflowETL/code/.venv/lib/python3.9/site-packages/airflow/example_dags/example_trigger_target_dag.py took 0.123 seconds
[2026-09-18T13:23:10.733+0700] {processor.py:186} INFO - Started process (PID=91513) to work on /Users/andreasanditya/Downloads/572392_Andreas_AirflowETL/code/.venv/lib/python3.9/site-packages/airflow/example_dags/example_trigger_target_dag.py
[2026-09-18T13:23:10.734+0700] {processor.py:914} INFO - Processing file /Users/andreasanditya/Downloads/572392_Andreas_AirflowETL/code/.venv/lib/python3.9/site-packages/airflow/example_dags/example_trigger_target_dag.py for tasks to queue
[2026-09-18T13:23:10.735+0700] {logging_mixin.py:190} INFO - [2026-09-18T13:23:10.735+0700] {dagbag.py:588} INFO - Filling up the DagBag from /Users/andreasanditya/Downloads/572392_Andreas_AirflowETL/code/.venv/lib/python3.9/site-packages/airflow/example_dags/example_trigger_target_dag.py
[2026-09-18T13:23:10.779+0700] {processor.py:925} INFO - DAG(s) 'example_trigger_target_dag' retrieved from /Users/andreasanditya/Downloads/572392_Andreas_AirflowETL/code/.venv/lib/python3.9/site-packages/airflow/example_dags/example_trigger_target_dag.py
[2026-09-18T13:23:10.837+0700] {logging_mixin.py:190} INFO - [2026-09-18T13:23:10.837+0700] {dag.py:3239} INFO - Sync 1 DAGs
[2026-09-18T13:23:10.843+0700] {logging_mixin.py:190} INFO - [2026-09-18T13:23:10.843+0700] {dag.py:4180} INFO - Setting next_dagrun for example_trigger_target_dag to None, run_after=None
[2026-09-18T13:23:10.853+0700] {processor.py:208} INFO - Processing /Users/andreasanditya/Downloads/572392_Andreas_AirflowETL/code/.venv/lib/python3.9/site-packages/airflow/example_dags/example_trigger_target_dag.py took 0.121 seconds
[2026-09-18T13:24:34.074+0700] {processor.py:186} INFO - Started process (PID=92388) to work on /Users/andreasanditya/Downloads/572392_Andreas_AirflowETL/code/.venv/lib/python3.9/site-packages/airflow/example_dags/example_trigger_target_dag.py
[2026-09-18T13:24:34.075+0700] {processor.py:914} INFO - Processing file /Users/andreasanditya/Downloads/572392_Andreas_AirflowETL/code/.venv/lib/python3.9/site-packages/airflow/example_dags/example_trigger_target_dag.py for tasks to queue
[2026-09-18T13:24:34.076+0700] {logging_mixin.py:190} INFO - [2026-09-18T13:24:34.076+0700] {dagbag.py:588} INFO - Filling up the DagBag from /Users/andreasanditya/Downloads/572392_Andreas_AirflowETL/code/.venv/lib/python3.9/site-packages/airflow/example_dags/example_trigger_target_dag.py
[2026-09-18T13:24:34.120+0700] {processor.py:925} INFO - DAG(s) 'example_trigger_target_dag' retrieved from /Users/andreasanditya/Downloads/572392_Andreas_AirflowETL/code/.venv/lib/python3.9/site-packages/airflow/example_dags/example_trigger_target_dag.py
[2026-09-18T13:24:34.178+0700] {logging_mixin.py:190} INFO - [2026-09-18T13:24:34.178+0700] {dag.py:3239} INFO - Sync 1 DAGs
[2026-09-18T13:24:34.184+0700] {logging_mixin.py:190} INFO - [2026-09-18T13:24:34.183+0700] {dag.py:4180} INFO - Setting next_dagrun for example_trigger_target_dag to None, run_after=None
[2026-09-18T13:24:34.193+0700] {processor.py:208} INFO - Processing /Users/andreasanditya/Downloads/572392_Andreas_AirflowETL/code/.venv/lib/python3.9/site-packages/airflow/example_dags/example_trigger_target_dag.py took 0.121 seconds
[2026-09-18T13:26:00.417+0700] {processor.py:186} INFO - Started process (PID=93332) to work on /Users/andreasanditya/Downloads/572392_Andreas_AirflowETL/code/.venv/lib/python3.9/site-packages/airflow/example_dags/example_trigger_target_dag.py
[2026-09-18T13:26:00.418+0700] {processor.py:914} INFO - Processing file /Users/andreasanditya/Downloads/572392_Andreas_AirflowETL/code/.venv/lib/python3.9/site-packages/airflow/example_dags/example_trigger_target_dag.py for tasks to queue
[2026-09-18T13:26:00.419+0700] {logging_mixin.py:190} INFO - [2026-09-18T13:26:00.419+0700] {dagbag.py:588} INFO - Filling up the DagBag from /Users/andreasanditya/Downloads/572392_Andreas_AirflowETL/code/.venv/lib/python3.9/site-packages/airflow/example_dags/example_trigger_target_dag.py
[2026-09-18T13:26:00.469+0700] {processor.py:925} INFO - DAG(s) 'example_trigger_target_dag' retrieved from /Users/andreasanditya/Downloads/572392_Andreas_AirflowETL/code/.venv/lib/python3.9/site-packages/airflow/example_dags/example_trigger_target_dag.py
[2026-09-18T13:26:00.531+0700] {logging_mixin.py:190} INFO - [2026-09-18T13:26:00.531+0700] {dag.py:3239} INFO - Sync 1 DAGs
[2026-09-18T13:26:00.538+0700] {logging_mixin.py:190} INFO - [2026-09-18T13:26:00.538+0700] {dag.py:4180} INFO - Setting next_dagrun for example_trigger_target_dag to None, run_after=None
[2026-09-18T13:26:00.550+0700] {processor.py:208} INFO - Processing /Users/andreasanditya/Downloads/572392_Andreas_AirflowETL/code/.venv/lib/python3.9/site-packages/airflow/example_dags/example_trigger_target_dag.py took 0.135 seconds
[2026-09-18T13:27:30.378+0700] {processor.py:186} INFO - Started process (PID=94369) to work on /Users/andreasanditya/Downloads/572392_Andreas_AirflowETL/code/.venv/lib/python3.9/site-packages/airflow/example_dags/example_trigger_target_dag.py
[2026-09-18T13:27:30.380+0700] {processor.py:914} INFO - Processing file /Users/andreasanditya/Downloads/572392_Andreas_AirflowETL/code/.venv/lib/python3.9/site-packages/airflow/example_dags/example_trigger_target_dag.py for tasks to queue
[2026-09-18T13:27:30.381+0700] {logging_mixin.py:190} INFO - [2026-09-18T13:27:30.381+0700] {dagbag.py:588} INFO - Filling up the DagBag from /Users/andreasanditya/Downloads/572392_Andreas_AirflowETL/code/.venv/lib/python3.9/site-packages/airflow/example_dags/example_trigger_target_dag.py
[2026-09-18T13:27:30.433+0700] {processor.py:925} INFO - DAG(s) 'example_trigger_target_dag' retrieved from /Users/andreasanditya/Downloads/572392_Andreas_AirflowETL/code/.venv/lib/python3.9/site-packages/airflow/example_dags/example_trigger_target_dag.py
[2026-09-18T13:27:30.497+0700] {logging_mixin.py:190} INFO - [2026-09-18T13:27:30.497+0700] {dag.py:3239} INFO - Sync 1 DAGs
[2026-09-18T13:27:30.504+0700] {logging_mixin.py:190} INFO - [2026-09-18T13:27:30.503+0700] {dag.py:4180} INFO - Setting next_dagrun for example_trigger_target_dag to None, run_after=None
[2026-09-18T13:27:30.516+0700] {processor.py:208} INFO - Processing /Users/andreasanditya/Downloads/572392_Andreas_AirflowETL/code/.venv/lib/python3.9/site-packages/airflow/example_dags/example_trigger_target_dag.py took 0.140 seconds
[2026-09-18T13:28:59.783+0700] {processor.py:186} INFO - Started process (PID=95298) to work on /Users/andreasanditya/Downloads/572392_Andreas_AirflowETL/code/.venv/lib/python3.9/site-packages/airflow/example_dags/example_trigger_target_dag.py
[2026-09-18T13:28:59.784+0700] {processor.py:914} INFO - Processing file /Users/andreasanditya/Downloads/572392_Andreas_AirflowETL/code/.venv/lib/python3.9/site-packages/airflow/example_dags/example_trigger_target_dag.py for tasks to queue
[2026-09-18T13:28:59.784+0700] {logging_mixin.py:190} INFO - [2026-09-18T13:28:59.784+0700] {dagbag.py:588} INFO - Filling up the DagBag from /Users/andreasanditya/Downloads/572392_Andreas_AirflowETL/code/.venv/lib/python3.9/site-packages/airflow/example_dags/example_trigger_target_dag.py
[2026-09-18T13:28:59.833+0700] {processor.py:925} INFO - DAG(s) 'example_trigger_target_dag' retrieved from /Users/andreasanditya/Downloads/572392_Andreas_AirflowETL/code/.venv/lib/python3.9/site-packages/airflow/example_dags/example_trigger_target_dag.py
[2026-09-18T13:28:59.891+0700] {logging_mixin.py:190} INFO - [2026-09-18T13:28:59.891+0700] {dag.py:3239} INFO - Sync 1 DAGs
[2026-09-18T13:28:59.898+0700] {logging_mixin.py:190} INFO - [2026-09-18T13:28:59.897+0700] {dag.py:4180} INFO - Setting next_dagrun for example_trigger_target_dag to None, run_after=None
[2026-09-18T13:28:59.907+0700] {processor.py:208} INFO - Processing /Users/andreasanditya/Downloads/572392_Andreas_AirflowETL/code/.venv/lib/python3.9/site-packages/airflow/example_dags/example_trigger_target_dag.py took 0.126 seconds
[2026-09-18T13:30:30.117+0700] {processor.py:186} INFO - Started process (PID=96422) to work on /Users/andreasanditya/Downloads/572392_Andreas_AirflowETL/code/.venv/lib/python3.9/site-packages/airflow/example_dags/example_trigger_target_dag.py
[2026-09-18T13:30:30.118+0700] {processor.py:914} INFO - Processing file /Users/andreasanditya/Downloads/572392_Andreas_AirflowETL/code/.venv/lib/python3.9/site-packages/airflow/example_dags/example_trigger_target_dag.py for tasks to queue
[2026-09-18T13:30:30.119+0700] {logging_mixin.py:190} INFO - [2026-09-18T13:30:30.119+0700] {dagbag.py:588} INFO - Filling up the DagBag from /Users/andreasanditya/Downloads/572392_Andreas_AirflowETL/code/.venv/lib/python3.9/site-packages/airflow/example_dags/example_trigger_target_dag.py
[2026-09-18T13:30:30.171+0700] {processor.py:925} INFO - DAG(s) 'example_trigger_target_dag' retrieved from /Users/andreasanditya/Downloads/572392_Andreas_AirflowETL/code/.venv/lib/python3.9/site-packages/airflow/example_dags/example_trigger_target_dag.py
[2026-09-18T13:30:30.230+0700] {logging_mixin.py:190} INFO - [2026-09-18T13:30:30.230+0700] {dag.py:3239} INFO - Sync 1 DAGs
[2026-09-18T13:30:30.236+0700] {logging_mixin.py:190} INFO - [2026-09-18T13:30:30.236+0700] {dag.py:4180} INFO - Setting next_dagrun for example_trigger_target_dag to None, run_after=None
[2026-09-18T13:30:30.246+0700] {processor.py:208} INFO - Processing /Users/andreasanditya/Downloads/572392_Andreas_AirflowETL/code/.venv/lib/python3.9/site-packages/airflow/example_dags/example_trigger_target_dag.py took 0.131 seconds
[2026-09-18T13:32:00.615+0700] {processor.py:186} INFO - Started process (PID=97359) to work on /Users/andreasanditya/Downloads/572392_Andreas_AirflowETL/code/.venv/lib/python3.9/site-packages/airflow/example_dags/example_trigger_target_dag.py
[2026-09-18T13:32:00.616+0700] {processor.py:914} INFO - Processing file /Users/andreasanditya/Downloads/572392_Andreas_AirflowETL/code/.venv/lib/python3.9/site-packages/airflow/example_dags/example_trigger_target_dag.py for tasks to queue
[2026-09-18T13:32:00.617+0700] {logging_mixin.py:190} INFO - [2026-09-18T13:32:00.617+0700] {dagbag.py:588} INFO - Filling up the DagBag from /Users/andreasanditya/Downloads/572392_Andreas_AirflowETL/code/.venv/lib/python3.9/site-packages/airflow/example_dags/example_trigger_target_dag.py
[2026-09-18T13:32:00.662+0700] {processor.py:925} INFO - DAG(s) 'example_trigger_target_dag' retrieved from /Users/andreasanditya/Downloads/572392_Andreas_AirflowETL/code/.venv/lib/python3.9/site-packages/airflow/example_dags/example_trigger_target_dag.py
[2026-09-18T13:32:00.722+0700] {logging_mixin.py:190} INFO - [2026-09-18T13:32:00.721+0700] {dag.py:3239} INFO - Sync 1 DAGs
[2026-09-18T13:32:00.728+0700] {logging_mixin.py:190} INFO - [2026-09-18T13:32:00.728+0700] {dag.py:4180} INFO - Setting next_dagrun for example_trigger_target_dag to None, run_after=None
[2026-09-18T13:32:00.738+0700] {processor.py:208} INFO - Processing /Users/andreasanditya/Downloads/572392_Andreas_AirflowETL/code/.venv/lib/python3.9/site-packages/airflow/example_dags/example_trigger_target_dag.py took 0.125 seconds
[2026-09-18T13:33:27.114+0700] {processor.py:186} INFO - Started process (PID=98221) to work on /Users/andreasanditya/Downloads/572392_Andreas_AirflowETL/code/.venv/lib/python3.9/site-packages/airflow/example_dags/example_trigger_target_dag.py
[2026-09-18T13:33:27.115+0700] {processor.py:914} INFO - Processing file /Users/andreasanditya/Downloads/572392_Andreas_AirflowETL/code/.venv/lib/python3.9/site-packages/airflow/example_dags/example_trigger_target_dag.py for tasks to queue
[2026-09-18T13:33:27.115+0700] {logging_mixin.py:190} INFO - [2026-09-18T13:33:27.115+0700] {dagbag.py:588} INFO - Filling up the DagBag from /Users/andreasanditya/Downloads/572392_Andreas_AirflowETL/code/.venv/lib/python3.9/site-packages/airflow/example_dags/example_trigger_target_dag.py
[2026-09-18T13:33:27.160+0700] {processor.py:925} INFO - DAG(s) 'example_trigger_target_dag' retrieved from /Users/andreasanditya/Downloads/572392_Andreas_AirflowETL/code/.venv/lib/python3.9/site-packages/airflow/example_dags/example_trigger_target_dag.py
[2026-09-18T13:33:27.218+0700] {logging_mixin.py:190} INFO - [2026-09-18T13:33:27.217+0700] {dag.py:3239} INFO - Sync 1 DAGs
[2026-09-18T13:33:27.223+0700] {logging_mixin.py:190} INFO - [2026-09-18T13:33:27.223+0700] {dag.py:4180} INFO - Setting next_dagrun for example_trigger_target_dag to None, run_after=None
[2026-09-18T13:33:27.233+0700] {processor.py:208} INFO - Processing /Users/andreasanditya/Downloads/572392_Andreas_AirflowETL/code/.venv/lib/python3.9/site-packages/airflow/example_dags/example_trigger_target_dag.py took 0.121 seconds
[2026-09-18T13:34:54.420+0700] {processor.py:186} INFO - Started process (PID=99155) to work on /Users/andreasanditya/Downloads/572392_Andreas_AirflowETL/code/.venv/lib/python3.9/site-packages/airflow/example_dags/example_trigger_target_dag.py
[2026-09-18T13:34:54.421+0700] {processor.py:914} INFO - Processing file /Users/andreasanditya/Downloads/572392_Andreas_AirflowETL/code/.venv/lib/python3.9/site-packages/airflow/example_dags/example_trigger_target_dag.py for tasks to queue
[2026-09-18T13:34:54.423+0700] {logging_mixin.py:190} INFO - [2026-09-18T13:34:54.423+0700] {dagbag.py:588} INFO - Filling up the DagBag from /Users/andreasanditya/Downloads/572392_Andreas_AirflowETL/code/.venv/lib/python3.9/site-packages/airflow/example_dags/example_trigger_target_dag.py
[2026-09-18T13:34:54.474+0700] {processor.py:925} INFO - DAG(s) 'example_trigger_target_dag' retrieved from /Users/andreasanditya/Downloads/572392_Andreas_AirflowETL/code/.venv/lib/python3.9/site-packages/airflow/example_dags/example_trigger_target_dag.py
[2026-09-18T13:34:54.534+0700] {logging_mixin.py:190} INFO - [2026-09-18T13:34:54.534+0700] {dag.py:3239} INFO - Sync 1 DAGs
[2026-09-18T13:34:54.541+0700] {logging_mixin.py:190} INFO - [2026-09-18T13:34:54.541+0700] {dag.py:4180} INFO - Setting next_dagrun for example_trigger_target_dag to None, run_after=None
[2026-09-18T13:34:54.551+0700] {processor.py:208} INFO - Processing /Users/andreasanditya/Downloads/572392_Andreas_AirflowETL/code/.venv/lib/python3.9/site-packages/airflow/example_dags/example_trigger_target_dag.py took 0.133 seconds
[2026-09-18T13:36:21.837+0700] {processor.py:186} INFO - Started process (PID=111) to work on /Users/andreasanditya/Downloads/572392_Andreas_AirflowETL/code/.venv/lib/python3.9/site-packages/airflow/example_dags/example_trigger_target_dag.py
[2026-09-18T13:36:21.838+0700] {processor.py:914} INFO - Processing file /Users/andreasanditya/Downloads/572392_Andreas_AirflowETL/code/.venv/lib/python3.9/site-packages/airflow/example_dags/example_trigger_target_dag.py for tasks to queue
[2026-09-18T13:36:21.838+0700] {logging_mixin.py:190} INFO - [2026-09-18T13:36:21.838+0700] {dagbag.py:588} INFO - Filling up the DagBag from /Users/andreasanditya/Downloads/572392_Andreas_AirflowETL/code/.venv/lib/python3.9/site-packages/airflow/example_dags/example_trigger_target_dag.py
[2026-09-18T13:36:21.883+0700] {processor.py:925} INFO - DAG(s) 'example_trigger_target_dag' retrieved from /Users/andreasanditya/Downloads/572392_Andreas_AirflowETL/code/.venv/lib/python3.9/site-packages/airflow/example_dags/example_trigger_target_dag.py
[2026-09-18T13:36:21.940+0700] {logging_mixin.py:190} INFO - [2026-09-18T13:36:21.940+0700] {dag.py:3239} INFO - Sync 1 DAGs
[2026-09-18T13:36:21.946+0700] {logging_mixin.py:190} INFO - [2026-09-18T13:36:21.946+0700] {dag.py:4180} INFO - Setting next_dagrun for example_trigger_target_dag to None, run_after=None
[2026-09-18T13:36:21.955+0700] {processor.py:208} INFO - Processing /Users/andreasanditya/Downloads/572392_Andreas_AirflowETL/code/.venv/lib/python3.9/site-packages/airflow/example_dags/example_trigger_target_dag.py took 0.121 seconds
[2026-09-18T13:37:48.761+0700] {processor.py:186} INFO - Started process (PID=1193) to work on /Users/andreasanditya/Downloads/572392_Andreas_AirflowETL/code/.venv/lib/python3.9/site-packages/airflow/example_dags/example_trigger_target_dag.py
[2026-09-18T13:37:48.762+0700] {processor.py:914} INFO - Processing file /Users/andreasanditya/Downloads/572392_Andreas_AirflowETL/code/.venv/lib/python3.9/site-packages/airflow/example_dags/example_trigger_target_dag.py for tasks to queue
[2026-09-18T13:37:48.763+0700] {logging_mixin.py:190} INFO - [2026-09-18T13:37:48.763+0700] {dagbag.py:588} INFO - Filling up the DagBag from /Users/andreasanditya/Downloads/572392_Andreas_AirflowETL/code/.venv/lib/python3.9/site-packages/airflow/example_dags/example_trigger_target_dag.py
[2026-09-18T13:37:48.810+0700] {processor.py:925} INFO - DAG(s) 'example_trigger_target_dag' retrieved from /Users/andreasanditya/Downloads/572392_Andreas_AirflowETL/code/.venv/lib/python3.9/site-packages/airflow/example_dags/example_trigger_target_dag.py
[2026-09-18T13:37:48.867+0700] {logging_mixin.py:190} INFO - [2026-09-18T13:37:48.867+0700] {dag.py:3239} INFO - Sync 1 DAGs
[2026-09-18T13:37:48.873+0700] {logging_mixin.py:190} INFO - [2026-09-18T13:37:48.873+0700] {dag.py:4180} INFO - Setting next_dagrun for example_trigger_target_dag to None, run_after=None
[2026-09-18T13:37:48.883+0700] {processor.py:208} INFO - Processing /Users/andreasanditya/Downloads/572392_Andreas_AirflowETL/code/.venv/lib/python3.9/site-packages/airflow/example_dags/example_trigger_target_dag.py took 0.125 seconds
