[2026-09-18T11:16:56.906+0700] {processor.py:186} INFO - Started process (PID=10362) to work on /Users/andreasanditya/Downloads/572392_Andreas_AirflowETL/code/.venv/lib/python3.9/site-packages/airflow/example_dags/example_xcom.py
[2026-09-18T11:16:56.907+0700] {processor.py:914} INFO - Processing file /Users/andreasanditya/Downloads/572392_Andreas_AirflowETL/code/.venv/lib/python3.9/site-packages/airflow/example_dags/example_xcom.py for tasks to queue
[2026-09-18T11:16:56.907+0700] {logging_mixin.py:190} INFO - [2026-09-18T11:16:56.907+0700] {dagbag.py:588} INFO - Filling up the DagBag from /Users/andreasanditya/Downloads/572392_Andreas_AirflowETL/code/.venv/lib/python3.9/site-packages/airflow/example_dags/example_xcom.py
[2026-09-18T11:16:56.956+0700] {processor.py:925} INFO - DAG(s) 'example_xcom' retrieved from /Users/andreasanditya/Downloads/572392_Andreas_AirflowETL/code/.venv/lib/python3.9/site-packages/airflow/example_dags/example_xcom.py
[2026-09-18T11:16:57.065+0700] {logging_mixin.py:190} INFO - [2026-09-18T11:16:57.065+0700] {override.py:1912} INFO - Created Permission View: can read on DAG:example_xcom
[2026-09-18T11:16:57.070+0700] {logging_mixin.py:190} INFO - [2026-09-18T11:16:57.070+0700] {override.py:1912} INFO - Created Permission View: can edit on DAG:example_xcom
[2026-09-18T11:16:57.073+0700] {logging_mixin.py:190} INFO - [2026-09-18T11:16:57.073+0700] {override.py:1912} INFO - Created Permission View: can delete on DAG:example_xcom
[2026-09-18T11:16:57.077+0700] {logging_mixin.py:190} INFO - [2026-09-18T11:16:57.077+0700] {override.py:1912} INFO - Created Permission View: can read on DAG Run:example_xcom
[2026-09-18T11:16:57.080+0700] {logging_mixin.py:190} INFO - [2026-09-18T11:16:57.080+0700] {override.py:1912} INFO - Created Permission View: menu access on DAG Run:example_xcom
[2026-09-18T11:16:57.083+0700] {logging_mixin.py:190} INFO - [2026-09-18T11:16:57.083+0700] {override.py:1912} INFO - Created Permission View: can delete on DAG Run:example_xcom
[2026-09-18T11:16:57.086+0700] {logging_mixin.py:190} INFO - [2026-09-18T11:16:57.086+0700] {override.py:1912} INFO - Created Permission View: can create on DAG Run:example_xcom
[2026-09-18T11:16:57.086+0700] {logging_mixin.py:190} INFO - [2026-09-18T11:16:57.086+0700] {dag.py:3239} INFO - Sync 1 DAGs
[2026-09-18T11:16:57.093+0700] {logging_mixin.py:190} INFO - [2026-09-18T11:16:57.093+0700] {dag.py:3262} INFO - Creating ORM DAG for example_xcom
[2026-09-18T11:16:57.097+0700] {logging_mixin.py:190} INFO - [2026-09-18T11:16:57.097+0700] {dag.py:4180} INFO - Setting next_dagrun for example_xcom to 2021-01-01 00:00:00+00:00, run_after=2021-01-01 00:00:00+00:00
[2026-09-18T11:16:57.106+0700] {processor.py:208} INFO - Processing /Users/andreasanditya/Downloads/572392_Andreas_AirflowETL/code/.venv/lib/python3.9/site-packages/airflow/example_dags/example_xcom.py took 0.202 seconds
[2026-09-18T11:19:15.042+0700] {processor.py:186} INFO - Started process (PID=11853) to work on /Users/andreasanditya/Downloads/572392_Andreas_AirflowETL/code/.venv/lib/python3.9/site-packages/airflow/example_dags/example_xcom.py
[2026-09-18T11:19:15.043+0700] {processor.py:914} INFO - Processing file /Users/andreasanditya/Downloads/572392_Andreas_AirflowETL/code/.venv/lib/python3.9/site-packages/airflow/example_dags/example_xcom.py for tasks to queue
[2026-09-18T11:19:15.044+0700] {logging_mixin.py:190} INFO - [2026-09-18T11:19:15.044+0700] {dagbag.py:588} INFO - Filling up the DagBag from /Users/andreasanditya/Downloads/572392_Andreas_AirflowETL/code/.venv/lib/python3.9/site-packages/airflow/example_dags/example_xcom.py
[2026-09-18T11:19:15.097+0700] {processor.py:925} INFO - DAG(s) 'example_xcom' retrieved from /Users/andreasanditya/Downloads/572392_Andreas_AirflowETL/code/.venv/lib/python3.9/site-packages/airflow/example_dags/example_xcom.py
[2026-09-18T11:19:15.159+0700] {logging_mixin.py:190} INFO - [2026-09-18T11:19:15.159+0700] {dag.py:3239} INFO - Sync 1 DAGs
[2026-09-18T11:19:15.169+0700] {logging_mixin.py:190} INFO - [2026-09-18T11:19:15.169+0700] {dag.py:4180} INFO - Setting next_dagrun for example_xcom to 2021-01-01 00:00:00+00:00, run_after=2021-01-01 00:00:00+00:00
[2026-09-18T11:19:15.180+0700] {processor.py:208} INFO - Processing /Users/andreasanditya/Downloads/572392_Andreas_AirflowETL/code/.venv/lib/python3.9/site-packages/airflow/example_dags/example_xcom.py took 0.140 seconds
[2026-09-18T11:20:46.964+0700] {processor.py:186} INFO - Started process (PID=12824) to work on /Users/andreasanditya/Downloads/572392_Andreas_AirflowETL/code/.venv/lib/python3.9/site-packages/airflow/example_dags/example_xcom.py
[2026-09-18T11:20:46.965+0700] {processor.py:914} INFO - Processing file /Users/andreasanditya/Downloads/572392_Andreas_AirflowETL/code/.venv/lib/python3.9/site-packages/airflow/example_dags/example_xcom.py for tasks to queue
[2026-09-18T11:20:46.966+0700] {logging_mixin.py:190} INFO - [2026-09-18T11:20:46.966+0700] {dagbag.py:588} INFO - Filling up the DagBag from /Users/andreasanditya/Downloads/572392_Andreas_AirflowETL/code/.venv/lib/python3.9/site-packages/airflow/example_dags/example_xcom.py
[2026-09-18T11:20:47.016+0700] {processor.py:925} INFO - DAG(s) 'example_xcom' retrieved from /Users/andreasanditya/Downloads/572392_Andreas_AirflowETL/code/.venv/lib/python3.9/site-packages/airflow/example_dags/example_xcom.py
[2026-09-18T11:20:47.076+0700] {logging_mixin.py:190} INFO - [2026-09-18T11:20:47.075+0700] {dag.py:3239} INFO - Sync 1 DAGs
[2026-09-18T11:20:47.085+0700] {logging_mixin.py:190} INFO - [2026-09-18T11:20:47.085+0700] {dag.py:4180} INFO - Setting next_dagrun for example_xcom to 2021-01-01 00:00:00+00:00, run_after=2021-01-01 00:00:00+00:00
[2026-09-18T11:20:47.096+0700] {processor.py:208} INFO - Processing /Users/andreasanditya/Downloads/572392_Andreas_AirflowETL/code/.venv/lib/python3.9/site-packages/airflow/example_dags/example_xcom.py took 0.134 seconds
[2026-09-18T11:22:46.426+0700] {processor.py:186} INFO - Started process (PID=14147) to work on /Users/andreasanditya/Downloads/572392_Andreas_AirflowETL/code/.venv/lib/python3.9/site-packages/airflow/example_dags/example_xcom.py
[2026-09-18T11:22:46.427+0700] {processor.py:914} INFO - Processing file /Users/andreasanditya/Downloads/572392_Andreas_AirflowETL/code/.venv/lib/python3.9/site-packages/airflow/example_dags/example_xcom.py for tasks to queue
[2026-09-18T11:22:46.428+0700] {logging_mixin.py:190} INFO - [2026-09-18T11:22:46.428+0700] {dagbag.py:588} INFO - Filling up the DagBag from /Users/andreasanditya/Downloads/572392_Andreas_AirflowETL/code/.venv/lib/python3.9/site-packages/airflow/example_dags/example_xcom.py
[2026-09-18T11:22:46.477+0700] {processor.py:925} INFO - DAG(s) 'example_xcom' retrieved from /Users/andreasanditya/Downloads/572392_Andreas_AirflowETL/code/.venv/lib/python3.9/site-packages/airflow/example_dags/example_xcom.py
[2026-09-18T11:22:46.537+0700] {logging_mixin.py:190} INFO - [2026-09-18T11:22:46.536+0700] {dag.py:3239} INFO - Sync 1 DAGs
[2026-09-18T11:22:46.546+0700] {logging_mixin.py:190} INFO - [2026-09-18T11:22:46.546+0700] {dag.py:4180} INFO - Setting next_dagrun for example_xcom to 2021-01-01 00:00:00+00:00, run_after=2021-01-01 00:00:00+00:00
[2026-09-18T11:22:46.557+0700] {processor.py:208} INFO - Processing /Users/andreasanditya/Downloads/572392_Andreas_AirflowETL/code/.venv/lib/python3.9/site-packages/airflow/example_dags/example_xcom.py took 0.133 seconds
[2026-09-18T11:24:12.278+0700] {processor.py:186} INFO - Started process (PID=15131) to work on /Users/andreasanditya/Downloads/572392_Andreas_AirflowETL/code/.venv/lib/python3.9/site-packages/airflow/example_dags/example_xcom.py
[2026-09-18T11:24:12.279+0700] {processor.py:914} INFO - Processing file /Users/andreasanditya/Downloads/572392_Andreas_AirflowETL/code/.venv/lib/python3.9/site-packages/airflow/example_dags/example_xcom.py for tasks to queue
[2026-09-18T11:24:12.280+0700] {logging_mixin.py:190} INFO - [2026-09-18T11:24:12.280+0700] {dagbag.py:588} INFO - Filling up the DagBag from /Users/andreasanditya/Downloads/572392_Andreas_AirflowETL/code/.venv/lib/python3.9/site-packages/airflow/example_dags/example_xcom.py
[2026-09-18T11:24:12.329+0700] {processor.py:925} INFO - DAG(s) 'example_xcom' retrieved from /Users/andreasanditya/Downloads/572392_Andreas_AirflowETL/code/.venv/lib/python3.9/site-packages/airflow/example_dags/example_xcom.py
[2026-09-18T11:24:12.390+0700] {logging_mixin.py:190} INFO - [2026-09-18T11:24:12.390+0700] {dag.py:3239} INFO - Sync 1 DAGs
[2026-09-18T11:24:12.400+0700] {logging_mixin.py:190} INFO - [2026-09-18T11:24:12.399+0700] {dag.py:4180} INFO - Setting next_dagrun for example_xcom to 2021-01-01 00:00:00+00:00, run_after=2021-01-01 00:00:00+00:00
[2026-09-18T11:24:12.411+0700] {processor.py:208} INFO - Processing /Users/andreasanditya/Downloads/572392_Andreas_AirflowETL/code/.venv/lib/python3.9/site-packages/airflow/example_dags/example_xcom.py took 0.135 seconds
[2026-09-18T11:26:16.239+0700] {processor.py:186} INFO - Started process (PID=16380) to work on /Users/andreasanditya/Downloads/572392_Andreas_AirflowETL/code/.venv/lib/python3.9/site-packages/airflow/example_dags/example_xcom.py
[2026-09-18T11:26:16.240+0700] {processor.py:914} INFO - Processing file /Users/andreasanditya/Downloads/572392_Andreas_AirflowETL/code/.venv/lib/python3.9/site-packages/airflow/example_dags/example_xcom.py for tasks to queue
[2026-09-18T11:26:16.241+0700] {logging_mixin.py:190} INFO - [2026-09-18T11:26:16.241+0700] {dagbag.py:588} INFO - Filling up the DagBag from /Users/andreasanditya/Downloads/572392_Andreas_AirflowETL/code/.venv/lib/python3.9/site-packages/airflow/example_dags/example_xcom.py
[2026-09-18T11:26:16.287+0700] {processor.py:925} INFO - DAG(s) 'example_xcom' retrieved from /Users/andreasanditya/Downloads/572392_Andreas_AirflowETL/code/.venv/lib/python3.9/site-packages/airflow/example_dags/example_xcom.py
[2026-09-18T11:26:16.346+0700] {logging_mixin.py:190} INFO - [2026-09-18T11:26:16.346+0700] {dag.py:3239} INFO - Sync 1 DAGs
[2026-09-18T11:26:16.356+0700] {logging_mixin.py:190} INFO - [2026-09-18T11:26:16.355+0700] {dag.py:4180} INFO - Setting next_dagrun for example_xcom to 2021-01-01 00:00:00+00:00, run_after=2021-01-01 00:00:00+00:00
[2026-09-18T11:26:16.365+0700] {processor.py:208} INFO - Processing /Users/andreasanditya/Downloads/572392_Andreas_AirflowETL/code/.venv/lib/python3.9/site-packages/airflow/example_dags/example_xcom.py took 0.129 seconds
[2026-09-18T11:27:49.143+0700] {processor.py:186} INFO - Started process (PID=17289) to work on /Users/andreasanditya/Downloads/572392_Andreas_AirflowETL/code/.venv/lib/python3.9/site-packages/airflow/example_dags/example_xcom.py
[2026-09-18T11:27:49.144+0700] {processor.py:914} INFO - Processing file /Users/andreasanditya/Downloads/572392_Andreas_AirflowETL/code/.venv/lib/python3.9/site-packages/airflow/example_dags/example_xcom.py for tasks to queue
[2026-09-18T11:27:49.145+0700] {logging_mixin.py:190} INFO - [2026-09-18T11:27:49.145+0700] {dagbag.py:588} INFO - Filling up the DagBag from /Users/andreasanditya/Downloads/572392_Andreas_AirflowETL/code/.venv/lib/python3.9/site-packages/airflow/example_dags/example_xcom.py
[2026-09-18T11:27:49.195+0700] {processor.py:925} INFO - DAG(s) 'example_xcom' retrieved from /Users/andreasanditya/Downloads/572392_Andreas_AirflowETL/code/.venv/lib/python3.9/site-packages/airflow/example_dags/example_xcom.py
[2026-09-18T11:27:49.257+0700] {logging_mixin.py:190} INFO - [2026-09-18T11:27:49.256+0700] {dag.py:3239} INFO - Sync 1 DAGs
[2026-09-18T11:27:49.266+0700] {logging_mixin.py:190} INFO - [2026-09-18T11:27:49.266+0700] {dag.py:4180} INFO - Setting next_dagrun for example_xcom to 2021-01-01 00:00:00+00:00, run_after=2021-01-01 00:00:00+00:00
[2026-09-18T11:27:49.277+0700] {processor.py:208} INFO - Processing /Users/andreasanditya/Downloads/572392_Andreas_AirflowETL/code/.venv/lib/python3.9/site-packages/airflow/example_dags/example_xcom.py took 0.139 seconds
[2026-09-18T11:29:17.515+0700] {processor.py:186} INFO - Started process (PID=18222) to work on /Users/andreasanditya/Downloads/572392_Andreas_AirflowETL/code/.venv/lib/python3.9/site-packages/airflow/example_dags/example_xcom.py
[2026-09-18T11:29:17.516+0700] {processor.py:914} INFO - Processing file /Users/andreasanditya/Downloads/572392_Andreas_AirflowETL/code/.venv/lib/python3.9/site-packages/airflow/example_dags/example_xcom.py for tasks to queue
[2026-09-18T11:29:17.516+0700] {logging_mixin.py:190} INFO - [2026-09-18T11:29:17.516+0700] {dagbag.py:588} INFO - Filling up the DagBag from /Users/andreasanditya/Downloads/572392_Andreas_AirflowETL/code/.venv/lib/python3.9/site-packages/airflow/example_dags/example_xcom.py
[2026-09-18T11:29:17.569+0700] {processor.py:925} INFO - DAG(s) 'example_xcom' retrieved from /Users/andreasanditya/Downloads/572392_Andreas_AirflowETL/code/.venv/lib/python3.9/site-packages/airflow/example_dags/example_xcom.py
[2026-09-18T11:29:17.631+0700] {logging_mixin.py:190} INFO - [2026-09-18T11:29:17.631+0700] {dag.py:3239} INFO - Sync 1 DAGs
[2026-09-18T11:29:17.642+0700] {logging_mixin.py:190} INFO - [2026-09-18T11:29:17.641+0700] {dag.py:4180} INFO - Setting next_dagrun for example_xcom to 2021-01-01 00:00:00+00:00, run_after=2021-01-01 00:00:00+00:00
[2026-09-18T11:29:17.652+0700] {processor.py:208} INFO - Processing /Users/andreasanditya/Downloads/572392_Andreas_AirflowETL/code/.venv/lib/python3.9/site-packages/airflow/example_dags/example_xcom.py took 0.140 seconds
[2026-09-18T11:30:46.544+0700] {processor.py:186} INFO - Started process (PID=19183) to work on /Users/andreasanditya/Downloads/572392_Andreas_AirflowETL/code/.venv/lib/python3.9/site-packages/airflow/example_dags/example_xcom.py
[2026-09-18T11:30:46.545+0700] {processor.py:914} INFO - Processing file /Users/andreasanditya/Downloads/572392_Andreas_AirflowETL/code/.venv/lib/python3.9/site-packages/airflow/example_dags/example_xcom.py for tasks to queue
[2026-09-18T11:30:46.546+0700] {logging_mixin.py:190} INFO - [2026-09-18T11:30:46.545+0700] {dagbag.py:588} INFO - Filling up the DagBag from /Users/andreasanditya/Downloads/572392_Andreas_AirflowETL/code/.venv/lib/python3.9/site-packages/airflow/example_dags/example_xcom.py
[2026-09-18T11:30:46.592+0700] {processor.py:925} INFO - DAG(s) 'example_xcom' retrieved from /Users/andreasanditya/Downloads/572392_Andreas_AirflowETL/code/.venv/lib/python3.9/site-packages/airflow/example_dags/example_xcom.py
[2026-09-18T11:30:46.652+0700] {logging_mixin.py:190} INFO - [2026-09-18T11:30:46.652+0700] {dag.py:3239} INFO - Sync 1 DAGs
[2026-09-18T11:30:46.661+0700] {logging_mixin.py:190} INFO - [2026-09-18T11:30:46.661+0700] {dag.py:4180} INFO - Setting next_dagrun for example_xcom to 2021-01-01 00:00:00+00:00, run_after=2021-01-01 00:00:00+00:00
[2026-09-18T11:30:46.672+0700] {processor.py:208} INFO - Processing /Users/andreasanditya/Downloads/572392_Andreas_AirflowETL/code/.venv/lib/python3.9/site-packages/airflow/example_dags/example_xcom.py took 0.130 seconds
[2026-09-18T11:32:15.882+0700] {processor.py:186} INFO - Started process (PID=20095) to work on /Users/andreasanditya/Downloads/572392_Andreas_AirflowETL/code/.venv/lib/python3.9/site-packages/airflow/example_dags/example_xcom.py
[2026-09-18T11:32:15.883+0700] {processor.py:914} INFO - Processing file /Users/andreasanditya/Downloads/572392_Andreas_AirflowETL/code/.venv/lib/python3.9/site-packages/airflow/example_dags/example_xcom.py for tasks to queue
[2026-09-18T11:32:15.884+0700] {logging_mixin.py:190} INFO - [2026-09-18T11:32:15.884+0700] {dagbag.py:588} INFO - Filling up the DagBag from /Users/andreasanditya/Downloads/572392_Andreas_AirflowETL/code/.venv/lib/python3.9/site-packages/airflow/example_dags/example_xcom.py
[2026-09-18T11:32:15.933+0700] {processor.py:925} INFO - DAG(s) 'example_xcom' retrieved from /Users/andreasanditya/Downloads/572392_Andreas_AirflowETL/code/.venv/lib/python3.9/site-packages/airflow/example_dags/example_xcom.py
[2026-09-18T11:32:15.992+0700] {logging_mixin.py:190} INFO - [2026-09-18T11:32:15.992+0700] {dag.py:3239} INFO - Sync 1 DAGs
[2026-09-18T11:32:16.002+0700] {logging_mixin.py:190} INFO - [2026-09-18T11:32:16.002+0700] {dag.py:4180} INFO - Setting next_dagrun for example_xcom to 2021-01-01 00:00:00+00:00, run_after=2021-01-01 00:00:00+00:00
[2026-09-18T11:32:16.012+0700] {processor.py:208} INFO - Processing /Users/andreasanditya/Downloads/572392_Andreas_AirflowETL/code/.venv/lib/python3.9/site-packages/airflow/example_dags/example_xcom.py took 0.132 seconds
[2026-09-18T11:33:44.228+0700] {processor.py:186} INFO - Started process (PID=21030) to work on /Users/andreasanditya/Downloads/572392_Andreas_AirflowETL/code/.venv/lib/python3.9/site-packages/airflow/example_dags/example_xcom.py
[2026-09-18T11:33:44.229+0700] {processor.py:914} INFO - Processing file /Users/andreasanditya/Downloads/572392_Andreas_AirflowETL/code/.venv/lib/python3.9/site-packages/airflow/example_dags/example_xcom.py for tasks to queue
[2026-09-18T11:33:44.229+0700] {logging_mixin.py:190} INFO - [2026-09-18T11:33:44.229+0700] {dagbag.py:588} INFO - Filling up the DagBag from /Users/andreasanditya/Downloads/572392_Andreas_AirflowETL/code/.venv/lib/python3.9/site-packages/airflow/example_dags/example_xcom.py
[2026-09-18T11:33:44.278+0700] {processor.py:925} INFO - DAG(s) 'example_xcom' retrieved from /Users/andreasanditya/Downloads/572392_Andreas_AirflowETL/code/.venv/lib/python3.9/site-packages/airflow/example_dags/example_xcom.py
[2026-09-18T11:33:44.338+0700] {logging_mixin.py:190} INFO - [2026-09-18T11:33:44.337+0700] {dag.py:3239} INFO - Sync 1 DAGs
[2026-09-18T11:33:44.347+0700] {logging_mixin.py:190} INFO - [2026-09-18T11:33:44.347+0700] {dag.py:4180} INFO - Setting next_dagrun for example_xcom to 2021-01-01 00:00:00+00:00, run_after=2021-01-01 00:00:00+00:00
[2026-09-18T11:33:44.358+0700] {processor.py:208} INFO - Processing /Users/andreasanditya/Downloads/572392_Andreas_AirflowETL/code/.venv/lib/python3.9/site-packages/airflow/example_dags/example_xcom.py took 0.132 seconds
[2026-09-18T11:35:11.747+0700] {processor.py:186} INFO - Started process (PID=21990) to work on /Users/andreasanditya/Downloads/572392_Andreas_AirflowETL/code/.venv/lib/python3.9/site-packages/airflow/example_dags/example_xcom.py
[2026-09-18T11:35:11.748+0700] {processor.py:914} INFO - Processing file /Users/andreasanditya/Downloads/572392_Andreas_AirflowETL/code/.venv/lib/python3.9/site-packages/airflow/example_dags/example_xcom.py for tasks to queue
[2026-09-18T11:35:11.748+0700] {logging_mixin.py:190} INFO - [2026-09-18T11:35:11.748+0700] {dagbag.py:588} INFO - Filling up the DagBag from /Users/andreasanditya/Downloads/572392_Andreas_AirflowETL/code/.venv/lib/python3.9/site-packages/airflow/example_dags/example_xcom.py
[2026-09-18T11:35:11.796+0700] {processor.py:925} INFO - DAG(s) 'example_xcom' retrieved from /Users/andreasanditya/Downloads/572392_Andreas_AirflowETL/code/.venv/lib/python3.9/site-packages/airflow/example_dags/example_xcom.py
[2026-09-18T11:35:11.856+0700] {logging_mixin.py:190} INFO - [2026-09-18T11:35:11.855+0700] {dag.py:3239} INFO - Sync 1 DAGs
[2026-09-18T11:35:11.865+0700] {logging_mixin.py:190} INFO - [2026-09-18T11:35:11.865+0700] {dag.py:4180} INFO - Setting next_dagrun for example_xcom to 2021-01-01 00:00:00+00:00, run_after=2021-01-01 00:00:00+00:00
[2026-09-18T11:35:11.875+0700] {processor.py:208} INFO - Processing /Users/andreasanditya/Downloads/572392_Andreas_AirflowETL/code/.venv/lib/python3.9/site-packages/airflow/example_dags/example_xcom.py took 0.130 seconds
[2026-09-18T11:36:39.481+0700] {processor.py:186} INFO - Started process (PID=22953) to work on /Users/andreasanditya/Downloads/572392_Andreas_AirflowETL/code/.venv/lib/python3.9/site-packages/airflow/example_dags/example_xcom.py
[2026-09-18T11:36:39.482+0700] {processor.py:914} INFO - Processing file /Users/andreasanditya/Downloads/572392_Andreas_AirflowETL/code/.venv/lib/python3.9/site-packages/airflow/example_dags/example_xcom.py for tasks to queue
[2026-09-18T11:36:39.483+0700] {logging_mixin.py:190} INFO - [2026-09-18T11:36:39.483+0700] {dagbag.py:588} INFO - Filling up the DagBag from /Users/andreasanditya/Downloads/572392_Andreas_AirflowETL/code/.venv/lib/python3.9/site-packages/airflow/example_dags/example_xcom.py
[2026-09-18T11:36:39.532+0700] {processor.py:925} INFO - DAG(s) 'example_xcom' retrieved from /Users/andreasanditya/Downloads/572392_Andreas_AirflowETL/code/.venv/lib/python3.9/site-packages/airflow/example_dags/example_xcom.py
[2026-09-18T11:36:39.593+0700] {logging_mixin.py:190} INFO - [2026-09-18T11:36:39.593+0700] {dag.py:3239} INFO - Sync 1 DAGs
[2026-09-18T11:36:39.604+0700] {logging_mixin.py:190} INFO - [2026-09-18T11:36:39.603+0700] {dag.py:4180} INFO - Setting next_dagrun for example_xcom to 2021-01-01 00:00:00+00:00, run_after=2021-01-01 00:00:00+00:00
[2026-09-18T11:36:39.614+0700] {processor.py:208} INFO - Processing /Users/andreasanditya/Downloads/572392_Andreas_AirflowETL/code/.venv/lib/python3.9/site-packages/airflow/example_dags/example_xcom.py took 0.135 seconds
[2026-09-18T11:38:07.026+0700] {processor.py:186} INFO - Started process (PID=23828) to work on /Users/andreasanditya/Downloads/572392_Andreas_AirflowETL/code/.venv/lib/python3.9/site-packages/airflow/example_dags/example_xcom.py
[2026-09-18T11:38:07.027+0700] {processor.py:914} INFO - Processing file /Users/andreasanditya/Downloads/572392_Andreas_AirflowETL/code/.venv/lib/python3.9/site-packages/airflow/example_dags/example_xcom.py for tasks to queue
[2026-09-18T11:38:07.028+0700] {logging_mixin.py:190} INFO - [2026-09-18T11:38:07.028+0700] {dagbag.py:588} INFO - Filling up the DagBag from /Users/andreasanditya/Downloads/572392_Andreas_AirflowETL/code/.venv/lib/python3.9/site-packages/airflow/example_dags/example_xcom.py
[2026-09-18T11:38:07.074+0700] {processor.py:925} INFO - DAG(s) 'example_xcom' retrieved from /Users/andreasanditya/Downloads/572392_Andreas_AirflowETL/code/.venv/lib/python3.9/site-packages/airflow/example_dags/example_xcom.py
[2026-09-18T11:38:07.133+0700] {logging_mixin.py:190} INFO - [2026-09-18T11:38:07.133+0700] {dag.py:3239} INFO - Sync 1 DAGs
[2026-09-18T11:38:07.142+0700] {logging_mixin.py:190} INFO - [2026-09-18T11:38:07.142+0700] {dag.py:4180} INFO - Setting next_dagrun for example_xcom to 2021-01-01 00:00:00+00:00, run_after=2021-01-01 00:00:00+00:00
[2026-09-18T11:38:07.153+0700] {processor.py:208} INFO - Processing /Users/andreasanditya/Downloads/572392_Andreas_AirflowETL/code/.venv/lib/python3.9/site-packages/airflow/example_dags/example_xcom.py took 0.129 seconds
[2026-09-18T11:39:33.663+0700] {processor.py:186} INFO - Started process (PID=24747) to work on /Users/andreasanditya/Downloads/572392_Andreas_AirflowETL/code/.venv/lib/python3.9/site-packages/airflow/example_dags/example_xcom.py
[2026-09-18T11:39:33.664+0700] {processor.py:914} INFO - Processing file /Users/andreasanditya/Downloads/572392_Andreas_AirflowETL/code/.venv/lib/python3.9/site-packages/airflow/example_dags/example_xcom.py for tasks to queue
[2026-09-18T11:39:33.665+0700] {logging_mixin.py:190} INFO - [2026-09-18T11:39:33.665+0700] {dagbag.py:588} INFO - Filling up the DagBag from /Users/andreasanditya/Downloads/572392_Andreas_AirflowETL/code/.venv/lib/python3.9/site-packages/airflow/example_dags/example_xcom.py
[2026-09-18T11:39:33.725+0700] {processor.py:925} INFO - DAG(s) 'example_xcom' retrieved from /Users/andreasanditya/Downloads/572392_Andreas_AirflowETL/code/.venv/lib/python3.9/site-packages/airflow/example_dags/example_xcom.py
[2026-09-18T11:39:33.789+0700] {logging_mixin.py:190} INFO - [2026-09-18T11:39:33.789+0700] {dag.py:3239} INFO - Sync 1 DAGs
[2026-09-18T11:39:33.800+0700] {logging_mixin.py:190} INFO - [2026-09-18T11:39:33.800+0700] {dag.py:4180} INFO - Setting next_dagrun for example_xcom to 2021-01-01 00:00:00+00:00, run_after=2021-01-01 00:00:00+00:00
[2026-09-18T11:39:33.811+0700] {processor.py:208} INFO - Processing /Users/andreasanditya/Downloads/572392_Andreas_AirflowETL/code/.venv/lib/python3.9/site-packages/airflow/example_dags/example_xcom.py took 0.150 seconds
[2026-09-18T11:41:01.769+0700] {processor.py:186} INFO - Started process (PID=25605) to work on /Users/andreasanditya/Downloads/572392_Andreas_AirflowETL/code/.venv/lib/python3.9/site-packages/airflow/example_dags/example_xcom.py
[2026-09-18T11:41:01.770+0700] {processor.py:914} INFO - Processing file /Users/andreasanditya/Downloads/572392_Andreas_AirflowETL/code/.venv/lib/python3.9/site-packages/airflow/example_dags/example_xcom.py for tasks to queue
[2026-09-18T11:41:01.771+0700] {logging_mixin.py:190} INFO - [2026-09-18T11:41:01.771+0700] {dagbag.py:588} INFO - Filling up the DagBag from /Users/andreasanditya/Downloads/572392_Andreas_AirflowETL/code/.venv/lib/python3.9/site-packages/airflow/example_dags/example_xcom.py
[2026-09-18T11:41:01.825+0700] {processor.py:925} INFO - DAG(s) 'example_xcom' retrieved from /Users/andreasanditya/Downloads/572392_Andreas_AirflowETL/code/.venv/lib/python3.9/site-packages/airflow/example_dags/example_xcom.py
[2026-09-18T11:41:01.889+0700] {logging_mixin.py:190} INFO - [2026-09-18T11:41:01.889+0700] {dag.py:3239} INFO - Sync 1 DAGs
[2026-09-18T11:41:01.900+0700] {logging_mixin.py:190} INFO - [2026-09-18T11:41:01.900+0700] {dag.py:4180} INFO - Setting next_dagrun for example_xcom to 2021-01-01 00:00:00+00:00, run_after=2021-01-01 00:00:00+00:00
[2026-09-18T11:41:01.913+0700] {processor.py:208} INFO - Processing /Users/andreasanditya/Downloads/572392_Andreas_AirflowETL/code/.venv/lib/python3.9/site-packages/airflow/example_dags/example_xcom.py took 0.146 seconds
[2026-09-18T11:42:33.585+0700] {processor.py:186} INFO - Started process (PID=26617) to work on /Users/andreasanditya/Downloads/572392_Andreas_AirflowETL/code/.venv/lib/python3.9/site-packages/airflow/example_dags/example_xcom.py
[2026-09-18T11:42:33.586+0700] {processor.py:914} INFO - Processing file /Users/andreasanditya/Downloads/572392_Andreas_AirflowETL/code/.venv/lib/python3.9/site-packages/airflow/example_dags/example_xcom.py for tasks to queue
[2026-09-18T11:42:33.587+0700] {logging_mixin.py:190} INFO - [2026-09-18T11:42:33.587+0700] {dagbag.py:588} INFO - Filling up the DagBag from /Users/andreasanditya/Downloads/572392_Andreas_AirflowETL/code/.venv/lib/python3.9/site-packages/airflow/example_dags/example_xcom.py
[2026-09-18T11:42:33.638+0700] {processor.py:925} INFO - DAG(s) 'example_xcom' retrieved from /Users/andreasanditya/Downloads/572392_Andreas_AirflowETL/code/.venv/lib/python3.9/site-packages/airflow/example_dags/example_xcom.py
[2026-09-18T11:42:33.700+0700] {logging_mixin.py:190} INFO - [2026-09-18T11:42:33.700+0700] {dag.py:3239} INFO - Sync 1 DAGs
[2026-09-18T11:42:33.711+0700] {logging_mixin.py:190} INFO - [2026-09-18T11:42:33.710+0700] {dag.py:4180} INFO - Setting next_dagrun for example_xcom to 2021-01-01 00:00:00+00:00, run_after=2021-01-01 00:00:00+00:00
[2026-09-18T11:42:33.723+0700] {processor.py:208} INFO - Processing /Users/andreasanditya/Downloads/572392_Andreas_AirflowETL/code/.venv/lib/python3.9/site-packages/airflow/example_dags/example_xcom.py took 0.140 seconds
[2026-09-18T11:44:00.385+0700] {processor.py:186} INFO - Started process (PID=27447) to work on /Users/andreasanditya/Downloads/572392_Andreas_AirflowETL/code/.venv/lib/python3.9/site-packages/airflow/example_dags/example_xcom.py
[2026-09-18T11:44:00.386+0700] {processor.py:914} INFO - Processing file /Users/andreasanditya/Downloads/572392_Andreas_AirflowETL/code/.venv/lib/python3.9/site-packages/airflow/example_dags/example_xcom.py for tasks to queue
[2026-09-18T11:44:00.387+0700] {logging_mixin.py:190} INFO - [2026-09-18T11:44:00.387+0700] {dagbag.py:588} INFO - Filling up the DagBag from /Users/andreasanditya/Downloads/572392_Andreas_AirflowETL/code/.venv/lib/python3.9/site-packages/airflow/example_dags/example_xcom.py
[2026-09-18T11:44:00.434+0700] {processor.py:925} INFO - DAG(s) 'example_xcom' retrieved from /Users/andreasanditya/Downloads/572392_Andreas_AirflowETL/code/.venv/lib/python3.9/site-packages/airflow/example_dags/example_xcom.py
[2026-09-18T11:44:00.493+0700] {logging_mixin.py:190} INFO - [2026-09-18T11:44:00.493+0700] {dag.py:3239} INFO - Sync 1 DAGs
[2026-09-18T11:44:00.503+0700] {logging_mixin.py:190} INFO - [2026-09-18T11:44:00.503+0700] {dag.py:4180} INFO - Setting next_dagrun for example_xcom to 2021-01-01 00:00:00+00:00, run_after=2021-01-01 00:00:00+00:00
[2026-09-18T11:44:00.514+0700] {processor.py:208} INFO - Processing /Users/andreasanditya/Downloads/572392_Andreas_AirflowETL/code/.venv/lib/python3.9/site-packages/airflow/example_dags/example_xcom.py took 0.130 seconds
[2026-09-18T11:45:27.630+0700] {processor.py:186} INFO - Started process (PID=28349) to work on /Users/andreasanditya/Downloads/572392_Andreas_AirflowETL/code/.venv/lib/python3.9/site-packages/airflow/example_dags/example_xcom.py
[2026-09-18T11:45:27.632+0700] {processor.py:914} INFO - Processing file /Users/andreasanditya/Downloads/572392_Andreas_AirflowETL/code/.venv/lib/python3.9/site-packages/airflow/example_dags/example_xcom.py for tasks to queue
[2026-09-18T11:45:27.633+0700] {logging_mixin.py:190} INFO - [2026-09-18T11:45:27.633+0700] {dagbag.py:588} INFO - Filling up the DagBag from /Users/andreasanditya/Downloads/572392_Andreas_AirflowETL/code/.venv/lib/python3.9/site-packages/airflow/example_dags/example_xcom.py
[2026-09-18T11:45:27.678+0700] {processor.py:925} INFO - DAG(s) 'example_xcom' retrieved from /Users/andreasanditya/Downloads/572392_Andreas_AirflowETL/code/.venv/lib/python3.9/site-packages/airflow/example_dags/example_xcom.py
[2026-09-18T11:45:27.738+0700] {logging_mixin.py:190} INFO - [2026-09-18T11:45:27.738+0700] {dag.py:3239} INFO - Sync 1 DAGs
[2026-09-18T11:45:27.747+0700] {logging_mixin.py:190} INFO - [2026-09-18T11:45:27.747+0700] {dag.py:4180} INFO - Setting next_dagrun for example_xcom to 2021-01-01 00:00:00+00:00, run_after=2021-01-01 00:00:00+00:00
[2026-09-18T11:45:27.757+0700] {processor.py:208} INFO - Processing /Users/andreasanditya/Downloads/572392_Andreas_AirflowETL/code/.venv/lib/python3.9/site-packages/airflow/example_dags/example_xcom.py took 0.129 seconds
[2026-09-18T11:46:53.806+0700] {processor.py:186} INFO - Started process (PID=29157) to work on /Users/andreasanditya/Downloads/572392_Andreas_AirflowETL/code/.venv/lib/python3.9/site-packages/airflow/example_dags/example_xcom.py
[2026-09-18T11:46:53.808+0700] {processor.py:914} INFO - Processing file /Users/andreasanditya/Downloads/572392_Andreas_AirflowETL/code/.venv/lib/python3.9/site-packages/airflow/example_dags/example_xcom.py for tasks to queue
[2026-09-18T11:46:53.809+0700] {logging_mixin.py:190} INFO - [2026-09-18T11:46:53.808+0700] {dagbag.py:588} INFO - Filling up the DagBag from /Users/andreasanditya/Downloads/572392_Andreas_AirflowETL/code/.venv/lib/python3.9/site-packages/airflow/example_dags/example_xcom.py
[2026-09-18T11:46:53.853+0700] {processor.py:925} INFO - DAG(s) 'example_xcom' retrieved from /Users/andreasanditya/Downloads/572392_Andreas_AirflowETL/code/.venv/lib/python3.9/site-packages/airflow/example_dags/example_xcom.py
[2026-09-18T11:46:53.912+0700] {logging_mixin.py:190} INFO - [2026-09-18T11:46:53.912+0700] {dag.py:3239} INFO - Sync 1 DAGs
[2026-09-18T11:46:53.921+0700] {logging_mixin.py:190} INFO - [2026-09-18T11:46:53.921+0700] {dag.py:4180} INFO - Setting next_dagrun for example_xcom to 2021-01-01 00:00:00+00:00, run_after=2021-01-01 00:00:00+00:00
[2026-09-18T11:46:53.931+0700] {processor.py:208} INFO - Processing /Users/andreasanditya/Downloads/572392_Andreas_AirflowETL/code/.venv/lib/python3.9/site-packages/airflow/example_dags/example_xcom.py took 0.128 seconds
[2026-09-18T11:48:20.950+0700] {processor.py:186} INFO - Started process (PID=30071) to work on /Users/andreasanditya/Downloads/572392_Andreas_AirflowETL/code/.venv/lib/python3.9/site-packages/airflow/example_dags/example_xcom.py
[2026-09-18T11:48:20.952+0700] {processor.py:914} INFO - Processing file /Users/andreasanditya/Downloads/572392_Andreas_AirflowETL/code/.venv/lib/python3.9/site-packages/airflow/example_dags/example_xcom.py for tasks to queue
[2026-09-18T11:48:20.953+0700] {logging_mixin.py:190} INFO - [2026-09-18T11:48:20.953+0700] {dagbag.py:588} INFO - Filling up the DagBag from /Users/andreasanditya/Downloads/572392_Andreas_AirflowETL/code/.venv/lib/python3.9/site-packages/airflow/example_dags/example_xcom.py
[2026-09-18T11:48:20.998+0700] {processor.py:925} INFO - DAG(s) 'example_xcom' retrieved from /Users/andreasanditya/Downloads/572392_Andreas_AirflowETL/code/.venv/lib/python3.9/site-packages/airflow/example_dags/example_xcom.py
[2026-09-18T11:48:21.059+0700] {logging_mixin.py:190} INFO - [2026-09-18T11:48:21.058+0700] {dag.py:3239} INFO - Sync 1 DAGs
[2026-09-18T11:48:21.068+0700] {logging_mixin.py:190} INFO - [2026-09-18T11:48:21.068+0700] {dag.py:4180} INFO - Setting next_dagrun for example_xcom to 2021-01-01 00:00:00+00:00, run_after=2021-01-01 00:00:00+00:00
[2026-09-18T11:48:21.078+0700] {processor.py:208} INFO - Processing /Users/andreasanditya/Downloads/572392_Andreas_AirflowETL/code/.venv/lib/python3.9/site-packages/airflow/example_dags/example_xcom.py took 0.130 seconds
[2026-09-18T11:49:47.574+0700] {processor.py:186} INFO - Started process (PID=30920) to work on /Users/andreasanditya/Downloads/572392_Andreas_AirflowETL/code/.venv/lib/python3.9/site-packages/airflow/example_dags/example_xcom.py
[2026-09-18T11:49:47.575+0700] {processor.py:914} INFO - Processing file /Users/andreasanditya/Downloads/572392_Andreas_AirflowETL/code/.venv/lib/python3.9/site-packages/airflow/example_dags/example_xcom.py for tasks to queue
[2026-09-18T11:49:47.575+0700] {logging_mixin.py:190} INFO - [2026-09-18T11:49:47.575+0700] {dagbag.py:588} INFO - Filling up the DagBag from /Users/andreasanditya/Downloads/572392_Andreas_AirflowETL/code/.venv/lib/python3.9/site-packages/airflow/example_dags/example_xcom.py
[2026-09-18T11:49:47.626+0700] {processor.py:925} INFO - DAG(s) 'example_xcom' retrieved from /Users/andreasanditya/Downloads/572392_Andreas_AirflowETL/code/.venv/lib/python3.9/site-packages/airflow/example_dags/example_xcom.py
[2026-09-18T11:49:47.685+0700] {logging_mixin.py:190} INFO - [2026-09-18T11:49:47.685+0700] {dag.py:3239} INFO - Sync 1 DAGs
[2026-09-18T11:49:47.696+0700] {logging_mixin.py:190} INFO - [2026-09-18T11:49:47.696+0700] {dag.py:4180} INFO - Setting next_dagrun for example_xcom to 2021-01-01 00:00:00+00:00, run_after=2021-01-01 00:00:00+00:00
[2026-09-18T11:49:47.707+0700] {processor.py:208} INFO - Processing /Users/andreasanditya/Downloads/572392_Andreas_AirflowETL/code/.venv/lib/python3.9/site-packages/airflow/example_dags/example_xcom.py took 0.136 seconds
[2026-09-18T11:51:12.417+0700] {processor.py:186} INFO - Started process (PID=31823) to work on /Users/andreasanditya/Downloads/572392_Andreas_AirflowETL/code/.venv/lib/python3.9/site-packages/airflow/example_dags/example_xcom.py
[2026-09-18T11:51:12.418+0700] {processor.py:914} INFO - Processing file /Users/andreasanditya/Downloads/572392_Andreas_AirflowETL/code/.venv/lib/python3.9/site-packages/airflow/example_dags/example_xcom.py for tasks to queue
[2026-09-18T11:51:12.419+0700] {logging_mixin.py:190} INFO - [2026-09-18T11:51:12.419+0700] {dagbag.py:588} INFO - Filling up the DagBag from /Users/andreasanditya/Downloads/572392_Andreas_AirflowETL/code/.venv/lib/python3.9/site-packages/airflow/example_dags/example_xcom.py
[2026-09-18T11:51:12.465+0700] {processor.py:925} INFO - DAG(s) 'example_xcom' retrieved from /Users/andreasanditya/Downloads/572392_Andreas_AirflowETL/code/.venv/lib/python3.9/site-packages/airflow/example_dags/example_xcom.py
[2026-09-18T11:51:12.524+0700] {logging_mixin.py:190} INFO - [2026-09-18T11:51:12.524+0700] {dag.py:3239} INFO - Sync 1 DAGs
[2026-09-18T11:51:12.534+0700] {logging_mixin.py:190} INFO - [2026-09-18T11:51:12.534+0700] {dag.py:4180} INFO - Setting next_dagrun for example_xcom to 2021-01-01 00:00:00+00:00, run_after=2021-01-01 00:00:00+00:00
[2026-09-18T11:51:12.544+0700] {processor.py:208} INFO - Processing /Users/andreasanditya/Downloads/572392_Andreas_AirflowETL/code/.venv/lib/python3.9/site-packages/airflow/example_dags/example_xcom.py took 0.129 seconds
[2026-09-18T11:52:38.634+0700] {processor.py:186} INFO - Started process (PID=32634) to work on /Users/andreasanditya/Downloads/572392_Andreas_AirflowETL/code/.venv/lib/python3.9/site-packages/airflow/example_dags/example_xcom.py
[2026-09-18T11:52:38.635+0700] {processor.py:914} INFO - Processing file /Users/andreasanditya/Downloads/572392_Andreas_AirflowETL/code/.venv/lib/python3.9/site-packages/airflow/example_dags/example_xcom.py for tasks to queue
[2026-09-18T11:52:38.636+0700] {logging_mixin.py:190} INFO - [2026-09-18T11:52:38.635+0700] {dagbag.py:588} INFO - Filling up the DagBag from /Users/andreasanditya/Downloads/572392_Andreas_AirflowETL/code/.venv/lib/python3.9/site-packages/airflow/example_dags/example_xcom.py
[2026-09-18T11:52:38.681+0700] {processor.py:925} INFO - DAG(s) 'example_xcom' retrieved from /Users/andreasanditya/Downloads/572392_Andreas_AirflowETL/code/.venv/lib/python3.9/site-packages/airflow/example_dags/example_xcom.py
[2026-09-18T11:52:38.740+0700] {logging_mixin.py:190} INFO - [2026-09-18T11:52:38.740+0700] {dag.py:3239} INFO - Sync 1 DAGs
[2026-09-18T11:52:38.749+0700] {logging_mixin.py:190} INFO - [2026-09-18T11:52:38.749+0700] {dag.py:4180} INFO - Setting next_dagrun for example_xcom to 2021-01-01 00:00:00+00:00, run_after=2021-01-01 00:00:00+00:00
[2026-09-18T11:52:38.760+0700] {processor.py:208} INFO - Processing /Users/andreasanditya/Downloads/572392_Andreas_AirflowETL/code/.venv/lib/python3.9/site-packages/airflow/example_dags/example_xcom.py took 0.128 seconds
[2026-09-18T11:54:05.033+0700] {processor.py:186} INFO - Started process (PID=33538) to work on /Users/andreasanditya/Downloads/572392_Andreas_AirflowETL/code/.venv/lib/python3.9/site-packages/airflow/example_dags/example_xcom.py
[2026-09-18T11:54:05.034+0700] {processor.py:914} INFO - Processing file /Users/andreasanditya/Downloads/572392_Andreas_AirflowETL/code/.venv/lib/python3.9/site-packages/airflow/example_dags/example_xcom.py for tasks to queue
[2026-09-18T11:54:05.034+0700] {logging_mixin.py:190} INFO - [2026-09-18T11:54:05.034+0700] {dagbag.py:588} INFO - Filling up the DagBag from /Users/andreasanditya/Downloads/572392_Andreas_AirflowETL/code/.venv/lib/python3.9/site-packages/airflow/example_dags/example_xcom.py
[2026-09-18T11:54:05.080+0700] {processor.py:925} INFO - DAG(s) 'example_xcom' retrieved from /Users/andreasanditya/Downloads/572392_Andreas_AirflowETL/code/.venv/lib/python3.9/site-packages/airflow/example_dags/example_xcom.py
[2026-09-18T11:54:05.139+0700] {logging_mixin.py:190} INFO - [2026-09-18T11:54:05.139+0700] {dag.py:3239} INFO - Sync 1 DAGs
[2026-09-18T11:54:05.148+0700] {logging_mixin.py:190} INFO - [2026-09-18T11:54:05.148+0700] {dag.py:4180} INFO - Setting next_dagrun for example_xcom to 2021-01-01 00:00:00+00:00, run_after=2021-01-01 00:00:00+00:00
[2026-09-18T11:54:05.158+0700] {processor.py:208} INFO - Processing /Users/andreasanditya/Downloads/572392_Andreas_AirflowETL/code/.venv/lib/python3.9/site-packages/airflow/example_dags/example_xcom.py took 0.128 seconds
[2026-09-18T11:55:32.986+0700] {processor.py:186} INFO - Started process (PID=34467) to work on /Users/andreasanditya/Downloads/572392_Andreas_AirflowETL/code/.venv/lib/python3.9/site-packages/airflow/example_dags/example_xcom.py
[2026-09-18T11:55:32.986+0700] {processor.py:914} INFO - Processing file /Users/andreasanditya/Downloads/572392_Andreas_AirflowETL/code/.venv/lib/python3.9/site-packages/airflow/example_dags/example_xcom.py for tasks to queue
[2026-09-18T11:55:32.987+0700] {logging_mixin.py:190} INFO - [2026-09-18T11:55:32.987+0700] {dagbag.py:588} INFO - Filling up the DagBag from /Users/andreasanditya/Downloads/572392_Andreas_AirflowETL/code/.venv/lib/python3.9/site-packages/airflow/example_dags/example_xcom.py
[2026-09-18T11:55:33.033+0700] {processor.py:925} INFO - DAG(s) 'example_xcom' retrieved from /Users/andreasanditya/Downloads/572392_Andreas_AirflowETL/code/.venv/lib/python3.9/site-packages/airflow/example_dags/example_xcom.py
[2026-09-18T11:55:33.096+0700] {logging_mixin.py:190} INFO - [2026-09-18T11:55:33.095+0700] {dag.py:3239} INFO - Sync 1 DAGs
[2026-09-18T11:55:33.106+0700] {logging_mixin.py:190} INFO - [2026-09-18T11:55:33.106+0700] {dag.py:4180} INFO - Setting next_dagrun for example_xcom to 2021-01-01 00:00:00+00:00, run_after=2021-01-01 00:00:00+00:00
[2026-09-18T11:55:33.119+0700] {processor.py:208} INFO - Processing /Users/andreasanditya/Downloads/572392_Andreas_AirflowETL/code/.venv/lib/python3.9/site-packages/airflow/example_dags/example_xcom.py took 0.135 seconds
[2026-09-18T11:57:00.226+0700] {processor.py:186} INFO - Started process (PID=35297) to work on /Users/andreasanditya/Downloads/572392_Andreas_AirflowETL/code/.venv/lib/python3.9/site-packages/airflow/example_dags/example_xcom.py
[2026-09-18T11:57:00.227+0700] {processor.py:914} INFO - Processing file /Users/andreasanditya/Downloads/572392_Andreas_AirflowETL/code/.venv/lib/python3.9/site-packages/airflow/example_dags/example_xcom.py for tasks to queue
[2026-09-18T11:57:00.227+0700] {logging_mixin.py:190} INFO - [2026-09-18T11:57:00.227+0700] {dagbag.py:588} INFO - Filling up the DagBag from /Users/andreasanditya/Downloads/572392_Andreas_AirflowETL/code/.venv/lib/python3.9/site-packages/airflow/example_dags/example_xcom.py
[2026-09-18T11:57:00.273+0700] {processor.py:925} INFO - DAG(s) 'example_xcom' retrieved from /Users/andreasanditya/Downloads/572392_Andreas_AirflowETL/code/.venv/lib/python3.9/site-packages/airflow/example_dags/example_xcom.py
[2026-09-18T11:57:00.332+0700] {logging_mixin.py:190} INFO - [2026-09-18T11:57:00.332+0700] {dag.py:3239} INFO - Sync 1 DAGs
[2026-09-18T11:57:00.341+0700] {logging_mixin.py:190} INFO - [2026-09-18T11:57:00.341+0700] {dag.py:4180} INFO - Setting next_dagrun for example_xcom to 2021-01-01 00:00:00+00:00, run_after=2021-01-01 00:00:00+00:00
[2026-09-18T11:57:00.352+0700] {processor.py:208} INFO - Processing /Users/andreasanditya/Downloads/572392_Andreas_AirflowETL/code/.venv/lib/python3.9/site-packages/airflow/example_dags/example_xcom.py took 0.128 seconds
[2026-09-18T11:58:26.802+0700] {processor.py:186} INFO - Started process (PID=36205) to work on /Users/andreasanditya/Downloads/572392_Andreas_AirflowETL/code/.venv/lib/python3.9/site-packages/airflow/example_dags/example_xcom.py
[2026-09-18T11:58:26.803+0700] {processor.py:914} INFO - Processing file /Users/andreasanditya/Downloads/572392_Andreas_AirflowETL/code/.venv/lib/python3.9/site-packages/airflow/example_dags/example_xcom.py for tasks to queue
[2026-09-18T11:58:26.804+0700] {logging_mixin.py:190} INFO - [2026-09-18T11:58:26.803+0700] {dagbag.py:588} INFO - Filling up the DagBag from /Users/andreasanditya/Downloads/572392_Andreas_AirflowETL/code/.venv/lib/python3.9/site-packages/airflow/example_dags/example_xcom.py
[2026-09-18T11:58:26.850+0700] {processor.py:925} INFO - DAG(s) 'example_xcom' retrieved from /Users/andreasanditya/Downloads/572392_Andreas_AirflowETL/code/.venv/lib/python3.9/site-packages/airflow/example_dags/example_xcom.py
[2026-09-18T11:58:26.910+0700] {logging_mixin.py:190} INFO - [2026-09-18T11:58:26.910+0700] {dag.py:3239} INFO - Sync 1 DAGs
[2026-09-18T11:58:26.919+0700] {logging_mixin.py:190} INFO - [2026-09-18T11:58:26.919+0700] {dag.py:4180} INFO - Setting next_dagrun for example_xcom to 2021-01-01 00:00:00+00:00, run_after=2021-01-01 00:00:00+00:00
[2026-09-18T11:58:26.929+0700] {processor.py:208} INFO - Processing /Users/andreasanditya/Downloads/572392_Andreas_AirflowETL/code/.venv/lib/python3.9/site-packages/airflow/example_dags/example_xcom.py took 0.129 seconds
[2026-09-18T11:59:50.816+0700] {processor.py:186} INFO - Started process (PID=37018) to work on /Users/andreasanditya/Downloads/572392_Andreas_AirflowETL/code/.venv/lib/python3.9/site-packages/airflow/example_dags/example_xcom.py
[2026-09-18T11:59:50.817+0700] {processor.py:914} INFO - Processing file /Users/andreasanditya/Downloads/572392_Andreas_AirflowETL/code/.venv/lib/python3.9/site-packages/airflow/example_dags/example_xcom.py for tasks to queue
[2026-09-18T11:59:50.817+0700] {logging_mixin.py:190} INFO - [2026-09-18T11:59:50.817+0700] {dagbag.py:588} INFO - Filling up the DagBag from /Users/andreasanditya/Downloads/572392_Andreas_AirflowETL/code/.venv/lib/python3.9/site-packages/airflow/example_dags/example_xcom.py
[2026-09-18T11:59:50.863+0700] {processor.py:925} INFO - DAG(s) 'example_xcom' retrieved from /Users/andreasanditya/Downloads/572392_Andreas_AirflowETL/code/.venv/lib/python3.9/site-packages/airflow/example_dags/example_xcom.py
[2026-09-18T11:59:50.922+0700] {logging_mixin.py:190} INFO - [2026-09-18T11:59:50.922+0700] {dag.py:3239} INFO - Sync 1 DAGs
[2026-09-18T11:59:50.931+0700] {logging_mixin.py:190} INFO - [2026-09-18T11:59:50.931+0700] {dag.py:4180} INFO - Setting next_dagrun for example_xcom to 2021-01-01 00:00:00+00:00, run_after=2021-01-01 00:00:00+00:00
[2026-09-18T11:59:50.941+0700] {processor.py:208} INFO - Processing /Users/andreasanditya/Downloads/572392_Andreas_AirflowETL/code/.venv/lib/python3.9/site-packages/airflow/example_dags/example_xcom.py took 0.127 seconds
[2026-09-18T12:01:17.511+0700] {processor.py:186} INFO - Started process (PID=37938) to work on /Users/andreasanditya/Downloads/572392_Andreas_AirflowETL/code/.venv/lib/python3.9/site-packages/airflow/example_dags/example_xcom.py
[2026-09-18T12:01:17.512+0700] {processor.py:914} INFO - Processing file /Users/andreasanditya/Downloads/572392_Andreas_AirflowETL/code/.venv/lib/python3.9/site-packages/airflow/example_dags/example_xcom.py for tasks to queue
[2026-09-18T12:01:17.513+0700] {logging_mixin.py:190} INFO - [2026-09-18T12:01:17.513+0700] {dagbag.py:588} INFO - Filling up the DagBag from /Users/andreasanditya/Downloads/572392_Andreas_AirflowETL/code/.venv/lib/python3.9/site-packages/airflow/example_dags/example_xcom.py
[2026-09-18T12:01:17.558+0700] {processor.py:925} INFO - DAG(s) 'example_xcom' retrieved from /Users/andreasanditya/Downloads/572392_Andreas_AirflowETL/code/.venv/lib/python3.9/site-packages/airflow/example_dags/example_xcom.py
[2026-09-18T12:01:17.619+0700] {logging_mixin.py:190} INFO - [2026-09-18T12:01:17.618+0700] {dag.py:3239} INFO - Sync 1 DAGs
[2026-09-18T12:01:17.628+0700] {logging_mixin.py:190} INFO - [2026-09-18T12:01:17.628+0700] {dag.py:4180} INFO - Setting next_dagrun for example_xcom to 2021-01-01 00:00:00+00:00, run_after=2021-01-01 00:00:00+00:00
[2026-09-18T12:01:17.638+0700] {processor.py:208} INFO - Processing /Users/andreasanditya/Downloads/572392_Andreas_AirflowETL/code/.venv/lib/python3.9/site-packages/airflow/example_dags/example_xcom.py took 0.129 seconds
[2026-09-18T12:02:45.600+0700] {processor.py:186} INFO - Started process (PID=38785) to work on /Users/andreasanditya/Downloads/572392_Andreas_AirflowETL/code/.venv/lib/python3.9/site-packages/airflow/example_dags/example_xcom.py
[2026-09-18T12:02:45.601+0700] {processor.py:914} INFO - Processing file /Users/andreasanditya/Downloads/572392_Andreas_AirflowETL/code/.venv/lib/python3.9/site-packages/airflow/example_dags/example_xcom.py for tasks to queue
[2026-09-18T12:02:45.602+0700] {logging_mixin.py:190} INFO - [2026-09-18T12:02:45.602+0700] {dagbag.py:588} INFO - Filling up the DagBag from /Users/andreasanditya/Downloads/572392_Andreas_AirflowETL/code/.venv/lib/python3.9/site-packages/airflow/example_dags/example_xcom.py
[2026-09-18T12:02:45.649+0700] {processor.py:925} INFO - DAG(s) 'example_xcom' retrieved from /Users/andreasanditya/Downloads/572392_Andreas_AirflowETL/code/.venv/lib/python3.9/site-packages/airflow/example_dags/example_xcom.py
[2026-09-18T12:02:45.709+0700] {logging_mixin.py:190} INFO - [2026-09-18T12:02:45.709+0700] {dag.py:3239} INFO - Sync 1 DAGs
[2026-09-18T12:02:45.719+0700] {logging_mixin.py:190} INFO - [2026-09-18T12:02:45.719+0700] {dag.py:4180} INFO - Setting next_dagrun for example_xcom to 2021-01-01 00:00:00+00:00, run_after=2021-01-01 00:00:00+00:00
[2026-09-18T12:02:45.729+0700] {processor.py:208} INFO - Processing /Users/andreasanditya/Downloads/572392_Andreas_AirflowETL/code/.venv/lib/python3.9/site-packages/airflow/example_dags/example_xcom.py took 0.131 seconds
[2026-09-18T12:04:11.830+0700] {processor.py:186} INFO - Started process (PID=39697) to work on /Users/andreasanditya/Downloads/572392_Andreas_AirflowETL/code/.venv/lib/python3.9/site-packages/airflow/example_dags/example_xcom.py
[2026-09-18T12:04:11.831+0700] {processor.py:914} INFO - Processing file /Users/andreasanditya/Downloads/572392_Andreas_AirflowETL/code/.venv/lib/python3.9/site-packages/airflow/example_dags/example_xcom.py for tasks to queue
[2026-09-18T12:04:11.832+0700] {logging_mixin.py:190} INFO - [2026-09-18T12:04:11.832+0700] {dagbag.py:588} INFO - Filling up the DagBag from /Users/andreasanditya/Downloads/572392_Andreas_AirflowETL/code/.venv/lib/python3.9/site-packages/airflow/example_dags/example_xcom.py
[2026-09-18T12:04:11.879+0700] {processor.py:925} INFO - DAG(s) 'example_xcom' retrieved from /Users/andreasanditya/Downloads/572392_Andreas_AirflowETL/code/.venv/lib/python3.9/site-packages/airflow/example_dags/example_xcom.py
[2026-09-18T12:04:11.938+0700] {logging_mixin.py:190} INFO - [2026-09-18T12:04:11.937+0700] {dag.py:3239} INFO - Sync 1 DAGs
[2026-09-18T12:04:11.947+0700] {logging_mixin.py:190} INFO - [2026-09-18T12:04:11.947+0700] {dag.py:4180} INFO - Setting next_dagrun for example_xcom to 2021-01-01 00:00:00+00:00, run_after=2021-01-01 00:00:00+00:00
[2026-09-18T12:04:11.958+0700] {processor.py:208} INFO - Processing /Users/andreasanditya/Downloads/572392_Andreas_AirflowETL/code/.venv/lib/python3.9/site-packages/airflow/example_dags/example_xcom.py took 0.130 seconds
[2026-09-18T12:05:38.472+0700] {processor.py:186} INFO - Started process (PID=40513) to work on /Users/andreasanditya/Downloads/572392_Andreas_AirflowETL/code/.venv/lib/python3.9/site-packages/airflow/example_dags/example_xcom.py
[2026-09-18T12:05:38.473+0700] {processor.py:914} INFO - Processing file /Users/andreasanditya/Downloads/572392_Andreas_AirflowETL/code/.venv/lib/python3.9/site-packages/airflow/example_dags/example_xcom.py for tasks to queue
[2026-09-18T12:05:38.474+0700] {logging_mixin.py:190} INFO - [2026-09-18T12:05:38.474+0700] {dagbag.py:588} INFO - Filling up the DagBag from /Users/andreasanditya/Downloads/572392_Andreas_AirflowETL/code/.venv/lib/python3.9/site-packages/airflow/example_dags/example_xcom.py
[2026-09-18T12:05:38.520+0700] {processor.py:925} INFO - DAG(s) 'example_xcom' retrieved from /Users/andreasanditya/Downloads/572392_Andreas_AirflowETL/code/.venv/lib/python3.9/site-packages/airflow/example_dags/example_xcom.py
[2026-09-18T12:05:38.580+0700] {logging_mixin.py:190} INFO - [2026-09-18T12:05:38.580+0700] {dag.py:3239} INFO - Sync 1 DAGs
[2026-09-18T12:05:38.589+0700] {logging_mixin.py:190} INFO - [2026-09-18T12:05:38.589+0700] {dag.py:4180} INFO - Setting next_dagrun for example_xcom to 2021-01-01 00:00:00+00:00, run_after=2021-01-01 00:00:00+00:00
[2026-09-18T12:05:38.600+0700] {processor.py:208} INFO - Processing /Users/andreasanditya/Downloads/572392_Andreas_AirflowETL/code/.venv/lib/python3.9/site-packages/airflow/example_dags/example_xcom.py took 0.130 seconds
[2026-09-18T12:07:06.392+0700] {processor.py:186} INFO - Started process (PID=41427) to work on /Users/andreasanditya/Downloads/572392_Andreas_AirflowETL/code/.venv/lib/python3.9/site-packages/airflow/example_dags/example_xcom.py
[2026-09-18T12:07:06.393+0700] {processor.py:914} INFO - Processing file /Users/andreasanditya/Downloads/572392_Andreas_AirflowETL/code/.venv/lib/python3.9/site-packages/airflow/example_dags/example_xcom.py for tasks to queue
[2026-09-18T12:07:06.394+0700] {logging_mixin.py:190} INFO - [2026-09-18T12:07:06.393+0700] {dagbag.py:588} INFO - Filling up the DagBag from /Users/andreasanditya/Downloads/572392_Andreas_AirflowETL/code/.venv/lib/python3.9/site-packages/airflow/example_dags/example_xcom.py
[2026-09-18T12:07:06.442+0700] {processor.py:925} INFO - DAG(s) 'example_xcom' retrieved from /Users/andreasanditya/Downloads/572392_Andreas_AirflowETL/code/.venv/lib/python3.9/site-packages/airflow/example_dags/example_xcom.py
[2026-09-18T12:07:06.500+0700] {logging_mixin.py:190} INFO - [2026-09-18T12:07:06.500+0700] {dag.py:3239} INFO - Sync 1 DAGs
[2026-09-18T12:07:06.510+0700] {logging_mixin.py:190} INFO - [2026-09-18T12:07:06.510+0700] {dag.py:4180} INFO - Setting next_dagrun for example_xcom to 2021-01-01 00:00:00+00:00, run_after=2021-01-01 00:00:00+00:00
[2026-09-18T12:07:06.520+0700] {processor.py:208} INFO - Processing /Users/andreasanditya/Downloads/572392_Andreas_AirflowETL/code/.venv/lib/python3.9/site-packages/airflow/example_dags/example_xcom.py took 0.130 seconds
[2026-09-18T12:08:33.841+0700] {processor.py:186} INFO - Started process (PID=42334) to work on /Users/andreasanditya/Downloads/572392_Andreas_AirflowETL/code/.venv/lib/python3.9/site-packages/airflow/example_dags/example_xcom.py
[2026-09-18T12:08:33.842+0700] {processor.py:914} INFO - Processing file /Users/andreasanditya/Downloads/572392_Andreas_AirflowETL/code/.venv/lib/python3.9/site-packages/airflow/example_dags/example_xcom.py for tasks to queue
[2026-09-18T12:08:33.842+0700] {logging_mixin.py:190} INFO - [2026-09-18T12:08:33.842+0700] {dagbag.py:588} INFO - Filling up the DagBag from /Users/andreasanditya/Downloads/572392_Andreas_AirflowETL/code/.venv/lib/python3.9/site-packages/airflow/example_dags/example_xcom.py
[2026-09-18T12:08:33.889+0700] {processor.py:925} INFO - DAG(s) 'example_xcom' retrieved from /Users/andreasanditya/Downloads/572392_Andreas_AirflowETL/code/.venv/lib/python3.9/site-packages/airflow/example_dags/example_xcom.py
[2026-09-18T12:08:33.948+0700] {logging_mixin.py:190} INFO - [2026-09-18T12:08:33.948+0700] {dag.py:3239} INFO - Sync 1 DAGs
[2026-09-18T12:08:33.958+0700] {logging_mixin.py:190} INFO - [2026-09-18T12:08:33.958+0700] {dag.py:4180} INFO - Setting next_dagrun for example_xcom to 2021-01-01 00:00:00+00:00, run_after=2021-01-01 00:00:00+00:00
[2026-09-18T12:08:33.968+0700] {processor.py:208} INFO - Processing /Users/andreasanditya/Downloads/572392_Andreas_AirflowETL/code/.venv/lib/python3.9/site-packages/airflow/example_dags/example_xcom.py took 0.129 seconds
[2026-09-18T12:10:00.501+0700] {processor.py:186} INFO - Started process (PID=43172) to work on /Users/andreasanditya/Downloads/572392_Andreas_AirflowETL/code/.venv/lib/python3.9/site-packages/airflow/example_dags/example_xcom.py
[2026-09-18T12:10:00.501+0700] {processor.py:914} INFO - Processing file /Users/andreasanditya/Downloads/572392_Andreas_AirflowETL/code/.venv/lib/python3.9/site-packages/airflow/example_dags/example_xcom.py for tasks to queue
[2026-09-18T12:10:00.502+0700] {logging_mixin.py:190} INFO - [2026-09-18T12:10:00.502+0700] {dagbag.py:588} INFO - Filling up the DagBag from /Users/andreasanditya/Downloads/572392_Andreas_AirflowETL/code/.venv/lib/python3.9/site-packages/airflow/example_dags/example_xcom.py
[2026-09-18T12:10:00.548+0700] {processor.py:925} INFO - DAG(s) 'example_xcom' retrieved from /Users/andreasanditya/Downloads/572392_Andreas_AirflowETL/code/.venv/lib/python3.9/site-packages/airflow/example_dags/example_xcom.py
[2026-09-18T12:10:00.607+0700] {logging_mixin.py:190} INFO - [2026-09-18T12:10:00.607+0700] {dag.py:3239} INFO - Sync 1 DAGs
[2026-09-18T12:10:00.616+0700] {logging_mixin.py:190} INFO - [2026-09-18T12:10:00.616+0700] {dag.py:4180} INFO - Setting next_dagrun for example_xcom to 2021-01-01 00:00:00+00:00, run_after=2021-01-01 00:00:00+00:00
[2026-09-18T12:10:00.627+0700] {processor.py:208} INFO - Processing /Users/andreasanditya/Downloads/572392_Andreas_AirflowETL/code/.venv/lib/python3.9/site-packages/airflow/example_dags/example_xcom.py took 0.128 seconds
[2026-09-18T12:11:26.843+0700] {processor.py:186} INFO - Started process (PID=44089) to work on /Users/andreasanditya/Downloads/572392_Andreas_AirflowETL/code/.venv/lib/python3.9/site-packages/airflow/example_dags/example_xcom.py
[2026-09-18T12:11:26.844+0700] {processor.py:914} INFO - Processing file /Users/andreasanditya/Downloads/572392_Andreas_AirflowETL/code/.venv/lib/python3.9/site-packages/airflow/example_dags/example_xcom.py for tasks to queue
[2026-09-18T12:11:26.845+0700] {logging_mixin.py:190} INFO - [2026-09-18T12:11:26.845+0700] {dagbag.py:588} INFO - Filling up the DagBag from /Users/andreasanditya/Downloads/572392_Andreas_AirflowETL/code/.venv/lib/python3.9/site-packages/airflow/example_dags/example_xcom.py
[2026-09-18T12:11:26.896+0700] {processor.py:925} INFO - DAG(s) 'example_xcom' retrieved from /Users/andreasanditya/Downloads/572392_Andreas_AirflowETL/code/.venv/lib/python3.9/site-packages/airflow/example_dags/example_xcom.py
[2026-09-18T12:11:26.959+0700] {logging_mixin.py:190} INFO - [2026-09-18T12:11:26.959+0700] {dag.py:3239} INFO - Sync 1 DAGs
[2026-09-18T12:11:26.969+0700] {logging_mixin.py:190} INFO - [2026-09-18T12:11:26.969+0700] {dag.py:4180} INFO - Setting next_dagrun for example_xcom to 2021-01-01 00:00:00+00:00, run_after=2021-01-01 00:00:00+00:00
[2026-09-18T12:11:26.981+0700] {processor.py:208} INFO - Processing /Users/andreasanditya/Downloads/572392_Andreas_AirflowETL/code/.venv/lib/python3.9/site-packages/airflow/example_dags/example_xcom.py took 0.140 seconds
[2026-09-18T12:12:57.322+0700] {processor.py:186} INFO - Started process (PID=45636) to work on /Users/andreasanditya/Downloads/572392_Andreas_AirflowETL/code/.venv/lib/python3.9/site-packages/airflow/example_dags/example_xcom.py
[2026-09-18T12:12:57.323+0700] {processor.py:914} INFO - Processing file /Users/andreasanditya/Downloads/572392_Andreas_AirflowETL/code/.venv/lib/python3.9/site-packages/airflow/example_dags/example_xcom.py for tasks to queue
[2026-09-18T12:12:57.324+0700] {logging_mixin.py:190} INFO - [2026-09-18T12:12:57.324+0700] {dagbag.py:588} INFO - Filling up the DagBag from /Users/andreasanditya/Downloads/572392_Andreas_AirflowETL/code/.venv/lib/python3.9/site-packages/airflow/example_dags/example_xcom.py
[2026-09-18T12:12:57.371+0700] {processor.py:925} INFO - DAG(s) 'example_xcom' retrieved from /Users/andreasanditya/Downloads/572392_Andreas_AirflowETL/code/.venv/lib/python3.9/site-packages/airflow/example_dags/example_xcom.py
[2026-09-18T12:12:57.432+0700] {logging_mixin.py:190} INFO - [2026-09-18T12:12:57.432+0700] {dag.py:3239} INFO - Sync 1 DAGs
[2026-09-18T12:12:57.442+0700] {logging_mixin.py:190} INFO - [2026-09-18T12:12:57.442+0700] {dag.py:4180} INFO - Setting next_dagrun for example_xcom to 2021-01-01 00:00:00+00:00, run_after=2021-01-01 00:00:00+00:00
[2026-09-18T12:12:57.452+0700] {processor.py:208} INFO - Processing /Users/andreasanditya/Downloads/572392_Andreas_AirflowETL/code/.venv/lib/python3.9/site-packages/airflow/example_dags/example_xcom.py took 0.132 seconds
[2026-09-18T12:14:25.485+0700] {processor.py:186} INFO - Started process (PID=46669) to work on /Users/andreasanditya/Downloads/572392_Andreas_AirflowETL/code/.venv/lib/python3.9/site-packages/airflow/example_dags/example_xcom.py
[2026-09-18T12:14:25.486+0700] {processor.py:914} INFO - Processing file /Users/andreasanditya/Downloads/572392_Andreas_AirflowETL/code/.venv/lib/python3.9/site-packages/airflow/example_dags/example_xcom.py for tasks to queue
[2026-09-18T12:14:25.487+0700] {logging_mixin.py:190} INFO - [2026-09-18T12:14:25.486+0700] {dagbag.py:588} INFO - Filling up the DagBag from /Users/andreasanditya/Downloads/572392_Andreas_AirflowETL/code/.venv/lib/python3.9/site-packages/airflow/example_dags/example_xcom.py
[2026-09-18T12:14:25.533+0700] {processor.py:925} INFO - DAG(s) 'example_xcom' retrieved from /Users/andreasanditya/Downloads/572392_Andreas_AirflowETL/code/.venv/lib/python3.9/site-packages/airflow/example_dags/example_xcom.py
[2026-09-18T12:14:25.592+0700] {logging_mixin.py:190} INFO - [2026-09-18T12:14:25.592+0700] {dag.py:3239} INFO - Sync 1 DAGs
[2026-09-18T12:14:25.602+0700] {logging_mixin.py:190} INFO - [2026-09-18T12:14:25.602+0700] {dag.py:4180} INFO - Setting next_dagrun for example_xcom to 2021-01-01 00:00:00+00:00, run_after=2021-01-01 00:00:00+00:00
[2026-09-18T12:14:25.612+0700] {processor.py:208} INFO - Processing /Users/andreasanditya/Downloads/572392_Andreas_AirflowETL/code/.venv/lib/python3.9/site-packages/airflow/example_dags/example_xcom.py took 0.130 seconds
[2026-09-18T12:15:53.061+0700] {processor.py:186} INFO - Started process (PID=48295) to work on /Users/andreasanditya/Downloads/572392_Andreas_AirflowETL/code/.venv/lib/python3.9/site-packages/airflow/example_dags/example_xcom.py
[2026-09-18T12:15:53.063+0700] {processor.py:914} INFO - Processing file /Users/andreasanditya/Downloads/572392_Andreas_AirflowETL/code/.venv/lib/python3.9/site-packages/airflow/example_dags/example_xcom.py for tasks to queue
[2026-09-18T12:15:53.063+0700] {logging_mixin.py:190} INFO - [2026-09-18T12:15:53.063+0700] {dagbag.py:588} INFO - Filling up the DagBag from /Users/andreasanditya/Downloads/572392_Andreas_AirflowETL/code/.venv/lib/python3.9/site-packages/airflow/example_dags/example_xcom.py
[2026-09-18T12:15:53.109+0700] {processor.py:925} INFO - DAG(s) 'example_xcom' retrieved from /Users/andreasanditya/Downloads/572392_Andreas_AirflowETL/code/.venv/lib/python3.9/site-packages/airflow/example_dags/example_xcom.py
[2026-09-18T12:15:53.168+0700] {logging_mixin.py:190} INFO - [2026-09-18T12:15:53.168+0700] {dag.py:3239} INFO - Sync 1 DAGs
[2026-09-18T12:15:53.177+0700] {logging_mixin.py:190} INFO - [2026-09-18T12:15:53.177+0700] {dag.py:4180} INFO - Setting next_dagrun for example_xcom to 2021-01-01 00:00:00+00:00, run_after=2021-01-01 00:00:00+00:00
[2026-09-18T12:15:53.187+0700] {processor.py:208} INFO - Processing /Users/andreasanditya/Downloads/572392_Andreas_AirflowETL/code/.venv/lib/python3.9/site-packages/airflow/example_dags/example_xcom.py took 0.128 seconds
[2026-09-18T12:17:20.890+0700] {processor.py:186} INFO - Started process (PID=49486) to work on /Users/andreasanditya/Downloads/572392_Andreas_AirflowETL/code/.venv/lib/python3.9/site-packages/airflow/example_dags/example_xcom.py
[2026-09-18T12:17:20.891+0700] {processor.py:914} INFO - Processing file /Users/andreasanditya/Downloads/572392_Andreas_AirflowETL/code/.venv/lib/python3.9/site-packages/airflow/example_dags/example_xcom.py for tasks to queue
[2026-09-18T12:17:20.891+0700] {logging_mixin.py:190} INFO - [2026-09-18T12:17:20.891+0700] {dagbag.py:588} INFO - Filling up the DagBag from /Users/andreasanditya/Downloads/572392_Andreas_AirflowETL/code/.venv/lib/python3.9/site-packages/airflow/example_dags/example_xcom.py
[2026-09-18T12:17:20.940+0700] {processor.py:925} INFO - DAG(s) 'example_xcom' retrieved from /Users/andreasanditya/Downloads/572392_Andreas_AirflowETL/code/.venv/lib/python3.9/site-packages/airflow/example_dags/example_xcom.py
[2026-09-18T12:17:21.000+0700] {logging_mixin.py:190} INFO - [2026-09-18T12:17:20.999+0700] {dag.py:3239} INFO - Sync 1 DAGs
[2026-09-18T12:17:21.011+0700] {logging_mixin.py:190} INFO - [2026-09-18T12:17:21.010+0700] {dag.py:4180} INFO - Setting next_dagrun for example_xcom to 2021-01-01 00:00:00+00:00, run_after=2021-01-01 00:00:00+00:00
[2026-09-18T12:17:21.023+0700] {processor.py:208} INFO - Processing /Users/andreasanditya/Downloads/572392_Andreas_AirflowETL/code/.venv/lib/python3.9/site-packages/airflow/example_dags/example_xcom.py took 0.135 seconds
[2026-09-18T12:18:50.461+0700] {processor.py:186} INFO - Started process (PID=51229) to work on /Users/andreasanditya/Downloads/572392_Andreas_AirflowETL/code/.venv/lib/python3.9/site-packages/airflow/example_dags/example_xcom.py
[2026-09-18T12:18:50.462+0700] {processor.py:914} INFO - Processing file /Users/andreasanditya/Downloads/572392_Andreas_AirflowETL/code/.venv/lib/python3.9/site-packages/airflow/example_dags/example_xcom.py for tasks to queue
[2026-09-18T12:18:50.463+0700] {logging_mixin.py:190} INFO - [2026-09-18T12:18:50.463+0700] {dagbag.py:588} INFO - Filling up the DagBag from /Users/andreasanditya/Downloads/572392_Andreas_AirflowETL/code/.venv/lib/python3.9/site-packages/airflow/example_dags/example_xcom.py
[2026-09-18T12:18:50.510+0700] {processor.py:925} INFO - DAG(s) 'example_xcom' retrieved from /Users/andreasanditya/Downloads/572392_Andreas_AirflowETL/code/.venv/lib/python3.9/site-packages/airflow/example_dags/example_xcom.py
[2026-09-18T12:18:50.573+0700] {logging_mixin.py:190} INFO - [2026-09-18T12:18:50.573+0700] {dag.py:3239} INFO - Sync 1 DAGs
[2026-09-18T12:18:50.583+0700] {logging_mixin.py:190} INFO - [2026-09-18T12:18:50.583+0700] {dag.py:4180} INFO - Setting next_dagrun for example_xcom to 2021-01-01 00:00:00+00:00, run_after=2021-01-01 00:00:00+00:00
[2026-09-18T12:18:50.594+0700] {processor.py:208} INFO - Processing /Users/andreasanditya/Downloads/572392_Andreas_AirflowETL/code/.venv/lib/python3.9/site-packages/airflow/example_dags/example_xcom.py took 0.135 seconds
[2026-09-18T12:20:18.493+0700] {processor.py:186} INFO - Started process (PID=52747) to work on /Users/andreasanditya/Downloads/572392_Andreas_AirflowETL/code/.venv/lib/python3.9/site-packages/airflow/example_dags/example_xcom.py
[2026-09-18T12:20:18.494+0700] {processor.py:914} INFO - Processing file /Users/andreasanditya/Downloads/572392_Andreas_AirflowETL/code/.venv/lib/python3.9/site-packages/airflow/example_dags/example_xcom.py for tasks to queue
[2026-09-18T12:20:18.495+0700] {logging_mixin.py:190} INFO - [2026-09-18T12:20:18.494+0700] {dagbag.py:588} INFO - Filling up the DagBag from /Users/andreasanditya/Downloads/572392_Andreas_AirflowETL/code/.venv/lib/python3.9/site-packages/airflow/example_dags/example_xcom.py
[2026-09-18T12:20:18.541+0700] {processor.py:925} INFO - DAG(s) 'example_xcom' retrieved from /Users/andreasanditya/Downloads/572392_Andreas_AirflowETL/code/.venv/lib/python3.9/site-packages/airflow/example_dags/example_xcom.py
[2026-09-18T12:20:18.601+0700] {logging_mixin.py:190} INFO - [2026-09-18T12:20:18.601+0700] {dag.py:3239} INFO - Sync 1 DAGs
[2026-09-18T12:20:18.611+0700] {logging_mixin.py:190} INFO - [2026-09-18T12:20:18.611+0700] {dag.py:4180} INFO - Setting next_dagrun for example_xcom to 2021-01-01 00:00:00+00:00, run_after=2021-01-01 00:00:00+00:00
[2026-09-18T12:20:18.621+0700] {processor.py:208} INFO - Processing /Users/andreasanditya/Downloads/572392_Andreas_AirflowETL/code/.venv/lib/python3.9/site-packages/airflow/example_dags/example_xcom.py took 0.130 seconds
[2026-09-18T12:21:46.294+0700] {processor.py:186} INFO - Started process (PID=53850) to work on /Users/andreasanditya/Downloads/572392_Andreas_AirflowETL/code/.venv/lib/python3.9/site-packages/airflow/example_dags/example_xcom.py
[2026-09-18T12:21:46.295+0700] {processor.py:914} INFO - Processing file /Users/andreasanditya/Downloads/572392_Andreas_AirflowETL/code/.venv/lib/python3.9/site-packages/airflow/example_dags/example_xcom.py for tasks to queue
[2026-09-18T12:21:46.296+0700] {logging_mixin.py:190} INFO - [2026-09-18T12:21:46.296+0700] {dagbag.py:588} INFO - Filling up the DagBag from /Users/andreasanditya/Downloads/572392_Andreas_AirflowETL/code/.venv/lib/python3.9/site-packages/airflow/example_dags/example_xcom.py
[2026-09-18T12:21:46.343+0700] {processor.py:925} INFO - DAG(s) 'example_xcom' retrieved from /Users/andreasanditya/Downloads/572392_Andreas_AirflowETL/code/.venv/lib/python3.9/site-packages/airflow/example_dags/example_xcom.py
[2026-09-18T12:21:46.403+0700] {logging_mixin.py:190} INFO - [2026-09-18T12:21:46.403+0700] {dag.py:3239} INFO - Sync 1 DAGs
[2026-09-18T12:21:46.413+0700] {logging_mixin.py:190} INFO - [2026-09-18T12:21:46.413+0700] {dag.py:4180} INFO - Setting next_dagrun for example_xcom to 2021-01-01 00:00:00+00:00, run_after=2021-01-01 00:00:00+00:00
[2026-09-18T12:21:46.424+0700] {processor.py:208} INFO - Processing /Users/andreasanditya/Downloads/572392_Andreas_AirflowETL/code/.venv/lib/python3.9/site-packages/airflow/example_dags/example_xcom.py took 0.133 seconds
[2026-09-18T12:23:13.273+0700] {processor.py:186} INFO - Started process (PID=54682) to work on /Users/andreasanditya/Downloads/572392_Andreas_AirflowETL/code/.venv/lib/python3.9/site-packages/airflow/example_dags/example_xcom.py
[2026-09-18T12:23:13.275+0700] {processor.py:914} INFO - Processing file /Users/andreasanditya/Downloads/572392_Andreas_AirflowETL/code/.venv/lib/python3.9/site-packages/airflow/example_dags/example_xcom.py for tasks to queue
[2026-09-18T12:23:13.275+0700] {logging_mixin.py:190} INFO - [2026-09-18T12:23:13.275+0700] {dagbag.py:588} INFO - Filling up the DagBag from /Users/andreasanditya/Downloads/572392_Andreas_AirflowETL/code/.venv/lib/python3.9/site-packages/airflow/example_dags/example_xcom.py
[2026-09-18T12:23:13.341+0700] {processor.py:925} INFO - DAG(s) 'example_xcom' retrieved from /Users/andreasanditya/Downloads/572392_Andreas_AirflowETL/code/.venv/lib/python3.9/site-packages/airflow/example_dags/example_xcom.py
[2026-09-18T12:23:13.404+0700] {logging_mixin.py:190} INFO - [2026-09-18T12:23:13.404+0700] {dag.py:3239} INFO - Sync 1 DAGs
[2026-09-18T12:23:13.415+0700] {logging_mixin.py:190} INFO - [2026-09-18T12:23:13.414+0700] {dag.py:4180} INFO - Setting next_dagrun for example_xcom to 2021-01-01 00:00:00+00:00, run_after=2021-01-01 00:00:00+00:00
[2026-09-18T12:23:13.425+0700] {processor.py:208} INFO - Processing /Users/andreasanditya/Downloads/572392_Andreas_AirflowETL/code/.venv/lib/python3.9/site-packages/airflow/example_dags/example_xcom.py took 0.154 seconds
[2026-09-18T12:24:39.394+0700] {processor.py:186} INFO - Started process (PID=55605) to work on /Users/andreasanditya/Downloads/572392_Andreas_AirflowETL/code/.venv/lib/python3.9/site-packages/airflow/example_dags/example_xcom.py
[2026-09-18T12:24:39.395+0700] {processor.py:914} INFO - Processing file /Users/andreasanditya/Downloads/572392_Andreas_AirflowETL/code/.venv/lib/python3.9/site-packages/airflow/example_dags/example_xcom.py for tasks to queue
[2026-09-18T12:24:39.396+0700] {logging_mixin.py:190} INFO - [2026-09-18T12:24:39.396+0700] {dagbag.py:588} INFO - Filling up the DagBag from /Users/andreasanditya/Downloads/572392_Andreas_AirflowETL/code/.venv/lib/python3.9/site-packages/airflow/example_dags/example_xcom.py
[2026-09-18T12:24:39.440+0700] {processor.py:925} INFO - DAG(s) 'example_xcom' retrieved from /Users/andreasanditya/Downloads/572392_Andreas_AirflowETL/code/.venv/lib/python3.9/site-packages/airflow/example_dags/example_xcom.py
[2026-09-18T12:24:39.499+0700] {logging_mixin.py:190} INFO - [2026-09-18T12:24:39.499+0700] {dag.py:3239} INFO - Sync 1 DAGs
[2026-09-18T12:24:39.509+0700] {logging_mixin.py:190} INFO - [2026-09-18T12:24:39.509+0700] {dag.py:4180} INFO - Setting next_dagrun for example_xcom to 2021-01-01 00:00:00+00:00, run_after=2021-01-01 00:00:00+00:00
[2026-09-18T12:24:39.519+0700] {processor.py:208} INFO - Processing /Users/andreasanditya/Downloads/572392_Andreas_AirflowETL/code/.venv/lib/python3.9/site-packages/airflow/example_dags/example_xcom.py took 0.127 seconds
[2026-09-18T12:26:06.107+0700] {processor.py:186} INFO - Started process (PID=56514) to work on /Users/andreasanditya/Downloads/572392_Andreas_AirflowETL/code/.venv/lib/python3.9/site-packages/airflow/example_dags/example_xcom.py
[2026-09-18T12:26:06.108+0700] {processor.py:914} INFO - Processing file /Users/andreasanditya/Downloads/572392_Andreas_AirflowETL/code/.venv/lib/python3.9/site-packages/airflow/example_dags/example_xcom.py for tasks to queue
[2026-09-18T12:26:06.109+0700] {logging_mixin.py:190} INFO - [2026-09-18T12:26:06.109+0700] {dagbag.py:588} INFO - Filling up the DagBag from /Users/andreasanditya/Downloads/572392_Andreas_AirflowETL/code/.venv/lib/python3.9/site-packages/airflow/example_dags/example_xcom.py
[2026-09-18T12:26:06.157+0700] {processor.py:925} INFO - DAG(s) 'example_xcom' retrieved from /Users/andreasanditya/Downloads/572392_Andreas_AirflowETL/code/.venv/lib/python3.9/site-packages/airflow/example_dags/example_xcom.py
[2026-09-18T12:26:06.215+0700] {logging_mixin.py:190} INFO - [2026-09-18T12:26:06.215+0700] {dag.py:3239} INFO - Sync 1 DAGs
[2026-09-18T12:26:06.225+0700] {logging_mixin.py:190} INFO - [2026-09-18T12:26:06.224+0700] {dag.py:4180} INFO - Setting next_dagrun for example_xcom to 2021-01-01 00:00:00+00:00, run_after=2021-01-01 00:00:00+00:00
[2026-09-18T12:26:06.235+0700] {processor.py:208} INFO - Processing /Users/andreasanditya/Downloads/572392_Andreas_AirflowETL/code/.venv/lib/python3.9/site-packages/airflow/example_dags/example_xcom.py took 0.130 seconds
[2026-09-18T12:27:32.777+0700] {processor.py:186} INFO - Started process (PID=57429) to work on /Users/andreasanditya/Downloads/572392_Andreas_AirflowETL/code/.venv/lib/python3.9/site-packages/airflow/example_dags/example_xcom.py
[2026-09-18T12:27:32.778+0700] {processor.py:914} INFO - Processing file /Users/andreasanditya/Downloads/572392_Andreas_AirflowETL/code/.venv/lib/python3.9/site-packages/airflow/example_dags/example_xcom.py for tasks to queue
[2026-09-18T12:27:32.779+0700] {logging_mixin.py:190} INFO - [2026-09-18T12:27:32.779+0700] {dagbag.py:588} INFO - Filling up the DagBag from /Users/andreasanditya/Downloads/572392_Andreas_AirflowETL/code/.venv/lib/python3.9/site-packages/airflow/example_dags/example_xcom.py
[2026-09-18T12:27:32.824+0700] {processor.py:925} INFO - DAG(s) 'example_xcom' retrieved from /Users/andreasanditya/Downloads/572392_Andreas_AirflowETL/code/.venv/lib/python3.9/site-packages/airflow/example_dags/example_xcom.py
[2026-09-18T12:27:32.882+0700] {logging_mixin.py:190} INFO - [2026-09-18T12:27:32.882+0700] {dag.py:3239} INFO - Sync 1 DAGs
[2026-09-18T12:27:32.892+0700] {logging_mixin.py:190} INFO - [2026-09-18T12:27:32.892+0700] {dag.py:4180} INFO - Setting next_dagrun for example_xcom to 2021-01-01 00:00:00+00:00, run_after=2021-01-01 00:00:00+00:00
[2026-09-18T12:27:32.906+0700] {processor.py:208} INFO - Processing /Users/andreasanditya/Downloads/572392_Andreas_AirflowETL/code/.venv/lib/python3.9/site-packages/airflow/example_dags/example_xcom.py took 0.131 seconds
[2026-09-18T12:28:58.581+0700] {processor.py:186} INFO - Started process (PID=58277) to work on /Users/andreasanditya/Downloads/572392_Andreas_AirflowETL/code/.venv/lib/python3.9/site-packages/airflow/example_dags/example_xcom.py
[2026-09-18T12:28:58.582+0700] {processor.py:914} INFO - Processing file /Users/andreasanditya/Downloads/572392_Andreas_AirflowETL/code/.venv/lib/python3.9/site-packages/airflow/example_dags/example_xcom.py for tasks to queue
[2026-09-18T12:28:58.583+0700] {logging_mixin.py:190} INFO - [2026-09-18T12:28:58.582+0700] {dagbag.py:588} INFO - Filling up the DagBag from /Users/andreasanditya/Downloads/572392_Andreas_AirflowETL/code/.venv/lib/python3.9/site-packages/airflow/example_dags/example_xcom.py
[2026-09-18T12:28:58.633+0700] {processor.py:925} INFO - DAG(s) 'example_xcom' retrieved from /Users/andreasanditya/Downloads/572392_Andreas_AirflowETL/code/.venv/lib/python3.9/site-packages/airflow/example_dags/example_xcom.py
[2026-09-18T12:28:58.694+0700] {logging_mixin.py:190} INFO - [2026-09-18T12:28:58.694+0700] {dag.py:3239} INFO - Sync 1 DAGs
[2026-09-18T12:28:58.704+0700] {logging_mixin.py:190} INFO - [2026-09-18T12:28:58.703+0700] {dag.py:4180} INFO - Setting next_dagrun for example_xcom to 2021-01-01 00:00:00+00:00, run_after=2021-01-01 00:00:00+00:00
[2026-09-18T12:28:58.714+0700] {processor.py:208} INFO - Processing /Users/andreasanditya/Downloads/572392_Andreas_AirflowETL/code/.venv/lib/python3.9/site-packages/airflow/example_dags/example_xcom.py took 0.135 seconds
[2026-09-18T12:30:22.180+0700] {processor.py:186} INFO - Started process (PID=59197) to work on /Users/andreasanditya/Downloads/572392_Andreas_AirflowETL/code/.venv/lib/python3.9/site-packages/airflow/example_dags/example_xcom.py
[2026-09-18T12:30:22.182+0700] {processor.py:914} INFO - Processing file /Users/andreasanditya/Downloads/572392_Andreas_AirflowETL/code/.venv/lib/python3.9/site-packages/airflow/example_dags/example_xcom.py for tasks to queue
[2026-09-18T12:30:22.182+0700] {logging_mixin.py:190} INFO - [2026-09-18T12:30:22.182+0700] {dagbag.py:588} INFO - Filling up the DagBag from /Users/andreasanditya/Downloads/572392_Andreas_AirflowETL/code/.venv/lib/python3.9/site-packages/airflow/example_dags/example_xcom.py
[2026-09-18T12:30:22.227+0700] {processor.py:925} INFO - DAG(s) 'example_xcom' retrieved from /Users/andreasanditya/Downloads/572392_Andreas_AirflowETL/code/.venv/lib/python3.9/site-packages/airflow/example_dags/example_xcom.py
[2026-09-18T12:30:22.286+0700] {logging_mixin.py:190} INFO - [2026-09-18T12:30:22.286+0700] {dag.py:3239} INFO - Sync 1 DAGs
[2026-09-18T12:30:22.295+0700] {logging_mixin.py:190} INFO - [2026-09-18T12:30:22.295+0700] {dag.py:4180} INFO - Setting next_dagrun for example_xcom to 2021-01-01 00:00:00+00:00, run_after=2021-01-01 00:00:00+00:00
[2026-09-18T12:30:22.306+0700] {processor.py:208} INFO - Processing /Users/andreasanditya/Downloads/572392_Andreas_AirflowETL/code/.venv/lib/python3.9/site-packages/airflow/example_dags/example_xcom.py took 0.127 seconds
[2026-09-18T12:31:44.431+0700] {processor.py:186} INFO - Started process (PID=60029) to work on /Users/andreasanditya/Downloads/572392_Andreas_AirflowETL/code/.venv/lib/python3.9/site-packages/airflow/example_dags/example_xcom.py
[2026-09-18T12:31:44.432+0700] {processor.py:914} INFO - Processing file /Users/andreasanditya/Downloads/572392_Andreas_AirflowETL/code/.venv/lib/python3.9/site-packages/airflow/example_dags/example_xcom.py for tasks to queue
[2026-09-18T12:31:44.433+0700] {logging_mixin.py:190} INFO - [2026-09-18T12:31:44.433+0700] {dagbag.py:588} INFO - Filling up the DagBag from /Users/andreasanditya/Downloads/572392_Andreas_AirflowETL/code/.venv/lib/python3.9/site-packages/airflow/example_dags/example_xcom.py
[2026-09-18T12:31:44.478+0700] {processor.py:925} INFO - DAG(s) 'example_xcom' retrieved from /Users/andreasanditya/Downloads/572392_Andreas_AirflowETL/code/.venv/lib/python3.9/site-packages/airflow/example_dags/example_xcom.py
[2026-09-18T12:31:44.536+0700] {logging_mixin.py:190} INFO - [2026-09-18T12:31:44.536+0700] {dag.py:3239} INFO - Sync 1 DAGs
[2026-09-18T12:31:44.545+0700] {logging_mixin.py:190} INFO - [2026-09-18T12:31:44.545+0700] {dag.py:4180} INFO - Setting next_dagrun for example_xcom to 2021-01-01 00:00:00+00:00, run_after=2021-01-01 00:00:00+00:00
[2026-09-18T12:31:44.555+0700] {processor.py:208} INFO - Processing /Users/andreasanditya/Downloads/572392_Andreas_AirflowETL/code/.venv/lib/python3.9/site-packages/airflow/example_dags/example_xcom.py took 0.126 seconds
[2026-09-18T12:33:10.299+0700] {processor.py:186} INFO - Started process (PID=60870) to work on /Users/andreasanditya/Downloads/572392_Andreas_AirflowETL/code/.venv/lib/python3.9/site-packages/airflow/example_dags/example_xcom.py
[2026-09-18T12:33:10.300+0700] {processor.py:914} INFO - Processing file /Users/andreasanditya/Downloads/572392_Andreas_AirflowETL/code/.venv/lib/python3.9/site-packages/airflow/example_dags/example_xcom.py for tasks to queue
[2026-09-18T12:33:10.301+0700] {logging_mixin.py:190} INFO - [2026-09-18T12:33:10.301+0700] {dagbag.py:588} INFO - Filling up the DagBag from /Users/andreasanditya/Downloads/572392_Andreas_AirflowETL/code/.venv/lib/python3.9/site-packages/airflow/example_dags/example_xcom.py
[2026-09-18T12:33:10.348+0700] {processor.py:925} INFO - DAG(s) 'example_xcom' retrieved from /Users/andreasanditya/Downloads/572392_Andreas_AirflowETL/code/.venv/lib/python3.9/site-packages/airflow/example_dags/example_xcom.py
[2026-09-18T12:33:10.411+0700] {logging_mixin.py:190} INFO - [2026-09-18T12:33:10.411+0700] {dag.py:3239} INFO - Sync 1 DAGs
[2026-09-18T12:33:10.421+0700] {logging_mixin.py:190} INFO - [2026-09-18T12:33:10.421+0700] {dag.py:4180} INFO - Setting next_dagrun for example_xcom to 2021-01-01 00:00:00+00:00, run_after=2021-01-01 00:00:00+00:00
[2026-09-18T12:33:10.432+0700] {processor.py:208} INFO - Processing /Users/andreasanditya/Downloads/572392_Andreas_AirflowETL/code/.venv/lib/python3.9/site-packages/airflow/example_dags/example_xcom.py took 0.135 seconds
[2026-09-18T12:34:36.428+0700] {processor.py:186} INFO - Started process (PID=61795) to work on /Users/andreasanditya/Downloads/572392_Andreas_AirflowETL/code/.venv/lib/python3.9/site-packages/airflow/example_dags/example_xcom.py
[2026-09-18T12:34:36.429+0700] {processor.py:914} INFO - Processing file /Users/andreasanditya/Downloads/572392_Andreas_AirflowETL/code/.venv/lib/python3.9/site-packages/airflow/example_dags/example_xcom.py for tasks to queue
[2026-09-18T12:34:36.430+0700] {logging_mixin.py:190} INFO - [2026-09-18T12:34:36.430+0700] {dagbag.py:588} INFO - Filling up the DagBag from /Users/andreasanditya/Downloads/572392_Andreas_AirflowETL/code/.venv/lib/python3.9/site-packages/airflow/example_dags/example_xcom.py
[2026-09-18T12:34:36.475+0700] {processor.py:925} INFO - DAG(s) 'example_xcom' retrieved from /Users/andreasanditya/Downloads/572392_Andreas_AirflowETL/code/.venv/lib/python3.9/site-packages/airflow/example_dags/example_xcom.py
[2026-09-18T12:34:36.534+0700] {logging_mixin.py:190} INFO - [2026-09-18T12:34:36.534+0700] {dag.py:3239} INFO - Sync 1 DAGs
[2026-09-18T12:34:36.543+0700] {logging_mixin.py:190} INFO - [2026-09-18T12:34:36.543+0700] {dag.py:4180} INFO - Setting next_dagrun for example_xcom to 2021-01-01 00:00:00+00:00, run_after=2021-01-01 00:00:00+00:00
[2026-09-18T12:34:36.554+0700] {processor.py:208} INFO - Processing /Users/andreasanditya/Downloads/572392_Andreas_AirflowETL/code/.venv/lib/python3.9/site-packages/airflow/example_dags/example_xcom.py took 0.128 seconds
[2026-09-18T12:35:59.960+0700] {processor.py:186} INFO - Started process (PID=62633) to work on /Users/andreasanditya/Downloads/572392_Andreas_AirflowETL/code/.venv/lib/python3.9/site-packages/airflow/example_dags/example_xcom.py
[2026-09-18T12:35:59.961+0700] {processor.py:914} INFO - Processing file /Users/andreasanditya/Downloads/572392_Andreas_AirflowETL/code/.venv/lib/python3.9/site-packages/airflow/example_dags/example_xcom.py for tasks to queue
[2026-09-18T12:35:59.961+0700] {logging_mixin.py:190} INFO - [2026-09-18T12:35:59.961+0700] {dagbag.py:588} INFO - Filling up the DagBag from /Users/andreasanditya/Downloads/572392_Andreas_AirflowETL/code/.venv/lib/python3.9/site-packages/airflow/example_dags/example_xcom.py
[2026-09-18T12:36:00.006+0700] {processor.py:925} INFO - DAG(s) 'example_xcom' retrieved from /Users/andreasanditya/Downloads/572392_Andreas_AirflowETL/code/.venv/lib/python3.9/site-packages/airflow/example_dags/example_xcom.py
[2026-09-18T12:36:00.066+0700] {logging_mixin.py:190} INFO - [2026-09-18T12:36:00.065+0700] {dag.py:3239} INFO - Sync 1 DAGs
[2026-09-18T12:36:00.075+0700] {logging_mixin.py:190} INFO - [2026-09-18T12:36:00.075+0700] {dag.py:4180} INFO - Setting next_dagrun for example_xcom to 2021-01-01 00:00:00+00:00, run_after=2021-01-01 00:00:00+00:00
[2026-09-18T12:36:00.086+0700] {processor.py:208} INFO - Processing /Users/andreasanditya/Downloads/572392_Andreas_AirflowETL/code/.venv/lib/python3.9/site-packages/airflow/example_dags/example_xcom.py took 0.128 seconds
[2026-09-18T12:37:26.751+0700] {processor.py:186} INFO - Started process (PID=63573) to work on /Users/andreasanditya/Downloads/572392_Andreas_AirflowETL/code/.venv/lib/python3.9/site-packages/airflow/example_dags/example_xcom.py
[2026-09-18T12:37:26.753+0700] {processor.py:914} INFO - Processing file /Users/andreasanditya/Downloads/572392_Andreas_AirflowETL/code/.venv/lib/python3.9/site-packages/airflow/example_dags/example_xcom.py for tasks to queue
[2026-09-18T12:37:26.754+0700] {logging_mixin.py:190} INFO - [2026-09-18T12:37:26.754+0700] {dagbag.py:588} INFO - Filling up the DagBag from /Users/andreasanditya/Downloads/572392_Andreas_AirflowETL/code/.venv/lib/python3.9/site-packages/airflow/example_dags/example_xcom.py
[2026-09-18T12:37:26.799+0700] {processor.py:925} INFO - DAG(s) 'example_xcom' retrieved from /Users/andreasanditya/Downloads/572392_Andreas_AirflowETL/code/.venv/lib/python3.9/site-packages/airflow/example_dags/example_xcom.py
[2026-09-18T12:37:26.859+0700] {logging_mixin.py:190} INFO - [2026-09-18T12:37:26.859+0700] {dag.py:3239} INFO - Sync 1 DAGs
[2026-09-18T12:37:26.869+0700] {logging_mixin.py:190} INFO - [2026-09-18T12:37:26.868+0700] {dag.py:4180} INFO - Setting next_dagrun for example_xcom to 2021-01-01 00:00:00+00:00, run_after=2021-01-01 00:00:00+00:00
[2026-09-18T12:37:26.879+0700] {processor.py:208} INFO - Processing /Users/andreasanditya/Downloads/572392_Andreas_AirflowETL/code/.venv/lib/python3.9/site-packages/airflow/example_dags/example_xcom.py took 0.129 seconds
[2026-09-18T12:38:53.811+0700] {processor.py:186} INFO - Started process (PID=64396) to work on /Users/andreasanditya/Downloads/572392_Andreas_AirflowETL/code/.venv/lib/python3.9/site-packages/airflow/example_dags/example_xcom.py
[2026-09-18T12:38:53.812+0700] {processor.py:914} INFO - Processing file /Users/andreasanditya/Downloads/572392_Andreas_AirflowETL/code/.venv/lib/python3.9/site-packages/airflow/example_dags/example_xcom.py for tasks to queue
[2026-09-18T12:38:53.813+0700] {logging_mixin.py:190} INFO - [2026-09-18T12:38:53.813+0700] {dagbag.py:588} INFO - Filling up the DagBag from /Users/andreasanditya/Downloads/572392_Andreas_AirflowETL/code/.venv/lib/python3.9/site-packages/airflow/example_dags/example_xcom.py
[2026-09-18T12:38:53.866+0700] {processor.py:925} INFO - DAG(s) 'example_xcom' retrieved from /Users/andreasanditya/Downloads/572392_Andreas_AirflowETL/code/.venv/lib/python3.9/site-packages/airflow/example_dags/example_xcom.py
[2026-09-18T12:38:53.927+0700] {logging_mixin.py:190} INFO - [2026-09-18T12:38:53.927+0700] {dag.py:3239} INFO - Sync 1 DAGs
[2026-09-18T12:38:53.938+0700] {logging_mixin.py:190} INFO - [2026-09-18T12:38:53.937+0700] {dag.py:4180} INFO - Setting next_dagrun for example_xcom to 2021-01-01 00:00:00+00:00, run_after=2021-01-01 00:00:00+00:00
[2026-09-18T12:38:53.949+0700] {processor.py:208} INFO - Processing /Users/andreasanditya/Downloads/572392_Andreas_AirflowETL/code/.venv/lib/python3.9/site-packages/airflow/example_dags/example_xcom.py took 0.140 seconds
[2026-09-18T12:40:22.022+0700] {processor.py:186} INFO - Started process (PID=65319) to work on /Users/andreasanditya/Downloads/572392_Andreas_AirflowETL/code/.venv/lib/python3.9/site-packages/airflow/example_dags/example_xcom.py
[2026-09-18T12:40:22.023+0700] {processor.py:914} INFO - Processing file /Users/andreasanditya/Downloads/572392_Andreas_AirflowETL/code/.venv/lib/python3.9/site-packages/airflow/example_dags/example_xcom.py for tasks to queue
[2026-09-18T12:40:22.024+0700] {logging_mixin.py:190} INFO - [2026-09-18T12:40:22.024+0700] {dagbag.py:588} INFO - Filling up the DagBag from /Users/andreasanditya/Downloads/572392_Andreas_AirflowETL/code/.venv/lib/python3.9/site-packages/airflow/example_dags/example_xcom.py
[2026-09-18T12:40:22.070+0700] {processor.py:925} INFO - DAG(s) 'example_xcom' retrieved from /Users/andreasanditya/Downloads/572392_Andreas_AirflowETL/code/.venv/lib/python3.9/site-packages/airflow/example_dags/example_xcom.py
[2026-09-18T12:40:22.131+0700] {logging_mixin.py:190} INFO - [2026-09-18T12:40:22.131+0700] {dag.py:3239} INFO - Sync 1 DAGs
[2026-09-18T12:40:22.140+0700] {logging_mixin.py:190} INFO - [2026-09-18T12:40:22.140+0700] {dag.py:4180} INFO - Setting next_dagrun for example_xcom to 2021-01-01 00:00:00+00:00, run_after=2021-01-01 00:00:00+00:00
[2026-09-18T12:40:22.151+0700] {processor.py:208} INFO - Processing /Users/andreasanditya/Downloads/572392_Andreas_AirflowETL/code/.venv/lib/python3.9/site-packages/airflow/example_dags/example_xcom.py took 0.132 seconds
[2026-09-18T12:41:48.873+0700] {processor.py:186} INFO - Started process (PID=66230) to work on /Users/andreasanditya/Downloads/572392_Andreas_AirflowETL/code/.venv/lib/python3.9/site-packages/airflow/example_dags/example_xcom.py
[2026-09-18T12:41:48.874+0700] {processor.py:914} INFO - Processing file /Users/andreasanditya/Downloads/572392_Andreas_AirflowETL/code/.venv/lib/python3.9/site-packages/airflow/example_dags/example_xcom.py for tasks to queue
[2026-09-18T12:41:48.875+0700] {logging_mixin.py:190} INFO - [2026-09-18T12:41:48.875+0700] {dagbag.py:588} INFO - Filling up the DagBag from /Users/andreasanditya/Downloads/572392_Andreas_AirflowETL/code/.venv/lib/python3.9/site-packages/airflow/example_dags/example_xcom.py
[2026-09-18T12:41:48.924+0700] {processor.py:925} INFO - DAG(s) 'example_xcom' retrieved from /Users/andreasanditya/Downloads/572392_Andreas_AirflowETL/code/.venv/lib/python3.9/site-packages/airflow/example_dags/example_xcom.py
[2026-09-18T12:41:48.982+0700] {logging_mixin.py:190} INFO - [2026-09-18T12:41:48.982+0700] {dag.py:3239} INFO - Sync 1 DAGs
[2026-09-18T12:41:48.992+0700] {logging_mixin.py:190} INFO - [2026-09-18T12:41:48.991+0700] {dag.py:4180} INFO - Setting next_dagrun for example_xcom to 2021-01-01 00:00:00+00:00, run_after=2021-01-01 00:00:00+00:00
[2026-09-18T12:41:49.002+0700] {processor.py:208} INFO - Processing /Users/andreasanditya/Downloads/572392_Andreas_AirflowETL/code/.venv/lib/python3.9/site-packages/airflow/example_dags/example_xcom.py took 0.131 seconds
[2026-09-18T12:43:13.010+0700] {processor.py:186} INFO - Started process (PID=67071) to work on /Users/andreasanditya/Downloads/572392_Andreas_AirflowETL/code/.venv/lib/python3.9/site-packages/airflow/example_dags/example_xcom.py
[2026-09-18T12:43:13.011+0700] {processor.py:914} INFO - Processing file /Users/andreasanditya/Downloads/572392_Andreas_AirflowETL/code/.venv/lib/python3.9/site-packages/airflow/example_dags/example_xcom.py for tasks to queue
[2026-09-18T12:43:13.012+0700] {logging_mixin.py:190} INFO - [2026-09-18T12:43:13.012+0700] {dagbag.py:588} INFO - Filling up the DagBag from /Users/andreasanditya/Downloads/572392_Andreas_AirflowETL/code/.venv/lib/python3.9/site-packages/airflow/example_dags/example_xcom.py
[2026-09-18T12:43:13.058+0700] {processor.py:925} INFO - DAG(s) 'example_xcom' retrieved from /Users/andreasanditya/Downloads/572392_Andreas_AirflowETL/code/.venv/lib/python3.9/site-packages/airflow/example_dags/example_xcom.py
[2026-09-18T12:43:13.117+0700] {logging_mixin.py:190} INFO - [2026-09-18T12:43:13.116+0700] {dag.py:3239} INFO - Sync 1 DAGs
[2026-09-18T12:43:13.126+0700] {logging_mixin.py:190} INFO - [2026-09-18T12:43:13.126+0700] {dag.py:4180} INFO - Setting next_dagrun for example_xcom to 2021-01-01 00:00:00+00:00, run_after=2021-01-01 00:00:00+00:00
[2026-09-18T12:43:13.136+0700] {processor.py:208} INFO - Processing /Users/andreasanditya/Downloads/572392_Andreas_AirflowETL/code/.venv/lib/python3.9/site-packages/airflow/example_dags/example_xcom.py took 0.128 seconds
[2026-09-18T12:44:40.247+0700] {processor.py:186} INFO - Started process (PID=67890) to work on /Users/andreasanditya/Downloads/572392_Andreas_AirflowETL/code/.venv/lib/python3.9/site-packages/airflow/example_dags/example_xcom.py
[2026-09-18T12:44:40.248+0700] {processor.py:914} INFO - Processing file /Users/andreasanditya/Downloads/572392_Andreas_AirflowETL/code/.venv/lib/python3.9/site-packages/airflow/example_dags/example_xcom.py for tasks to queue
[2026-09-18T12:44:40.248+0700] {logging_mixin.py:190} INFO - [2026-09-18T12:44:40.248+0700] {dagbag.py:588} INFO - Filling up the DagBag from /Users/andreasanditya/Downloads/572392_Andreas_AirflowETL/code/.venv/lib/python3.9/site-packages/airflow/example_dags/example_xcom.py
[2026-09-18T12:44:40.294+0700] {processor.py:925} INFO - DAG(s) 'example_xcom' retrieved from /Users/andreasanditya/Downloads/572392_Andreas_AirflowETL/code/.venv/lib/python3.9/site-packages/airflow/example_dags/example_xcom.py
[2026-09-18T12:44:40.353+0700] {logging_mixin.py:190} INFO - [2026-09-18T12:44:40.353+0700] {dag.py:3239} INFO - Sync 1 DAGs
[2026-09-18T12:44:40.362+0700] {logging_mixin.py:190} INFO - [2026-09-18T12:44:40.362+0700] {dag.py:4180} INFO - Setting next_dagrun for example_xcom to 2021-01-01 00:00:00+00:00, run_after=2021-01-01 00:00:00+00:00
[2026-09-18T12:44:40.373+0700] {processor.py:208} INFO - Processing /Users/andreasanditya/Downloads/572392_Andreas_AirflowETL/code/.venv/lib/python3.9/site-packages/airflow/example_dags/example_xcom.py took 0.128 seconds
[2026-09-18T12:46:07.093+0700] {processor.py:186} INFO - Started process (PID=68823) to work on /Users/andreasanditya/Downloads/572392_Andreas_AirflowETL/code/.venv/lib/python3.9/site-packages/airflow/example_dags/example_xcom.py
[2026-09-18T12:46:07.094+0700] {processor.py:914} INFO - Processing file /Users/andreasanditya/Downloads/572392_Andreas_AirflowETL/code/.venv/lib/python3.9/site-packages/airflow/example_dags/example_xcom.py for tasks to queue
[2026-09-18T12:46:07.095+0700] {logging_mixin.py:190} INFO - [2026-09-18T12:46:07.095+0700] {dagbag.py:588} INFO - Filling up the DagBag from /Users/andreasanditya/Downloads/572392_Andreas_AirflowETL/code/.venv/lib/python3.9/site-packages/airflow/example_dags/example_xcom.py
[2026-09-18T12:46:07.140+0700] {processor.py:925} INFO - DAG(s) 'example_xcom' retrieved from /Users/andreasanditya/Downloads/572392_Andreas_AirflowETL/code/.venv/lib/python3.9/site-packages/airflow/example_dags/example_xcom.py
[2026-09-18T12:46:07.198+0700] {logging_mixin.py:190} INFO - [2026-09-18T12:46:07.198+0700] {dag.py:3239} INFO - Sync 1 DAGs
[2026-09-18T12:46:07.208+0700] {logging_mixin.py:190} INFO - [2026-09-18T12:46:07.208+0700] {dag.py:4180} INFO - Setting next_dagrun for example_xcom to 2021-01-01 00:00:00+00:00, run_after=2021-01-01 00:00:00+00:00
[2026-09-18T12:46:07.218+0700] {processor.py:208} INFO - Processing /Users/andreasanditya/Downloads/572392_Andreas_AirflowETL/code/.venv/lib/python3.9/site-packages/airflow/example_dags/example_xcom.py took 0.127 seconds
[2026-09-18T12:47:33.659+0700] {processor.py:186} INFO - Started process (PID=69731) to work on /Users/andreasanditya/Downloads/572392_Andreas_AirflowETL/code/.venv/lib/python3.9/site-packages/airflow/example_dags/example_xcom.py
[2026-09-18T12:47:33.660+0700] {processor.py:914} INFO - Processing file /Users/andreasanditya/Downloads/572392_Andreas_AirflowETL/code/.venv/lib/python3.9/site-packages/airflow/example_dags/example_xcom.py for tasks to queue
[2026-09-18T12:47:33.660+0700] {logging_mixin.py:190} INFO - [2026-09-18T12:47:33.660+0700] {dagbag.py:588} INFO - Filling up the DagBag from /Users/andreasanditya/Downloads/572392_Andreas_AirflowETL/code/.venv/lib/python3.9/site-packages/airflow/example_dags/example_xcom.py
[2026-09-18T12:47:33.706+0700] {processor.py:925} INFO - DAG(s) 'example_xcom' retrieved from /Users/andreasanditya/Downloads/572392_Andreas_AirflowETL/code/.venv/lib/python3.9/site-packages/airflow/example_dags/example_xcom.py
[2026-09-18T12:47:33.766+0700] {logging_mixin.py:190} INFO - [2026-09-18T12:47:33.766+0700] {dag.py:3239} INFO - Sync 1 DAGs
[2026-09-18T12:47:33.775+0700] {logging_mixin.py:190} INFO - [2026-09-18T12:47:33.775+0700] {dag.py:4180} INFO - Setting next_dagrun for example_xcom to 2021-01-01 00:00:00+00:00, run_after=2021-01-01 00:00:00+00:00
[2026-09-18T12:47:33.786+0700] {processor.py:208} INFO - Processing /Users/andreasanditya/Downloads/572392_Andreas_AirflowETL/code/.venv/lib/python3.9/site-packages/airflow/example_dags/example_xcom.py took 0.129 seconds
[2026-09-18T12:48:59.349+0700] {processor.py:186} INFO - Started process (PID=70560) to work on /Users/andreasanditya/Downloads/572392_Andreas_AirflowETL/code/.venv/lib/python3.9/site-packages/airflow/example_dags/example_xcom.py
[2026-09-18T12:48:59.352+0700] {processor.py:914} INFO - Processing file /Users/andreasanditya/Downloads/572392_Andreas_AirflowETL/code/.venv/lib/python3.9/site-packages/airflow/example_dags/example_xcom.py for tasks to queue
[2026-09-18T12:48:59.352+0700] {logging_mixin.py:190} INFO - [2026-09-18T12:48:59.352+0700] {dagbag.py:588} INFO - Filling up the DagBag from /Users/andreasanditya/Downloads/572392_Andreas_AirflowETL/code/.venv/lib/python3.9/site-packages/airflow/example_dags/example_xcom.py
[2026-09-18T12:48:59.398+0700] {processor.py:925} INFO - DAG(s) 'example_xcom' retrieved from /Users/andreasanditya/Downloads/572392_Andreas_AirflowETL/code/.venv/lib/python3.9/site-packages/airflow/example_dags/example_xcom.py
[2026-09-18T12:48:59.456+0700] {logging_mixin.py:190} INFO - [2026-09-18T12:48:59.456+0700] {dag.py:3239} INFO - Sync 1 DAGs
[2026-09-18T12:48:59.466+0700] {logging_mixin.py:190} INFO - [2026-09-18T12:48:59.466+0700] {dag.py:4180} INFO - Setting next_dagrun for example_xcom to 2021-01-01 00:00:00+00:00, run_after=2021-01-01 00:00:00+00:00
[2026-09-18T12:48:59.476+0700] {processor.py:208} INFO - Processing /Users/andreasanditya/Downloads/572392_Andreas_AirflowETL/code/.venv/lib/python3.9/site-packages/airflow/example_dags/example_xcom.py took 0.129 seconds
[2026-09-18T12:50:23.359+0700] {processor.py:186} INFO - Started process (PID=71388) to work on /Users/andreasanditya/Downloads/572392_Andreas_AirflowETL/code/.venv/lib/python3.9/site-packages/airflow/example_dags/example_xcom.py
[2026-09-18T12:50:23.360+0700] {processor.py:914} INFO - Processing file /Users/andreasanditya/Downloads/572392_Andreas_AirflowETL/code/.venv/lib/python3.9/site-packages/airflow/example_dags/example_xcom.py for tasks to queue
[2026-09-18T12:50:23.361+0700] {logging_mixin.py:190} INFO - [2026-09-18T12:50:23.361+0700] {dagbag.py:588} INFO - Filling up the DagBag from /Users/andreasanditya/Downloads/572392_Andreas_AirflowETL/code/.venv/lib/python3.9/site-packages/airflow/example_dags/example_xcom.py
[2026-09-18T12:50:23.407+0700] {processor.py:925} INFO - DAG(s) 'example_xcom' retrieved from /Users/andreasanditya/Downloads/572392_Andreas_AirflowETL/code/.venv/lib/python3.9/site-packages/airflow/example_dags/example_xcom.py
[2026-09-18T12:50:23.465+0700] {logging_mixin.py:190} INFO - [2026-09-18T12:50:23.465+0700] {dag.py:3239} INFO - Sync 1 DAGs
[2026-09-18T12:50:23.474+0700] {logging_mixin.py:190} INFO - [2026-09-18T12:50:23.474+0700] {dag.py:4180} INFO - Setting next_dagrun for example_xcom to 2021-01-01 00:00:00+00:00, run_after=2021-01-01 00:00:00+00:00
[2026-09-18T12:50:23.484+0700] {processor.py:208} INFO - Processing /Users/andreasanditya/Downloads/572392_Andreas_AirflowETL/code/.venv/lib/python3.9/site-packages/airflow/example_dags/example_xcom.py took 0.127 seconds
[2026-09-18T12:51:45.625+0700] {processor.py:186} INFO - Started process (PID=72223) to work on /Users/andreasanditya/Downloads/572392_Andreas_AirflowETL/code/.venv/lib/python3.9/site-packages/airflow/example_dags/example_xcom.py
[2026-09-18T12:51:45.626+0700] {processor.py:914} INFO - Processing file /Users/andreasanditya/Downloads/572392_Andreas_AirflowETL/code/.venv/lib/python3.9/site-packages/airflow/example_dags/example_xcom.py for tasks to queue
[2026-09-18T12:51:45.627+0700] {logging_mixin.py:190} INFO - [2026-09-18T12:51:45.627+0700] {dagbag.py:588} INFO - Filling up the DagBag from /Users/andreasanditya/Downloads/572392_Andreas_AirflowETL/code/.venv/lib/python3.9/site-packages/airflow/example_dags/example_xcom.py
[2026-09-18T12:51:45.672+0700] {processor.py:925} INFO - DAG(s) 'example_xcom' retrieved from /Users/andreasanditya/Downloads/572392_Andreas_AirflowETL/code/.venv/lib/python3.9/site-packages/airflow/example_dags/example_xcom.py
[2026-09-18T12:51:45.732+0700] {logging_mixin.py:190} INFO - [2026-09-18T12:51:45.731+0700] {dag.py:3239} INFO - Sync 1 DAGs
[2026-09-18T12:51:45.741+0700] {logging_mixin.py:190} INFO - [2026-09-18T12:51:45.741+0700] {dag.py:4180} INFO - Setting next_dagrun for example_xcom to 2021-01-01 00:00:00+00:00, run_after=2021-01-01 00:00:00+00:00
[2026-09-18T12:51:45.753+0700] {processor.py:208} INFO - Processing /Users/andreasanditya/Downloads/572392_Andreas_AirflowETL/code/.venv/lib/python3.9/site-packages/airflow/example_dags/example_xcom.py took 0.130 seconds
[2026-09-18T12:53:12.614+0700] {processor.py:186} INFO - Started process (PID=73150) to work on /Users/andreasanditya/Downloads/572392_Andreas_AirflowETL/code/.venv/lib/python3.9/site-packages/airflow/example_dags/example_xcom.py
[2026-09-18T12:53:12.617+0700] {processor.py:914} INFO - Processing file /Users/andreasanditya/Downloads/572392_Andreas_AirflowETL/code/.venv/lib/python3.9/site-packages/airflow/example_dags/example_xcom.py for tasks to queue
[2026-09-18T12:53:12.617+0700] {logging_mixin.py:190} INFO - [2026-09-18T12:53:12.617+0700] {dagbag.py:588} INFO - Filling up the DagBag from /Users/andreasanditya/Downloads/572392_Andreas_AirflowETL/code/.venv/lib/python3.9/site-packages/airflow/example_dags/example_xcom.py
[2026-09-18T12:53:12.662+0700] {processor.py:925} INFO - DAG(s) 'example_xcom' retrieved from /Users/andreasanditya/Downloads/572392_Andreas_AirflowETL/code/.venv/lib/python3.9/site-packages/airflow/example_dags/example_xcom.py
[2026-09-18T12:53:12.720+0700] {logging_mixin.py:190} INFO - [2026-09-18T12:53:12.720+0700] {dag.py:3239} INFO - Sync 1 DAGs
[2026-09-18T12:53:12.729+0700] {logging_mixin.py:190} INFO - [2026-09-18T12:53:12.729+0700] {dag.py:4180} INFO - Setting next_dagrun for example_xcom to 2021-01-01 00:00:00+00:00, run_after=2021-01-01 00:00:00+00:00
[2026-09-18T12:53:12.740+0700] {processor.py:208} INFO - Processing /Users/andreasanditya/Downloads/572392_Andreas_AirflowETL/code/.venv/lib/python3.9/site-packages/airflow/example_dags/example_xcom.py took 0.128 seconds
[2026-09-18T12:54:37.580+0700] {processor.py:186} INFO - Started process (PID=73992) to work on /Users/andreasanditya/Downloads/572392_Andreas_AirflowETL/code/.venv/lib/python3.9/site-packages/airflow/example_dags/example_xcom.py
[2026-09-18T12:54:37.581+0700] {processor.py:914} INFO - Processing file /Users/andreasanditya/Downloads/572392_Andreas_AirflowETL/code/.venv/lib/python3.9/site-packages/airflow/example_dags/example_xcom.py for tasks to queue
[2026-09-18T12:54:37.582+0700] {logging_mixin.py:190} INFO - [2026-09-18T12:54:37.582+0700] {dagbag.py:588} INFO - Filling up the DagBag from /Users/andreasanditya/Downloads/572392_Andreas_AirflowETL/code/.venv/lib/python3.9/site-packages/airflow/example_dags/example_xcom.py
[2026-09-18T12:54:37.629+0700] {processor.py:925} INFO - DAG(s) 'example_xcom' retrieved from /Users/andreasanditya/Downloads/572392_Andreas_AirflowETL/code/.venv/lib/python3.9/site-packages/airflow/example_dags/example_xcom.py
[2026-09-18T12:54:37.688+0700] {logging_mixin.py:190} INFO - [2026-09-18T12:54:37.687+0700] {dag.py:3239} INFO - Sync 1 DAGs
[2026-09-18T12:54:37.697+0700] {logging_mixin.py:190} INFO - [2026-09-18T12:54:37.697+0700] {dag.py:4180} INFO - Setting next_dagrun for example_xcom to 2021-01-01 00:00:00+00:00, run_after=2021-01-01 00:00:00+00:00
[2026-09-18T12:54:37.707+0700] {processor.py:208} INFO - Processing /Users/andreasanditya/Downloads/572392_Andreas_AirflowETL/code/.venv/lib/python3.9/site-packages/airflow/example_dags/example_xcom.py took 0.129 seconds
[2026-09-18T12:56:00.871+0700] {processor.py:186} INFO - Started process (PID=74909) to work on /Users/andreasanditya/Downloads/572392_Andreas_AirflowETL/code/.venv/lib/python3.9/site-packages/airflow/example_dags/example_xcom.py
[2026-09-18T12:56:00.872+0700] {processor.py:914} INFO - Processing file /Users/andreasanditya/Downloads/572392_Andreas_AirflowETL/code/.venv/lib/python3.9/site-packages/airflow/example_dags/example_xcom.py for tasks to queue
[2026-09-18T12:56:00.873+0700] {logging_mixin.py:190} INFO - [2026-09-18T12:56:00.873+0700] {dagbag.py:588} INFO - Filling up the DagBag from /Users/andreasanditya/Downloads/572392_Andreas_AirflowETL/code/.venv/lib/python3.9/site-packages/airflow/example_dags/example_xcom.py
[2026-09-18T12:56:00.918+0700] {processor.py:925} INFO - DAG(s) 'example_xcom' retrieved from /Users/andreasanditya/Downloads/572392_Andreas_AirflowETL/code/.venv/lib/python3.9/site-packages/airflow/example_dags/example_xcom.py
[2026-09-18T12:56:00.976+0700] {logging_mixin.py:190} INFO - [2026-09-18T12:56:00.976+0700] {dag.py:3239} INFO - Sync 1 DAGs
[2026-09-18T12:56:00.986+0700] {logging_mixin.py:190} INFO - [2026-09-18T12:56:00.985+0700] {dag.py:4180} INFO - Setting next_dagrun for example_xcom to 2021-01-01 00:00:00+00:00, run_after=2021-01-01 00:00:00+00:00
[2026-09-18T12:56:00.996+0700] {processor.py:208} INFO - Processing /Users/andreasanditya/Downloads/572392_Andreas_AirflowETL/code/.venv/lib/python3.9/site-packages/airflow/example_dags/example_xcom.py took 0.127 seconds
[2026-09-18T12:57:27.512+0700] {processor.py:186} INFO - Started process (PID=75737) to work on /Users/andreasanditya/Downloads/572392_Andreas_AirflowETL/code/.venv/lib/python3.9/site-packages/airflow/example_dags/example_xcom.py
[2026-09-18T12:57:27.514+0700] {processor.py:914} INFO - Processing file /Users/andreasanditya/Downloads/572392_Andreas_AirflowETL/code/.venv/lib/python3.9/site-packages/airflow/example_dags/example_xcom.py for tasks to queue
[2026-09-18T12:57:27.514+0700] {logging_mixin.py:190} INFO - [2026-09-18T12:57:27.514+0700] {dagbag.py:588} INFO - Filling up the DagBag from /Users/andreasanditya/Downloads/572392_Andreas_AirflowETL/code/.venv/lib/python3.9/site-packages/airflow/example_dags/example_xcom.py
[2026-09-18T12:57:27.559+0700] {processor.py:925} INFO - DAG(s) 'example_xcom' retrieved from /Users/andreasanditya/Downloads/572392_Andreas_AirflowETL/code/.venv/lib/python3.9/site-packages/airflow/example_dags/example_xcom.py
[2026-09-18T12:57:27.617+0700] {logging_mixin.py:190} INFO - [2026-09-18T12:57:27.617+0700] {dag.py:3239} INFO - Sync 1 DAGs
[2026-09-18T12:57:27.626+0700] {logging_mixin.py:190} INFO - [2026-09-18T12:57:27.626+0700] {dag.py:4180} INFO - Setting next_dagrun for example_xcom to 2021-01-01 00:00:00+00:00, run_after=2021-01-01 00:00:00+00:00
[2026-09-18T12:57:27.636+0700] {processor.py:208} INFO - Processing /Users/andreasanditya/Downloads/572392_Andreas_AirflowETL/code/.venv/lib/python3.9/site-packages/airflow/example_dags/example_xcom.py took 0.126 seconds
[2026-09-18T12:58:52.304+0700] {processor.py:186} INFO - Started process (PID=76670) to work on /Users/andreasanditya/Downloads/572392_Andreas_AirflowETL/code/.venv/lib/python3.9/site-packages/airflow/example_dags/example_xcom.py
[2026-09-18T12:58:52.306+0700] {processor.py:914} INFO - Processing file /Users/andreasanditya/Downloads/572392_Andreas_AirflowETL/code/.venv/lib/python3.9/site-packages/airflow/example_dags/example_xcom.py for tasks to queue
[2026-09-18T12:58:52.307+0700] {logging_mixin.py:190} INFO - [2026-09-18T12:58:52.307+0700] {dagbag.py:588} INFO - Filling up the DagBag from /Users/andreasanditya/Downloads/572392_Andreas_AirflowETL/code/.venv/lib/python3.9/site-packages/airflow/example_dags/example_xcom.py
[2026-09-18T12:58:52.352+0700] {processor.py:925} INFO - DAG(s) 'example_xcom' retrieved from /Users/andreasanditya/Downloads/572392_Andreas_AirflowETL/code/.venv/lib/python3.9/site-packages/airflow/example_dags/example_xcom.py
[2026-09-18T12:58:52.410+0700] {logging_mixin.py:190} INFO - [2026-09-18T12:58:52.409+0700] {dag.py:3239} INFO - Sync 1 DAGs
[2026-09-18T12:58:52.419+0700] {logging_mixin.py:190} INFO - [2026-09-18T12:58:52.419+0700] {dag.py:4180} INFO - Setting next_dagrun for example_xcom to 2021-01-01 00:00:00+00:00, run_after=2021-01-01 00:00:00+00:00
[2026-09-18T12:58:52.429+0700] {processor.py:208} INFO - Processing /Users/andreasanditya/Downloads/572392_Andreas_AirflowETL/code/.venv/lib/python3.9/site-packages/airflow/example_dags/example_xcom.py took 0.127 seconds
[2026-09-18T13:00:18.185+0700] {processor.py:186} INFO - Started process (PID=77510) to work on /Users/andreasanditya/Downloads/572392_Andreas_AirflowETL/code/.venv/lib/python3.9/site-packages/airflow/example_dags/example_xcom.py
[2026-09-18T13:00:18.187+0700] {processor.py:914} INFO - Processing file /Users/andreasanditya/Downloads/572392_Andreas_AirflowETL/code/.venv/lib/python3.9/site-packages/airflow/example_dags/example_xcom.py for tasks to queue
[2026-09-18T13:00:18.188+0700] {logging_mixin.py:190} INFO - [2026-09-18T13:00:18.187+0700] {dagbag.py:588} INFO - Filling up the DagBag from /Users/andreasanditya/Downloads/572392_Andreas_AirflowETL/code/.venv/lib/python3.9/site-packages/airflow/example_dags/example_xcom.py
[2026-09-18T13:00:18.233+0700] {processor.py:925} INFO - DAG(s) 'example_xcom' retrieved from /Users/andreasanditya/Downloads/572392_Andreas_AirflowETL/code/.venv/lib/python3.9/site-packages/airflow/example_dags/example_xcom.py
[2026-09-18T13:00:18.292+0700] {logging_mixin.py:190} INFO - [2026-09-18T13:00:18.292+0700] {dag.py:3239} INFO - Sync 1 DAGs
[2026-09-18T13:00:18.301+0700] {logging_mixin.py:190} INFO - [2026-09-18T13:00:18.301+0700] {dag.py:4180} INFO - Setting next_dagrun for example_xcom to 2021-01-01 00:00:00+00:00, run_after=2021-01-01 00:00:00+00:00
[2026-09-18T13:00:18.312+0700] {processor.py:208} INFO - Processing /Users/andreasanditya/Downloads/572392_Andreas_AirflowETL/code/.venv/lib/python3.9/site-packages/airflow/example_dags/example_xcom.py took 0.128 seconds
[2026-09-18T13:01:45.652+0700] {processor.py:186} INFO - Started process (PID=78423) to work on /Users/andreasanditya/Downloads/572392_Andreas_AirflowETL/code/.venv/lib/python3.9/site-packages/airflow/example_dags/example_xcom.py
[2026-09-18T13:01:45.653+0700] {processor.py:914} INFO - Processing file /Users/andreasanditya/Downloads/572392_Andreas_AirflowETL/code/.venv/lib/python3.9/site-packages/airflow/example_dags/example_xcom.py for tasks to queue
[2026-09-18T13:01:45.654+0700] {logging_mixin.py:190} INFO - [2026-09-18T13:01:45.654+0700] {dagbag.py:588} INFO - Filling up the DagBag from /Users/andreasanditya/Downloads/572392_Andreas_AirflowETL/code/.venv/lib/python3.9/site-packages/airflow/example_dags/example_xcom.py
[2026-09-18T13:01:45.699+0700] {processor.py:925} INFO - DAG(s) 'example_xcom' retrieved from /Users/andreasanditya/Downloads/572392_Andreas_AirflowETL/code/.venv/lib/python3.9/site-packages/airflow/example_dags/example_xcom.py
[2026-09-18T13:01:45.757+0700] {logging_mixin.py:190} INFO - [2026-09-18T13:01:45.757+0700] {dag.py:3239} INFO - Sync 1 DAGs
[2026-09-18T13:01:45.767+0700] {logging_mixin.py:190} INFO - [2026-09-18T13:01:45.767+0700] {dag.py:4180} INFO - Setting next_dagrun for example_xcom to 2021-01-01 00:00:00+00:00, run_after=2021-01-01 00:00:00+00:00
[2026-09-18T13:01:45.777+0700] {processor.py:208} INFO - Processing /Users/andreasanditya/Downloads/572392_Andreas_AirflowETL/code/.venv/lib/python3.9/site-packages/airflow/example_dags/example_xcom.py took 0.126 seconds
[2026-09-18T13:03:10.474+0700] {processor.py:186} INFO - Started process (PID=79269) to work on /Users/andreasanditya/Downloads/572392_Andreas_AirflowETL/code/.venv/lib/python3.9/site-packages/airflow/example_dags/example_xcom.py
[2026-09-18T13:03:10.475+0700] {processor.py:914} INFO - Processing file /Users/andreasanditya/Downloads/572392_Andreas_AirflowETL/code/.venv/lib/python3.9/site-packages/airflow/example_dags/example_xcom.py for tasks to queue
[2026-09-18T13:03:10.476+0700] {logging_mixin.py:190} INFO - [2026-09-18T13:03:10.476+0700] {dagbag.py:588} INFO - Filling up the DagBag from /Users/andreasanditya/Downloads/572392_Andreas_AirflowETL/code/.venv/lib/python3.9/site-packages/airflow/example_dags/example_xcom.py
[2026-09-18T13:03:10.521+0700] {processor.py:925} INFO - DAG(s) 'example_xcom' retrieved from /Users/andreasanditya/Downloads/572392_Andreas_AirflowETL/code/.venv/lib/python3.9/site-packages/airflow/example_dags/example_xcom.py
[2026-09-18T13:03:10.580+0700] {logging_mixin.py:190} INFO - [2026-09-18T13:03:10.579+0700] {dag.py:3239} INFO - Sync 1 DAGs
[2026-09-18T13:03:10.589+0700] {logging_mixin.py:190} INFO - [2026-09-18T13:03:10.589+0700] {dag.py:4180} INFO - Setting next_dagrun for example_xcom to 2021-01-01 00:00:00+00:00, run_after=2021-01-01 00:00:00+00:00
[2026-09-18T13:03:10.601+0700] {processor.py:208} INFO - Processing /Users/andreasanditya/Downloads/572392_Andreas_AirflowETL/code/.venv/lib/python3.9/site-packages/airflow/example_dags/example_xcom.py took 0.129 seconds
[2026-09-18T13:04:38.828+0700] {processor.py:186} INFO - Started process (PID=80198) to work on /Users/andreasanditya/Downloads/572392_Andreas_AirflowETL/code/.venv/lib/python3.9/site-packages/airflow/example_dags/example_xcom.py
[2026-09-18T13:04:38.829+0700] {processor.py:914} INFO - Processing file /Users/andreasanditya/Downloads/572392_Andreas_AirflowETL/code/.venv/lib/python3.9/site-packages/airflow/example_dags/example_xcom.py for tasks to queue
[2026-09-18T13:04:38.830+0700] {logging_mixin.py:190} INFO - [2026-09-18T13:04:38.830+0700] {dagbag.py:588} INFO - Filling up the DagBag from /Users/andreasanditya/Downloads/572392_Andreas_AirflowETL/code/.venv/lib/python3.9/site-packages/airflow/example_dags/example_xcom.py
[2026-09-18T13:04:38.876+0700] {processor.py:925} INFO - DAG(s) 'example_xcom' retrieved from /Users/andreasanditya/Downloads/572392_Andreas_AirflowETL/code/.venv/lib/python3.9/site-packages/airflow/example_dags/example_xcom.py
[2026-09-18T13:04:38.934+0700] {logging_mixin.py:190} INFO - [2026-09-18T13:04:38.934+0700] {dag.py:3239} INFO - Sync 1 DAGs
[2026-09-18T13:04:38.943+0700] {logging_mixin.py:190} INFO - [2026-09-18T13:04:38.943+0700] {dag.py:4180} INFO - Setting next_dagrun for example_xcom to 2021-01-01 00:00:00+00:00, run_after=2021-01-01 00:00:00+00:00
[2026-09-18T13:04:38.954+0700] {processor.py:208} INFO - Processing /Users/andreasanditya/Downloads/572392_Andreas_AirflowETL/code/.venv/lib/python3.9/site-packages/airflow/example_dags/example_xcom.py took 0.127 seconds
[2026-09-18T13:06:03.282+0700] {processor.py:186} INFO - Started process (PID=81035) to work on /Users/andreasanditya/Downloads/572392_Andreas_AirflowETL/code/.venv/lib/python3.9/site-packages/airflow/example_dags/example_xcom.py
[2026-09-18T13:06:03.284+0700] {processor.py:914} INFO - Processing file /Users/andreasanditya/Downloads/572392_Andreas_AirflowETL/code/.venv/lib/python3.9/site-packages/airflow/example_dags/example_xcom.py for tasks to queue
[2026-09-18T13:06:03.284+0700] {logging_mixin.py:190} INFO - [2026-09-18T13:06:03.284+0700] {dagbag.py:588} INFO - Filling up the DagBag from /Users/andreasanditya/Downloads/572392_Andreas_AirflowETL/code/.venv/lib/python3.9/site-packages/airflow/example_dags/example_xcom.py
[2026-09-18T13:06:03.330+0700] {processor.py:925} INFO - DAG(s) 'example_xcom' retrieved from /Users/andreasanditya/Downloads/572392_Andreas_AirflowETL/code/.venv/lib/python3.9/site-packages/airflow/example_dags/example_xcom.py
[2026-09-18T13:06:03.388+0700] {logging_mixin.py:190} INFO - [2026-09-18T13:06:03.388+0700] {dag.py:3239} INFO - Sync 1 DAGs
[2026-09-18T13:06:03.398+0700] {logging_mixin.py:190} INFO - [2026-09-18T13:06:03.397+0700] {dag.py:4180} INFO - Setting next_dagrun for example_xcom to 2021-01-01 00:00:00+00:00, run_after=2021-01-01 00:00:00+00:00
[2026-09-18T13:06:03.408+0700] {processor.py:208} INFO - Processing /Users/andreasanditya/Downloads/572392_Andreas_AirflowETL/code/.venv/lib/python3.9/site-packages/airflow/example_dags/example_xcom.py took 0.128 seconds
[2026-09-18T13:07:26.424+0700] {processor.py:186} INFO - Started process (PID=81863) to work on /Users/andreasanditya/Downloads/572392_Andreas_AirflowETL/code/.venv/lib/python3.9/site-packages/airflow/example_dags/example_xcom.py
[2026-09-18T13:07:26.425+0700] {processor.py:914} INFO - Processing file /Users/andreasanditya/Downloads/572392_Andreas_AirflowETL/code/.venv/lib/python3.9/site-packages/airflow/example_dags/example_xcom.py for tasks to queue
[2026-09-18T13:07:26.426+0700] {logging_mixin.py:190} INFO - [2026-09-18T13:07:26.426+0700] {dagbag.py:588} INFO - Filling up the DagBag from /Users/andreasanditya/Downloads/572392_Andreas_AirflowETL/code/.venv/lib/python3.9/site-packages/airflow/example_dags/example_xcom.py
[2026-09-18T13:07:26.471+0700] {processor.py:925} INFO - DAG(s) 'example_xcom' retrieved from /Users/andreasanditya/Downloads/572392_Andreas_AirflowETL/code/.venv/lib/python3.9/site-packages/airflow/example_dags/example_xcom.py
[2026-09-18T13:07:26.529+0700] {logging_mixin.py:190} INFO - [2026-09-18T13:07:26.529+0700] {dag.py:3239} INFO - Sync 1 DAGs
[2026-09-18T13:07:26.539+0700] {logging_mixin.py:190} INFO - [2026-09-18T13:07:26.539+0700] {dag.py:4180} INFO - Setting next_dagrun for example_xcom to 2021-01-01 00:00:00+00:00, run_after=2021-01-01 00:00:00+00:00
[2026-09-18T13:07:26.549+0700] {processor.py:208} INFO - Processing /Users/andreasanditya/Downloads/572392_Andreas_AirflowETL/code/.venv/lib/python3.9/site-packages/airflow/example_dags/example_xcom.py took 0.126 seconds
[2026-09-18T13:08:50.401+0700] {processor.py:186} INFO - Started process (PID=82781) to work on /Users/andreasanditya/Downloads/572392_Andreas_AirflowETL/code/.venv/lib/python3.9/site-packages/airflow/example_dags/example_xcom.py
[2026-09-18T13:08:50.402+0700] {processor.py:914} INFO - Processing file /Users/andreasanditya/Downloads/572392_Andreas_AirflowETL/code/.venv/lib/python3.9/site-packages/airflow/example_dags/example_xcom.py for tasks to queue
[2026-09-18T13:08:50.403+0700] {logging_mixin.py:190} INFO - [2026-09-18T13:08:50.403+0700] {dagbag.py:588} INFO - Filling up the DagBag from /Users/andreasanditya/Downloads/572392_Andreas_AirflowETL/code/.venv/lib/python3.9/site-packages/airflow/example_dags/example_xcom.py
[2026-09-18T13:08:50.448+0700] {processor.py:925} INFO - DAG(s) 'example_xcom' retrieved from /Users/andreasanditya/Downloads/572392_Andreas_AirflowETL/code/.venv/lib/python3.9/site-packages/airflow/example_dags/example_xcom.py
[2026-09-18T13:08:50.506+0700] {logging_mixin.py:190} INFO - [2026-09-18T13:08:50.506+0700] {dag.py:3239} INFO - Sync 1 DAGs
[2026-09-18T13:08:50.515+0700] {logging_mixin.py:190} INFO - [2026-09-18T13:08:50.515+0700] {dag.py:4180} INFO - Setting next_dagrun for example_xcom to 2021-01-01 00:00:00+00:00, run_after=2021-01-01 00:00:00+00:00
[2026-09-18T13:08:50.525+0700] {processor.py:208} INFO - Processing /Users/andreasanditya/Downloads/572392_Andreas_AirflowETL/code/.venv/lib/python3.9/site-packages/airflow/example_dags/example_xcom.py took 0.126 seconds
[2026-09-18T13:10:17.335+0700] {processor.py:186} INFO - Started process (PID=83621) to work on /Users/andreasanditya/Downloads/572392_Andreas_AirflowETL/code/.venv/lib/python3.9/site-packages/airflow/example_dags/example_xcom.py
[2026-09-18T13:10:17.336+0700] {processor.py:914} INFO - Processing file /Users/andreasanditya/Downloads/572392_Andreas_AirflowETL/code/.venv/lib/python3.9/site-packages/airflow/example_dags/example_xcom.py for tasks to queue
[2026-09-18T13:10:17.337+0700] {logging_mixin.py:190} INFO - [2026-09-18T13:10:17.337+0700] {dagbag.py:588} INFO - Filling up the DagBag from /Users/andreasanditya/Downloads/572392_Andreas_AirflowETL/code/.venv/lib/python3.9/site-packages/airflow/example_dags/example_xcom.py
[2026-09-18T13:10:17.383+0700] {processor.py:925} INFO - DAG(s) 'example_xcom' retrieved from /Users/andreasanditya/Downloads/572392_Andreas_AirflowETL/code/.venv/lib/python3.9/site-packages/airflow/example_dags/example_xcom.py
[2026-09-18T13:10:17.442+0700] {logging_mixin.py:190} INFO - [2026-09-18T13:10:17.442+0700] {dag.py:3239} INFO - Sync 1 DAGs
[2026-09-18T13:10:17.451+0700] {logging_mixin.py:190} INFO - [2026-09-18T13:10:17.451+0700] {dag.py:4180} INFO - Setting next_dagrun for example_xcom to 2021-01-01 00:00:00+00:00, run_after=2021-01-01 00:00:00+00:00
[2026-09-18T13:10:17.461+0700] {processor.py:208} INFO - Processing /Users/andreasanditya/Downloads/572392_Andreas_AirflowETL/code/.venv/lib/python3.9/site-packages/airflow/example_dags/example_xcom.py took 0.128 seconds
[2026-09-18T13:11:44.460+0700] {processor.py:186} INFO - Started process (PID=84550) to work on /Users/andreasanditya/Downloads/572392_Andreas_AirflowETL/code/.venv/lib/python3.9/site-packages/airflow/example_dags/example_xcom.py
[2026-09-18T13:11:44.462+0700] {processor.py:914} INFO - Processing file /Users/andreasanditya/Downloads/572392_Andreas_AirflowETL/code/.venv/lib/python3.9/site-packages/airflow/example_dags/example_xcom.py for tasks to queue
[2026-09-18T13:11:44.462+0700] {logging_mixin.py:190} INFO - [2026-09-18T13:11:44.462+0700] {dagbag.py:588} INFO - Filling up the DagBag from /Users/andreasanditya/Downloads/572392_Andreas_AirflowETL/code/.venv/lib/python3.9/site-packages/airflow/example_dags/example_xcom.py
[2026-09-18T13:11:44.507+0700] {processor.py:925} INFO - DAG(s) 'example_xcom' retrieved from /Users/andreasanditya/Downloads/572392_Andreas_AirflowETL/code/.venv/lib/python3.9/site-packages/airflow/example_dags/example_xcom.py
[2026-09-18T13:11:44.565+0700] {logging_mixin.py:190} INFO - [2026-09-18T13:11:44.565+0700] {dag.py:3239} INFO - Sync 1 DAGs
[2026-09-18T13:11:44.574+0700] {logging_mixin.py:190} INFO - [2026-09-18T13:11:44.574+0700] {dag.py:4180} INFO - Setting next_dagrun for example_xcom to 2021-01-01 00:00:00+00:00, run_after=2021-01-01 00:00:00+00:00
[2026-09-18T13:11:44.585+0700] {processor.py:208} INFO - Processing /Users/andreasanditya/Downloads/572392_Andreas_AirflowETL/code/.venv/lib/python3.9/site-packages/airflow/example_dags/example_xcom.py took 0.127 seconds
[2026-09-18T13:13:10.343+0700] {processor.py:186} INFO - Started process (PID=85377) to work on /Users/andreasanditya/Downloads/572392_Andreas_AirflowETL/code/.venv/lib/python3.9/site-packages/airflow/example_dags/example_xcom.py
[2026-09-18T13:13:10.345+0700] {processor.py:914} INFO - Processing file /Users/andreasanditya/Downloads/572392_Andreas_AirflowETL/code/.venv/lib/python3.9/site-packages/airflow/example_dags/example_xcom.py for tasks to queue
[2026-09-18T13:13:10.345+0700] {logging_mixin.py:190} INFO - [2026-09-18T13:13:10.345+0700] {dagbag.py:588} INFO - Filling up the DagBag from /Users/andreasanditya/Downloads/572392_Andreas_AirflowETL/code/.venv/lib/python3.9/site-packages/airflow/example_dags/example_xcom.py
[2026-09-18T13:13:10.393+0700] {processor.py:925} INFO - DAG(s) 'example_xcom' retrieved from /Users/andreasanditya/Downloads/572392_Andreas_AirflowETL/code/.venv/lib/python3.9/site-packages/airflow/example_dags/example_xcom.py
[2026-09-18T13:13:10.454+0700] {logging_mixin.py:190} INFO - [2026-09-18T13:13:10.454+0700] {dag.py:3239} INFO - Sync 1 DAGs
[2026-09-18T13:13:10.464+0700] {logging_mixin.py:190} INFO - [2026-09-18T13:13:10.463+0700] {dag.py:4180} INFO - Setting next_dagrun for example_xcom to 2021-01-01 00:00:00+00:00, run_after=2021-01-01 00:00:00+00:00
[2026-09-18T13:13:10.474+0700] {processor.py:208} INFO - Processing /Users/andreasanditya/Downloads/572392_Andreas_AirflowETL/code/.venv/lib/python3.9/site-packages/airflow/example_dags/example_xcom.py took 0.133 seconds
[2026-09-18T13:14:35.905+0700] {processor.py:186} INFO - Started process (PID=86289) to work on /Users/andreasanditya/Downloads/572392_Andreas_AirflowETL/code/.venv/lib/python3.9/site-packages/airflow/example_dags/example_xcom.py
[2026-09-18T13:14:35.907+0700] {processor.py:914} INFO - Processing file /Users/andreasanditya/Downloads/572392_Andreas_AirflowETL/code/.venv/lib/python3.9/site-packages/airflow/example_dags/example_xcom.py for tasks to queue
[2026-09-18T13:14:35.908+0700] {logging_mixin.py:190} INFO - [2026-09-18T13:14:35.907+0700] {dagbag.py:588} INFO - Filling up the DagBag from /Users/andreasanditya/Downloads/572392_Andreas_AirflowETL/code/.venv/lib/python3.9/site-packages/airflow/example_dags/example_xcom.py
[2026-09-18T13:14:35.952+0700] {processor.py:925} INFO - DAG(s) 'example_xcom' retrieved from /Users/andreasanditya/Downloads/572392_Andreas_AirflowETL/code/.venv/lib/python3.9/site-packages/airflow/example_dags/example_xcom.py
[2026-09-18T13:14:36.011+0700] {logging_mixin.py:190} INFO - [2026-09-18T13:14:36.011+0700] {dag.py:3239} INFO - Sync 1 DAGs
[2026-09-18T13:14:36.021+0700] {logging_mixin.py:190} INFO - [2026-09-18T13:14:36.020+0700] {dag.py:4180} INFO - Setting next_dagrun for example_xcom to 2021-01-01 00:00:00+00:00, run_after=2021-01-01 00:00:00+00:00
[2026-09-18T13:14:36.031+0700] {processor.py:208} INFO - Processing /Users/andreasanditya/Downloads/572392_Andreas_AirflowETL/code/.venv/lib/python3.9/site-packages/airflow/example_dags/example_xcom.py took 0.128 seconds
[2026-09-18T13:16:03.058+0700] {processor.py:186} INFO - Started process (PID=87128) to work on /Users/andreasanditya/Downloads/572392_Andreas_AirflowETL/code/.venv/lib/python3.9/site-packages/airflow/example_dags/example_xcom.py
[2026-09-18T13:16:03.059+0700] {processor.py:914} INFO - Processing file /Users/andreasanditya/Downloads/572392_Andreas_AirflowETL/code/.venv/lib/python3.9/site-packages/airflow/example_dags/example_xcom.py for tasks to queue
[2026-09-18T13:16:03.059+0700] {logging_mixin.py:190} INFO - [2026-09-18T13:16:03.059+0700] {dagbag.py:588} INFO - Filling up the DagBag from /Users/andreasanditya/Downloads/572392_Andreas_AirflowETL/code/.venv/lib/python3.9/site-packages/airflow/example_dags/example_xcom.py
[2026-09-18T13:16:03.104+0700] {processor.py:925} INFO - DAG(s) 'example_xcom' retrieved from /Users/andreasanditya/Downloads/572392_Andreas_AirflowETL/code/.venv/lib/python3.9/site-packages/airflow/example_dags/example_xcom.py
[2026-09-18T13:16:03.163+0700] {logging_mixin.py:190} INFO - [2026-09-18T13:16:03.163+0700] {dag.py:3239} INFO - Sync 1 DAGs
[2026-09-18T13:16:03.173+0700] {logging_mixin.py:190} INFO - [2026-09-18T13:16:03.173+0700] {dag.py:4180} INFO - Setting next_dagrun for example_xcom to 2021-01-01 00:00:00+00:00, run_after=2021-01-01 00:00:00+00:00
[2026-09-18T13:16:03.183+0700] {processor.py:208} INFO - Processing /Users/andreasanditya/Downloads/572392_Andreas_AirflowETL/code/.venv/lib/python3.9/site-packages/airflow/example_dags/example_xcom.py took 0.128 seconds
[2026-09-18T13:17:28.425+0700] {processor.py:186} INFO - Started process (PID=88037) to work on /Users/andreasanditya/Downloads/572392_Andreas_AirflowETL/code/.venv/lib/python3.9/site-packages/airflow/example_dags/example_xcom.py
[2026-09-18T13:17:28.427+0700] {processor.py:914} INFO - Processing file /Users/andreasanditya/Downloads/572392_Andreas_AirflowETL/code/.venv/lib/python3.9/site-packages/airflow/example_dags/example_xcom.py for tasks to queue
[2026-09-18T13:17:28.428+0700] {logging_mixin.py:190} INFO - [2026-09-18T13:17:28.427+0700] {dagbag.py:588} INFO - Filling up the DagBag from /Users/andreasanditya/Downloads/572392_Andreas_AirflowETL/code/.venv/lib/python3.9/site-packages/airflow/example_dags/example_xcom.py
[2026-09-18T13:17:28.472+0700] {processor.py:925} INFO - DAG(s) 'example_xcom' retrieved from /Users/andreasanditya/Downloads/572392_Andreas_AirflowETL/code/.venv/lib/python3.9/site-packages/airflow/example_dags/example_xcom.py
[2026-09-18T13:17:28.531+0700] {logging_mixin.py:190} INFO - [2026-09-18T13:17:28.530+0700] {dag.py:3239} INFO - Sync 1 DAGs
[2026-09-18T13:17:28.541+0700] {logging_mixin.py:190} INFO - [2026-09-18T13:17:28.541+0700] {dag.py:4180} INFO - Setting next_dagrun for example_xcom to 2021-01-01 00:00:00+00:00, run_after=2021-01-01 00:00:00+00:00
[2026-09-18T13:17:28.551+0700] {processor.py:208} INFO - Processing /Users/andreasanditya/Downloads/572392_Andreas_AirflowETL/code/.venv/lib/python3.9/site-packages/airflow/example_dags/example_xcom.py took 0.127 seconds
[2026-09-18T13:18:54.051+0700] {processor.py:186} INFO - Started process (PID=88857) to work on /Users/andreasanditya/Downloads/572392_Andreas_AirflowETL/code/.venv/lib/python3.9/site-packages/airflow/example_dags/example_xcom.py
[2026-09-18T13:18:54.052+0700] {processor.py:914} INFO - Processing file /Users/andreasanditya/Downloads/572392_Andreas_AirflowETL/code/.venv/lib/python3.9/site-packages/airflow/example_dags/example_xcom.py for tasks to queue
[2026-09-18T13:18:54.053+0700] {logging_mixin.py:190} INFO - [2026-09-18T13:18:54.053+0700] {dagbag.py:588} INFO - Filling up the DagBag from /Users/andreasanditya/Downloads/572392_Andreas_AirflowETL/code/.venv/lib/python3.9/site-packages/airflow/example_dags/example_xcom.py
[2026-09-18T13:18:54.098+0700] {processor.py:925} INFO - DAG(s) 'example_xcom' retrieved from /Users/andreasanditya/Downloads/572392_Andreas_AirflowETL/code/.venv/lib/python3.9/site-packages/airflow/example_dags/example_xcom.py
[2026-09-18T13:18:54.158+0700] {logging_mixin.py:190} INFO - [2026-09-18T13:18:54.158+0700] {dag.py:3239} INFO - Sync 1 DAGs
[2026-09-18T13:18:54.169+0700] {logging_mixin.py:190} INFO - [2026-09-18T13:18:54.168+0700] {dag.py:4180} INFO - Setting next_dagrun for example_xcom to 2021-01-01 00:00:00+00:00, run_after=2021-01-01 00:00:00+00:00
[2026-09-18T13:18:54.179+0700] {processor.py:208} INFO - Processing /Users/andreasanditya/Downloads/572392_Andreas_AirflowETL/code/.venv/lib/python3.9/site-packages/airflow/example_dags/example_xcom.py took 0.130 seconds
[2026-09-18T13:20:18.950+0700] {processor.py:186} INFO - Started process (PID=89773) to work on /Users/andreasanditya/Downloads/572392_Andreas_AirflowETL/code/.venv/lib/python3.9/site-packages/airflow/example_dags/example_xcom.py
[2026-09-18T13:20:18.951+0700] {processor.py:914} INFO - Processing file /Users/andreasanditya/Downloads/572392_Andreas_AirflowETL/code/.venv/lib/python3.9/site-packages/airflow/example_dags/example_xcom.py for tasks to queue
[2026-09-18T13:20:18.952+0700] {logging_mixin.py:190} INFO - [2026-09-18T13:20:18.952+0700] {dagbag.py:588} INFO - Filling up the DagBag from /Users/andreasanditya/Downloads/572392_Andreas_AirflowETL/code/.venv/lib/python3.9/site-packages/airflow/example_dags/example_xcom.py
[2026-09-18T13:20:18.996+0700] {processor.py:925} INFO - DAG(s) 'example_xcom' retrieved from /Users/andreasanditya/Downloads/572392_Andreas_AirflowETL/code/.venv/lib/python3.9/site-packages/airflow/example_dags/example_xcom.py
[2026-09-18T13:20:19.055+0700] {logging_mixin.py:190} INFO - [2026-09-18T13:20:19.055+0700] {dag.py:3239} INFO - Sync 1 DAGs
[2026-09-18T13:20:19.065+0700] {logging_mixin.py:190} INFO - [2026-09-18T13:20:19.064+0700] {dag.py:4180} INFO - Setting next_dagrun for example_xcom to 2021-01-01 00:00:00+00:00, run_after=2021-01-01 00:00:00+00:00
[2026-09-18T13:20:19.075+0700] {processor.py:208} INFO - Processing /Users/andreasanditya/Downloads/572392_Andreas_AirflowETL/code/.venv/lib/python3.9/site-packages/airflow/example_dags/example_xcom.py took 0.127 seconds
[2026-09-18T13:21:43.305+0700] {processor.py:186} INFO - Started process (PID=90607) to work on /Users/andreasanditya/Downloads/572392_Andreas_AirflowETL/code/.venv/lib/python3.9/site-packages/airflow/example_dags/example_xcom.py
[2026-09-18T13:21:43.307+0700] {processor.py:914} INFO - Processing file /Users/andreasanditya/Downloads/572392_Andreas_AirflowETL/code/.venv/lib/python3.9/site-packages/airflow/example_dags/example_xcom.py for tasks to queue
[2026-09-18T13:21:43.307+0700] {logging_mixin.py:190} INFO - [2026-09-18T13:21:43.307+0700] {dagbag.py:588} INFO - Filling up the DagBag from /Users/andreasanditya/Downloads/572392_Andreas_AirflowETL/code/.venv/lib/python3.9/site-packages/airflow/example_dags/example_xcom.py
[2026-09-18T13:21:43.352+0700] {processor.py:925} INFO - DAG(s) 'example_xcom' retrieved from /Users/andreasanditya/Downloads/572392_Andreas_AirflowETL/code/.venv/lib/python3.9/site-packages/airflow/example_dags/example_xcom.py
[2026-09-18T13:21:43.415+0700] {logging_mixin.py:190} INFO - [2026-09-18T13:21:43.415+0700] {dag.py:3239} INFO - Sync 1 DAGs
[2026-09-18T13:21:43.424+0700] {logging_mixin.py:190} INFO - [2026-09-18T13:21:43.424+0700] {dag.py:4180} INFO - Setting next_dagrun for example_xcom to 2021-01-01 00:00:00+00:00, run_after=2021-01-01 00:00:00+00:00
[2026-09-18T13:21:43.434+0700] {processor.py:208} INFO - Processing /Users/andreasanditya/Downloads/572392_Andreas_AirflowETL/code/.venv/lib/python3.9/site-packages/airflow/example_dags/example_xcom.py took 0.131 seconds
[2026-09-18T13:23:06.722+0700] {processor.py:186} INFO - Started process (PID=91428) to work on /Users/andreasanditya/Downloads/572392_Andreas_AirflowETL/code/.venv/lib/python3.9/site-packages/airflow/example_dags/example_xcom.py
[2026-09-18T13:23:06.723+0700] {processor.py:914} INFO - Processing file /Users/andreasanditya/Downloads/572392_Andreas_AirflowETL/code/.venv/lib/python3.9/site-packages/airflow/example_dags/example_xcom.py for tasks to queue
[2026-09-18T13:23:06.724+0700] {logging_mixin.py:190} INFO - [2026-09-18T13:23:06.724+0700] {dagbag.py:588} INFO - Filling up the DagBag from /Users/andreasanditya/Downloads/572392_Andreas_AirflowETL/code/.venv/lib/python3.9/site-packages/airflow/example_dags/example_xcom.py
[2026-09-18T13:23:06.769+0700] {processor.py:925} INFO - DAG(s) 'example_xcom' retrieved from /Users/andreasanditya/Downloads/572392_Andreas_AirflowETL/code/.venv/lib/python3.9/site-packages/airflow/example_dags/example_xcom.py
[2026-09-18T13:23:06.828+0700] {logging_mixin.py:190} INFO - [2026-09-18T13:23:06.828+0700] {dag.py:3239} INFO - Sync 1 DAGs
[2026-09-18T13:23:06.837+0700] {logging_mixin.py:190} INFO - [2026-09-18T13:23:06.837+0700] {dag.py:4180} INFO - Setting next_dagrun for example_xcom to 2021-01-01 00:00:00+00:00, run_after=2021-01-01 00:00:00+00:00
[2026-09-18T13:23:06.847+0700] {processor.py:208} INFO - Processing /Users/andreasanditya/Downloads/572392_Andreas_AirflowETL/code/.venv/lib/python3.9/site-packages/airflow/example_dags/example_xcom.py took 0.127 seconds
[2026-09-18T13:24:29.497+0700] {processor.py:186} INFO - Started process (PID=92302) to work on /Users/andreasanditya/Downloads/572392_Andreas_AirflowETL/code/.venv/lib/python3.9/site-packages/airflow/example_dags/example_xcom.py
[2026-09-18T13:24:29.498+0700] {processor.py:914} INFO - Processing file /Users/andreasanditya/Downloads/572392_Andreas_AirflowETL/code/.venv/lib/python3.9/site-packages/airflow/example_dags/example_xcom.py for tasks to queue
[2026-09-18T13:24:29.498+0700] {logging_mixin.py:190} INFO - [2026-09-18T13:24:29.498+0700] {dagbag.py:588} INFO - Filling up the DagBag from /Users/andreasanditya/Downloads/572392_Andreas_AirflowETL/code/.venv/lib/python3.9/site-packages/airflow/example_dags/example_xcom.py
[2026-09-18T13:24:29.543+0700] {processor.py:925} INFO - DAG(s) 'example_xcom' retrieved from /Users/andreasanditya/Downloads/572392_Andreas_AirflowETL/code/.venv/lib/python3.9/site-packages/airflow/example_dags/example_xcom.py
[2026-09-18T13:24:29.601+0700] {logging_mixin.py:190} INFO - [2026-09-18T13:24:29.601+0700] {dag.py:3239} INFO - Sync 1 DAGs
[2026-09-18T13:24:29.611+0700] {logging_mixin.py:190} INFO - [2026-09-18T13:24:29.610+0700] {dag.py:4180} INFO - Setting next_dagrun for example_xcom to 2021-01-01 00:00:00+00:00, run_after=2021-01-01 00:00:00+00:00
[2026-09-18T13:24:29.621+0700] {processor.py:208} INFO - Processing /Users/andreasanditya/Downloads/572392_Andreas_AirflowETL/code/.venv/lib/python3.9/site-packages/airflow/example_dags/example_xcom.py took 0.126 seconds
[2026-09-18T13:25:55.491+0700] {processor.py:186} INFO - Started process (PID=93301) to work on /Users/andreasanditya/Downloads/572392_Andreas_AirflowETL/code/.venv/lib/python3.9/site-packages/airflow/example_dags/example_xcom.py
[2026-09-18T13:25:55.492+0700] {processor.py:914} INFO - Processing file /Users/andreasanditya/Downloads/572392_Andreas_AirflowETL/code/.venv/lib/python3.9/site-packages/airflow/example_dags/example_xcom.py for tasks to queue
[2026-09-18T13:25:55.493+0700] {logging_mixin.py:190} INFO - [2026-09-18T13:25:55.493+0700] {dagbag.py:588} INFO - Filling up the DagBag from /Users/andreasanditya/Downloads/572392_Andreas_AirflowETL/code/.venv/lib/python3.9/site-packages/airflow/example_dags/example_xcom.py
[2026-09-18T13:25:55.541+0700] {processor.py:925} INFO - DAG(s) 'example_xcom' retrieved from /Users/andreasanditya/Downloads/572392_Andreas_AirflowETL/code/.venv/lib/python3.9/site-packages/airflow/example_dags/example_xcom.py
[2026-09-18T13:25:55.601+0700] {logging_mixin.py:190} INFO - [2026-09-18T13:25:55.601+0700] {dag.py:3239} INFO - Sync 1 DAGs
[2026-09-18T13:25:55.611+0700] {logging_mixin.py:190} INFO - [2026-09-18T13:25:55.611+0700] {dag.py:4180} INFO - Setting next_dagrun for example_xcom to 2021-01-01 00:00:00+00:00, run_after=2021-01-01 00:00:00+00:00
[2026-09-18T13:25:55.621+0700] {processor.py:208} INFO - Processing /Users/andreasanditya/Downloads/572392_Andreas_AirflowETL/code/.venv/lib/python3.9/site-packages/airflow/example_dags/example_xcom.py took 0.133 seconds
[2026-09-18T13:27:26.020+0700] {processor.py:186} INFO - Started process (PID=94352) to work on /Users/andreasanditya/Downloads/572392_Andreas_AirflowETL/code/.venv/lib/python3.9/site-packages/airflow/example_dags/example_xcom.py
[2026-09-18T13:27:26.022+0700] {processor.py:914} INFO - Processing file /Users/andreasanditya/Downloads/572392_Andreas_AirflowETL/code/.venv/lib/python3.9/site-packages/airflow/example_dags/example_xcom.py for tasks to queue
[2026-09-18T13:27:26.022+0700] {logging_mixin.py:190} INFO - [2026-09-18T13:27:26.022+0700] {dagbag.py:588} INFO - Filling up the DagBag from /Users/andreasanditya/Downloads/572392_Andreas_AirflowETL/code/.venv/lib/python3.9/site-packages/airflow/example_dags/example_xcom.py
[2026-09-18T13:27:26.070+0700] {processor.py:925} INFO - DAG(s) 'example_xcom' retrieved from /Users/andreasanditya/Downloads/572392_Andreas_AirflowETL/code/.venv/lib/python3.9/site-packages/airflow/example_dags/example_xcom.py
[2026-09-18T13:27:26.130+0700] {logging_mixin.py:190} INFO - [2026-09-18T13:27:26.130+0700] {dag.py:3239} INFO - Sync 1 DAGs
[2026-09-18T13:27:26.140+0700] {logging_mixin.py:190} INFO - [2026-09-18T13:27:26.140+0700] {dag.py:4180} INFO - Setting next_dagrun for example_xcom to 2021-01-01 00:00:00+00:00, run_after=2021-01-01 00:00:00+00:00
[2026-09-18T13:27:26.151+0700] {processor.py:208} INFO - Processing /Users/andreasanditya/Downloads/572392_Andreas_AirflowETL/code/.venv/lib/python3.9/site-packages/airflow/example_dags/example_xcom.py took 0.133 seconds
[2026-09-18T13:28:55.369+0700] {processor.py:186} INFO - Started process (PID=95280) to work on /Users/andreasanditya/Downloads/572392_Andreas_AirflowETL/code/.venv/lib/python3.9/site-packages/airflow/example_dags/example_xcom.py
[2026-09-18T13:28:55.370+0700] {processor.py:914} INFO - Processing file /Users/andreasanditya/Downloads/572392_Andreas_AirflowETL/code/.venv/lib/python3.9/site-packages/airflow/example_dags/example_xcom.py for tasks to queue
[2026-09-18T13:28:55.371+0700] {logging_mixin.py:190} INFO - [2026-09-18T13:28:55.371+0700] {dagbag.py:588} INFO - Filling up the DagBag from /Users/andreasanditya/Downloads/572392_Andreas_AirflowETL/code/.venv/lib/python3.9/site-packages/airflow/example_dags/example_xcom.py
[2026-09-18T13:28:55.417+0700] {processor.py:925} INFO - DAG(s) 'example_xcom' retrieved from /Users/andreasanditya/Downloads/572392_Andreas_AirflowETL/code/.venv/lib/python3.9/site-packages/airflow/example_dags/example_xcom.py
[2026-09-18T13:28:55.477+0700] {logging_mixin.py:190} INFO - [2026-09-18T13:28:55.477+0700] {dag.py:3239} INFO - Sync 1 DAGs
[2026-09-18T13:28:55.487+0700] {logging_mixin.py:190} INFO - [2026-09-18T13:28:55.487+0700] {dag.py:4180} INFO - Setting next_dagrun for example_xcom to 2021-01-01 00:00:00+00:00, run_after=2021-01-01 00:00:00+00:00
[2026-09-18T13:28:55.498+0700] {processor.py:208} INFO - Processing /Users/andreasanditya/Downloads/572392_Andreas_AirflowETL/code/.venv/lib/python3.9/site-packages/airflow/example_dags/example_xcom.py took 0.131 seconds
[2026-09-18T13:30:25.806+0700] {processor.py:186} INFO - Started process (PID=96323) to work on /Users/andreasanditya/Downloads/572392_Andreas_AirflowETL/code/.venv/lib/python3.9/site-packages/airflow/example_dags/example_xcom.py
[2026-09-18T13:30:25.807+0700] {processor.py:914} INFO - Processing file /Users/andreasanditya/Downloads/572392_Andreas_AirflowETL/code/.venv/lib/python3.9/site-packages/airflow/example_dags/example_xcom.py for tasks to queue
[2026-09-18T13:30:25.807+0700] {logging_mixin.py:190} INFO - [2026-09-18T13:30:25.807+0700] {dagbag.py:588} INFO - Filling up the DagBag from /Users/andreasanditya/Downloads/572392_Andreas_AirflowETL/code/.venv/lib/python3.9/site-packages/airflow/example_dags/example_xcom.py
[2026-09-18T13:30:25.857+0700] {processor.py:925} INFO - DAG(s) 'example_xcom' retrieved from /Users/andreasanditya/Downloads/572392_Andreas_AirflowETL/code/.venv/lib/python3.9/site-packages/airflow/example_dags/example_xcom.py
[2026-09-18T13:30:25.918+0700] {logging_mixin.py:190} INFO - [2026-09-18T13:30:25.918+0700] {dag.py:3239} INFO - Sync 1 DAGs
[2026-09-18T13:30:25.928+0700] {logging_mixin.py:190} INFO - [2026-09-18T13:30:25.927+0700] {dag.py:4180} INFO - Setting next_dagrun for example_xcom to 2021-01-01 00:00:00+00:00, run_after=2021-01-01 00:00:00+00:00
[2026-09-18T13:30:25.938+0700] {processor.py:208} INFO - Processing /Users/andreasanditya/Downloads/572392_Andreas_AirflowETL/code/.venv/lib/python3.9/site-packages/airflow/example_dags/example_xcom.py took 0.134 seconds
[2026-09-18T13:31:56.009+0700] {processor.py:186} INFO - Started process (PID=97250) to work on /Users/andreasanditya/Downloads/572392_Andreas_AirflowETL/code/.venv/lib/python3.9/site-packages/airflow/example_dags/example_xcom.py
[2026-09-18T13:31:56.010+0700] {processor.py:914} INFO - Processing file /Users/andreasanditya/Downloads/572392_Andreas_AirflowETL/code/.venv/lib/python3.9/site-packages/airflow/example_dags/example_xcom.py for tasks to queue
[2026-09-18T13:31:56.010+0700] {logging_mixin.py:190} INFO - [2026-09-18T13:31:56.010+0700] {dagbag.py:588} INFO - Filling up the DagBag from /Users/andreasanditya/Downloads/572392_Andreas_AirflowETL/code/.venv/lib/python3.9/site-packages/airflow/example_dags/example_xcom.py
[2026-09-18T13:31:56.056+0700] {processor.py:925} INFO - DAG(s) 'example_xcom' retrieved from /Users/andreasanditya/Downloads/572392_Andreas_AirflowETL/code/.venv/lib/python3.9/site-packages/airflow/example_dags/example_xcom.py
[2026-09-18T13:31:56.115+0700] {logging_mixin.py:190} INFO - [2026-09-18T13:31:56.115+0700] {dag.py:3239} INFO - Sync 1 DAGs
[2026-09-18T13:31:56.124+0700] {logging_mixin.py:190} INFO - [2026-09-18T13:31:56.124+0700] {dag.py:4180} INFO - Setting next_dagrun for example_xcom to 2021-01-01 00:00:00+00:00, run_after=2021-01-01 00:00:00+00:00
[2026-09-18T13:31:56.134+0700] {processor.py:208} INFO - Processing /Users/andreasanditya/Downloads/572392_Andreas_AirflowETL/code/.venv/lib/python3.9/site-packages/airflow/example_dags/example_xcom.py took 0.128 seconds
[2026-09-18T13:33:23.142+0700] {processor.py:186} INFO - Started process (PID=98217) to work on /Users/andreasanditya/Downloads/572392_Andreas_AirflowETL/code/.venv/lib/python3.9/site-packages/airflow/example_dags/example_xcom.py
[2026-09-18T13:33:23.143+0700] {processor.py:914} INFO - Processing file /Users/andreasanditya/Downloads/572392_Andreas_AirflowETL/code/.venv/lib/python3.9/site-packages/airflow/example_dags/example_xcom.py for tasks to queue
[2026-09-18T13:33:23.144+0700] {logging_mixin.py:190} INFO - [2026-09-18T13:33:23.144+0700] {dagbag.py:588} INFO - Filling up the DagBag from /Users/andreasanditya/Downloads/572392_Andreas_AirflowETL/code/.venv/lib/python3.9/site-packages/airflow/example_dags/example_xcom.py
[2026-09-18T13:33:23.190+0700] {processor.py:925} INFO - DAG(s) 'example_xcom' retrieved from /Users/andreasanditya/Downloads/572392_Andreas_AirflowETL/code/.venv/lib/python3.9/site-packages/airflow/example_dags/example_xcom.py
[2026-09-18T13:33:23.249+0700] {logging_mixin.py:190} INFO - [2026-09-18T13:33:23.249+0700] {dag.py:3239} INFO - Sync 1 DAGs
[2026-09-18T13:33:23.260+0700] {logging_mixin.py:190} INFO - [2026-09-18T13:33:23.260+0700] {dag.py:4180} INFO - Setting next_dagrun for example_xcom to 2021-01-01 00:00:00+00:00, run_after=2021-01-01 00:00:00+00:00
[2026-09-18T13:33:23.270+0700] {processor.py:208} INFO - Processing /Users/andreasanditya/Downloads/572392_Andreas_AirflowETL/code/.venv/lib/python3.9/site-packages/airflow/example_dags/example_xcom.py took 0.130 seconds
[2026-09-18T13:34:49.966+0700] {processor.py:186} INFO - Started process (PID=99068) to work on /Users/andreasanditya/Downloads/572392_Andreas_AirflowETL/code/.venv/lib/python3.9/site-packages/airflow/example_dags/example_xcom.py
[2026-09-18T13:34:49.967+0700] {processor.py:914} INFO - Processing file /Users/andreasanditya/Downloads/572392_Andreas_AirflowETL/code/.venv/lib/python3.9/site-packages/airflow/example_dags/example_xcom.py for tasks to queue
[2026-09-18T13:34:49.967+0700] {logging_mixin.py:190} INFO - [2026-09-18T13:34:49.967+0700] {dagbag.py:588} INFO - Filling up the DagBag from /Users/andreasanditya/Downloads/572392_Andreas_AirflowETL/code/.venv/lib/python3.9/site-packages/airflow/example_dags/example_xcom.py
[2026-09-18T13:34:50.014+0700] {processor.py:925} INFO - DAG(s) 'example_xcom' retrieved from /Users/andreasanditya/Downloads/572392_Andreas_AirflowETL/code/.venv/lib/python3.9/site-packages/airflow/example_dags/example_xcom.py
[2026-09-18T13:34:50.073+0700] {logging_mixin.py:190} INFO - [2026-09-18T13:34:50.073+0700] {dag.py:3239} INFO - Sync 1 DAGs
[2026-09-18T13:34:50.083+0700] {logging_mixin.py:190} INFO - [2026-09-18T13:34:50.083+0700] {dag.py:4180} INFO - Setting next_dagrun for example_xcom to 2021-01-01 00:00:00+00:00, run_after=2021-01-01 00:00:00+00:00
[2026-09-18T13:34:50.095+0700] {processor.py:208} INFO - Processing /Users/andreasanditya/Downloads/572392_Andreas_AirflowETL/code/.venv/lib/python3.9/site-packages/airflow/example_dags/example_xcom.py took 0.132 seconds
[2026-09-18T13:36:17.235+0700] {processor.py:186} INFO - Started process (PID=99997) to work on /Users/andreasanditya/Downloads/572392_Andreas_AirflowETL/code/.venv/lib/python3.9/site-packages/airflow/example_dags/example_xcom.py
[2026-09-18T13:36:17.236+0700] {processor.py:914} INFO - Processing file /Users/andreasanditya/Downloads/572392_Andreas_AirflowETL/code/.venv/lib/python3.9/site-packages/airflow/example_dags/example_xcom.py for tasks to queue
[2026-09-18T13:36:17.237+0700] {logging_mixin.py:190} INFO - [2026-09-18T13:36:17.237+0700] {dagbag.py:588} INFO - Filling up the DagBag from /Users/andreasanditya/Downloads/572392_Andreas_AirflowETL/code/.venv/lib/python3.9/site-packages/airflow/example_dags/example_xcom.py
[2026-09-18T13:36:17.285+0700] {processor.py:925} INFO - DAG(s) 'example_xcom' retrieved from /Users/andreasanditya/Downloads/572392_Andreas_AirflowETL/code/.venv/lib/python3.9/site-packages/airflow/example_dags/example_xcom.py
[2026-09-18T13:36:17.345+0700] {logging_mixin.py:190} INFO - [2026-09-18T13:36:17.344+0700] {dag.py:3239} INFO - Sync 1 DAGs
[2026-09-18T13:36:17.354+0700] {logging_mixin.py:190} INFO - [2026-09-18T13:36:17.354+0700] {dag.py:4180} INFO - Setting next_dagrun for example_xcom to 2021-01-01 00:00:00+00:00, run_after=2021-01-01 00:00:00+00:00
[2026-09-18T13:36:17.364+0700] {processor.py:208} INFO - Processing /Users/andreasanditya/Downloads/572392_Andreas_AirflowETL/code/.venv/lib/python3.9/site-packages/airflow/example_dags/example_xcom.py took 0.131 seconds
[2026-09-18T13:37:44.621+0700] {processor.py:186} INFO - Started process (PID=1189) to work on /Users/andreasanditya/Downloads/572392_Andreas_AirflowETL/code/.venv/lib/python3.9/site-packages/airflow/example_dags/example_xcom.py
[2026-09-18T13:37:44.622+0700] {processor.py:914} INFO - Processing file /Users/andreasanditya/Downloads/572392_Andreas_AirflowETL/code/.venv/lib/python3.9/site-packages/airflow/example_dags/example_xcom.py for tasks to queue
[2026-09-18T13:37:44.623+0700] {logging_mixin.py:190} INFO - [2026-09-18T13:37:44.623+0700] {dagbag.py:588} INFO - Filling up the DagBag from /Users/andreasanditya/Downloads/572392_Andreas_AirflowETL/code/.venv/lib/python3.9/site-packages/airflow/example_dags/example_xcom.py
[2026-09-18T13:37:44.671+0700] {processor.py:925} INFO - DAG(s) 'example_xcom' retrieved from /Users/andreasanditya/Downloads/572392_Andreas_AirflowETL/code/.venv/lib/python3.9/site-packages/airflow/example_dags/example_xcom.py
[2026-09-18T13:37:44.730+0700] {logging_mixin.py:190} INFO - [2026-09-18T13:37:44.730+0700] {dag.py:3239} INFO - Sync 1 DAGs
[2026-09-18T13:37:44.740+0700] {logging_mixin.py:190} INFO - [2026-09-18T13:37:44.740+0700] {dag.py:4180} INFO - Setting next_dagrun for example_xcom to 2021-01-01 00:00:00+00:00, run_after=2021-01-01 00:00:00+00:00
[2026-09-18T13:37:44.750+0700] {processor.py:208} INFO - Processing /Users/andreasanditya/Downloads/572392_Andreas_AirflowETL/code/.venv/lib/python3.9/site-packages/airflow/example_dags/example_xcom.py took 0.131 seconds
[2026-09-18T13:39:11.746+0700] {processor.py:186} INFO - Started process (PID=2298) to work on /Users/andreasanditya/Downloads/572392_Andreas_AirflowETL/code/.venv/lib/python3.9/site-packages/airflow/example_dags/example_xcom.py
[2026-09-18T13:39:11.746+0700] {processor.py:914} INFO - Processing file /Users/andreasanditya/Downloads/572392_Andreas_AirflowETL/code/.venv/lib/python3.9/site-packages/airflow/example_dags/example_xcom.py for tasks to queue
[2026-09-18T13:39:11.747+0700] {logging_mixin.py:190} INFO - [2026-09-18T13:39:11.747+0700] {dagbag.py:588} INFO - Filling up the DagBag from /Users/andreasanditya/Downloads/572392_Andreas_AirflowETL/code/.venv/lib/python3.9/site-packages/airflow/example_dags/example_xcom.py
[2026-09-18T13:39:11.795+0700] {processor.py:925} INFO - DAG(s) 'example_xcom' retrieved from /Users/andreasanditya/Downloads/572392_Andreas_AirflowETL/code/.venv/lib/python3.9/site-packages/airflow/example_dags/example_xcom.py
[2026-09-18T13:39:11.855+0700] {logging_mixin.py:190} INFO - [2026-09-18T13:39:11.855+0700] {dag.py:3239} INFO - Sync 1 DAGs
[2026-09-18T13:39:11.865+0700] {logging_mixin.py:190} INFO - [2026-09-18T13:39:11.864+0700] {dag.py:4180} INFO - Setting next_dagrun for example_xcom to 2021-01-01 00:00:00+00:00, run_after=2021-01-01 00:00:00+00:00
[2026-09-18T13:39:11.875+0700] {processor.py:208} INFO - Processing /Users/andreasanditya/Downloads/572392_Andreas_AirflowETL/code/.venv/lib/python3.9/site-packages/airflow/example_dags/example_xcom.py took 0.131 seconds
[2026-09-18T13:40:38.174+0700] {processor.py:186} INFO - Started process (PID=3882) to work on /Users/andreasanditya/Downloads/572392_Andreas_AirflowETL/code/.venv/lib/python3.9/site-packages/airflow/example_dags/example_xcom.py
[2026-09-18T13:40:38.175+0700] {processor.py:914} INFO - Processing file /Users/andreasanditya/Downloads/572392_Andreas_AirflowETL/code/.venv/lib/python3.9/site-packages/airflow/example_dags/example_xcom.py for tasks to queue
[2026-09-18T13:40:38.176+0700] {logging_mixin.py:190} INFO - [2026-09-18T13:40:38.176+0700] {dagbag.py:588} INFO - Filling up the DagBag from /Users/andreasanditya/Downloads/572392_Andreas_AirflowETL/code/.venv/lib/python3.9/site-packages/airflow/example_dags/example_xcom.py
[2026-09-18T13:40:38.226+0700] {processor.py:925} INFO - DAG(s) 'example_xcom' retrieved from /Users/andreasanditya/Downloads/572392_Andreas_AirflowETL/code/.venv/lib/python3.9/site-packages/airflow/example_dags/example_xcom.py
[2026-09-18T13:40:38.286+0700] {logging_mixin.py:190} INFO - [2026-09-18T13:40:38.286+0700] {dag.py:3239} INFO - Sync 1 DAGs
[2026-09-18T13:40:38.296+0700] {logging_mixin.py:190} INFO - [2026-09-18T13:40:38.296+0700] {dag.py:4180} INFO - Setting next_dagrun for example_xcom to 2021-01-01 00:00:00+00:00, run_after=2021-01-01 00:00:00+00:00
[2026-09-18T13:40:38.307+0700] {processor.py:208} INFO - Processing /Users/andreasanditya/Downloads/572392_Andreas_AirflowETL/code/.venv/lib/python3.9/site-packages/airflow/example_dags/example_xcom.py took 0.135 seconds
[2026-09-18T13:42:06.080+0700] {processor.py:186} INFO - Started process (PID=4732) to work on /Users/andreasanditya/Downloads/572392_Andreas_AirflowETL/code/.venv/lib/python3.9/site-packages/airflow/example_dags/example_xcom.py
[2026-09-18T13:42:06.081+0700] {processor.py:914} INFO - Processing file /Users/andreasanditya/Downloads/572392_Andreas_AirflowETL/code/.venv/lib/python3.9/site-packages/airflow/example_dags/example_xcom.py for tasks to queue
[2026-09-18T13:42:06.082+0700] {logging_mixin.py:190} INFO - [2026-09-18T13:42:06.082+0700] {dagbag.py:588} INFO - Filling up the DagBag from /Users/andreasanditya/Downloads/572392_Andreas_AirflowETL/code/.venv/lib/python3.9/site-packages/airflow/example_dags/example_xcom.py
[2026-09-18T13:42:06.132+0700] {processor.py:925} INFO - DAG(s) 'example_xcom' retrieved from /Users/andreasanditya/Downloads/572392_Andreas_AirflowETL/code/.venv/lib/python3.9/site-packages/airflow/example_dags/example_xcom.py
[2026-09-18T13:42:06.195+0700] {logging_mixin.py:190} INFO - [2026-09-18T13:42:06.195+0700] {dag.py:3239} INFO - Sync 1 DAGs
[2026-09-18T13:42:06.205+0700] {logging_mixin.py:190} INFO - [2026-09-18T13:42:06.205+0700] {dag.py:4180} INFO - Setting next_dagrun for example_xcom to 2021-01-01 00:00:00+00:00, run_after=2021-01-01 00:00:00+00:00
[2026-09-18T13:42:06.215+0700] {processor.py:208} INFO - Processing /Users/andreasanditya/Downloads/572392_Andreas_AirflowETL/code/.venv/lib/python3.9/site-packages/airflow/example_dags/example_xcom.py took 0.138 seconds
[2026-09-18T13:43:34.281+0700] {processor.py:186} INFO - Started process (PID=5650) to work on /Users/andreasanditya/Downloads/572392_Andreas_AirflowETL/code/.venv/lib/python3.9/site-packages/airflow/example_dags/example_xcom.py
[2026-09-18T13:43:34.282+0700] {processor.py:914} INFO - Processing file /Users/andreasanditya/Downloads/572392_Andreas_AirflowETL/code/.venv/lib/python3.9/site-packages/airflow/example_dags/example_xcom.py for tasks to queue
[2026-09-18T13:43:34.283+0700] {logging_mixin.py:190} INFO - [2026-09-18T13:43:34.283+0700] {dagbag.py:588} INFO - Filling up the DagBag from /Users/andreasanditya/Downloads/572392_Andreas_AirflowETL/code/.venv/lib/python3.9/site-packages/airflow/example_dags/example_xcom.py
[2026-09-18T13:43:34.331+0700] {processor.py:925} INFO - DAG(s) 'example_xcom' retrieved from /Users/andreasanditya/Downloads/572392_Andreas_AirflowETL/code/.venv/lib/python3.9/site-packages/airflow/example_dags/example_xcom.py
[2026-09-18T13:43:34.390+0700] {logging_mixin.py:190} INFO - [2026-09-18T13:43:34.390+0700] {dag.py:3239} INFO - Sync 1 DAGs
[2026-09-18T13:43:34.400+0700] {logging_mixin.py:190} INFO - [2026-09-18T13:43:34.400+0700] {dag.py:4180} INFO - Setting next_dagrun for example_xcom to 2021-01-01 00:00:00+00:00, run_after=2021-01-01 00:00:00+00:00
[2026-09-18T13:43:34.410+0700] {processor.py:208} INFO - Processing /Users/andreasanditya/Downloads/572392_Andreas_AirflowETL/code/.venv/lib/python3.9/site-packages/airflow/example_dags/example_xcom.py took 0.132 seconds
[2026-09-18T13:45:01.703+0700] {processor.py:186} INFO - Started process (PID=6579) to work on /Users/andreasanditya/Downloads/572392_Andreas_AirflowETL/code/.venv/lib/python3.9/site-packages/airflow/example_dags/example_xcom.py
[2026-09-18T13:45:01.703+0700] {processor.py:914} INFO - Processing file /Users/andreasanditya/Downloads/572392_Andreas_AirflowETL/code/.venv/lib/python3.9/site-packages/airflow/example_dags/example_xcom.py for tasks to queue
[2026-09-18T13:45:01.704+0700] {logging_mixin.py:190} INFO - [2026-09-18T13:45:01.704+0700] {dagbag.py:588} INFO - Filling up the DagBag from /Users/andreasanditya/Downloads/572392_Andreas_AirflowETL/code/.venv/lib/python3.9/site-packages/airflow/example_dags/example_xcom.py
[2026-09-18T13:45:01.749+0700] {processor.py:925} INFO - DAG(s) 'example_xcom' retrieved from /Users/andreasanditya/Downloads/572392_Andreas_AirflowETL/code/.venv/lib/python3.9/site-packages/airflow/example_dags/example_xcom.py
[2026-09-18T13:45:01.808+0700] {logging_mixin.py:190} INFO - [2026-09-18T13:45:01.808+0700] {dag.py:3239} INFO - Sync 1 DAGs
[2026-09-18T13:45:01.817+0700] {logging_mixin.py:190} INFO - [2026-09-18T13:45:01.817+0700] {dag.py:4180} INFO - Setting next_dagrun for example_xcom to 2021-01-01 00:00:00+00:00, run_after=2021-01-01 00:00:00+00:00
[2026-09-18T13:45:01.827+0700] {processor.py:208} INFO - Processing /Users/andreasanditya/Downloads/572392_Andreas_AirflowETL/code/.venv/lib/python3.9/site-packages/airflow/example_dags/example_xcom.py took 0.127 seconds
[2026-09-18T13:46:35.272+0700] {processor.py:186} INFO - Started process (PID=7520) to work on /Users/andreasanditya/Downloads/572392_Andreas_AirflowETL/code/.venv/lib/python3.9/site-packages/airflow/example_dags/example_xcom.py
[2026-09-18T13:46:35.273+0700] {processor.py:914} INFO - Processing file /Users/andreasanditya/Downloads/572392_Andreas_AirflowETL/code/.venv/lib/python3.9/site-packages/airflow/example_dags/example_xcom.py for tasks to queue
[2026-09-18T13:46:35.274+0700] {logging_mixin.py:190} INFO - [2026-09-18T13:46:35.273+0700] {dagbag.py:588} INFO - Filling up the DagBag from /Users/andreasanditya/Downloads/572392_Andreas_AirflowETL/code/.venv/lib/python3.9/site-packages/airflow/example_dags/example_xcom.py
[2026-09-18T13:46:35.322+0700] {processor.py:925} INFO - DAG(s) 'example_xcom' retrieved from /Users/andreasanditya/Downloads/572392_Andreas_AirflowETL/code/.venv/lib/python3.9/site-packages/airflow/example_dags/example_xcom.py
[2026-09-18T13:46:35.382+0700] {logging_mixin.py:190} INFO - [2026-09-18T13:46:35.382+0700] {dag.py:3239} INFO - Sync 1 DAGs
[2026-09-18T13:46:35.392+0700] {logging_mixin.py:190} INFO - [2026-09-18T13:46:35.392+0700] {dag.py:4180} INFO - Setting next_dagrun for example_xcom to 2021-01-01 00:00:00+00:00, run_after=2021-01-01 00:00:00+00:00
[2026-09-18T13:46:35.404+0700] {processor.py:208} INFO - Processing /Users/andreasanditya/Downloads/572392_Andreas_AirflowETL/code/.venv/lib/python3.9/site-packages/airflow/example_dags/example_xcom.py took 0.134 seconds
[2026-09-18T13:48:01.179+0700] {processor.py:186} INFO - Started process (PID=8368) to work on /Users/andreasanditya/Downloads/572392_Andreas_AirflowETL/code/.venv/lib/python3.9/site-packages/airflow/example_dags/example_xcom.py
[2026-09-18T13:48:01.180+0700] {processor.py:914} INFO - Processing file /Users/andreasanditya/Downloads/572392_Andreas_AirflowETL/code/.venv/lib/python3.9/site-packages/airflow/example_dags/example_xcom.py for tasks to queue
[2026-09-18T13:48:01.180+0700] {logging_mixin.py:190} INFO - [2026-09-18T13:48:01.180+0700] {dagbag.py:588} INFO - Filling up the DagBag from /Users/andreasanditya/Downloads/572392_Andreas_AirflowETL/code/.venv/lib/python3.9/site-packages/airflow/example_dags/example_xcom.py
[2026-09-18T13:48:01.232+0700] {processor.py:925} INFO - DAG(s) 'example_xcom' retrieved from /Users/andreasanditya/Downloads/572392_Andreas_AirflowETL/code/.venv/lib/python3.9/site-packages/airflow/example_dags/example_xcom.py
[2026-09-18T13:48:01.292+0700] {logging_mixin.py:190} INFO - [2026-09-18T13:48:01.291+0700] {dag.py:3239} INFO - Sync 1 DAGs
[2026-09-18T13:48:01.301+0700] {logging_mixin.py:190} INFO - [2026-09-18T13:48:01.301+0700] {dag.py:4180} INFO - Setting next_dagrun for example_xcom to 2021-01-01 00:00:00+00:00, run_after=2021-01-01 00:00:00+00:00
[2026-09-18T13:48:01.312+0700] {processor.py:208} INFO - Processing /Users/andreasanditya/Downloads/572392_Andreas_AirflowETL/code/.venv/lib/python3.9/site-packages/airflow/example_dags/example_xcom.py took 0.135 seconds
[2026-09-18T13:49:30.195+0700] {processor.py:186} INFO - Started process (PID=9478) to work on /Users/andreasanditya/Downloads/572392_Andreas_AirflowETL/code/.venv/lib/python3.9/site-packages/airflow/example_dags/example_xcom.py
[2026-09-18T13:49:30.196+0700] {processor.py:914} INFO - Processing file /Users/andreasanditya/Downloads/572392_Andreas_AirflowETL/code/.venv/lib/python3.9/site-packages/airflow/example_dags/example_xcom.py for tasks to queue
[2026-09-18T13:49:30.197+0700] {logging_mixin.py:190} INFO - [2026-09-18T13:49:30.197+0700] {dagbag.py:588} INFO - Filling up the DagBag from /Users/andreasanditya/Downloads/572392_Andreas_AirflowETL/code/.venv/lib/python3.9/site-packages/airflow/example_dags/example_xcom.py
[2026-09-18T13:49:30.246+0700] {processor.py:925} INFO - DAG(s) 'example_xcom' retrieved from /Users/andreasanditya/Downloads/572392_Andreas_AirflowETL/code/.venv/lib/python3.9/site-packages/airflow/example_dags/example_xcom.py
[2026-09-18T13:49:30.307+0700] {logging_mixin.py:190} INFO - [2026-09-18T13:49:30.307+0700] {dag.py:3239} INFO - Sync 1 DAGs
[2026-09-18T13:49:30.317+0700] {logging_mixin.py:190} INFO - [2026-09-18T13:49:30.316+0700] {dag.py:4180} INFO - Setting next_dagrun for example_xcom to 2021-01-01 00:00:00+00:00, run_after=2021-01-01 00:00:00+00:00
[2026-09-18T13:49:30.327+0700] {processor.py:208} INFO - Processing /Users/andreasanditya/Downloads/572392_Andreas_AirflowETL/code/.venv/lib/python3.9/site-packages/airflow/example_dags/example_xcom.py took 0.134 seconds
[2026-09-18T13:50:59.133+0700] {processor.py:186} INFO - Started process (PID=10609) to work on /Users/andreasanditya/Downloads/572392_Andreas_AirflowETL/code/.venv/lib/python3.9/site-packages/airflow/example_dags/example_xcom.py
[2026-09-18T13:50:59.134+0700] {processor.py:914} INFO - Processing file /Users/andreasanditya/Downloads/572392_Andreas_AirflowETL/code/.venv/lib/python3.9/site-packages/airflow/example_dags/example_xcom.py for tasks to queue
[2026-09-18T13:50:59.135+0700] {logging_mixin.py:190} INFO - [2026-09-18T13:50:59.135+0700] {dagbag.py:588} INFO - Filling up the DagBag from /Users/andreasanditya/Downloads/572392_Andreas_AirflowETL/code/.venv/lib/python3.9/site-packages/airflow/example_dags/example_xcom.py
[2026-09-18T13:50:59.186+0700] {processor.py:925} INFO - DAG(s) 'example_xcom' retrieved from /Users/andreasanditya/Downloads/572392_Andreas_AirflowETL/code/.venv/lib/python3.9/site-packages/airflow/example_dags/example_xcom.py
[2026-09-18T13:50:59.246+0700] {logging_mixin.py:190} INFO - [2026-09-18T13:50:59.246+0700] {dag.py:3239} INFO - Sync 1 DAGs
[2026-09-18T13:50:59.256+0700] {logging_mixin.py:190} INFO - [2026-09-18T13:50:59.256+0700] {dag.py:4180} INFO - Setting next_dagrun for example_xcom to 2021-01-01 00:00:00+00:00, run_after=2021-01-01 00:00:00+00:00
[2026-09-18T13:50:59.267+0700] {processor.py:208} INFO - Processing /Users/andreasanditya/Downloads/572392_Andreas_AirflowETL/code/.venv/lib/python3.9/site-packages/airflow/example_dags/example_xcom.py took 0.136 seconds
[2026-09-18T13:52:28.536+0700] {processor.py:186} INFO - Started process (PID=11705) to work on /Users/andreasanditya/Downloads/572392_Andreas_AirflowETL/code/.venv/lib/python3.9/site-packages/airflow/example_dags/example_xcom.py
[2026-09-18T13:52:28.537+0700] {processor.py:914} INFO - Processing file /Users/andreasanditya/Downloads/572392_Andreas_AirflowETL/code/.venv/lib/python3.9/site-packages/airflow/example_dags/example_xcom.py for tasks to queue
[2026-09-18T13:52:28.538+0700] {logging_mixin.py:190} INFO - [2026-09-18T13:52:28.538+0700] {dagbag.py:588} INFO - Filling up the DagBag from /Users/andreasanditya/Downloads/572392_Andreas_AirflowETL/code/.venv/lib/python3.9/site-packages/airflow/example_dags/example_xcom.py
[2026-09-18T13:52:28.589+0700] {processor.py:925} INFO - DAG(s) 'example_xcom' retrieved from /Users/andreasanditya/Downloads/572392_Andreas_AirflowETL/code/.venv/lib/python3.9/site-packages/airflow/example_dags/example_xcom.py
[2026-09-18T13:52:28.649+0700] {logging_mixin.py:190} INFO - [2026-09-18T13:52:28.649+0700] {dag.py:3239} INFO - Sync 1 DAGs
[2026-09-18T13:52:28.658+0700] {logging_mixin.py:190} INFO - [2026-09-18T13:52:28.658+0700] {dag.py:4180} INFO - Setting next_dagrun for example_xcom to 2021-01-01 00:00:00+00:00, run_after=2021-01-01 00:00:00+00:00
[2026-09-18T13:52:28.669+0700] {processor.py:208} INFO - Processing /Users/andreasanditya/Downloads/572392_Andreas_AirflowETL/code/.venv/lib/python3.9/site-packages/airflow/example_dags/example_xcom.py took 0.135 seconds
[2026-09-18T13:53:51.939+0700] {processor.py:186} INFO - Started process (PID=12551) to work on /Users/andreasanditya/Downloads/572392_Andreas_AirflowETL/code/.venv/lib/python3.9/site-packages/airflow/example_dags/example_xcom.py
[2026-09-18T13:53:51.940+0700] {processor.py:914} INFO - Processing file /Users/andreasanditya/Downloads/572392_Andreas_AirflowETL/code/.venv/lib/python3.9/site-packages/airflow/example_dags/example_xcom.py for tasks to queue
[2026-09-18T13:53:51.941+0700] {logging_mixin.py:190} INFO - [2026-09-18T13:53:51.941+0700] {dagbag.py:588} INFO - Filling up the DagBag from /Users/andreasanditya/Downloads/572392_Andreas_AirflowETL/code/.venv/lib/python3.9/site-packages/airflow/example_dags/example_xcom.py
[2026-09-18T13:53:51.986+0700] {processor.py:925} INFO - DAG(s) 'example_xcom' retrieved from /Users/andreasanditya/Downloads/572392_Andreas_AirflowETL/code/.venv/lib/python3.9/site-packages/airflow/example_dags/example_xcom.py
[2026-09-18T13:53:52.044+0700] {logging_mixin.py:190} INFO - [2026-09-18T13:53:52.044+0700] {dag.py:3239} INFO - Sync 1 DAGs
[2026-09-18T13:53:52.055+0700] {logging_mixin.py:190} INFO - [2026-09-18T13:53:52.055+0700] {dag.py:4180} INFO - Setting next_dagrun for example_xcom to 2021-01-01 00:00:00+00:00, run_after=2021-01-01 00:00:00+00:00
[2026-09-18T13:53:52.067+0700] {processor.py:208} INFO - Processing /Users/andreasanditya/Downloads/572392_Andreas_AirflowETL/code/.venv/lib/python3.9/site-packages/airflow/example_dags/example_xcom.py took 0.130 seconds
