[2026-09-18T11:17:46.035+0700] {processor.py:186} INFO - Started process (PID=10887) to work on /Users/andreasanditya/Downloads/572392_Andreas_AirflowETL/code/.venv/lib/python3.9/site-packages/airflow/example_dags/example_local_kubernetes_executor.py
[2026-09-18T11:17:46.036+0700] {processor.py:914} INFO - Processing file /Users/andreasanditya/Downloads/572392_Andreas_AirflowETL/code/.venv/lib/python3.9/site-packages/airflow/example_dags/example_local_kubernetes_executor.py for tasks to queue
[2026-09-18T11:17:46.037+0700] {logging_mixin.py:190} INFO - [2026-09-18T11:17:46.037+0700] {dagbag.py:588} INFO - Filling up the DagBag from /Users/andreasanditya/Downloads/572392_Andreas_AirflowETL/code/.venv/lib/python3.9/site-packages/airflow/example_dags/example_local_kubernetes_executor.py
[2026-09-18T11:17:46.097+0700] {logging_mixin.py:190} INFO - [2026-09-18T11:17:46.096+0700] {example_local_kubernetes_executor.py:40} WARNING - Could not import DAGs in example_local_kubernetes_executor.py
Traceback (most recent call last):
  File "/Users/andreasanditya/Downloads/572392_Andreas_AirflowETL/code/.venv/lib/python3.9/site-packages/airflow/example_dags/example_local_kubernetes_executor.py", line 38, in <module>
    from kubernetes.client import models as k8s
ModuleNotFoundError: No module named 'kubernetes'
[2026-09-18T11:17:46.097+0700] {logging_mixin.py:190} INFO - [2026-09-18T11:17:46.097+0700] {example_local_kubernetes_executor.py:41} WARNING - Install Kubernetes dependencies with: pip install apache-airflow[cncf.kubernetes]
[2026-09-18T11:17:46.097+0700] {processor.py:927} WARNING - No viable dags retrieved from /Users/andreasanditya/Downloads/572392_Andreas_AirflowETL/code/.venv/lib/python3.9/site-packages/airflow/example_dags/example_local_kubernetes_executor.py
[2026-09-18T11:17:46.154+0700] {processor.py:208} INFO - Processing /Users/andreasanditya/Downloads/572392_Andreas_AirflowETL/code/.venv/lib/python3.9/site-packages/airflow/example_dags/example_local_kubernetes_executor.py took 0.122 seconds
[2026-09-18T11:20:01.484+0700] {processor.py:186} INFO - Started process (PID=12301) to work on /Users/andreasanditya/Downloads/572392_Andreas_AirflowETL/code/.venv/lib/python3.9/site-packages/airflow/example_dags/example_local_kubernetes_executor.py
[2026-09-18T11:20:01.485+0700] {processor.py:914} INFO - Processing file /Users/andreasanditya/Downloads/572392_Andreas_AirflowETL/code/.venv/lib/python3.9/site-packages/airflow/example_dags/example_local_kubernetes_executor.py for tasks to queue
[2026-09-18T11:20:01.486+0700] {logging_mixin.py:190} INFO - [2026-09-18T11:20:01.486+0700] {dagbag.py:588} INFO - Filling up the DagBag from /Users/andreasanditya/Downloads/572392_Andreas_AirflowETL/code/.venv/lib/python3.9/site-packages/airflow/example_dags/example_local_kubernetes_executor.py
[2026-09-18T11:20:01.536+0700] {logging_mixin.py:190} INFO - [2026-09-18T11:20:01.536+0700] {example_local_kubernetes_executor.py:40} WARNING - Could not import DAGs in example_local_kubernetes_executor.py
Traceback (most recent call last):
  File "/Users/andreasanditya/Downloads/572392_Andreas_AirflowETL/code/.venv/lib/python3.9/site-packages/airflow/example_dags/example_local_kubernetes_executor.py", line 38, in <module>
    from kubernetes.client import models as k8s
ModuleNotFoundError: No module named 'kubernetes'
[2026-09-18T11:20:01.537+0700] {logging_mixin.py:190} INFO - [2026-09-18T11:20:01.536+0700] {example_local_kubernetes_executor.py:41} WARNING - Install Kubernetes dependencies with: pip install apache-airflow[cncf.kubernetes]
[2026-09-18T11:20:01.537+0700] {processor.py:927} WARNING - No viable dags retrieved from /Users/andreasanditya/Downloads/572392_Andreas_AirflowETL/code/.venv/lib/python3.9/site-packages/airflow/example_dags/example_local_kubernetes_executor.py
[2026-09-18T11:20:01.601+0700] {processor.py:208} INFO - Processing /Users/andreasanditya/Downloads/572392_Andreas_AirflowETL/code/.venv/lib/python3.9/site-packages/airflow/example_dags/example_local_kubernetes_executor.py took 0.118 seconds
[2026-09-18T11:23:35.872+0700] {processor.py:186} INFO - Started process (PID=14678) to work on /Users/andreasanditya/Downloads/572392_Andreas_AirflowETL/code/.venv/lib/python3.9/site-packages/airflow/example_dags/example_local_kubernetes_executor.py
[2026-09-18T11:23:35.873+0700] {processor.py:914} INFO - Processing file /Users/andreasanditya/Downloads/572392_Andreas_AirflowETL/code/.venv/lib/python3.9/site-packages/airflow/example_dags/example_local_kubernetes_executor.py for tasks to queue
[2026-09-18T11:23:35.874+0700] {logging_mixin.py:190} INFO - [2026-09-18T11:23:35.874+0700] {dagbag.py:588} INFO - Filling up the DagBag from /Users/andreasanditya/Downloads/572392_Andreas_AirflowETL/code/.venv/lib/python3.9/site-packages/airflow/example_dags/example_local_kubernetes_executor.py
[2026-09-18T11:23:35.923+0700] {logging_mixin.py:190} INFO - [2026-09-18T11:23:35.923+0700] {example_local_kubernetes_executor.py:40} WARNING - Could not import DAGs in example_local_kubernetes_executor.py
Traceback (most recent call last):
  File "/Users/andreasanditya/Downloads/572392_Andreas_AirflowETL/code/.venv/lib/python3.9/site-packages/airflow/example_dags/example_local_kubernetes_executor.py", line 38, in <module>
    from kubernetes.client import models as k8s
ModuleNotFoundError: No module named 'kubernetes'
[2026-09-18T11:23:35.924+0700] {logging_mixin.py:190} INFO - [2026-09-18T11:23:35.924+0700] {example_local_kubernetes_executor.py:41} WARNING - Install Kubernetes dependencies with: pip install apache-airflow[cncf.kubernetes]
[2026-09-18T11:23:35.924+0700] {processor.py:927} WARNING - No viable dags retrieved from /Users/andreasanditya/Downloads/572392_Andreas_AirflowETL/code/.venv/lib/python3.9/site-packages/airflow/example_dags/example_local_kubernetes_executor.py
[2026-09-18T11:23:35.981+0700] {processor.py:208} INFO - Processing /Users/andreasanditya/Downloads/572392_Andreas_AirflowETL/code/.venv/lib/python3.9/site-packages/airflow/example_dags/example_local_kubernetes_executor.py took 0.111 seconds
[2026-09-18T11:24:59.018+0700] {processor.py:186} INFO - Started process (PID=15651) to work on /Users/andreasanditya/Downloads/572392_Andreas_AirflowETL/code/.venv/lib/python3.9/site-packages/airflow/example_dags/example_local_kubernetes_executor.py
[2026-09-18T11:24:59.019+0700] {processor.py:914} INFO - Processing file /Users/andreasanditya/Downloads/572392_Andreas_AirflowETL/code/.venv/lib/python3.9/site-packages/airflow/example_dags/example_local_kubernetes_executor.py for tasks to queue
[2026-09-18T11:24:59.020+0700] {logging_mixin.py:190} INFO - [2026-09-18T11:24:59.019+0700] {dagbag.py:588} INFO - Filling up the DagBag from /Users/andreasanditya/Downloads/572392_Andreas_AirflowETL/code/.venv/lib/python3.9/site-packages/airflow/example_dags/example_local_kubernetes_executor.py
[2026-09-18T11:24:59.079+0700] {logging_mixin.py:190} INFO - [2026-09-18T11:24:59.078+0700] {example_local_kubernetes_executor.py:40} WARNING - Could not import DAGs in example_local_kubernetes_executor.py
Traceback (most recent call last):
  File "/Users/andreasanditya/Downloads/572392_Andreas_AirflowETL/code/.venv/lib/python3.9/site-packages/airflow/example_dags/example_local_kubernetes_executor.py", line 38, in <module>
    from kubernetes.client import models as k8s
ModuleNotFoundError: No module named 'kubernetes'
[2026-09-18T11:24:59.079+0700] {logging_mixin.py:190} INFO - [2026-09-18T11:24:59.079+0700] {example_local_kubernetes_executor.py:41} WARNING - Install Kubernetes dependencies with: pip install apache-airflow[cncf.kubernetes]
[2026-09-18T11:24:59.079+0700] {processor.py:927} WARNING - No viable dags retrieved from /Users/andreasanditya/Downloads/572392_Andreas_AirflowETL/code/.venv/lib/python3.9/site-packages/airflow/example_dags/example_local_kubernetes_executor.py
[2026-09-18T11:24:59.140+0700] {processor.py:208} INFO - Processing /Users/andreasanditya/Downloads/572392_Andreas_AirflowETL/code/.venv/lib/python3.9/site-packages/airflow/example_dags/example_local_kubernetes_executor.py took 0.126 seconds
[2026-09-18T11:27:01.680+0700] {processor.py:186} INFO - Started process (PID=16875) to work on /Users/andreasanditya/Downloads/572392_Andreas_AirflowETL/code/.venv/lib/python3.9/site-packages/airflow/example_dags/example_local_kubernetes_executor.py
[2026-09-18T11:27:01.681+0700] {processor.py:914} INFO - Processing file /Users/andreasanditya/Downloads/572392_Andreas_AirflowETL/code/.venv/lib/python3.9/site-packages/airflow/example_dags/example_local_kubernetes_executor.py for tasks to queue
[2026-09-18T11:27:01.682+0700] {logging_mixin.py:190} INFO - [2026-09-18T11:27:01.682+0700] {dagbag.py:588} INFO - Filling up the DagBag from /Users/andreasanditya/Downloads/572392_Andreas_AirflowETL/code/.venv/lib/python3.9/site-packages/airflow/example_dags/example_local_kubernetes_executor.py
[2026-09-18T11:27:01.730+0700] {logging_mixin.py:190} INFO - [2026-09-18T11:27:01.729+0700] {example_local_kubernetes_executor.py:40} WARNING - Could not import DAGs in example_local_kubernetes_executor.py
Traceback (most recent call last):
  File "/Users/andreasanditya/Downloads/572392_Andreas_AirflowETL/code/.venv/lib/python3.9/site-packages/airflow/example_dags/example_local_kubernetes_executor.py", line 38, in <module>
    from kubernetes.client import models as k8s
ModuleNotFoundError: No module named 'kubernetes'
[2026-09-18T11:27:01.730+0700] {logging_mixin.py:190} INFO - [2026-09-18T11:27:01.730+0700] {example_local_kubernetes_executor.py:41} WARNING - Install Kubernetes dependencies with: pip install apache-airflow[cncf.kubernetes]
[2026-09-18T11:27:01.730+0700] {processor.py:927} WARNING - No viable dags retrieved from /Users/andreasanditya/Downloads/572392_Andreas_AirflowETL/code/.venv/lib/python3.9/site-packages/airflow/example_dags/example_local_kubernetes_executor.py
[2026-09-18T11:27:01.784+0700] {processor.py:208} INFO - Processing /Users/andreasanditya/Downloads/572392_Andreas_AirflowETL/code/.venv/lib/python3.9/site-packages/airflow/example_dags/example_local_kubernetes_executor.py took 0.106 seconds
[2026-09-18T11:29:59.113+0700] {processor.py:186} INFO - Started process (PID=18653) to work on /Users/andreasanditya/Downloads/572392_Andreas_AirflowETL/code/.venv/lib/python3.9/site-packages/airflow/example_dags/example_local_kubernetes_executor.py
[2026-09-18T11:29:59.114+0700] {processor.py:914} INFO - Processing file /Users/andreasanditya/Downloads/572392_Andreas_AirflowETL/code/.venv/lib/python3.9/site-packages/airflow/example_dags/example_local_kubernetes_executor.py for tasks to queue
[2026-09-18T11:29:59.115+0700] {logging_mixin.py:190} INFO - [2026-09-18T11:29:59.115+0700] {dagbag.py:588} INFO - Filling up the DagBag from /Users/andreasanditya/Downloads/572392_Andreas_AirflowETL/code/.venv/lib/python3.9/site-packages/airflow/example_dags/example_local_kubernetes_executor.py
[2026-09-18T11:29:59.158+0700] {logging_mixin.py:190} INFO - [2026-09-18T11:29:59.158+0700] {example_local_kubernetes_executor.py:40} WARNING - Could not import DAGs in example_local_kubernetes_executor.py
Traceback (most recent call last):
  File "/Users/andreasanditya/Downloads/572392_Andreas_AirflowETL/code/.venv/lib/python3.9/site-packages/airflow/example_dags/example_local_kubernetes_executor.py", line 38, in <module>
    from kubernetes.client import models as k8s
ModuleNotFoundError: No module named 'kubernetes'
[2026-09-18T11:29:59.159+0700] {logging_mixin.py:190} INFO - [2026-09-18T11:29:59.159+0700] {example_local_kubernetes_executor.py:41} WARNING - Install Kubernetes dependencies with: pip install apache-airflow[cncf.kubernetes]
[2026-09-18T11:29:59.159+0700] {processor.py:927} WARNING - No viable dags retrieved from /Users/andreasanditya/Downloads/572392_Andreas_AirflowETL/code/.venv/lib/python3.9/site-packages/airflow/example_dags/example_local_kubernetes_executor.py
[2026-09-18T11:29:59.212+0700] {processor.py:208} INFO - Processing /Users/andreasanditya/Downloads/572392_Andreas_AirflowETL/code/.venv/lib/python3.9/site-packages/airflow/example_dags/example_local_kubernetes_executor.py took 0.101 seconds
[2026-09-18T11:32:58.285+0700] {processor.py:186} INFO - Started process (PID=20580) to work on /Users/andreasanditya/Downloads/572392_Andreas_AirflowETL/code/.venv/lib/python3.9/site-packages/airflow/example_dags/example_local_kubernetes_executor.py
[2026-09-18T11:32:58.286+0700] {processor.py:914} INFO - Processing file /Users/andreasanditya/Downloads/572392_Andreas_AirflowETL/code/.venv/lib/python3.9/site-packages/airflow/example_dags/example_local_kubernetes_executor.py for tasks to queue
[2026-09-18T11:32:58.287+0700] {logging_mixin.py:190} INFO - [2026-09-18T11:32:58.287+0700] {dagbag.py:588} INFO - Filling up the DagBag from /Users/andreasanditya/Downloads/572392_Andreas_AirflowETL/code/.venv/lib/python3.9/site-packages/airflow/example_dags/example_local_kubernetes_executor.py
[2026-09-18T11:32:58.333+0700] {logging_mixin.py:190} INFO - [2026-09-18T11:32:58.332+0700] {example_local_kubernetes_executor.py:40} WARNING - Could not import DAGs in example_local_kubernetes_executor.py
Traceback (most recent call last):
  File "/Users/andreasanditya/Downloads/572392_Andreas_AirflowETL/code/.venv/lib/python3.9/site-packages/airflow/example_dags/example_local_kubernetes_executor.py", line 38, in <module>
    from kubernetes.client import models as k8s
ModuleNotFoundError: No module named 'kubernetes'
[2026-09-18T11:32:58.333+0700] {logging_mixin.py:190} INFO - [2026-09-18T11:32:58.333+0700] {example_local_kubernetes_executor.py:41} WARNING - Install Kubernetes dependencies with: pip install apache-airflow[cncf.kubernetes]
[2026-09-18T11:32:58.333+0700] {processor.py:927} WARNING - No viable dags retrieved from /Users/andreasanditya/Downloads/572392_Andreas_AirflowETL/code/.venv/lib/python3.9/site-packages/airflow/example_dags/example_local_kubernetes_executor.py
[2026-09-18T11:32:58.389+0700] {processor.py:208} INFO - Processing /Users/andreasanditya/Downloads/572392_Andreas_AirflowETL/code/.venv/lib/python3.9/site-packages/airflow/example_dags/example_local_kubernetes_executor.py took 0.106 seconds
[2026-09-18T11:35:52.203+0700] {processor.py:186} INFO - Started process (PID=22390) to work on /Users/andreasanditya/Downloads/572392_Andreas_AirflowETL/code/.venv/lib/python3.9/site-packages/airflow/example_dags/example_local_kubernetes_executor.py
[2026-09-18T11:35:52.204+0700] {processor.py:914} INFO - Processing file /Users/andreasanditya/Downloads/572392_Andreas_AirflowETL/code/.venv/lib/python3.9/site-packages/airflow/example_dags/example_local_kubernetes_executor.py for tasks to queue
[2026-09-18T11:35:52.204+0700] {logging_mixin.py:190} INFO - [2026-09-18T11:35:52.204+0700] {dagbag.py:588} INFO - Filling up the DagBag from /Users/andreasanditya/Downloads/572392_Andreas_AirflowETL/code/.venv/lib/python3.9/site-packages/airflow/example_dags/example_local_kubernetes_executor.py
[2026-09-18T11:35:52.253+0700] {logging_mixin.py:190} INFO - [2026-09-18T11:35:52.253+0700] {example_local_kubernetes_executor.py:40} WARNING - Could not import DAGs in example_local_kubernetes_executor.py
Traceback (most recent call last):
  File "/Users/andreasanditya/Downloads/572392_Andreas_AirflowETL/code/.venv/lib/python3.9/site-packages/airflow/example_dags/example_local_kubernetes_executor.py", line 38, in <module>
    from kubernetes.client import models as k8s
ModuleNotFoundError: No module named 'kubernetes'
[2026-09-18T11:35:52.253+0700] {logging_mixin.py:190} INFO - [2026-09-18T11:35:52.253+0700] {example_local_kubernetes_executor.py:41} WARNING - Install Kubernetes dependencies with: pip install apache-airflow[cncf.kubernetes]
[2026-09-18T11:35:52.253+0700] {processor.py:927} WARNING - No viable dags retrieved from /Users/andreasanditya/Downloads/572392_Andreas_AirflowETL/code/.venv/lib/python3.9/site-packages/airflow/example_dags/example_local_kubernetes_executor.py
[2026-09-18T11:35:52.308+0700] {processor.py:208} INFO - Processing /Users/andreasanditya/Downloads/572392_Andreas_AirflowETL/code/.venv/lib/python3.9/site-packages/airflow/example_dags/example_local_kubernetes_executor.py took 0.107 seconds
[2026-09-18T11:38:46.646+0700] {processor.py:186} INFO - Started process (PID=24235) to work on /Users/andreasanditya/Downloads/572392_Andreas_AirflowETL/code/.venv/lib/python3.9/site-packages/airflow/example_dags/example_local_kubernetes_executor.py
[2026-09-18T11:38:46.647+0700] {processor.py:914} INFO - Processing file /Users/andreasanditya/Downloads/572392_Andreas_AirflowETL/code/.venv/lib/python3.9/site-packages/airflow/example_dags/example_local_kubernetes_executor.py for tasks to queue
[2026-09-18T11:38:46.648+0700] {logging_mixin.py:190} INFO - [2026-09-18T11:38:46.648+0700] {dagbag.py:588} INFO - Filling up the DagBag from /Users/andreasanditya/Downloads/572392_Andreas_AirflowETL/code/.venv/lib/python3.9/site-packages/airflow/example_dags/example_local_kubernetes_executor.py
[2026-09-18T11:38:46.691+0700] {logging_mixin.py:190} INFO - [2026-09-18T11:38:46.691+0700] {example_local_kubernetes_executor.py:40} WARNING - Could not import DAGs in example_local_kubernetes_executor.py
Traceback (most recent call last):
  File "/Users/andreasanditya/Downloads/572392_Andreas_AirflowETL/code/.venv/lib/python3.9/site-packages/airflow/example_dags/example_local_kubernetes_executor.py", line 38, in <module>
    from kubernetes.client import models as k8s
ModuleNotFoundError: No module named 'kubernetes'
[2026-09-18T11:38:46.691+0700] {logging_mixin.py:190} INFO - [2026-09-18T11:38:46.691+0700] {example_local_kubernetes_executor.py:41} WARNING - Install Kubernetes dependencies with: pip install apache-airflow[cncf.kubernetes]
[2026-09-18T11:38:46.691+0700] {processor.py:927} WARNING - No viable dags retrieved from /Users/andreasanditya/Downloads/572392_Andreas_AirflowETL/code/.venv/lib/python3.9/site-packages/airflow/example_dags/example_local_kubernetes_executor.py
[2026-09-18T11:38:46.745+0700] {processor.py:208} INFO - Processing /Users/andreasanditya/Downloads/572392_Andreas_AirflowETL/code/.venv/lib/python3.9/site-packages/airflow/example_dags/example_local_kubernetes_executor.py took 0.101 seconds
[2026-09-18T11:41:46.044+0700] {processor.py:186} INFO - Started process (PID=26116) to work on /Users/andreasanditya/Downloads/572392_Andreas_AirflowETL/code/.venv/lib/python3.9/site-packages/airflow/example_dags/example_local_kubernetes_executor.py
[2026-09-18T11:41:46.046+0700] {processor.py:914} INFO - Processing file /Users/andreasanditya/Downloads/572392_Andreas_AirflowETL/code/.venv/lib/python3.9/site-packages/airflow/example_dags/example_local_kubernetes_executor.py for tasks to queue
[2026-09-18T11:41:46.047+0700] {logging_mixin.py:190} INFO - [2026-09-18T11:41:46.047+0700] {dagbag.py:588} INFO - Filling up the DagBag from /Users/andreasanditya/Downloads/572392_Andreas_AirflowETL/code/.venv/lib/python3.9/site-packages/airflow/example_dags/example_local_kubernetes_executor.py
[2026-09-18T11:41:46.093+0700] {logging_mixin.py:190} INFO - [2026-09-18T11:41:46.093+0700] {example_local_kubernetes_executor.py:40} WARNING - Could not import DAGs in example_local_kubernetes_executor.py
Traceback (most recent call last):
  File "/Users/andreasanditya/Downloads/572392_Andreas_AirflowETL/code/.venv/lib/python3.9/site-packages/airflow/example_dags/example_local_kubernetes_executor.py", line 38, in <module>
    from kubernetes.client import models as k8s
ModuleNotFoundError: No module named 'kubernetes'
[2026-09-18T11:41:46.093+0700] {logging_mixin.py:190} INFO - [2026-09-18T11:41:46.093+0700] {example_local_kubernetes_executor.py:41} WARNING - Install Kubernetes dependencies with: pip install apache-airflow[cncf.kubernetes]
[2026-09-18T11:41:46.094+0700] {processor.py:927} WARNING - No viable dags retrieved from /Users/andreasanditya/Downloads/572392_Andreas_AirflowETL/code/.venv/lib/python3.9/site-packages/airflow/example_dags/example_local_kubernetes_executor.py
[2026-09-18T11:41:46.147+0700] {processor.py:208} INFO - Processing /Users/andreasanditya/Downloads/572392_Andreas_AirflowETL/code/.venv/lib/python3.9/site-packages/airflow/example_dags/example_local_kubernetes_executor.py took 0.105 seconds
[2026-09-18T11:44:41.281+0700] {processor.py:186} INFO - Started process (PID=27857) to work on /Users/andreasanditya/Downloads/572392_Andreas_AirflowETL/code/.venv/lib/python3.9/site-packages/airflow/example_dags/example_local_kubernetes_executor.py
[2026-09-18T11:44:41.282+0700] {processor.py:914} INFO - Processing file /Users/andreasanditya/Downloads/572392_Andreas_AirflowETL/code/.venv/lib/python3.9/site-packages/airflow/example_dags/example_local_kubernetes_executor.py for tasks to queue
[2026-09-18T11:44:41.282+0700] {logging_mixin.py:190} INFO - [2026-09-18T11:44:41.282+0700] {dagbag.py:588} INFO - Filling up the DagBag from /Users/andreasanditya/Downloads/572392_Andreas_AirflowETL/code/.venv/lib/python3.9/site-packages/airflow/example_dags/example_local_kubernetes_executor.py
[2026-09-18T11:44:41.326+0700] {logging_mixin.py:190} INFO - [2026-09-18T11:44:41.326+0700] {example_local_kubernetes_executor.py:40} WARNING - Could not import DAGs in example_local_kubernetes_executor.py
Traceback (most recent call last):
  File "/Users/andreasanditya/Downloads/572392_Andreas_AirflowETL/code/.venv/lib/python3.9/site-packages/airflow/example_dags/example_local_kubernetes_executor.py", line 38, in <module>
    from kubernetes.client import models as k8s
ModuleNotFoundError: No module named 'kubernetes'
[2026-09-18T11:44:41.327+0700] {logging_mixin.py:190} INFO - [2026-09-18T11:44:41.326+0700] {example_local_kubernetes_executor.py:41} WARNING - Install Kubernetes dependencies with: pip install apache-airflow[cncf.kubernetes]
[2026-09-18T11:44:41.327+0700] {processor.py:927} WARNING - No viable dags retrieved from /Users/andreasanditya/Downloads/572392_Andreas_AirflowETL/code/.venv/lib/python3.9/site-packages/airflow/example_dags/example_local_kubernetes_executor.py
[2026-09-18T11:44:41.380+0700] {processor.py:208} INFO - Processing /Users/andreasanditya/Downloads/572392_Andreas_AirflowETL/code/.venv/lib/python3.9/site-packages/airflow/example_dags/example_local_kubernetes_executor.py took 0.101 seconds
[2026-09-18T11:47:34.473+0700] {processor.py:186} INFO - Started process (PID=29564) to work on /Users/andreasanditya/Downloads/572392_Andreas_AirflowETL/code/.venv/lib/python3.9/site-packages/airflow/example_dags/example_local_kubernetes_executor.py
[2026-09-18T11:47:34.474+0700] {processor.py:914} INFO - Processing file /Users/andreasanditya/Downloads/572392_Andreas_AirflowETL/code/.venv/lib/python3.9/site-packages/airflow/example_dags/example_local_kubernetes_executor.py for tasks to queue
[2026-09-18T11:47:34.475+0700] {logging_mixin.py:190} INFO - [2026-09-18T11:47:34.475+0700] {dagbag.py:588} INFO - Filling up the DagBag from /Users/andreasanditya/Downloads/572392_Andreas_AirflowETL/code/.venv/lib/python3.9/site-packages/airflow/example_dags/example_local_kubernetes_executor.py
[2026-09-18T11:47:34.522+0700] {logging_mixin.py:190} INFO - [2026-09-18T11:47:34.521+0700] {example_local_kubernetes_executor.py:40} WARNING - Could not import DAGs in example_local_kubernetes_executor.py
Traceback (most recent call last):
  File "/Users/andreasanditya/Downloads/572392_Andreas_AirflowETL/code/.venv/lib/python3.9/site-packages/airflow/example_dags/example_local_kubernetes_executor.py", line 38, in <module>
    from kubernetes.client import models as k8s
ModuleNotFoundError: No module named 'kubernetes'
[2026-09-18T11:47:34.522+0700] {logging_mixin.py:190} INFO - [2026-09-18T11:47:34.522+0700] {example_local_kubernetes_executor.py:41} WARNING - Install Kubernetes dependencies with: pip install apache-airflow[cncf.kubernetes]
[2026-09-18T11:47:34.522+0700] {processor.py:927} WARNING - No viable dags retrieved from /Users/andreasanditya/Downloads/572392_Andreas_AirflowETL/code/.venv/lib/python3.9/site-packages/airflow/example_dags/example_local_kubernetes_executor.py
[2026-09-18T11:47:34.577+0700] {processor.py:208} INFO - Processing /Users/andreasanditya/Downloads/572392_Andreas_AirflowETL/code/.venv/lib/python3.9/site-packages/airflow/example_dags/example_local_kubernetes_executor.py took 0.105 seconds
[2026-09-18T11:50:26.980+0700] {processor.py:186} INFO - Started process (PID=31327) to work on /Users/andreasanditya/Downloads/572392_Andreas_AirflowETL/code/.venv/lib/python3.9/site-packages/airflow/example_dags/example_local_kubernetes_executor.py
[2026-09-18T11:50:26.981+0700] {processor.py:914} INFO - Processing file /Users/andreasanditya/Downloads/572392_Andreas_AirflowETL/code/.venv/lib/python3.9/site-packages/airflow/example_dags/example_local_kubernetes_executor.py for tasks to queue
[2026-09-18T11:50:26.982+0700] {logging_mixin.py:190} INFO - [2026-09-18T11:50:26.982+0700] {dagbag.py:588} INFO - Filling up the DagBag from /Users/andreasanditya/Downloads/572392_Andreas_AirflowETL/code/.venv/lib/python3.9/site-packages/airflow/example_dags/example_local_kubernetes_executor.py
[2026-09-18T11:50:27.027+0700] {logging_mixin.py:190} INFO - [2026-09-18T11:50:27.027+0700] {example_local_kubernetes_executor.py:40} WARNING - Could not import DAGs in example_local_kubernetes_executor.py
Traceback (most recent call last):
  File "/Users/andreasanditya/Downloads/572392_Andreas_AirflowETL/code/.venv/lib/python3.9/site-packages/airflow/example_dags/example_local_kubernetes_executor.py", line 38, in <module>
    from kubernetes.client import models as k8s
ModuleNotFoundError: No module named 'kubernetes'
[2026-09-18T11:50:27.028+0700] {logging_mixin.py:190} INFO - [2026-09-18T11:50:27.027+0700] {example_local_kubernetes_executor.py:41} WARNING - Install Kubernetes dependencies with: pip install apache-airflow[cncf.kubernetes]
[2026-09-18T11:50:27.028+0700] {processor.py:927} WARNING - No viable dags retrieved from /Users/andreasanditya/Downloads/572392_Andreas_AirflowETL/code/.venv/lib/python3.9/site-packages/airflow/example_dags/example_local_kubernetes_executor.py
[2026-09-18T11:50:27.080+0700] {processor.py:208} INFO - Processing /Users/andreasanditya/Downloads/572392_Andreas_AirflowETL/code/.venv/lib/python3.9/site-packages/airflow/example_dags/example_local_kubernetes_executor.py took 0.103 seconds
[2026-09-18T11:53:18.772+0700] {processor.py:186} INFO - Started process (PID=33040) to work on /Users/andreasanditya/Downloads/572392_Andreas_AirflowETL/code/.venv/lib/python3.9/site-packages/airflow/example_dags/example_local_kubernetes_executor.py
[2026-09-18T11:53:18.774+0700] {processor.py:914} INFO - Processing file /Users/andreasanditya/Downloads/572392_Andreas_AirflowETL/code/.venv/lib/python3.9/site-packages/airflow/example_dags/example_local_kubernetes_executor.py for tasks to queue
[2026-09-18T11:53:18.774+0700] {logging_mixin.py:190} INFO - [2026-09-18T11:53:18.774+0700] {dagbag.py:588} INFO - Filling up the DagBag from /Users/andreasanditya/Downloads/572392_Andreas_AirflowETL/code/.venv/lib/python3.9/site-packages/airflow/example_dags/example_local_kubernetes_executor.py
[2026-09-18T11:53:18.818+0700] {logging_mixin.py:190} INFO - [2026-09-18T11:53:18.818+0700] {example_local_kubernetes_executor.py:40} WARNING - Could not import DAGs in example_local_kubernetes_executor.py
Traceback (most recent call last):
  File "/Users/andreasanditya/Downloads/572392_Andreas_AirflowETL/code/.venv/lib/python3.9/site-packages/airflow/example_dags/example_local_kubernetes_executor.py", line 38, in <module>
    from kubernetes.client import models as k8s
ModuleNotFoundError: No module named 'kubernetes'
[2026-09-18T11:53:18.819+0700] {logging_mixin.py:190} INFO - [2026-09-18T11:53:18.819+0700] {example_local_kubernetes_executor.py:41} WARNING - Install Kubernetes dependencies with: pip install apache-airflow[cncf.kubernetes]
[2026-09-18T11:53:18.819+0700] {processor.py:927} WARNING - No viable dags retrieved from /Users/andreasanditya/Downloads/572392_Andreas_AirflowETL/code/.venv/lib/python3.9/site-packages/airflow/example_dags/example_local_kubernetes_executor.py
[2026-09-18T11:53:18.873+0700] {processor.py:208} INFO - Processing /Users/andreasanditya/Downloads/572392_Andreas_AirflowETL/code/.venv/lib/python3.9/site-packages/airflow/example_dags/example_local_kubernetes_executor.py took 0.103 seconds
[2026-09-18T11:56:13.294+0700] {processor.py:186} INFO - Started process (PID=34842) to work on /Users/andreasanditya/Downloads/572392_Andreas_AirflowETL/code/.venv/lib/python3.9/site-packages/airflow/example_dags/example_local_kubernetes_executor.py
[2026-09-18T11:56:13.294+0700] {processor.py:914} INFO - Processing file /Users/andreasanditya/Downloads/572392_Andreas_AirflowETL/code/.venv/lib/python3.9/site-packages/airflow/example_dags/example_local_kubernetes_executor.py for tasks to queue
[2026-09-18T11:56:13.295+0700] {logging_mixin.py:190} INFO - [2026-09-18T11:56:13.295+0700] {dagbag.py:588} INFO - Filling up the DagBag from /Users/andreasanditya/Downloads/572392_Andreas_AirflowETL/code/.venv/lib/python3.9/site-packages/airflow/example_dags/example_local_kubernetes_executor.py
[2026-09-18T11:56:13.340+0700] {logging_mixin.py:190} INFO - [2026-09-18T11:56:13.339+0700] {example_local_kubernetes_executor.py:40} WARNING - Could not import DAGs in example_local_kubernetes_executor.py
Traceback (most recent call last):
  File "/Users/andreasanditya/Downloads/572392_Andreas_AirflowETL/code/.venv/lib/python3.9/site-packages/airflow/example_dags/example_local_kubernetes_executor.py", line 38, in <module>
    from kubernetes.client import models as k8s
ModuleNotFoundError: No module named 'kubernetes'
[2026-09-18T11:56:13.340+0700] {logging_mixin.py:190} INFO - [2026-09-18T11:56:13.340+0700] {example_local_kubernetes_executor.py:41} WARNING - Install Kubernetes dependencies with: pip install apache-airflow[cncf.kubernetes]
[2026-09-18T11:56:13.340+0700] {processor.py:927} WARNING - No viable dags retrieved from /Users/andreasanditya/Downloads/572392_Andreas_AirflowETL/code/.venv/lib/python3.9/site-packages/airflow/example_dags/example_local_kubernetes_executor.py
[2026-09-18T11:56:13.393+0700] {processor.py:208} INFO - Processing /Users/andreasanditya/Downloads/572392_Andreas_AirflowETL/code/.venv/lib/python3.9/site-packages/airflow/example_dags/example_local_kubernetes_executor.py took 0.102 seconds
[2026-09-18T11:59:05.553+0700] {processor.py:186} INFO - Started process (PID=36523) to work on /Users/andreasanditya/Downloads/572392_Andreas_AirflowETL/code/.venv/lib/python3.9/site-packages/airflow/example_dags/example_local_kubernetes_executor.py
[2026-09-18T11:59:05.555+0700] {processor.py:914} INFO - Processing file /Users/andreasanditya/Downloads/572392_Andreas_AirflowETL/code/.venv/lib/python3.9/site-packages/airflow/example_dags/example_local_kubernetes_executor.py for tasks to queue
[2026-09-18T11:59:05.556+0700] {logging_mixin.py:190} INFO - [2026-09-18T11:59:05.556+0700] {dagbag.py:588} INFO - Filling up the DagBag from /Users/andreasanditya/Downloads/572392_Andreas_AirflowETL/code/.venv/lib/python3.9/site-packages/airflow/example_dags/example_local_kubernetes_executor.py
[2026-09-18T11:59:05.602+0700] {logging_mixin.py:190} INFO - [2026-09-18T11:59:05.602+0700] {example_local_kubernetes_executor.py:40} WARNING - Could not import DAGs in example_local_kubernetes_executor.py
Traceback (most recent call last):
  File "/Users/andreasanditya/Downloads/572392_Andreas_AirflowETL/code/.venv/lib/python3.9/site-packages/airflow/example_dags/example_local_kubernetes_executor.py", line 38, in <module>
    from kubernetes.client import models as k8s
ModuleNotFoundError: No module named 'kubernetes'
[2026-09-18T11:59:05.602+0700] {logging_mixin.py:190} INFO - [2026-09-18T11:59:05.602+0700] {example_local_kubernetes_executor.py:41} WARNING - Install Kubernetes dependencies with: pip install apache-airflow[cncf.kubernetes]
[2026-09-18T11:59:05.602+0700] {processor.py:927} WARNING - No viable dags retrieved from /Users/andreasanditya/Downloads/572392_Andreas_AirflowETL/code/.venv/lib/python3.9/site-packages/airflow/example_dags/example_local_kubernetes_executor.py
[2026-09-18T11:59:05.655+0700] {processor.py:208} INFO - Processing /Users/andreasanditya/Downloads/572392_Andreas_AirflowETL/code/.venv/lib/python3.9/site-packages/airflow/example_dags/example_local_kubernetes_executor.py took 0.105 seconds
[2026-09-18T12:01:59.051+0700] {processor.py:186} INFO - Started process (PID=38347) to work on /Users/andreasanditya/Downloads/572392_Andreas_AirflowETL/code/.venv/lib/python3.9/site-packages/airflow/example_dags/example_local_kubernetes_executor.py
[2026-09-18T12:01:59.052+0700] {processor.py:914} INFO - Processing file /Users/andreasanditya/Downloads/572392_Andreas_AirflowETL/code/.venv/lib/python3.9/site-packages/airflow/example_dags/example_local_kubernetes_executor.py for tasks to queue
[2026-09-18T12:01:59.053+0700] {logging_mixin.py:190} INFO - [2026-09-18T12:01:59.053+0700] {dagbag.py:588} INFO - Filling up the DagBag from /Users/andreasanditya/Downloads/572392_Andreas_AirflowETL/code/.venv/lib/python3.9/site-packages/airflow/example_dags/example_local_kubernetes_executor.py
[2026-09-18T12:01:59.097+0700] {logging_mixin.py:190} INFO - [2026-09-18T12:01:59.097+0700] {example_local_kubernetes_executor.py:40} WARNING - Could not import DAGs in example_local_kubernetes_executor.py
Traceback (most recent call last):
  File "/Users/andreasanditya/Downloads/572392_Andreas_AirflowETL/code/.venv/lib/python3.9/site-packages/airflow/example_dags/example_local_kubernetes_executor.py", line 38, in <module>
    from kubernetes.client import models as k8s
ModuleNotFoundError: No module named 'kubernetes'
[2026-09-18T12:01:59.097+0700] {logging_mixin.py:190} INFO - [2026-09-18T12:01:59.097+0700] {example_local_kubernetes_executor.py:41} WARNING - Install Kubernetes dependencies with: pip install apache-airflow[cncf.kubernetes]
[2026-09-18T12:01:59.098+0700] {processor.py:927} WARNING - No viable dags retrieved from /Users/andreasanditya/Downloads/572392_Andreas_AirflowETL/code/.venv/lib/python3.9/site-packages/airflow/example_dags/example_local_kubernetes_executor.py
[2026-09-18T12:01:59.151+0700] {processor.py:208} INFO - Processing /Users/andreasanditya/Downloads/572392_Andreas_AirflowETL/code/.venv/lib/python3.9/site-packages/airflow/example_dags/example_local_kubernetes_executor.py took 0.101 seconds
[2026-09-18T12:04:52.391+0700] {processor.py:186} INFO - Started process (PID=40093) to work on /Users/andreasanditya/Downloads/572392_Andreas_AirflowETL/code/.venv/lib/python3.9/site-packages/airflow/example_dags/example_local_kubernetes_executor.py
[2026-09-18T12:04:52.392+0700] {processor.py:914} INFO - Processing file /Users/andreasanditya/Downloads/572392_Andreas_AirflowETL/code/.venv/lib/python3.9/site-packages/airflow/example_dags/example_local_kubernetes_executor.py for tasks to queue
[2026-09-18T12:04:52.393+0700] {logging_mixin.py:190} INFO - [2026-09-18T12:04:52.393+0700] {dagbag.py:588} INFO - Filling up the DagBag from /Users/andreasanditya/Downloads/572392_Andreas_AirflowETL/code/.venv/lib/python3.9/site-packages/airflow/example_dags/example_local_kubernetes_executor.py
[2026-09-18T12:04:52.437+0700] {logging_mixin.py:190} INFO - [2026-09-18T12:04:52.437+0700] {example_local_kubernetes_executor.py:40} WARNING - Could not import DAGs in example_local_kubernetes_executor.py
Traceback (most recent call last):
  File "/Users/andreasanditya/Downloads/572392_Andreas_AirflowETL/code/.venv/lib/python3.9/site-packages/airflow/example_dags/example_local_kubernetes_executor.py", line 38, in <module>
    from kubernetes.client import models as k8s
ModuleNotFoundError: No module named 'kubernetes'
[2026-09-18T12:04:52.437+0700] {logging_mixin.py:190} INFO - [2026-09-18T12:04:52.437+0700] {example_local_kubernetes_executor.py:41} WARNING - Install Kubernetes dependencies with: pip install apache-airflow[cncf.kubernetes]
[2026-09-18T12:04:52.437+0700] {processor.py:927} WARNING - No viable dags retrieved from /Users/andreasanditya/Downloads/572392_Andreas_AirflowETL/code/.venv/lib/python3.9/site-packages/airflow/example_dags/example_local_kubernetes_executor.py
[2026-09-18T12:04:52.490+0700] {processor.py:208} INFO - Processing /Users/andreasanditya/Downloads/572392_Andreas_AirflowETL/code/.venv/lib/python3.9/site-packages/airflow/example_dags/example_local_kubernetes_executor.py took 0.100 seconds
[2026-09-18T12:07:48.146+0700] {processor.py:186} INFO - Started process (PID=41843) to work on /Users/andreasanditya/Downloads/572392_Andreas_AirflowETL/code/.venv/lib/python3.9/site-packages/airflow/example_dags/example_local_kubernetes_executor.py
[2026-09-18T12:07:48.147+0700] {processor.py:914} INFO - Processing file /Users/andreasanditya/Downloads/572392_Andreas_AirflowETL/code/.venv/lib/python3.9/site-packages/airflow/example_dags/example_local_kubernetes_executor.py for tasks to queue
[2026-09-18T12:07:48.148+0700] {logging_mixin.py:190} INFO - [2026-09-18T12:07:48.148+0700] {dagbag.py:588} INFO - Filling up the DagBag from /Users/andreasanditya/Downloads/572392_Andreas_AirflowETL/code/.venv/lib/python3.9/site-packages/airflow/example_dags/example_local_kubernetes_executor.py
[2026-09-18T12:07:48.193+0700] {logging_mixin.py:190} INFO - [2026-09-18T12:07:48.193+0700] {example_local_kubernetes_executor.py:40} WARNING - Could not import DAGs in example_local_kubernetes_executor.py
Traceback (most recent call last):
  File "/Users/andreasanditya/Downloads/572392_Andreas_AirflowETL/code/.venv/lib/python3.9/site-packages/airflow/example_dags/example_local_kubernetes_executor.py", line 38, in <module>
    from kubernetes.client import models as k8s
ModuleNotFoundError: No module named 'kubernetes'
[2026-09-18T12:07:48.194+0700] {logging_mixin.py:190} INFO - [2026-09-18T12:07:48.194+0700] {example_local_kubernetes_executor.py:41} WARNING - Install Kubernetes dependencies with: pip install apache-airflow[cncf.kubernetes]
[2026-09-18T12:07:48.194+0700] {processor.py:927} WARNING - No viable dags retrieved from /Users/andreasanditya/Downloads/572392_Andreas_AirflowETL/code/.venv/lib/python3.9/site-packages/airflow/example_dags/example_local_kubernetes_executor.py
[2026-09-18T12:07:48.250+0700] {processor.py:208} INFO - Processing /Users/andreasanditya/Downloads/572392_Andreas_AirflowETL/code/.venv/lib/python3.9/site-packages/airflow/example_dags/example_local_kubernetes_executor.py took 0.107 seconds
[2026-09-18T12:10:40.118+0700] {processor.py:186} INFO - Started process (PID=43582) to work on /Users/andreasanditya/Downloads/572392_Andreas_AirflowETL/code/.venv/lib/python3.9/site-packages/airflow/example_dags/example_local_kubernetes_executor.py
[2026-09-18T12:10:40.120+0700] {processor.py:914} INFO - Processing file /Users/andreasanditya/Downloads/572392_Andreas_AirflowETL/code/.venv/lib/python3.9/site-packages/airflow/example_dags/example_local_kubernetes_executor.py for tasks to queue
[2026-09-18T12:10:40.120+0700] {logging_mixin.py:190} INFO - [2026-09-18T12:10:40.120+0700] {dagbag.py:588} INFO - Filling up the DagBag from /Users/andreasanditya/Downloads/572392_Andreas_AirflowETL/code/.venv/lib/python3.9/site-packages/airflow/example_dags/example_local_kubernetes_executor.py
[2026-09-18T12:10:40.166+0700] {logging_mixin.py:190} INFO - [2026-09-18T12:10:40.166+0700] {example_local_kubernetes_executor.py:40} WARNING - Could not import DAGs in example_local_kubernetes_executor.py
Traceback (most recent call last):
  File "/Users/andreasanditya/Downloads/572392_Andreas_AirflowETL/code/.venv/lib/python3.9/site-packages/airflow/example_dags/example_local_kubernetes_executor.py", line 38, in <module>
    from kubernetes.client import models as k8s
ModuleNotFoundError: No module named 'kubernetes'
[2026-09-18T12:10:40.166+0700] {logging_mixin.py:190} INFO - [2026-09-18T12:10:40.166+0700] {example_local_kubernetes_executor.py:41} WARNING - Install Kubernetes dependencies with: pip install apache-airflow[cncf.kubernetes]
[2026-09-18T12:10:40.166+0700] {processor.py:927} WARNING - No viable dags retrieved from /Users/andreasanditya/Downloads/572392_Andreas_AirflowETL/code/.venv/lib/python3.9/site-packages/airflow/example_dags/example_local_kubernetes_executor.py
[2026-09-18T12:10:40.220+0700] {processor.py:208} INFO - Processing /Users/andreasanditya/Downloads/572392_Andreas_AirflowETL/code/.venv/lib/python3.9/site-packages/airflow/example_dags/example_local_kubernetes_executor.py took 0.104 seconds
[2026-09-18T12:13:38.659+0700] {processor.py:186} INFO - Started process (PID=46222) to work on /Users/andreasanditya/Downloads/572392_Andreas_AirflowETL/code/.venv/lib/python3.9/site-packages/airflow/example_dags/example_local_kubernetes_executor.py
[2026-09-18T12:13:38.660+0700] {processor.py:914} INFO - Processing file /Users/andreasanditya/Downloads/572392_Andreas_AirflowETL/code/.venv/lib/python3.9/site-packages/airflow/example_dags/example_local_kubernetes_executor.py for tasks to queue
[2026-09-18T12:13:38.661+0700] {logging_mixin.py:190} INFO - [2026-09-18T12:13:38.660+0700] {dagbag.py:588} INFO - Filling up the DagBag from /Users/andreasanditya/Downloads/572392_Andreas_AirflowETL/code/.venv/lib/python3.9/site-packages/airflow/example_dags/example_local_kubernetes_executor.py
[2026-09-18T12:13:38.705+0700] {logging_mixin.py:190} INFO - [2026-09-18T12:13:38.705+0700] {example_local_kubernetes_executor.py:40} WARNING - Could not import DAGs in example_local_kubernetes_executor.py
Traceback (most recent call last):
  File "/Users/andreasanditya/Downloads/572392_Andreas_AirflowETL/code/.venv/lib/python3.9/site-packages/airflow/example_dags/example_local_kubernetes_executor.py", line 38, in <module>
    from kubernetes.client import models as k8s
ModuleNotFoundError: No module named 'kubernetes'
[2026-09-18T12:13:38.705+0700] {logging_mixin.py:190} INFO - [2026-09-18T12:13:38.705+0700] {example_local_kubernetes_executor.py:41} WARNING - Install Kubernetes dependencies with: pip install apache-airflow[cncf.kubernetes]
[2026-09-18T12:13:38.705+0700] {processor.py:927} WARNING - No viable dags retrieved from /Users/andreasanditya/Downloads/572392_Andreas_AirflowETL/code/.venv/lib/python3.9/site-packages/airflow/example_dags/example_local_kubernetes_executor.py
[2026-09-18T12:13:38.759+0700] {processor.py:208} INFO - Processing /Users/andreasanditya/Downloads/572392_Andreas_AirflowETL/code/.venv/lib/python3.9/site-packages/airflow/example_dags/example_local_kubernetes_executor.py took 0.102 seconds
[2026-09-18T12:16:33.586+0700] {processor.py:186} INFO - Started process (PID=48981) to work on /Users/andreasanditya/Downloads/572392_Andreas_AirflowETL/code/.venv/lib/python3.9/site-packages/airflow/example_dags/example_local_kubernetes_executor.py
[2026-09-18T12:16:33.587+0700] {processor.py:914} INFO - Processing file /Users/andreasanditya/Downloads/572392_Andreas_AirflowETL/code/.venv/lib/python3.9/site-packages/airflow/example_dags/example_local_kubernetes_executor.py for tasks to queue
[2026-09-18T12:16:33.588+0700] {logging_mixin.py:190} INFO - [2026-09-18T12:16:33.588+0700] {dagbag.py:588} INFO - Filling up the DagBag from /Users/andreasanditya/Downloads/572392_Andreas_AirflowETL/code/.venv/lib/python3.9/site-packages/airflow/example_dags/example_local_kubernetes_executor.py
[2026-09-18T12:16:33.634+0700] {logging_mixin.py:190} INFO - [2026-09-18T12:16:33.633+0700] {example_local_kubernetes_executor.py:40} WARNING - Could not import DAGs in example_local_kubernetes_executor.py
Traceback (most recent call last):
  File "/Users/andreasanditya/Downloads/572392_Andreas_AirflowETL/code/.venv/lib/python3.9/site-packages/airflow/example_dags/example_local_kubernetes_executor.py", line 38, in <module>
    from kubernetes.client import models as k8s
ModuleNotFoundError: No module named 'kubernetes'
[2026-09-18T12:16:33.634+0700] {logging_mixin.py:190} INFO - [2026-09-18T12:16:33.634+0700] {example_local_kubernetes_executor.py:41} WARNING - Install Kubernetes dependencies with: pip install apache-airflow[cncf.kubernetes]
[2026-09-18T12:16:33.634+0700] {processor.py:927} WARNING - No viable dags retrieved from /Users/andreasanditya/Downloads/572392_Andreas_AirflowETL/code/.venv/lib/python3.9/site-packages/airflow/example_dags/example_local_kubernetes_executor.py
[2026-09-18T12:16:33.687+0700] {processor.py:208} INFO - Processing /Users/andreasanditya/Downloads/572392_Andreas_AirflowETL/code/.venv/lib/python3.9/site-packages/airflow/example_dags/example_local_kubernetes_executor.py took 0.103 seconds
[2026-09-18T12:19:32.827+0700] {processor.py:186} INFO - Started process (PID=51947) to work on /Users/andreasanditya/Downloads/572392_Andreas_AirflowETL/code/.venv/lib/python3.9/site-packages/airflow/example_dags/example_local_kubernetes_executor.py
[2026-09-18T12:19:32.828+0700] {processor.py:914} INFO - Processing file /Users/andreasanditya/Downloads/572392_Andreas_AirflowETL/code/.venv/lib/python3.9/site-packages/airflow/example_dags/example_local_kubernetes_executor.py for tasks to queue
[2026-09-18T12:19:32.829+0700] {logging_mixin.py:190} INFO - [2026-09-18T12:19:32.829+0700] {dagbag.py:588} INFO - Filling up the DagBag from /Users/andreasanditya/Downloads/572392_Andreas_AirflowETL/code/.venv/lib/python3.9/site-packages/airflow/example_dags/example_local_kubernetes_executor.py
[2026-09-18T12:19:32.874+0700] {logging_mixin.py:190} INFO - [2026-09-18T12:19:32.873+0700] {example_local_kubernetes_executor.py:40} WARNING - Could not import DAGs in example_local_kubernetes_executor.py
Traceback (most recent call last):
  File "/Users/andreasanditya/Downloads/572392_Andreas_AirflowETL/code/.venv/lib/python3.9/site-packages/airflow/example_dags/example_local_kubernetes_executor.py", line 38, in <module>
    from kubernetes.client import models as k8s
ModuleNotFoundError: No module named 'kubernetes'
[2026-09-18T12:19:32.874+0700] {logging_mixin.py:190} INFO - [2026-09-18T12:19:32.874+0700] {example_local_kubernetes_executor.py:41} WARNING - Install Kubernetes dependencies with: pip install apache-airflow[cncf.kubernetes]
[2026-09-18T12:19:32.874+0700] {processor.py:927} WARNING - No viable dags retrieved from /Users/andreasanditya/Downloads/572392_Andreas_AirflowETL/code/.venv/lib/python3.9/site-packages/airflow/example_dags/example_local_kubernetes_executor.py
[2026-09-18T12:19:32.927+0700] {processor.py:208} INFO - Processing /Users/andreasanditya/Downloads/572392_Andreas_AirflowETL/code/.venv/lib/python3.9/site-packages/airflow/example_dags/example_local_kubernetes_executor.py took 0.102 seconds
[2026-09-18T12:22:26.830+0700] {processor.py:186} INFO - Started process (PID=54261) to work on /Users/andreasanditya/Downloads/572392_Andreas_AirflowETL/code/.venv/lib/python3.9/site-packages/airflow/example_dags/example_local_kubernetes_executor.py
[2026-09-18T12:22:26.831+0700] {processor.py:914} INFO - Processing file /Users/andreasanditya/Downloads/572392_Andreas_AirflowETL/code/.venv/lib/python3.9/site-packages/airflow/example_dags/example_local_kubernetes_executor.py for tasks to queue
[2026-09-18T12:22:26.831+0700] {logging_mixin.py:190} INFO - [2026-09-18T12:22:26.831+0700] {dagbag.py:588} INFO - Filling up the DagBag from /Users/andreasanditya/Downloads/572392_Andreas_AirflowETL/code/.venv/lib/python3.9/site-packages/airflow/example_dags/example_local_kubernetes_executor.py
[2026-09-18T12:22:26.878+0700] {logging_mixin.py:190} INFO - [2026-09-18T12:22:26.877+0700] {example_local_kubernetes_executor.py:40} WARNING - Could not import DAGs in example_local_kubernetes_executor.py
Traceback (most recent call last):
  File "/Users/andreasanditya/Downloads/572392_Andreas_AirflowETL/code/.venv/lib/python3.9/site-packages/airflow/example_dags/example_local_kubernetes_executor.py", line 38, in <module>
    from kubernetes.client import models as k8s
ModuleNotFoundError: No module named 'kubernetes'
[2026-09-18T12:22:26.878+0700] {logging_mixin.py:190} INFO - [2026-09-18T12:22:26.878+0700] {example_local_kubernetes_executor.py:41} WARNING - Install Kubernetes dependencies with: pip install apache-airflow[cncf.kubernetes]
[2026-09-18T12:22:26.878+0700] {processor.py:927} WARNING - No viable dags retrieved from /Users/andreasanditya/Downloads/572392_Andreas_AirflowETL/code/.venv/lib/python3.9/site-packages/airflow/example_dags/example_local_kubernetes_executor.py
[2026-09-18T12:22:26.931+0700] {processor.py:208} INFO - Processing /Users/andreasanditya/Downloads/572392_Andreas_AirflowETL/code/.venv/lib/python3.9/site-packages/airflow/example_dags/example_local_kubernetes_executor.py took 0.104 seconds
[2026-09-18T12:25:20.013+0700] {processor.py:186} INFO - Started process (PID=56021) to work on /Users/andreasanditya/Downloads/572392_Andreas_AirflowETL/code/.venv/lib/python3.9/site-packages/airflow/example_dags/example_local_kubernetes_executor.py
[2026-09-18T12:25:20.171+0700] {processor.py:914} INFO - Processing file /Users/andreasanditya/Downloads/572392_Andreas_AirflowETL/code/.venv/lib/python3.9/site-packages/airflow/example_dags/example_local_kubernetes_executor.py for tasks to queue
[2026-09-18T12:25:20.173+0700] {logging_mixin.py:190} INFO - [2026-09-18T12:25:20.173+0700] {dagbag.py:588} INFO - Filling up the DagBag from /Users/andreasanditya/Downloads/572392_Andreas_AirflowETL/code/.venv/lib/python3.9/site-packages/airflow/example_dags/example_local_kubernetes_executor.py
[2026-09-18T12:25:20.237+0700] {logging_mixin.py:190} INFO - [2026-09-18T12:25:20.236+0700] {example_local_kubernetes_executor.py:40} WARNING - Could not import DAGs in example_local_kubernetes_executor.py
Traceback (most recent call last):
  File "/Users/andreasanditya/Downloads/572392_Andreas_AirflowETL/code/.venv/lib/python3.9/site-packages/airflow/example_dags/example_local_kubernetes_executor.py", line 38, in <module>
    from kubernetes.client import models as k8s
ModuleNotFoundError: No module named 'kubernetes'
[2026-09-18T12:25:20.237+0700] {logging_mixin.py:190} INFO - [2026-09-18T12:25:20.237+0700] {example_local_kubernetes_executor.py:41} WARNING - Install Kubernetes dependencies with: pip install apache-airflow[cncf.kubernetes]
[2026-09-18T12:25:20.237+0700] {processor.py:927} WARNING - No viable dags retrieved from /Users/andreasanditya/Downloads/572392_Andreas_AirflowETL/code/.venv/lib/python3.9/site-packages/airflow/example_dags/example_local_kubernetes_executor.py
[2026-09-18T12:25:20.293+0700] {processor.py:208} INFO - Processing /Users/andreasanditya/Downloads/572392_Andreas_AirflowETL/code/.venv/lib/python3.9/site-packages/airflow/example_dags/example_local_kubernetes_executor.py took 0.282 seconds
[2026-09-18T12:28:13.647+0700] {processor.py:186} INFO - Started process (PID=57863) to work on /Users/andreasanditya/Downloads/572392_Andreas_AirflowETL/code/.venv/lib/python3.9/site-packages/airflow/example_dags/example_local_kubernetes_executor.py
[2026-09-18T12:28:13.648+0700] {processor.py:914} INFO - Processing file /Users/andreasanditya/Downloads/572392_Andreas_AirflowETL/code/.venv/lib/python3.9/site-packages/airflow/example_dags/example_local_kubernetes_executor.py for tasks to queue
[2026-09-18T12:28:13.648+0700] {logging_mixin.py:190} INFO - [2026-09-18T12:28:13.648+0700] {dagbag.py:588} INFO - Filling up the DagBag from /Users/andreasanditya/Downloads/572392_Andreas_AirflowETL/code/.venv/lib/python3.9/site-packages/airflow/example_dags/example_local_kubernetes_executor.py
[2026-09-18T12:28:13.692+0700] {logging_mixin.py:190} INFO - [2026-09-18T12:28:13.692+0700] {example_local_kubernetes_executor.py:40} WARNING - Could not import DAGs in example_local_kubernetes_executor.py
Traceback (most recent call last):
  File "/Users/andreasanditya/Downloads/572392_Andreas_AirflowETL/code/.venv/lib/python3.9/site-packages/airflow/example_dags/example_local_kubernetes_executor.py", line 38, in <module>
    from kubernetes.client import models as k8s
ModuleNotFoundError: No module named 'kubernetes'
[2026-09-18T12:28:13.692+0700] {logging_mixin.py:190} INFO - [2026-09-18T12:28:13.692+0700] {example_local_kubernetes_executor.py:41} WARNING - Install Kubernetes dependencies with: pip install apache-airflow[cncf.kubernetes]
[2026-09-18T12:28:13.692+0700] {processor.py:927} WARNING - No viable dags retrieved from /Users/andreasanditya/Downloads/572392_Andreas_AirflowETL/code/.venv/lib/python3.9/site-packages/airflow/example_dags/example_local_kubernetes_executor.py
[2026-09-18T12:28:13.745+0700] {processor.py:208} INFO - Processing /Users/andreasanditya/Downloads/572392_Andreas_AirflowETL/code/.venv/lib/python3.9/site-packages/airflow/example_dags/example_local_kubernetes_executor.py took 0.100 seconds
[2026-09-18T12:31:00.439+0700] {processor.py:186} INFO - Started process (PID=59532) to work on /Users/andreasanditya/Downloads/572392_Andreas_AirflowETL/code/.venv/lib/python3.9/site-packages/airflow/example_dags/example_local_kubernetes_executor.py
[2026-09-18T12:31:00.441+0700] {processor.py:914} INFO - Processing file /Users/andreasanditya/Downloads/572392_Andreas_AirflowETL/code/.venv/lib/python3.9/site-packages/airflow/example_dags/example_local_kubernetes_executor.py for tasks to queue
[2026-09-18T12:31:00.441+0700] {logging_mixin.py:190} INFO - [2026-09-18T12:31:00.441+0700] {dagbag.py:588} INFO - Filling up the DagBag from /Users/andreasanditya/Downloads/572392_Andreas_AirflowETL/code/.venv/lib/python3.9/site-packages/airflow/example_dags/example_local_kubernetes_executor.py
[2026-09-18T12:31:00.485+0700] {logging_mixin.py:190} INFO - [2026-09-18T12:31:00.484+0700] {example_local_kubernetes_executor.py:40} WARNING - Could not import DAGs in example_local_kubernetes_executor.py
Traceback (most recent call last):
  File "/Users/andreasanditya/Downloads/572392_Andreas_AirflowETL/code/.venv/lib/python3.9/site-packages/airflow/example_dags/example_local_kubernetes_executor.py", line 38, in <module>
    from kubernetes.client import models as k8s
ModuleNotFoundError: No module named 'kubernetes'
[2026-09-18T12:31:00.485+0700] {logging_mixin.py:190} INFO - [2026-09-18T12:31:00.485+0700] {example_local_kubernetes_executor.py:41} WARNING - Install Kubernetes dependencies with: pip install apache-airflow[cncf.kubernetes]
[2026-09-18T12:31:00.485+0700] {processor.py:927} WARNING - No viable dags retrieved from /Users/andreasanditya/Downloads/572392_Andreas_AirflowETL/code/.venv/lib/python3.9/site-packages/airflow/example_dags/example_local_kubernetes_executor.py
[2026-09-18T12:31:00.538+0700] {processor.py:208} INFO - Processing /Users/andreasanditya/Downloads/572392_Andreas_AirflowETL/code/.venv/lib/python3.9/site-packages/airflow/example_dags/example_local_kubernetes_executor.py took 0.101 seconds
[2026-09-18T12:33:50.983+0700] {processor.py:186} INFO - Started process (PID=61292) to work on /Users/andreasanditya/Downloads/572392_Andreas_AirflowETL/code/.venv/lib/python3.9/site-packages/airflow/example_dags/example_local_kubernetes_executor.py
[2026-09-18T12:33:50.984+0700] {processor.py:914} INFO - Processing file /Users/andreasanditya/Downloads/572392_Andreas_AirflowETL/code/.venv/lib/python3.9/site-packages/airflow/example_dags/example_local_kubernetes_executor.py for tasks to queue
[2026-09-18T12:33:50.985+0700] {logging_mixin.py:190} INFO - [2026-09-18T12:33:50.985+0700] {dagbag.py:588} INFO - Filling up the DagBag from /Users/andreasanditya/Downloads/572392_Andreas_AirflowETL/code/.venv/lib/python3.9/site-packages/airflow/example_dags/example_local_kubernetes_executor.py
[2026-09-18T12:33:51.029+0700] {logging_mixin.py:190} INFO - [2026-09-18T12:33:51.029+0700] {example_local_kubernetes_executor.py:40} WARNING - Could not import DAGs in example_local_kubernetes_executor.py
Traceback (most recent call last):
  File "/Users/andreasanditya/Downloads/572392_Andreas_AirflowETL/code/.venv/lib/python3.9/site-packages/airflow/example_dags/example_local_kubernetes_executor.py", line 38, in <module>
    from kubernetes.client import models as k8s
ModuleNotFoundError: No module named 'kubernetes'
[2026-09-18T12:33:51.030+0700] {logging_mixin.py:190} INFO - [2026-09-18T12:33:51.030+0700] {example_local_kubernetes_executor.py:41} WARNING - Install Kubernetes dependencies with: pip install apache-airflow[cncf.kubernetes]
[2026-09-18T12:33:51.030+0700] {processor.py:927} WARNING - No viable dags retrieved from /Users/andreasanditya/Downloads/572392_Andreas_AirflowETL/code/.venv/lib/python3.9/site-packages/airflow/example_dags/example_local_kubernetes_executor.py
[2026-09-18T12:33:51.083+0700] {processor.py:208} INFO - Processing /Users/andreasanditya/Downloads/572392_Andreas_AirflowETL/code/.venv/lib/python3.9/site-packages/airflow/example_dags/example_local_kubernetes_executor.py took 0.102 seconds
[2026-09-18T12:36:40.688+0700] {processor.py:186} INFO - Started process (PID=63041) to work on /Users/andreasanditya/Downloads/572392_Andreas_AirflowETL/code/.venv/lib/python3.9/site-packages/airflow/example_dags/example_local_kubernetes_executor.py
[2026-09-18T12:36:40.691+0700] {processor.py:914} INFO - Processing file /Users/andreasanditya/Downloads/572392_Andreas_AirflowETL/code/.venv/lib/python3.9/site-packages/airflow/example_dags/example_local_kubernetes_executor.py for tasks to queue
[2026-09-18T12:36:40.692+0700] {logging_mixin.py:190} INFO - [2026-09-18T12:36:40.692+0700] {dagbag.py:588} INFO - Filling up the DagBag from /Users/andreasanditya/Downloads/572392_Andreas_AirflowETL/code/.venv/lib/python3.9/site-packages/airflow/example_dags/example_local_kubernetes_executor.py
[2026-09-18T12:36:40.736+0700] {logging_mixin.py:190} INFO - [2026-09-18T12:36:40.736+0700] {example_local_kubernetes_executor.py:40} WARNING - Could not import DAGs in example_local_kubernetes_executor.py
Traceback (most recent call last):
  File "/Users/andreasanditya/Downloads/572392_Andreas_AirflowETL/code/.venv/lib/python3.9/site-packages/airflow/example_dags/example_local_kubernetes_executor.py", line 38, in <module>
    from kubernetes.client import models as k8s
ModuleNotFoundError: No module named 'kubernetes'
[2026-09-18T12:36:40.736+0700] {logging_mixin.py:190} INFO - [2026-09-18T12:36:40.736+0700] {example_local_kubernetes_executor.py:41} WARNING - Install Kubernetes dependencies with: pip install apache-airflow[cncf.kubernetes]
[2026-09-18T12:36:40.736+0700] {processor.py:927} WARNING - No viable dags retrieved from /Users/andreasanditya/Downloads/572392_Andreas_AirflowETL/code/.venv/lib/python3.9/site-packages/airflow/example_dags/example_local_kubernetes_executor.py
[2026-09-18T12:36:40.790+0700] {processor.py:208} INFO - Processing /Users/andreasanditya/Downloads/572392_Andreas_AirflowETL/code/.venv/lib/python3.9/site-packages/airflow/example_dags/example_local_kubernetes_executor.py took 0.104 seconds
[2026-09-18T12:39:34.516+0700] {processor.py:186} INFO - Started process (PID=64813) to work on /Users/andreasanditya/Downloads/572392_Andreas_AirflowETL/code/.venv/lib/python3.9/site-packages/airflow/example_dags/example_local_kubernetes_executor.py
[2026-09-18T12:39:34.518+0700] {processor.py:914} INFO - Processing file /Users/andreasanditya/Downloads/572392_Andreas_AirflowETL/code/.venv/lib/python3.9/site-packages/airflow/example_dags/example_local_kubernetes_executor.py for tasks to queue
[2026-09-18T12:39:34.519+0700] {logging_mixin.py:190} INFO - [2026-09-18T12:39:34.518+0700] {dagbag.py:588} INFO - Filling up the DagBag from /Users/andreasanditya/Downloads/572392_Andreas_AirflowETL/code/.venv/lib/python3.9/site-packages/airflow/example_dags/example_local_kubernetes_executor.py
[2026-09-18T12:39:34.563+0700] {logging_mixin.py:190} INFO - [2026-09-18T12:39:34.562+0700] {example_local_kubernetes_executor.py:40} WARNING - Could not import DAGs in example_local_kubernetes_executor.py
Traceback (most recent call last):
  File "/Users/andreasanditya/Downloads/572392_Andreas_AirflowETL/code/.venv/lib/python3.9/site-packages/airflow/example_dags/example_local_kubernetes_executor.py", line 38, in <module>
    from kubernetes.client import models as k8s
ModuleNotFoundError: No module named 'kubernetes'
[2026-09-18T12:39:34.563+0700] {logging_mixin.py:190} INFO - [2026-09-18T12:39:34.563+0700] {example_local_kubernetes_executor.py:41} WARNING - Install Kubernetes dependencies with: pip install apache-airflow[cncf.kubernetes]
[2026-09-18T12:39:34.563+0700] {processor.py:927} WARNING - No viable dags retrieved from /Users/andreasanditya/Downloads/572392_Andreas_AirflowETL/code/.venv/lib/python3.9/site-packages/airflow/example_dags/example_local_kubernetes_executor.py
[2026-09-18T12:39:34.616+0700] {processor.py:208} INFO - Processing /Users/andreasanditya/Downloads/572392_Andreas_AirflowETL/code/.venv/lib/python3.9/site-packages/airflow/example_dags/example_local_kubernetes_executor.py took 0.102 seconds
[2026-09-18T12:42:26.907+0700] {processor.py:186} INFO - Started process (PID=66564) to work on /Users/andreasanditya/Downloads/572392_Andreas_AirflowETL/code/.venv/lib/python3.9/site-packages/airflow/example_dags/example_local_kubernetes_executor.py
[2026-09-18T12:42:26.908+0700] {processor.py:914} INFO - Processing file /Users/andreasanditya/Downloads/572392_Andreas_AirflowETL/code/.venv/lib/python3.9/site-packages/airflow/example_dags/example_local_kubernetes_executor.py for tasks to queue
[2026-09-18T12:42:26.908+0700] {logging_mixin.py:190} INFO - [2026-09-18T12:42:26.908+0700] {dagbag.py:588} INFO - Filling up the DagBag from /Users/andreasanditya/Downloads/572392_Andreas_AirflowETL/code/.venv/lib/python3.9/site-packages/airflow/example_dags/example_local_kubernetes_executor.py
[2026-09-18T12:42:26.954+0700] {logging_mixin.py:190} INFO - [2026-09-18T12:42:26.953+0700] {example_local_kubernetes_executor.py:40} WARNING - Could not import DAGs in example_local_kubernetes_executor.py
Traceback (most recent call last):
  File "/Users/andreasanditya/Downloads/572392_Andreas_AirflowETL/code/.venv/lib/python3.9/site-packages/airflow/example_dags/example_local_kubernetes_executor.py", line 38, in <module>
    from kubernetes.client import models as k8s
ModuleNotFoundError: No module named 'kubernetes'
[2026-09-18T12:42:26.954+0700] {logging_mixin.py:190} INFO - [2026-09-18T12:42:26.954+0700] {example_local_kubernetes_executor.py:41} WARNING - Install Kubernetes dependencies with: pip install apache-airflow[cncf.kubernetes]
[2026-09-18T12:42:26.954+0700] {processor.py:927} WARNING - No viable dags retrieved from /Users/andreasanditya/Downloads/572392_Andreas_AirflowETL/code/.venv/lib/python3.9/site-packages/airflow/example_dags/example_local_kubernetes_executor.py
[2026-09-18T12:42:27.007+0700] {processor.py:208} INFO - Processing /Users/andreasanditya/Downloads/572392_Andreas_AirflowETL/code/.venv/lib/python3.9/site-packages/airflow/example_dags/example_local_kubernetes_executor.py took 0.102 seconds
[2026-09-18T12:45:20.685+0700] {processor.py:186} INFO - Started process (PID=68314) to work on /Users/andreasanditya/Downloads/572392_Andreas_AirflowETL/code/.venv/lib/python3.9/site-packages/airflow/example_dags/example_local_kubernetes_executor.py
[2026-09-18T12:45:20.686+0700] {processor.py:914} INFO - Processing file /Users/andreasanditya/Downloads/572392_Andreas_AirflowETL/code/.venv/lib/python3.9/site-packages/airflow/example_dags/example_local_kubernetes_executor.py for tasks to queue
[2026-09-18T12:45:20.687+0700] {logging_mixin.py:190} INFO - [2026-09-18T12:45:20.687+0700] {dagbag.py:588} INFO - Filling up the DagBag from /Users/andreasanditya/Downloads/572392_Andreas_AirflowETL/code/.venv/lib/python3.9/site-packages/airflow/example_dags/example_local_kubernetes_executor.py
[2026-09-18T12:45:20.730+0700] {logging_mixin.py:190} INFO - [2026-09-18T12:45:20.730+0700] {example_local_kubernetes_executor.py:40} WARNING - Could not import DAGs in example_local_kubernetes_executor.py
Traceback (most recent call last):
  File "/Users/andreasanditya/Downloads/572392_Andreas_AirflowETL/code/.venv/lib/python3.9/site-packages/airflow/example_dags/example_local_kubernetes_executor.py", line 38, in <module>
    from kubernetes.client import models as k8s
ModuleNotFoundError: No module named 'kubernetes'
[2026-09-18T12:45:20.731+0700] {logging_mixin.py:190} INFO - [2026-09-18T12:45:20.730+0700] {example_local_kubernetes_executor.py:41} WARNING - Install Kubernetes dependencies with: pip install apache-airflow[cncf.kubernetes]
[2026-09-18T12:45:20.731+0700] {processor.py:927} WARNING - No viable dags retrieved from /Users/andreasanditya/Downloads/572392_Andreas_AirflowETL/code/.venv/lib/python3.9/site-packages/airflow/example_dags/example_local_kubernetes_executor.py
[2026-09-18T12:45:20.783+0700] {processor.py:208} INFO - Processing /Users/andreasanditya/Downloads/572392_Andreas_AirflowETL/code/.venv/lib/python3.9/site-packages/airflow/example_dags/example_local_kubernetes_executor.py took 0.100 seconds
[2026-09-18T12:48:12.374+0700] {processor.py:186} INFO - Started process (PID=70066) to work on /Users/andreasanditya/Downloads/572392_Andreas_AirflowETL/code/.venv/lib/python3.9/site-packages/airflow/example_dags/example_local_kubernetes_executor.py
[2026-09-18T12:48:12.376+0700] {processor.py:914} INFO - Processing file /Users/andreasanditya/Downloads/572392_Andreas_AirflowETL/code/.venv/lib/python3.9/site-packages/airflow/example_dags/example_local_kubernetes_executor.py for tasks to queue
[2026-09-18T12:48:12.377+0700] {logging_mixin.py:190} INFO - [2026-09-18T12:48:12.376+0700] {dagbag.py:588} INFO - Filling up the DagBag from /Users/andreasanditya/Downloads/572392_Andreas_AirflowETL/code/.venv/lib/python3.9/site-packages/airflow/example_dags/example_local_kubernetes_executor.py
[2026-09-18T12:48:12.420+0700] {logging_mixin.py:190} INFO - [2026-09-18T12:48:12.420+0700] {example_local_kubernetes_executor.py:40} WARNING - Could not import DAGs in example_local_kubernetes_executor.py
Traceback (most recent call last):
  File "/Users/andreasanditya/Downloads/572392_Andreas_AirflowETL/code/.venv/lib/python3.9/site-packages/airflow/example_dags/example_local_kubernetes_executor.py", line 38, in <module>
    from kubernetes.client import models as k8s
ModuleNotFoundError: No module named 'kubernetes'
[2026-09-18T12:48:12.421+0700] {logging_mixin.py:190} INFO - [2026-09-18T12:48:12.421+0700] {example_local_kubernetes_executor.py:41} WARNING - Install Kubernetes dependencies with: pip install apache-airflow[cncf.kubernetes]
[2026-09-18T12:48:12.421+0700] {processor.py:927} WARNING - No viable dags retrieved from /Users/andreasanditya/Downloads/572392_Andreas_AirflowETL/code/.venv/lib/python3.9/site-packages/airflow/example_dags/example_local_kubernetes_executor.py
[2026-09-18T12:48:12.474+0700] {processor.py:208} INFO - Processing /Users/andreasanditya/Downloads/572392_Andreas_AirflowETL/code/.venv/lib/python3.9/site-packages/airflow/example_dags/example_local_kubernetes_executor.py took 0.102 seconds
[2026-09-18T12:51:01.622+0700] {processor.py:186} INFO - Started process (PID=71801) to work on /Users/andreasanditya/Downloads/572392_Andreas_AirflowETL/code/.venv/lib/python3.9/site-packages/airflow/example_dags/example_local_kubernetes_executor.py
[2026-09-18T12:51:01.623+0700] {processor.py:914} INFO - Processing file /Users/andreasanditya/Downloads/572392_Andreas_AirflowETL/code/.venv/lib/python3.9/site-packages/airflow/example_dags/example_local_kubernetes_executor.py for tasks to queue
[2026-09-18T12:51:01.624+0700] {logging_mixin.py:190} INFO - [2026-09-18T12:51:01.624+0700] {dagbag.py:588} INFO - Filling up the DagBag from /Users/andreasanditya/Downloads/572392_Andreas_AirflowETL/code/.venv/lib/python3.9/site-packages/airflow/example_dags/example_local_kubernetes_executor.py
[2026-09-18T12:51:01.668+0700] {logging_mixin.py:190} INFO - [2026-09-18T12:51:01.667+0700] {example_local_kubernetes_executor.py:40} WARNING - Could not import DAGs in example_local_kubernetes_executor.py
Traceback (most recent call last):
  File "/Users/andreasanditya/Downloads/572392_Andreas_AirflowETL/code/.venv/lib/python3.9/site-packages/airflow/example_dags/example_local_kubernetes_executor.py", line 38, in <module>
    from kubernetes.client import models as k8s
ModuleNotFoundError: No module named 'kubernetes'
[2026-09-18T12:51:01.668+0700] {logging_mixin.py:190} INFO - [2026-09-18T12:51:01.668+0700] {example_local_kubernetes_executor.py:41} WARNING - Install Kubernetes dependencies with: pip install apache-airflow[cncf.kubernetes]
[2026-09-18T12:51:01.668+0700] {processor.py:927} WARNING - No viable dags retrieved from /Users/andreasanditya/Downloads/572392_Andreas_AirflowETL/code/.venv/lib/python3.9/site-packages/airflow/example_dags/example_local_kubernetes_executor.py
[2026-09-18T12:51:01.721+0700] {processor.py:208} INFO - Processing /Users/andreasanditya/Downloads/572392_Andreas_AirflowETL/code/.venv/lib/python3.9/site-packages/airflow/example_dags/example_local_kubernetes_executor.py took 0.101 seconds
[2026-09-18T12:53:52.914+0700] {processor.py:186} INFO - Started process (PID=73547) to work on /Users/andreasanditya/Downloads/572392_Andreas_AirflowETL/code/.venv/lib/python3.9/site-packages/airflow/example_dags/example_local_kubernetes_executor.py
[2026-09-18T12:53:52.917+0700] {processor.py:914} INFO - Processing file /Users/andreasanditya/Downloads/572392_Andreas_AirflowETL/code/.venv/lib/python3.9/site-packages/airflow/example_dags/example_local_kubernetes_executor.py for tasks to queue
[2026-09-18T12:53:52.918+0700] {logging_mixin.py:190} INFO - [2026-09-18T12:53:52.918+0700] {dagbag.py:588} INFO - Filling up the DagBag from /Users/andreasanditya/Downloads/572392_Andreas_AirflowETL/code/.venv/lib/python3.9/site-packages/airflow/example_dags/example_local_kubernetes_executor.py
[2026-09-18T12:53:52.961+0700] {logging_mixin.py:190} INFO - [2026-09-18T12:53:52.961+0700] {example_local_kubernetes_executor.py:40} WARNING - Could not import DAGs in example_local_kubernetes_executor.py
Traceback (most recent call last):
  File "/Users/andreasanditya/Downloads/572392_Andreas_AirflowETL/code/.venv/lib/python3.9/site-packages/airflow/example_dags/example_local_kubernetes_executor.py", line 38, in <module>
    from kubernetes.client import models as k8s
ModuleNotFoundError: No module named 'kubernetes'
[2026-09-18T12:53:52.961+0700] {logging_mixin.py:190} INFO - [2026-09-18T12:53:52.961+0700] {example_local_kubernetes_executor.py:41} WARNING - Install Kubernetes dependencies with: pip install apache-airflow[cncf.kubernetes]
[2026-09-18T12:53:52.962+0700] {processor.py:927} WARNING - No viable dags retrieved from /Users/andreasanditya/Downloads/572392_Andreas_AirflowETL/code/.venv/lib/python3.9/site-packages/airflow/example_dags/example_local_kubernetes_executor.py
[2026-09-18T12:53:53.014+0700] {processor.py:208} INFO - Processing /Users/andreasanditya/Downloads/572392_Andreas_AirflowETL/code/.venv/lib/python3.9/site-packages/airflow/example_dags/example_local_kubernetes_executor.py took 0.102 seconds
[2026-09-18T12:56:41.630+0700] {processor.py:186} INFO - Started process (PID=75305) to work on /Users/andreasanditya/Downloads/572392_Andreas_AirflowETL/code/.venv/lib/python3.9/site-packages/airflow/example_dags/example_local_kubernetes_executor.py
[2026-09-18T12:56:41.631+0700] {processor.py:914} INFO - Processing file /Users/andreasanditya/Downloads/572392_Andreas_AirflowETL/code/.venv/lib/python3.9/site-packages/airflow/example_dags/example_local_kubernetes_executor.py for tasks to queue
[2026-09-18T12:56:41.632+0700] {logging_mixin.py:190} INFO - [2026-09-18T12:56:41.632+0700] {dagbag.py:588} INFO - Filling up the DagBag from /Users/andreasanditya/Downloads/572392_Andreas_AirflowETL/code/.venv/lib/python3.9/site-packages/airflow/example_dags/example_local_kubernetes_executor.py
[2026-09-18T12:56:41.676+0700] {logging_mixin.py:190} INFO - [2026-09-18T12:56:41.676+0700] {example_local_kubernetes_executor.py:40} WARNING - Could not import DAGs in example_local_kubernetes_executor.py
Traceback (most recent call last):
  File "/Users/andreasanditya/Downloads/572392_Andreas_AirflowETL/code/.venv/lib/python3.9/site-packages/airflow/example_dags/example_local_kubernetes_executor.py", line 38, in <module>
    from kubernetes.client import models as k8s
ModuleNotFoundError: No module named 'kubernetes'
[2026-09-18T12:56:41.676+0700] {logging_mixin.py:190} INFO - [2026-09-18T12:56:41.676+0700] {example_local_kubernetes_executor.py:41} WARNING - Install Kubernetes dependencies with: pip install apache-airflow[cncf.kubernetes]
[2026-09-18T12:56:41.676+0700] {processor.py:927} WARNING - No viable dags retrieved from /Users/andreasanditya/Downloads/572392_Andreas_AirflowETL/code/.venv/lib/python3.9/site-packages/airflow/example_dags/example_local_kubernetes_executor.py
[2026-09-18T12:56:41.729+0700] {processor.py:208} INFO - Processing /Users/andreasanditya/Downloads/572392_Andreas_AirflowETL/code/.venv/lib/python3.9/site-packages/airflow/example_dags/example_local_kubernetes_executor.py took 0.101 seconds
[2026-09-18T12:59:32.490+0700] {processor.py:186} INFO - Started process (PID=77085) to work on /Users/andreasanditya/Downloads/572392_Andreas_AirflowETL/code/.venv/lib/python3.9/site-packages/airflow/example_dags/example_local_kubernetes_executor.py
[2026-09-18T12:59:32.491+0700] {processor.py:914} INFO - Processing file /Users/andreasanditya/Downloads/572392_Andreas_AirflowETL/code/.venv/lib/python3.9/site-packages/airflow/example_dags/example_local_kubernetes_executor.py for tasks to queue
[2026-09-18T12:59:32.492+0700] {logging_mixin.py:190} INFO - [2026-09-18T12:59:32.492+0700] {dagbag.py:588} INFO - Filling up the DagBag from /Users/andreasanditya/Downloads/572392_Andreas_AirflowETL/code/.venv/lib/python3.9/site-packages/airflow/example_dags/example_local_kubernetes_executor.py
[2026-09-18T12:59:32.537+0700] {logging_mixin.py:190} INFO - [2026-09-18T12:59:32.536+0700] {example_local_kubernetes_executor.py:40} WARNING - Could not import DAGs in example_local_kubernetes_executor.py
Traceback (most recent call last):
  File "/Users/andreasanditya/Downloads/572392_Andreas_AirflowETL/code/.venv/lib/python3.9/site-packages/airflow/example_dags/example_local_kubernetes_executor.py", line 38, in <module>
    from kubernetes.client import models as k8s
ModuleNotFoundError: No module named 'kubernetes'
[2026-09-18T12:59:32.537+0700] {logging_mixin.py:190} INFO - [2026-09-18T12:59:32.537+0700] {example_local_kubernetes_executor.py:41} WARNING - Install Kubernetes dependencies with: pip install apache-airflow[cncf.kubernetes]
[2026-09-18T12:59:32.537+0700] {processor.py:927} WARNING - No viable dags retrieved from /Users/andreasanditya/Downloads/572392_Andreas_AirflowETL/code/.venv/lib/python3.9/site-packages/airflow/example_dags/example_local_kubernetes_executor.py
[2026-09-18T12:59:32.591+0700] {processor.py:208} INFO - Processing /Users/andreasanditya/Downloads/572392_Andreas_AirflowETL/code/.venv/lib/python3.9/site-packages/airflow/example_dags/example_local_kubernetes_executor.py took 0.103 seconds
[2026-09-18T13:02:25.419+0700] {processor.py:186} INFO - Started process (PID=78823) to work on /Users/andreasanditya/Downloads/572392_Andreas_AirflowETL/code/.venv/lib/python3.9/site-packages/airflow/example_dags/example_local_kubernetes_executor.py
[2026-09-18T13:02:25.420+0700] {processor.py:914} INFO - Processing file /Users/andreasanditya/Downloads/572392_Andreas_AirflowETL/code/.venv/lib/python3.9/site-packages/airflow/example_dags/example_local_kubernetes_executor.py for tasks to queue
[2026-09-18T13:02:25.420+0700] {logging_mixin.py:190} INFO - [2026-09-18T13:02:25.420+0700] {dagbag.py:588} INFO - Filling up the DagBag from /Users/andreasanditya/Downloads/572392_Andreas_AirflowETL/code/.venv/lib/python3.9/site-packages/airflow/example_dags/example_local_kubernetes_executor.py
[2026-09-18T13:02:25.464+0700] {logging_mixin.py:190} INFO - [2026-09-18T13:02:25.463+0700] {example_local_kubernetes_executor.py:40} WARNING - Could not import DAGs in example_local_kubernetes_executor.py
Traceback (most recent call last):
  File "/Users/andreasanditya/Downloads/572392_Andreas_AirflowETL/code/.venv/lib/python3.9/site-packages/airflow/example_dags/example_local_kubernetes_executor.py", line 38, in <module>
    from kubernetes.client import models as k8s
ModuleNotFoundError: No module named 'kubernetes'
[2026-09-18T13:02:25.464+0700] {logging_mixin.py:190} INFO - [2026-09-18T13:02:25.464+0700] {example_local_kubernetes_executor.py:41} WARNING - Install Kubernetes dependencies with: pip install apache-airflow[cncf.kubernetes]
[2026-09-18T13:02:25.464+0700] {processor.py:927} WARNING - No viable dags retrieved from /Users/andreasanditya/Downloads/572392_Andreas_AirflowETL/code/.venv/lib/python3.9/site-packages/airflow/example_dags/example_local_kubernetes_executor.py
[2026-09-18T13:02:25.516+0700] {processor.py:208} INFO - Processing /Users/andreasanditya/Downloads/572392_Andreas_AirflowETL/code/.venv/lib/python3.9/site-packages/airflow/example_dags/example_local_kubernetes_executor.py took 0.099 seconds
[2026-09-18T13:05:16.777+0700] {processor.py:186} INFO - Started process (PID=80614) to work on /Users/andreasanditya/Downloads/572392_Andreas_AirflowETL/code/.venv/lib/python3.9/site-packages/airflow/example_dags/example_local_kubernetes_executor.py
[2026-09-18T13:05:16.778+0700] {processor.py:914} INFO - Processing file /Users/andreasanditya/Downloads/572392_Andreas_AirflowETL/code/.venv/lib/python3.9/site-packages/airflow/example_dags/example_local_kubernetes_executor.py for tasks to queue
[2026-09-18T13:05:16.779+0700] {logging_mixin.py:190} INFO - [2026-09-18T13:05:16.779+0700] {dagbag.py:588} INFO - Filling up the DagBag from /Users/andreasanditya/Downloads/572392_Andreas_AirflowETL/code/.venv/lib/python3.9/site-packages/airflow/example_dags/example_local_kubernetes_executor.py
[2026-09-18T13:05:16.823+0700] {logging_mixin.py:190} INFO - [2026-09-18T13:05:16.822+0700] {example_local_kubernetes_executor.py:40} WARNING - Could not import DAGs in example_local_kubernetes_executor.py
Traceback (most recent call last):
  File "/Users/andreasanditya/Downloads/572392_Andreas_AirflowETL/code/.venv/lib/python3.9/site-packages/airflow/example_dags/example_local_kubernetes_executor.py", line 38, in <module>
    from kubernetes.client import models as k8s
ModuleNotFoundError: No module named 'kubernetes'
[2026-09-18T13:05:16.823+0700] {logging_mixin.py:190} INFO - [2026-09-18T13:05:16.823+0700] {example_local_kubernetes_executor.py:41} WARNING - Install Kubernetes dependencies with: pip install apache-airflow[cncf.kubernetes]
[2026-09-18T13:05:16.823+0700] {processor.py:927} WARNING - No viable dags retrieved from /Users/andreasanditya/Downloads/572392_Andreas_AirflowETL/code/.venv/lib/python3.9/site-packages/airflow/example_dags/example_local_kubernetes_executor.py
[2026-09-18T13:05:16.876+0700] {processor.py:208} INFO - Processing /Users/andreasanditya/Downloads/572392_Andreas_AirflowETL/code/.venv/lib/python3.9/site-packages/airflow/example_dags/example_local_kubernetes_executor.py took 0.100 seconds
[2026-09-18T13:08:04.254+0700] {processor.py:186} INFO - Started process (PID=82286) to work on /Users/andreasanditya/Downloads/572392_Andreas_AirflowETL/code/.venv/lib/python3.9/site-packages/airflow/example_dags/example_local_kubernetes_executor.py
[2026-09-18T13:08:04.255+0700] {processor.py:914} INFO - Processing file /Users/andreasanditya/Downloads/572392_Andreas_AirflowETL/code/.venv/lib/python3.9/site-packages/airflow/example_dags/example_local_kubernetes_executor.py for tasks to queue
[2026-09-18T13:08:04.256+0700] {logging_mixin.py:190} INFO - [2026-09-18T13:08:04.255+0700] {dagbag.py:588} INFO - Filling up the DagBag from /Users/andreasanditya/Downloads/572392_Andreas_AirflowETL/code/.venv/lib/python3.9/site-packages/airflow/example_dags/example_local_kubernetes_executor.py
[2026-09-18T13:08:04.300+0700] {logging_mixin.py:190} INFO - [2026-09-18T13:08:04.300+0700] {example_local_kubernetes_executor.py:40} WARNING - Could not import DAGs in example_local_kubernetes_executor.py
Traceback (most recent call last):
  File "/Users/andreasanditya/Downloads/572392_Andreas_AirflowETL/code/.venv/lib/python3.9/site-packages/airflow/example_dags/example_local_kubernetes_executor.py", line 38, in <module>
    from kubernetes.client import models as k8s
ModuleNotFoundError: No module named 'kubernetes'
[2026-09-18T13:08:04.300+0700] {logging_mixin.py:190} INFO - [2026-09-18T13:08:04.300+0700] {example_local_kubernetes_executor.py:41} WARNING - Install Kubernetes dependencies with: pip install apache-airflow[cncf.kubernetes]
[2026-09-18T13:08:04.300+0700] {processor.py:927} WARNING - No viable dags retrieved from /Users/andreasanditya/Downloads/572392_Andreas_AirflowETL/code/.venv/lib/python3.9/site-packages/airflow/example_dags/example_local_kubernetes_executor.py
[2026-09-18T13:08:04.353+0700] {processor.py:208} INFO - Processing /Users/andreasanditya/Downloads/572392_Andreas_AirflowETL/code/.venv/lib/python3.9/site-packages/airflow/example_dags/example_local_kubernetes_executor.py took 0.101 seconds
[2026-09-18T13:10:57.748+0700] {processor.py:186} INFO - Started process (PID=84041) to work on /Users/andreasanditya/Downloads/572392_Andreas_AirflowETL/code/.venv/lib/python3.9/site-packages/airflow/example_dags/example_local_kubernetes_executor.py
[2026-09-18T13:10:57.752+0700] {processor.py:914} INFO - Processing file /Users/andreasanditya/Downloads/572392_Andreas_AirflowETL/code/.venv/lib/python3.9/site-packages/airflow/example_dags/example_local_kubernetes_executor.py for tasks to queue
[2026-09-18T13:10:57.752+0700] {logging_mixin.py:190} INFO - [2026-09-18T13:10:57.752+0700] {dagbag.py:588} INFO - Filling up the DagBag from /Users/andreasanditya/Downloads/572392_Andreas_AirflowETL/code/.venv/lib/python3.9/site-packages/airflow/example_dags/example_local_kubernetes_executor.py
[2026-09-18T13:10:57.796+0700] {logging_mixin.py:190} INFO - [2026-09-18T13:10:57.796+0700] {example_local_kubernetes_executor.py:40} WARNING - Could not import DAGs in example_local_kubernetes_executor.py
Traceback (most recent call last):
  File "/Users/andreasanditya/Downloads/572392_Andreas_AirflowETL/code/.venv/lib/python3.9/site-packages/airflow/example_dags/example_local_kubernetes_executor.py", line 38, in <module>
    from kubernetes.client import models as k8s
ModuleNotFoundError: No module named 'kubernetes'
[2026-09-18T13:10:57.796+0700] {logging_mixin.py:190} INFO - [2026-09-18T13:10:57.796+0700] {example_local_kubernetes_executor.py:41} WARNING - Install Kubernetes dependencies with: pip install apache-airflow[cncf.kubernetes]
[2026-09-18T13:10:57.796+0700] {processor.py:927} WARNING - No viable dags retrieved from /Users/andreasanditya/Downloads/572392_Andreas_AirflowETL/code/.venv/lib/python3.9/site-packages/airflow/example_dags/example_local_kubernetes_executor.py
[2026-09-18T13:10:57.849+0700] {processor.py:208} INFO - Processing /Users/andreasanditya/Downloads/572392_Andreas_AirflowETL/code/.venv/lib/python3.9/site-packages/airflow/example_dags/example_local_kubernetes_executor.py took 0.103 seconds
[2026-09-18T13:13:49.684+0700] {processor.py:186} INFO - Started process (PID=85787) to work on /Users/andreasanditya/Downloads/572392_Andreas_AirflowETL/code/.venv/lib/python3.9/site-packages/airflow/example_dags/example_local_kubernetes_executor.py
[2026-09-18T13:13:49.686+0700] {processor.py:914} INFO - Processing file /Users/andreasanditya/Downloads/572392_Andreas_AirflowETL/code/.venv/lib/python3.9/site-packages/airflow/example_dags/example_local_kubernetes_executor.py for tasks to queue
[2026-09-18T13:13:49.686+0700] {logging_mixin.py:190} INFO - [2026-09-18T13:13:49.686+0700] {dagbag.py:588} INFO - Filling up the DagBag from /Users/andreasanditya/Downloads/572392_Andreas_AirflowETL/code/.venv/lib/python3.9/site-packages/airflow/example_dags/example_local_kubernetes_executor.py
[2026-09-18T13:13:49.730+0700] {logging_mixin.py:190} INFO - [2026-09-18T13:13:49.730+0700] {example_local_kubernetes_executor.py:40} WARNING - Could not import DAGs in example_local_kubernetes_executor.py
Traceback (most recent call last):
  File "/Users/andreasanditya/Downloads/572392_Andreas_AirflowETL/code/.venv/lib/python3.9/site-packages/airflow/example_dags/example_local_kubernetes_executor.py", line 38, in <module>
    from kubernetes.client import models as k8s
ModuleNotFoundError: No module named 'kubernetes'
[2026-09-18T13:13:49.731+0700] {logging_mixin.py:190} INFO - [2026-09-18T13:13:49.730+0700] {example_local_kubernetes_executor.py:41} WARNING - Install Kubernetes dependencies with: pip install apache-airflow[cncf.kubernetes]
[2026-09-18T13:13:49.731+0700] {processor.py:927} WARNING - No viable dags retrieved from /Users/andreasanditya/Downloads/572392_Andreas_AirflowETL/code/.venv/lib/python3.9/site-packages/airflow/example_dags/example_local_kubernetes_executor.py
[2026-09-18T13:13:49.783+0700] {processor.py:208} INFO - Processing /Users/andreasanditya/Downloads/572392_Andreas_AirflowETL/code/.venv/lib/python3.9/site-packages/airflow/example_dags/example_local_kubernetes_executor.py took 0.102 seconds
[2026-09-18T13:16:43.144+0700] {processor.py:186} INFO - Started process (PID=87536) to work on /Users/andreasanditya/Downloads/572392_Andreas_AirflowETL/code/.venv/lib/python3.9/site-packages/airflow/example_dags/example_local_kubernetes_executor.py
[2026-09-18T13:16:43.145+0700] {processor.py:914} INFO - Processing file /Users/andreasanditya/Downloads/572392_Andreas_AirflowETL/code/.venv/lib/python3.9/site-packages/airflow/example_dags/example_local_kubernetes_executor.py for tasks to queue
[2026-09-18T13:16:43.146+0700] {logging_mixin.py:190} INFO - [2026-09-18T13:16:43.146+0700] {dagbag.py:588} INFO - Filling up the DagBag from /Users/andreasanditya/Downloads/572392_Andreas_AirflowETL/code/.venv/lib/python3.9/site-packages/airflow/example_dags/example_local_kubernetes_executor.py
[2026-09-18T13:16:43.190+0700] {logging_mixin.py:190} INFO - [2026-09-18T13:16:43.190+0700] {example_local_kubernetes_executor.py:40} WARNING - Could not import DAGs in example_local_kubernetes_executor.py
Traceback (most recent call last):
  File "/Users/andreasanditya/Downloads/572392_Andreas_AirflowETL/code/.venv/lib/python3.9/site-packages/airflow/example_dags/example_local_kubernetes_executor.py", line 38, in <module>
    from kubernetes.client import models as k8s
ModuleNotFoundError: No module named 'kubernetes'
[2026-09-18T13:16:43.190+0700] {logging_mixin.py:190} INFO - [2026-09-18T13:16:43.190+0700] {example_local_kubernetes_executor.py:41} WARNING - Install Kubernetes dependencies with: pip install apache-airflow[cncf.kubernetes]
[2026-09-18T13:16:43.191+0700] {processor.py:927} WARNING - No viable dags retrieved from /Users/andreasanditya/Downloads/572392_Andreas_AirflowETL/code/.venv/lib/python3.9/site-packages/airflow/example_dags/example_local_kubernetes_executor.py
[2026-09-18T13:16:43.243+0700] {processor.py:208} INFO - Processing /Users/andreasanditya/Downloads/572392_Andreas_AirflowETL/code/.venv/lib/python3.9/site-packages/airflow/example_dags/example_local_kubernetes_executor.py took 0.100 seconds
[2026-09-18T13:19:32.610+0700] {processor.py:186} INFO - Started process (PID=89270) to work on /Users/andreasanditya/Downloads/572392_Andreas_AirflowETL/code/.venv/lib/python3.9/site-packages/airflow/example_dags/example_local_kubernetes_executor.py
[2026-09-18T13:19:32.611+0700] {processor.py:914} INFO - Processing file /Users/andreasanditya/Downloads/572392_Andreas_AirflowETL/code/.venv/lib/python3.9/site-packages/airflow/example_dags/example_local_kubernetes_executor.py for tasks to queue
[2026-09-18T13:19:32.611+0700] {logging_mixin.py:190} INFO - [2026-09-18T13:19:32.611+0700] {dagbag.py:588} INFO - Filling up the DagBag from /Users/andreasanditya/Downloads/572392_Andreas_AirflowETL/code/.venv/lib/python3.9/site-packages/airflow/example_dags/example_local_kubernetes_executor.py
[2026-09-18T13:19:32.655+0700] {logging_mixin.py:190} INFO - [2026-09-18T13:19:32.655+0700] {example_local_kubernetes_executor.py:40} WARNING - Could not import DAGs in example_local_kubernetes_executor.py
Traceback (most recent call last):
  File "/Users/andreasanditya/Downloads/572392_Andreas_AirflowETL/code/.venv/lib/python3.9/site-packages/airflow/example_dags/example_local_kubernetes_executor.py", line 38, in <module>
    from kubernetes.client import models as k8s
ModuleNotFoundError: No module named 'kubernetes'
[2026-09-18T13:19:32.655+0700] {logging_mixin.py:190} INFO - [2026-09-18T13:19:32.655+0700] {example_local_kubernetes_executor.py:41} WARNING - Install Kubernetes dependencies with: pip install apache-airflow[cncf.kubernetes]
[2026-09-18T13:19:32.655+0700] {processor.py:927} WARNING - No viable dags retrieved from /Users/andreasanditya/Downloads/572392_Andreas_AirflowETL/code/.venv/lib/python3.9/site-packages/airflow/example_dags/example_local_kubernetes_executor.py
[2026-09-18T13:19:32.708+0700] {processor.py:208} INFO - Processing /Users/andreasanditya/Downloads/572392_Andreas_AirflowETL/code/.venv/lib/python3.9/site-packages/airflow/example_dags/example_local_kubernetes_executor.py took 0.100 seconds
[2026-09-18T13:22:21.196+0700] {processor.py:186} INFO - Started process (PID=91004) to work on /Users/andreasanditya/Downloads/572392_Andreas_AirflowETL/code/.venv/lib/python3.9/site-packages/airflow/example_dags/example_local_kubernetes_executor.py
[2026-09-18T13:22:21.197+0700] {processor.py:914} INFO - Processing file /Users/andreasanditya/Downloads/572392_Andreas_AirflowETL/code/.venv/lib/python3.9/site-packages/airflow/example_dags/example_local_kubernetes_executor.py for tasks to queue
[2026-09-18T13:22:21.198+0700] {logging_mixin.py:190} INFO - [2026-09-18T13:22:21.198+0700] {dagbag.py:588} INFO - Filling up the DagBag from /Users/andreasanditya/Downloads/572392_Andreas_AirflowETL/code/.venv/lib/python3.9/site-packages/airflow/example_dags/example_local_kubernetes_executor.py
[2026-09-18T13:22:21.241+0700] {logging_mixin.py:190} INFO - [2026-09-18T13:22:21.241+0700] {example_local_kubernetes_executor.py:40} WARNING - Could not import DAGs in example_local_kubernetes_executor.py
Traceback (most recent call last):
  File "/Users/andreasanditya/Downloads/572392_Andreas_AirflowETL/code/.venv/lib/python3.9/site-packages/airflow/example_dags/example_local_kubernetes_executor.py", line 38, in <module>
    from kubernetes.client import models as k8s
ModuleNotFoundError: No module named 'kubernetes'
[2026-09-18T13:22:21.241+0700] {logging_mixin.py:190} INFO - [2026-09-18T13:22:21.241+0700] {example_local_kubernetes_executor.py:41} WARNING - Install Kubernetes dependencies with: pip install apache-airflow[cncf.kubernetes]
[2026-09-18T13:22:21.241+0700] {processor.py:927} WARNING - No viable dags retrieved from /Users/andreasanditya/Downloads/572392_Andreas_AirflowETL/code/.venv/lib/python3.9/site-packages/airflow/example_dags/example_local_kubernetes_executor.py
[2026-09-18T13:22:21.294+0700] {processor.py:208} INFO - Processing /Users/andreasanditya/Downloads/572392_Andreas_AirflowETL/code/.venv/lib/python3.9/site-packages/airflow/example_dags/example_local_kubernetes_executor.py took 0.100 seconds
[2026-09-18T13:25:10.316+0700] {processor.py:186} INFO - Started process (PID=92730) to work on /Users/andreasanditya/Downloads/572392_Andreas_AirflowETL/code/.venv/lib/python3.9/site-packages/airflow/example_dags/example_local_kubernetes_executor.py
[2026-09-18T13:25:10.318+0700] {processor.py:914} INFO - Processing file /Users/andreasanditya/Downloads/572392_Andreas_AirflowETL/code/.venv/lib/python3.9/site-packages/airflow/example_dags/example_local_kubernetes_executor.py for tasks to queue
[2026-09-18T13:25:10.318+0700] {logging_mixin.py:190} INFO - [2026-09-18T13:25:10.318+0700] {dagbag.py:588} INFO - Filling up the DagBag from /Users/andreasanditya/Downloads/572392_Andreas_AirflowETL/code/.venv/lib/python3.9/site-packages/airflow/example_dags/example_local_kubernetes_executor.py
[2026-09-18T13:25:10.362+0700] {logging_mixin.py:190} INFO - [2026-09-18T13:25:10.362+0700] {example_local_kubernetes_executor.py:40} WARNING - Could not import DAGs in example_local_kubernetes_executor.py
Traceback (most recent call last):
  File "/Users/andreasanditya/Downloads/572392_Andreas_AirflowETL/code/.venv/lib/python3.9/site-packages/airflow/example_dags/example_local_kubernetes_executor.py", line 38, in <module>
    from kubernetes.client import models as k8s
ModuleNotFoundError: No module named 'kubernetes'
[2026-09-18T13:25:10.362+0700] {logging_mixin.py:190} INFO - [2026-09-18T13:25:10.362+0700] {example_local_kubernetes_executor.py:41} WARNING - Install Kubernetes dependencies with: pip install apache-airflow[cncf.kubernetes]
[2026-09-18T13:25:10.362+0700] {processor.py:927} WARNING - No viable dags retrieved from /Users/andreasanditya/Downloads/572392_Andreas_AirflowETL/code/.venv/lib/python3.9/site-packages/airflow/example_dags/example_local_kubernetes_executor.py
[2026-09-18T13:25:10.417+0700] {processor.py:208} INFO - Processing /Users/andreasanditya/Downloads/572392_Andreas_AirflowETL/code/.venv/lib/python3.9/site-packages/airflow/example_dags/example_local_kubernetes_executor.py took 0.103 seconds
[2026-09-18T13:28:08.932+0700] {processor.py:186} INFO - Started process (PID=94774) to work on /Users/andreasanditya/Downloads/572392_Andreas_AirflowETL/code/.venv/lib/python3.9/site-packages/airflow/example_dags/example_local_kubernetes_executor.py
[2026-09-18T13:28:08.933+0700] {processor.py:914} INFO - Processing file /Users/andreasanditya/Downloads/572392_Andreas_AirflowETL/code/.venv/lib/python3.9/site-packages/airflow/example_dags/example_local_kubernetes_executor.py for tasks to queue
[2026-09-18T13:28:08.933+0700] {logging_mixin.py:190} INFO - [2026-09-18T13:28:08.933+0700] {dagbag.py:588} INFO - Filling up the DagBag from /Users/andreasanditya/Downloads/572392_Andreas_AirflowETL/code/.venv/lib/python3.9/site-packages/airflow/example_dags/example_local_kubernetes_executor.py
[2026-09-18T13:28:08.977+0700] {logging_mixin.py:190} INFO - [2026-09-18T13:28:08.977+0700] {example_local_kubernetes_executor.py:40} WARNING - Could not import DAGs in example_local_kubernetes_executor.py
Traceback (most recent call last):
  File "/Users/andreasanditya/Downloads/572392_Andreas_AirflowETL/code/.venv/lib/python3.9/site-packages/airflow/example_dags/example_local_kubernetes_executor.py", line 38, in <module>
    from kubernetes.client import models as k8s
ModuleNotFoundError: No module named 'kubernetes'
[2026-09-18T13:28:08.977+0700] {logging_mixin.py:190} INFO - [2026-09-18T13:28:08.977+0700] {example_local_kubernetes_executor.py:41} WARNING - Install Kubernetes dependencies with: pip install apache-airflow[cncf.kubernetes]
[2026-09-18T13:28:08.977+0700] {processor.py:927} WARNING - No viable dags retrieved from /Users/andreasanditya/Downloads/572392_Andreas_AirflowETL/code/.venv/lib/python3.9/site-packages/airflow/example_dags/example_local_kubernetes_executor.py
[2026-09-18T13:28:09.030+0700] {processor.py:208} INFO - Processing /Users/andreasanditya/Downloads/572392_Andreas_AirflowETL/code/.venv/lib/python3.9/site-packages/airflow/example_dags/example_local_kubernetes_executor.py took 0.101 seconds
[2026-09-18T13:31:09.152+0700] {processor.py:186} INFO - Started process (PID=96826) to work on /Users/andreasanditya/Downloads/572392_Andreas_AirflowETL/code/.venv/lib/python3.9/site-packages/airflow/example_dags/example_local_kubernetes_executor.py
[2026-09-18T13:31:09.153+0700] {processor.py:914} INFO - Processing file /Users/andreasanditya/Downloads/572392_Andreas_AirflowETL/code/.venv/lib/python3.9/site-packages/airflow/example_dags/example_local_kubernetes_executor.py for tasks to queue
[2026-09-18T13:31:09.154+0700] {logging_mixin.py:190} INFO - [2026-09-18T13:31:09.154+0700] {dagbag.py:588} INFO - Filling up the DagBag from /Users/andreasanditya/Downloads/572392_Andreas_AirflowETL/code/.venv/lib/python3.9/site-packages/airflow/example_dags/example_local_kubernetes_executor.py
[2026-09-18T13:31:09.206+0700] {logging_mixin.py:190} INFO - [2026-09-18T13:31:09.205+0700] {example_local_kubernetes_executor.py:40} WARNING - Could not import DAGs in example_local_kubernetes_executor.py
Traceback (most recent call last):
  File "/Users/andreasanditya/Downloads/572392_Andreas_AirflowETL/code/.venv/lib/python3.9/site-packages/airflow/example_dags/example_local_kubernetes_executor.py", line 38, in <module>
    from kubernetes.client import models as k8s
ModuleNotFoundError: No module named 'kubernetes'
[2026-09-18T13:31:09.206+0700] {logging_mixin.py:190} INFO - [2026-09-18T13:31:09.206+0700] {example_local_kubernetes_executor.py:41} WARNING - Install Kubernetes dependencies with: pip install apache-airflow[cncf.kubernetes]
[2026-09-18T13:31:09.206+0700] {processor.py:927} WARNING - No viable dags retrieved from /Users/andreasanditya/Downloads/572392_Andreas_AirflowETL/code/.venv/lib/python3.9/site-packages/airflow/example_dags/example_local_kubernetes_executor.py
[2026-09-18T13:31:09.261+0700] {processor.py:208} INFO - Processing /Users/andreasanditya/Downloads/572392_Andreas_AirflowETL/code/.venv/lib/python3.9/site-packages/airflow/example_dags/example_local_kubernetes_executor.py took 0.111 seconds
[2026-09-18T13:34:03.097+0700] {processor.py:186} INFO - Started process (PID=98635) to work on /Users/andreasanditya/Downloads/572392_Andreas_AirflowETL/code/.venv/lib/python3.9/site-packages/airflow/example_dags/example_local_kubernetes_executor.py
[2026-09-18T13:34:03.098+0700] {processor.py:914} INFO - Processing file /Users/andreasanditya/Downloads/572392_Andreas_AirflowETL/code/.venv/lib/python3.9/site-packages/airflow/example_dags/example_local_kubernetes_executor.py for tasks to queue
[2026-09-18T13:34:03.099+0700] {logging_mixin.py:190} INFO - [2026-09-18T13:34:03.099+0700] {dagbag.py:588} INFO - Filling up the DagBag from /Users/andreasanditya/Downloads/572392_Andreas_AirflowETL/code/.venv/lib/python3.9/site-packages/airflow/example_dags/example_local_kubernetes_executor.py
[2026-09-18T13:34:03.142+0700] {logging_mixin.py:190} INFO - [2026-09-18T13:34:03.142+0700] {example_local_kubernetes_executor.py:40} WARNING - Could not import DAGs in example_local_kubernetes_executor.py
Traceback (most recent call last):
  File "/Users/andreasanditya/Downloads/572392_Andreas_AirflowETL/code/.venv/lib/python3.9/site-packages/airflow/example_dags/example_local_kubernetes_executor.py", line 38, in <module>
    from kubernetes.client import models as k8s
ModuleNotFoundError: No module named 'kubernetes'
[2026-09-18T13:34:03.142+0700] {logging_mixin.py:190} INFO - [2026-09-18T13:34:03.142+0700] {example_local_kubernetes_executor.py:41} WARNING - Install Kubernetes dependencies with: pip install apache-airflow[cncf.kubernetes]
[2026-09-18T13:34:03.142+0700] {processor.py:927} WARNING - No viable dags retrieved from /Users/andreasanditya/Downloads/572392_Andreas_AirflowETL/code/.venv/lib/python3.9/site-packages/airflow/example_dags/example_local_kubernetes_executor.py
[2026-09-18T13:34:03.195+0700] {processor.py:208} INFO - Processing /Users/andreasanditya/Downloads/572392_Andreas_AirflowETL/code/.venv/lib/python3.9/site-packages/airflow/example_dags/example_local_kubernetes_executor.py took 0.099 seconds
[2026-09-18T13:36:58.540+0700] {processor.py:186} INFO - Started process (PID=593) to work on /Users/andreasanditya/Downloads/572392_Andreas_AirflowETL/code/.venv/lib/python3.9/site-packages/airflow/example_dags/example_local_kubernetes_executor.py
[2026-09-18T13:36:58.541+0700] {processor.py:914} INFO - Processing file /Users/andreasanditya/Downloads/572392_Andreas_AirflowETL/code/.venv/lib/python3.9/site-packages/airflow/example_dags/example_local_kubernetes_executor.py for tasks to queue
[2026-09-18T13:36:58.542+0700] {logging_mixin.py:190} INFO - [2026-09-18T13:36:58.541+0700] {dagbag.py:588} INFO - Filling up the DagBag from /Users/andreasanditya/Downloads/572392_Andreas_AirflowETL/code/.venv/lib/python3.9/site-packages/airflow/example_dags/example_local_kubernetes_executor.py
[2026-09-18T13:36:58.588+0700] {logging_mixin.py:190} INFO - [2026-09-18T13:36:58.588+0700] {example_local_kubernetes_executor.py:40} WARNING - Could not import DAGs in example_local_kubernetes_executor.py
Traceback (most recent call last):
  File "/Users/andreasanditya/Downloads/572392_Andreas_AirflowETL/code/.venv/lib/python3.9/site-packages/airflow/example_dags/example_local_kubernetes_executor.py", line 38, in <module>
    from kubernetes.client import models as k8s
ModuleNotFoundError: No module named 'kubernetes'
[2026-09-18T13:36:58.588+0700] {logging_mixin.py:190} INFO - [2026-09-18T13:36:58.588+0700] {example_local_kubernetes_executor.py:41} WARNING - Install Kubernetes dependencies with: pip install apache-airflow[cncf.kubernetes]
[2026-09-18T13:36:58.588+0700] {processor.py:927} WARNING - No viable dags retrieved from /Users/andreasanditya/Downloads/572392_Andreas_AirflowETL/code/.venv/lib/python3.9/site-packages/airflow/example_dags/example_local_kubernetes_executor.py
[2026-09-18T13:36:58.642+0700] {processor.py:208} INFO - Processing /Users/andreasanditya/Downloads/572392_Andreas_AirflowETL/code/.venv/lib/python3.9/site-packages/airflow/example_dags/example_local_kubernetes_executor.py took 0.104 seconds
[2026-09-18T13:39:52.622+0700] {processor.py:186} INFO - Started process (PID=3147) to work on /Users/andreasanditya/Downloads/572392_Andreas_AirflowETL/code/.venv/lib/python3.9/site-packages/airflow/example_dags/example_local_kubernetes_executor.py
[2026-09-18T13:39:52.623+0700] {processor.py:914} INFO - Processing file /Users/andreasanditya/Downloads/572392_Andreas_AirflowETL/code/.venv/lib/python3.9/site-packages/airflow/example_dags/example_local_kubernetes_executor.py for tasks to queue
[2026-09-18T13:39:52.624+0700] {logging_mixin.py:190} INFO - [2026-09-18T13:39:52.624+0700] {dagbag.py:588} INFO - Filling up the DagBag from /Users/andreasanditya/Downloads/572392_Andreas_AirflowETL/code/.venv/lib/python3.9/site-packages/airflow/example_dags/example_local_kubernetes_executor.py
[2026-09-18T13:39:52.676+0700] {logging_mixin.py:190} INFO - [2026-09-18T13:39:52.675+0700] {example_local_kubernetes_executor.py:40} WARNING - Could not import DAGs in example_local_kubernetes_executor.py
Traceback (most recent call last):
  File "/Users/andreasanditya/Downloads/572392_Andreas_AirflowETL/code/.venv/lib/python3.9/site-packages/airflow/example_dags/example_local_kubernetes_executor.py", line 38, in <module>
    from kubernetes.client import models as k8s
ModuleNotFoundError: No module named 'kubernetes'
[2026-09-18T13:39:52.676+0700] {logging_mixin.py:190} INFO - [2026-09-18T13:39:52.676+0700] {example_local_kubernetes_executor.py:41} WARNING - Install Kubernetes dependencies with: pip install apache-airflow[cncf.kubernetes]
[2026-09-18T13:39:52.676+0700] {processor.py:927} WARNING - No viable dags retrieved from /Users/andreasanditya/Downloads/572392_Andreas_AirflowETL/code/.venv/lib/python3.9/site-packages/airflow/example_dags/example_local_kubernetes_executor.py
[2026-09-18T13:39:52.730+0700] {processor.py:208} INFO - Processing /Users/andreasanditya/Downloads/572392_Andreas_AirflowETL/code/.venv/lib/python3.9/site-packages/airflow/example_dags/example_local_kubernetes_executor.py took 0.110 seconds
[2026-09-18T13:42:46.806+0700] {processor.py:186} INFO - Started process (PID=5153) to work on /Users/andreasanditya/Downloads/572392_Andreas_AirflowETL/code/.venv/lib/python3.9/site-packages/airflow/example_dags/example_local_kubernetes_executor.py
[2026-09-18T13:42:46.807+0700] {processor.py:914} INFO - Processing file /Users/andreasanditya/Downloads/572392_Andreas_AirflowETL/code/.venv/lib/python3.9/site-packages/airflow/example_dags/example_local_kubernetes_executor.py for tasks to queue
[2026-09-18T13:42:46.807+0700] {logging_mixin.py:190} INFO - [2026-09-18T13:42:46.807+0700] {dagbag.py:588} INFO - Filling up the DagBag from /Users/andreasanditya/Downloads/572392_Andreas_AirflowETL/code/.venv/lib/python3.9/site-packages/airflow/example_dags/example_local_kubernetes_executor.py
[2026-09-18T13:42:46.855+0700] {logging_mixin.py:190} INFO - [2026-09-18T13:42:46.855+0700] {example_local_kubernetes_executor.py:40} WARNING - Could not import DAGs in example_local_kubernetes_executor.py
Traceback (most recent call last):
  File "/Users/andreasanditya/Downloads/572392_Andreas_AirflowETL/code/.venv/lib/python3.9/site-packages/airflow/example_dags/example_local_kubernetes_executor.py", line 38, in <module>
    from kubernetes.client import models as k8s
ModuleNotFoundError: No module named 'kubernetes'
[2026-09-18T13:42:46.856+0700] {logging_mixin.py:190} INFO - [2026-09-18T13:42:46.855+0700] {example_local_kubernetes_executor.py:41} WARNING - Install Kubernetes dependencies with: pip install apache-airflow[cncf.kubernetes]
[2026-09-18T13:42:46.856+0700] {processor.py:927} WARNING - No viable dags retrieved from /Users/andreasanditya/Downloads/572392_Andreas_AirflowETL/code/.venv/lib/python3.9/site-packages/airflow/example_dags/example_local_kubernetes_executor.py
[2026-09-18T13:42:46.911+0700] {processor.py:208} INFO - Processing /Users/andreasanditya/Downloads/572392_Andreas_AirflowETL/code/.venv/lib/python3.9/site-packages/airflow/example_dags/example_local_kubernetes_executor.py took 0.107 seconds
[2026-09-18T13:45:47.250+0700] {processor.py:186} INFO - Started process (PID=7014) to work on /Users/andreasanditya/Downloads/572392_Andreas_AirflowETL/code/.venv/lib/python3.9/site-packages/airflow/example_dags/example_local_kubernetes_executor.py
[2026-09-18T13:45:47.251+0700] {processor.py:914} INFO - Processing file /Users/andreasanditya/Downloads/572392_Andreas_AirflowETL/code/.venv/lib/python3.9/site-packages/airflow/example_dags/example_local_kubernetes_executor.py for tasks to queue
[2026-09-18T13:45:47.252+0700] {logging_mixin.py:190} INFO - [2026-09-18T13:45:47.252+0700] {dagbag.py:588} INFO - Filling up the DagBag from /Users/andreasanditya/Downloads/572392_Andreas_AirflowETL/code/.venv/lib/python3.9/site-packages/airflow/example_dags/example_local_kubernetes_executor.py
[2026-09-18T13:45:47.299+0700] {logging_mixin.py:190} INFO - [2026-09-18T13:45:47.299+0700] {example_local_kubernetes_executor.py:40} WARNING - Could not import DAGs in example_local_kubernetes_executor.py
Traceback (most recent call last):
  File "/Users/andreasanditya/Downloads/572392_Andreas_AirflowETL/code/.venv/lib/python3.9/site-packages/airflow/example_dags/example_local_kubernetes_executor.py", line 38, in <module>
    from kubernetes.client import models as k8s
ModuleNotFoundError: No module named 'kubernetes'
[2026-09-18T13:45:47.299+0700] {logging_mixin.py:190} INFO - [2026-09-18T13:45:47.299+0700] {example_local_kubernetes_executor.py:41} WARNING - Install Kubernetes dependencies with: pip install apache-airflow[cncf.kubernetes]
[2026-09-18T13:45:47.299+0700] {processor.py:927} WARNING - No viable dags retrieved from /Users/andreasanditya/Downloads/572392_Andreas_AirflowETL/code/.venv/lib/python3.9/site-packages/airflow/example_dags/example_local_kubernetes_executor.py
[2026-09-18T13:45:47.356+0700] {processor.py:208} INFO - Processing /Users/andreasanditya/Downloads/572392_Andreas_AirflowETL/code/.venv/lib/python3.9/site-packages/airflow/example_dags/example_local_kubernetes_executor.py took 0.108 seconds
[2026-09-18T13:48:42.468+0700] {processor.py:186} INFO - Started process (PID=8890) to work on /Users/andreasanditya/Downloads/572392_Andreas_AirflowETL/code/.venv/lib/python3.9/site-packages/airflow/example_dags/example_local_kubernetes_executor.py
[2026-09-18T13:48:42.469+0700] {processor.py:914} INFO - Processing file /Users/andreasanditya/Downloads/572392_Andreas_AirflowETL/code/.venv/lib/python3.9/site-packages/airflow/example_dags/example_local_kubernetes_executor.py for tasks to queue
[2026-09-18T13:48:42.470+0700] {logging_mixin.py:190} INFO - [2026-09-18T13:48:42.470+0700] {dagbag.py:588} INFO - Filling up the DagBag from /Users/andreasanditya/Downloads/572392_Andreas_AirflowETL/code/.venv/lib/python3.9/site-packages/airflow/example_dags/example_local_kubernetes_executor.py
[2026-09-18T13:48:42.519+0700] {logging_mixin.py:190} INFO - [2026-09-18T13:48:42.518+0700] {example_local_kubernetes_executor.py:40} WARNING - Could not import DAGs in example_local_kubernetes_executor.py
Traceback (most recent call last):
  File "/Users/andreasanditya/Downloads/572392_Andreas_AirflowETL/code/.venv/lib/python3.9/site-packages/airflow/example_dags/example_local_kubernetes_executor.py", line 38, in <module>
    from kubernetes.client import models as k8s
ModuleNotFoundError: No module named 'kubernetes'
[2026-09-18T13:48:42.519+0700] {logging_mixin.py:190} INFO - [2026-09-18T13:48:42.519+0700] {example_local_kubernetes_executor.py:41} WARNING - Install Kubernetes dependencies with: pip install apache-airflow[cncf.kubernetes]
[2026-09-18T13:48:42.519+0700] {processor.py:927} WARNING - No viable dags retrieved from /Users/andreasanditya/Downloads/572392_Andreas_AirflowETL/code/.venv/lib/python3.9/site-packages/airflow/example_dags/example_local_kubernetes_executor.py
[2026-09-18T13:48:42.573+0700] {processor.py:208} INFO - Processing /Users/andreasanditya/Downloads/572392_Andreas_AirflowETL/code/.venv/lib/python3.9/site-packages/airflow/example_dags/example_local_kubernetes_executor.py took 0.107 seconds
[2026-09-18T13:51:40.282+0700] {processor.py:186} INFO - Started process (PID=11074) to work on /Users/andreasanditya/Downloads/572392_Andreas_AirflowETL/code/.venv/lib/python3.9/site-packages/airflow/example_dags/example_local_kubernetes_executor.py
[2026-09-18T13:51:40.283+0700] {processor.py:914} INFO - Processing file /Users/andreasanditya/Downloads/572392_Andreas_AirflowETL/code/.venv/lib/python3.9/site-packages/airflow/example_dags/example_local_kubernetes_executor.py for tasks to queue
[2026-09-18T13:51:40.283+0700] {logging_mixin.py:190} INFO - [2026-09-18T13:51:40.283+0700] {dagbag.py:588} INFO - Filling up the DagBag from /Users/andreasanditya/Downloads/572392_Andreas_AirflowETL/code/.venv/lib/python3.9/site-packages/airflow/example_dags/example_local_kubernetes_executor.py
[2026-09-18T13:51:40.332+0700] {logging_mixin.py:190} INFO - [2026-09-18T13:51:40.331+0700] {example_local_kubernetes_executor.py:40} WARNING - Could not import DAGs in example_local_kubernetes_executor.py
Traceback (most recent call last):
  File "/Users/andreasanditya/Downloads/572392_Andreas_AirflowETL/code/.venv/lib/python3.9/site-packages/airflow/example_dags/example_local_kubernetes_executor.py", line 38, in <module>
    from kubernetes.client import models as k8s
ModuleNotFoundError: No module named 'kubernetes'
[2026-09-18T13:51:40.332+0700] {logging_mixin.py:190} INFO - [2026-09-18T13:51:40.332+0700] {example_local_kubernetes_executor.py:41} WARNING - Install Kubernetes dependencies with: pip install apache-airflow[cncf.kubernetes]
[2026-09-18T13:51:40.332+0700] {processor.py:927} WARNING - No viable dags retrieved from /Users/andreasanditya/Downloads/572392_Andreas_AirflowETL/code/.venv/lib/python3.9/site-packages/airflow/example_dags/example_local_kubernetes_executor.py
[2026-09-18T13:51:40.387+0700] {processor.py:208} INFO - Processing /Users/andreasanditya/Downloads/572392_Andreas_AirflowETL/code/.venv/lib/python3.9/site-packages/airflow/example_dags/example_local_kubernetes_executor.py took 0.107 seconds
[2026-09-18T13:54:32.820+0700] {processor.py:186} INFO - Started process (PID=12982) to work on /Users/andreasanditya/Downloads/572392_Andreas_AirflowETL/code/.venv/lib/python3.9/site-packages/airflow/example_dags/example_local_kubernetes_executor.py
[2026-09-18T13:54:32.823+0700] {processor.py:914} INFO - Processing file /Users/andreasanditya/Downloads/572392_Andreas_AirflowETL/code/.venv/lib/python3.9/site-packages/airflow/example_dags/example_local_kubernetes_executor.py for tasks to queue
[2026-09-18T13:54:32.823+0700] {logging_mixin.py:190} INFO - [2026-09-18T13:54:32.823+0700] {dagbag.py:588} INFO - Filling up the DagBag from /Users/andreasanditya/Downloads/572392_Andreas_AirflowETL/code/.venv/lib/python3.9/site-packages/airflow/example_dags/example_local_kubernetes_executor.py
[2026-09-18T13:54:32.868+0700] {logging_mixin.py:190} INFO - [2026-09-18T13:54:32.868+0700] {example_local_kubernetes_executor.py:40} WARNING - Could not import DAGs in example_local_kubernetes_executor.py
Traceback (most recent call last):
  File "/Users/andreasanditya/Downloads/572392_Andreas_AirflowETL/code/.venv/lib/python3.9/site-packages/airflow/example_dags/example_local_kubernetes_executor.py", line 38, in <module>
    from kubernetes.client import models as k8s
ModuleNotFoundError: No module named 'kubernetes'
[2026-09-18T13:54:32.868+0700] {logging_mixin.py:190} INFO - [2026-09-18T13:54:32.868+0700] {example_local_kubernetes_executor.py:41} WARNING - Install Kubernetes dependencies with: pip install apache-airflow[cncf.kubernetes]
[2026-09-18T13:54:32.869+0700] {processor.py:927} WARNING - No viable dags retrieved from /Users/andreasanditya/Downloads/572392_Andreas_AirflowETL/code/.venv/lib/python3.9/site-packages/airflow/example_dags/example_local_kubernetes_executor.py
[2026-09-18T13:54:32.921+0700] {processor.py:208} INFO - Processing /Users/andreasanditya/Downloads/572392_Andreas_AirflowETL/code/.venv/lib/python3.9/site-packages/airflow/example_dags/example_local_kubernetes_executor.py took 0.103 seconds
