[2026-09-18T11:17:22.000+0700] {processor.py:186} INFO - Started process (PID=10662) to work on /Users/andreasanditya/Downloads/572392_Andreas_AirflowETL/code/.venv/lib/python3.9/site-packages/airflow/example_dags/example_setup_teardown_taskflow.py
[2026-09-18T11:17:22.001+0700] {processor.py:914} INFO - Processing file /Users/andreasanditya/Downloads/572392_Andreas_AirflowETL/code/.venv/lib/python3.9/site-packages/airflow/example_dags/example_setup_teardown_taskflow.py for tasks to queue
[2026-09-18T11:17:22.002+0700] {logging_mixin.py:190} INFO - [2026-09-18T11:17:22.002+0700] {dagbag.py:588} INFO - Filling up the DagBag from /Users/andreasanditya/Downloads/572392_Andreas_AirflowETL/code/.venv/lib/python3.9/site-packages/airflow/example_dags/example_setup_teardown_taskflow.py
[2026-09-18T11:17:22.050+0700] {processor.py:925} INFO - DAG(s) 'example_setup_teardown_taskflow' retrieved from /Users/andreasanditya/Downloads/572392_Andreas_AirflowETL/code/.venv/lib/python3.9/site-packages/airflow/example_dags/example_setup_teardown_taskflow.py
[2026-09-18T11:17:22.157+0700] {logging_mixin.py:190} INFO - [2026-09-18T11:17:22.157+0700] {override.py:1912} INFO - Created Permission View: can edit on DAG:example_setup_teardown_taskflow
[2026-09-18T11:17:22.162+0700] {logging_mixin.py:190} INFO - [2026-09-18T11:17:22.162+0700] {override.py:1912} INFO - Created Permission View: can read on DAG:example_setup_teardown_taskflow
[2026-09-18T11:17:22.166+0700] {logging_mixin.py:190} INFO - [2026-09-18T11:17:22.166+0700] {override.py:1912} INFO - Created Permission View: can delete on DAG:example_setup_teardown_taskflow
[2026-09-18T11:17:22.172+0700] {logging_mixin.py:190} INFO - [2026-09-18T11:17:22.172+0700] {override.py:1912} INFO - Created Permission View: menu access on DAG Run:example_setup_teardown_taskflow
[2026-09-18T11:17:22.179+0700] {logging_mixin.py:190} INFO - [2026-09-18T11:17:22.179+0700] {override.py:1912} INFO - Created Permission View: can read on DAG Run:example_setup_teardown_taskflow
[2026-09-18T11:17:22.182+0700] {logging_mixin.py:190} INFO - [2026-09-18T11:17:22.182+0700] {override.py:1912} INFO - Created Permission View: can delete on DAG Run:example_setup_teardown_taskflow
[2026-09-18T11:17:22.185+0700] {logging_mixin.py:190} INFO - [2026-09-18T11:17:22.184+0700] {override.py:1912} INFO - Created Permission View: can create on DAG Run:example_setup_teardown_taskflow
[2026-09-18T11:17:22.185+0700] {logging_mixin.py:190} INFO - [2026-09-18T11:17:22.185+0700] {dag.py:3239} INFO - Sync 1 DAGs
[2026-09-18T11:17:22.192+0700] {logging_mixin.py:190} INFO - [2026-09-18T11:17:22.191+0700] {dag.py:3262} INFO - Creating ORM DAG for example_setup_teardown_taskflow
[2026-09-18T11:17:22.192+0700] {logging_mixin.py:190} INFO - [2026-09-18T11:17:22.192+0700] {dag.py:4180} INFO - Setting next_dagrun for example_setup_teardown_taskflow to None, run_after=None
[2026-09-18T11:17:22.201+0700] {processor.py:208} INFO - Processing /Users/andreasanditya/Downloads/572392_Andreas_AirflowETL/code/.venv/lib/python3.9/site-packages/airflow/example_dags/example_setup_teardown_taskflow.py took 0.203 seconds
[2026-09-18T11:19:38.976+0700] {processor.py:186} INFO - Started process (PID=12077) to work on /Users/andreasanditya/Downloads/572392_Andreas_AirflowETL/code/.venv/lib/python3.9/site-packages/airflow/example_dags/example_setup_teardown_taskflow.py
[2026-09-18T11:19:38.977+0700] {processor.py:914} INFO - Processing file /Users/andreasanditya/Downloads/572392_Andreas_AirflowETL/code/.venv/lib/python3.9/site-packages/airflow/example_dags/example_setup_teardown_taskflow.py for tasks to queue
[2026-09-18T11:19:38.978+0700] {logging_mixin.py:190} INFO - [2026-09-18T11:19:38.978+0700] {dagbag.py:588} INFO - Filling up the DagBag from /Users/andreasanditya/Downloads/572392_Andreas_AirflowETL/code/.venv/lib/python3.9/site-packages/airflow/example_dags/example_setup_teardown_taskflow.py
[2026-09-18T11:19:39.027+0700] {processor.py:925} INFO - DAG(s) 'example_setup_teardown_taskflow' retrieved from /Users/andreasanditya/Downloads/572392_Andreas_AirflowETL/code/.venv/lib/python3.9/site-packages/airflow/example_dags/example_setup_teardown_taskflow.py
[2026-09-18T11:19:39.088+0700] {logging_mixin.py:190} INFO - [2026-09-18T11:19:39.087+0700] {dag.py:3239} INFO - Sync 1 DAGs
[2026-09-18T11:19:39.094+0700] {logging_mixin.py:190} INFO - [2026-09-18T11:19:39.094+0700] {dag.py:4180} INFO - Setting next_dagrun for example_setup_teardown_taskflow to None, run_after=None
[2026-09-18T11:19:39.104+0700] {processor.py:208} INFO - Processing /Users/andreasanditya/Downloads/572392_Andreas_AirflowETL/code/.venv/lib/python3.9/site-packages/airflow/example_dags/example_setup_teardown_taskflow.py took 0.131 seconds
[2026-09-18T11:21:11.180+0700] {processor.py:186} INFO - Started process (PID=13058) to work on /Users/andreasanditya/Downloads/572392_Andreas_AirflowETL/code/.venv/lib/python3.9/site-packages/airflow/example_dags/example_setup_teardown_taskflow.py
[2026-09-18T11:21:11.181+0700] {processor.py:914} INFO - Processing file /Users/andreasanditya/Downloads/572392_Andreas_AirflowETL/code/.venv/lib/python3.9/site-packages/airflow/example_dags/example_setup_teardown_taskflow.py for tasks to queue
[2026-09-18T11:21:11.182+0700] {logging_mixin.py:190} INFO - [2026-09-18T11:21:11.182+0700] {dagbag.py:588} INFO - Filling up the DagBag from /Users/andreasanditya/Downloads/572392_Andreas_AirflowETL/code/.venv/lib/python3.9/site-packages/airflow/example_dags/example_setup_teardown_taskflow.py
[2026-09-18T11:21:11.236+0700] {processor.py:925} INFO - DAG(s) 'example_setup_teardown_taskflow' retrieved from /Users/andreasanditya/Downloads/572392_Andreas_AirflowETL/code/.venv/lib/python3.9/site-packages/airflow/example_dags/example_setup_teardown_taskflow.py
[2026-09-18T11:21:11.301+0700] {logging_mixin.py:190} INFO - [2026-09-18T11:21:11.301+0700] {dag.py:3239} INFO - Sync 1 DAGs
[2026-09-18T11:21:11.308+0700] {logging_mixin.py:190} INFO - [2026-09-18T11:21:11.308+0700] {dag.py:4180} INFO - Setting next_dagrun for example_setup_teardown_taskflow to None, run_after=None
[2026-09-18T11:21:11.319+0700] {processor.py:208} INFO - Processing /Users/andreasanditya/Downloads/572392_Andreas_AirflowETL/code/.venv/lib/python3.9/site-packages/airflow/example_dags/example_setup_teardown_taskflow.py took 0.141 seconds
[2026-09-18T11:23:12.367+0700] {processor.py:186} INFO - Started process (PID=14437) to work on /Users/andreasanditya/Downloads/572392_Andreas_AirflowETL/code/.venv/lib/python3.9/site-packages/airflow/example_dags/example_setup_teardown_taskflow.py
[2026-09-18T11:23:12.368+0700] {processor.py:914} INFO - Processing file /Users/andreasanditya/Downloads/572392_Andreas_AirflowETL/code/.venv/lib/python3.9/site-packages/airflow/example_dags/example_setup_teardown_taskflow.py for tasks to queue
[2026-09-18T11:23:12.369+0700] {logging_mixin.py:190} INFO - [2026-09-18T11:23:12.369+0700] {dagbag.py:588} INFO - Filling up the DagBag from /Users/andreasanditya/Downloads/572392_Andreas_AirflowETL/code/.venv/lib/python3.9/site-packages/airflow/example_dags/example_setup_teardown_taskflow.py
[2026-09-18T11:23:12.426+0700] {processor.py:925} INFO - DAG(s) 'example_setup_teardown_taskflow' retrieved from /Users/andreasanditya/Downloads/572392_Andreas_AirflowETL/code/.venv/lib/python3.9/site-packages/airflow/example_dags/example_setup_teardown_taskflow.py
[2026-09-18T11:23:12.490+0700] {logging_mixin.py:190} INFO - [2026-09-18T11:23:12.490+0700] {dag.py:3239} INFO - Sync 1 DAGs
[2026-09-18T11:23:12.497+0700] {logging_mixin.py:190} INFO - [2026-09-18T11:23:12.496+0700] {dag.py:4180} INFO - Setting next_dagrun for example_setup_teardown_taskflow to None, run_after=None
[2026-09-18T11:23:12.508+0700] {processor.py:208} INFO - Processing /Users/andreasanditya/Downloads/572392_Andreas_AirflowETL/code/.venv/lib/python3.9/site-packages/airflow/example_dags/example_setup_teardown_taskflow.py took 0.143 seconds
[2026-09-18T11:24:36.936+0700] {processor.py:186} INFO - Started process (PID=15359) to work on /Users/andreasanditya/Downloads/572392_Andreas_AirflowETL/code/.venv/lib/python3.9/site-packages/airflow/example_dags/example_setup_teardown_taskflow.py
[2026-09-18T11:24:36.937+0700] {processor.py:914} INFO - Processing file /Users/andreasanditya/Downloads/572392_Andreas_AirflowETL/code/.venv/lib/python3.9/site-packages/airflow/example_dags/example_setup_teardown_taskflow.py for tasks to queue
[2026-09-18T11:24:36.937+0700] {logging_mixin.py:190} INFO - [2026-09-18T11:24:36.937+0700] {dagbag.py:588} INFO - Filling up the DagBag from /Users/andreasanditya/Downloads/572392_Andreas_AirflowETL/code/.venv/lib/python3.9/site-packages/airflow/example_dags/example_setup_teardown_taskflow.py
[2026-09-18T11:24:36.985+0700] {processor.py:925} INFO - DAG(s) 'example_setup_teardown_taskflow' retrieved from /Users/andreasanditya/Downloads/572392_Andreas_AirflowETL/code/.venv/lib/python3.9/site-packages/airflow/example_dags/example_setup_teardown_taskflow.py
[2026-09-18T11:24:37.044+0700] {logging_mixin.py:190} INFO - [2026-09-18T11:24:37.044+0700] {dag.py:3239} INFO - Sync 1 DAGs
[2026-09-18T11:24:37.050+0700] {logging_mixin.py:190} INFO - [2026-09-18T11:24:37.050+0700] {dag.py:4180} INFO - Setting next_dagrun for example_setup_teardown_taskflow to None, run_after=None
[2026-09-18T11:24:37.060+0700] {processor.py:208} INFO - Processing /Users/andreasanditya/Downloads/572392_Andreas_AirflowETL/code/.venv/lib/python3.9/site-packages/airflow/example_dags/example_setup_teardown_taskflow.py took 0.126 seconds
[2026-09-18T11:26:39.609+0700] {processor.py:186} INFO - Started process (PID=16677) to work on /Users/andreasanditya/Downloads/572392_Andreas_AirflowETL/code/.venv/lib/python3.9/site-packages/airflow/example_dags/example_setup_teardown_taskflow.py
[2026-09-18T11:26:39.610+0700] {processor.py:914} INFO - Processing file /Users/andreasanditya/Downloads/572392_Andreas_AirflowETL/code/.venv/lib/python3.9/site-packages/airflow/example_dags/example_setup_teardown_taskflow.py for tasks to queue
[2026-09-18T11:26:39.610+0700] {logging_mixin.py:190} INFO - [2026-09-18T11:26:39.610+0700] {dagbag.py:588} INFO - Filling up the DagBag from /Users/andreasanditya/Downloads/572392_Andreas_AirflowETL/code/.venv/lib/python3.9/site-packages/airflow/example_dags/example_setup_teardown_taskflow.py
[2026-09-18T11:26:39.668+0700] {processor.py:925} INFO - DAG(s) 'example_setup_teardown_taskflow' retrieved from /Users/andreasanditya/Downloads/572392_Andreas_AirflowETL/code/.venv/lib/python3.9/site-packages/airflow/example_dags/example_setup_teardown_taskflow.py
[2026-09-18T11:26:39.736+0700] {logging_mixin.py:190} INFO - [2026-09-18T11:26:39.736+0700] {dag.py:3239} INFO - Sync 1 DAGs
[2026-09-18T11:26:39.743+0700] {logging_mixin.py:190} INFO - [2026-09-18T11:26:39.743+0700] {dag.py:4180} INFO - Setting next_dagrun for example_setup_teardown_taskflow to None, run_after=None
[2026-09-18T11:26:39.755+0700] {processor.py:208} INFO - Processing /Users/andreasanditya/Downloads/572392_Andreas_AirflowETL/code/.venv/lib/python3.9/site-packages/airflow/example_dags/example_setup_teardown_taskflow.py took 0.149 seconds
[2026-09-18T11:28:13.781+0700] {processor.py:186} INFO - Started process (PID=17582) to work on /Users/andreasanditya/Downloads/572392_Andreas_AirflowETL/code/.venv/lib/python3.9/site-packages/airflow/example_dags/example_setup_teardown_taskflow.py
[2026-09-18T11:28:13.782+0700] {processor.py:914} INFO - Processing file /Users/andreasanditya/Downloads/572392_Andreas_AirflowETL/code/.venv/lib/python3.9/site-packages/airflow/example_dags/example_setup_teardown_taskflow.py for tasks to queue
[2026-09-18T11:28:13.783+0700] {logging_mixin.py:190} INFO - [2026-09-18T11:28:13.783+0700] {dagbag.py:588} INFO - Filling up the DagBag from /Users/andreasanditya/Downloads/572392_Andreas_AirflowETL/code/.venv/lib/python3.9/site-packages/airflow/example_dags/example_setup_teardown_taskflow.py
[2026-09-18T11:28:13.831+0700] {processor.py:925} INFO - DAG(s) 'example_setup_teardown_taskflow' retrieved from /Users/andreasanditya/Downloads/572392_Andreas_AirflowETL/code/.venv/lib/python3.9/site-packages/airflow/example_dags/example_setup_teardown_taskflow.py
[2026-09-18T11:28:13.893+0700] {logging_mixin.py:190} INFO - [2026-09-18T11:28:13.892+0700] {dag.py:3239} INFO - Sync 1 DAGs
[2026-09-18T11:28:13.899+0700] {logging_mixin.py:190} INFO - [2026-09-18T11:28:13.898+0700] {dag.py:4180} INFO - Setting next_dagrun for example_setup_teardown_taskflow to None, run_after=None
[2026-09-18T11:28:13.910+0700] {processor.py:208} INFO - Processing /Users/andreasanditya/Downloads/572392_Andreas_AirflowETL/code/.venv/lib/python3.9/site-packages/airflow/example_dags/example_setup_teardown_taskflow.py took 0.132 seconds
[2026-09-18T11:29:43.840+0700] {processor.py:186} INFO - Started process (PID=18533) to work on /Users/andreasanditya/Downloads/572392_Andreas_AirflowETL/code/.venv/lib/python3.9/site-packages/airflow/example_dags/example_setup_teardown_taskflow.py
[2026-09-18T11:29:43.841+0700] {processor.py:914} INFO - Processing file /Users/andreasanditya/Downloads/572392_Andreas_AirflowETL/code/.venv/lib/python3.9/site-packages/airflow/example_dags/example_setup_teardown_taskflow.py for tasks to queue
[2026-09-18T11:29:43.842+0700] {logging_mixin.py:190} INFO - [2026-09-18T11:29:43.842+0700] {dagbag.py:588} INFO - Filling up the DagBag from /Users/andreasanditya/Downloads/572392_Andreas_AirflowETL/code/.venv/lib/python3.9/site-packages/airflow/example_dags/example_setup_teardown_taskflow.py
[2026-09-18T11:29:43.912+0700] {processor.py:925} INFO - DAG(s) 'example_setup_teardown_taskflow' retrieved from /Users/andreasanditya/Downloads/572392_Andreas_AirflowETL/code/.venv/lib/python3.9/site-packages/airflow/example_dags/example_setup_teardown_taskflow.py
[2026-09-18T11:29:43.978+0700] {logging_mixin.py:190} INFO - [2026-09-18T11:29:43.978+0700] {dag.py:3239} INFO - Sync 1 DAGs
[2026-09-18T11:29:43.984+0700] {logging_mixin.py:190} INFO - [2026-09-18T11:29:43.984+0700] {dag.py:4180} INFO - Setting next_dagrun for example_setup_teardown_taskflow to None, run_after=None
[2026-09-18T11:29:43.994+0700] {processor.py:208} INFO - Processing /Users/andreasanditya/Downloads/572392_Andreas_AirflowETL/code/.venv/lib/python3.9/site-packages/airflow/example_dags/example_setup_teardown_taskflow.py took 0.157 seconds
[2026-09-18T11:31:11.743+0700] {processor.py:186} INFO - Started process (PID=19397) to work on /Users/andreasanditya/Downloads/572392_Andreas_AirflowETL/code/.venv/lib/python3.9/site-packages/airflow/example_dags/example_setup_teardown_taskflow.py
[2026-09-18T11:31:11.744+0700] {processor.py:914} INFO - Processing file /Users/andreasanditya/Downloads/572392_Andreas_AirflowETL/code/.venv/lib/python3.9/site-packages/airflow/example_dags/example_setup_teardown_taskflow.py for tasks to queue
[2026-09-18T11:31:11.745+0700] {logging_mixin.py:190} INFO - [2026-09-18T11:31:11.745+0700] {dagbag.py:588} INFO - Filling up the DagBag from /Users/andreasanditya/Downloads/572392_Andreas_AirflowETL/code/.venv/lib/python3.9/site-packages/airflow/example_dags/example_setup_teardown_taskflow.py
[2026-09-18T11:31:11.793+0700] {processor.py:925} INFO - DAG(s) 'example_setup_teardown_taskflow' retrieved from /Users/andreasanditya/Downloads/572392_Andreas_AirflowETL/code/.venv/lib/python3.9/site-packages/airflow/example_dags/example_setup_teardown_taskflow.py
[2026-09-18T11:31:11.853+0700] {logging_mixin.py:190} INFO - [2026-09-18T11:31:11.853+0700] {dag.py:3239} INFO - Sync 1 DAGs
[2026-09-18T11:31:11.859+0700] {logging_mixin.py:190} INFO - [2026-09-18T11:31:11.859+0700] {dag.py:4180} INFO - Setting next_dagrun for example_setup_teardown_taskflow to None, run_after=None
[2026-09-18T11:31:11.869+0700] {processor.py:208} INFO - Processing /Users/andreasanditya/Downloads/572392_Andreas_AirflowETL/code/.venv/lib/python3.9/site-packages/airflow/example_dags/example_setup_teardown_taskflow.py took 0.128 seconds
[2026-09-18T11:32:41.046+0700] {processor.py:186} INFO - Started process (PID=20374) to work on /Users/andreasanditya/Downloads/572392_Andreas_AirflowETL/code/.venv/lib/python3.9/site-packages/airflow/example_dags/example_setup_teardown_taskflow.py
[2026-09-18T11:32:41.046+0700] {processor.py:914} INFO - Processing file /Users/andreasanditya/Downloads/572392_Andreas_AirflowETL/code/.venv/lib/python3.9/site-packages/airflow/example_dags/example_setup_teardown_taskflow.py for tasks to queue
[2026-09-18T11:32:41.047+0700] {logging_mixin.py:190} INFO - [2026-09-18T11:32:41.047+0700] {dagbag.py:588} INFO - Filling up the DagBag from /Users/andreasanditya/Downloads/572392_Andreas_AirflowETL/code/.venv/lib/python3.9/site-packages/airflow/example_dags/example_setup_teardown_taskflow.py
[2026-09-18T11:32:41.097+0700] {processor.py:925} INFO - DAG(s) 'example_setup_teardown_taskflow' retrieved from /Users/andreasanditya/Downloads/572392_Andreas_AirflowETL/code/.venv/lib/python3.9/site-packages/airflow/example_dags/example_setup_teardown_taskflow.py
[2026-09-18T11:32:41.160+0700] {logging_mixin.py:190} INFO - [2026-09-18T11:32:41.159+0700] {dag.py:3239} INFO - Sync 1 DAGs
[2026-09-18T11:32:41.166+0700] {logging_mixin.py:190} INFO - [2026-09-18T11:32:41.166+0700] {dag.py:4180} INFO - Setting next_dagrun for example_setup_teardown_taskflow to None, run_after=None
[2026-09-18T11:32:41.176+0700] {processor.py:208} INFO - Processing /Users/andreasanditya/Downloads/572392_Andreas_AirflowETL/code/.venv/lib/python3.9/site-packages/airflow/example_dags/example_setup_teardown_taskflow.py took 0.133 seconds
[2026-09-18T11:34:08.724+0700] {processor.py:186} INFO - Started process (PID=21326) to work on /Users/andreasanditya/Downloads/572392_Andreas_AirflowETL/code/.venv/lib/python3.9/site-packages/airflow/example_dags/example_setup_teardown_taskflow.py
[2026-09-18T11:34:08.725+0700] {processor.py:914} INFO - Processing file /Users/andreasanditya/Downloads/572392_Andreas_AirflowETL/code/.venv/lib/python3.9/site-packages/airflow/example_dags/example_setup_teardown_taskflow.py for tasks to queue
[2026-09-18T11:34:08.726+0700] {logging_mixin.py:190} INFO - [2026-09-18T11:34:08.725+0700] {dagbag.py:588} INFO - Filling up the DagBag from /Users/andreasanditya/Downloads/572392_Andreas_AirflowETL/code/.venv/lib/python3.9/site-packages/airflow/example_dags/example_setup_teardown_taskflow.py
[2026-09-18T11:34:08.778+0700] {processor.py:925} INFO - DAG(s) 'example_setup_teardown_taskflow' retrieved from /Users/andreasanditya/Downloads/572392_Andreas_AirflowETL/code/.venv/lib/python3.9/site-packages/airflow/example_dags/example_setup_teardown_taskflow.py
[2026-09-18T11:34:08.841+0700] {logging_mixin.py:190} INFO - [2026-09-18T11:34:08.841+0700] {dag.py:3239} INFO - Sync 1 DAGs
[2026-09-18T11:34:08.847+0700] {logging_mixin.py:190} INFO - [2026-09-18T11:34:08.847+0700] {dag.py:4180} INFO - Setting next_dagrun for example_setup_teardown_taskflow to None, run_after=None
[2026-09-18T11:34:08.858+0700] {processor.py:208} INFO - Processing /Users/andreasanditya/Downloads/572392_Andreas_AirflowETL/code/.venv/lib/python3.9/site-packages/airflow/example_dags/example_setup_teardown_taskflow.py took 0.136 seconds
[2026-09-18T11:35:36.297+0700] {processor.py:186} INFO - Started process (PID=22194) to work on /Users/andreasanditya/Downloads/572392_Andreas_AirflowETL/code/.venv/lib/python3.9/site-packages/airflow/example_dags/example_setup_teardown_taskflow.py
[2026-09-18T11:35:36.298+0700] {processor.py:914} INFO - Processing file /Users/andreasanditya/Downloads/572392_Andreas_AirflowETL/code/.venv/lib/python3.9/site-packages/airflow/example_dags/example_setup_teardown_taskflow.py for tasks to queue
[2026-09-18T11:35:36.299+0700] {logging_mixin.py:190} INFO - [2026-09-18T11:35:36.299+0700] {dagbag.py:588} INFO - Filling up the DagBag from /Users/andreasanditya/Downloads/572392_Andreas_AirflowETL/code/.venv/lib/python3.9/site-packages/airflow/example_dags/example_setup_teardown_taskflow.py
[2026-09-18T11:35:36.354+0700] {processor.py:925} INFO - DAG(s) 'example_setup_teardown_taskflow' retrieved from /Users/andreasanditya/Downloads/572392_Andreas_AirflowETL/code/.venv/lib/python3.9/site-packages/airflow/example_dags/example_setup_teardown_taskflow.py
[2026-09-18T11:35:36.419+0700] {logging_mixin.py:190} INFO - [2026-09-18T11:35:36.419+0700] {dag.py:3239} INFO - Sync 1 DAGs
[2026-09-18T11:35:36.425+0700] {logging_mixin.py:190} INFO - [2026-09-18T11:35:36.425+0700] {dag.py:4180} INFO - Setting next_dagrun for example_setup_teardown_taskflow to None, run_after=None
[2026-09-18T11:35:36.435+0700] {processor.py:208} INFO - Processing /Users/andreasanditya/Downloads/572392_Andreas_AirflowETL/code/.venv/lib/python3.9/site-packages/airflow/example_dags/example_setup_teardown_taskflow.py took 0.140 seconds
[2026-09-18T11:37:04.776+0700] {processor.py:186} INFO - Started process (PID=23204) to work on /Users/andreasanditya/Downloads/572392_Andreas_AirflowETL/code/.venv/lib/python3.9/site-packages/airflow/example_dags/example_setup_teardown_taskflow.py
[2026-09-18T11:37:04.777+0700] {processor.py:914} INFO - Processing file /Users/andreasanditya/Downloads/572392_Andreas_AirflowETL/code/.venv/lib/python3.9/site-packages/airflow/example_dags/example_setup_teardown_taskflow.py for tasks to queue
[2026-09-18T11:37:04.778+0700] {logging_mixin.py:190} INFO - [2026-09-18T11:37:04.778+0700] {dagbag.py:588} INFO - Filling up the DagBag from /Users/andreasanditya/Downloads/572392_Andreas_AirflowETL/code/.venv/lib/python3.9/site-packages/airflow/example_dags/example_setup_teardown_taskflow.py
[2026-09-18T11:37:04.831+0700] {processor.py:925} INFO - DAG(s) 'example_setup_teardown_taskflow' retrieved from /Users/andreasanditya/Downloads/572392_Andreas_AirflowETL/code/.venv/lib/python3.9/site-packages/airflow/example_dags/example_setup_teardown_taskflow.py
[2026-09-18T11:37:04.901+0700] {logging_mixin.py:190} INFO - [2026-09-18T11:37:04.901+0700] {dag.py:3239} INFO - Sync 1 DAGs
[2026-09-18T11:37:04.908+0700] {logging_mixin.py:190} INFO - [2026-09-18T11:37:04.908+0700] {dag.py:4180} INFO - Setting next_dagrun for example_setup_teardown_taskflow to None, run_after=None
[2026-09-18T11:37:04.920+0700] {processor.py:208} INFO - Processing /Users/andreasanditya/Downloads/572392_Andreas_AirflowETL/code/.venv/lib/python3.9/site-packages/airflow/example_dags/example_setup_teardown_taskflow.py took 0.146 seconds
[2026-09-18T11:38:31.035+0700] {processor.py:186} INFO - Started process (PID=24122) to work on /Users/andreasanditya/Downloads/572392_Andreas_AirflowETL/code/.venv/lib/python3.9/site-packages/airflow/example_dags/example_setup_teardown_taskflow.py
[2026-09-18T11:38:31.037+0700] {processor.py:914} INFO - Processing file /Users/andreasanditya/Downloads/572392_Andreas_AirflowETL/code/.venv/lib/python3.9/site-packages/airflow/example_dags/example_setup_teardown_taskflow.py for tasks to queue
[2026-09-18T11:38:31.037+0700] {logging_mixin.py:190} INFO - [2026-09-18T11:38:31.037+0700] {dagbag.py:588} INFO - Filling up the DagBag from /Users/andreasanditya/Downloads/572392_Andreas_AirflowETL/code/.venv/lib/python3.9/site-packages/airflow/example_dags/example_setup_teardown_taskflow.py
[2026-09-18T11:38:31.083+0700] {processor.py:925} INFO - DAG(s) 'example_setup_teardown_taskflow' retrieved from /Users/andreasanditya/Downloads/572392_Andreas_AirflowETL/code/.venv/lib/python3.9/site-packages/airflow/example_dags/example_setup_teardown_taskflow.py
[2026-09-18T11:38:31.143+0700] {logging_mixin.py:190} INFO - [2026-09-18T11:38:31.143+0700] {dag.py:3239} INFO - Sync 1 DAGs
[2026-09-18T11:38:31.149+0700] {logging_mixin.py:190} INFO - [2026-09-18T11:38:31.149+0700] {dag.py:4180} INFO - Setting next_dagrun for example_setup_teardown_taskflow to None, run_after=None
[2026-09-18T11:38:31.159+0700] {processor.py:208} INFO - Processing /Users/andreasanditya/Downloads/572392_Andreas_AirflowETL/code/.venv/lib/python3.9/site-packages/airflow/example_dags/example_setup_teardown_taskflow.py took 0.126 seconds
[2026-09-18T11:39:57.860+0700] {processor.py:186} INFO - Started process (PID=24969) to work on /Users/andreasanditya/Downloads/572392_Andreas_AirflowETL/code/.venv/lib/python3.9/site-packages/airflow/example_dags/example_setup_teardown_taskflow.py
[2026-09-18T11:39:57.861+0700] {processor.py:914} INFO - Processing file /Users/andreasanditya/Downloads/572392_Andreas_AirflowETL/code/.venv/lib/python3.9/site-packages/airflow/example_dags/example_setup_teardown_taskflow.py for tasks to queue
[2026-09-18T11:39:57.862+0700] {logging_mixin.py:190} INFO - [2026-09-18T11:39:57.862+0700] {dagbag.py:588} INFO - Filling up the DagBag from /Users/andreasanditya/Downloads/572392_Andreas_AirflowETL/code/.venv/lib/python3.9/site-packages/airflow/example_dags/example_setup_teardown_taskflow.py
[2026-09-18T11:39:57.912+0700] {processor.py:925} INFO - DAG(s) 'example_setup_teardown_taskflow' retrieved from /Users/andreasanditya/Downloads/572392_Andreas_AirflowETL/code/.venv/lib/python3.9/site-packages/airflow/example_dags/example_setup_teardown_taskflow.py
[2026-09-18T11:39:57.977+0700] {logging_mixin.py:190} INFO - [2026-09-18T11:39:57.977+0700] {dag.py:3239} INFO - Sync 1 DAGs
[2026-09-18T11:39:57.983+0700] {logging_mixin.py:190} INFO - [2026-09-18T11:39:57.983+0700] {dag.py:4180} INFO - Setting next_dagrun for example_setup_teardown_taskflow to None, run_after=None
[2026-09-18T11:39:57.994+0700] {processor.py:208} INFO - Processing /Users/andreasanditya/Downloads/572392_Andreas_AirflowETL/code/.venv/lib/python3.9/site-packages/airflow/example_dags/example_setup_teardown_taskflow.py took 0.136 seconds
[2026-09-18T11:41:27.335+0700] {processor.py:186} INFO - Started process (PID=25913) to work on /Users/andreasanditya/Downloads/572392_Andreas_AirflowETL/code/.venv/lib/python3.9/site-packages/airflow/example_dags/example_setup_teardown_taskflow.py
[2026-09-18T11:41:27.336+0700] {processor.py:914} INFO - Processing file /Users/andreasanditya/Downloads/572392_Andreas_AirflowETL/code/.venv/lib/python3.9/site-packages/airflow/example_dags/example_setup_teardown_taskflow.py for tasks to queue
[2026-09-18T11:41:27.336+0700] {logging_mixin.py:190} INFO - [2026-09-18T11:41:27.336+0700] {dagbag.py:588} INFO - Filling up the DagBag from /Users/andreasanditya/Downloads/572392_Andreas_AirflowETL/code/.venv/lib/python3.9/site-packages/airflow/example_dags/example_setup_teardown_taskflow.py
[2026-09-18T11:41:27.385+0700] {processor.py:925} INFO - DAG(s) 'example_setup_teardown_taskflow' retrieved from /Users/andreasanditya/Downloads/572392_Andreas_AirflowETL/code/.venv/lib/python3.9/site-packages/airflow/example_dags/example_setup_teardown_taskflow.py
[2026-09-18T11:41:27.446+0700] {logging_mixin.py:190} INFO - [2026-09-18T11:41:27.446+0700] {dag.py:3239} INFO - Sync 1 DAGs
[2026-09-18T11:41:27.452+0700] {logging_mixin.py:190} INFO - [2026-09-18T11:41:27.452+0700] {dag.py:4180} INFO - Setting next_dagrun for example_setup_teardown_taskflow to None, run_after=None
[2026-09-18T11:41:27.462+0700] {processor.py:208} INFO - Processing /Users/andreasanditya/Downloads/572392_Andreas_AirflowETL/code/.venv/lib/python3.9/site-packages/airflow/example_dags/example_setup_teardown_taskflow.py took 0.129 seconds
[2026-09-18T11:42:57.304+0700] {processor.py:186} INFO - Started process (PID=26837) to work on /Users/andreasanditya/Downloads/572392_Andreas_AirflowETL/code/.venv/lib/python3.9/site-packages/airflow/example_dags/example_setup_teardown_taskflow.py
[2026-09-18T11:42:57.305+0700] {processor.py:914} INFO - Processing file /Users/andreasanditya/Downloads/572392_Andreas_AirflowETL/code/.venv/lib/python3.9/site-packages/airflow/example_dags/example_setup_teardown_taskflow.py for tasks to queue
[2026-09-18T11:42:57.306+0700] {logging_mixin.py:190} INFO - [2026-09-18T11:42:57.306+0700] {dagbag.py:588} INFO - Filling up the DagBag from /Users/andreasanditya/Downloads/572392_Andreas_AirflowETL/code/.venv/lib/python3.9/site-packages/airflow/example_dags/example_setup_teardown_taskflow.py
[2026-09-18T11:42:57.352+0700] {processor.py:925} INFO - DAG(s) 'example_setup_teardown_taskflow' retrieved from /Users/andreasanditya/Downloads/572392_Andreas_AirflowETL/code/.venv/lib/python3.9/site-packages/airflow/example_dags/example_setup_teardown_taskflow.py
[2026-09-18T11:42:57.412+0700] {logging_mixin.py:190} INFO - [2026-09-18T11:42:57.412+0700] {dag.py:3239} INFO - Sync 1 DAGs
[2026-09-18T11:42:57.418+0700] {logging_mixin.py:190} INFO - [2026-09-18T11:42:57.418+0700] {dag.py:4180} INFO - Setting next_dagrun for example_setup_teardown_taskflow to None, run_after=None
[2026-09-18T11:42:57.428+0700] {processor.py:208} INFO - Processing /Users/andreasanditya/Downloads/572392_Andreas_AirflowETL/code/.venv/lib/python3.9/site-packages/airflow/example_dags/example_setup_teardown_taskflow.py took 0.126 seconds
[2026-09-18T11:44:25.797+0700] {processor.py:186} INFO - Started process (PID=27743) to work on /Users/andreasanditya/Downloads/572392_Andreas_AirflowETL/code/.venv/lib/python3.9/site-packages/airflow/example_dags/example_setup_teardown_taskflow.py
[2026-09-18T11:44:25.799+0700] {processor.py:914} INFO - Processing file /Users/andreasanditya/Downloads/572392_Andreas_AirflowETL/code/.venv/lib/python3.9/site-packages/airflow/example_dags/example_setup_teardown_taskflow.py for tasks to queue
[2026-09-18T11:44:25.799+0700] {logging_mixin.py:190} INFO - [2026-09-18T11:44:25.799+0700] {dagbag.py:588} INFO - Filling up the DagBag from /Users/andreasanditya/Downloads/572392_Andreas_AirflowETL/code/.venv/lib/python3.9/site-packages/airflow/example_dags/example_setup_teardown_taskflow.py
[2026-09-18T11:44:25.846+0700] {processor.py:925} INFO - DAG(s) 'example_setup_teardown_taskflow' retrieved from /Users/andreasanditya/Downloads/572392_Andreas_AirflowETL/code/.venv/lib/python3.9/site-packages/airflow/example_dags/example_setup_teardown_taskflow.py
[2026-09-18T11:44:25.906+0700] {logging_mixin.py:190} INFO - [2026-09-18T11:44:25.906+0700] {dag.py:3239} INFO - Sync 1 DAGs
[2026-09-18T11:44:25.912+0700] {logging_mixin.py:190} INFO - [2026-09-18T11:44:25.912+0700] {dag.py:4180} INFO - Setting next_dagrun for example_setup_teardown_taskflow to None, run_after=None
[2026-09-18T11:44:25.922+0700] {processor.py:208} INFO - Processing /Users/andreasanditya/Downloads/572392_Andreas_AirflowETL/code/.venv/lib/python3.9/site-packages/airflow/example_dags/example_setup_teardown_taskflow.py took 0.126 seconds
[2026-09-18T11:45:51.458+0700] {processor.py:186} INFO - Started process (PID=28552) to work on /Users/andreasanditya/Downloads/572392_Andreas_AirflowETL/code/.venv/lib/python3.9/site-packages/airflow/example_dags/example_setup_teardown_taskflow.py
[2026-09-18T11:45:51.461+0700] {processor.py:914} INFO - Processing file /Users/andreasanditya/Downloads/572392_Andreas_AirflowETL/code/.venv/lib/python3.9/site-packages/airflow/example_dags/example_setup_teardown_taskflow.py for tasks to queue
[2026-09-18T11:45:51.462+0700] {logging_mixin.py:190} INFO - [2026-09-18T11:45:51.462+0700] {dagbag.py:588} INFO - Filling up the DagBag from /Users/andreasanditya/Downloads/572392_Andreas_AirflowETL/code/.venv/lib/python3.9/site-packages/airflow/example_dags/example_setup_teardown_taskflow.py
[2026-09-18T11:45:51.510+0700] {processor.py:925} INFO - DAG(s) 'example_setup_teardown_taskflow' retrieved from /Users/andreasanditya/Downloads/572392_Andreas_AirflowETL/code/.venv/lib/python3.9/site-packages/airflow/example_dags/example_setup_teardown_taskflow.py
[2026-09-18T11:45:51.572+0700] {logging_mixin.py:190} INFO - [2026-09-18T11:45:51.572+0700] {dag.py:3239} INFO - Sync 1 DAGs
[2026-09-18T11:45:51.578+0700] {logging_mixin.py:190} INFO - [2026-09-18T11:45:51.578+0700] {dag.py:4180} INFO - Setting next_dagrun for example_setup_teardown_taskflow to None, run_after=None
[2026-09-18T11:45:51.588+0700] {processor.py:208} INFO - Processing /Users/andreasanditya/Downloads/572392_Andreas_AirflowETL/code/.venv/lib/python3.9/site-packages/airflow/example_dags/example_setup_teardown_taskflow.py took 0.133 seconds
[2026-09-18T11:47:17.892+0700] {processor.py:186} INFO - Started process (PID=29452) to work on /Users/andreasanditya/Downloads/572392_Andreas_AirflowETL/code/.venv/lib/python3.9/site-packages/airflow/example_dags/example_setup_teardown_taskflow.py
[2026-09-18T11:47:17.893+0700] {processor.py:914} INFO - Processing file /Users/andreasanditya/Downloads/572392_Andreas_AirflowETL/code/.venv/lib/python3.9/site-packages/airflow/example_dags/example_setup_teardown_taskflow.py for tasks to queue
[2026-09-18T11:47:17.894+0700] {logging_mixin.py:190} INFO - [2026-09-18T11:47:17.893+0700] {dagbag.py:588} INFO - Filling up the DagBag from /Users/andreasanditya/Downloads/572392_Andreas_AirflowETL/code/.venv/lib/python3.9/site-packages/airflow/example_dags/example_setup_teardown_taskflow.py
[2026-09-18T11:47:17.939+0700] {processor.py:925} INFO - DAG(s) 'example_setup_teardown_taskflow' retrieved from /Users/andreasanditya/Downloads/572392_Andreas_AirflowETL/code/.venv/lib/python3.9/site-packages/airflow/example_dags/example_setup_teardown_taskflow.py
[2026-09-18T11:47:18.002+0700] {logging_mixin.py:190} INFO - [2026-09-18T11:47:18.001+0700] {dag.py:3239} INFO - Sync 1 DAGs
[2026-09-18T11:47:18.008+0700] {logging_mixin.py:190} INFO - [2026-09-18T11:47:18.007+0700] {dag.py:4180} INFO - Setting next_dagrun for example_setup_teardown_taskflow to None, run_after=None
[2026-09-18T11:47:18.017+0700] {processor.py:208} INFO - Processing /Users/andreasanditya/Downloads/572392_Andreas_AirflowETL/code/.venv/lib/python3.9/site-packages/airflow/example_dags/example_setup_teardown_taskflow.py took 0.127 seconds
[2026-09-18T11:48:45.004+0700] {processor.py:186} INFO - Started process (PID=30302) to work on /Users/andreasanditya/Downloads/572392_Andreas_AirflowETL/code/.venv/lib/python3.9/site-packages/airflow/example_dags/example_setup_teardown_taskflow.py
[2026-09-18T11:48:45.005+0700] {processor.py:914} INFO - Processing file /Users/andreasanditya/Downloads/572392_Andreas_AirflowETL/code/.venv/lib/python3.9/site-packages/airflow/example_dags/example_setup_teardown_taskflow.py for tasks to queue
[2026-09-18T11:48:45.006+0700] {logging_mixin.py:190} INFO - [2026-09-18T11:48:45.006+0700] {dagbag.py:588} INFO - Filling up the DagBag from /Users/andreasanditya/Downloads/572392_Andreas_AirflowETL/code/.venv/lib/python3.9/site-packages/airflow/example_dags/example_setup_teardown_taskflow.py
[2026-09-18T11:48:45.052+0700] {processor.py:925} INFO - DAG(s) 'example_setup_teardown_taskflow' retrieved from /Users/andreasanditya/Downloads/572392_Andreas_AirflowETL/code/.venv/lib/python3.9/site-packages/airflow/example_dags/example_setup_teardown_taskflow.py
[2026-09-18T11:48:45.112+0700] {logging_mixin.py:190} INFO - [2026-09-18T11:48:45.112+0700] {dag.py:3239} INFO - Sync 1 DAGs
[2026-09-18T11:48:45.118+0700] {logging_mixin.py:190} INFO - [2026-09-18T11:48:45.118+0700] {dag.py:4180} INFO - Setting next_dagrun for example_setup_teardown_taskflow to None, run_after=None
[2026-09-18T11:48:45.128+0700] {processor.py:208} INFO - Processing /Users/andreasanditya/Downloads/572392_Andreas_AirflowETL/code/.venv/lib/python3.9/site-packages/airflow/example_dags/example_setup_teardown_taskflow.py took 0.126 seconds
[2026-09-18T11:50:11.395+0700] {processor.py:186} INFO - Started process (PID=31216) to work on /Users/andreasanditya/Downloads/572392_Andreas_AirflowETL/code/.venv/lib/python3.9/site-packages/airflow/example_dags/example_setup_teardown_taskflow.py
[2026-09-18T11:50:11.396+0700] {processor.py:914} INFO - Processing file /Users/andreasanditya/Downloads/572392_Andreas_AirflowETL/code/.venv/lib/python3.9/site-packages/airflow/example_dags/example_setup_teardown_taskflow.py for tasks to queue
[2026-09-18T11:50:11.397+0700] {logging_mixin.py:190} INFO - [2026-09-18T11:50:11.396+0700] {dagbag.py:588} INFO - Filling up the DagBag from /Users/andreasanditya/Downloads/572392_Andreas_AirflowETL/code/.venv/lib/python3.9/site-packages/airflow/example_dags/example_setup_teardown_taskflow.py
[2026-09-18T11:50:11.442+0700] {processor.py:925} INFO - DAG(s) 'example_setup_teardown_taskflow' retrieved from /Users/andreasanditya/Downloads/572392_Andreas_AirflowETL/code/.venv/lib/python3.9/site-packages/airflow/example_dags/example_setup_teardown_taskflow.py
[2026-09-18T11:50:11.503+0700] {logging_mixin.py:190} INFO - [2026-09-18T11:50:11.502+0700] {dag.py:3239} INFO - Sync 1 DAGs
[2026-09-18T11:50:11.509+0700] {logging_mixin.py:190} INFO - [2026-09-18T11:50:11.509+0700] {dag.py:4180} INFO - Setting next_dagrun for example_setup_teardown_taskflow to None, run_after=None
[2026-09-18T11:50:11.519+0700] {processor.py:208} INFO - Processing /Users/andreasanditya/Downloads/572392_Andreas_AirflowETL/code/.venv/lib/python3.9/site-packages/airflow/example_dags/example_setup_teardown_taskflow.py took 0.126 seconds
[2026-09-18T11:51:36.276+0700] {processor.py:186} INFO - Started process (PID=32023) to work on /Users/andreasanditya/Downloads/572392_Andreas_AirflowETL/code/.venv/lib/python3.9/site-packages/airflow/example_dags/example_setup_teardown_taskflow.py
[2026-09-18T11:51:36.278+0700] {processor.py:914} INFO - Processing file /Users/andreasanditya/Downloads/572392_Andreas_AirflowETL/code/.venv/lib/python3.9/site-packages/airflow/example_dags/example_setup_teardown_taskflow.py for tasks to queue
[2026-09-18T11:51:36.278+0700] {logging_mixin.py:190} INFO - [2026-09-18T11:51:36.278+0700] {dagbag.py:588} INFO - Filling up the DagBag from /Users/andreasanditya/Downloads/572392_Andreas_AirflowETL/code/.venv/lib/python3.9/site-packages/airflow/example_dags/example_setup_teardown_taskflow.py
[2026-09-18T11:51:36.328+0700] {processor.py:925} INFO - DAG(s) 'example_setup_teardown_taskflow' retrieved from /Users/andreasanditya/Downloads/572392_Andreas_AirflowETL/code/.venv/lib/python3.9/site-packages/airflow/example_dags/example_setup_teardown_taskflow.py
[2026-09-18T11:51:36.389+0700] {logging_mixin.py:190} INFO - [2026-09-18T11:51:36.388+0700] {dag.py:3239} INFO - Sync 1 DAGs
[2026-09-18T11:51:36.395+0700] {logging_mixin.py:190} INFO - [2026-09-18T11:51:36.395+0700] {dag.py:4180} INFO - Setting next_dagrun for example_setup_teardown_taskflow to None, run_after=None
[2026-09-18T11:51:36.405+0700] {processor.py:208} INFO - Processing /Users/andreasanditya/Downloads/572392_Andreas_AirflowETL/code/.venv/lib/python3.9/site-packages/airflow/example_dags/example_setup_teardown_taskflow.py took 0.131 seconds
[2026-09-18T11:53:02.623+0700] {processor.py:186} INFO - Started process (PID=32927) to work on /Users/andreasanditya/Downloads/572392_Andreas_AirflowETL/code/.venv/lib/python3.9/site-packages/airflow/example_dags/example_setup_teardown_taskflow.py
[2026-09-18T11:53:02.624+0700] {processor.py:914} INFO - Processing file /Users/andreasanditya/Downloads/572392_Andreas_AirflowETL/code/.venv/lib/python3.9/site-packages/airflow/example_dags/example_setup_teardown_taskflow.py for tasks to queue
[2026-09-18T11:53:02.625+0700] {logging_mixin.py:190} INFO - [2026-09-18T11:53:02.625+0700] {dagbag.py:588} INFO - Filling up the DagBag from /Users/andreasanditya/Downloads/572392_Andreas_AirflowETL/code/.venv/lib/python3.9/site-packages/airflow/example_dags/example_setup_teardown_taskflow.py
[2026-09-18T11:53:02.675+0700] {processor.py:925} INFO - DAG(s) 'example_setup_teardown_taskflow' retrieved from /Users/andreasanditya/Downloads/572392_Andreas_AirflowETL/code/.venv/lib/python3.9/site-packages/airflow/example_dags/example_setup_teardown_taskflow.py
[2026-09-18T11:53:02.735+0700] {logging_mixin.py:190} INFO - [2026-09-18T11:53:02.735+0700] {dag.py:3239} INFO - Sync 1 DAGs
[2026-09-18T11:53:02.741+0700] {logging_mixin.py:190} INFO - [2026-09-18T11:53:02.741+0700] {dag.py:4180} INFO - Setting next_dagrun for example_setup_teardown_taskflow to None, run_after=None
[2026-09-18T11:53:02.750+0700] {processor.py:208} INFO - Processing /Users/andreasanditya/Downloads/572392_Andreas_AirflowETL/code/.venv/lib/python3.9/site-packages/airflow/example_dags/example_setup_teardown_taskflow.py took 0.129 seconds
[2026-09-18T11:54:29.396+0700] {processor.py:186} INFO - Started process (PID=33762) to work on /Users/andreasanditya/Downloads/572392_Andreas_AirflowETL/code/.venv/lib/python3.9/site-packages/airflow/example_dags/example_setup_teardown_taskflow.py
[2026-09-18T11:54:29.397+0700] {processor.py:914} INFO - Processing file /Users/andreasanditya/Downloads/572392_Andreas_AirflowETL/code/.venv/lib/python3.9/site-packages/airflow/example_dags/example_setup_teardown_taskflow.py for tasks to queue
[2026-09-18T11:54:29.397+0700] {logging_mixin.py:190} INFO - [2026-09-18T11:54:29.397+0700] {dagbag.py:588} INFO - Filling up the DagBag from /Users/andreasanditya/Downloads/572392_Andreas_AirflowETL/code/.venv/lib/python3.9/site-packages/airflow/example_dags/example_setup_teardown_taskflow.py
[2026-09-18T11:54:29.445+0700] {processor.py:925} INFO - DAG(s) 'example_setup_teardown_taskflow' retrieved from /Users/andreasanditya/Downloads/572392_Andreas_AirflowETL/code/.venv/lib/python3.9/site-packages/airflow/example_dags/example_setup_teardown_taskflow.py
[2026-09-18T11:54:29.504+0700] {logging_mixin.py:190} INFO - [2026-09-18T11:54:29.504+0700] {dag.py:3239} INFO - Sync 1 DAGs
[2026-09-18T11:54:29.510+0700] {logging_mixin.py:190} INFO - [2026-09-18T11:54:29.510+0700] {dag.py:4180} INFO - Setting next_dagrun for example_setup_teardown_taskflow to None, run_after=None
[2026-09-18T11:54:29.520+0700] {processor.py:208} INFO - Processing /Users/andreasanditya/Downloads/572392_Andreas_AirflowETL/code/.venv/lib/python3.9/site-packages/airflow/example_dags/example_setup_teardown_taskflow.py took 0.126 seconds
[2026-09-18T11:55:57.184+0700] {processor.py:186} INFO - Started process (PID=34688) to work on /Users/andreasanditya/Downloads/572392_Andreas_AirflowETL/code/.venv/lib/python3.9/site-packages/airflow/example_dags/example_setup_teardown_taskflow.py
[2026-09-18T11:55:57.185+0700] {processor.py:914} INFO - Processing file /Users/andreasanditya/Downloads/572392_Andreas_AirflowETL/code/.venv/lib/python3.9/site-packages/airflow/example_dags/example_setup_teardown_taskflow.py for tasks to queue
[2026-09-18T11:55:57.185+0700] {logging_mixin.py:190} INFO - [2026-09-18T11:55:57.185+0700] {dagbag.py:588} INFO - Filling up the DagBag from /Users/andreasanditya/Downloads/572392_Andreas_AirflowETL/code/.venv/lib/python3.9/site-packages/airflow/example_dags/example_setup_teardown_taskflow.py
[2026-09-18T11:55:57.231+0700] {processor.py:925} INFO - DAG(s) 'example_setup_teardown_taskflow' retrieved from /Users/andreasanditya/Downloads/572392_Andreas_AirflowETL/code/.venv/lib/python3.9/site-packages/airflow/example_dags/example_setup_teardown_taskflow.py
[2026-09-18T11:55:57.291+0700] {logging_mixin.py:190} INFO - [2026-09-18T11:55:57.291+0700] {dag.py:3239} INFO - Sync 1 DAGs
[2026-09-18T11:55:57.297+0700] {logging_mixin.py:190} INFO - [2026-09-18T11:55:57.297+0700] {dag.py:4180} INFO - Setting next_dagrun for example_setup_teardown_taskflow to None, run_after=None
[2026-09-18T11:55:57.307+0700] {processor.py:208} INFO - Processing /Users/andreasanditya/Downloads/572392_Andreas_AirflowETL/code/.venv/lib/python3.9/site-packages/airflow/example_dags/example_setup_teardown_taskflow.py took 0.125 seconds
[2026-09-18T11:57:25.228+0700] {processor.py:186} INFO - Started process (PID=35599) to work on /Users/andreasanditya/Downloads/572392_Andreas_AirflowETL/code/.venv/lib/python3.9/site-packages/airflow/example_dags/example_setup_teardown_taskflow.py
[2026-09-18T11:57:25.229+0700] {processor.py:914} INFO - Processing file /Users/andreasanditya/Downloads/572392_Andreas_AirflowETL/code/.venv/lib/python3.9/site-packages/airflow/example_dags/example_setup_teardown_taskflow.py for tasks to queue
[2026-09-18T11:57:25.230+0700] {logging_mixin.py:190} INFO - [2026-09-18T11:57:25.230+0700] {dagbag.py:588} INFO - Filling up the DagBag from /Users/andreasanditya/Downloads/572392_Andreas_AirflowETL/code/.venv/lib/python3.9/site-packages/airflow/example_dags/example_setup_teardown_taskflow.py
[2026-09-18T11:57:25.276+0700] {processor.py:925} INFO - DAG(s) 'example_setup_teardown_taskflow' retrieved from /Users/andreasanditya/Downloads/572392_Andreas_AirflowETL/code/.venv/lib/python3.9/site-packages/airflow/example_dags/example_setup_teardown_taskflow.py
[2026-09-18T11:57:25.336+0700] {logging_mixin.py:190} INFO - [2026-09-18T11:57:25.336+0700] {dag.py:3239} INFO - Sync 1 DAGs
[2026-09-18T11:57:25.343+0700] {logging_mixin.py:190} INFO - [2026-09-18T11:57:25.343+0700] {dag.py:4180} INFO - Setting next_dagrun for example_setup_teardown_taskflow to None, run_after=None
[2026-09-18T11:57:25.355+0700] {processor.py:208} INFO - Processing /Users/andreasanditya/Downloads/572392_Andreas_AirflowETL/code/.venv/lib/python3.9/site-packages/airflow/example_dags/example_setup_teardown_taskflow.py took 0.129 seconds
[2026-09-18T11:58:49.007+0700] {processor.py:186} INFO - Started process (PID=36408) to work on /Users/andreasanditya/Downloads/572392_Andreas_AirflowETL/code/.venv/lib/python3.9/site-packages/airflow/example_dags/example_setup_teardown_taskflow.py
[2026-09-18T11:58:49.008+0700] {processor.py:914} INFO - Processing file /Users/andreasanditya/Downloads/572392_Andreas_AirflowETL/code/.venv/lib/python3.9/site-packages/airflow/example_dags/example_setup_teardown_taskflow.py for tasks to queue
[2026-09-18T11:58:49.008+0700] {logging_mixin.py:190} INFO - [2026-09-18T11:58:49.008+0700] {dagbag.py:588} INFO - Filling up the DagBag from /Users/andreasanditya/Downloads/572392_Andreas_AirflowETL/code/.venv/lib/python3.9/site-packages/airflow/example_dags/example_setup_teardown_taskflow.py
[2026-09-18T11:58:49.055+0700] {processor.py:925} INFO - DAG(s) 'example_setup_teardown_taskflow' retrieved from /Users/andreasanditya/Downloads/572392_Andreas_AirflowETL/code/.venv/lib/python3.9/site-packages/airflow/example_dags/example_setup_teardown_taskflow.py
[2026-09-18T11:58:49.116+0700] {logging_mixin.py:190} INFO - [2026-09-18T11:58:49.116+0700] {dag.py:3239} INFO - Sync 1 DAGs
[2026-09-18T11:58:49.122+0700] {logging_mixin.py:190} INFO - [2026-09-18T11:58:49.122+0700] {dag.py:4180} INFO - Setting next_dagrun for example_setup_teardown_taskflow to None, run_after=None
[2026-09-18T11:58:49.132+0700] {processor.py:208} INFO - Processing /Users/andreasanditya/Downloads/572392_Andreas_AirflowETL/code/.venv/lib/python3.9/site-packages/airflow/example_dags/example_setup_teardown_taskflow.py took 0.128 seconds
[2026-09-18T12:00:15.185+0700] {processor.py:186} INFO - Started process (PID=37237) to work on /Users/andreasanditya/Downloads/572392_Andreas_AirflowETL/code/.venv/lib/python3.9/site-packages/airflow/example_dags/example_setup_teardown_taskflow.py
[2026-09-18T12:00:15.186+0700] {processor.py:914} INFO - Processing file /Users/andreasanditya/Downloads/572392_Andreas_AirflowETL/code/.venv/lib/python3.9/site-packages/airflow/example_dags/example_setup_teardown_taskflow.py for tasks to queue
[2026-09-18T12:00:15.187+0700] {logging_mixin.py:190} INFO - [2026-09-18T12:00:15.187+0700] {dagbag.py:588} INFO - Filling up the DagBag from /Users/andreasanditya/Downloads/572392_Andreas_AirflowETL/code/.venv/lib/python3.9/site-packages/airflow/example_dags/example_setup_teardown_taskflow.py
[2026-09-18T12:00:15.233+0700] {processor.py:925} INFO - DAG(s) 'example_setup_teardown_taskflow' retrieved from /Users/andreasanditya/Downloads/572392_Andreas_AirflowETL/code/.venv/lib/python3.9/site-packages/airflow/example_dags/example_setup_teardown_taskflow.py
[2026-09-18T12:00:15.293+0700] {logging_mixin.py:190} INFO - [2026-09-18T12:00:15.293+0700] {dag.py:3239} INFO - Sync 1 DAGs
[2026-09-18T12:00:15.299+0700] {logging_mixin.py:190} INFO - [2026-09-18T12:00:15.299+0700] {dag.py:4180} INFO - Setting next_dagrun for example_setup_teardown_taskflow to None, run_after=None
[2026-09-18T12:00:15.309+0700] {processor.py:208} INFO - Processing /Users/andreasanditya/Downloads/572392_Andreas_AirflowETL/code/.venv/lib/python3.9/site-packages/airflow/example_dags/example_setup_teardown_taskflow.py took 0.126 seconds
[2026-09-18T12:01:42.450+0700] {processor.py:186} INFO - Started process (PID=38156) to work on /Users/andreasanditya/Downloads/572392_Andreas_AirflowETL/code/.venv/lib/python3.9/site-packages/airflow/example_dags/example_setup_teardown_taskflow.py
[2026-09-18T12:01:42.451+0700] {processor.py:914} INFO - Processing file /Users/andreasanditya/Downloads/572392_Andreas_AirflowETL/code/.venv/lib/python3.9/site-packages/airflow/example_dags/example_setup_teardown_taskflow.py for tasks to queue
[2026-09-18T12:01:42.452+0700] {logging_mixin.py:190} INFO - [2026-09-18T12:01:42.451+0700] {dagbag.py:588} INFO - Filling up the DagBag from /Users/andreasanditya/Downloads/572392_Andreas_AirflowETL/code/.venv/lib/python3.9/site-packages/airflow/example_dags/example_setup_teardown_taskflow.py
[2026-09-18T12:01:42.498+0700] {processor.py:925} INFO - DAG(s) 'example_setup_teardown_taskflow' retrieved from /Users/andreasanditya/Downloads/572392_Andreas_AirflowETL/code/.venv/lib/python3.9/site-packages/airflow/example_dags/example_setup_teardown_taskflow.py
[2026-09-18T12:01:42.557+0700] {logging_mixin.py:190} INFO - [2026-09-18T12:01:42.557+0700] {dag.py:3239} INFO - Sync 1 DAGs
[2026-09-18T12:01:42.563+0700] {logging_mixin.py:190} INFO - [2026-09-18T12:01:42.563+0700] {dag.py:4180} INFO - Setting next_dagrun for example_setup_teardown_taskflow to None, run_after=None
[2026-09-18T12:01:42.573+0700] {processor.py:208} INFO - Processing /Users/andreasanditya/Downloads/572392_Andreas_AirflowETL/code/.venv/lib/python3.9/site-packages/airflow/example_dags/example_setup_teardown_taskflow.py took 0.125 seconds
[2026-09-18T12:03:09.573+0700] {processor.py:186} INFO - Started process (PID=39070) to work on /Users/andreasanditya/Downloads/572392_Andreas_AirflowETL/code/.venv/lib/python3.9/site-packages/airflow/example_dags/example_setup_teardown_taskflow.py
[2026-09-18T12:03:09.574+0700] {processor.py:914} INFO - Processing file /Users/andreasanditya/Downloads/572392_Andreas_AirflowETL/code/.venv/lib/python3.9/site-packages/airflow/example_dags/example_setup_teardown_taskflow.py for tasks to queue
[2026-09-18T12:03:09.574+0700] {logging_mixin.py:190} INFO - [2026-09-18T12:03:09.574+0700] {dagbag.py:588} INFO - Filling up the DagBag from /Users/andreasanditya/Downloads/572392_Andreas_AirflowETL/code/.venv/lib/python3.9/site-packages/airflow/example_dags/example_setup_teardown_taskflow.py
[2026-09-18T12:03:09.621+0700] {processor.py:925} INFO - DAG(s) 'example_setup_teardown_taskflow' retrieved from /Users/andreasanditya/Downloads/572392_Andreas_AirflowETL/code/.venv/lib/python3.9/site-packages/airflow/example_dags/example_setup_teardown_taskflow.py
[2026-09-18T12:03:09.681+0700] {logging_mixin.py:190} INFO - [2026-09-18T12:03:09.681+0700] {dag.py:3239} INFO - Sync 1 DAGs
[2026-09-18T12:03:09.687+0700] {logging_mixin.py:190} INFO - [2026-09-18T12:03:09.687+0700] {dag.py:4180} INFO - Setting next_dagrun for example_setup_teardown_taskflow to None, run_after=None
[2026-09-18T12:03:09.697+0700] {processor.py:208} INFO - Processing /Users/andreasanditya/Downloads/572392_Andreas_AirflowETL/code/.venv/lib/python3.9/site-packages/airflow/example_dags/example_setup_teardown_taskflow.py took 0.126 seconds
[2026-09-18T12:04:35.990+0700] {processor.py:186} INFO - Started process (PID=39899) to work on /Users/andreasanditya/Downloads/572392_Andreas_AirflowETL/code/.venv/lib/python3.9/site-packages/airflow/example_dags/example_setup_teardown_taskflow.py
[2026-09-18T12:04:35.991+0700] {processor.py:914} INFO - Processing file /Users/andreasanditya/Downloads/572392_Andreas_AirflowETL/code/.venv/lib/python3.9/site-packages/airflow/example_dags/example_setup_teardown_taskflow.py for tasks to queue
[2026-09-18T12:04:35.992+0700] {logging_mixin.py:190} INFO - [2026-09-18T12:04:35.991+0700] {dagbag.py:588} INFO - Filling up the DagBag from /Users/andreasanditya/Downloads/572392_Andreas_AirflowETL/code/.venv/lib/python3.9/site-packages/airflow/example_dags/example_setup_teardown_taskflow.py
[2026-09-18T12:04:36.038+0700] {processor.py:925} INFO - DAG(s) 'example_setup_teardown_taskflow' retrieved from /Users/andreasanditya/Downloads/572392_Andreas_AirflowETL/code/.venv/lib/python3.9/site-packages/airflow/example_dags/example_setup_teardown_taskflow.py
[2026-09-18T12:04:36.098+0700] {logging_mixin.py:190} INFO - [2026-09-18T12:04:36.097+0700] {dag.py:3239} INFO - Sync 1 DAGs
[2026-09-18T12:04:36.103+0700] {logging_mixin.py:190} INFO - [2026-09-18T12:04:36.103+0700] {dag.py:4180} INFO - Setting next_dagrun for example_setup_teardown_taskflow to None, run_after=None
[2026-09-18T12:04:36.115+0700] {processor.py:208} INFO - Processing /Users/andreasanditya/Downloads/572392_Andreas_AirflowETL/code/.venv/lib/python3.9/site-packages/airflow/example_dags/example_setup_teardown_taskflow.py took 0.127 seconds
[2026-09-18T12:06:03.609+0700] {processor.py:186} INFO - Started process (PID=40812) to work on /Users/andreasanditya/Downloads/572392_Andreas_AirflowETL/code/.venv/lib/python3.9/site-packages/airflow/example_dags/example_setup_teardown_taskflow.py
[2026-09-18T12:06:03.610+0700] {processor.py:914} INFO - Processing file /Users/andreasanditya/Downloads/572392_Andreas_AirflowETL/code/.venv/lib/python3.9/site-packages/airflow/example_dags/example_setup_teardown_taskflow.py for tasks to queue
[2026-09-18T12:06:03.611+0700] {logging_mixin.py:190} INFO - [2026-09-18T12:06:03.611+0700] {dagbag.py:588} INFO - Filling up the DagBag from /Users/andreasanditya/Downloads/572392_Andreas_AirflowETL/code/.venv/lib/python3.9/site-packages/airflow/example_dags/example_setup_teardown_taskflow.py
[2026-09-18T12:06:03.676+0700] {processor.py:925} INFO - DAG(s) 'example_setup_teardown_taskflow' retrieved from /Users/andreasanditya/Downloads/572392_Andreas_AirflowETL/code/.venv/lib/python3.9/site-packages/airflow/example_dags/example_setup_teardown_taskflow.py
[2026-09-18T12:06:03.740+0700] {logging_mixin.py:190} INFO - [2026-09-18T12:06:03.740+0700] {dag.py:3239} INFO - Sync 1 DAGs
[2026-09-18T12:06:03.747+0700] {logging_mixin.py:190} INFO - [2026-09-18T12:06:03.747+0700] {dag.py:4180} INFO - Setting next_dagrun for example_setup_teardown_taskflow to None, run_after=None
[2026-09-18T12:06:03.757+0700] {processor.py:208} INFO - Processing /Users/andreasanditya/Downloads/572392_Andreas_AirflowETL/code/.venv/lib/python3.9/site-packages/airflow/example_dags/example_setup_teardown_taskflow.py took 0.151 seconds
[2026-09-18T12:07:31.916+0700] {processor.py:186} INFO - Started process (PID=41640) to work on /Users/andreasanditya/Downloads/572392_Andreas_AirflowETL/code/.venv/lib/python3.9/site-packages/airflow/example_dags/example_setup_teardown_taskflow.py
[2026-09-18T12:07:31.917+0700] {processor.py:914} INFO - Processing file /Users/andreasanditya/Downloads/572392_Andreas_AirflowETL/code/.venv/lib/python3.9/site-packages/airflow/example_dags/example_setup_teardown_taskflow.py for tasks to queue
[2026-09-18T12:07:31.917+0700] {logging_mixin.py:190} INFO - [2026-09-18T12:07:31.917+0700] {dagbag.py:588} INFO - Filling up the DagBag from /Users/andreasanditya/Downloads/572392_Andreas_AirflowETL/code/.venv/lib/python3.9/site-packages/airflow/example_dags/example_setup_teardown_taskflow.py
[2026-09-18T12:07:31.969+0700] {processor.py:925} INFO - DAG(s) 'example_setup_teardown_taskflow' retrieved from /Users/andreasanditya/Downloads/572392_Andreas_AirflowETL/code/.venv/lib/python3.9/site-packages/airflow/example_dags/example_setup_teardown_taskflow.py
[2026-09-18T12:07:32.029+0700] {logging_mixin.py:190} INFO - [2026-09-18T12:07:32.029+0700] {dag.py:3239} INFO - Sync 1 DAGs
[2026-09-18T12:07:32.035+0700] {logging_mixin.py:190} INFO - [2026-09-18T12:07:32.035+0700] {dag.py:4180} INFO - Setting next_dagrun for example_setup_teardown_taskflow to None, run_after=None
[2026-09-18T12:07:32.046+0700] {processor.py:208} INFO - Processing /Users/andreasanditya/Downloads/572392_Andreas_AirflowETL/code/.venv/lib/python3.9/site-packages/airflow/example_dags/example_setup_teardown_taskflow.py took 0.132 seconds
[2026-09-18T12:08:57.893+0700] {processor.py:186} INFO - Started process (PID=42550) to work on /Users/andreasanditya/Downloads/572392_Andreas_AirflowETL/code/.venv/lib/python3.9/site-packages/airflow/example_dags/example_setup_teardown_taskflow.py
[2026-09-18T12:08:57.894+0700] {processor.py:914} INFO - Processing file /Users/andreasanditya/Downloads/572392_Andreas_AirflowETL/code/.venv/lib/python3.9/site-packages/airflow/example_dags/example_setup_teardown_taskflow.py for tasks to queue
[2026-09-18T12:08:57.894+0700] {logging_mixin.py:190} INFO - [2026-09-18T12:08:57.894+0700] {dagbag.py:588} INFO - Filling up the DagBag from /Users/andreasanditya/Downloads/572392_Andreas_AirflowETL/code/.venv/lib/python3.9/site-packages/airflow/example_dags/example_setup_teardown_taskflow.py
[2026-09-18T12:08:57.946+0700] {processor.py:925} INFO - DAG(s) 'example_setup_teardown_taskflow' retrieved from /Users/andreasanditya/Downloads/572392_Andreas_AirflowETL/code/.venv/lib/python3.9/site-packages/airflow/example_dags/example_setup_teardown_taskflow.py
[2026-09-18T12:08:58.006+0700] {logging_mixin.py:190} INFO - [2026-09-18T12:08:58.006+0700] {dag.py:3239} INFO - Sync 1 DAGs
[2026-09-18T12:08:58.012+0700] {logging_mixin.py:190} INFO - [2026-09-18T12:08:58.012+0700] {dag.py:4180} INFO - Setting next_dagrun for example_setup_teardown_taskflow to None, run_after=None
[2026-09-18T12:08:58.021+0700] {processor.py:208} INFO - Processing /Users/andreasanditya/Downloads/572392_Andreas_AirflowETL/code/.venv/lib/python3.9/site-packages/airflow/example_dags/example_setup_teardown_taskflow.py took 0.131 seconds
[2026-09-18T12:10:23.988+0700] {processor.py:186} INFO - Started process (PID=43374) to work on /Users/andreasanditya/Downloads/572392_Andreas_AirflowETL/code/.venv/lib/python3.9/site-packages/airflow/example_dags/example_setup_teardown_taskflow.py
[2026-09-18T12:10:23.989+0700] {processor.py:914} INFO - Processing file /Users/andreasanditya/Downloads/572392_Andreas_AirflowETL/code/.venv/lib/python3.9/site-packages/airflow/example_dags/example_setup_teardown_taskflow.py for tasks to queue
[2026-09-18T12:10:23.990+0700] {logging_mixin.py:190} INFO - [2026-09-18T12:10:23.990+0700] {dagbag.py:588} INFO - Filling up the DagBag from /Users/andreasanditya/Downloads/572392_Andreas_AirflowETL/code/.venv/lib/python3.9/site-packages/airflow/example_dags/example_setup_teardown_taskflow.py
[2026-09-18T12:10:24.042+0700] {processor.py:925} INFO - DAG(s) 'example_setup_teardown_taskflow' retrieved from /Users/andreasanditya/Downloads/572392_Andreas_AirflowETL/code/.venv/lib/python3.9/site-packages/airflow/example_dags/example_setup_teardown_taskflow.py
[2026-09-18T12:10:24.103+0700] {logging_mixin.py:190} INFO - [2026-09-18T12:10:24.102+0700] {dag.py:3239} INFO - Sync 1 DAGs
[2026-09-18T12:10:24.108+0700] {logging_mixin.py:190} INFO - [2026-09-18T12:10:24.108+0700] {dag.py:4180} INFO - Setting next_dagrun for example_setup_teardown_taskflow to None, run_after=None
[2026-09-18T12:10:24.118+0700] {processor.py:208} INFO - Processing /Users/andreasanditya/Downloads/572392_Andreas_AirflowETL/code/.venv/lib/python3.9/site-packages/airflow/example_dags/example_setup_teardown_taskflow.py took 0.132 seconds
[2026-09-18T12:11:52.924+0700] {processor.py:186} INFO - Started process (PID=44292) to work on /Users/andreasanditya/Downloads/572392_Andreas_AirflowETL/code/.venv/lib/python3.9/site-packages/airflow/example_dags/example_setup_teardown_taskflow.py
[2026-09-18T12:11:52.925+0700] {processor.py:914} INFO - Processing file /Users/andreasanditya/Downloads/572392_Andreas_AirflowETL/code/.venv/lib/python3.9/site-packages/airflow/example_dags/example_setup_teardown_taskflow.py for tasks to queue
[2026-09-18T12:11:52.926+0700] {logging_mixin.py:190} INFO - [2026-09-18T12:11:52.926+0700] {dagbag.py:588} INFO - Filling up the DagBag from /Users/andreasanditya/Downloads/572392_Andreas_AirflowETL/code/.venv/lib/python3.9/site-packages/airflow/example_dags/example_setup_teardown_taskflow.py
[2026-09-18T12:11:52.973+0700] {processor.py:925} INFO - DAG(s) 'example_setup_teardown_taskflow' retrieved from /Users/andreasanditya/Downloads/572392_Andreas_AirflowETL/code/.venv/lib/python3.9/site-packages/airflow/example_dags/example_setup_teardown_taskflow.py
[2026-09-18T12:11:53.033+0700] {logging_mixin.py:190} INFO - [2026-09-18T12:11:53.033+0700] {dag.py:3239} INFO - Sync 1 DAGs
[2026-09-18T12:11:53.039+0700] {logging_mixin.py:190} INFO - [2026-09-18T12:11:53.039+0700] {dag.py:4180} INFO - Setting next_dagrun for example_setup_teardown_taskflow to None, run_after=None
[2026-09-18T12:11:53.049+0700] {processor.py:208} INFO - Processing /Users/andreasanditya/Downloads/572392_Andreas_AirflowETL/code/.venv/lib/python3.9/site-packages/airflow/example_dags/example_setup_teardown_taskflow.py took 0.127 seconds
[2026-09-18T12:13:22.274+0700] {processor.py:186} INFO - Started process (PID=45940) to work on /Users/andreasanditya/Downloads/572392_Andreas_AirflowETL/code/.venv/lib/python3.9/site-packages/airflow/example_dags/example_setup_teardown_taskflow.py
[2026-09-18T12:13:22.275+0700] {processor.py:914} INFO - Processing file /Users/andreasanditya/Downloads/572392_Andreas_AirflowETL/code/.venv/lib/python3.9/site-packages/airflow/example_dags/example_setup_teardown_taskflow.py for tasks to queue
[2026-09-18T12:13:22.276+0700] {logging_mixin.py:190} INFO - [2026-09-18T12:13:22.276+0700] {dagbag.py:588} INFO - Filling up the DagBag from /Users/andreasanditya/Downloads/572392_Andreas_AirflowETL/code/.venv/lib/python3.9/site-packages/airflow/example_dags/example_setup_teardown_taskflow.py
[2026-09-18T12:13:22.337+0700] {processor.py:925} INFO - DAG(s) 'example_setup_teardown_taskflow' retrieved from /Users/andreasanditya/Downloads/572392_Andreas_AirflowETL/code/.venv/lib/python3.9/site-packages/airflow/example_dags/example_setup_teardown_taskflow.py
[2026-09-18T12:13:22.404+0700] {logging_mixin.py:190} INFO - [2026-09-18T12:13:22.404+0700] {dag.py:3239} INFO - Sync 1 DAGs
[2026-09-18T12:13:22.411+0700] {logging_mixin.py:190} INFO - [2026-09-18T12:13:22.411+0700] {dag.py:4180} INFO - Setting next_dagrun for example_setup_teardown_taskflow to None, run_after=None
[2026-09-18T12:13:22.423+0700] {processor.py:208} INFO - Processing /Users/andreasanditya/Downloads/572392_Andreas_AirflowETL/code/.venv/lib/python3.9/site-packages/airflow/example_dags/example_setup_teardown_taskflow.py took 0.150 seconds
[2026-09-18T12:14:50.835+0700] {processor.py:186} INFO - Started process (PID=47044) to work on /Users/andreasanditya/Downloads/572392_Andreas_AirflowETL/code/.venv/lib/python3.9/site-packages/airflow/example_dags/example_setup_teardown_taskflow.py
[2026-09-18T12:14:50.836+0700] {processor.py:914} INFO - Processing file /Users/andreasanditya/Downloads/572392_Andreas_AirflowETL/code/.venv/lib/python3.9/site-packages/airflow/example_dags/example_setup_teardown_taskflow.py for tasks to queue
[2026-09-18T12:14:50.837+0700] {logging_mixin.py:190} INFO - [2026-09-18T12:14:50.837+0700] {dagbag.py:588} INFO - Filling up the DagBag from /Users/andreasanditya/Downloads/572392_Andreas_AirflowETL/code/.venv/lib/python3.9/site-packages/airflow/example_dags/example_setup_teardown_taskflow.py
[2026-09-18T12:14:50.894+0700] {processor.py:925} INFO - DAG(s) 'example_setup_teardown_taskflow' retrieved from /Users/andreasanditya/Downloads/572392_Andreas_AirflowETL/code/.venv/lib/python3.9/site-packages/airflow/example_dags/example_setup_teardown_taskflow.py
[2026-09-18T12:14:50.956+0700] {logging_mixin.py:190} INFO - [2026-09-18T12:14:50.956+0700] {dag.py:3239} INFO - Sync 1 DAGs
[2026-09-18T12:14:50.962+0700] {logging_mixin.py:190} INFO - [2026-09-18T12:14:50.962+0700] {dag.py:4180} INFO - Setting next_dagrun for example_setup_teardown_taskflow to None, run_after=None
[2026-09-18T12:14:50.972+0700] {processor.py:208} INFO - Processing /Users/andreasanditya/Downloads/572392_Andreas_AirflowETL/code/.venv/lib/python3.9/site-packages/airflow/example_dags/example_setup_teardown_taskflow.py took 0.140 seconds
[2026-09-18T12:16:17.487+0700] {processor.py:186} INFO - Started process (PID=48787) to work on /Users/andreasanditya/Downloads/572392_Andreas_AirflowETL/code/.venv/lib/python3.9/site-packages/airflow/example_dags/example_setup_teardown_taskflow.py
[2026-09-18T12:16:17.488+0700] {processor.py:914} INFO - Processing file /Users/andreasanditya/Downloads/572392_Andreas_AirflowETL/code/.venv/lib/python3.9/site-packages/airflow/example_dags/example_setup_teardown_taskflow.py for tasks to queue
[2026-09-18T12:16:17.489+0700] {logging_mixin.py:190} INFO - [2026-09-18T12:16:17.489+0700] {dagbag.py:588} INFO - Filling up the DagBag from /Users/andreasanditya/Downloads/572392_Andreas_AirflowETL/code/.venv/lib/python3.9/site-packages/airflow/example_dags/example_setup_teardown_taskflow.py
[2026-09-18T12:16:17.536+0700] {processor.py:925} INFO - DAG(s) 'example_setup_teardown_taskflow' retrieved from /Users/andreasanditya/Downloads/572392_Andreas_AirflowETL/code/.venv/lib/python3.9/site-packages/airflow/example_dags/example_setup_teardown_taskflow.py
[2026-09-18T12:16:17.597+0700] {logging_mixin.py:190} INFO - [2026-09-18T12:16:17.597+0700] {dag.py:3239} INFO - Sync 1 DAGs
[2026-09-18T12:16:17.603+0700] {logging_mixin.py:190} INFO - [2026-09-18T12:16:17.603+0700] {dag.py:4180} INFO - Setting next_dagrun for example_setup_teardown_taskflow to None, run_after=None
[2026-09-18T12:16:17.613+0700] {processor.py:208} INFO - Processing /Users/andreasanditya/Downloads/572392_Andreas_AirflowETL/code/.venv/lib/python3.9/site-packages/airflow/example_dags/example_setup_teardown_taskflow.py took 0.128 seconds
[2026-09-18T12:17:45.355+0700] {processor.py:186} INFO - Started process (PID=49906) to work on /Users/andreasanditya/Downloads/572392_Andreas_AirflowETL/code/.venv/lib/python3.9/site-packages/airflow/example_dags/example_setup_teardown_taskflow.py
[2026-09-18T12:17:45.356+0700] {processor.py:914} INFO - Processing file /Users/andreasanditya/Downloads/572392_Andreas_AirflowETL/code/.venv/lib/python3.9/site-packages/airflow/example_dags/example_setup_teardown_taskflow.py for tasks to queue
[2026-09-18T12:17:45.356+0700] {logging_mixin.py:190} INFO - [2026-09-18T12:17:45.356+0700] {dagbag.py:588} INFO - Filling up the DagBag from /Users/andreasanditya/Downloads/572392_Andreas_AirflowETL/code/.venv/lib/python3.9/site-packages/airflow/example_dags/example_setup_teardown_taskflow.py
[2026-09-18T12:17:45.404+0700] {processor.py:925} INFO - DAG(s) 'example_setup_teardown_taskflow' retrieved from /Users/andreasanditya/Downloads/572392_Andreas_AirflowETL/code/.venv/lib/python3.9/site-packages/airflow/example_dags/example_setup_teardown_taskflow.py
[2026-09-18T12:17:45.464+0700] {logging_mixin.py:190} INFO - [2026-09-18T12:17:45.464+0700] {dag.py:3239} INFO - Sync 1 DAGs
[2026-09-18T12:17:45.470+0700] {logging_mixin.py:190} INFO - [2026-09-18T12:17:45.470+0700] {dag.py:4180} INFO - Setting next_dagrun for example_setup_teardown_taskflow to None, run_after=None
[2026-09-18T12:17:45.481+0700] {processor.py:208} INFO - Processing /Users/andreasanditya/Downloads/572392_Andreas_AirflowETL/code/.venv/lib/python3.9/site-packages/airflow/example_dags/example_setup_teardown_taskflow.py took 0.128 seconds
[2026-09-18T12:19:14.082+0700] {processor.py:186} INFO - Started process (PID=51623) to work on /Users/andreasanditya/Downloads/572392_Andreas_AirflowETL/code/.venv/lib/python3.9/site-packages/airflow/example_dags/example_setup_teardown_taskflow.py
[2026-09-18T12:19:14.083+0700] {processor.py:914} INFO - Processing file /Users/andreasanditya/Downloads/572392_Andreas_AirflowETL/code/.venv/lib/python3.9/site-packages/airflow/example_dags/example_setup_teardown_taskflow.py for tasks to queue
[2026-09-18T12:19:14.084+0700] {logging_mixin.py:190} INFO - [2026-09-18T12:19:14.084+0700] {dagbag.py:588} INFO - Filling up the DagBag from /Users/andreasanditya/Downloads/572392_Andreas_AirflowETL/code/.venv/lib/python3.9/site-packages/airflow/example_dags/example_setup_teardown_taskflow.py
[2026-09-18T12:19:14.133+0700] {processor.py:925} INFO - DAG(s) 'example_setup_teardown_taskflow' retrieved from /Users/andreasanditya/Downloads/572392_Andreas_AirflowETL/code/.venv/lib/python3.9/site-packages/airflow/example_dags/example_setup_teardown_taskflow.py
[2026-09-18T12:19:14.195+0700] {logging_mixin.py:190} INFO - [2026-09-18T12:19:14.195+0700] {dag.py:3239} INFO - Sync 1 DAGs
[2026-09-18T12:19:14.201+0700] {logging_mixin.py:190} INFO - [2026-09-18T12:19:14.200+0700] {dag.py:4180} INFO - Setting next_dagrun for example_setup_teardown_taskflow to None, run_after=None
[2026-09-18T12:19:14.211+0700] {processor.py:208} INFO - Processing /Users/andreasanditya/Downloads/572392_Andreas_AirflowETL/code/.venv/lib/python3.9/site-packages/airflow/example_dags/example_setup_teardown_taskflow.py took 0.131 seconds
[2026-09-18T12:20:43.393+0700] {processor.py:186} INFO - Started process (PID=53181) to work on /Users/andreasanditya/Downloads/572392_Andreas_AirflowETL/code/.venv/lib/python3.9/site-packages/airflow/example_dags/example_setup_teardown_taskflow.py
[2026-09-18T12:20:43.394+0700] {processor.py:914} INFO - Processing file /Users/andreasanditya/Downloads/572392_Andreas_AirflowETL/code/.venv/lib/python3.9/site-packages/airflow/example_dags/example_setup_teardown_taskflow.py for tasks to queue
[2026-09-18T12:20:43.395+0700] {logging_mixin.py:190} INFO - [2026-09-18T12:20:43.395+0700] {dagbag.py:588} INFO - Filling up the DagBag from /Users/andreasanditya/Downloads/572392_Andreas_AirflowETL/code/.venv/lib/python3.9/site-packages/airflow/example_dags/example_setup_teardown_taskflow.py
[2026-09-18T12:20:43.444+0700] {processor.py:925} INFO - DAG(s) 'example_setup_teardown_taskflow' retrieved from /Users/andreasanditya/Downloads/572392_Andreas_AirflowETL/code/.venv/lib/python3.9/site-packages/airflow/example_dags/example_setup_teardown_taskflow.py
[2026-09-18T12:20:43.504+0700] {logging_mixin.py:190} INFO - [2026-09-18T12:20:43.503+0700] {dag.py:3239} INFO - Sync 1 DAGs
[2026-09-18T12:20:43.509+0700] {logging_mixin.py:190} INFO - [2026-09-18T12:20:43.509+0700] {dag.py:4180} INFO - Setting next_dagrun for example_setup_teardown_taskflow to None, run_after=None
[2026-09-18T12:20:43.519+0700] {processor.py:208} INFO - Processing /Users/andreasanditya/Downloads/572392_Andreas_AirflowETL/code/.venv/lib/python3.9/site-packages/airflow/example_dags/example_setup_teardown_taskflow.py took 0.128 seconds
[2026-09-18T12:22:10.616+0700] {processor.py:186} INFO - Started process (PID=54070) to work on /Users/andreasanditya/Downloads/572392_Andreas_AirflowETL/code/.venv/lib/python3.9/site-packages/airflow/example_dags/example_setup_teardown_taskflow.py
[2026-09-18T12:22:10.617+0700] {processor.py:914} INFO - Processing file /Users/andreasanditya/Downloads/572392_Andreas_AirflowETL/code/.venv/lib/python3.9/site-packages/airflow/example_dags/example_setup_teardown_taskflow.py for tasks to queue
[2026-09-18T12:22:10.618+0700] {logging_mixin.py:190} INFO - [2026-09-18T12:22:10.618+0700] {dagbag.py:588} INFO - Filling up the DagBag from /Users/andreasanditya/Downloads/572392_Andreas_AirflowETL/code/.venv/lib/python3.9/site-packages/airflow/example_dags/example_setup_teardown_taskflow.py
[2026-09-18T12:22:10.668+0700] {processor.py:925} INFO - DAG(s) 'example_setup_teardown_taskflow' retrieved from /Users/andreasanditya/Downloads/572392_Andreas_AirflowETL/code/.venv/lib/python3.9/site-packages/airflow/example_dags/example_setup_teardown_taskflow.py
[2026-09-18T12:22:10.728+0700] {logging_mixin.py:190} INFO - [2026-09-18T12:22:10.728+0700] {dag.py:3239} INFO - Sync 1 DAGs
[2026-09-18T12:22:10.734+0700] {logging_mixin.py:190} INFO - [2026-09-18T12:22:10.734+0700] {dag.py:4180} INFO - Setting next_dagrun for example_setup_teardown_taskflow to None, run_after=None
[2026-09-18T12:22:10.745+0700] {processor.py:208} INFO - Processing /Users/andreasanditya/Downloads/572392_Andreas_AirflowETL/code/.venv/lib/python3.9/site-packages/airflow/example_dags/example_setup_teardown_taskflow.py took 0.131 seconds
[2026-09-18T12:23:38.429+0700] {processor.py:186} INFO - Started process (PID=54968) to work on /Users/andreasanditya/Downloads/572392_Andreas_AirflowETL/code/.venv/lib/python3.9/site-packages/airflow/example_dags/example_setup_teardown_taskflow.py
[2026-09-18T12:23:38.430+0700] {processor.py:914} INFO - Processing file /Users/andreasanditya/Downloads/572392_Andreas_AirflowETL/code/.venv/lib/python3.9/site-packages/airflow/example_dags/example_setup_teardown_taskflow.py for tasks to queue
[2026-09-18T12:23:38.431+0700] {logging_mixin.py:190} INFO - [2026-09-18T12:23:38.431+0700] {dagbag.py:588} INFO - Filling up the DagBag from /Users/andreasanditya/Downloads/572392_Andreas_AirflowETL/code/.venv/lib/python3.9/site-packages/airflow/example_dags/example_setup_teardown_taskflow.py
[2026-09-18T12:23:38.486+0700] {processor.py:925} INFO - DAG(s) 'example_setup_teardown_taskflow' retrieved from /Users/andreasanditya/Downloads/572392_Andreas_AirflowETL/code/.venv/lib/python3.9/site-packages/airflow/example_dags/example_setup_teardown_taskflow.py
[2026-09-18T12:23:38.550+0700] {logging_mixin.py:190} INFO - [2026-09-18T12:23:38.549+0700] {dag.py:3239} INFO - Sync 1 DAGs
[2026-09-18T12:23:38.556+0700] {logging_mixin.py:190} INFO - [2026-09-18T12:23:38.556+0700] {dag.py:4180} INFO - Setting next_dagrun for example_setup_teardown_taskflow to None, run_after=None
[2026-09-18T12:23:38.567+0700] {processor.py:208} INFO - Processing /Users/andreasanditya/Downloads/572392_Andreas_AirflowETL/code/.venv/lib/python3.9/site-packages/airflow/example_dags/example_setup_teardown_taskflow.py took 0.141 seconds
[2026-09-18T12:25:03.826+0700] {processor.py:186} INFO - Started process (PID=55826) to work on /Users/andreasanditya/Downloads/572392_Andreas_AirflowETL/code/.venv/lib/python3.9/site-packages/airflow/example_dags/example_setup_teardown_taskflow.py
[2026-09-18T12:25:03.827+0700] {processor.py:914} INFO - Processing file /Users/andreasanditya/Downloads/572392_Andreas_AirflowETL/code/.venv/lib/python3.9/site-packages/airflow/example_dags/example_setup_teardown_taskflow.py for tasks to queue
[2026-09-18T12:25:03.827+0700] {logging_mixin.py:190} INFO - [2026-09-18T12:25:03.827+0700] {dagbag.py:588} INFO - Filling up the DagBag from /Users/andreasanditya/Downloads/572392_Andreas_AirflowETL/code/.venv/lib/python3.9/site-packages/airflow/example_dags/example_setup_teardown_taskflow.py
[2026-09-18T12:25:03.873+0700] {processor.py:925} INFO - DAG(s) 'example_setup_teardown_taskflow' retrieved from /Users/andreasanditya/Downloads/572392_Andreas_AirflowETL/code/.venv/lib/python3.9/site-packages/airflow/example_dags/example_setup_teardown_taskflow.py
[2026-09-18T12:25:03.931+0700] {logging_mixin.py:190} INFO - [2026-09-18T12:25:03.931+0700] {dag.py:3239} INFO - Sync 1 DAGs
[2026-09-18T12:25:03.937+0700] {logging_mixin.py:190} INFO - [2026-09-18T12:25:03.937+0700] {dag.py:4180} INFO - Setting next_dagrun for example_setup_teardown_taskflow to None, run_after=None
[2026-09-18T12:25:03.947+0700] {processor.py:208} INFO - Processing /Users/andreasanditya/Downloads/572392_Andreas_AirflowETL/code/.venv/lib/python3.9/site-packages/airflow/example_dags/example_setup_teardown_taskflow.py took 0.123 seconds
[2026-09-18T12:26:30.588+0700] {processor.py:186} INFO - Started process (PID=56811) to work on /Users/andreasanditya/Downloads/572392_Andreas_AirflowETL/code/.venv/lib/python3.9/site-packages/airflow/example_dags/example_setup_teardown_taskflow.py
[2026-09-18T12:26:30.589+0700] {processor.py:914} INFO - Processing file /Users/andreasanditya/Downloads/572392_Andreas_AirflowETL/code/.venv/lib/python3.9/site-packages/airflow/example_dags/example_setup_teardown_taskflow.py for tasks to queue
[2026-09-18T12:26:30.590+0700] {logging_mixin.py:190} INFO - [2026-09-18T12:26:30.590+0700] {dagbag.py:588} INFO - Filling up the DagBag from /Users/andreasanditya/Downloads/572392_Andreas_AirflowETL/code/.venv/lib/python3.9/site-packages/airflow/example_dags/example_setup_teardown_taskflow.py
[2026-09-18T12:26:30.636+0700] {processor.py:925} INFO - DAG(s) 'example_setup_teardown_taskflow' retrieved from /Users/andreasanditya/Downloads/572392_Andreas_AirflowETL/code/.venv/lib/python3.9/site-packages/airflow/example_dags/example_setup_teardown_taskflow.py
[2026-09-18T12:26:30.696+0700] {logging_mixin.py:190} INFO - [2026-09-18T12:26:30.696+0700] {dag.py:3239} INFO - Sync 1 DAGs
[2026-09-18T12:26:30.702+0700] {logging_mixin.py:190} INFO - [2026-09-18T12:26:30.701+0700] {dag.py:4180} INFO - Setting next_dagrun for example_setup_teardown_taskflow to None, run_after=None
[2026-09-18T12:26:30.712+0700] {processor.py:208} INFO - Processing /Users/andreasanditya/Downloads/572392_Andreas_AirflowETL/code/.venv/lib/python3.9/site-packages/airflow/example_dags/example_setup_teardown_taskflow.py took 0.126 seconds
[2026-09-18T12:27:58.262+0700] {processor.py:186} INFO - Started process (PID=57662) to work on /Users/andreasanditya/Downloads/572392_Andreas_AirflowETL/code/.venv/lib/python3.9/site-packages/airflow/example_dags/example_setup_teardown_taskflow.py
[2026-09-18T12:27:58.263+0700] {processor.py:914} INFO - Processing file /Users/andreasanditya/Downloads/572392_Andreas_AirflowETL/code/.venv/lib/python3.9/site-packages/airflow/example_dags/example_setup_teardown_taskflow.py for tasks to queue
[2026-09-18T12:27:58.264+0700] {logging_mixin.py:190} INFO - [2026-09-18T12:27:58.263+0700] {dagbag.py:588} INFO - Filling up the DagBag from /Users/andreasanditya/Downloads/572392_Andreas_AirflowETL/code/.venv/lib/python3.9/site-packages/airflow/example_dags/example_setup_teardown_taskflow.py
[2026-09-18T12:27:58.310+0700] {processor.py:925} INFO - DAG(s) 'example_setup_teardown_taskflow' retrieved from /Users/andreasanditya/Downloads/572392_Andreas_AirflowETL/code/.venv/lib/python3.9/site-packages/airflow/example_dags/example_setup_teardown_taskflow.py
[2026-09-18T12:27:58.369+0700] {logging_mixin.py:190} INFO - [2026-09-18T12:27:58.369+0700] {dag.py:3239} INFO - Sync 1 DAGs
[2026-09-18T12:27:58.375+0700] {logging_mixin.py:190} INFO - [2026-09-18T12:27:58.375+0700] {dag.py:4180} INFO - Setting next_dagrun for example_setup_teardown_taskflow to None, run_after=None
[2026-09-18T12:27:58.385+0700] {processor.py:208} INFO - Processing /Users/andreasanditya/Downloads/572392_Andreas_AirflowETL/code/.venv/lib/python3.9/site-packages/airflow/example_dags/example_setup_teardown_taskflow.py took 0.125 seconds
[2026-09-18T12:29:21.916+0700] {processor.py:186} INFO - Started process (PID=58583) to work on /Users/andreasanditya/Downloads/572392_Andreas_AirflowETL/code/.venv/lib/python3.9/site-packages/airflow/example_dags/example_setup_teardown_taskflow.py
[2026-09-18T12:29:21.917+0700] {processor.py:914} INFO - Processing file /Users/andreasanditya/Downloads/572392_Andreas_AirflowETL/code/.venv/lib/python3.9/site-packages/airflow/example_dags/example_setup_teardown_taskflow.py for tasks to queue
[2026-09-18T12:29:21.918+0700] {logging_mixin.py:190} INFO - [2026-09-18T12:29:21.918+0700] {dagbag.py:588} INFO - Filling up the DagBag from /Users/andreasanditya/Downloads/572392_Andreas_AirflowETL/code/.venv/lib/python3.9/site-packages/airflow/example_dags/example_setup_teardown_taskflow.py
[2026-09-18T12:29:21.963+0700] {processor.py:925} INFO - DAG(s) 'example_setup_teardown_taskflow' retrieved from /Users/andreasanditya/Downloads/572392_Andreas_AirflowETL/code/.venv/lib/python3.9/site-packages/airflow/example_dags/example_setup_teardown_taskflow.py
[2026-09-18T12:29:22.022+0700] {logging_mixin.py:190} INFO - [2026-09-18T12:29:22.022+0700] {dag.py:3239} INFO - Sync 1 DAGs
[2026-09-18T12:29:22.028+0700] {logging_mixin.py:190} INFO - [2026-09-18T12:29:22.028+0700] {dag.py:4180} INFO - Setting next_dagrun for example_setup_teardown_taskflow to None, run_after=None
[2026-09-18T12:29:22.038+0700] {processor.py:208} INFO - Processing /Users/andreasanditya/Downloads/572392_Andreas_AirflowETL/code/.venv/lib/python3.9/site-packages/airflow/example_dags/example_setup_teardown_taskflow.py took 0.123 seconds
[2026-09-18T12:30:46.632+0700] {processor.py:186} INFO - Started process (PID=59415) to work on /Users/andreasanditya/Downloads/572392_Andreas_AirflowETL/code/.venv/lib/python3.9/site-packages/airflow/example_dags/example_setup_teardown_taskflow.py
[2026-09-18T12:30:46.633+0700] {processor.py:914} INFO - Processing file /Users/andreasanditya/Downloads/572392_Andreas_AirflowETL/code/.venv/lib/python3.9/site-packages/airflow/example_dags/example_setup_teardown_taskflow.py for tasks to queue
[2026-09-18T12:30:46.634+0700] {logging_mixin.py:190} INFO - [2026-09-18T12:30:46.634+0700] {dagbag.py:588} INFO - Filling up the DagBag from /Users/andreasanditya/Downloads/572392_Andreas_AirflowETL/code/.venv/lib/python3.9/site-packages/airflow/example_dags/example_setup_teardown_taskflow.py
[2026-09-18T12:30:46.679+0700] {processor.py:925} INFO - DAG(s) 'example_setup_teardown_taskflow' retrieved from /Users/andreasanditya/Downloads/572392_Andreas_AirflowETL/code/.venv/lib/python3.9/site-packages/airflow/example_dags/example_setup_teardown_taskflow.py
[2026-09-18T12:30:46.739+0700] {logging_mixin.py:190} INFO - [2026-09-18T12:30:46.739+0700] {dag.py:3239} INFO - Sync 1 DAGs
[2026-09-18T12:30:46.744+0700] {logging_mixin.py:190} INFO - [2026-09-18T12:30:46.744+0700] {dag.py:4180} INFO - Setting next_dagrun for example_setup_teardown_taskflow to None, run_after=None
[2026-09-18T12:30:46.754+0700] {processor.py:208} INFO - Processing /Users/andreasanditya/Downloads/572392_Andreas_AirflowETL/code/.venv/lib/python3.9/site-packages/airflow/example_dags/example_setup_teardown_taskflow.py took 0.125 seconds
[2026-09-18T12:32:08.016+0700] {processor.py:186} INFO - Started process (PID=60238) to work on /Users/andreasanditya/Downloads/572392_Andreas_AirflowETL/code/.venv/lib/python3.9/site-packages/airflow/example_dags/example_setup_teardown_taskflow.py
[2026-09-18T12:32:08.017+0700] {processor.py:914} INFO - Processing file /Users/andreasanditya/Downloads/572392_Andreas_AirflowETL/code/.venv/lib/python3.9/site-packages/airflow/example_dags/example_setup_teardown_taskflow.py for tasks to queue
[2026-09-18T12:32:08.018+0700] {logging_mixin.py:190} INFO - [2026-09-18T12:32:08.018+0700] {dagbag.py:588} INFO - Filling up the DagBag from /Users/andreasanditya/Downloads/572392_Andreas_AirflowETL/code/.venv/lib/python3.9/site-packages/airflow/example_dags/example_setup_teardown_taskflow.py
[2026-09-18T12:32:08.064+0700] {processor.py:925} INFO - DAG(s) 'example_setup_teardown_taskflow' retrieved from /Users/andreasanditya/Downloads/572392_Andreas_AirflowETL/code/.venv/lib/python3.9/site-packages/airflow/example_dags/example_setup_teardown_taskflow.py
[2026-09-18T12:32:08.123+0700] {logging_mixin.py:190} INFO - [2026-09-18T12:32:08.123+0700] {dag.py:3239} INFO - Sync 1 DAGs
[2026-09-18T12:32:08.129+0700] {logging_mixin.py:190} INFO - [2026-09-18T12:32:08.129+0700] {dag.py:4180} INFO - Setting next_dagrun for example_setup_teardown_taskflow to None, run_after=None
[2026-09-18T12:32:08.141+0700] {processor.py:208} INFO - Processing /Users/andreasanditya/Downloads/572392_Andreas_AirflowETL/code/.venv/lib/python3.9/site-packages/airflow/example_dags/example_setup_teardown_taskflow.py took 0.126 seconds
[2026-09-18T12:33:34.627+0700] {processor.py:186} INFO - Started process (PID=61179) to work on /Users/andreasanditya/Downloads/572392_Andreas_AirflowETL/code/.venv/lib/python3.9/site-packages/airflow/example_dags/example_setup_teardown_taskflow.py
[2026-09-18T12:33:34.629+0700] {processor.py:914} INFO - Processing file /Users/andreasanditya/Downloads/572392_Andreas_AirflowETL/code/.venv/lib/python3.9/site-packages/airflow/example_dags/example_setup_teardown_taskflow.py for tasks to queue
[2026-09-18T12:33:34.629+0700] {logging_mixin.py:190} INFO - [2026-09-18T12:33:34.629+0700] {dagbag.py:588} INFO - Filling up the DagBag from /Users/andreasanditya/Downloads/572392_Andreas_AirflowETL/code/.venv/lib/python3.9/site-packages/airflow/example_dags/example_setup_teardown_taskflow.py
[2026-09-18T12:33:34.675+0700] {processor.py:925} INFO - DAG(s) 'example_setup_teardown_taskflow' retrieved from /Users/andreasanditya/Downloads/572392_Andreas_AirflowETL/code/.venv/lib/python3.9/site-packages/airflow/example_dags/example_setup_teardown_taskflow.py
[2026-09-18T12:33:34.735+0700] {logging_mixin.py:190} INFO - [2026-09-18T12:33:34.734+0700] {dag.py:3239} INFO - Sync 1 DAGs
[2026-09-18T12:33:34.740+0700] {logging_mixin.py:190} INFO - [2026-09-18T12:33:34.740+0700] {dag.py:4180} INFO - Setting next_dagrun for example_setup_teardown_taskflow to None, run_after=None
[2026-09-18T12:33:34.750+0700] {processor.py:208} INFO - Processing /Users/andreasanditya/Downloads/572392_Andreas_AirflowETL/code/.venv/lib/python3.9/site-packages/airflow/example_dags/example_setup_teardown_taskflow.py took 0.125 seconds
[2026-09-18T12:34:59.944+0700] {processor.py:186} INFO - Started process (PID=62018) to work on /Users/andreasanditya/Downloads/572392_Andreas_AirflowETL/code/.venv/lib/python3.9/site-packages/airflow/example_dags/example_setup_teardown_taskflow.py
[2026-09-18T12:34:59.945+0700] {processor.py:914} INFO - Processing file /Users/andreasanditya/Downloads/572392_Andreas_AirflowETL/code/.venv/lib/python3.9/site-packages/airflow/example_dags/example_setup_teardown_taskflow.py for tasks to queue
[2026-09-18T12:34:59.946+0700] {logging_mixin.py:190} INFO - [2026-09-18T12:34:59.945+0700] {dagbag.py:588} INFO - Filling up the DagBag from /Users/andreasanditya/Downloads/572392_Andreas_AirflowETL/code/.venv/lib/python3.9/site-packages/airflow/example_dags/example_setup_teardown_taskflow.py
[2026-09-18T12:34:59.992+0700] {processor.py:925} INFO - DAG(s) 'example_setup_teardown_taskflow' retrieved from /Users/andreasanditya/Downloads/572392_Andreas_AirflowETL/code/.venv/lib/python3.9/site-packages/airflow/example_dags/example_setup_teardown_taskflow.py
[2026-09-18T12:35:00.052+0700] {logging_mixin.py:190} INFO - [2026-09-18T12:35:00.052+0700] {dag.py:3239} INFO - Sync 1 DAGs
[2026-09-18T12:35:00.058+0700] {logging_mixin.py:190} INFO - [2026-09-18T12:35:00.058+0700] {dag.py:4180} INFO - Setting next_dagrun for example_setup_teardown_taskflow to None, run_after=None
[2026-09-18T12:35:00.068+0700] {processor.py:208} INFO - Processing /Users/andreasanditya/Downloads/572392_Andreas_AirflowETL/code/.venv/lib/python3.9/site-packages/airflow/example_dags/example_setup_teardown_taskflow.py took 0.126 seconds
[2026-09-18T12:36:24.185+0700] {processor.py:186} INFO - Started process (PID=62841) to work on /Users/andreasanditya/Downloads/572392_Andreas_AirflowETL/code/.venv/lib/python3.9/site-packages/airflow/example_dags/example_setup_teardown_taskflow.py
[2026-09-18T12:36:24.186+0700] {processor.py:914} INFO - Processing file /Users/andreasanditya/Downloads/572392_Andreas_AirflowETL/code/.venv/lib/python3.9/site-packages/airflow/example_dags/example_setup_teardown_taskflow.py for tasks to queue
[2026-09-18T12:36:24.187+0700] {logging_mixin.py:190} INFO - [2026-09-18T12:36:24.187+0700] {dagbag.py:588} INFO - Filling up the DagBag from /Users/andreasanditya/Downloads/572392_Andreas_AirflowETL/code/.venv/lib/python3.9/site-packages/airflow/example_dags/example_setup_teardown_taskflow.py
[2026-09-18T12:36:24.234+0700] {processor.py:925} INFO - DAG(s) 'example_setup_teardown_taskflow' retrieved from /Users/andreasanditya/Downloads/572392_Andreas_AirflowETL/code/.venv/lib/python3.9/site-packages/airflow/example_dags/example_setup_teardown_taskflow.py
[2026-09-18T12:36:24.293+0700] {logging_mixin.py:190} INFO - [2026-09-18T12:36:24.293+0700] {dag.py:3239} INFO - Sync 1 DAGs
[2026-09-18T12:36:24.299+0700] {logging_mixin.py:190} INFO - [2026-09-18T12:36:24.299+0700] {dag.py:4180} INFO - Setting next_dagrun for example_setup_teardown_taskflow to None, run_after=None
[2026-09-18T12:36:24.309+0700] {processor.py:208} INFO - Processing /Users/andreasanditya/Downloads/572392_Andreas_AirflowETL/code/.venv/lib/python3.9/site-packages/airflow/example_dags/example_setup_teardown_taskflow.py took 0.126 seconds
[2026-09-18T12:37:50.815+0700] {processor.py:186} INFO - Started process (PID=63782) to work on /Users/andreasanditya/Downloads/572392_Andreas_AirflowETL/code/.venv/lib/python3.9/site-packages/airflow/example_dags/example_setup_teardown_taskflow.py
[2026-09-18T12:37:50.816+0700] {processor.py:914} INFO - Processing file /Users/andreasanditya/Downloads/572392_Andreas_AirflowETL/code/.venv/lib/python3.9/site-packages/airflow/example_dags/example_setup_teardown_taskflow.py for tasks to queue
[2026-09-18T12:37:50.817+0700] {logging_mixin.py:190} INFO - [2026-09-18T12:37:50.817+0700] {dagbag.py:588} INFO - Filling up the DagBag from /Users/andreasanditya/Downloads/572392_Andreas_AirflowETL/code/.venv/lib/python3.9/site-packages/airflow/example_dags/example_setup_teardown_taskflow.py
[2026-09-18T12:37:50.863+0700] {processor.py:925} INFO - DAG(s) 'example_setup_teardown_taskflow' retrieved from /Users/andreasanditya/Downloads/572392_Andreas_AirflowETL/code/.venv/lib/python3.9/site-packages/airflow/example_dags/example_setup_teardown_taskflow.py
[2026-09-18T12:37:50.922+0700] {logging_mixin.py:190} INFO - [2026-09-18T12:37:50.921+0700] {dag.py:3239} INFO - Sync 1 DAGs
[2026-09-18T12:37:50.927+0700] {logging_mixin.py:190} INFO - [2026-09-18T12:37:50.927+0700] {dag.py:4180} INFO - Setting next_dagrun for example_setup_teardown_taskflow to None, run_after=None
[2026-09-18T12:37:50.937+0700] {processor.py:208} INFO - Processing /Users/andreasanditya/Downloads/572392_Andreas_AirflowETL/code/.venv/lib/python3.9/site-packages/airflow/example_dags/example_setup_teardown_taskflow.py took 0.124 seconds
[2026-09-18T12:39:18.068+0700] {processor.py:186} INFO - Started process (PID=64702) to work on /Users/andreasanditya/Downloads/572392_Andreas_AirflowETL/code/.venv/lib/python3.9/site-packages/airflow/example_dags/example_setup_teardown_taskflow.py
[2026-09-18T12:39:18.069+0700] {processor.py:914} INFO - Processing file /Users/andreasanditya/Downloads/572392_Andreas_AirflowETL/code/.venv/lib/python3.9/site-packages/airflow/example_dags/example_setup_teardown_taskflow.py for tasks to queue
[2026-09-18T12:39:18.070+0700] {logging_mixin.py:190} INFO - [2026-09-18T12:39:18.070+0700] {dagbag.py:588} INFO - Filling up the DagBag from /Users/andreasanditya/Downloads/572392_Andreas_AirflowETL/code/.venv/lib/python3.9/site-packages/airflow/example_dags/example_setup_teardown_taskflow.py
[2026-09-18T12:39:18.115+0700] {processor.py:925} INFO - DAG(s) 'example_setup_teardown_taskflow' retrieved from /Users/andreasanditya/Downloads/572392_Andreas_AirflowETL/code/.venv/lib/python3.9/site-packages/airflow/example_dags/example_setup_teardown_taskflow.py
[2026-09-18T12:39:18.174+0700] {logging_mixin.py:190} INFO - [2026-09-18T12:39:18.173+0700] {dag.py:3239} INFO - Sync 1 DAGs
[2026-09-18T12:39:18.179+0700] {logging_mixin.py:190} INFO - [2026-09-18T12:39:18.179+0700] {dag.py:4180} INFO - Setting next_dagrun for example_setup_teardown_taskflow to None, run_after=None
[2026-09-18T12:39:18.189+0700] {processor.py:208} INFO - Processing /Users/andreasanditya/Downloads/572392_Andreas_AirflowETL/code/.venv/lib/python3.9/site-packages/airflow/example_dags/example_setup_teardown_taskflow.py took 0.123 seconds
[2026-09-18T12:40:46.413+0700] {processor.py:186} INFO - Started process (PID=65535) to work on /Users/andreasanditya/Downloads/572392_Andreas_AirflowETL/code/.venv/lib/python3.9/site-packages/airflow/example_dags/example_setup_teardown_taskflow.py
[2026-09-18T12:40:46.414+0700] {processor.py:914} INFO - Processing file /Users/andreasanditya/Downloads/572392_Andreas_AirflowETL/code/.venv/lib/python3.9/site-packages/airflow/example_dags/example_setup_teardown_taskflow.py for tasks to queue
[2026-09-18T12:40:46.415+0700] {logging_mixin.py:190} INFO - [2026-09-18T12:40:46.415+0700] {dagbag.py:588} INFO - Filling up the DagBag from /Users/andreasanditya/Downloads/572392_Andreas_AirflowETL/code/.venv/lib/python3.9/site-packages/airflow/example_dags/example_setup_teardown_taskflow.py
[2026-09-18T12:40:46.460+0700] {processor.py:925} INFO - DAG(s) 'example_setup_teardown_taskflow' retrieved from /Users/andreasanditya/Downloads/572392_Andreas_AirflowETL/code/.venv/lib/python3.9/site-packages/airflow/example_dags/example_setup_teardown_taskflow.py
[2026-09-18T12:40:46.520+0700] {logging_mixin.py:190} INFO - [2026-09-18T12:40:46.519+0700] {dag.py:3239} INFO - Sync 1 DAGs
[2026-09-18T12:40:46.525+0700] {logging_mixin.py:190} INFO - [2026-09-18T12:40:46.525+0700] {dag.py:4180} INFO - Setting next_dagrun for example_setup_teardown_taskflow to None, run_after=None
[2026-09-18T12:40:46.535+0700] {processor.py:208} INFO - Processing /Users/andreasanditya/Downloads/572392_Andreas_AirflowETL/code/.venv/lib/python3.9/site-packages/airflow/example_dags/example_setup_teardown_taskflow.py took 0.124 seconds
[2026-09-18T12:42:10.765+0700] {processor.py:186} INFO - Started process (PID=66438) to work on /Users/andreasanditya/Downloads/572392_Andreas_AirflowETL/code/.venv/lib/python3.9/site-packages/airflow/example_dags/example_setup_teardown_taskflow.py
[2026-09-18T12:42:10.766+0700] {processor.py:914} INFO - Processing file /Users/andreasanditya/Downloads/572392_Andreas_AirflowETL/code/.venv/lib/python3.9/site-packages/airflow/example_dags/example_setup_teardown_taskflow.py for tasks to queue
[2026-09-18T12:42:10.767+0700] {logging_mixin.py:190} INFO - [2026-09-18T12:42:10.767+0700] {dagbag.py:588} INFO - Filling up the DagBag from /Users/andreasanditya/Downloads/572392_Andreas_AirflowETL/code/.venv/lib/python3.9/site-packages/airflow/example_dags/example_setup_teardown_taskflow.py
[2026-09-18T12:42:10.813+0700] {processor.py:925} INFO - DAG(s) 'example_setup_teardown_taskflow' retrieved from /Users/andreasanditya/Downloads/572392_Andreas_AirflowETL/code/.venv/lib/python3.9/site-packages/airflow/example_dags/example_setup_teardown_taskflow.py
[2026-09-18T12:42:10.873+0700] {logging_mixin.py:190} INFO - [2026-09-18T12:42:10.873+0700] {dag.py:3239} INFO - Sync 1 DAGs
[2026-09-18T12:42:10.879+0700] {logging_mixin.py:190} INFO - [2026-09-18T12:42:10.878+0700] {dag.py:4180} INFO - Setting next_dagrun for example_setup_teardown_taskflow to None, run_after=None
[2026-09-18T12:42:10.888+0700] {processor.py:208} INFO - Processing /Users/andreasanditya/Downloads/572392_Andreas_AirflowETL/code/.venv/lib/python3.9/site-packages/airflow/example_dags/example_setup_teardown_taskflow.py took 0.125 seconds
[2026-09-18T12:43:38.501+0700] {processor.py:186} INFO - Started process (PID=67274) to work on /Users/andreasanditya/Downloads/572392_Andreas_AirflowETL/code/.venv/lib/python3.9/site-packages/airflow/example_dags/example_setup_teardown_taskflow.py
[2026-09-18T12:43:38.502+0700] {processor.py:914} INFO - Processing file /Users/andreasanditya/Downloads/572392_Andreas_AirflowETL/code/.venv/lib/python3.9/site-packages/airflow/example_dags/example_setup_teardown_taskflow.py for tasks to queue
[2026-09-18T12:43:38.503+0700] {logging_mixin.py:190} INFO - [2026-09-18T12:43:38.503+0700] {dagbag.py:588} INFO - Filling up the DagBag from /Users/andreasanditya/Downloads/572392_Andreas_AirflowETL/code/.venv/lib/python3.9/site-packages/airflow/example_dags/example_setup_teardown_taskflow.py
[2026-09-18T12:43:38.549+0700] {processor.py:925} INFO - DAG(s) 'example_setup_teardown_taskflow' retrieved from /Users/andreasanditya/Downloads/572392_Andreas_AirflowETL/code/.venv/lib/python3.9/site-packages/airflow/example_dags/example_setup_teardown_taskflow.py
[2026-09-18T12:43:38.609+0700] {logging_mixin.py:190} INFO - [2026-09-18T12:43:38.609+0700] {dag.py:3239} INFO - Sync 1 DAGs
[2026-09-18T12:43:38.615+0700] {logging_mixin.py:190} INFO - [2026-09-18T12:43:38.615+0700] {dag.py:4180} INFO - Setting next_dagrun for example_setup_teardown_taskflow to None, run_after=None
[2026-09-18T12:43:38.625+0700] {processor.py:208} INFO - Processing /Users/andreasanditya/Downloads/572392_Andreas_AirflowETL/code/.venv/lib/python3.9/site-packages/airflow/example_dags/example_setup_teardown_taskflow.py took 0.125 seconds
[2026-09-18T12:45:04.573+0700] {processor.py:186} INFO - Started process (PID=68194) to work on /Users/andreasanditya/Downloads/572392_Andreas_AirflowETL/code/.venv/lib/python3.9/site-packages/airflow/example_dags/example_setup_teardown_taskflow.py
[2026-09-18T12:45:04.574+0700] {processor.py:914} INFO - Processing file /Users/andreasanditya/Downloads/572392_Andreas_AirflowETL/code/.venv/lib/python3.9/site-packages/airflow/example_dags/example_setup_teardown_taskflow.py for tasks to queue
[2026-09-18T12:45:04.575+0700] {logging_mixin.py:190} INFO - [2026-09-18T12:45:04.575+0700] {dagbag.py:588} INFO - Filling up the DagBag from /Users/andreasanditya/Downloads/572392_Andreas_AirflowETL/code/.venv/lib/python3.9/site-packages/airflow/example_dags/example_setup_teardown_taskflow.py
[2026-09-18T12:45:04.620+0700] {processor.py:925} INFO - DAG(s) 'example_setup_teardown_taskflow' retrieved from /Users/andreasanditya/Downloads/572392_Andreas_AirflowETL/code/.venv/lib/python3.9/site-packages/airflow/example_dags/example_setup_teardown_taskflow.py
[2026-09-18T12:45:04.679+0700] {logging_mixin.py:190} INFO - [2026-09-18T12:45:04.679+0700] {dag.py:3239} INFO - Sync 1 DAGs
[2026-09-18T12:45:04.685+0700] {logging_mixin.py:190} INFO - [2026-09-18T12:45:04.685+0700] {dag.py:4180} INFO - Setting next_dagrun for example_setup_teardown_taskflow to None, run_after=None
[2026-09-18T12:45:04.695+0700] {processor.py:208} INFO - Processing /Users/andreasanditya/Downloads/572392_Andreas_AirflowETL/code/.venv/lib/python3.9/site-packages/airflow/example_dags/example_setup_teardown_taskflow.py took 0.124 seconds
[2026-09-18T12:46:31.557+0700] {processor.py:186} INFO - Started process (PID=69035) to work on /Users/andreasanditya/Downloads/572392_Andreas_AirflowETL/code/.venv/lib/python3.9/site-packages/airflow/example_dags/example_setup_teardown_taskflow.py
[2026-09-18T12:46:31.557+0700] {processor.py:914} INFO - Processing file /Users/andreasanditya/Downloads/572392_Andreas_AirflowETL/code/.venv/lib/python3.9/site-packages/airflow/example_dags/example_setup_teardown_taskflow.py for tasks to queue
[2026-09-18T12:46:31.558+0700] {logging_mixin.py:190} INFO - [2026-09-18T12:46:31.558+0700] {dagbag.py:588} INFO - Filling up the DagBag from /Users/andreasanditya/Downloads/572392_Andreas_AirflowETL/code/.venv/lib/python3.9/site-packages/airflow/example_dags/example_setup_teardown_taskflow.py
[2026-09-18T12:46:31.604+0700] {processor.py:925} INFO - DAG(s) 'example_setup_teardown_taskflow' retrieved from /Users/andreasanditya/Downloads/572392_Andreas_AirflowETL/code/.venv/lib/python3.9/site-packages/airflow/example_dags/example_setup_teardown_taskflow.py
[2026-09-18T12:46:31.663+0700] {logging_mixin.py:190} INFO - [2026-09-18T12:46:31.663+0700] {dag.py:3239} INFO - Sync 1 DAGs
[2026-09-18T12:46:31.668+0700] {logging_mixin.py:190} INFO - [2026-09-18T12:46:31.668+0700] {dag.py:4180} INFO - Setting next_dagrun for example_setup_teardown_taskflow to None, run_after=None
[2026-09-18T12:46:31.678+0700] {processor.py:208} INFO - Processing /Users/andreasanditya/Downloads/572392_Andreas_AirflowETL/code/.venv/lib/python3.9/site-packages/airflow/example_dags/example_setup_teardown_taskflow.py took 0.124 seconds
[2026-09-18T12:47:56.576+0700] {processor.py:186} INFO - Started process (PID=69947) to work on /Users/andreasanditya/Downloads/572392_Andreas_AirflowETL/code/.venv/lib/python3.9/site-packages/airflow/example_dags/example_setup_teardown_taskflow.py
[2026-09-18T12:47:56.577+0700] {processor.py:914} INFO - Processing file /Users/andreasanditya/Downloads/572392_Andreas_AirflowETL/code/.venv/lib/python3.9/site-packages/airflow/example_dags/example_setup_teardown_taskflow.py for tasks to queue
[2026-09-18T12:47:56.577+0700] {logging_mixin.py:190} INFO - [2026-09-18T12:47:56.577+0700] {dagbag.py:588} INFO - Filling up the DagBag from /Users/andreasanditya/Downloads/572392_Andreas_AirflowETL/code/.venv/lib/python3.9/site-packages/airflow/example_dags/example_setup_teardown_taskflow.py
[2026-09-18T12:47:56.623+0700] {processor.py:925} INFO - DAG(s) 'example_setup_teardown_taskflow' retrieved from /Users/andreasanditya/Downloads/572392_Andreas_AirflowETL/code/.venv/lib/python3.9/site-packages/airflow/example_dags/example_setup_teardown_taskflow.py
[2026-09-18T12:47:56.683+0700] {logging_mixin.py:190} INFO - [2026-09-18T12:47:56.683+0700] {dag.py:3239} INFO - Sync 1 DAGs
[2026-09-18T12:47:56.689+0700] {logging_mixin.py:190} INFO - [2026-09-18T12:47:56.688+0700] {dag.py:4180} INFO - Setting next_dagrun for example_setup_teardown_taskflow to None, run_after=None
[2026-09-18T12:47:56.698+0700] {processor.py:208} INFO - Processing /Users/andreasanditya/Downloads/572392_Andreas_AirflowETL/code/.venv/lib/python3.9/site-packages/airflow/example_dags/example_setup_teardown_taskflow.py took 0.125 seconds
[2026-09-18T12:49:22.960+0700] {processor.py:186} INFO - Started process (PID=70774) to work on /Users/andreasanditya/Downloads/572392_Andreas_AirflowETL/code/.venv/lib/python3.9/site-packages/airflow/example_dags/example_setup_teardown_taskflow.py
[2026-09-18T12:49:22.961+0700] {processor.py:914} INFO - Processing file /Users/andreasanditya/Downloads/572392_Andreas_AirflowETL/code/.venv/lib/python3.9/site-packages/airflow/example_dags/example_setup_teardown_taskflow.py for tasks to queue
[2026-09-18T12:49:22.961+0700] {logging_mixin.py:190} INFO - [2026-09-18T12:49:22.961+0700] {dagbag.py:588} INFO - Filling up the DagBag from /Users/andreasanditya/Downloads/572392_Andreas_AirflowETL/code/.venv/lib/python3.9/site-packages/airflow/example_dags/example_setup_teardown_taskflow.py
[2026-09-18T12:49:23.007+0700] {processor.py:925} INFO - DAG(s) 'example_setup_teardown_taskflow' retrieved from /Users/andreasanditya/Downloads/572392_Andreas_AirflowETL/code/.venv/lib/python3.9/site-packages/airflow/example_dags/example_setup_teardown_taskflow.py
[2026-09-18T12:49:23.067+0700] {logging_mixin.py:190} INFO - [2026-09-18T12:49:23.066+0700] {dag.py:3239} INFO - Sync 1 DAGs
[2026-09-18T12:49:23.072+0700] {logging_mixin.py:190} INFO - [2026-09-18T12:49:23.072+0700] {dag.py:4180} INFO - Setting next_dagrun for example_setup_teardown_taskflow to None, run_after=None
[2026-09-18T12:49:23.082+0700] {processor.py:208} INFO - Processing /Users/andreasanditya/Downloads/572392_Andreas_AirflowETL/code/.venv/lib/python3.9/site-packages/airflow/example_dags/example_setup_teardown_taskflow.py took 0.124 seconds
[2026-09-18T12:50:47.832+0700] {processor.py:186} INFO - Started process (PID=71685) to work on /Users/andreasanditya/Downloads/572392_Andreas_AirflowETL/code/.venv/lib/python3.9/site-packages/airflow/example_dags/example_setup_teardown_taskflow.py
[2026-09-18T12:50:47.833+0700] {processor.py:914} INFO - Processing file /Users/andreasanditya/Downloads/572392_Andreas_AirflowETL/code/.venv/lib/python3.9/site-packages/airflow/example_dags/example_setup_teardown_taskflow.py for tasks to queue
[2026-09-18T12:50:47.834+0700] {logging_mixin.py:190} INFO - [2026-09-18T12:50:47.834+0700] {dagbag.py:588} INFO - Filling up the DagBag from /Users/andreasanditya/Downloads/572392_Andreas_AirflowETL/code/.venv/lib/python3.9/site-packages/airflow/example_dags/example_setup_teardown_taskflow.py
[2026-09-18T12:50:47.879+0700] {processor.py:925} INFO - DAG(s) 'example_setup_teardown_taskflow' retrieved from /Users/andreasanditya/Downloads/572392_Andreas_AirflowETL/code/.venv/lib/python3.9/site-packages/airflow/example_dags/example_setup_teardown_taskflow.py
[2026-09-18T12:50:47.939+0700] {logging_mixin.py:190} INFO - [2026-09-18T12:50:47.939+0700] {dag.py:3239} INFO - Sync 1 DAGs
[2026-09-18T12:50:47.945+0700] {logging_mixin.py:190} INFO - [2026-09-18T12:50:47.944+0700] {dag.py:4180} INFO - Setting next_dagrun for example_setup_teardown_taskflow to None, run_after=None
[2026-09-18T12:50:47.954+0700] {processor.py:208} INFO - Processing /Users/andreasanditya/Downloads/572392_Andreas_AirflowETL/code/.venv/lib/python3.9/site-packages/airflow/example_dags/example_setup_teardown_taskflow.py took 0.124 seconds
[2026-09-18T12:52:10.190+0700] {processor.py:186} INFO - Started process (PID=72512) to work on /Users/andreasanditya/Downloads/572392_Andreas_AirflowETL/code/.venv/lib/python3.9/site-packages/airflow/example_dags/example_setup_teardown_taskflow.py
[2026-09-18T12:52:10.191+0700] {processor.py:914} INFO - Processing file /Users/andreasanditya/Downloads/572392_Andreas_AirflowETL/code/.venv/lib/python3.9/site-packages/airflow/example_dags/example_setup_teardown_taskflow.py for tasks to queue
[2026-09-18T12:52:10.192+0700] {logging_mixin.py:190} INFO - [2026-09-18T12:52:10.192+0700] {dagbag.py:588} INFO - Filling up the DagBag from /Users/andreasanditya/Downloads/572392_Andreas_AirflowETL/code/.venv/lib/python3.9/site-packages/airflow/example_dags/example_setup_teardown_taskflow.py
[2026-09-18T12:52:10.238+0700] {processor.py:925} INFO - DAG(s) 'example_setup_teardown_taskflow' retrieved from /Users/andreasanditya/Downloads/572392_Andreas_AirflowETL/code/.venv/lib/python3.9/site-packages/airflow/example_dags/example_setup_teardown_taskflow.py
[2026-09-18T12:52:10.299+0700] {logging_mixin.py:190} INFO - [2026-09-18T12:52:10.299+0700] {dag.py:3239} INFO - Sync 1 DAGs
[2026-09-18T12:52:10.305+0700] {logging_mixin.py:190} INFO - [2026-09-18T12:52:10.305+0700] {dag.py:4180} INFO - Setting next_dagrun for example_setup_teardown_taskflow to None, run_after=None
[2026-09-18T12:52:10.316+0700] {processor.py:208} INFO - Processing /Users/andreasanditya/Downloads/572392_Andreas_AirflowETL/code/.venv/lib/python3.9/site-packages/airflow/example_dags/example_setup_teardown_taskflow.py took 0.128 seconds
[2026-09-18T12:53:36.816+0700] {processor.py:186} INFO - Started process (PID=73356) to work on /Users/andreasanditya/Downloads/572392_Andreas_AirflowETL/code/.venv/lib/python3.9/site-packages/airflow/example_dags/example_setup_teardown_taskflow.py
[2026-09-18T12:53:36.817+0700] {processor.py:914} INFO - Processing file /Users/andreasanditya/Downloads/572392_Andreas_AirflowETL/code/.venv/lib/python3.9/site-packages/airflow/example_dags/example_setup_teardown_taskflow.py for tasks to queue
[2026-09-18T12:53:36.818+0700] {logging_mixin.py:190} INFO - [2026-09-18T12:53:36.818+0700] {dagbag.py:588} INFO - Filling up the DagBag from /Users/andreasanditya/Downloads/572392_Andreas_AirflowETL/code/.venv/lib/python3.9/site-packages/airflow/example_dags/example_setup_teardown_taskflow.py
[2026-09-18T12:53:36.863+0700] {processor.py:925} INFO - DAG(s) 'example_setup_teardown_taskflow' retrieved from /Users/andreasanditya/Downloads/572392_Andreas_AirflowETL/code/.venv/lib/python3.9/site-packages/airflow/example_dags/example_setup_teardown_taskflow.py
[2026-09-18T12:53:36.923+0700] {logging_mixin.py:190} INFO - [2026-09-18T12:53:36.923+0700] {dag.py:3239} INFO - Sync 1 DAGs
[2026-09-18T12:53:36.929+0700] {logging_mixin.py:190} INFO - [2026-09-18T12:53:36.928+0700] {dag.py:4180} INFO - Setting next_dagrun for example_setup_teardown_taskflow to None, run_after=None
[2026-09-18T12:53:36.938+0700] {processor.py:208} INFO - Processing /Users/andreasanditya/Downloads/572392_Andreas_AirflowETL/code/.venv/lib/python3.9/site-packages/airflow/example_dags/example_setup_teardown_taskflow.py took 0.125 seconds
[2026-09-18T12:55:00.862+0700] {processor.py:186} INFO - Started process (PID=74293) to work on /Users/andreasanditya/Downloads/572392_Andreas_AirflowETL/code/.venv/lib/python3.9/site-packages/airflow/example_dags/example_setup_teardown_taskflow.py
[2026-09-18T12:55:00.863+0700] {processor.py:914} INFO - Processing file /Users/andreasanditya/Downloads/572392_Andreas_AirflowETL/code/.venv/lib/python3.9/site-packages/airflow/example_dags/example_setup_teardown_taskflow.py for tasks to queue
[2026-09-18T12:55:00.864+0700] {logging_mixin.py:190} INFO - [2026-09-18T12:55:00.863+0700] {dagbag.py:588} INFO - Filling up the DagBag from /Users/andreasanditya/Downloads/572392_Andreas_AirflowETL/code/.venv/lib/python3.9/site-packages/airflow/example_dags/example_setup_teardown_taskflow.py
[2026-09-18T12:55:00.909+0700] {processor.py:925} INFO - DAG(s) 'example_setup_teardown_taskflow' retrieved from /Users/andreasanditya/Downloads/572392_Andreas_AirflowETL/code/.venv/lib/python3.9/site-packages/airflow/example_dags/example_setup_teardown_taskflow.py
[2026-09-18T12:55:00.969+0700] {logging_mixin.py:190} INFO - [2026-09-18T12:55:00.969+0700] {dag.py:3239} INFO - Sync 1 DAGs
[2026-09-18T12:55:00.975+0700] {logging_mixin.py:190} INFO - [2026-09-18T12:55:00.975+0700] {dag.py:4180} INFO - Setting next_dagrun for example_setup_teardown_taskflow to None, run_after=None
[2026-09-18T12:55:00.985+0700] {processor.py:208} INFO - Processing /Users/andreasanditya/Downloads/572392_Andreas_AirflowETL/code/.venv/lib/python3.9/site-packages/airflow/example_dags/example_setup_teardown_taskflow.py took 0.125 seconds
[2026-09-18T12:56:25.085+0700] {processor.py:186} INFO - Started process (PID=75109) to work on /Users/andreasanditya/Downloads/572392_Andreas_AirflowETL/code/.venv/lib/python3.9/site-packages/airflow/example_dags/example_setup_teardown_taskflow.py
[2026-09-18T12:56:25.086+0700] {processor.py:914} INFO - Processing file /Users/andreasanditya/Downloads/572392_Andreas_AirflowETL/code/.venv/lib/python3.9/site-packages/airflow/example_dags/example_setup_teardown_taskflow.py for tasks to queue
[2026-09-18T12:56:25.087+0700] {logging_mixin.py:190} INFO - [2026-09-18T12:56:25.086+0700] {dagbag.py:588} INFO - Filling up the DagBag from /Users/andreasanditya/Downloads/572392_Andreas_AirflowETL/code/.venv/lib/python3.9/site-packages/airflow/example_dags/example_setup_teardown_taskflow.py
[2026-09-18T12:56:25.132+0700] {processor.py:925} INFO - DAG(s) 'example_setup_teardown_taskflow' retrieved from /Users/andreasanditya/Downloads/572392_Andreas_AirflowETL/code/.venv/lib/python3.9/site-packages/airflow/example_dags/example_setup_teardown_taskflow.py
[2026-09-18T12:56:25.191+0700] {logging_mixin.py:190} INFO - [2026-09-18T12:56:25.190+0700] {dag.py:3239} INFO - Sync 1 DAGs
[2026-09-18T12:56:25.196+0700] {logging_mixin.py:190} INFO - [2026-09-18T12:56:25.196+0700] {dag.py:4180} INFO - Setting next_dagrun for example_setup_teardown_taskflow to None, run_after=None
[2026-09-18T12:56:25.207+0700] {processor.py:208} INFO - Processing /Users/andreasanditya/Downloads/572392_Andreas_AirflowETL/code/.venv/lib/python3.9/site-packages/airflow/example_dags/example_setup_teardown_taskflow.py took 0.124 seconds
[2026-09-18T12:57:51.859+0700] {processor.py:186} INFO - Started process (PID=76023) to work on /Users/andreasanditya/Downloads/572392_Andreas_AirflowETL/code/.venv/lib/python3.9/site-packages/airflow/example_dags/example_setup_teardown_taskflow.py
[2026-09-18T12:57:51.863+0700] {processor.py:914} INFO - Processing file /Users/andreasanditya/Downloads/572392_Andreas_AirflowETL/code/.venv/lib/python3.9/site-packages/airflow/example_dags/example_setup_teardown_taskflow.py for tasks to queue
[2026-09-18T12:57:51.863+0700] {logging_mixin.py:190} INFO - [2026-09-18T12:57:51.863+0700] {dagbag.py:588} INFO - Filling up the DagBag from /Users/andreasanditya/Downloads/572392_Andreas_AirflowETL/code/.venv/lib/python3.9/site-packages/airflow/example_dags/example_setup_teardown_taskflow.py
[2026-09-18T12:57:51.909+0700] {processor.py:925} INFO - DAG(s) 'example_setup_teardown_taskflow' retrieved from /Users/andreasanditya/Downloads/572392_Andreas_AirflowETL/code/.venv/lib/python3.9/site-packages/airflow/example_dags/example_setup_teardown_taskflow.py
[2026-09-18T12:57:51.968+0700] {logging_mixin.py:190} INFO - [2026-09-18T12:57:51.968+0700] {dag.py:3239} INFO - Sync 1 DAGs
[2026-09-18T12:57:51.974+0700] {logging_mixin.py:190} INFO - [2026-09-18T12:57:51.974+0700] {dag.py:4180} INFO - Setting next_dagrun for example_setup_teardown_taskflow to None, run_after=None
[2026-09-18T12:57:51.984+0700] {processor.py:208} INFO - Processing /Users/andreasanditya/Downloads/572392_Andreas_AirflowETL/code/.venv/lib/python3.9/site-packages/airflow/example_dags/example_setup_teardown_taskflow.py took 0.127 seconds
[2026-09-18T12:59:16.306+0700] {processor.py:186} INFO - Started process (PID=76893) to work on /Users/andreasanditya/Downloads/572392_Andreas_AirflowETL/code/.venv/lib/python3.9/site-packages/airflow/example_dags/example_setup_teardown_taskflow.py
[2026-09-18T12:59:16.307+0700] {processor.py:914} INFO - Processing file /Users/andreasanditya/Downloads/572392_Andreas_AirflowETL/code/.venv/lib/python3.9/site-packages/airflow/example_dags/example_setup_teardown_taskflow.py for tasks to queue
[2026-09-18T12:59:16.308+0700] {logging_mixin.py:190} INFO - [2026-09-18T12:59:16.308+0700] {dagbag.py:588} INFO - Filling up the DagBag from /Users/andreasanditya/Downloads/572392_Andreas_AirflowETL/code/.venv/lib/python3.9/site-packages/airflow/example_dags/example_setup_teardown_taskflow.py
[2026-09-18T12:59:16.353+0700] {processor.py:925} INFO - DAG(s) 'example_setup_teardown_taskflow' retrieved from /Users/andreasanditya/Downloads/572392_Andreas_AirflowETL/code/.venv/lib/python3.9/site-packages/airflow/example_dags/example_setup_teardown_taskflow.py
[2026-09-18T12:59:16.412+0700] {logging_mixin.py:190} INFO - [2026-09-18T12:59:16.412+0700] {dag.py:3239} INFO - Sync 1 DAGs
[2026-09-18T12:59:16.418+0700] {logging_mixin.py:190} INFO - [2026-09-18T12:59:16.418+0700] {dag.py:4180} INFO - Setting next_dagrun for example_setup_teardown_taskflow to None, run_after=None
[2026-09-18T12:59:16.428+0700] {processor.py:208} INFO - Processing /Users/andreasanditya/Downloads/572392_Andreas_AirflowETL/code/.venv/lib/python3.9/site-packages/airflow/example_dags/example_setup_teardown_taskflow.py took 0.125 seconds
[2026-09-18T13:00:43.537+0700] {processor.py:186} INFO - Started process (PID=77809) to work on /Users/andreasanditya/Downloads/572392_Andreas_AirflowETL/code/.venv/lib/python3.9/site-packages/airflow/example_dags/example_setup_teardown_taskflow.py
[2026-09-18T13:00:43.538+0700] {processor.py:914} INFO - Processing file /Users/andreasanditya/Downloads/572392_Andreas_AirflowETL/code/.venv/lib/python3.9/site-packages/airflow/example_dags/example_setup_teardown_taskflow.py for tasks to queue
[2026-09-18T13:00:43.539+0700] {logging_mixin.py:190} INFO - [2026-09-18T13:00:43.539+0700] {dagbag.py:588} INFO - Filling up the DagBag from /Users/andreasanditya/Downloads/572392_Andreas_AirflowETL/code/.venv/lib/python3.9/site-packages/airflow/example_dags/example_setup_teardown_taskflow.py
[2026-09-18T13:00:43.584+0700] {processor.py:925} INFO - DAG(s) 'example_setup_teardown_taskflow' retrieved from /Users/andreasanditya/Downloads/572392_Andreas_AirflowETL/code/.venv/lib/python3.9/site-packages/airflow/example_dags/example_setup_teardown_taskflow.py
[2026-09-18T13:00:43.644+0700] {logging_mixin.py:190} INFO - [2026-09-18T13:00:43.644+0700] {dag.py:3239} INFO - Sync 1 DAGs
[2026-09-18T13:00:43.650+0700] {logging_mixin.py:190} INFO - [2026-09-18T13:00:43.650+0700] {dag.py:4180} INFO - Setting next_dagrun for example_setup_teardown_taskflow to None, run_after=None
[2026-09-18T13:00:43.659+0700] {processor.py:208} INFO - Processing /Users/andreasanditya/Downloads/572392_Andreas_AirflowETL/code/.venv/lib/python3.9/site-packages/airflow/example_dags/example_setup_teardown_taskflow.py took 0.124 seconds
[2026-09-18T13:02:09.267+0700] {processor.py:186} INFO - Started process (PID=78632) to work on /Users/andreasanditya/Downloads/572392_Andreas_AirflowETL/code/.venv/lib/python3.9/site-packages/airflow/example_dags/example_setup_teardown_taskflow.py
[2026-09-18T13:02:09.269+0700] {processor.py:914} INFO - Processing file /Users/andreasanditya/Downloads/572392_Andreas_AirflowETL/code/.venv/lib/python3.9/site-packages/airflow/example_dags/example_setup_teardown_taskflow.py for tasks to queue
[2026-09-18T13:02:09.269+0700] {logging_mixin.py:190} INFO - [2026-09-18T13:02:09.269+0700] {dagbag.py:588} INFO - Filling up the DagBag from /Users/andreasanditya/Downloads/572392_Andreas_AirflowETL/code/.venv/lib/python3.9/site-packages/airflow/example_dags/example_setup_teardown_taskflow.py
[2026-09-18T13:02:09.315+0700] {processor.py:925} INFO - DAG(s) 'example_setup_teardown_taskflow' retrieved from /Users/andreasanditya/Downloads/572392_Andreas_AirflowETL/code/.venv/lib/python3.9/site-packages/airflow/example_dags/example_setup_teardown_taskflow.py
[2026-09-18T13:02:09.374+0700] {logging_mixin.py:190} INFO - [2026-09-18T13:02:09.374+0700] {dag.py:3239} INFO - Sync 1 DAGs
[2026-09-18T13:02:09.379+0700] {logging_mixin.py:190} INFO - [2026-09-18T13:02:09.379+0700] {dag.py:4180} INFO - Setting next_dagrun for example_setup_teardown_taskflow to None, run_after=None
[2026-09-18T13:02:09.389+0700] {processor.py:208} INFO - Processing /Users/andreasanditya/Downloads/572392_Andreas_AirflowETL/code/.venv/lib/python3.9/site-packages/airflow/example_dags/example_setup_teardown_taskflow.py took 0.124 seconds
[2026-09-18T13:03:35.537+0700] {processor.py:186} INFO - Started process (PID=79569) to work on /Users/andreasanditya/Downloads/572392_Andreas_AirflowETL/code/.venv/lib/python3.9/site-packages/airflow/example_dags/example_setup_teardown_taskflow.py
[2026-09-18T13:03:35.539+0700] {processor.py:914} INFO - Processing file /Users/andreasanditya/Downloads/572392_Andreas_AirflowETL/code/.venv/lib/python3.9/site-packages/airflow/example_dags/example_setup_teardown_taskflow.py for tasks to queue
[2026-09-18T13:03:35.540+0700] {logging_mixin.py:190} INFO - [2026-09-18T13:03:35.539+0700] {dagbag.py:588} INFO - Filling up the DagBag from /Users/andreasanditya/Downloads/572392_Andreas_AirflowETL/code/.venv/lib/python3.9/site-packages/airflow/example_dags/example_setup_teardown_taskflow.py
[2026-09-18T13:03:35.585+0700] {processor.py:925} INFO - DAG(s) 'example_setup_teardown_taskflow' retrieved from /Users/andreasanditya/Downloads/572392_Andreas_AirflowETL/code/.venv/lib/python3.9/site-packages/airflow/example_dags/example_setup_teardown_taskflow.py
[2026-09-18T13:03:35.644+0700] {logging_mixin.py:190} INFO - [2026-09-18T13:03:35.644+0700] {dag.py:3239} INFO - Sync 1 DAGs
[2026-09-18T13:03:35.651+0700] {logging_mixin.py:190} INFO - [2026-09-18T13:03:35.651+0700] {dag.py:4180} INFO - Setting next_dagrun for example_setup_teardown_taskflow to None, run_after=None
[2026-09-18T13:03:35.661+0700] {processor.py:208} INFO - Processing /Users/andreasanditya/Downloads/572392_Andreas_AirflowETL/code/.venv/lib/python3.9/site-packages/airflow/example_dags/example_setup_teardown_taskflow.py took 0.126 seconds
[2026-09-18T13:05:00.698+0700] {processor.py:186} INFO - Started process (PID=80418) to work on /Users/andreasanditya/Downloads/572392_Andreas_AirflowETL/code/.venv/lib/python3.9/site-packages/airflow/example_dags/example_setup_teardown_taskflow.py
[2026-09-18T13:05:00.699+0700] {processor.py:914} INFO - Processing file /Users/andreasanditya/Downloads/572392_Andreas_AirflowETL/code/.venv/lib/python3.9/site-packages/airflow/example_dags/example_setup_teardown_taskflow.py for tasks to queue
[2026-09-18T13:05:00.700+0700] {logging_mixin.py:190} INFO - [2026-09-18T13:05:00.700+0700] {dagbag.py:588} INFO - Filling up the DagBag from /Users/andreasanditya/Downloads/572392_Andreas_AirflowETL/code/.venv/lib/python3.9/site-packages/airflow/example_dags/example_setup_teardown_taskflow.py
[2026-09-18T13:05:00.745+0700] {processor.py:925} INFO - DAG(s) 'example_setup_teardown_taskflow' retrieved from /Users/andreasanditya/Downloads/572392_Andreas_AirflowETL/code/.venv/lib/python3.9/site-packages/airflow/example_dags/example_setup_teardown_taskflow.py
[2026-09-18T13:05:00.806+0700] {logging_mixin.py:190} INFO - [2026-09-18T13:05:00.806+0700] {dag.py:3239} INFO - Sync 1 DAGs
[2026-09-18T13:05:00.812+0700] {logging_mixin.py:190} INFO - [2026-09-18T13:05:00.812+0700] {dag.py:4180} INFO - Setting next_dagrun for example_setup_teardown_taskflow to None, run_after=None
[2026-09-18T13:05:00.822+0700] {processor.py:208} INFO - Processing /Users/andreasanditya/Downloads/572392_Andreas_AirflowETL/code/.venv/lib/python3.9/site-packages/airflow/example_dags/example_setup_teardown_taskflow.py took 0.126 seconds
[2026-09-18T13:06:26.359+0700] {processor.py:186} INFO - Started process (PID=81237) to work on /Users/andreasanditya/Downloads/572392_Andreas_AirflowETL/code/.venv/lib/python3.9/site-packages/airflow/example_dags/example_setup_teardown_taskflow.py
[2026-09-18T13:06:26.363+0700] {processor.py:914} INFO - Processing file /Users/andreasanditya/Downloads/572392_Andreas_AirflowETL/code/.venv/lib/python3.9/site-packages/airflow/example_dags/example_setup_teardown_taskflow.py for tasks to queue
[2026-09-18T13:06:26.363+0700] {logging_mixin.py:190} INFO - [2026-09-18T13:06:26.363+0700] {dagbag.py:588} INFO - Filling up the DagBag from /Users/andreasanditya/Downloads/572392_Andreas_AirflowETL/code/.venv/lib/python3.9/site-packages/airflow/example_dags/example_setup_teardown_taskflow.py
[2026-09-18T13:06:26.411+0700] {processor.py:925} INFO - DAG(s) 'example_setup_teardown_taskflow' retrieved from /Users/andreasanditya/Downloads/572392_Andreas_AirflowETL/code/.venv/lib/python3.9/site-packages/airflow/example_dags/example_setup_teardown_taskflow.py
[2026-09-18T13:06:26.471+0700] {logging_mixin.py:190} INFO - [2026-09-18T13:06:26.471+0700] {dag.py:3239} INFO - Sync 1 DAGs
[2026-09-18T13:06:26.477+0700] {logging_mixin.py:190} INFO - [2026-09-18T13:06:26.477+0700] {dag.py:4180} INFO - Setting next_dagrun for example_setup_teardown_taskflow to None, run_after=None
[2026-09-18T13:06:26.487+0700] {processor.py:208} INFO - Processing /Users/andreasanditya/Downloads/572392_Andreas_AirflowETL/code/.venv/lib/python3.9/site-packages/airflow/example_dags/example_setup_teardown_taskflow.py took 0.129 seconds
[2026-09-18T13:07:50.775+0700] {processor.py:186} INFO - Started process (PID=82162) to work on /Users/andreasanditya/Downloads/572392_Andreas_AirflowETL/code/.venv/lib/python3.9/site-packages/airflow/example_dags/example_setup_teardown_taskflow.py
[2026-09-18T13:07:50.775+0700] {processor.py:914} INFO - Processing file /Users/andreasanditya/Downloads/572392_Andreas_AirflowETL/code/.venv/lib/python3.9/site-packages/airflow/example_dags/example_setup_teardown_taskflow.py for tasks to queue
[2026-09-18T13:07:50.776+0700] {logging_mixin.py:190} INFO - [2026-09-18T13:07:50.776+0700] {dagbag.py:588} INFO - Filling up the DagBag from /Users/andreasanditya/Downloads/572392_Andreas_AirflowETL/code/.venv/lib/python3.9/site-packages/airflow/example_dags/example_setup_teardown_taskflow.py
[2026-09-18T13:07:50.822+0700] {processor.py:925} INFO - DAG(s) 'example_setup_teardown_taskflow' retrieved from /Users/andreasanditya/Downloads/572392_Andreas_AirflowETL/code/.venv/lib/python3.9/site-packages/airflow/example_dags/example_setup_teardown_taskflow.py
[2026-09-18T13:07:50.881+0700] {logging_mixin.py:190} INFO - [2026-09-18T13:07:50.880+0700] {dag.py:3239} INFO - Sync 1 DAGs
[2026-09-18T13:07:50.886+0700] {logging_mixin.py:190} INFO - [2026-09-18T13:07:50.886+0700] {dag.py:4180} INFO - Setting next_dagrun for example_setup_teardown_taskflow to None, run_after=None
[2026-09-18T13:07:50.896+0700] {processor.py:208} INFO - Processing /Users/andreasanditya/Downloads/572392_Andreas_AirflowETL/code/.venv/lib/python3.9/site-packages/airflow/example_dags/example_setup_teardown_taskflow.py took 0.123 seconds
[2026-09-18T13:09:14.767+0700] {processor.py:186} INFO - Started process (PID=83006) to work on /Users/andreasanditya/Downloads/572392_Andreas_AirflowETL/code/.venv/lib/python3.9/site-packages/airflow/example_dags/example_setup_teardown_taskflow.py
[2026-09-18T13:09:14.768+0700] {processor.py:914} INFO - Processing file /Users/andreasanditya/Downloads/572392_Andreas_AirflowETL/code/.venv/lib/python3.9/site-packages/airflow/example_dags/example_setup_teardown_taskflow.py for tasks to queue
[2026-09-18T13:09:14.769+0700] {logging_mixin.py:190} INFO - [2026-09-18T13:09:14.768+0700] {dagbag.py:588} INFO - Filling up the DagBag from /Users/andreasanditya/Downloads/572392_Andreas_AirflowETL/code/.venv/lib/python3.9/site-packages/airflow/example_dags/example_setup_teardown_taskflow.py
[2026-09-18T13:09:14.815+0700] {processor.py:925} INFO - DAG(s) 'example_setup_teardown_taskflow' retrieved from /Users/andreasanditya/Downloads/572392_Andreas_AirflowETL/code/.venv/lib/python3.9/site-packages/airflow/example_dags/example_setup_teardown_taskflow.py
[2026-09-18T13:09:14.873+0700] {logging_mixin.py:190} INFO - [2026-09-18T13:09:14.873+0700] {dag.py:3239} INFO - Sync 1 DAGs
[2026-09-18T13:09:14.879+0700] {logging_mixin.py:190} INFO - [2026-09-18T13:09:14.879+0700] {dag.py:4180} INFO - Setting next_dagrun for example_setup_teardown_taskflow to None, run_after=None
[2026-09-18T13:09:14.889+0700] {processor.py:208} INFO - Processing /Users/andreasanditya/Downloads/572392_Andreas_AirflowETL/code/.venv/lib/python3.9/site-packages/airflow/example_dags/example_setup_teardown_taskflow.py took 0.124 seconds
[2026-09-18T13:10:41.187+0700] {processor.py:186} INFO - Started process (PID=83910) to work on /Users/andreasanditya/Downloads/572392_Andreas_AirflowETL/code/.venv/lib/python3.9/site-packages/airflow/example_dags/example_setup_teardown_taskflow.py
[2026-09-18T13:10:41.190+0700] {processor.py:914} INFO - Processing file /Users/andreasanditya/Downloads/572392_Andreas_AirflowETL/code/.venv/lib/python3.9/site-packages/airflow/example_dags/example_setup_teardown_taskflow.py for tasks to queue
[2026-09-18T13:10:41.190+0700] {logging_mixin.py:190} INFO - [2026-09-18T13:10:41.190+0700] {dagbag.py:588} INFO - Filling up the DagBag from /Users/andreasanditya/Downloads/572392_Andreas_AirflowETL/code/.venv/lib/python3.9/site-packages/airflow/example_dags/example_setup_teardown_taskflow.py
[2026-09-18T13:10:41.237+0700] {processor.py:925} INFO - DAG(s) 'example_setup_teardown_taskflow' retrieved from /Users/andreasanditya/Downloads/572392_Andreas_AirflowETL/code/.venv/lib/python3.9/site-packages/airflow/example_dags/example_setup_teardown_taskflow.py
[2026-09-18T13:10:41.296+0700] {logging_mixin.py:190} INFO - [2026-09-18T13:10:41.296+0700] {dag.py:3239} INFO - Sync 1 DAGs
[2026-09-18T13:10:41.302+0700] {logging_mixin.py:190} INFO - [2026-09-18T13:10:41.302+0700] {dag.py:4180} INFO - Setting next_dagrun for example_setup_teardown_taskflow to None, run_after=None
[2026-09-18T13:10:41.311+0700] {processor.py:208} INFO - Processing /Users/andreasanditya/Downloads/572392_Andreas_AirflowETL/code/.venv/lib/python3.9/site-packages/airflow/example_dags/example_setup_teardown_taskflow.py took 0.127 seconds
[2026-09-18T13:12:08.245+0700] {processor.py:186} INFO - Started process (PID=84758) to work on /Users/andreasanditya/Downloads/572392_Andreas_AirflowETL/code/.venv/lib/python3.9/site-packages/airflow/example_dags/example_setup_teardown_taskflow.py
[2026-09-18T13:12:08.246+0700] {processor.py:914} INFO - Processing file /Users/andreasanditya/Downloads/572392_Andreas_AirflowETL/code/.venv/lib/python3.9/site-packages/airflow/example_dags/example_setup_teardown_taskflow.py for tasks to queue
[2026-09-18T13:12:08.246+0700] {logging_mixin.py:190} INFO - [2026-09-18T13:12:08.246+0700] {dagbag.py:588} INFO - Filling up the DagBag from /Users/andreasanditya/Downloads/572392_Andreas_AirflowETL/code/.venv/lib/python3.9/site-packages/airflow/example_dags/example_setup_teardown_taskflow.py
[2026-09-18T13:12:08.295+0700] {processor.py:925} INFO - DAG(s) 'example_setup_teardown_taskflow' retrieved from /Users/andreasanditya/Downloads/572392_Andreas_AirflowETL/code/.venv/lib/python3.9/site-packages/airflow/example_dags/example_setup_teardown_taskflow.py
[2026-09-18T13:12:08.356+0700] {logging_mixin.py:190} INFO - [2026-09-18T13:12:08.356+0700] {dag.py:3239} INFO - Sync 1 DAGs
[2026-09-18T13:12:08.362+0700] {logging_mixin.py:190} INFO - [2026-09-18T13:12:08.362+0700] {dag.py:4180} INFO - Setting next_dagrun for example_setup_teardown_taskflow to None, run_after=None
[2026-09-18T13:12:08.375+0700] {processor.py:208} INFO - Processing /Users/andreasanditya/Downloads/572392_Andreas_AirflowETL/code/.venv/lib/python3.9/site-packages/airflow/example_dags/example_setup_teardown_taskflow.py took 0.133 seconds
[2026-09-18T13:13:34.061+0700] {processor.py:186} INFO - Started process (PID=85672) to work on /Users/andreasanditya/Downloads/572392_Andreas_AirflowETL/code/.venv/lib/python3.9/site-packages/airflow/example_dags/example_setup_teardown_taskflow.py
[2026-09-18T13:13:34.063+0700] {processor.py:914} INFO - Processing file /Users/andreasanditya/Downloads/572392_Andreas_AirflowETL/code/.venv/lib/python3.9/site-packages/airflow/example_dags/example_setup_teardown_taskflow.py for tasks to queue
[2026-09-18T13:13:34.063+0700] {logging_mixin.py:190} INFO - [2026-09-18T13:13:34.063+0700] {dagbag.py:588} INFO - Filling up the DagBag from /Users/andreasanditya/Downloads/572392_Andreas_AirflowETL/code/.venv/lib/python3.9/site-packages/airflow/example_dags/example_setup_teardown_taskflow.py
[2026-09-18T13:13:34.109+0700] {processor.py:925} INFO - DAG(s) 'example_setup_teardown_taskflow' retrieved from /Users/andreasanditya/Downloads/572392_Andreas_AirflowETL/code/.venv/lib/python3.9/site-packages/airflow/example_dags/example_setup_teardown_taskflow.py
[2026-09-18T13:13:34.168+0700] {logging_mixin.py:190} INFO - [2026-09-18T13:13:34.167+0700] {dag.py:3239} INFO - Sync 1 DAGs
[2026-09-18T13:13:34.173+0700] {logging_mixin.py:190} INFO - [2026-09-18T13:13:34.173+0700] {dag.py:4180} INFO - Setting next_dagrun for example_setup_teardown_taskflow to None, run_after=None
[2026-09-18T13:13:34.183+0700] {processor.py:208} INFO - Processing /Users/andreasanditya/Downloads/572392_Andreas_AirflowETL/code/.venv/lib/python3.9/site-packages/airflow/example_dags/example_setup_teardown_taskflow.py took 0.124 seconds
[2026-09-18T13:14:59.472+0700] {processor.py:186} INFO - Started process (PID=86506) to work on /Users/andreasanditya/Downloads/572392_Andreas_AirflowETL/code/.venv/lib/python3.9/site-packages/airflow/example_dags/example_setup_teardown_taskflow.py
[2026-09-18T13:14:59.473+0700] {processor.py:914} INFO - Processing file /Users/andreasanditya/Downloads/572392_Andreas_AirflowETL/code/.venv/lib/python3.9/site-packages/airflow/example_dags/example_setup_teardown_taskflow.py for tasks to queue
[2026-09-18T13:14:59.474+0700] {logging_mixin.py:190} INFO - [2026-09-18T13:14:59.474+0700] {dagbag.py:588} INFO - Filling up the DagBag from /Users/andreasanditya/Downloads/572392_Andreas_AirflowETL/code/.venv/lib/python3.9/site-packages/airflow/example_dags/example_setup_teardown_taskflow.py
[2026-09-18T13:14:59.519+0700] {processor.py:925} INFO - DAG(s) 'example_setup_teardown_taskflow' retrieved from /Users/andreasanditya/Downloads/572392_Andreas_AirflowETL/code/.venv/lib/python3.9/site-packages/airflow/example_dags/example_setup_teardown_taskflow.py
[2026-09-18T13:14:59.579+0700] {logging_mixin.py:190} INFO - [2026-09-18T13:14:59.579+0700] {dag.py:3239} INFO - Sync 1 DAGs
[2026-09-18T13:14:59.584+0700] {logging_mixin.py:190} INFO - [2026-09-18T13:14:59.584+0700] {dag.py:4180} INFO - Setting next_dagrun for example_setup_teardown_taskflow to None, run_after=None
[2026-09-18T13:14:59.594+0700] {processor.py:208} INFO - Processing /Users/andreasanditya/Downloads/572392_Andreas_AirflowETL/code/.venv/lib/python3.9/site-packages/airflow/example_dags/example_setup_teardown_taskflow.py took 0.124 seconds
[2026-09-18T13:16:26.878+0700] {processor.py:186} INFO - Started process (PID=87409) to work on /Users/andreasanditya/Downloads/572392_Andreas_AirflowETL/code/.venv/lib/python3.9/site-packages/airflow/example_dags/example_setup_teardown_taskflow.py
[2026-09-18T13:16:26.881+0700] {processor.py:914} INFO - Processing file /Users/andreasanditya/Downloads/572392_Andreas_AirflowETL/code/.venv/lib/python3.9/site-packages/airflow/example_dags/example_setup_teardown_taskflow.py for tasks to queue
[2026-09-18T13:16:26.882+0700] {logging_mixin.py:190} INFO - [2026-09-18T13:16:26.882+0700] {dagbag.py:588} INFO - Filling up the DagBag from /Users/andreasanditya/Downloads/572392_Andreas_AirflowETL/code/.venv/lib/python3.9/site-packages/airflow/example_dags/example_setup_teardown_taskflow.py
[2026-09-18T13:16:26.927+0700] {processor.py:925} INFO - DAG(s) 'example_setup_teardown_taskflow' retrieved from /Users/andreasanditya/Downloads/572392_Andreas_AirflowETL/code/.venv/lib/python3.9/site-packages/airflow/example_dags/example_setup_teardown_taskflow.py
[2026-09-18T13:16:26.986+0700] {logging_mixin.py:190} INFO - [2026-09-18T13:16:26.985+0700] {dag.py:3239} INFO - Sync 1 DAGs
[2026-09-18T13:16:26.991+0700] {logging_mixin.py:190} INFO - [2026-09-18T13:16:26.991+0700] {dag.py:4180} INFO - Setting next_dagrun for example_setup_teardown_taskflow to None, run_after=None
[2026-09-18T13:16:27.001+0700] {processor.py:208} INFO - Processing /Users/andreasanditya/Downloads/572392_Andreas_AirflowETL/code/.venv/lib/python3.9/site-packages/airflow/example_dags/example_setup_teardown_taskflow.py took 0.125 seconds
[2026-09-18T13:17:52.547+0700] {processor.py:186} INFO - Started process (PID=88240) to work on /Users/andreasanditya/Downloads/572392_Andreas_AirflowETL/code/.venv/lib/python3.9/site-packages/airflow/example_dags/example_setup_teardown_taskflow.py
[2026-09-18T13:17:52.548+0700] {processor.py:914} INFO - Processing file /Users/andreasanditya/Downloads/572392_Andreas_AirflowETL/code/.venv/lib/python3.9/site-packages/airflow/example_dags/example_setup_teardown_taskflow.py for tasks to queue
[2026-09-18T13:17:52.548+0700] {logging_mixin.py:190} INFO - [2026-09-18T13:17:52.548+0700] {dagbag.py:588} INFO - Filling up the DagBag from /Users/andreasanditya/Downloads/572392_Andreas_AirflowETL/code/.venv/lib/python3.9/site-packages/airflow/example_dags/example_setup_teardown_taskflow.py
[2026-09-18T13:17:52.594+0700] {processor.py:925} INFO - DAG(s) 'example_setup_teardown_taskflow' retrieved from /Users/andreasanditya/Downloads/572392_Andreas_AirflowETL/code/.venv/lib/python3.9/site-packages/airflow/example_dags/example_setup_teardown_taskflow.py
[2026-09-18T13:17:52.653+0700] {logging_mixin.py:190} INFO - [2026-09-18T13:17:52.653+0700] {dag.py:3239} INFO - Sync 1 DAGs
[2026-09-18T13:17:52.659+0700] {logging_mixin.py:190} INFO - [2026-09-18T13:17:52.659+0700] {dag.py:4180} INFO - Setting next_dagrun for example_setup_teardown_taskflow to None, run_after=None
[2026-09-18T13:17:52.668+0700] {processor.py:208} INFO - Processing /Users/andreasanditya/Downloads/572392_Andreas_AirflowETL/code/.venv/lib/python3.9/site-packages/airflow/example_dags/example_setup_teardown_taskflow.py took 0.123 seconds
[2026-09-18T13:19:18.222+0700] {processor.py:186} INFO - Started process (PID=89162) to work on /Users/andreasanditya/Downloads/572392_Andreas_AirflowETL/code/.venv/lib/python3.9/site-packages/airflow/example_dags/example_setup_teardown_taskflow.py
[2026-09-18T13:19:18.223+0700] {processor.py:914} INFO - Processing file /Users/andreasanditya/Downloads/572392_Andreas_AirflowETL/code/.venv/lib/python3.9/site-packages/airflow/example_dags/example_setup_teardown_taskflow.py for tasks to queue
[2026-09-18T13:19:18.224+0700] {logging_mixin.py:190} INFO - [2026-09-18T13:19:18.224+0700] {dagbag.py:588} INFO - Filling up the DagBag from /Users/andreasanditya/Downloads/572392_Andreas_AirflowETL/code/.venv/lib/python3.9/site-packages/airflow/example_dags/example_setup_teardown_taskflow.py
[2026-09-18T13:19:18.269+0700] {processor.py:925} INFO - DAG(s) 'example_setup_teardown_taskflow' retrieved from /Users/andreasanditya/Downloads/572392_Andreas_AirflowETL/code/.venv/lib/python3.9/site-packages/airflow/example_dags/example_setup_teardown_taskflow.py
[2026-09-18T13:19:18.328+0700] {logging_mixin.py:190} INFO - [2026-09-18T13:19:18.328+0700] {dag.py:3239} INFO - Sync 1 DAGs
[2026-09-18T13:19:18.334+0700] {logging_mixin.py:190} INFO - [2026-09-18T13:19:18.334+0700] {dag.py:4180} INFO - Setting next_dagrun for example_setup_teardown_taskflow to None, run_after=None
[2026-09-18T13:19:18.344+0700] {processor.py:208} INFO - Processing /Users/andreasanditya/Downloads/572392_Andreas_AirflowETL/code/.venv/lib/python3.9/site-packages/airflow/example_dags/example_setup_teardown_taskflow.py took 0.124 seconds
[2026-09-18T13:20:43.058+0700] {processor.py:186} INFO - Started process (PID=89990) to work on /Users/andreasanditya/Downloads/572392_Andreas_AirflowETL/code/.venv/lib/python3.9/site-packages/airflow/example_dags/example_setup_teardown_taskflow.py
[2026-09-18T13:20:43.058+0700] {processor.py:914} INFO - Processing file /Users/andreasanditya/Downloads/572392_Andreas_AirflowETL/code/.venv/lib/python3.9/site-packages/airflow/example_dags/example_setup_teardown_taskflow.py for tasks to queue
[2026-09-18T13:20:43.059+0700] {logging_mixin.py:190} INFO - [2026-09-18T13:20:43.059+0700] {dagbag.py:588} INFO - Filling up the DagBag from /Users/andreasanditya/Downloads/572392_Andreas_AirflowETL/code/.venv/lib/python3.9/site-packages/airflow/example_dags/example_setup_teardown_taskflow.py
[2026-09-18T13:20:43.105+0700] {processor.py:925} INFO - DAG(s) 'example_setup_teardown_taskflow' retrieved from /Users/andreasanditya/Downloads/572392_Andreas_AirflowETL/code/.venv/lib/python3.9/site-packages/airflow/example_dags/example_setup_teardown_taskflow.py
[2026-09-18T13:20:43.165+0700] {logging_mixin.py:190} INFO - [2026-09-18T13:20:43.165+0700] {dag.py:3239} INFO - Sync 1 DAGs
[2026-09-18T13:20:43.171+0700] {logging_mixin.py:190} INFO - [2026-09-18T13:20:43.171+0700] {dag.py:4180} INFO - Setting next_dagrun for example_setup_teardown_taskflow to None, run_after=None
[2026-09-18T13:20:43.181+0700] {processor.py:208} INFO - Processing /Users/andreasanditya/Downloads/572392_Andreas_AirflowETL/code/.venv/lib/python3.9/site-packages/airflow/example_dags/example_setup_teardown_taskflow.py took 0.125 seconds
[2026-09-18T13:22:07.574+0700] {processor.py:186} INFO - Started process (PID=90814) to work on /Users/andreasanditya/Downloads/572392_Andreas_AirflowETL/code/.venv/lib/python3.9/site-packages/airflow/example_dags/example_setup_teardown_taskflow.py
[2026-09-18T13:22:07.575+0700] {processor.py:914} INFO - Processing file /Users/andreasanditya/Downloads/572392_Andreas_AirflowETL/code/.venv/lib/python3.9/site-packages/airflow/example_dags/example_setup_teardown_taskflow.py for tasks to queue
[2026-09-18T13:22:07.575+0700] {logging_mixin.py:190} INFO - [2026-09-18T13:22:07.575+0700] {dagbag.py:588} INFO - Filling up the DagBag from /Users/andreasanditya/Downloads/572392_Andreas_AirflowETL/code/.venv/lib/python3.9/site-packages/airflow/example_dags/example_setup_teardown_taskflow.py
[2026-09-18T13:22:07.622+0700] {processor.py:925} INFO - DAG(s) 'example_setup_teardown_taskflow' retrieved from /Users/andreasanditya/Downloads/572392_Andreas_AirflowETL/code/.venv/lib/python3.9/site-packages/airflow/example_dags/example_setup_teardown_taskflow.py
[2026-09-18T13:22:07.681+0700] {logging_mixin.py:190} INFO - [2026-09-18T13:22:07.681+0700] {dag.py:3239} INFO - Sync 1 DAGs
[2026-09-18T13:22:07.687+0700] {logging_mixin.py:190} INFO - [2026-09-18T13:22:07.686+0700] {dag.py:4180} INFO - Setting next_dagrun for example_setup_teardown_taskflow to None, run_after=None
[2026-09-18T13:22:07.696+0700] {processor.py:208} INFO - Processing /Users/andreasanditya/Downloads/572392_Andreas_AirflowETL/code/.venv/lib/python3.9/site-packages/airflow/example_dags/example_setup_teardown_taskflow.py took 0.125 seconds
[2026-09-18T13:23:28.664+0700] {processor.py:186} INFO - Started process (PID=91642) to work on /Users/andreasanditya/Downloads/572392_Andreas_AirflowETL/code/.venv/lib/python3.9/site-packages/airflow/example_dags/example_setup_teardown_taskflow.py
[2026-09-18T13:23:28.666+0700] {processor.py:914} INFO - Processing file /Users/andreasanditya/Downloads/572392_Andreas_AirflowETL/code/.venv/lib/python3.9/site-packages/airflow/example_dags/example_setup_teardown_taskflow.py for tasks to queue
[2026-09-18T13:23:28.667+0700] {logging_mixin.py:190} INFO - [2026-09-18T13:23:28.666+0700] {dagbag.py:588} INFO - Filling up the DagBag from /Users/andreasanditya/Downloads/572392_Andreas_AirflowETL/code/.venv/lib/python3.9/site-packages/airflow/example_dags/example_setup_teardown_taskflow.py
[2026-09-18T13:23:28.712+0700] {processor.py:925} INFO - DAG(s) 'example_setup_teardown_taskflow' retrieved from /Users/andreasanditya/Downloads/572392_Andreas_AirflowETL/code/.venv/lib/python3.9/site-packages/airflow/example_dags/example_setup_teardown_taskflow.py
[2026-09-18T13:23:28.772+0700] {logging_mixin.py:190} INFO - [2026-09-18T13:23:28.772+0700] {dag.py:3239} INFO - Sync 1 DAGs
[2026-09-18T13:23:28.778+0700] {logging_mixin.py:190} INFO - [2026-09-18T13:23:28.778+0700] {dag.py:4180} INFO - Setting next_dagrun for example_setup_teardown_taskflow to None, run_after=None
[2026-09-18T13:23:28.788+0700] {processor.py:208} INFO - Processing /Users/andreasanditya/Downloads/572392_Andreas_AirflowETL/code/.venv/lib/python3.9/site-packages/airflow/example_dags/example_setup_teardown_taskflow.py took 0.126 seconds
[2026-09-18T13:24:53.685+0700] {processor.py:186} INFO - Started process (PID=92606) to work on /Users/andreasanditya/Downloads/572392_Andreas_AirflowETL/code/.venv/lib/python3.9/site-packages/airflow/example_dags/example_setup_teardown_taskflow.py
[2026-09-18T13:24:53.686+0700] {processor.py:914} INFO - Processing file /Users/andreasanditya/Downloads/572392_Andreas_AirflowETL/code/.venv/lib/python3.9/site-packages/airflow/example_dags/example_setup_teardown_taskflow.py for tasks to queue
[2026-09-18T13:24:53.686+0700] {logging_mixin.py:190} INFO - [2026-09-18T13:24:53.686+0700] {dagbag.py:588} INFO - Filling up the DagBag from /Users/andreasanditya/Downloads/572392_Andreas_AirflowETL/code/.venv/lib/python3.9/site-packages/airflow/example_dags/example_setup_teardown_taskflow.py
[2026-09-18T13:24:53.734+0700] {processor.py:925} INFO - DAG(s) 'example_setup_teardown_taskflow' retrieved from /Users/andreasanditya/Downloads/572392_Andreas_AirflowETL/code/.venv/lib/python3.9/site-packages/airflow/example_dags/example_setup_teardown_taskflow.py
[2026-09-18T13:24:53.793+0700] {logging_mixin.py:190} INFO - [2026-09-18T13:24:53.793+0700] {dag.py:3239} INFO - Sync 1 DAGs
[2026-09-18T13:24:53.799+0700] {logging_mixin.py:190} INFO - [2026-09-18T13:24:53.799+0700] {dag.py:4180} INFO - Setting next_dagrun for example_setup_teardown_taskflow to None, run_after=None
[2026-09-18T13:24:53.809+0700] {processor.py:208} INFO - Processing /Users/andreasanditya/Downloads/572392_Andreas_AirflowETL/code/.venv/lib/python3.9/site-packages/airflow/example_dags/example_setup_teardown_taskflow.py took 0.126 seconds
[2026-09-18T13:26:19.625+0700] {processor.py:186} INFO - Started process (PID=93555) to work on /Users/andreasanditya/Downloads/572392_Andreas_AirflowETL/code/.venv/lib/python3.9/site-packages/airflow/example_dags/example_setup_teardown_taskflow.py
[2026-09-18T13:26:19.626+0700] {processor.py:914} INFO - Processing file /Users/andreasanditya/Downloads/572392_Andreas_AirflowETL/code/.venv/lib/python3.9/site-packages/airflow/example_dags/example_setup_teardown_taskflow.py for tasks to queue
[2026-09-18T13:26:19.627+0700] {logging_mixin.py:190} INFO - [2026-09-18T13:26:19.627+0700] {dagbag.py:588} INFO - Filling up the DagBag from /Users/andreasanditya/Downloads/572392_Andreas_AirflowETL/code/.venv/lib/python3.9/site-packages/airflow/example_dags/example_setup_teardown_taskflow.py
[2026-09-18T13:26:19.680+0700] {processor.py:925} INFO - DAG(s) 'example_setup_teardown_taskflow' retrieved from /Users/andreasanditya/Downloads/572392_Andreas_AirflowETL/code/.venv/lib/python3.9/site-packages/airflow/example_dags/example_setup_teardown_taskflow.py
[2026-09-18T13:26:19.743+0700] {logging_mixin.py:190} INFO - [2026-09-18T13:26:19.743+0700] {dag.py:3239} INFO - Sync 1 DAGs
[2026-09-18T13:26:19.749+0700] {logging_mixin.py:190} INFO - [2026-09-18T13:26:19.749+0700] {dag.py:4180} INFO - Setting next_dagrun for example_setup_teardown_taskflow to None, run_after=None
[2026-09-18T13:26:19.759+0700] {processor.py:208} INFO - Processing /Users/andreasanditya/Downloads/572392_Andreas_AirflowETL/code/.venv/lib/python3.9/site-packages/airflow/example_dags/example_setup_teardown_taskflow.py took 0.136 seconds
[2026-09-18T13:27:50.537+0700] {processor.py:186} INFO - Started process (PID=94569) to work on /Users/andreasanditya/Downloads/572392_Andreas_AirflowETL/code/.venv/lib/python3.9/site-packages/airflow/example_dags/example_setup_teardown_taskflow.py
[2026-09-18T13:27:50.538+0700] {processor.py:914} INFO - Processing file /Users/andreasanditya/Downloads/572392_Andreas_AirflowETL/code/.venv/lib/python3.9/site-packages/airflow/example_dags/example_setup_teardown_taskflow.py for tasks to queue
[2026-09-18T13:27:50.538+0700] {logging_mixin.py:190} INFO - [2026-09-18T13:27:50.538+0700] {dagbag.py:588} INFO - Filling up the DagBag from /Users/andreasanditya/Downloads/572392_Andreas_AirflowETL/code/.venv/lib/python3.9/site-packages/airflow/example_dags/example_setup_teardown_taskflow.py
[2026-09-18T13:27:50.586+0700] {processor.py:925} INFO - DAG(s) 'example_setup_teardown_taskflow' retrieved from /Users/andreasanditya/Downloads/572392_Andreas_AirflowETL/code/.venv/lib/python3.9/site-packages/airflow/example_dags/example_setup_teardown_taskflow.py
[2026-09-18T13:27:50.646+0700] {logging_mixin.py:190} INFO - [2026-09-18T13:27:50.646+0700] {dag.py:3239} INFO - Sync 1 DAGs
[2026-09-18T13:27:50.652+0700] {logging_mixin.py:190} INFO - [2026-09-18T13:27:50.652+0700] {dag.py:4180} INFO - Setting next_dagrun for example_setup_teardown_taskflow to None, run_after=None
[2026-09-18T13:27:50.662+0700] {processor.py:208} INFO - Processing /Users/andreasanditya/Downloads/572392_Andreas_AirflowETL/code/.venv/lib/python3.9/site-packages/airflow/example_dags/example_setup_teardown_taskflow.py took 0.127 seconds
[2026-09-18T13:29:20.344+0700] {processor.py:186} INFO - Started process (PID=95503) to work on /Users/andreasanditya/Downloads/572392_Andreas_AirflowETL/code/.venv/lib/python3.9/site-packages/airflow/example_dags/example_setup_teardown_taskflow.py
[2026-09-18T13:29:20.345+0700] {processor.py:914} INFO - Processing file /Users/andreasanditya/Downloads/572392_Andreas_AirflowETL/code/.venv/lib/python3.9/site-packages/airflow/example_dags/example_setup_teardown_taskflow.py for tasks to queue
[2026-09-18T13:29:20.346+0700] {logging_mixin.py:190} INFO - [2026-09-18T13:29:20.345+0700] {dagbag.py:588} INFO - Filling up the DagBag from /Users/andreasanditya/Downloads/572392_Andreas_AirflowETL/code/.venv/lib/python3.9/site-packages/airflow/example_dags/example_setup_teardown_taskflow.py
[2026-09-18T13:29:20.396+0700] {processor.py:925} INFO - DAG(s) 'example_setup_teardown_taskflow' retrieved from /Users/andreasanditya/Downloads/572392_Andreas_AirflowETL/code/.venv/lib/python3.9/site-packages/airflow/example_dags/example_setup_teardown_taskflow.py
[2026-09-18T13:29:20.456+0700] {logging_mixin.py:190} INFO - [2026-09-18T13:29:20.456+0700] {dag.py:3239} INFO - Sync 1 DAGs
[2026-09-18T13:29:20.462+0700] {logging_mixin.py:190} INFO - [2026-09-18T13:29:20.462+0700] {dag.py:4180} INFO - Setting next_dagrun for example_setup_teardown_taskflow to None, run_after=None
[2026-09-18T13:29:20.472+0700] {processor.py:208} INFO - Processing /Users/andreasanditya/Downloads/572392_Andreas_AirflowETL/code/.venv/lib/python3.9/site-packages/airflow/example_dags/example_setup_teardown_taskflow.py took 0.130 seconds
[2026-09-18T13:30:50.670+0700] {processor.py:186} INFO - Started process (PID=96620) to work on /Users/andreasanditya/Downloads/572392_Andreas_AirflowETL/code/.venv/lib/python3.9/site-packages/airflow/example_dags/example_setup_teardown_taskflow.py
[2026-09-18T13:30:50.671+0700] {processor.py:914} INFO - Processing file /Users/andreasanditya/Downloads/572392_Andreas_AirflowETL/code/.venv/lib/python3.9/site-packages/airflow/example_dags/example_setup_teardown_taskflow.py for tasks to queue
[2026-09-18T13:30:50.672+0700] {logging_mixin.py:190} INFO - [2026-09-18T13:30:50.672+0700] {dagbag.py:588} INFO - Filling up the DagBag from /Users/andreasanditya/Downloads/572392_Andreas_AirflowETL/code/.venv/lib/python3.9/site-packages/airflow/example_dags/example_setup_teardown_taskflow.py
[2026-09-18T13:30:50.720+0700] {processor.py:925} INFO - DAG(s) 'example_setup_teardown_taskflow' retrieved from /Users/andreasanditya/Downloads/572392_Andreas_AirflowETL/code/.venv/lib/python3.9/site-packages/airflow/example_dags/example_setup_teardown_taskflow.py
[2026-09-18T13:30:50.780+0700] {logging_mixin.py:190} INFO - [2026-09-18T13:30:50.780+0700] {dag.py:3239} INFO - Sync 1 DAGs
[2026-09-18T13:30:50.787+0700] {logging_mixin.py:190} INFO - [2026-09-18T13:30:50.787+0700] {dag.py:4180} INFO - Setting next_dagrun for example_setup_teardown_taskflow to None, run_after=None
[2026-09-18T13:30:50.797+0700] {processor.py:208} INFO - Processing /Users/andreasanditya/Downloads/572392_Andreas_AirflowETL/code/.venv/lib/python3.9/site-packages/airflow/example_dags/example_setup_teardown_taskflow.py took 0.129 seconds
[2026-09-18T13:32:19.991+0700] {processor.py:186} INFO - Started process (PID=97591) to work on /Users/andreasanditya/Downloads/572392_Andreas_AirflowETL/code/.venv/lib/python3.9/site-packages/airflow/example_dags/example_setup_teardown_taskflow.py
[2026-09-18T13:32:19.992+0700] {processor.py:914} INFO - Processing file /Users/andreasanditya/Downloads/572392_Andreas_AirflowETL/code/.venv/lib/python3.9/site-packages/airflow/example_dags/example_setup_teardown_taskflow.py for tasks to queue
[2026-09-18T13:32:19.993+0700] {logging_mixin.py:190} INFO - [2026-09-18T13:32:19.993+0700] {dagbag.py:588} INFO - Filling up the DagBag from /Users/andreasanditya/Downloads/572392_Andreas_AirflowETL/code/.venv/lib/python3.9/site-packages/airflow/example_dags/example_setup_teardown_taskflow.py
[2026-09-18T13:32:20.039+0700] {processor.py:925} INFO - DAG(s) 'example_setup_teardown_taskflow' retrieved from /Users/andreasanditya/Downloads/572392_Andreas_AirflowETL/code/.venv/lib/python3.9/site-packages/airflow/example_dags/example_setup_teardown_taskflow.py
[2026-09-18T13:32:20.098+0700] {logging_mixin.py:190} INFO - [2026-09-18T13:32:20.098+0700] {dag.py:3239} INFO - Sync 1 DAGs
[2026-09-18T13:32:20.104+0700] {logging_mixin.py:190} INFO - [2026-09-18T13:32:20.104+0700] {dag.py:4180} INFO - Setting next_dagrun for example_setup_teardown_taskflow to None, run_after=None
[2026-09-18T13:32:20.114+0700] {processor.py:208} INFO - Processing /Users/andreasanditya/Downloads/572392_Andreas_AirflowETL/code/.venv/lib/python3.9/site-packages/airflow/example_dags/example_setup_teardown_taskflow.py took 0.125 seconds
[2026-09-18T13:33:46.798+0700] {processor.py:186} INFO - Started process (PID=98434) to work on /Users/andreasanditya/Downloads/572392_Andreas_AirflowETL/code/.venv/lib/python3.9/site-packages/airflow/example_dags/example_setup_teardown_taskflow.py
[2026-09-18T13:33:46.799+0700] {processor.py:914} INFO - Processing file /Users/andreasanditya/Downloads/572392_Andreas_AirflowETL/code/.venv/lib/python3.9/site-packages/airflow/example_dags/example_setup_teardown_taskflow.py for tasks to queue
[2026-09-18T13:33:46.800+0700] {logging_mixin.py:190} INFO - [2026-09-18T13:33:46.800+0700] {dagbag.py:588} INFO - Filling up the DagBag from /Users/andreasanditya/Downloads/572392_Andreas_AirflowETL/code/.venv/lib/python3.9/site-packages/airflow/example_dags/example_setup_teardown_taskflow.py
[2026-09-18T13:33:46.846+0700] {processor.py:925} INFO - DAG(s) 'example_setup_teardown_taskflow' retrieved from /Users/andreasanditya/Downloads/572392_Andreas_AirflowETL/code/.venv/lib/python3.9/site-packages/airflow/example_dags/example_setup_teardown_taskflow.py
[2026-09-18T13:33:46.905+0700] {logging_mixin.py:190} INFO - [2026-09-18T13:33:46.904+0700] {dag.py:3239} INFO - Sync 1 DAGs
[2026-09-18T13:33:46.910+0700] {logging_mixin.py:190} INFO - [2026-09-18T13:33:46.910+0700] {dag.py:4180} INFO - Setting next_dagrun for example_setup_teardown_taskflow to None, run_after=None
[2026-09-18T13:33:46.920+0700] {processor.py:208} INFO - Processing /Users/andreasanditya/Downloads/572392_Andreas_AirflowETL/code/.venv/lib/python3.9/site-packages/airflow/example_dags/example_setup_teardown_taskflow.py took 0.124 seconds
[2026-09-18T13:35:15.634+0700] {processor.py:186} INFO - Started process (PID=99374) to work on /Users/andreasanditya/Downloads/572392_Andreas_AirflowETL/code/.venv/lib/python3.9/site-packages/airflow/example_dags/example_setup_teardown_taskflow.py
[2026-09-18T13:35:15.635+0700] {processor.py:914} INFO - Processing file /Users/andreasanditya/Downloads/572392_Andreas_AirflowETL/code/.venv/lib/python3.9/site-packages/airflow/example_dags/example_setup_teardown_taskflow.py for tasks to queue
[2026-09-18T13:35:15.636+0700] {logging_mixin.py:190} INFO - [2026-09-18T13:35:15.635+0700] {dagbag.py:588} INFO - Filling up the DagBag from /Users/andreasanditya/Downloads/572392_Andreas_AirflowETL/code/.venv/lib/python3.9/site-packages/airflow/example_dags/example_setup_teardown_taskflow.py
[2026-09-18T13:35:15.685+0700] {processor.py:925} INFO - DAG(s) 'example_setup_teardown_taskflow' retrieved from /Users/andreasanditya/Downloads/572392_Andreas_AirflowETL/code/.venv/lib/python3.9/site-packages/airflow/example_dags/example_setup_teardown_taskflow.py
[2026-09-18T13:35:15.745+0700] {logging_mixin.py:190} INFO - [2026-09-18T13:35:15.745+0700] {dag.py:3239} INFO - Sync 1 DAGs
[2026-09-18T13:35:15.751+0700] {logging_mixin.py:190} INFO - [2026-09-18T13:35:15.751+0700] {dag.py:4180} INFO - Setting next_dagrun for example_setup_teardown_taskflow to None, run_after=None
[2026-09-18T13:35:15.762+0700] {processor.py:208} INFO - Processing /Users/andreasanditya/Downloads/572392_Andreas_AirflowETL/code/.venv/lib/python3.9/site-packages/airflow/example_dags/example_setup_teardown_taskflow.py took 0.130 seconds
[2026-09-18T13:36:41.891+0700] {processor.py:186} INFO - Started process (PID=312) to work on /Users/andreasanditya/Downloads/572392_Andreas_AirflowETL/code/.venv/lib/python3.9/site-packages/airflow/example_dags/example_setup_teardown_taskflow.py
[2026-09-18T13:36:41.892+0700] {processor.py:914} INFO - Processing file /Users/andreasanditya/Downloads/572392_Andreas_AirflowETL/code/.venv/lib/python3.9/site-packages/airflow/example_dags/example_setup_teardown_taskflow.py for tasks to queue
[2026-09-18T13:36:41.893+0700] {logging_mixin.py:190} INFO - [2026-09-18T13:36:41.893+0700] {dagbag.py:588} INFO - Filling up the DagBag from /Users/andreasanditya/Downloads/572392_Andreas_AirflowETL/code/.venv/lib/python3.9/site-packages/airflow/example_dags/example_setup_teardown_taskflow.py
[2026-09-18T13:36:41.943+0700] {processor.py:925} INFO - DAG(s) 'example_setup_teardown_taskflow' retrieved from /Users/andreasanditya/Downloads/572392_Andreas_AirflowETL/code/.venv/lib/python3.9/site-packages/airflow/example_dags/example_setup_teardown_taskflow.py
[2026-09-18T13:36:42.004+0700] {logging_mixin.py:190} INFO - [2026-09-18T13:36:42.003+0700] {dag.py:3239} INFO - Sync 1 DAGs
[2026-09-18T13:36:42.009+0700] {logging_mixin.py:190} INFO - [2026-09-18T13:36:42.009+0700] {dag.py:4180} INFO - Setting next_dagrun for example_setup_teardown_taskflow to None, run_after=None
[2026-09-18T13:36:42.020+0700] {processor.py:208} INFO - Processing /Users/andreasanditya/Downloads/572392_Andreas_AirflowETL/code/.venv/lib/python3.9/site-packages/airflow/example_dags/example_setup_teardown_taskflow.py took 0.131 seconds
[2026-09-18T13:38:09.222+0700] {processor.py:186} INFO - Started process (PID=1422) to work on /Users/andreasanditya/Downloads/572392_Andreas_AirflowETL/code/.venv/lib/python3.9/site-packages/airflow/example_dags/example_setup_teardown_taskflow.py
[2026-09-18T13:38:09.223+0700] {processor.py:914} INFO - Processing file /Users/andreasanditya/Downloads/572392_Andreas_AirflowETL/code/.venv/lib/python3.9/site-packages/airflow/example_dags/example_setup_teardown_taskflow.py for tasks to queue
[2026-09-18T13:38:09.224+0700] {logging_mixin.py:190} INFO - [2026-09-18T13:38:09.224+0700] {dagbag.py:588} INFO - Filling up the DagBag from /Users/andreasanditya/Downloads/572392_Andreas_AirflowETL/code/.venv/lib/python3.9/site-packages/airflow/example_dags/example_setup_teardown_taskflow.py
[2026-09-18T13:38:09.273+0700] {processor.py:925} INFO - DAG(s) 'example_setup_teardown_taskflow' retrieved from /Users/andreasanditya/Downloads/572392_Andreas_AirflowETL/code/.venv/lib/python3.9/site-packages/airflow/example_dags/example_setup_teardown_taskflow.py
[2026-09-18T13:38:09.334+0700] {logging_mixin.py:190} INFO - [2026-09-18T13:38:09.334+0700] {dag.py:3239} INFO - Sync 1 DAGs
[2026-09-18T13:38:09.340+0700] {logging_mixin.py:190} INFO - [2026-09-18T13:38:09.340+0700] {dag.py:4180} INFO - Setting next_dagrun for example_setup_teardown_taskflow to None, run_after=None
[2026-09-18T13:38:09.350+0700] {processor.py:208} INFO - Processing /Users/andreasanditya/Downloads/572392_Andreas_AirflowETL/code/.venv/lib/python3.9/site-packages/airflow/example_dags/example_setup_teardown_taskflow.py took 0.130 seconds
