[2026-09-18T11:17:09.484+0700] {processor.py:186} INFO - Started process (PID=10469) to work on /Users/andreasanditya/Downloads/572392_Andreas_AirflowETL/code/.venv/lib/python3.9/site-packages/airflow/example_dags/example_task_group.py
[2026-09-18T11:17:09.485+0700] {processor.py:914} INFO - Processing file /Users/andreasanditya/Downloads/572392_Andreas_AirflowETL/code/.venv/lib/python3.9/site-packages/airflow/example_dags/example_task_group.py for tasks to queue
[2026-09-18T11:17:09.486+0700] {logging_mixin.py:190} INFO - [2026-09-18T11:17:09.485+0700] {dagbag.py:588} INFO - Filling up the DagBag from /Users/andreasanditya/Downloads/572392_Andreas_AirflowETL/code/.venv/lib/python3.9/site-packages/airflow/example_dags/example_task_group.py
[2026-09-18T11:17:09.496+0700] {processor.py:925} INFO - DAG(s) 'example_task_group' retrieved from /Users/andreasanditya/Downloads/572392_Andreas_AirflowETL/code/.venv/lib/python3.9/site-packages/airflow/example_dags/example_task_group.py
[2026-09-18T11:17:09.636+0700] {logging_mixin.py:190} INFO - [2026-09-18T11:17:09.636+0700] {override.py:1912} INFO - Created Permission View: can read on DAG:example_task_group
[2026-09-18T11:17:09.640+0700] {logging_mixin.py:190} INFO - [2026-09-18T11:17:09.640+0700] {override.py:1912} INFO - Created Permission View: can delete on DAG:example_task_group
[2026-09-18T11:17:09.643+0700] {logging_mixin.py:190} INFO - [2026-09-18T11:17:09.643+0700] {override.py:1912} INFO - Created Permission View: can edit on DAG:example_task_group
[2026-09-18T11:17:09.647+0700] {logging_mixin.py:190} INFO - [2026-09-18T11:17:09.647+0700] {override.py:1912} INFO - Created Permission View: can create on DAG Run:example_task_group
[2026-09-18T11:17:09.650+0700] {logging_mixin.py:190} INFO - [2026-09-18T11:17:09.650+0700] {override.py:1912} INFO - Created Permission View: can read on DAG Run:example_task_group
[2026-09-18T11:17:09.653+0700] {logging_mixin.py:190} INFO - [2026-09-18T11:17:09.653+0700] {override.py:1912} INFO - Created Permission View: can delete on DAG Run:example_task_group
[2026-09-18T11:17:09.656+0700] {logging_mixin.py:190} INFO - [2026-09-18T11:17:09.656+0700] {override.py:1912} INFO - Created Permission View: menu access on DAG Run:example_task_group
[2026-09-18T11:17:09.656+0700] {logging_mixin.py:190} INFO - [2026-09-18T11:17:09.656+0700] {dag.py:3239} INFO - Sync 1 DAGs
[2026-09-18T11:17:09.662+0700] {logging_mixin.py:190} INFO - [2026-09-18T11:17:09.662+0700] {dag.py:3262} INFO - Creating ORM DAG for example_task_group
[2026-09-18T11:17:09.663+0700] {logging_mixin.py:190} INFO - [2026-09-18T11:17:09.663+0700] {dag.py:4180} INFO - Setting next_dagrun for example_task_group to None, run_after=None
[2026-09-18T11:17:09.671+0700] {processor.py:208} INFO - Processing /Users/andreasanditya/Downloads/572392_Andreas_AirflowETL/code/.venv/lib/python3.9/site-packages/airflow/example_dags/example_task_group.py took 0.189 seconds
[2026-09-18T11:19:26.867+0700] {processor.py:186} INFO - Started process (PID=11967) to work on /Users/andreasanditya/Downloads/572392_Andreas_AirflowETL/code/.venv/lib/python3.9/site-packages/airflow/example_dags/example_task_group.py
[2026-09-18T11:19:26.868+0700] {processor.py:914} INFO - Processing file /Users/andreasanditya/Downloads/572392_Andreas_AirflowETL/code/.venv/lib/python3.9/site-packages/airflow/example_dags/example_task_group.py for tasks to queue
[2026-09-18T11:19:26.869+0700] {logging_mixin.py:190} INFO - [2026-09-18T11:19:26.869+0700] {dagbag.py:588} INFO - Filling up the DagBag from /Users/andreasanditya/Downloads/572392_Andreas_AirflowETL/code/.venv/lib/python3.9/site-packages/airflow/example_dags/example_task_group.py
[2026-09-18T11:19:26.874+0700] {processor.py:925} INFO - DAG(s) 'example_task_group' retrieved from /Users/andreasanditya/Downloads/572392_Andreas_AirflowETL/code/.venv/lib/python3.9/site-packages/airflow/example_dags/example_task_group.py
[2026-09-18T11:19:26.963+0700] {logging_mixin.py:190} INFO - [2026-09-18T11:19:26.963+0700] {dag.py:3239} INFO - Sync 1 DAGs
[2026-09-18T11:19:26.970+0700] {logging_mixin.py:190} INFO - [2026-09-18T11:19:26.970+0700] {dag.py:4180} INFO - Setting next_dagrun for example_task_group to None, run_after=None
[2026-09-18T11:19:26.980+0700] {processor.py:208} INFO - Processing /Users/andreasanditya/Downloads/572392_Andreas_AirflowETL/code/.venv/lib/python3.9/site-packages/airflow/example_dags/example_task_group.py took 0.115 seconds
[2026-09-18T11:20:59.300+0700] {processor.py:186} INFO - Started process (PID=12938) to work on /Users/andreasanditya/Downloads/572392_Andreas_AirflowETL/code/.venv/lib/python3.9/site-packages/airflow/example_dags/example_task_group.py
[2026-09-18T11:20:59.302+0700] {processor.py:914} INFO - Processing file /Users/andreasanditya/Downloads/572392_Andreas_AirflowETL/code/.venv/lib/python3.9/site-packages/airflow/example_dags/example_task_group.py for tasks to queue
[2026-09-18T11:20:59.302+0700] {logging_mixin.py:190} INFO - [2026-09-18T11:20:59.302+0700] {dagbag.py:588} INFO - Filling up the DagBag from /Users/andreasanditya/Downloads/572392_Andreas_AirflowETL/code/.venv/lib/python3.9/site-packages/airflow/example_dags/example_task_group.py
[2026-09-18T11:20:59.308+0700] {processor.py:925} INFO - DAG(s) 'example_task_group' retrieved from /Users/andreasanditya/Downloads/572392_Andreas_AirflowETL/code/.venv/lib/python3.9/site-packages/airflow/example_dags/example_task_group.py
[2026-09-18T11:20:59.401+0700] {logging_mixin.py:190} INFO - [2026-09-18T11:20:59.401+0700] {dag.py:3239} INFO - Sync 1 DAGs
[2026-09-18T11:20:59.409+0700] {logging_mixin.py:190} INFO - [2026-09-18T11:20:59.409+0700] {dag.py:4180} INFO - Setting next_dagrun for example_task_group to None, run_after=None
[2026-09-18T11:20:59.420+0700] {processor.py:208} INFO - Processing /Users/andreasanditya/Downloads/572392_Andreas_AirflowETL/code/.venv/lib/python3.9/site-packages/airflow/example_dags/example_task_group.py took 0.122 seconds
[2026-09-18T11:22:58.966+0700] {processor.py:186} INFO - Started process (PID=14283) to work on /Users/andreasanditya/Downloads/572392_Andreas_AirflowETL/code/.venv/lib/python3.9/site-packages/airflow/example_dags/example_task_group.py
[2026-09-18T11:22:58.967+0700] {processor.py:914} INFO - Processing file /Users/andreasanditya/Downloads/572392_Andreas_AirflowETL/code/.venv/lib/python3.9/site-packages/airflow/example_dags/example_task_group.py for tasks to queue
[2026-09-18T11:22:58.967+0700] {logging_mixin.py:190} INFO - [2026-09-18T11:22:58.967+0700] {dagbag.py:588} INFO - Filling up the DagBag from /Users/andreasanditya/Downloads/572392_Andreas_AirflowETL/code/.venv/lib/python3.9/site-packages/airflow/example_dags/example_task_group.py
[2026-09-18T11:22:58.973+0700] {processor.py:925} INFO - DAG(s) 'example_task_group' retrieved from /Users/andreasanditya/Downloads/572392_Andreas_AirflowETL/code/.venv/lib/python3.9/site-packages/airflow/example_dags/example_task_group.py
[2026-09-18T11:22:59.070+0700] {logging_mixin.py:190} INFO - [2026-09-18T11:22:59.070+0700] {dag.py:3239} INFO - Sync 1 DAGs
[2026-09-18T11:22:59.077+0700] {logging_mixin.py:190} INFO - [2026-09-18T11:22:59.077+0700] {dag.py:4180} INFO - Setting next_dagrun for example_task_group to None, run_after=None
[2026-09-18T11:22:59.088+0700] {processor.py:208} INFO - Processing /Users/andreasanditya/Downloads/572392_Andreas_AirflowETL/code/.venv/lib/python3.9/site-packages/airflow/example_dags/example_task_group.py took 0.125 seconds
[2026-09-18T11:24:24.753+0700] {processor.py:186} INFO - Started process (PID=15257) to work on /Users/andreasanditya/Downloads/572392_Andreas_AirflowETL/code/.venv/lib/python3.9/site-packages/airflow/example_dags/example_task_group.py
[2026-09-18T11:24:24.754+0700] {processor.py:914} INFO - Processing file /Users/andreasanditya/Downloads/572392_Andreas_AirflowETL/code/.venv/lib/python3.9/site-packages/airflow/example_dags/example_task_group.py for tasks to queue
[2026-09-18T11:24:24.755+0700] {logging_mixin.py:190} INFO - [2026-09-18T11:24:24.755+0700] {dagbag.py:588} INFO - Filling up the DagBag from /Users/andreasanditya/Downloads/572392_Andreas_AirflowETL/code/.venv/lib/python3.9/site-packages/airflow/example_dags/example_task_group.py
[2026-09-18T11:24:24.762+0700] {processor.py:925} INFO - DAG(s) 'example_task_group' retrieved from /Users/andreasanditya/Downloads/572392_Andreas_AirflowETL/code/.venv/lib/python3.9/site-packages/airflow/example_dags/example_task_group.py
[2026-09-18T11:24:24.850+0700] {logging_mixin.py:190} INFO - [2026-09-18T11:24:24.850+0700] {dag.py:3239} INFO - Sync 1 DAGs
[2026-09-18T11:24:24.856+0700] {logging_mixin.py:190} INFO - [2026-09-18T11:24:24.856+0700] {dag.py:4180} INFO - Setting next_dagrun for example_task_group to None, run_after=None
[2026-09-18T11:24:24.866+0700] {processor.py:208} INFO - Processing /Users/andreasanditya/Downloads/572392_Andreas_AirflowETL/code/.venv/lib/python3.9/site-packages/airflow/example_dags/example_task_group.py took 0.115 seconds
[2026-09-18T11:26:28.526+0700] {processor.py:186} INFO - Started process (PID=16486) to work on /Users/andreasanditya/Downloads/572392_Andreas_AirflowETL/code/.venv/lib/python3.9/site-packages/airflow/example_dags/example_task_group.py
[2026-09-18T11:26:28.527+0700] {processor.py:914} INFO - Processing file /Users/andreasanditya/Downloads/572392_Andreas_AirflowETL/code/.venv/lib/python3.9/site-packages/airflow/example_dags/example_task_group.py for tasks to queue
[2026-09-18T11:26:28.528+0700] {logging_mixin.py:190} INFO - [2026-09-18T11:26:28.528+0700] {dagbag.py:588} INFO - Filling up the DagBag from /Users/andreasanditya/Downloads/572392_Andreas_AirflowETL/code/.venv/lib/python3.9/site-packages/airflow/example_dags/example_task_group.py
[2026-09-18T11:26:28.533+0700] {processor.py:925} INFO - DAG(s) 'example_task_group' retrieved from /Users/andreasanditya/Downloads/572392_Andreas_AirflowETL/code/.venv/lib/python3.9/site-packages/airflow/example_dags/example_task_group.py
[2026-09-18T11:26:28.622+0700] {logging_mixin.py:190} INFO - [2026-09-18T11:26:28.622+0700] {dag.py:3239} INFO - Sync 1 DAGs
[2026-09-18T11:26:28.628+0700] {logging_mixin.py:190} INFO - [2026-09-18T11:26:28.628+0700] {dag.py:4180} INFO - Setting next_dagrun for example_task_group to None, run_after=None
[2026-09-18T11:26:28.638+0700] {processor.py:208} INFO - Processing /Users/andreasanditya/Downloads/572392_Andreas_AirflowETL/code/.venv/lib/python3.9/site-packages/airflow/example_dags/example_task_group.py took 0.114 seconds
[2026-09-18T11:28:01.413+0700] {processor.py:186} INFO - Started process (PID=17476) to work on /Users/andreasanditya/Downloads/572392_Andreas_AirflowETL/code/.venv/lib/python3.9/site-packages/airflow/example_dags/example_task_group.py
[2026-09-18T11:28:01.414+0700] {processor.py:914} INFO - Processing file /Users/andreasanditya/Downloads/572392_Andreas_AirflowETL/code/.venv/lib/python3.9/site-packages/airflow/example_dags/example_task_group.py for tasks to queue
[2026-09-18T11:28:01.415+0700] {logging_mixin.py:190} INFO - [2026-09-18T11:28:01.415+0700] {dagbag.py:588} INFO - Filling up the DagBag from /Users/andreasanditya/Downloads/572392_Andreas_AirflowETL/code/.venv/lib/python3.9/site-packages/airflow/example_dags/example_task_group.py
[2026-09-18T11:28:01.422+0700] {processor.py:925} INFO - DAG(s) 'example_task_group' retrieved from /Users/andreasanditya/Downloads/572392_Andreas_AirflowETL/code/.venv/lib/python3.9/site-packages/airflow/example_dags/example_task_group.py
[2026-09-18T11:28:01.511+0700] {logging_mixin.py:190} INFO - [2026-09-18T11:28:01.511+0700] {dag.py:3239} INFO - Sync 1 DAGs
[2026-09-18T11:28:01.517+0700] {logging_mixin.py:190} INFO - [2026-09-18T11:28:01.517+0700] {dag.py:4180} INFO - Setting next_dagrun for example_task_group to None, run_after=None
[2026-09-18T11:28:01.527+0700] {processor.py:208} INFO - Processing /Users/andreasanditya/Downloads/572392_Andreas_AirflowETL/code/.venv/lib/python3.9/site-packages/airflow/example_dags/example_task_group.py took 0.117 seconds
[2026-09-18T11:29:30.794+0700] {processor.py:186} INFO - Started process (PID=18333) to work on /Users/andreasanditya/Downloads/572392_Andreas_AirflowETL/code/.venv/lib/python3.9/site-packages/airflow/example_dags/example_task_group.py
[2026-09-18T11:29:30.795+0700] {processor.py:914} INFO - Processing file /Users/andreasanditya/Downloads/572392_Andreas_AirflowETL/code/.venv/lib/python3.9/site-packages/airflow/example_dags/example_task_group.py for tasks to queue
[2026-09-18T11:29:30.796+0700] {logging_mixin.py:190} INFO - [2026-09-18T11:29:30.796+0700] {dagbag.py:588} INFO - Filling up the DagBag from /Users/andreasanditya/Downloads/572392_Andreas_AirflowETL/code/.venv/lib/python3.9/site-packages/airflow/example_dags/example_task_group.py
[2026-09-18T11:29:30.802+0700] {processor.py:925} INFO - DAG(s) 'example_task_group' retrieved from /Users/andreasanditya/Downloads/572392_Andreas_AirflowETL/code/.venv/lib/python3.9/site-packages/airflow/example_dags/example_task_group.py
[2026-09-18T11:29:30.891+0700] {logging_mixin.py:190} INFO - [2026-09-18T11:29:30.891+0700] {dag.py:3239} INFO - Sync 1 DAGs
[2026-09-18T11:29:30.898+0700] {logging_mixin.py:190} INFO - [2026-09-18T11:29:30.898+0700] {dag.py:4180} INFO - Setting next_dagrun for example_task_group to None, run_after=None
[2026-09-18T11:29:30.908+0700] {processor.py:208} INFO - Processing /Users/andreasanditya/Downloads/572392_Andreas_AirflowETL/code/.venv/lib/python3.9/site-packages/airflow/example_dags/example_task_group.py took 0.116 seconds
[2026-09-18T11:30:59.679+0700] {processor.py:186} INFO - Started process (PID=19291) to work on /Users/andreasanditya/Downloads/572392_Andreas_AirflowETL/code/.venv/lib/python3.9/site-packages/airflow/example_dags/example_task_group.py
[2026-09-18T11:30:59.680+0700] {processor.py:914} INFO - Processing file /Users/andreasanditya/Downloads/572392_Andreas_AirflowETL/code/.venv/lib/python3.9/site-packages/airflow/example_dags/example_task_group.py for tasks to queue
[2026-09-18T11:30:59.681+0700] {logging_mixin.py:190} INFO - [2026-09-18T11:30:59.681+0700] {dagbag.py:588} INFO - Filling up the DagBag from /Users/andreasanditya/Downloads/572392_Andreas_AirflowETL/code/.venv/lib/python3.9/site-packages/airflow/example_dags/example_task_group.py
[2026-09-18T11:30:59.686+0700] {processor.py:925} INFO - DAG(s) 'example_task_group' retrieved from /Users/andreasanditya/Downloads/572392_Andreas_AirflowETL/code/.venv/lib/python3.9/site-packages/airflow/example_dags/example_task_group.py
[2026-09-18T11:30:59.776+0700] {logging_mixin.py:190} INFO - [2026-09-18T11:30:59.776+0700] {dag.py:3239} INFO - Sync 1 DAGs
[2026-09-18T11:30:59.782+0700] {logging_mixin.py:190} INFO - [2026-09-18T11:30:59.782+0700] {dag.py:4180} INFO - Setting next_dagrun for example_task_group to None, run_after=None
[2026-09-18T11:30:59.793+0700] {processor.py:208} INFO - Processing /Users/andreasanditya/Downloads/572392_Andreas_AirflowETL/code/.venv/lib/python3.9/site-packages/airflow/example_dags/example_task_group.py took 0.116 seconds
[2026-09-18T11:32:28.281+0700] {processor.py:186} INFO - Started process (PID=20201) to work on /Users/andreasanditya/Downloads/572392_Andreas_AirflowETL/code/.venv/lib/python3.9/site-packages/airflow/example_dags/example_task_group.py
[2026-09-18T11:32:28.283+0700] {processor.py:914} INFO - Processing file /Users/andreasanditya/Downloads/572392_Andreas_AirflowETL/code/.venv/lib/python3.9/site-packages/airflow/example_dags/example_task_group.py for tasks to queue
[2026-09-18T11:32:28.284+0700] {logging_mixin.py:190} INFO - [2026-09-18T11:32:28.284+0700] {dagbag.py:588} INFO - Filling up the DagBag from /Users/andreasanditya/Downloads/572392_Andreas_AirflowETL/code/.venv/lib/python3.9/site-packages/airflow/example_dags/example_task_group.py
[2026-09-18T11:32:28.289+0700] {processor.py:925} INFO - DAG(s) 'example_task_group' retrieved from /Users/andreasanditya/Downloads/572392_Andreas_AirflowETL/code/.venv/lib/python3.9/site-packages/airflow/example_dags/example_task_group.py
[2026-09-18T11:32:28.383+0700] {logging_mixin.py:190} INFO - [2026-09-18T11:32:28.383+0700] {dag.py:3239} INFO - Sync 1 DAGs
[2026-09-18T11:32:28.391+0700] {logging_mixin.py:190} INFO - [2026-09-18T11:32:28.391+0700] {dag.py:4180} INFO - Setting next_dagrun for example_task_group to None, run_after=None
[2026-09-18T11:32:28.401+0700] {processor.py:208} INFO - Processing /Users/andreasanditya/Downloads/572392_Andreas_AirflowETL/code/.venv/lib/python3.9/site-packages/airflow/example_dags/example_task_group.py took 0.122 seconds
[2026-09-18T11:33:56.361+0700] {processor.py:186} INFO - Started process (PID=21226) to work on /Users/andreasanditya/Downloads/572392_Andreas_AirflowETL/code/.venv/lib/python3.9/site-packages/airflow/example_dags/example_task_group.py
[2026-09-18T11:33:56.362+0700] {processor.py:914} INFO - Processing file /Users/andreasanditya/Downloads/572392_Andreas_AirflowETL/code/.venv/lib/python3.9/site-packages/airflow/example_dags/example_task_group.py for tasks to queue
[2026-09-18T11:33:56.362+0700] {logging_mixin.py:190} INFO - [2026-09-18T11:33:56.362+0700] {dagbag.py:588} INFO - Filling up the DagBag from /Users/andreasanditya/Downloads/572392_Andreas_AirflowETL/code/.venv/lib/python3.9/site-packages/airflow/example_dags/example_task_group.py
[2026-09-18T11:33:56.368+0700] {processor.py:925} INFO - DAG(s) 'example_task_group' retrieved from /Users/andreasanditya/Downloads/572392_Andreas_AirflowETL/code/.venv/lib/python3.9/site-packages/airflow/example_dags/example_task_group.py
[2026-09-18T11:33:56.456+0700] {logging_mixin.py:190} INFO - [2026-09-18T11:33:56.456+0700] {dag.py:3239} INFO - Sync 1 DAGs
[2026-09-18T11:33:56.463+0700] {logging_mixin.py:190} INFO - [2026-09-18T11:33:56.463+0700] {dag.py:4180} INFO - Setting next_dagrun for example_task_group to None, run_after=None
[2026-09-18T11:33:56.473+0700] {processor.py:208} INFO - Processing /Users/andreasanditya/Downloads/572392_Andreas_AirflowETL/code/.venv/lib/python3.9/site-packages/airflow/example_dags/example_task_group.py took 0.114 seconds
[2026-09-18T11:35:23.507+0700] {processor.py:186} INFO - Started process (PID=22088) to work on /Users/andreasanditya/Downloads/572392_Andreas_AirflowETL/code/.venv/lib/python3.9/site-packages/airflow/example_dags/example_task_group.py
[2026-09-18T11:35:23.508+0700] {processor.py:914} INFO - Processing file /Users/andreasanditya/Downloads/572392_Andreas_AirflowETL/code/.venv/lib/python3.9/site-packages/airflow/example_dags/example_task_group.py for tasks to queue
[2026-09-18T11:35:23.509+0700] {logging_mixin.py:190} INFO - [2026-09-18T11:35:23.509+0700] {dagbag.py:588} INFO - Filling up the DagBag from /Users/andreasanditya/Downloads/572392_Andreas_AirflowETL/code/.venv/lib/python3.9/site-packages/airflow/example_dags/example_task_group.py
[2026-09-18T11:35:23.515+0700] {processor.py:925} INFO - DAG(s) 'example_task_group' retrieved from /Users/andreasanditya/Downloads/572392_Andreas_AirflowETL/code/.venv/lib/python3.9/site-packages/airflow/example_dags/example_task_group.py
[2026-09-18T11:35:23.604+0700] {logging_mixin.py:190} INFO - [2026-09-18T11:35:23.604+0700] {dag.py:3239} INFO - Sync 1 DAGs
[2026-09-18T11:35:23.611+0700] {logging_mixin.py:190} INFO - [2026-09-18T11:35:23.611+0700] {dag.py:4180} INFO - Setting next_dagrun for example_task_group to None, run_after=None
[2026-09-18T11:35:23.621+0700] {processor.py:208} INFO - Processing /Users/andreasanditya/Downloads/572392_Andreas_AirflowETL/code/.venv/lib/python3.9/site-packages/airflow/example_dags/example_task_group.py took 0.116 seconds
[2026-09-18T11:36:51.622+0700] {processor.py:186} INFO - Started process (PID=23081) to work on /Users/andreasanditya/Downloads/572392_Andreas_AirflowETL/code/.venv/lib/python3.9/site-packages/airflow/example_dags/example_task_group.py
[2026-09-18T11:36:51.623+0700] {processor.py:914} INFO - Processing file /Users/andreasanditya/Downloads/572392_Andreas_AirflowETL/code/.venv/lib/python3.9/site-packages/airflow/example_dags/example_task_group.py for tasks to queue
[2026-09-18T11:36:51.624+0700] {logging_mixin.py:190} INFO - [2026-09-18T11:36:51.624+0700] {dagbag.py:588} INFO - Filling up the DagBag from /Users/andreasanditya/Downloads/572392_Andreas_AirflowETL/code/.venv/lib/python3.9/site-packages/airflow/example_dags/example_task_group.py
[2026-09-18T11:36:51.629+0700] {processor.py:925} INFO - DAG(s) 'example_task_group' retrieved from /Users/andreasanditya/Downloads/572392_Andreas_AirflowETL/code/.venv/lib/python3.9/site-packages/airflow/example_dags/example_task_group.py
[2026-09-18T11:36:51.719+0700] {logging_mixin.py:190} INFO - [2026-09-18T11:36:51.719+0700] {dag.py:3239} INFO - Sync 1 DAGs
[2026-09-18T11:36:51.726+0700] {logging_mixin.py:190} INFO - [2026-09-18T11:36:51.726+0700] {dag.py:4180} INFO - Setting next_dagrun for example_task_group to None, run_after=None
[2026-09-18T11:36:51.737+0700] {processor.py:208} INFO - Processing /Users/andreasanditya/Downloads/572392_Andreas_AirflowETL/code/.venv/lib/python3.9/site-packages/airflow/example_dags/example_task_group.py took 0.117 seconds
[2026-09-18T11:38:18.817+0700] {processor.py:186} INFO - Started process (PID=23934) to work on /Users/andreasanditya/Downloads/572392_Andreas_AirflowETL/code/.venv/lib/python3.9/site-packages/airflow/example_dags/example_task_group.py
[2026-09-18T11:38:18.818+0700] {processor.py:914} INFO - Processing file /Users/andreasanditya/Downloads/572392_Andreas_AirflowETL/code/.venv/lib/python3.9/site-packages/airflow/example_dags/example_task_group.py for tasks to queue
[2026-09-18T11:38:18.819+0700] {logging_mixin.py:190} INFO - [2026-09-18T11:38:18.818+0700] {dagbag.py:588} INFO - Filling up the DagBag from /Users/andreasanditya/Downloads/572392_Andreas_AirflowETL/code/.venv/lib/python3.9/site-packages/airflow/example_dags/example_task_group.py
[2026-09-18T11:38:18.824+0700] {processor.py:925} INFO - DAG(s) 'example_task_group' retrieved from /Users/andreasanditya/Downloads/572392_Andreas_AirflowETL/code/.venv/lib/python3.9/site-packages/airflow/example_dags/example_task_group.py
[2026-09-18T11:38:18.913+0700] {logging_mixin.py:190} INFO - [2026-09-18T11:38:18.913+0700] {dag.py:3239} INFO - Sync 1 DAGs
[2026-09-18T11:38:18.920+0700] {logging_mixin.py:190} INFO - [2026-09-18T11:38:18.920+0700] {dag.py:4180} INFO - Setting next_dagrun for example_task_group to None, run_after=None
[2026-09-18T11:38:18.930+0700] {processor.py:208} INFO - Processing /Users/andreasanditya/Downloads/572392_Andreas_AirflowETL/code/.venv/lib/python3.9/site-packages/airflow/example_dags/example_task_group.py took 0.115 seconds
[2026-09-18T11:39:45.956+0700] {processor.py:186} INFO - Started process (PID=24863) to work on /Users/andreasanditya/Downloads/572392_Andreas_AirflowETL/code/.venv/lib/python3.9/site-packages/airflow/example_dags/example_task_group.py
[2026-09-18T11:39:45.956+0700] {processor.py:914} INFO - Processing file /Users/andreasanditya/Downloads/572392_Andreas_AirflowETL/code/.venv/lib/python3.9/site-packages/airflow/example_dags/example_task_group.py for tasks to queue
[2026-09-18T11:39:45.957+0700] {logging_mixin.py:190} INFO - [2026-09-18T11:39:45.957+0700] {dagbag.py:588} INFO - Filling up the DagBag from /Users/andreasanditya/Downloads/572392_Andreas_AirflowETL/code/.venv/lib/python3.9/site-packages/airflow/example_dags/example_task_group.py
[2026-09-18T11:39:45.962+0700] {processor.py:925} INFO - DAG(s) 'example_task_group' retrieved from /Users/andreasanditya/Downloads/572392_Andreas_AirflowETL/code/.venv/lib/python3.9/site-packages/airflow/example_dags/example_task_group.py
[2026-09-18T11:39:46.052+0700] {logging_mixin.py:190} INFO - [2026-09-18T11:39:46.052+0700] {dag.py:3239} INFO - Sync 1 DAGs
[2026-09-18T11:39:46.058+0700] {logging_mixin.py:190} INFO - [2026-09-18T11:39:46.058+0700] {dag.py:4180} INFO - Setting next_dagrun for example_task_group to None, run_after=None
[2026-09-18T11:39:46.069+0700] {processor.py:208} INFO - Processing /Users/andreasanditya/Downloads/572392_Andreas_AirflowETL/code/.venv/lib/python3.9/site-packages/airflow/example_dags/example_task_group.py took 0.115 seconds
[2026-09-18T11:41:14.633+0700] {processor.py:186} INFO - Started process (PID=25797) to work on /Users/andreasanditya/Downloads/572392_Andreas_AirflowETL/code/.venv/lib/python3.9/site-packages/airflow/example_dags/example_task_group.py
[2026-09-18T11:41:14.634+0700] {processor.py:914} INFO - Processing file /Users/andreasanditya/Downloads/572392_Andreas_AirflowETL/code/.venv/lib/python3.9/site-packages/airflow/example_dags/example_task_group.py for tasks to queue
[2026-09-18T11:41:14.635+0700] {logging_mixin.py:190} INFO - [2026-09-18T11:41:14.634+0700] {dagbag.py:588} INFO - Filling up the DagBag from /Users/andreasanditya/Downloads/572392_Andreas_AirflowETL/code/.venv/lib/python3.9/site-packages/airflow/example_dags/example_task_group.py
[2026-09-18T11:41:14.639+0700] {processor.py:925} INFO - DAG(s) 'example_task_group' retrieved from /Users/andreasanditya/Downloads/572392_Andreas_AirflowETL/code/.venv/lib/python3.9/site-packages/airflow/example_dags/example_task_group.py
[2026-09-18T11:41:14.725+0700] {logging_mixin.py:190} INFO - [2026-09-18T11:41:14.725+0700] {dag.py:3239} INFO - Sync 1 DAGs
[2026-09-18T11:41:14.732+0700] {logging_mixin.py:190} INFO - [2026-09-18T11:41:14.732+0700] {dag.py:4180} INFO - Setting next_dagrun for example_task_group to None, run_after=None
[2026-09-18T11:41:14.742+0700] {processor.py:208} INFO - Processing /Users/andreasanditya/Downloads/572392_Andreas_AirflowETL/code/.venv/lib/python3.9/site-packages/airflow/example_dags/example_task_group.py took 0.111 seconds
[2026-09-18T11:42:45.839+0700] {processor.py:186} INFO - Started process (PID=26729) to work on /Users/andreasanditya/Downloads/572392_Andreas_AirflowETL/code/.venv/lib/python3.9/site-packages/airflow/example_dags/example_task_group.py
[2026-09-18T11:42:45.840+0700] {processor.py:914} INFO - Processing file /Users/andreasanditya/Downloads/572392_Andreas_AirflowETL/code/.venv/lib/python3.9/site-packages/airflow/example_dags/example_task_group.py for tasks to queue
[2026-09-18T11:42:45.841+0700] {logging_mixin.py:190} INFO - [2026-09-18T11:42:45.841+0700] {dagbag.py:588} INFO - Filling up the DagBag from /Users/andreasanditya/Downloads/572392_Andreas_AirflowETL/code/.venv/lib/python3.9/site-packages/airflow/example_dags/example_task_group.py
[2026-09-18T11:42:45.846+0700] {processor.py:925} INFO - DAG(s) 'example_task_group' retrieved from /Users/andreasanditya/Downloads/572392_Andreas_AirflowETL/code/.venv/lib/python3.9/site-packages/airflow/example_dags/example_task_group.py
[2026-09-18T11:42:45.935+0700] {logging_mixin.py:190} INFO - [2026-09-18T11:42:45.935+0700] {dag.py:3239} INFO - Sync 1 DAGs
[2026-09-18T11:42:45.942+0700] {logging_mixin.py:190} INFO - [2026-09-18T11:42:45.942+0700] {dag.py:4180} INFO - Setting next_dagrun for example_task_group to None, run_after=None
[2026-09-18T11:42:45.952+0700] {processor.py:208} INFO - Processing /Users/andreasanditya/Downloads/572392_Andreas_AirflowETL/code/.venv/lib/python3.9/site-packages/airflow/example_dags/example_task_group.py took 0.115 seconds
[2026-09-18T11:44:13.279+0700] {processor.py:186} INFO - Started process (PID=27556) to work on /Users/andreasanditya/Downloads/572392_Andreas_AirflowETL/code/.venv/lib/python3.9/site-packages/airflow/example_dags/example_task_group.py
[2026-09-18T11:44:13.280+0700] {processor.py:914} INFO - Processing file /Users/andreasanditya/Downloads/572392_Andreas_AirflowETL/code/.venv/lib/python3.9/site-packages/airflow/example_dags/example_task_group.py for tasks to queue
[2026-09-18T11:44:13.281+0700] {logging_mixin.py:190} INFO - [2026-09-18T11:44:13.281+0700] {dagbag.py:588} INFO - Filling up the DagBag from /Users/andreasanditya/Downloads/572392_Andreas_AirflowETL/code/.venv/lib/python3.9/site-packages/airflow/example_dags/example_task_group.py
[2026-09-18T11:44:13.286+0700] {processor.py:925} INFO - DAG(s) 'example_task_group' retrieved from /Users/andreasanditya/Downloads/572392_Andreas_AirflowETL/code/.venv/lib/python3.9/site-packages/airflow/example_dags/example_task_group.py
[2026-09-18T11:44:13.373+0700] {logging_mixin.py:190} INFO - [2026-09-18T11:44:13.373+0700] {dag.py:3239} INFO - Sync 1 DAGs
[2026-09-18T11:44:13.379+0700] {logging_mixin.py:190} INFO - [2026-09-18T11:44:13.379+0700] {dag.py:4180} INFO - Setting next_dagrun for example_task_group to None, run_after=None
[2026-09-18T11:44:13.389+0700] {processor.py:208} INFO - Processing /Users/andreasanditya/Downloads/572392_Andreas_AirflowETL/code/.venv/lib/python3.9/site-packages/airflow/example_dags/example_task_group.py took 0.111 seconds
[2026-09-18T11:45:39.832+0700] {processor.py:186} INFO - Started process (PID=28459) to work on /Users/andreasanditya/Downloads/572392_Andreas_AirflowETL/code/.venv/lib/python3.9/site-packages/airflow/example_dags/example_task_group.py
[2026-09-18T11:45:39.833+0700] {processor.py:914} INFO - Processing file /Users/andreasanditya/Downloads/572392_Andreas_AirflowETL/code/.venv/lib/python3.9/site-packages/airflow/example_dags/example_task_group.py for tasks to queue
[2026-09-18T11:45:39.833+0700] {logging_mixin.py:190} INFO - [2026-09-18T11:45:39.833+0700] {dagbag.py:588} INFO - Filling up the DagBag from /Users/andreasanditya/Downloads/572392_Andreas_AirflowETL/code/.venv/lib/python3.9/site-packages/airflow/example_dags/example_task_group.py
[2026-09-18T11:45:39.838+0700] {processor.py:925} INFO - DAG(s) 'example_task_group' retrieved from /Users/andreasanditya/Downloads/572392_Andreas_AirflowETL/code/.venv/lib/python3.9/site-packages/airflow/example_dags/example_task_group.py
[2026-09-18T11:45:39.925+0700] {logging_mixin.py:190} INFO - [2026-09-18T11:45:39.925+0700] {dag.py:3239} INFO - Sync 1 DAGs
[2026-09-18T11:45:39.932+0700] {logging_mixin.py:190} INFO - [2026-09-18T11:45:39.932+0700] {dag.py:4180} INFO - Setting next_dagrun for example_task_group to None, run_after=None
[2026-09-18T11:45:39.942+0700] {processor.py:208} INFO - Processing /Users/andreasanditya/Downloads/572392_Andreas_AirflowETL/code/.venv/lib/python3.9/site-packages/airflow/example_dags/example_task_group.py took 0.112 seconds
[2026-09-18T11:47:05.635+0700] {processor.py:186} INFO - Started process (PID=29265) to work on /Users/andreasanditya/Downloads/572392_Andreas_AirflowETL/code/.venv/lib/python3.9/site-packages/airflow/example_dags/example_task_group.py
[2026-09-18T11:47:05.636+0700] {processor.py:914} INFO - Processing file /Users/andreasanditya/Downloads/572392_Andreas_AirflowETL/code/.venv/lib/python3.9/site-packages/airflow/example_dags/example_task_group.py for tasks to queue
[2026-09-18T11:47:05.637+0700] {logging_mixin.py:190} INFO - [2026-09-18T11:47:05.636+0700] {dagbag.py:588} INFO - Filling up the DagBag from /Users/andreasanditya/Downloads/572392_Andreas_AirflowETL/code/.venv/lib/python3.9/site-packages/airflow/example_dags/example_task_group.py
[2026-09-18T11:47:05.642+0700] {processor.py:925} INFO - DAG(s) 'example_task_group' retrieved from /Users/andreasanditya/Downloads/572392_Andreas_AirflowETL/code/.venv/lib/python3.9/site-packages/airflow/example_dags/example_task_group.py
[2026-09-18T11:47:05.738+0700] {logging_mixin.py:190} INFO - [2026-09-18T11:47:05.737+0700] {dag.py:3239} INFO - Sync 1 DAGs
[2026-09-18T11:47:05.744+0700] {logging_mixin.py:190} INFO - [2026-09-18T11:47:05.744+0700] {dag.py:4180} INFO - Setting next_dagrun for example_task_group to None, run_after=None
[2026-09-18T11:47:05.754+0700] {processor.py:208} INFO - Processing /Users/andreasanditya/Downloads/572392_Andreas_AirflowETL/code/.venv/lib/python3.9/site-packages/airflow/example_dags/example_task_group.py took 0.122 seconds
[2026-09-18T11:48:33.215+0700] {processor.py:186} INFO - Started process (PID=30188) to work on /Users/andreasanditya/Downloads/572392_Andreas_AirflowETL/code/.venv/lib/python3.9/site-packages/airflow/example_dags/example_task_group.py
[2026-09-18T11:48:33.216+0700] {processor.py:914} INFO - Processing file /Users/andreasanditya/Downloads/572392_Andreas_AirflowETL/code/.venv/lib/python3.9/site-packages/airflow/example_dags/example_task_group.py for tasks to queue
[2026-09-18T11:48:33.216+0700] {logging_mixin.py:190} INFO - [2026-09-18T11:48:33.216+0700] {dagbag.py:588} INFO - Filling up the DagBag from /Users/andreasanditya/Downloads/572392_Andreas_AirflowETL/code/.venv/lib/python3.9/site-packages/airflow/example_dags/example_task_group.py
[2026-09-18T11:48:33.222+0700] {processor.py:925} INFO - DAG(s) 'example_task_group' retrieved from /Users/andreasanditya/Downloads/572392_Andreas_AirflowETL/code/.venv/lib/python3.9/site-packages/airflow/example_dags/example_task_group.py
[2026-09-18T11:48:33.310+0700] {logging_mixin.py:190} INFO - [2026-09-18T11:48:33.310+0700] {dag.py:3239} INFO - Sync 1 DAGs
[2026-09-18T11:48:33.317+0700] {logging_mixin.py:190} INFO - [2026-09-18T11:48:33.316+0700] {dag.py:4180} INFO - Setting next_dagrun for example_task_group to None, run_after=None
[2026-09-18T11:48:33.328+0700] {processor.py:208} INFO - Processing /Users/andreasanditya/Downloads/572392_Andreas_AirflowETL/code/.venv/lib/python3.9/site-packages/airflow/example_dags/example_task_group.py took 0.115 seconds
[2026-09-18T11:49:59.171+0700] {processor.py:186} INFO - Started process (PID=31107) to work on /Users/andreasanditya/Downloads/572392_Andreas_AirflowETL/code/.venv/lib/python3.9/site-packages/airflow/example_dags/example_task_group.py
[2026-09-18T11:49:59.171+0700] {processor.py:914} INFO - Processing file /Users/andreasanditya/Downloads/572392_Andreas_AirflowETL/code/.venv/lib/python3.9/site-packages/airflow/example_dags/example_task_group.py for tasks to queue
[2026-09-18T11:49:59.172+0700] {logging_mixin.py:190} INFO - [2026-09-18T11:49:59.172+0700] {dagbag.py:588} INFO - Filling up the DagBag from /Users/andreasanditya/Downloads/572392_Andreas_AirflowETL/code/.venv/lib/python3.9/site-packages/airflow/example_dags/example_task_group.py
[2026-09-18T11:49:59.177+0700] {processor.py:925} INFO - DAG(s) 'example_task_group' retrieved from /Users/andreasanditya/Downloads/572392_Andreas_AirflowETL/code/.venv/lib/python3.9/site-packages/airflow/example_dags/example_task_group.py
[2026-09-18T11:49:59.263+0700] {logging_mixin.py:190} INFO - [2026-09-18T11:49:59.263+0700] {dag.py:3239} INFO - Sync 1 DAGs
[2026-09-18T11:49:59.269+0700] {logging_mixin.py:190} INFO - [2026-09-18T11:49:59.269+0700] {dag.py:4180} INFO - Setting next_dagrun for example_task_group to None, run_after=None
[2026-09-18T11:49:59.279+0700] {processor.py:208} INFO - Processing /Users/andreasanditya/Downloads/572392_Andreas_AirflowETL/code/.venv/lib/python3.9/site-packages/airflow/example_dags/example_task_group.py took 0.111 seconds
[2026-09-18T11:51:24.675+0700] {processor.py:186} INFO - Started process (PID=31929) to work on /Users/andreasanditya/Downloads/572392_Andreas_AirflowETL/code/.venv/lib/python3.9/site-packages/airflow/example_dags/example_task_group.py
[2026-09-18T11:51:24.676+0700] {processor.py:914} INFO - Processing file /Users/andreasanditya/Downloads/572392_Andreas_AirflowETL/code/.venv/lib/python3.9/site-packages/airflow/example_dags/example_task_group.py for tasks to queue
[2026-09-18T11:51:24.677+0700] {logging_mixin.py:190} INFO - [2026-09-18T11:51:24.677+0700] {dagbag.py:588} INFO - Filling up the DagBag from /Users/andreasanditya/Downloads/572392_Andreas_AirflowETL/code/.venv/lib/python3.9/site-packages/airflow/example_dags/example_task_group.py
[2026-09-18T11:51:24.682+0700] {processor.py:925} INFO - DAG(s) 'example_task_group' retrieved from /Users/andreasanditya/Downloads/572392_Andreas_AirflowETL/code/.venv/lib/python3.9/site-packages/airflow/example_dags/example_task_group.py
[2026-09-18T11:51:24.768+0700] {logging_mixin.py:190} INFO - [2026-09-18T11:51:24.768+0700] {dag.py:3239} INFO - Sync 1 DAGs
[2026-09-18T11:51:24.775+0700] {logging_mixin.py:190} INFO - [2026-09-18T11:51:24.775+0700] {dag.py:4180} INFO - Setting next_dagrun for example_task_group to None, run_after=None
[2026-09-18T11:51:24.785+0700] {processor.py:208} INFO - Processing /Users/andreasanditya/Downloads/572392_Andreas_AirflowETL/code/.venv/lib/python3.9/site-packages/airflow/example_dags/example_task_group.py took 0.112 seconds
[2026-09-18T11:52:51.061+0700] {processor.py:186} INFO - Started process (PID=32821) to work on /Users/andreasanditya/Downloads/572392_Andreas_AirflowETL/code/.venv/lib/python3.9/site-packages/airflow/example_dags/example_task_group.py
[2026-09-18T11:52:51.062+0700] {processor.py:914} INFO - Processing file /Users/andreasanditya/Downloads/572392_Andreas_AirflowETL/code/.venv/lib/python3.9/site-packages/airflow/example_dags/example_task_group.py for tasks to queue
[2026-09-18T11:52:51.063+0700] {logging_mixin.py:190} INFO - [2026-09-18T11:52:51.063+0700] {dagbag.py:588} INFO - Filling up the DagBag from /Users/andreasanditya/Downloads/572392_Andreas_AirflowETL/code/.venv/lib/python3.9/site-packages/airflow/example_dags/example_task_group.py
[2026-09-18T11:52:51.068+0700] {processor.py:925} INFO - DAG(s) 'example_task_group' retrieved from /Users/andreasanditya/Downloads/572392_Andreas_AirflowETL/code/.venv/lib/python3.9/site-packages/airflow/example_dags/example_task_group.py
[2026-09-18T11:52:51.154+0700] {logging_mixin.py:190} INFO - [2026-09-18T11:52:51.154+0700] {dag.py:3239} INFO - Sync 1 DAGs
[2026-09-18T11:52:51.161+0700] {logging_mixin.py:190} INFO - [2026-09-18T11:52:51.161+0700] {dag.py:4180} INFO - Setting next_dagrun for example_task_group to None, run_after=None
[2026-09-18T11:52:51.171+0700] {processor.py:208} INFO - Processing /Users/andreasanditya/Downloads/572392_Andreas_AirflowETL/code/.venv/lib/python3.9/site-packages/airflow/example_dags/example_task_group.py took 0.112 seconds
[2026-09-18T11:54:17.216+0700] {processor.py:186} INFO - Started process (PID=33652) to work on /Users/andreasanditya/Downloads/572392_Andreas_AirflowETL/code/.venv/lib/python3.9/site-packages/airflow/example_dags/example_task_group.py
[2026-09-18T11:54:17.217+0700] {processor.py:914} INFO - Processing file /Users/andreasanditya/Downloads/572392_Andreas_AirflowETL/code/.venv/lib/python3.9/site-packages/airflow/example_dags/example_task_group.py for tasks to queue
[2026-09-18T11:54:17.218+0700] {logging_mixin.py:190} INFO - [2026-09-18T11:54:17.218+0700] {dagbag.py:588} INFO - Filling up the DagBag from /Users/andreasanditya/Downloads/572392_Andreas_AirflowETL/code/.venv/lib/python3.9/site-packages/airflow/example_dags/example_task_group.py
[2026-09-18T11:54:17.223+0700] {processor.py:925} INFO - DAG(s) 'example_task_group' retrieved from /Users/andreasanditya/Downloads/572392_Andreas_AirflowETL/code/.venv/lib/python3.9/site-packages/airflow/example_dags/example_task_group.py
[2026-09-18T11:54:17.310+0700] {logging_mixin.py:190} INFO - [2026-09-18T11:54:17.310+0700] {dag.py:3239} INFO - Sync 1 DAGs
[2026-09-18T11:54:17.316+0700] {logging_mixin.py:190} INFO - [2026-09-18T11:54:17.316+0700] {dag.py:4180} INFO - Setting next_dagrun for example_task_group to None, run_after=None
[2026-09-18T11:54:17.326+0700] {processor.py:208} INFO - Processing /Users/andreasanditya/Downloads/572392_Andreas_AirflowETL/code/.venv/lib/python3.9/site-packages/airflow/example_dags/example_task_group.py took 0.112 seconds
[2026-09-18T11:55:45.257+0700] {processor.py:186} INFO - Started process (PID=34582) to work on /Users/andreasanditya/Downloads/572392_Andreas_AirflowETL/code/.venv/lib/python3.9/site-packages/airflow/example_dags/example_task_group.py
[2026-09-18T11:55:45.258+0700] {processor.py:914} INFO - Processing file /Users/andreasanditya/Downloads/572392_Andreas_AirflowETL/code/.venv/lib/python3.9/site-packages/airflow/example_dags/example_task_group.py for tasks to queue
[2026-09-18T11:55:45.259+0700] {logging_mixin.py:190} INFO - [2026-09-18T11:55:45.259+0700] {dagbag.py:588} INFO - Filling up the DagBag from /Users/andreasanditya/Downloads/572392_Andreas_AirflowETL/code/.venv/lib/python3.9/site-packages/airflow/example_dags/example_task_group.py
[2026-09-18T11:55:45.264+0700] {processor.py:925} INFO - DAG(s) 'example_task_group' retrieved from /Users/andreasanditya/Downloads/572392_Andreas_AirflowETL/code/.venv/lib/python3.9/site-packages/airflow/example_dags/example_task_group.py
[2026-09-18T11:55:45.351+0700] {logging_mixin.py:190} INFO - [2026-09-18T11:55:45.350+0700] {dag.py:3239} INFO - Sync 1 DAGs
[2026-09-18T11:55:45.357+0700] {logging_mixin.py:190} INFO - [2026-09-18T11:55:45.357+0700] {dag.py:4180} INFO - Setting next_dagrun for example_task_group to None, run_after=None
[2026-09-18T11:55:45.367+0700] {processor.py:208} INFO - Processing /Users/andreasanditya/Downloads/572392_Andreas_AirflowETL/code/.venv/lib/python3.9/site-packages/airflow/example_dags/example_task_group.py took 0.113 seconds
[2026-09-18T11:57:12.672+0700] {processor.py:186} INFO - Started process (PID=35412) to work on /Users/andreasanditya/Downloads/572392_Andreas_AirflowETL/code/.venv/lib/python3.9/site-packages/airflow/example_dags/example_task_group.py
[2026-09-18T11:57:12.673+0700] {processor.py:914} INFO - Processing file /Users/andreasanditya/Downloads/572392_Andreas_AirflowETL/code/.venv/lib/python3.9/site-packages/airflow/example_dags/example_task_group.py for tasks to queue
[2026-09-18T11:57:12.674+0700] {logging_mixin.py:190} INFO - [2026-09-18T11:57:12.674+0700] {dagbag.py:588} INFO - Filling up the DagBag from /Users/andreasanditya/Downloads/572392_Andreas_AirflowETL/code/.venv/lib/python3.9/site-packages/airflow/example_dags/example_task_group.py
[2026-09-18T11:57:12.679+0700] {processor.py:925} INFO - DAG(s) 'example_task_group' retrieved from /Users/andreasanditya/Downloads/572392_Andreas_AirflowETL/code/.venv/lib/python3.9/site-packages/airflow/example_dags/example_task_group.py
[2026-09-18T11:57:12.765+0700] {logging_mixin.py:190} INFO - [2026-09-18T11:57:12.765+0700] {dag.py:3239} INFO - Sync 1 DAGs
[2026-09-18T11:57:12.772+0700] {logging_mixin.py:190} INFO - [2026-09-18T11:57:12.772+0700] {dag.py:4180} INFO - Setting next_dagrun for example_task_group to None, run_after=None
[2026-09-18T11:57:12.782+0700] {processor.py:208} INFO - Processing /Users/andreasanditya/Downloads/572392_Andreas_AirflowETL/code/.venv/lib/python3.9/site-packages/airflow/example_dags/example_task_group.py took 0.112 seconds
[2026-09-18T11:58:37.895+0700] {processor.py:186} INFO - Started process (PID=36302) to work on /Users/andreasanditya/Downloads/572392_Andreas_AirflowETL/code/.venv/lib/python3.9/site-packages/airflow/example_dags/example_task_group.py
[2026-09-18T11:58:37.898+0700] {processor.py:914} INFO - Processing file /Users/andreasanditya/Downloads/572392_Andreas_AirflowETL/code/.venv/lib/python3.9/site-packages/airflow/example_dags/example_task_group.py for tasks to queue
[2026-09-18T11:58:37.899+0700] {logging_mixin.py:190} INFO - [2026-09-18T11:58:37.898+0700] {dagbag.py:588} INFO - Filling up the DagBag from /Users/andreasanditya/Downloads/572392_Andreas_AirflowETL/code/.venv/lib/python3.9/site-packages/airflow/example_dags/example_task_group.py
[2026-09-18T11:58:37.904+0700] {processor.py:925} INFO - DAG(s) 'example_task_group' retrieved from /Users/andreasanditya/Downloads/572392_Andreas_AirflowETL/code/.venv/lib/python3.9/site-packages/airflow/example_dags/example_task_group.py
[2026-09-18T11:58:37.993+0700] {logging_mixin.py:190} INFO - [2026-09-18T11:58:37.993+0700] {dag.py:3239} INFO - Sync 1 DAGs
[2026-09-18T11:58:37.999+0700] {logging_mixin.py:190} INFO - [2026-09-18T11:58:37.999+0700] {dag.py:4180} INFO - Setting next_dagrun for example_task_group to None, run_after=None
[2026-09-18T11:58:38.010+0700] {processor.py:208} INFO - Processing /Users/andreasanditya/Downloads/572392_Andreas_AirflowETL/code/.venv/lib/python3.9/site-packages/airflow/example_dags/example_task_group.py took 0.117 seconds
[2026-09-18T12:00:03.043+0700] {processor.py:186} INFO - Started process (PID=37124) to work on /Users/andreasanditya/Downloads/572392_Andreas_AirflowETL/code/.venv/lib/python3.9/site-packages/airflow/example_dags/example_task_group.py
[2026-09-18T12:00:03.044+0700] {processor.py:914} INFO - Processing file /Users/andreasanditya/Downloads/572392_Andreas_AirflowETL/code/.venv/lib/python3.9/site-packages/airflow/example_dags/example_task_group.py for tasks to queue
[2026-09-18T12:00:03.045+0700] {logging_mixin.py:190} INFO - [2026-09-18T12:00:03.045+0700] {dagbag.py:588} INFO - Filling up the DagBag from /Users/andreasanditya/Downloads/572392_Andreas_AirflowETL/code/.venv/lib/python3.9/site-packages/airflow/example_dags/example_task_group.py
[2026-09-18T12:00:03.050+0700] {processor.py:925} INFO - DAG(s) 'example_task_group' retrieved from /Users/andreasanditya/Downloads/572392_Andreas_AirflowETL/code/.venv/lib/python3.9/site-packages/airflow/example_dags/example_task_group.py
[2026-09-18T12:00:03.137+0700] {logging_mixin.py:190} INFO - [2026-09-18T12:00:03.137+0700] {dag.py:3239} INFO - Sync 1 DAGs
[2026-09-18T12:00:03.144+0700] {logging_mixin.py:190} INFO - [2026-09-18T12:00:03.144+0700] {dag.py:4180} INFO - Setting next_dagrun for example_task_group to None, run_after=None
[2026-09-18T12:00:03.154+0700] {processor.py:208} INFO - Processing /Users/andreasanditya/Downloads/572392_Andreas_AirflowETL/code/.venv/lib/python3.9/site-packages/airflow/example_dags/example_task_group.py took 0.113 seconds
[2026-09-18T12:01:30.182+0700] {processor.py:186} INFO - Started process (PID=38045) to work on /Users/andreasanditya/Downloads/572392_Andreas_AirflowETL/code/.venv/lib/python3.9/site-packages/airflow/example_dags/example_task_group.py
[2026-09-18T12:01:30.183+0700] {processor.py:914} INFO - Processing file /Users/andreasanditya/Downloads/572392_Andreas_AirflowETL/code/.venv/lib/python3.9/site-packages/airflow/example_dags/example_task_group.py for tasks to queue
[2026-09-18T12:01:30.184+0700] {logging_mixin.py:190} INFO - [2026-09-18T12:01:30.184+0700] {dagbag.py:588} INFO - Filling up the DagBag from /Users/andreasanditya/Downloads/572392_Andreas_AirflowETL/code/.venv/lib/python3.9/site-packages/airflow/example_dags/example_task_group.py
[2026-09-18T12:01:30.189+0700] {processor.py:925} INFO - DAG(s) 'example_task_group' retrieved from /Users/andreasanditya/Downloads/572392_Andreas_AirflowETL/code/.venv/lib/python3.9/site-packages/airflow/example_dags/example_task_group.py
[2026-09-18T12:01:30.275+0700] {logging_mixin.py:190} INFO - [2026-09-18T12:01:30.275+0700] {dag.py:3239} INFO - Sync 1 DAGs
[2026-09-18T12:01:30.282+0700] {logging_mixin.py:190} INFO - [2026-09-18T12:01:30.281+0700] {dag.py:4180} INFO - Setting next_dagrun for example_task_group to None, run_after=None
[2026-09-18T12:01:30.291+0700] {processor.py:208} INFO - Processing /Users/andreasanditya/Downloads/572392_Andreas_AirflowETL/code/.venv/lib/python3.9/site-packages/airflow/example_dags/example_task_group.py took 0.111 seconds
[2026-09-18T12:02:57.697+0700] {processor.py:186} INFO - Started process (PID=38891) to work on /Users/andreasanditya/Downloads/572392_Andreas_AirflowETL/code/.venv/lib/python3.9/site-packages/airflow/example_dags/example_task_group.py
[2026-09-18T12:02:57.698+0700] {processor.py:914} INFO - Processing file /Users/andreasanditya/Downloads/572392_Andreas_AirflowETL/code/.venv/lib/python3.9/site-packages/airflow/example_dags/example_task_group.py for tasks to queue
[2026-09-18T12:02:57.699+0700] {logging_mixin.py:190} INFO - [2026-09-18T12:02:57.699+0700] {dagbag.py:588} INFO - Filling up the DagBag from /Users/andreasanditya/Downloads/572392_Andreas_AirflowETL/code/.venv/lib/python3.9/site-packages/airflow/example_dags/example_task_group.py
[2026-09-18T12:02:57.704+0700] {processor.py:925} INFO - DAG(s) 'example_task_group' retrieved from /Users/andreasanditya/Downloads/572392_Andreas_AirflowETL/code/.venv/lib/python3.9/site-packages/airflow/example_dags/example_task_group.py
[2026-09-18T12:02:57.790+0700] {logging_mixin.py:190} INFO - [2026-09-18T12:02:57.790+0700] {dag.py:3239} INFO - Sync 1 DAGs
[2026-09-18T12:02:57.797+0700] {logging_mixin.py:190} INFO - [2026-09-18T12:02:57.796+0700] {dag.py:4180} INFO - Setting next_dagrun for example_task_group to None, run_after=None
[2026-09-18T12:02:57.807+0700] {processor.py:208} INFO - Processing /Users/andreasanditya/Downloads/572392_Andreas_AirflowETL/code/.venv/lib/python3.9/site-packages/airflow/example_dags/example_task_group.py took 0.111 seconds
[2026-09-18T12:04:24.067+0700] {processor.py:186} INFO - Started process (PID=39792) to work on /Users/andreasanditya/Downloads/572392_Andreas_AirflowETL/code/.venv/lib/python3.9/site-packages/airflow/example_dags/example_task_group.py
[2026-09-18T12:04:24.069+0700] {processor.py:914} INFO - Processing file /Users/andreasanditya/Downloads/572392_Andreas_AirflowETL/code/.venv/lib/python3.9/site-packages/airflow/example_dags/example_task_group.py for tasks to queue
[2026-09-18T12:04:24.069+0700] {logging_mixin.py:190} INFO - [2026-09-18T12:04:24.069+0700] {dagbag.py:588} INFO - Filling up the DagBag from /Users/andreasanditya/Downloads/572392_Andreas_AirflowETL/code/.venv/lib/python3.9/site-packages/airflow/example_dags/example_task_group.py
[2026-09-18T12:04:24.074+0700] {processor.py:925} INFO - DAG(s) 'example_task_group' retrieved from /Users/andreasanditya/Downloads/572392_Andreas_AirflowETL/code/.venv/lib/python3.9/site-packages/airflow/example_dags/example_task_group.py
[2026-09-18T12:04:24.162+0700] {logging_mixin.py:190} INFO - [2026-09-18T12:04:24.161+0700] {dag.py:3239} INFO - Sync 1 DAGs
[2026-09-18T12:04:24.168+0700] {logging_mixin.py:190} INFO - [2026-09-18T12:04:24.168+0700] {dag.py:4180} INFO - Setting next_dagrun for example_task_group to None, run_after=None
[2026-09-18T12:04:24.178+0700] {processor.py:208} INFO - Processing /Users/andreasanditya/Downloads/572392_Andreas_AirflowETL/code/.venv/lib/python3.9/site-packages/airflow/example_dags/example_task_group.py took 0.113 seconds
[2026-09-18T12:05:50.483+0700] {processor.py:186} INFO - Started process (PID=40620) to work on /Users/andreasanditya/Downloads/572392_Andreas_AirflowETL/code/.venv/lib/python3.9/site-packages/airflow/example_dags/example_task_group.py
[2026-09-18T12:05:50.484+0700] {processor.py:914} INFO - Processing file /Users/andreasanditya/Downloads/572392_Andreas_AirflowETL/code/.venv/lib/python3.9/site-packages/airflow/example_dags/example_task_group.py for tasks to queue
[2026-09-18T12:05:50.485+0700] {logging_mixin.py:190} INFO - [2026-09-18T12:05:50.485+0700] {dagbag.py:588} INFO - Filling up the DagBag from /Users/andreasanditya/Downloads/572392_Andreas_AirflowETL/code/.venv/lib/python3.9/site-packages/airflow/example_dags/example_task_group.py
[2026-09-18T12:05:50.490+0700] {processor.py:925} INFO - DAG(s) 'example_task_group' retrieved from /Users/andreasanditya/Downloads/572392_Andreas_AirflowETL/code/.venv/lib/python3.9/site-packages/airflow/example_dags/example_task_group.py
[2026-09-18T12:05:50.578+0700] {logging_mixin.py:190} INFO - [2026-09-18T12:05:50.578+0700] {dag.py:3239} INFO - Sync 1 DAGs
[2026-09-18T12:05:50.584+0700] {logging_mixin.py:190} INFO - [2026-09-18T12:05:50.584+0700] {dag.py:4180} INFO - Setting next_dagrun for example_task_group to None, run_after=None
[2026-09-18T12:05:50.595+0700] {processor.py:208} INFO - Processing /Users/andreasanditya/Downloads/572392_Andreas_AirflowETL/code/.venv/lib/python3.9/site-packages/airflow/example_dags/example_task_group.py took 0.113 seconds
[2026-09-18T12:07:19.293+0700] {processor.py:186} INFO - Started process (PID=41534) to work on /Users/andreasanditya/Downloads/572392_Andreas_AirflowETL/code/.venv/lib/python3.9/site-packages/airflow/example_dags/example_task_group.py
[2026-09-18T12:07:19.294+0700] {processor.py:914} INFO - Processing file /Users/andreasanditya/Downloads/572392_Andreas_AirflowETL/code/.venv/lib/python3.9/site-packages/airflow/example_dags/example_task_group.py for tasks to queue
[2026-09-18T12:07:19.295+0700] {logging_mixin.py:190} INFO - [2026-09-18T12:07:19.295+0700] {dagbag.py:588} INFO - Filling up the DagBag from /Users/andreasanditya/Downloads/572392_Andreas_AirflowETL/code/.venv/lib/python3.9/site-packages/airflow/example_dags/example_task_group.py
[2026-09-18T12:07:19.300+0700] {processor.py:925} INFO - DAG(s) 'example_task_group' retrieved from /Users/andreasanditya/Downloads/572392_Andreas_AirflowETL/code/.venv/lib/python3.9/site-packages/airflow/example_dags/example_task_group.py
[2026-09-18T12:07:19.388+0700] {logging_mixin.py:190} INFO - [2026-09-18T12:07:19.388+0700] {dag.py:3239} INFO - Sync 1 DAGs
[2026-09-18T12:07:19.394+0700] {logging_mixin.py:190} INFO - [2026-09-18T12:07:19.394+0700] {dag.py:4180} INFO - Setting next_dagrun for example_task_group to None, run_after=None
[2026-09-18T12:07:19.404+0700] {processor.py:208} INFO - Processing /Users/andreasanditya/Downloads/572392_Andreas_AirflowETL/code/.venv/lib/python3.9/site-packages/airflow/example_dags/example_task_group.py took 0.113 seconds
[2026-09-18T12:08:45.967+0700] {processor.py:186} INFO - Started process (PID=42444) to work on /Users/andreasanditya/Downloads/572392_Andreas_AirflowETL/code/.venv/lib/python3.9/site-packages/airflow/example_dags/example_task_group.py
[2026-09-18T12:08:45.969+0700] {processor.py:914} INFO - Processing file /Users/andreasanditya/Downloads/572392_Andreas_AirflowETL/code/.venv/lib/python3.9/site-packages/airflow/example_dags/example_task_group.py for tasks to queue
[2026-09-18T12:08:45.969+0700] {logging_mixin.py:190} INFO - [2026-09-18T12:08:45.969+0700] {dagbag.py:588} INFO - Filling up the DagBag from /Users/andreasanditya/Downloads/572392_Andreas_AirflowETL/code/.venv/lib/python3.9/site-packages/airflow/example_dags/example_task_group.py
[2026-09-18T12:08:45.974+0700] {processor.py:925} INFO - DAG(s) 'example_task_group' retrieved from /Users/andreasanditya/Downloads/572392_Andreas_AirflowETL/code/.venv/lib/python3.9/site-packages/airflow/example_dags/example_task_group.py
[2026-09-18T12:08:46.060+0700] {logging_mixin.py:190} INFO - [2026-09-18T12:08:46.060+0700] {dag.py:3239} INFO - Sync 1 DAGs
[2026-09-18T12:08:46.067+0700] {logging_mixin.py:190} INFO - [2026-09-18T12:08:46.067+0700] {dag.py:4180} INFO - Setting next_dagrun for example_task_group to None, run_after=None
[2026-09-18T12:08:46.076+0700] {processor.py:208} INFO - Processing /Users/andreasanditya/Downloads/572392_Andreas_AirflowETL/code/.venv/lib/python3.9/site-packages/airflow/example_dags/example_task_group.py took 0.111 seconds
[2026-09-18T12:10:12.757+0700] {processor.py:186} INFO - Started process (PID=43279) to work on /Users/andreasanditya/Downloads/572392_Andreas_AirflowETL/code/.venv/lib/python3.9/site-packages/airflow/example_dags/example_task_group.py
[2026-09-18T12:10:12.758+0700] {processor.py:914} INFO - Processing file /Users/andreasanditya/Downloads/572392_Andreas_AirflowETL/code/.venv/lib/python3.9/site-packages/airflow/example_dags/example_task_group.py for tasks to queue
[2026-09-18T12:10:12.759+0700] {logging_mixin.py:190} INFO - [2026-09-18T12:10:12.759+0700] {dagbag.py:588} INFO - Filling up the DagBag from /Users/andreasanditya/Downloads/572392_Andreas_AirflowETL/code/.venv/lib/python3.9/site-packages/airflow/example_dags/example_task_group.py
[2026-09-18T12:10:12.764+0700] {processor.py:925} INFO - DAG(s) 'example_task_group' retrieved from /Users/andreasanditya/Downloads/572392_Andreas_AirflowETL/code/.venv/lib/python3.9/site-packages/airflow/example_dags/example_task_group.py
[2026-09-18T12:10:12.853+0700] {logging_mixin.py:190} INFO - [2026-09-18T12:10:12.853+0700] {dag.py:3239} INFO - Sync 1 DAGs
[2026-09-18T12:10:12.859+0700] {logging_mixin.py:190} INFO - [2026-09-18T12:10:12.859+0700] {dag.py:4180} INFO - Setting next_dagrun for example_task_group to None, run_after=None
[2026-09-18T12:10:12.869+0700] {processor.py:208} INFO - Processing /Users/andreasanditya/Downloads/572392_Andreas_AirflowETL/code/.venv/lib/python3.9/site-packages/airflow/example_dags/example_task_group.py took 0.114 seconds
[2026-09-18T12:11:40.304+0700] {processor.py:186} INFO - Started process (PID=44199) to work on /Users/andreasanditya/Downloads/572392_Andreas_AirflowETL/code/.venv/lib/python3.9/site-packages/airflow/example_dags/example_task_group.py
[2026-09-18T12:11:40.305+0700] {processor.py:914} INFO - Processing file /Users/andreasanditya/Downloads/572392_Andreas_AirflowETL/code/.venv/lib/python3.9/site-packages/airflow/example_dags/example_task_group.py for tasks to queue
[2026-09-18T12:11:40.306+0700] {logging_mixin.py:190} INFO - [2026-09-18T12:11:40.306+0700] {dagbag.py:588} INFO - Filling up the DagBag from /Users/andreasanditya/Downloads/572392_Andreas_AirflowETL/code/.venv/lib/python3.9/site-packages/airflow/example_dags/example_task_group.py
[2026-09-18T12:11:40.311+0700] {processor.py:925} INFO - DAG(s) 'example_task_group' retrieved from /Users/andreasanditya/Downloads/572392_Andreas_AirflowETL/code/.venv/lib/python3.9/site-packages/airflow/example_dags/example_task_group.py
[2026-09-18T12:11:40.398+0700] {logging_mixin.py:190} INFO - [2026-09-18T12:11:40.398+0700] {dag.py:3239} INFO - Sync 1 DAGs
[2026-09-18T12:11:40.404+0700] {logging_mixin.py:190} INFO - [2026-09-18T12:11:40.404+0700] {dag.py:4180} INFO - Setting next_dagrun for example_task_group to None, run_after=None
[2026-09-18T12:11:40.414+0700] {processor.py:208} INFO - Processing /Users/andreasanditya/Downloads/572392_Andreas_AirflowETL/code/.venv/lib/python3.9/site-packages/airflow/example_dags/example_task_group.py took 0.112 seconds
[2026-09-18T12:13:09.564+0700] {processor.py:186} INFO - Started process (PID=45831) to work on /Users/andreasanditya/Downloads/572392_Andreas_AirflowETL/code/.venv/lib/python3.9/site-packages/airflow/example_dags/example_task_group.py
[2026-09-18T12:13:09.565+0700] {processor.py:914} INFO - Processing file /Users/andreasanditya/Downloads/572392_Andreas_AirflowETL/code/.venv/lib/python3.9/site-packages/airflow/example_dags/example_task_group.py for tasks to queue
[2026-09-18T12:13:09.566+0700] {logging_mixin.py:190} INFO - [2026-09-18T12:13:09.565+0700] {dagbag.py:588} INFO - Filling up the DagBag from /Users/andreasanditya/Downloads/572392_Andreas_AirflowETL/code/.venv/lib/python3.9/site-packages/airflow/example_dags/example_task_group.py
[2026-09-18T12:13:09.572+0700] {processor.py:925} INFO - DAG(s) 'example_task_group' retrieved from /Users/andreasanditya/Downloads/572392_Andreas_AirflowETL/code/.venv/lib/python3.9/site-packages/airflow/example_dags/example_task_group.py
[2026-09-18T12:13:09.665+0700] {logging_mixin.py:190} INFO - [2026-09-18T12:13:09.665+0700] {dag.py:3239} INFO - Sync 1 DAGs
[2026-09-18T12:13:09.672+0700] {logging_mixin.py:190} INFO - [2026-09-18T12:13:09.672+0700] {dag.py:4180} INFO - Setting next_dagrun for example_task_group to None, run_after=None
[2026-09-18T12:13:09.683+0700] {processor.py:208} INFO - Processing /Users/andreasanditya/Downloads/572392_Andreas_AirflowETL/code/.venv/lib/python3.9/site-packages/airflow/example_dags/example_task_group.py took 0.121 seconds
[2026-09-18T12:14:37.850+0700] {processor.py:186} INFO - Started process (PID=46772) to work on /Users/andreasanditya/Downloads/572392_Andreas_AirflowETL/code/.venv/lib/python3.9/site-packages/airflow/example_dags/example_task_group.py
[2026-09-18T12:14:37.852+0700] {processor.py:914} INFO - Processing file /Users/andreasanditya/Downloads/572392_Andreas_AirflowETL/code/.venv/lib/python3.9/site-packages/airflow/example_dags/example_task_group.py for tasks to queue
[2026-09-18T12:14:37.853+0700] {logging_mixin.py:190} INFO - [2026-09-18T12:14:37.853+0700] {dagbag.py:588} INFO - Filling up the DagBag from /Users/andreasanditya/Downloads/572392_Andreas_AirflowETL/code/.venv/lib/python3.9/site-packages/airflow/example_dags/example_task_group.py
[2026-09-18T12:14:37.859+0700] {processor.py:925} INFO - DAG(s) 'example_task_group' retrieved from /Users/andreasanditya/Downloads/572392_Andreas_AirflowETL/code/.venv/lib/python3.9/site-packages/airflow/example_dags/example_task_group.py
[2026-09-18T12:14:37.946+0700] {logging_mixin.py:190} INFO - [2026-09-18T12:14:37.946+0700] {dag.py:3239} INFO - Sync 1 DAGs
[2026-09-18T12:14:37.953+0700] {logging_mixin.py:190} INFO - [2026-09-18T12:14:37.953+0700] {dag.py:4180} INFO - Setting next_dagrun for example_task_group to None, run_after=None
[2026-09-18T12:14:37.962+0700] {processor.py:208} INFO - Processing /Users/andreasanditya/Downloads/572392_Andreas_AirflowETL/code/.venv/lib/python3.9/site-packages/airflow/example_dags/example_task_group.py took 0.115 seconds
[2026-09-18T12:16:05.260+0700] {processor.py:186} INFO - Started process (PID=48415) to work on /Users/andreasanditya/Downloads/572392_Andreas_AirflowETL/code/.venv/lib/python3.9/site-packages/airflow/example_dags/example_task_group.py
[2026-09-18T12:16:05.261+0700] {processor.py:914} INFO - Processing file /Users/andreasanditya/Downloads/572392_Andreas_AirflowETL/code/.venv/lib/python3.9/site-packages/airflow/example_dags/example_task_group.py for tasks to queue
[2026-09-18T12:16:05.262+0700] {logging_mixin.py:190} INFO - [2026-09-18T12:16:05.262+0700] {dagbag.py:588} INFO - Filling up the DagBag from /Users/andreasanditya/Downloads/572392_Andreas_AirflowETL/code/.venv/lib/python3.9/site-packages/airflow/example_dags/example_task_group.py
[2026-09-18T12:16:05.267+0700] {processor.py:925} INFO - DAG(s) 'example_task_group' retrieved from /Users/andreasanditya/Downloads/572392_Andreas_AirflowETL/code/.venv/lib/python3.9/site-packages/airflow/example_dags/example_task_group.py
[2026-09-18T12:16:05.356+0700] {logging_mixin.py:190} INFO - [2026-09-18T12:16:05.356+0700] {dag.py:3239} INFO - Sync 1 DAGs
[2026-09-18T12:16:05.362+0700] {logging_mixin.py:190} INFO - [2026-09-18T12:16:05.362+0700] {dag.py:4180} INFO - Setting next_dagrun for example_task_group to None, run_after=None
[2026-09-18T12:16:05.373+0700] {processor.py:208} INFO - Processing /Users/andreasanditya/Downloads/572392_Andreas_AirflowETL/code/.venv/lib/python3.9/site-packages/airflow/example_dags/example_task_group.py took 0.114 seconds
[2026-09-18T12:17:33.263+0700] {processor.py:186} INFO - Started process (PID=49794) to work on /Users/andreasanditya/Downloads/572392_Andreas_AirflowETL/code/.venv/lib/python3.9/site-packages/airflow/example_dags/example_task_group.py
[2026-09-18T12:17:33.264+0700] {processor.py:914} INFO - Processing file /Users/andreasanditya/Downloads/572392_Andreas_AirflowETL/code/.venv/lib/python3.9/site-packages/airflow/example_dags/example_task_group.py for tasks to queue
[2026-09-18T12:17:33.264+0700] {logging_mixin.py:190} INFO - [2026-09-18T12:17:33.264+0700] {dagbag.py:588} INFO - Filling up the DagBag from /Users/andreasanditya/Downloads/572392_Andreas_AirflowETL/code/.venv/lib/python3.9/site-packages/airflow/example_dags/example_task_group.py
[2026-09-18T12:17:33.270+0700] {processor.py:925} INFO - DAG(s) 'example_task_group' retrieved from /Users/andreasanditya/Downloads/572392_Andreas_AirflowETL/code/.venv/lib/python3.9/site-packages/airflow/example_dags/example_task_group.py
[2026-09-18T12:17:33.358+0700] {logging_mixin.py:190} INFO - [2026-09-18T12:17:33.358+0700] {dag.py:3239} INFO - Sync 1 DAGs
[2026-09-18T12:17:33.365+0700] {logging_mixin.py:190} INFO - [2026-09-18T12:17:33.365+0700] {dag.py:4180} INFO - Setting next_dagrun for example_task_group to None, run_after=None
[2026-09-18T12:17:33.375+0700] {processor.py:208} INFO - Processing /Users/andreasanditya/Downloads/572392_Andreas_AirflowETL/code/.venv/lib/python3.9/site-packages/airflow/example_dags/example_task_group.py took 0.115 seconds
[2026-09-18T12:19:02.925+0700] {processor.py:186} INFO - Started process (PID=51485) to work on /Users/andreasanditya/Downloads/572392_Andreas_AirflowETL/code/.venv/lib/python3.9/site-packages/airflow/example_dags/example_task_group.py
[2026-09-18T12:19:02.926+0700] {processor.py:914} INFO - Processing file /Users/andreasanditya/Downloads/572392_Andreas_AirflowETL/code/.venv/lib/python3.9/site-packages/airflow/example_dags/example_task_group.py for tasks to queue
[2026-09-18T12:19:02.927+0700] {logging_mixin.py:190} INFO - [2026-09-18T12:19:02.927+0700] {dagbag.py:588} INFO - Filling up the DagBag from /Users/andreasanditya/Downloads/572392_Andreas_AirflowETL/code/.venv/lib/python3.9/site-packages/airflow/example_dags/example_task_group.py
[2026-09-18T12:19:02.932+0700] {processor.py:925} INFO - DAG(s) 'example_task_group' retrieved from /Users/andreasanditya/Downloads/572392_Andreas_AirflowETL/code/.venv/lib/python3.9/site-packages/airflow/example_dags/example_task_group.py
[2026-09-18T12:19:03.020+0700] {logging_mixin.py:190} INFO - [2026-09-18T12:19:03.020+0700] {dag.py:3239} INFO - Sync 1 DAGs
[2026-09-18T12:19:03.027+0700] {logging_mixin.py:190} INFO - [2026-09-18T12:19:03.027+0700] {dag.py:4180} INFO - Setting next_dagrun for example_task_group to None, run_after=None
[2026-09-18T12:19:03.036+0700] {processor.py:208} INFO - Processing /Users/andreasanditya/Downloads/572392_Andreas_AirflowETL/code/.venv/lib/python3.9/site-packages/airflow/example_dags/example_task_group.py took 0.114 seconds
[2026-09-18T12:20:31.042+0700] {processor.py:186} INFO - Started process (PID=52988) to work on /Users/andreasanditya/Downloads/572392_Andreas_AirflowETL/code/.venv/lib/python3.9/site-packages/airflow/example_dags/example_task_group.py
[2026-09-18T12:20:31.043+0700] {processor.py:914} INFO - Processing file /Users/andreasanditya/Downloads/572392_Andreas_AirflowETL/code/.venv/lib/python3.9/site-packages/airflow/example_dags/example_task_group.py for tasks to queue
[2026-09-18T12:20:31.044+0700] {logging_mixin.py:190} INFO - [2026-09-18T12:20:31.044+0700] {dagbag.py:588} INFO - Filling up the DagBag from /Users/andreasanditya/Downloads/572392_Andreas_AirflowETL/code/.venv/lib/python3.9/site-packages/airflow/example_dags/example_task_group.py
[2026-09-18T12:20:31.050+0700] {processor.py:925} INFO - DAG(s) 'example_task_group' retrieved from /Users/andreasanditya/Downloads/572392_Andreas_AirflowETL/code/.venv/lib/python3.9/site-packages/airflow/example_dags/example_task_group.py
[2026-09-18T12:20:31.138+0700] {logging_mixin.py:190} INFO - [2026-09-18T12:20:31.138+0700] {dag.py:3239} INFO - Sync 1 DAGs
[2026-09-18T12:20:31.145+0700] {logging_mixin.py:190} INFO - [2026-09-18T12:20:31.145+0700] {dag.py:4180} INFO - Setting next_dagrun for example_task_group to None, run_after=None
[2026-09-18T12:20:31.155+0700] {processor.py:208} INFO - Processing /Users/andreasanditya/Downloads/572392_Andreas_AirflowETL/code/.venv/lib/python3.9/site-packages/airflow/example_dags/example_task_group.py took 0.114 seconds
[2026-09-18T12:21:58.573+0700] {processor.py:186} INFO - Started process (PID=53956) to work on /Users/andreasanditya/Downloads/572392_Andreas_AirflowETL/code/.venv/lib/python3.9/site-packages/airflow/example_dags/example_task_group.py
[2026-09-18T12:21:58.574+0700] {processor.py:914} INFO - Processing file /Users/andreasanditya/Downloads/572392_Andreas_AirflowETL/code/.venv/lib/python3.9/site-packages/airflow/example_dags/example_task_group.py for tasks to queue
[2026-09-18T12:21:58.575+0700] {logging_mixin.py:190} INFO - [2026-09-18T12:21:58.575+0700] {dagbag.py:588} INFO - Filling up the DagBag from /Users/andreasanditya/Downloads/572392_Andreas_AirflowETL/code/.venv/lib/python3.9/site-packages/airflow/example_dags/example_task_group.py
[2026-09-18T12:21:58.580+0700] {processor.py:925} INFO - DAG(s) 'example_task_group' retrieved from /Users/andreasanditya/Downloads/572392_Andreas_AirflowETL/code/.venv/lib/python3.9/site-packages/airflow/example_dags/example_task_group.py
[2026-09-18T12:21:58.669+0700] {logging_mixin.py:190} INFO - [2026-09-18T12:21:58.669+0700] {dag.py:3239} INFO - Sync 1 DAGs
[2026-09-18T12:21:58.676+0700] {logging_mixin.py:190} INFO - [2026-09-18T12:21:58.676+0700] {dag.py:4180} INFO - Setting next_dagrun for example_task_group to None, run_after=None
[2026-09-18T12:21:58.686+0700] {processor.py:208} INFO - Processing /Users/andreasanditya/Downloads/572392_Andreas_AirflowETL/code/.venv/lib/python3.9/site-packages/airflow/example_dags/example_task_group.py took 0.115 seconds
[2026-09-18T12:23:26.229+0700] {processor.py:186} INFO - Started process (PID=54869) to work on /Users/andreasanditya/Downloads/572392_Andreas_AirflowETL/code/.venv/lib/python3.9/site-packages/airflow/example_dags/example_task_group.py
[2026-09-18T12:23:26.230+0700] {processor.py:914} INFO - Processing file /Users/andreasanditya/Downloads/572392_Andreas_AirflowETL/code/.venv/lib/python3.9/site-packages/airflow/example_dags/example_task_group.py for tasks to queue
[2026-09-18T12:23:26.231+0700] {logging_mixin.py:190} INFO - [2026-09-18T12:23:26.231+0700] {dagbag.py:588} INFO - Filling up the DagBag from /Users/andreasanditya/Downloads/572392_Andreas_AirflowETL/code/.venv/lib/python3.9/site-packages/airflow/example_dags/example_task_group.py
[2026-09-18T12:23:26.236+0700] {processor.py:925} INFO - DAG(s) 'example_task_group' retrieved from /Users/andreasanditya/Downloads/572392_Andreas_AirflowETL/code/.venv/lib/python3.9/site-packages/airflow/example_dags/example_task_group.py
[2026-09-18T12:23:26.323+0700] {logging_mixin.py:190} INFO - [2026-09-18T12:23:26.323+0700] {dag.py:3239} INFO - Sync 1 DAGs
[2026-09-18T12:23:26.329+0700] {logging_mixin.py:190} INFO - [2026-09-18T12:23:26.329+0700] {dag.py:4180} INFO - Setting next_dagrun for example_task_group to None, run_after=None
[2026-09-18T12:23:26.339+0700] {processor.py:208} INFO - Processing /Users/andreasanditya/Downloads/572392_Andreas_AirflowETL/code/.venv/lib/python3.9/site-packages/airflow/example_dags/example_task_group.py took 0.113 seconds
[2026-09-18T12:24:51.622+0700] {processor.py:186} INFO - Started process (PID=55711) to work on /Users/andreasanditya/Downloads/572392_Andreas_AirflowETL/code/.venv/lib/python3.9/site-packages/airflow/example_dags/example_task_group.py
[2026-09-18T12:24:51.623+0700] {processor.py:914} INFO - Processing file /Users/andreasanditya/Downloads/572392_Andreas_AirflowETL/code/.venv/lib/python3.9/site-packages/airflow/example_dags/example_task_group.py for tasks to queue
[2026-09-18T12:24:51.624+0700] {logging_mixin.py:190} INFO - [2026-09-18T12:24:51.624+0700] {dagbag.py:588} INFO - Filling up the DagBag from /Users/andreasanditya/Downloads/572392_Andreas_AirflowETL/code/.venv/lib/python3.9/site-packages/airflow/example_dags/example_task_group.py
[2026-09-18T12:24:51.629+0700] {processor.py:925} INFO - DAG(s) 'example_task_group' retrieved from /Users/andreasanditya/Downloads/572392_Andreas_AirflowETL/code/.venv/lib/python3.9/site-packages/airflow/example_dags/example_task_group.py
[2026-09-18T12:24:51.715+0700] {logging_mixin.py:190} INFO - [2026-09-18T12:24:51.715+0700] {dag.py:3239} INFO - Sync 1 DAGs
[2026-09-18T12:24:51.721+0700] {logging_mixin.py:190} INFO - [2026-09-18T12:24:51.721+0700] {dag.py:4180} INFO - Setting next_dagrun for example_task_group to None, run_after=None
[2026-09-18T12:24:51.731+0700] {processor.py:208} INFO - Processing /Users/andreasanditya/Downloads/572392_Andreas_AirflowETL/code/.venv/lib/python3.9/site-packages/airflow/example_dags/example_task_group.py took 0.110 seconds
[2026-09-18T12:26:18.350+0700] {processor.py:186} INFO - Started process (PID=56702) to work on /Users/andreasanditya/Downloads/572392_Andreas_AirflowETL/code/.venv/lib/python3.9/site-packages/airflow/example_dags/example_task_group.py
[2026-09-18T12:26:18.351+0700] {processor.py:914} INFO - Processing file /Users/andreasanditya/Downloads/572392_Andreas_AirflowETL/code/.venv/lib/python3.9/site-packages/airflow/example_dags/example_task_group.py for tasks to queue
[2026-09-18T12:26:18.352+0700] {logging_mixin.py:190} INFO - [2026-09-18T12:26:18.352+0700] {dagbag.py:588} INFO - Filling up the DagBag from /Users/andreasanditya/Downloads/572392_Andreas_AirflowETL/code/.venv/lib/python3.9/site-packages/airflow/example_dags/example_task_group.py
[2026-09-18T12:26:18.357+0700] {processor.py:925} INFO - DAG(s) 'example_task_group' retrieved from /Users/andreasanditya/Downloads/572392_Andreas_AirflowETL/code/.venv/lib/python3.9/site-packages/airflow/example_dags/example_task_group.py
[2026-09-18T12:26:18.445+0700] {logging_mixin.py:190} INFO - [2026-09-18T12:26:18.445+0700] {dag.py:3239} INFO - Sync 1 DAGs
[2026-09-18T12:26:18.452+0700] {logging_mixin.py:190} INFO - [2026-09-18T12:26:18.452+0700] {dag.py:4180} INFO - Setting next_dagrun for example_task_group to None, run_after=None
[2026-09-18T12:26:18.462+0700] {processor.py:208} INFO - Processing /Users/andreasanditya/Downloads/572392_Andreas_AirflowETL/code/.venv/lib/python3.9/site-packages/airflow/example_dags/example_task_group.py took 0.113 seconds
[2026-09-18T12:27:45.797+0700] {processor.py:186} INFO - Started process (PID=57544) to work on /Users/andreasanditya/Downloads/572392_Andreas_AirflowETL/code/.venv/lib/python3.9/site-packages/airflow/example_dags/example_task_group.py
[2026-09-18T12:27:45.798+0700] {processor.py:914} INFO - Processing file /Users/andreasanditya/Downloads/572392_Andreas_AirflowETL/code/.venv/lib/python3.9/site-packages/airflow/example_dags/example_task_group.py for tasks to queue
[2026-09-18T12:27:45.799+0700] {logging_mixin.py:190} INFO - [2026-09-18T12:27:45.798+0700] {dagbag.py:588} INFO - Filling up the DagBag from /Users/andreasanditya/Downloads/572392_Andreas_AirflowETL/code/.venv/lib/python3.9/site-packages/airflow/example_dags/example_task_group.py
[2026-09-18T12:27:45.804+0700] {processor.py:925} INFO - DAG(s) 'example_task_group' retrieved from /Users/andreasanditya/Downloads/572392_Andreas_AirflowETL/code/.venv/lib/python3.9/site-packages/airflow/example_dags/example_task_group.py
[2026-09-18T12:27:45.891+0700] {logging_mixin.py:190} INFO - [2026-09-18T12:27:45.891+0700] {dag.py:3239} INFO - Sync 1 DAGs
[2026-09-18T12:27:45.898+0700] {logging_mixin.py:190} INFO - [2026-09-18T12:27:45.898+0700] {dag.py:4180} INFO - Setting next_dagrun for example_task_group to None, run_after=None
[2026-09-18T12:27:45.908+0700] {processor.py:208} INFO - Processing /Users/andreasanditya/Downloads/572392_Andreas_AirflowETL/code/.venv/lib/python3.9/site-packages/airflow/example_dags/example_task_group.py took 0.113 seconds
[2026-09-18T12:29:10.821+0700] {processor.py:186} INFO - Started process (PID=58484) to work on /Users/andreasanditya/Downloads/572392_Andreas_AirflowETL/code/.venv/lib/python3.9/site-packages/airflow/example_dags/example_task_group.py
[2026-09-18T12:29:10.822+0700] {processor.py:914} INFO - Processing file /Users/andreasanditya/Downloads/572392_Andreas_AirflowETL/code/.venv/lib/python3.9/site-packages/airflow/example_dags/example_task_group.py for tasks to queue
[2026-09-18T12:29:10.823+0700] {logging_mixin.py:190} INFO - [2026-09-18T12:29:10.822+0700] {dagbag.py:588} INFO - Filling up the DagBag from /Users/andreasanditya/Downloads/572392_Andreas_AirflowETL/code/.venv/lib/python3.9/site-packages/airflow/example_dags/example_task_group.py
[2026-09-18T12:29:10.828+0700] {processor.py:925} INFO - DAG(s) 'example_task_group' retrieved from /Users/andreasanditya/Downloads/572392_Andreas_AirflowETL/code/.venv/lib/python3.9/site-packages/airflow/example_dags/example_task_group.py
[2026-09-18T12:29:10.913+0700] {logging_mixin.py:190} INFO - [2026-09-18T12:29:10.913+0700] {dag.py:3239} INFO - Sync 1 DAGs
[2026-09-18T12:29:10.919+0700] {logging_mixin.py:190} INFO - [2026-09-18T12:29:10.919+0700] {dag.py:4180} INFO - Setting next_dagrun for example_task_group to None, run_after=None
[2026-09-18T12:29:10.929+0700] {processor.py:208} INFO - Processing /Users/andreasanditya/Downloads/572392_Andreas_AirflowETL/code/.venv/lib/python3.9/site-packages/airflow/example_dags/example_task_group.py took 0.110 seconds
[2026-09-18T12:30:34.387+0700] {processor.py:186} INFO - Started process (PID=59306) to work on /Users/andreasanditya/Downloads/572392_Andreas_AirflowETL/code/.venv/lib/python3.9/site-packages/airflow/example_dags/example_task_group.py
[2026-09-18T12:30:34.388+0700] {processor.py:914} INFO - Processing file /Users/andreasanditya/Downloads/572392_Andreas_AirflowETL/code/.venv/lib/python3.9/site-packages/airflow/example_dags/example_task_group.py for tasks to queue
[2026-09-18T12:30:34.388+0700] {logging_mixin.py:190} INFO - [2026-09-18T12:30:34.388+0700] {dagbag.py:588} INFO - Filling up the DagBag from /Users/andreasanditya/Downloads/572392_Andreas_AirflowETL/code/.venv/lib/python3.9/site-packages/airflow/example_dags/example_task_group.py
[2026-09-18T12:30:34.393+0700] {processor.py:925} INFO - DAG(s) 'example_task_group' retrieved from /Users/andreasanditya/Downloads/572392_Andreas_AirflowETL/code/.venv/lib/python3.9/site-packages/airflow/example_dags/example_task_group.py
[2026-09-18T12:30:34.479+0700] {logging_mixin.py:190} INFO - [2026-09-18T12:30:34.479+0700] {dag.py:3239} INFO - Sync 1 DAGs
[2026-09-18T12:30:34.485+0700] {logging_mixin.py:190} INFO - [2026-09-18T12:30:34.485+0700] {dag.py:4180} INFO - Setting next_dagrun for example_task_group to None, run_after=None
[2026-09-18T12:30:34.495+0700] {processor.py:208} INFO - Processing /Users/andreasanditya/Downloads/572392_Andreas_AirflowETL/code/.venv/lib/python3.9/site-packages/airflow/example_dags/example_task_group.py took 0.110 seconds
[2026-09-18T12:31:56.368+0700] {processor.py:186} INFO - Started process (PID=60135) to work on /Users/andreasanditya/Downloads/572392_Andreas_AirflowETL/code/.venv/lib/python3.9/site-packages/airflow/example_dags/example_task_group.py
[2026-09-18T12:31:56.369+0700] {processor.py:914} INFO - Processing file /Users/andreasanditya/Downloads/572392_Andreas_AirflowETL/code/.venv/lib/python3.9/site-packages/airflow/example_dags/example_task_group.py for tasks to queue
[2026-09-18T12:31:56.370+0700] {logging_mixin.py:190} INFO - [2026-09-18T12:31:56.370+0700] {dagbag.py:588} INFO - Filling up the DagBag from /Users/andreasanditya/Downloads/572392_Andreas_AirflowETL/code/.venv/lib/python3.9/site-packages/airflow/example_dags/example_task_group.py
[2026-09-18T12:31:56.375+0700] {processor.py:925} INFO - DAG(s) 'example_task_group' retrieved from /Users/andreasanditya/Downloads/572392_Andreas_AirflowETL/code/.venv/lib/python3.9/site-packages/airflow/example_dags/example_task_group.py
[2026-09-18T12:31:56.460+0700] {logging_mixin.py:190} INFO - [2026-09-18T12:31:56.460+0700] {dag.py:3239} INFO - Sync 1 DAGs
[2026-09-18T12:31:56.466+0700] {logging_mixin.py:190} INFO - [2026-09-18T12:31:56.466+0700] {dag.py:4180} INFO - Setting next_dagrun for example_task_group to None, run_after=None
[2026-09-18T12:31:56.476+0700] {processor.py:208} INFO - Processing /Users/andreasanditya/Downloads/572392_Andreas_AirflowETL/code/.venv/lib/python3.9/site-packages/airflow/example_dags/example_task_group.py took 0.110 seconds
[2026-09-18T12:33:22.424+0700] {processor.py:186} INFO - Started process (PID=60988) to work on /Users/andreasanditya/Downloads/572392_Andreas_AirflowETL/code/.venv/lib/python3.9/site-packages/airflow/example_dags/example_task_group.py
[2026-09-18T12:33:22.425+0700] {processor.py:914} INFO - Processing file /Users/andreasanditya/Downloads/572392_Andreas_AirflowETL/code/.venv/lib/python3.9/site-packages/airflow/example_dags/example_task_group.py for tasks to queue
[2026-09-18T12:33:22.425+0700] {logging_mixin.py:190} INFO - [2026-09-18T12:33:22.425+0700] {dagbag.py:588} INFO - Filling up the DagBag from /Users/andreasanditya/Downloads/572392_Andreas_AirflowETL/code/.venv/lib/python3.9/site-packages/airflow/example_dags/example_task_group.py
[2026-09-18T12:33:22.431+0700] {processor.py:925} INFO - DAG(s) 'example_task_group' retrieved from /Users/andreasanditya/Downloads/572392_Andreas_AirflowETL/code/.venv/lib/python3.9/site-packages/airflow/example_dags/example_task_group.py
[2026-09-18T12:33:22.517+0700] {logging_mixin.py:190} INFO - [2026-09-18T12:33:22.517+0700] {dag.py:3239} INFO - Sync 1 DAGs
[2026-09-18T12:33:22.524+0700] {logging_mixin.py:190} INFO - [2026-09-18T12:33:22.524+0700] {dag.py:4180} INFO - Setting next_dagrun for example_task_group to None, run_after=None
[2026-09-18T12:33:22.534+0700] {processor.py:208} INFO - Processing /Users/andreasanditya/Downloads/572392_Andreas_AirflowETL/code/.venv/lib/python3.9/site-packages/airflow/example_dags/example_task_group.py took 0.112 seconds
[2026-09-18T12:34:48.242+0700] {processor.py:186} INFO - Started process (PID=61904) to work on /Users/andreasanditya/Downloads/572392_Andreas_AirflowETL/code/.venv/lib/python3.9/site-packages/airflow/example_dags/example_task_group.py
[2026-09-18T12:34:48.243+0700] {processor.py:914} INFO - Processing file /Users/andreasanditya/Downloads/572392_Andreas_AirflowETL/code/.venv/lib/python3.9/site-packages/airflow/example_dags/example_task_group.py for tasks to queue
[2026-09-18T12:34:48.243+0700] {logging_mixin.py:190} INFO - [2026-09-18T12:34:48.243+0700] {dagbag.py:588} INFO - Filling up the DagBag from /Users/andreasanditya/Downloads/572392_Andreas_AirflowETL/code/.venv/lib/python3.9/site-packages/airflow/example_dags/example_task_group.py
[2026-09-18T12:34:48.250+0700] {processor.py:925} INFO - DAG(s) 'example_task_group' retrieved from /Users/andreasanditya/Downloads/572392_Andreas_AirflowETL/code/.venv/lib/python3.9/site-packages/airflow/example_dags/example_task_group.py
[2026-09-18T12:34:48.340+0700] {logging_mixin.py:190} INFO - [2026-09-18T12:34:48.340+0700] {dag.py:3239} INFO - Sync 1 DAGs
[2026-09-18T12:34:48.346+0700] {logging_mixin.py:190} INFO - [2026-09-18T12:34:48.346+0700] {dag.py:4180} INFO - Setting next_dagrun for example_task_group to None, run_after=None
[2026-09-18T12:34:48.356+0700] {processor.py:208} INFO - Processing /Users/andreasanditya/Downloads/572392_Andreas_AirflowETL/code/.venv/lib/python3.9/site-packages/airflow/example_dags/example_task_group.py took 0.117 seconds
[2026-09-18T12:36:12.607+0700] {processor.py:186} INFO - Started process (PID=62740) to work on /Users/andreasanditya/Downloads/572392_Andreas_AirflowETL/code/.venv/lib/python3.9/site-packages/airflow/example_dags/example_task_group.py
[2026-09-18T12:36:12.610+0700] {processor.py:914} INFO - Processing file /Users/andreasanditya/Downloads/572392_Andreas_AirflowETL/code/.venv/lib/python3.9/site-packages/airflow/example_dags/example_task_group.py for tasks to queue
[2026-09-18T12:36:12.610+0700] {logging_mixin.py:190} INFO - [2026-09-18T12:36:12.610+0700] {dagbag.py:588} INFO - Filling up the DagBag from /Users/andreasanditya/Downloads/572392_Andreas_AirflowETL/code/.venv/lib/python3.9/site-packages/airflow/example_dags/example_task_group.py
[2026-09-18T12:36:12.615+0700] {processor.py:925} INFO - DAG(s) 'example_task_group' retrieved from /Users/andreasanditya/Downloads/572392_Andreas_AirflowETL/code/.venv/lib/python3.9/site-packages/airflow/example_dags/example_task_group.py
[2026-09-18T12:36:12.702+0700] {logging_mixin.py:190} INFO - [2026-09-18T12:36:12.702+0700] {dag.py:3239} INFO - Sync 1 DAGs
[2026-09-18T12:36:12.708+0700] {logging_mixin.py:190} INFO - [2026-09-18T12:36:12.708+0700] {dag.py:4180} INFO - Setting next_dagrun for example_task_group to None, run_after=None
[2026-09-18T12:36:12.718+0700] {processor.py:208} INFO - Processing /Users/andreasanditya/Downloads/572392_Andreas_AirflowETL/code/.venv/lib/python3.9/site-packages/airflow/example_dags/example_task_group.py took 0.113 seconds
[2026-09-18T12:37:38.909+0700] {processor.py:186} INFO - Started process (PID=63676) to work on /Users/andreasanditya/Downloads/572392_Andreas_AirflowETL/code/.venv/lib/python3.9/site-packages/airflow/example_dags/example_task_group.py
[2026-09-18T12:37:38.910+0700] {processor.py:914} INFO - Processing file /Users/andreasanditya/Downloads/572392_Andreas_AirflowETL/code/.venv/lib/python3.9/site-packages/airflow/example_dags/example_task_group.py for tasks to queue
[2026-09-18T12:37:38.910+0700] {logging_mixin.py:190} INFO - [2026-09-18T12:37:38.910+0700] {dagbag.py:588} INFO - Filling up the DagBag from /Users/andreasanditya/Downloads/572392_Andreas_AirflowETL/code/.venv/lib/python3.9/site-packages/airflow/example_dags/example_task_group.py
[2026-09-18T12:37:38.915+0700] {processor.py:925} INFO - DAG(s) 'example_task_group' retrieved from /Users/andreasanditya/Downloads/572392_Andreas_AirflowETL/code/.venv/lib/python3.9/site-packages/airflow/example_dags/example_task_group.py
[2026-09-18T12:37:39.000+0700] {logging_mixin.py:190} INFO - [2026-09-18T12:37:39.000+0700] {dag.py:3239} INFO - Sync 1 DAGs
[2026-09-18T12:37:39.007+0700] {logging_mixin.py:190} INFO - [2026-09-18T12:37:39.006+0700] {dag.py:4180} INFO - Setting next_dagrun for example_task_group to None, run_after=None
[2026-09-18T12:37:39.016+0700] {processor.py:208} INFO - Processing /Users/andreasanditya/Downloads/572392_Andreas_AirflowETL/code/.venv/lib/python3.9/site-packages/airflow/example_dags/example_task_group.py took 0.110 seconds
[2026-09-18T12:39:06.076+0700] {processor.py:186} INFO - Started process (PID=64513) to work on /Users/andreasanditya/Downloads/572392_Andreas_AirflowETL/code/.venv/lib/python3.9/site-packages/airflow/example_dags/example_task_group.py
[2026-09-18T12:39:06.077+0700] {processor.py:914} INFO - Processing file /Users/andreasanditya/Downloads/572392_Andreas_AirflowETL/code/.venv/lib/python3.9/site-packages/airflow/example_dags/example_task_group.py for tasks to queue
[2026-09-18T12:39:06.078+0700] {logging_mixin.py:190} INFO - [2026-09-18T12:39:06.078+0700] {dagbag.py:588} INFO - Filling up the DagBag from /Users/andreasanditya/Downloads/572392_Andreas_AirflowETL/code/.venv/lib/python3.9/site-packages/airflow/example_dags/example_task_group.py
[2026-09-18T12:39:06.083+0700] {processor.py:925} INFO - DAG(s) 'example_task_group' retrieved from /Users/andreasanditya/Downloads/572392_Andreas_AirflowETL/code/.venv/lib/python3.9/site-packages/airflow/example_dags/example_task_group.py
[2026-09-18T12:39:06.170+0700] {logging_mixin.py:190} INFO - [2026-09-18T12:39:06.169+0700] {dag.py:3239} INFO - Sync 1 DAGs
[2026-09-18T12:39:06.176+0700] {logging_mixin.py:190} INFO - [2026-09-18T12:39:06.176+0700] {dag.py:4180} INFO - Setting next_dagrun for example_task_group to None, run_after=None
[2026-09-18T12:39:06.186+0700] {processor.py:208} INFO - Processing /Users/andreasanditya/Downloads/572392_Andreas_AirflowETL/code/.venv/lib/python3.9/site-packages/airflow/example_dags/example_task_group.py took 0.112 seconds
[2026-09-18T12:40:34.180+0700] {processor.py:186} INFO - Started process (PID=65426) to work on /Users/andreasanditya/Downloads/572392_Andreas_AirflowETL/code/.venv/lib/python3.9/site-packages/airflow/example_dags/example_task_group.py
[2026-09-18T12:40:34.181+0700] {processor.py:914} INFO - Processing file /Users/andreasanditya/Downloads/572392_Andreas_AirflowETL/code/.venv/lib/python3.9/site-packages/airflow/example_dags/example_task_group.py for tasks to queue
[2026-09-18T12:40:34.182+0700] {logging_mixin.py:190} INFO - [2026-09-18T12:40:34.181+0700] {dagbag.py:588} INFO - Filling up the DagBag from /Users/andreasanditya/Downloads/572392_Andreas_AirflowETL/code/.venv/lib/python3.9/site-packages/airflow/example_dags/example_task_group.py
[2026-09-18T12:40:34.187+0700] {processor.py:925} INFO - DAG(s) 'example_task_group' retrieved from /Users/andreasanditya/Downloads/572392_Andreas_AirflowETL/code/.venv/lib/python3.9/site-packages/airflow/example_dags/example_task_group.py
[2026-09-18T12:40:34.272+0700] {logging_mixin.py:190} INFO - [2026-09-18T12:40:34.272+0700] {dag.py:3239} INFO - Sync 1 DAGs
[2026-09-18T12:40:34.279+0700] {logging_mixin.py:190} INFO - [2026-09-18T12:40:34.279+0700] {dag.py:4180} INFO - Setting next_dagrun for example_task_group to None, run_after=None
[2026-09-18T12:40:34.289+0700] {processor.py:208} INFO - Processing /Users/andreasanditya/Downloads/572392_Andreas_AirflowETL/code/.venv/lib/python3.9/site-packages/airflow/example_dags/example_task_group.py took 0.111 seconds
[2026-09-18T12:41:59.336+0700] {processor.py:186} INFO - Started process (PID=66336) to work on /Users/andreasanditya/Downloads/572392_Andreas_AirflowETL/code/.venv/lib/python3.9/site-packages/airflow/example_dags/example_task_group.py
[2026-09-18T12:41:59.337+0700] {processor.py:914} INFO - Processing file /Users/andreasanditya/Downloads/572392_Andreas_AirflowETL/code/.venv/lib/python3.9/site-packages/airflow/example_dags/example_task_group.py for tasks to queue
[2026-09-18T12:41:59.338+0700] {logging_mixin.py:190} INFO - [2026-09-18T12:41:59.338+0700] {dagbag.py:588} INFO - Filling up the DagBag from /Users/andreasanditya/Downloads/572392_Andreas_AirflowETL/code/.venv/lib/python3.9/site-packages/airflow/example_dags/example_task_group.py
[2026-09-18T12:41:59.343+0700] {processor.py:925} INFO - DAG(s) 'example_task_group' retrieved from /Users/andreasanditya/Downloads/572392_Andreas_AirflowETL/code/.venv/lib/python3.9/site-packages/airflow/example_dags/example_task_group.py
[2026-09-18T12:41:59.428+0700] {logging_mixin.py:190} INFO - [2026-09-18T12:41:59.428+0700] {dag.py:3239} INFO - Sync 1 DAGs
[2026-09-18T12:41:59.434+0700] {logging_mixin.py:190} INFO - [2026-09-18T12:41:59.434+0700] {dag.py:4180} INFO - Setting next_dagrun for example_task_group to None, run_after=None
[2026-09-18T12:41:59.444+0700] {processor.py:208} INFO - Processing /Users/andreasanditya/Downloads/572392_Andreas_AirflowETL/code/.venv/lib/python3.9/site-packages/airflow/example_dags/example_task_group.py took 0.110 seconds
[2026-09-18T12:43:26.035+0700] {processor.py:186} INFO - Started process (PID=67164) to work on /Users/andreasanditya/Downloads/572392_Andreas_AirflowETL/code/.venv/lib/python3.9/site-packages/airflow/example_dags/example_task_group.py
[2026-09-18T12:43:26.035+0700] {processor.py:914} INFO - Processing file /Users/andreasanditya/Downloads/572392_Andreas_AirflowETL/code/.venv/lib/python3.9/site-packages/airflow/example_dags/example_task_group.py for tasks to queue
[2026-09-18T12:43:26.036+0700] {logging_mixin.py:190} INFO - [2026-09-18T12:43:26.036+0700] {dagbag.py:588} INFO - Filling up the DagBag from /Users/andreasanditya/Downloads/572392_Andreas_AirflowETL/code/.venv/lib/python3.9/site-packages/airflow/example_dags/example_task_group.py
[2026-09-18T12:43:26.041+0700] {processor.py:925} INFO - DAG(s) 'example_task_group' retrieved from /Users/andreasanditya/Downloads/572392_Andreas_AirflowETL/code/.venv/lib/python3.9/site-packages/airflow/example_dags/example_task_group.py
[2026-09-18T12:43:26.130+0700] {logging_mixin.py:190} INFO - [2026-09-18T12:43:26.130+0700] {dag.py:3239} INFO - Sync 1 DAGs
[2026-09-18T12:43:26.136+0700] {logging_mixin.py:190} INFO - [2026-09-18T12:43:26.136+0700] {dag.py:4180} INFO - Setting next_dagrun for example_task_group to None, run_after=None
[2026-09-18T12:43:26.146+0700] {processor.py:208} INFO - Processing /Users/andreasanditya/Downloads/572392_Andreas_AirflowETL/code/.venv/lib/python3.9/site-packages/airflow/example_dags/example_task_group.py took 0.113 seconds
[2026-09-18T12:44:52.440+0700] {processor.py:186} INFO - Started process (PID=68077) to work on /Users/andreasanditya/Downloads/572392_Andreas_AirflowETL/code/.venv/lib/python3.9/site-packages/airflow/example_dags/example_task_group.py
[2026-09-18T12:44:52.441+0700] {processor.py:914} INFO - Processing file /Users/andreasanditya/Downloads/572392_Andreas_AirflowETL/code/.venv/lib/python3.9/site-packages/airflow/example_dags/example_task_group.py for tasks to queue
[2026-09-18T12:44:52.442+0700] {logging_mixin.py:190} INFO - [2026-09-18T12:44:52.441+0700] {dagbag.py:588} INFO - Filling up the DagBag from /Users/andreasanditya/Downloads/572392_Andreas_AirflowETL/code/.venv/lib/python3.9/site-packages/airflow/example_dags/example_task_group.py
[2026-09-18T12:44:52.447+0700] {processor.py:925} INFO - DAG(s) 'example_task_group' retrieved from /Users/andreasanditya/Downloads/572392_Andreas_AirflowETL/code/.venv/lib/python3.9/site-packages/airflow/example_dags/example_task_group.py
[2026-09-18T12:44:52.531+0700] {logging_mixin.py:190} INFO - [2026-09-18T12:44:52.531+0700] {dag.py:3239} INFO - Sync 1 DAGs
[2026-09-18T12:44:52.538+0700] {logging_mixin.py:190} INFO - [2026-09-18T12:44:52.538+0700] {dag.py:4180} INFO - Setting next_dagrun for example_task_group to None, run_after=None
[2026-09-18T12:44:52.548+0700] {processor.py:208} INFO - Processing /Users/andreasanditya/Downloads/572392_Andreas_AirflowETL/code/.venv/lib/python3.9/site-packages/airflow/example_dags/example_task_group.py took 0.110 seconds
[2026-09-18T12:46:19.337+0700] {processor.py:186} INFO - Started process (PID=68929) to work on /Users/andreasanditya/Downloads/572392_Andreas_AirflowETL/code/.venv/lib/python3.9/site-packages/airflow/example_dags/example_task_group.py
[2026-09-18T12:46:19.338+0700] {processor.py:914} INFO - Processing file /Users/andreasanditya/Downloads/572392_Andreas_AirflowETL/code/.venv/lib/python3.9/site-packages/airflow/example_dags/example_task_group.py for tasks to queue
[2026-09-18T12:46:19.338+0700] {logging_mixin.py:190} INFO - [2026-09-18T12:46:19.338+0700] {dagbag.py:588} INFO - Filling up the DagBag from /Users/andreasanditya/Downloads/572392_Andreas_AirflowETL/code/.venv/lib/python3.9/site-packages/airflow/example_dags/example_task_group.py
[2026-09-18T12:46:19.343+0700] {processor.py:925} INFO - DAG(s) 'example_task_group' retrieved from /Users/andreasanditya/Downloads/572392_Andreas_AirflowETL/code/.venv/lib/python3.9/site-packages/airflow/example_dags/example_task_group.py
[2026-09-18T12:46:19.429+0700] {logging_mixin.py:190} INFO - [2026-09-18T12:46:19.429+0700] {dag.py:3239} INFO - Sync 1 DAGs
[2026-09-18T12:46:19.436+0700] {logging_mixin.py:190} INFO - [2026-09-18T12:46:19.435+0700] {dag.py:4180} INFO - Setting next_dagrun for example_task_group to None, run_after=None
[2026-09-18T12:46:19.445+0700] {processor.py:208} INFO - Processing /Users/andreasanditya/Downloads/572392_Andreas_AirflowETL/code/.venv/lib/python3.9/site-packages/airflow/example_dags/example_task_group.py took 0.111 seconds
[2026-09-18T12:47:45.528+0700] {processor.py:186} INFO - Started process (PID=69841) to work on /Users/andreasanditya/Downloads/572392_Andreas_AirflowETL/code/.venv/lib/python3.9/site-packages/airflow/example_dags/example_task_group.py
[2026-09-18T12:47:45.529+0700] {processor.py:914} INFO - Processing file /Users/andreasanditya/Downloads/572392_Andreas_AirflowETL/code/.venv/lib/python3.9/site-packages/airflow/example_dags/example_task_group.py for tasks to queue
[2026-09-18T12:47:45.530+0700] {logging_mixin.py:190} INFO - [2026-09-18T12:47:45.530+0700] {dagbag.py:588} INFO - Filling up the DagBag from /Users/andreasanditya/Downloads/572392_Andreas_AirflowETL/code/.venv/lib/python3.9/site-packages/airflow/example_dags/example_task_group.py
[2026-09-18T12:47:45.535+0700] {processor.py:925} INFO - DAG(s) 'example_task_group' retrieved from /Users/andreasanditya/Downloads/572392_Andreas_AirflowETL/code/.venv/lib/python3.9/site-packages/airflow/example_dags/example_task_group.py
[2026-09-18T12:47:45.621+0700] {logging_mixin.py:190} INFO - [2026-09-18T12:47:45.620+0700] {dag.py:3239} INFO - Sync 1 DAGs
[2026-09-18T12:47:45.627+0700] {logging_mixin.py:190} INFO - [2026-09-18T12:47:45.627+0700] {dag.py:4180} INFO - Setting next_dagrun for example_task_group to None, run_after=None
[2026-09-18T12:47:45.637+0700] {processor.py:208} INFO - Processing /Users/andreasanditya/Downloads/572392_Andreas_AirflowETL/code/.venv/lib/python3.9/site-packages/airflow/example_dags/example_task_group.py took 0.111 seconds
[2026-09-18T12:49:11.846+0700] {processor.py:186} INFO - Started process (PID=70677) to work on /Users/andreasanditya/Downloads/572392_Andreas_AirflowETL/code/.venv/lib/python3.9/site-packages/airflow/example_dags/example_task_group.py
[2026-09-18T12:49:11.848+0700] {processor.py:914} INFO - Processing file /Users/andreasanditya/Downloads/572392_Andreas_AirflowETL/code/.venv/lib/python3.9/site-packages/airflow/example_dags/example_task_group.py for tasks to queue
[2026-09-18T12:49:11.849+0700] {logging_mixin.py:190} INFO - [2026-09-18T12:49:11.849+0700] {dagbag.py:588} INFO - Filling up the DagBag from /Users/andreasanditya/Downloads/572392_Andreas_AirflowETL/code/.venv/lib/python3.9/site-packages/airflow/example_dags/example_task_group.py
[2026-09-18T12:49:11.854+0700] {processor.py:925} INFO - DAG(s) 'example_task_group' retrieved from /Users/andreasanditya/Downloads/572392_Andreas_AirflowETL/code/.venv/lib/python3.9/site-packages/airflow/example_dags/example_task_group.py
[2026-09-18T12:49:11.943+0700] {logging_mixin.py:190} INFO - [2026-09-18T12:49:11.943+0700] {dag.py:3239} INFO - Sync 1 DAGs
[2026-09-18T12:49:11.949+0700] {logging_mixin.py:190} INFO - [2026-09-18T12:49:11.949+0700] {dag.py:4180} INFO - Setting next_dagrun for example_task_group to None, run_after=None
[2026-09-18T12:49:11.959+0700] {processor.py:208} INFO - Processing /Users/andreasanditya/Downloads/572392_Andreas_AirflowETL/code/.venv/lib/python3.9/site-packages/airflow/example_dags/example_task_group.py took 0.116 seconds
[2026-09-18T12:50:35.627+0700] {processor.py:186} INFO - Started process (PID=71576) to work on /Users/andreasanditya/Downloads/572392_Andreas_AirflowETL/code/.venv/lib/python3.9/site-packages/airflow/example_dags/example_task_group.py
[2026-09-18T12:50:35.628+0700] {processor.py:914} INFO - Processing file /Users/andreasanditya/Downloads/572392_Andreas_AirflowETL/code/.venv/lib/python3.9/site-packages/airflow/example_dags/example_task_group.py for tasks to queue
[2026-09-18T12:50:35.629+0700] {logging_mixin.py:190} INFO - [2026-09-18T12:50:35.628+0700] {dagbag.py:588} INFO - Filling up the DagBag from /Users/andreasanditya/Downloads/572392_Andreas_AirflowETL/code/.venv/lib/python3.9/site-packages/airflow/example_dags/example_task_group.py
[2026-09-18T12:50:35.633+0700] {processor.py:925} INFO - DAG(s) 'example_task_group' retrieved from /Users/andreasanditya/Downloads/572392_Andreas_AirflowETL/code/.venv/lib/python3.9/site-packages/airflow/example_dags/example_task_group.py
[2026-09-18T12:50:35.719+0700] {logging_mixin.py:190} INFO - [2026-09-18T12:50:35.719+0700] {dag.py:3239} INFO - Sync 1 DAGs
[2026-09-18T12:50:35.725+0700] {logging_mixin.py:190} INFO - [2026-09-18T12:50:35.725+0700] {dag.py:4180} INFO - Setting next_dagrun for example_task_group to None, run_after=None
[2026-09-18T12:50:35.735+0700] {processor.py:208} INFO - Processing /Users/andreasanditya/Downloads/572392_Andreas_AirflowETL/code/.venv/lib/python3.9/site-packages/airflow/example_dags/example_task_group.py took 0.110 seconds
[2026-09-18T12:51:57.620+0700] {processor.py:186} INFO - Started process (PID=72410) to work on /Users/andreasanditya/Downloads/572392_Andreas_AirflowETL/code/.venv/lib/python3.9/site-packages/airflow/example_dags/example_task_group.py
[2026-09-18T12:51:57.621+0700] {processor.py:914} INFO - Processing file /Users/andreasanditya/Downloads/572392_Andreas_AirflowETL/code/.venv/lib/python3.9/site-packages/airflow/example_dags/example_task_group.py for tasks to queue
[2026-09-18T12:51:57.622+0700] {logging_mixin.py:190} INFO - [2026-09-18T12:51:57.622+0700] {dagbag.py:588} INFO - Filling up the DagBag from /Users/andreasanditya/Downloads/572392_Andreas_AirflowETL/code/.venv/lib/python3.9/site-packages/airflow/example_dags/example_task_group.py
[2026-09-18T12:51:57.627+0700] {processor.py:925} INFO - DAG(s) 'example_task_group' retrieved from /Users/andreasanditya/Downloads/572392_Andreas_AirflowETL/code/.venv/lib/python3.9/site-packages/airflow/example_dags/example_task_group.py
[2026-09-18T12:51:57.713+0700] {logging_mixin.py:190} INFO - [2026-09-18T12:51:57.713+0700] {dag.py:3239} INFO - Sync 1 DAGs
[2026-09-18T12:51:57.719+0700] {logging_mixin.py:190} INFO - [2026-09-18T12:51:57.719+0700] {dag.py:4180} INFO - Setting next_dagrun for example_task_group to None, run_after=None
[2026-09-18T12:51:57.729+0700] {processor.py:208} INFO - Processing /Users/andreasanditya/Downloads/572392_Andreas_AirflowETL/code/.venv/lib/python3.9/site-packages/airflow/example_dags/example_task_group.py took 0.111 seconds
[2026-09-18T12:53:24.816+0700] {processor.py:186} INFO - Started process (PID=73243) to work on /Users/andreasanditya/Downloads/572392_Andreas_AirflowETL/code/.venv/lib/python3.9/site-packages/airflow/example_dags/example_task_group.py
[2026-09-18T12:53:24.817+0700] {processor.py:914} INFO - Processing file /Users/andreasanditya/Downloads/572392_Andreas_AirflowETL/code/.venv/lib/python3.9/site-packages/airflow/example_dags/example_task_group.py for tasks to queue
[2026-09-18T12:53:24.817+0700] {logging_mixin.py:190} INFO - [2026-09-18T12:53:24.817+0700] {dagbag.py:588} INFO - Filling up the DagBag from /Users/andreasanditya/Downloads/572392_Andreas_AirflowETL/code/.venv/lib/python3.9/site-packages/airflow/example_dags/example_task_group.py
[2026-09-18T12:53:24.822+0700] {processor.py:925} INFO - DAG(s) 'example_task_group' retrieved from /Users/andreasanditya/Downloads/572392_Andreas_AirflowETL/code/.venv/lib/python3.9/site-packages/airflow/example_dags/example_task_group.py
[2026-09-18T12:53:24.907+0700] {logging_mixin.py:190} INFO - [2026-09-18T12:53:24.907+0700] {dag.py:3239} INFO - Sync 1 DAGs
[2026-09-18T12:53:24.913+0700] {logging_mixin.py:190} INFO - [2026-09-18T12:53:24.913+0700] {dag.py:4180} INFO - Setting next_dagrun for example_task_group to None, run_after=None
[2026-09-18T12:53:24.923+0700] {processor.py:208} INFO - Processing /Users/andreasanditya/Downloads/572392_Andreas_AirflowETL/code/.venv/lib/python3.9/site-packages/airflow/example_dags/example_task_group.py took 0.110 seconds
[2026-09-18T12:54:49.100+0700] {processor.py:186} INFO - Started process (PID=74179) to work on /Users/andreasanditya/Downloads/572392_Andreas_AirflowETL/code/.venv/lib/python3.9/site-packages/airflow/example_dags/example_task_group.py
[2026-09-18T12:54:49.101+0700] {processor.py:914} INFO - Processing file /Users/andreasanditya/Downloads/572392_Andreas_AirflowETL/code/.venv/lib/python3.9/site-packages/airflow/example_dags/example_task_group.py for tasks to queue
[2026-09-18T12:54:49.102+0700] {logging_mixin.py:190} INFO - [2026-09-18T12:54:49.102+0700] {dagbag.py:588} INFO - Filling up the DagBag from /Users/andreasanditya/Downloads/572392_Andreas_AirflowETL/code/.venv/lib/python3.9/site-packages/airflow/example_dags/example_task_group.py
[2026-09-18T12:54:49.107+0700] {processor.py:925} INFO - DAG(s) 'example_task_group' retrieved from /Users/andreasanditya/Downloads/572392_Andreas_AirflowETL/code/.venv/lib/python3.9/site-packages/airflow/example_dags/example_task_group.py
[2026-09-18T12:54:49.195+0700] {logging_mixin.py:190} INFO - [2026-09-18T12:54:49.194+0700] {dag.py:3239} INFO - Sync 1 DAGs
[2026-09-18T12:54:49.202+0700] {logging_mixin.py:190} INFO - [2026-09-18T12:54:49.202+0700] {dag.py:4180} INFO - Setting next_dagrun for example_task_group to None, run_after=None
[2026-09-18T12:54:49.214+0700] {processor.py:208} INFO - Processing /Users/andreasanditya/Downloads/572392_Andreas_AirflowETL/code/.venv/lib/python3.9/site-packages/airflow/example_dags/example_task_group.py took 0.116 seconds
[2026-09-18T12:56:12.931+0700] {processor.py:186} INFO - Started process (PID=75016) to work on /Users/andreasanditya/Downloads/572392_Andreas_AirflowETL/code/.venv/lib/python3.9/site-packages/airflow/example_dags/example_task_group.py
[2026-09-18T12:56:12.933+0700] {processor.py:914} INFO - Processing file /Users/andreasanditya/Downloads/572392_Andreas_AirflowETL/code/.venv/lib/python3.9/site-packages/airflow/example_dags/example_task_group.py for tasks to queue
[2026-09-18T12:56:12.933+0700] {logging_mixin.py:190} INFO - [2026-09-18T12:56:12.933+0700] {dagbag.py:588} INFO - Filling up the DagBag from /Users/andreasanditya/Downloads/572392_Andreas_AirflowETL/code/.venv/lib/python3.9/site-packages/airflow/example_dags/example_task_group.py
[2026-09-18T12:56:12.938+0700] {processor.py:925} INFO - DAG(s) 'example_task_group' retrieved from /Users/andreasanditya/Downloads/572392_Andreas_AirflowETL/code/.venv/lib/python3.9/site-packages/airflow/example_dags/example_task_group.py
[2026-09-18T12:56:13.024+0700] {logging_mixin.py:190} INFO - [2026-09-18T12:56:13.024+0700] {dag.py:3239} INFO - Sync 1 DAGs
[2026-09-18T12:56:13.030+0700] {logging_mixin.py:190} INFO - [2026-09-18T12:56:13.030+0700] {dag.py:4180} INFO - Setting next_dagrun for example_task_group to None, run_after=None
[2026-09-18T12:56:13.040+0700] {processor.py:208} INFO - Processing /Users/andreasanditya/Downloads/572392_Andreas_AirflowETL/code/.venv/lib/python3.9/site-packages/airflow/example_dags/example_task_group.py took 0.111 seconds
[2026-09-18T12:57:39.631+0700] {processor.py:186} INFO - Started process (PID=75834) to work on /Users/andreasanditya/Downloads/572392_Andreas_AirflowETL/code/.venv/lib/python3.9/site-packages/airflow/example_dags/example_task_group.py
[2026-09-18T12:57:39.632+0700] {processor.py:914} INFO - Processing file /Users/andreasanditya/Downloads/572392_Andreas_AirflowETL/code/.venv/lib/python3.9/site-packages/airflow/example_dags/example_task_group.py for tasks to queue
[2026-09-18T12:57:39.633+0700] {logging_mixin.py:190} INFO - [2026-09-18T12:57:39.633+0700] {dagbag.py:588} INFO - Filling up the DagBag from /Users/andreasanditya/Downloads/572392_Andreas_AirflowETL/code/.venv/lib/python3.9/site-packages/airflow/example_dags/example_task_group.py
[2026-09-18T12:57:39.638+0700] {processor.py:925} INFO - DAG(s) 'example_task_group' retrieved from /Users/andreasanditya/Downloads/572392_Andreas_AirflowETL/code/.venv/lib/python3.9/site-packages/airflow/example_dags/example_task_group.py
[2026-09-18T12:57:39.725+0700] {logging_mixin.py:190} INFO - [2026-09-18T12:57:39.725+0700] {dag.py:3239} INFO - Sync 1 DAGs
[2026-09-18T12:57:39.731+0700] {logging_mixin.py:190} INFO - [2026-09-18T12:57:39.731+0700] {dag.py:4180} INFO - Setting next_dagrun for example_task_group to None, run_after=None
[2026-09-18T12:57:39.741+0700] {processor.py:208} INFO - Processing /Users/andreasanditya/Downloads/572392_Andreas_AirflowETL/code/.venv/lib/python3.9/site-packages/airflow/example_dags/example_task_group.py took 0.112 seconds
[2026-09-18T12:59:04.559+0700] {processor.py:186} INFO - Started process (PID=76784) to work on /Users/andreasanditya/Downloads/572392_Andreas_AirflowETL/code/.venv/lib/python3.9/site-packages/airflow/example_dags/example_task_group.py
[2026-09-18T12:59:04.560+0700] {processor.py:914} INFO - Processing file /Users/andreasanditya/Downloads/572392_Andreas_AirflowETL/code/.venv/lib/python3.9/site-packages/airflow/example_dags/example_task_group.py for tasks to queue
[2026-09-18T12:59:04.561+0700] {logging_mixin.py:190} INFO - [2026-09-18T12:59:04.561+0700] {dagbag.py:588} INFO - Filling up the DagBag from /Users/andreasanditya/Downloads/572392_Andreas_AirflowETL/code/.venv/lib/python3.9/site-packages/airflow/example_dags/example_task_group.py
[2026-09-18T12:59:04.566+0700] {processor.py:925} INFO - DAG(s) 'example_task_group' retrieved from /Users/andreasanditya/Downloads/572392_Andreas_AirflowETL/code/.venv/lib/python3.9/site-packages/airflow/example_dags/example_task_group.py
[2026-09-18T12:59:04.654+0700] {logging_mixin.py:190} INFO - [2026-09-18T12:59:04.653+0700] {dag.py:3239} INFO - Sync 1 DAGs
[2026-09-18T12:59:04.660+0700] {logging_mixin.py:190} INFO - [2026-09-18T12:59:04.660+0700] {dag.py:4180} INFO - Setting next_dagrun for example_task_group to None, run_after=None
[2026-09-18T12:59:04.671+0700] {processor.py:208} INFO - Processing /Users/andreasanditya/Downloads/572392_Andreas_AirflowETL/code/.venv/lib/python3.9/site-packages/airflow/example_dags/example_task_group.py took 0.114 seconds
[2026-09-18T13:00:31.069+0700] {processor.py:186} INFO - Started process (PID=77616) to work on /Users/andreasanditya/Downloads/572392_Andreas_AirflowETL/code/.venv/lib/python3.9/site-packages/airflow/example_dags/example_task_group.py
[2026-09-18T13:00:31.070+0700] {processor.py:914} INFO - Processing file /Users/andreasanditya/Downloads/572392_Andreas_AirflowETL/code/.venv/lib/python3.9/site-packages/airflow/example_dags/example_task_group.py for tasks to queue
[2026-09-18T13:00:31.071+0700] {logging_mixin.py:190} INFO - [2026-09-18T13:00:31.071+0700] {dagbag.py:588} INFO - Filling up the DagBag from /Users/andreasanditya/Downloads/572392_Andreas_AirflowETL/code/.venv/lib/python3.9/site-packages/airflow/example_dags/example_task_group.py
[2026-09-18T13:00:31.076+0700] {processor.py:925} INFO - DAG(s) 'example_task_group' retrieved from /Users/andreasanditya/Downloads/572392_Andreas_AirflowETL/code/.venv/lib/python3.9/site-packages/airflow/example_dags/example_task_group.py
[2026-09-18T13:00:31.163+0700] {logging_mixin.py:190} INFO - [2026-09-18T13:00:31.162+0700] {dag.py:3239} INFO - Sync 1 DAGs
[2026-09-18T13:00:31.169+0700] {logging_mixin.py:190} INFO - [2026-09-18T13:00:31.169+0700] {dag.py:4180} INFO - Setting next_dagrun for example_task_group to None, run_after=None
[2026-09-18T13:00:31.179+0700] {processor.py:208} INFO - Processing /Users/andreasanditya/Downloads/572392_Andreas_AirflowETL/code/.venv/lib/python3.9/site-packages/airflow/example_dags/example_task_group.py took 0.112 seconds
[2026-09-18T13:01:57.793+0700] {processor.py:186} INFO - Started process (PID=78529) to work on /Users/andreasanditya/Downloads/572392_Andreas_AirflowETL/code/.venv/lib/python3.9/site-packages/airflow/example_dags/example_task_group.py
[2026-09-18T13:01:57.796+0700] {processor.py:914} INFO - Processing file /Users/andreasanditya/Downloads/572392_Andreas_AirflowETL/code/.venv/lib/python3.9/site-packages/airflow/example_dags/example_task_group.py for tasks to queue
[2026-09-18T13:01:57.797+0700] {logging_mixin.py:190} INFO - [2026-09-18T13:01:57.796+0700] {dagbag.py:588} INFO - Filling up the DagBag from /Users/andreasanditya/Downloads/572392_Andreas_AirflowETL/code/.venv/lib/python3.9/site-packages/airflow/example_dags/example_task_group.py
[2026-09-18T13:01:57.802+0700] {processor.py:925} INFO - DAG(s) 'example_task_group' retrieved from /Users/andreasanditya/Downloads/572392_Andreas_AirflowETL/code/.venv/lib/python3.9/site-packages/airflow/example_dags/example_task_group.py
[2026-09-18T13:01:57.887+0700] {logging_mixin.py:190} INFO - [2026-09-18T13:01:57.887+0700] {dag.py:3239} INFO - Sync 1 DAGs
[2026-09-18T13:01:57.894+0700] {logging_mixin.py:190} INFO - [2026-09-18T13:01:57.894+0700] {dag.py:4180} INFO - Setting next_dagrun for example_task_group to None, run_after=None
[2026-09-18T13:01:57.903+0700] {processor.py:208} INFO - Processing /Users/andreasanditya/Downloads/572392_Andreas_AirflowETL/code/.venv/lib/python3.9/site-packages/airflow/example_dags/example_task_group.py took 0.113 seconds
[2026-09-18T13:03:23.300+0700] {processor.py:186} INFO - Started process (PID=79382) to work on /Users/andreasanditya/Downloads/572392_Andreas_AirflowETL/code/.venv/lib/python3.9/site-packages/airflow/example_dags/example_task_group.py
[2026-09-18T13:03:23.301+0700] {processor.py:914} INFO - Processing file /Users/andreasanditya/Downloads/572392_Andreas_AirflowETL/code/.venv/lib/python3.9/site-packages/airflow/example_dags/example_task_group.py for tasks to queue
[2026-09-18T13:03:23.302+0700] {logging_mixin.py:190} INFO - [2026-09-18T13:03:23.302+0700] {dagbag.py:588} INFO - Filling up the DagBag from /Users/andreasanditya/Downloads/572392_Andreas_AirflowETL/code/.venv/lib/python3.9/site-packages/airflow/example_dags/example_task_group.py
[2026-09-18T13:03:23.307+0700] {processor.py:925} INFO - DAG(s) 'example_task_group' retrieved from /Users/andreasanditya/Downloads/572392_Andreas_AirflowETL/code/.venv/lib/python3.9/site-packages/airflow/example_dags/example_task_group.py
[2026-09-18T13:03:23.392+0700] {logging_mixin.py:190} INFO - [2026-09-18T13:03:23.392+0700] {dag.py:3239} INFO - Sync 1 DAGs
[2026-09-18T13:03:23.399+0700] {logging_mixin.py:190} INFO - [2026-09-18T13:03:23.398+0700] {dag.py:4180} INFO - Setting next_dagrun for example_task_group to None, run_after=None
[2026-09-18T13:03:23.408+0700] {processor.py:208} INFO - Processing /Users/andreasanditya/Downloads/572392_Andreas_AirflowETL/code/.venv/lib/python3.9/site-packages/airflow/example_dags/example_task_group.py took 0.111 seconds
[2026-09-18T13:04:49.224+0700] {processor.py:186} INFO - Started process (PID=80304) to work on /Users/andreasanditya/Downloads/572392_Andreas_AirflowETL/code/.venv/lib/python3.9/site-packages/airflow/example_dags/example_task_group.py
[2026-09-18T13:04:49.225+0700] {processor.py:914} INFO - Processing file /Users/andreasanditya/Downloads/572392_Andreas_AirflowETL/code/.venv/lib/python3.9/site-packages/airflow/example_dags/example_task_group.py for tasks to queue
[2026-09-18T13:04:49.225+0700] {logging_mixin.py:190} INFO - [2026-09-18T13:04:49.225+0700] {dagbag.py:588} INFO - Filling up the DagBag from /Users/andreasanditya/Downloads/572392_Andreas_AirflowETL/code/.venv/lib/python3.9/site-packages/airflow/example_dags/example_task_group.py
[2026-09-18T13:04:49.230+0700] {processor.py:925} INFO - DAG(s) 'example_task_group' retrieved from /Users/andreasanditya/Downloads/572392_Andreas_AirflowETL/code/.venv/lib/python3.9/site-packages/airflow/example_dags/example_task_group.py
[2026-09-18T13:04:49.315+0700] {logging_mixin.py:190} INFO - [2026-09-18T13:04:49.315+0700] {dag.py:3239} INFO - Sync 1 DAGs
[2026-09-18T13:04:49.322+0700] {logging_mixin.py:190} INFO - [2026-09-18T13:04:49.322+0700] {dag.py:4180} INFO - Setting next_dagrun for example_task_group to None, run_after=None
[2026-09-18T13:04:49.332+0700] {processor.py:208} INFO - Processing /Users/andreasanditya/Downloads/572392_Andreas_AirflowETL/code/.venv/lib/python3.9/site-packages/airflow/example_dags/example_task_group.py took 0.110 seconds
[2026-09-18T13:06:16.008+0700] {processor.py:186} INFO - Started process (PID=81142) to work on /Users/andreasanditya/Downloads/572392_Andreas_AirflowETL/code/.venv/lib/python3.9/site-packages/airflow/example_dags/example_task_group.py
[2026-09-18T13:06:16.009+0700] {processor.py:914} INFO - Processing file /Users/andreasanditya/Downloads/572392_Andreas_AirflowETL/code/.venv/lib/python3.9/site-packages/airflow/example_dags/example_task_group.py for tasks to queue
[2026-09-18T13:06:16.010+0700] {logging_mixin.py:190} INFO - [2026-09-18T13:06:16.010+0700] {dagbag.py:588} INFO - Filling up the DagBag from /Users/andreasanditya/Downloads/572392_Andreas_AirflowETL/code/.venv/lib/python3.9/site-packages/airflow/example_dags/example_task_group.py
[2026-09-18T13:06:16.015+0700] {processor.py:925} INFO - DAG(s) 'example_task_group' retrieved from /Users/andreasanditya/Downloads/572392_Andreas_AirflowETL/code/.venv/lib/python3.9/site-packages/airflow/example_dags/example_task_group.py
[2026-09-18T13:06:16.101+0700] {logging_mixin.py:190} INFO - [2026-09-18T13:06:16.101+0700] {dag.py:3239} INFO - Sync 1 DAGs
[2026-09-18T13:06:16.108+0700] {logging_mixin.py:190} INFO - [2026-09-18T13:06:16.108+0700] {dag.py:4180} INFO - Setting next_dagrun for example_task_group to None, run_after=None
[2026-09-18T13:06:16.118+0700] {processor.py:208} INFO - Processing /Users/andreasanditya/Downloads/572392_Andreas_AirflowETL/code/.venv/lib/python3.9/site-packages/airflow/example_dags/example_task_group.py took 0.112 seconds
[2026-09-18T13:07:38.556+0700] {processor.py:186} INFO - Started process (PID=82054) to work on /Users/andreasanditya/Downloads/572392_Andreas_AirflowETL/code/.venv/lib/python3.9/site-packages/airflow/example_dags/example_task_group.py
[2026-09-18T13:07:38.557+0700] {processor.py:914} INFO - Processing file /Users/andreasanditya/Downloads/572392_Andreas_AirflowETL/code/.venv/lib/python3.9/site-packages/airflow/example_dags/example_task_group.py for tasks to queue
[2026-09-18T13:07:38.557+0700] {logging_mixin.py:190} INFO - [2026-09-18T13:07:38.557+0700] {dagbag.py:588} INFO - Filling up the DagBag from /Users/andreasanditya/Downloads/572392_Andreas_AirflowETL/code/.venv/lib/python3.9/site-packages/airflow/example_dags/example_task_group.py
[2026-09-18T13:07:38.562+0700] {processor.py:925} INFO - DAG(s) 'example_task_group' retrieved from /Users/andreasanditya/Downloads/572392_Andreas_AirflowETL/code/.venv/lib/python3.9/site-packages/airflow/example_dags/example_task_group.py
[2026-09-18T13:07:38.651+0700] {logging_mixin.py:190} INFO - [2026-09-18T13:07:38.650+0700] {dag.py:3239} INFO - Sync 1 DAGs
[2026-09-18T13:07:38.657+0700] {logging_mixin.py:190} INFO - [2026-09-18T13:07:38.657+0700] {dag.py:4180} INFO - Setting next_dagrun for example_task_group to None, run_after=None
[2026-09-18T13:07:38.667+0700] {processor.py:208} INFO - Processing /Users/andreasanditya/Downloads/572392_Andreas_AirflowETL/code/.venv/lib/python3.9/site-packages/airflow/example_dags/example_task_group.py took 0.113 seconds
[2026-09-18T13:09:02.512+0700] {processor.py:186} INFO - Started process (PID=82895) to work on /Users/andreasanditya/Downloads/572392_Andreas_AirflowETL/code/.venv/lib/python3.9/site-packages/airflow/example_dags/example_task_group.py
[2026-09-18T13:09:02.514+0700] {processor.py:914} INFO - Processing file /Users/andreasanditya/Downloads/572392_Andreas_AirflowETL/code/.venv/lib/python3.9/site-packages/airflow/example_dags/example_task_group.py for tasks to queue
[2026-09-18T13:09:02.515+0700] {logging_mixin.py:190} INFO - [2026-09-18T13:09:02.514+0700] {dagbag.py:588} INFO - Filling up the DagBag from /Users/andreasanditya/Downloads/572392_Andreas_AirflowETL/code/.venv/lib/python3.9/site-packages/airflow/example_dags/example_task_group.py
[2026-09-18T13:09:02.520+0700] {processor.py:925} INFO - DAG(s) 'example_task_group' retrieved from /Users/andreasanditya/Downloads/572392_Andreas_AirflowETL/code/.venv/lib/python3.9/site-packages/airflow/example_dags/example_task_group.py
[2026-09-18T13:09:02.605+0700] {logging_mixin.py:190} INFO - [2026-09-18T13:09:02.605+0700] {dag.py:3239} INFO - Sync 1 DAGs
[2026-09-18T13:09:02.611+0700] {logging_mixin.py:190} INFO - [2026-09-18T13:09:02.611+0700] {dag.py:4180} INFO - Setting next_dagrun for example_task_group to None, run_after=None
[2026-09-18T13:09:02.621+0700] {processor.py:208} INFO - Processing /Users/andreasanditya/Downloads/572392_Andreas_AirflowETL/code/.venv/lib/python3.9/site-packages/airflow/example_dags/example_task_group.py took 0.111 seconds
[2026-09-18T13:10:29.577+0700] {processor.py:186} INFO - Started process (PID=83729) to work on /Users/andreasanditya/Downloads/572392_Andreas_AirflowETL/code/.venv/lib/python3.9/site-packages/airflow/example_dags/example_task_group.py
[2026-09-18T13:10:29.578+0700] {processor.py:914} INFO - Processing file /Users/andreasanditya/Downloads/572392_Andreas_AirflowETL/code/.venv/lib/python3.9/site-packages/airflow/example_dags/example_task_group.py for tasks to queue
[2026-09-18T13:10:29.579+0700] {logging_mixin.py:190} INFO - [2026-09-18T13:10:29.579+0700] {dagbag.py:588} INFO - Filling up the DagBag from /Users/andreasanditya/Downloads/572392_Andreas_AirflowETL/code/.venv/lib/python3.9/site-packages/airflow/example_dags/example_task_group.py
[2026-09-18T13:10:29.584+0700] {processor.py:925} INFO - DAG(s) 'example_task_group' retrieved from /Users/andreasanditya/Downloads/572392_Andreas_AirflowETL/code/.venv/lib/python3.9/site-packages/airflow/example_dags/example_task_group.py
[2026-09-18T13:10:29.670+0700] {logging_mixin.py:190} INFO - [2026-09-18T13:10:29.670+0700] {dag.py:3239} INFO - Sync 1 DAGs
[2026-09-18T13:10:29.677+0700] {logging_mixin.py:190} INFO - [2026-09-18T13:10:29.677+0700] {dag.py:4180} INFO - Setting next_dagrun for example_task_group to None, run_after=None
[2026-09-18T13:10:29.687+0700] {processor.py:208} INFO - Processing /Users/andreasanditya/Downloads/572392_Andreas_AirflowETL/code/.venv/lib/python3.9/site-packages/airflow/example_dags/example_task_group.py took 0.111 seconds
[2026-09-18T13:11:56.313+0700] {processor.py:186} INFO - Started process (PID=84643) to work on /Users/andreasanditya/Downloads/572392_Andreas_AirflowETL/code/.venv/lib/python3.9/site-packages/airflow/example_dags/example_task_group.py
[2026-09-18T13:11:56.315+0700] {processor.py:914} INFO - Processing file /Users/andreasanditya/Downloads/572392_Andreas_AirflowETL/code/.venv/lib/python3.9/site-packages/airflow/example_dags/example_task_group.py for tasks to queue
[2026-09-18T13:11:56.315+0700] {logging_mixin.py:190} INFO - [2026-09-18T13:11:56.315+0700] {dagbag.py:588} INFO - Filling up the DagBag from /Users/andreasanditya/Downloads/572392_Andreas_AirflowETL/code/.venv/lib/python3.9/site-packages/airflow/example_dags/example_task_group.py
[2026-09-18T13:11:56.320+0700] {processor.py:925} INFO - DAG(s) 'example_task_group' retrieved from /Users/andreasanditya/Downloads/572392_Andreas_AirflowETL/code/.venv/lib/python3.9/site-packages/airflow/example_dags/example_task_group.py
[2026-09-18T13:11:56.406+0700] {logging_mixin.py:190} INFO - [2026-09-18T13:11:56.406+0700] {dag.py:3239} INFO - Sync 1 DAGs
[2026-09-18T13:11:56.413+0700] {logging_mixin.py:190} INFO - [2026-09-18T13:11:56.413+0700] {dag.py:4180} INFO - Setting next_dagrun for example_task_group to None, run_after=None
[2026-09-18T13:11:56.422+0700] {processor.py:208} INFO - Processing /Users/andreasanditya/Downloads/572392_Andreas_AirflowETL/code/.venv/lib/python3.9/site-packages/airflow/example_dags/example_task_group.py took 0.111 seconds
[2026-09-18T13:13:21.837+0700] {processor.py:186} INFO - Started process (PID=85483) to work on /Users/andreasanditya/Downloads/572392_Andreas_AirflowETL/code/.venv/lib/python3.9/site-packages/airflow/example_dags/example_task_group.py
[2026-09-18T13:13:21.838+0700] {processor.py:914} INFO - Processing file /Users/andreasanditya/Downloads/572392_Andreas_AirflowETL/code/.venv/lib/python3.9/site-packages/airflow/example_dags/example_task_group.py for tasks to queue
[2026-09-18T13:13:21.839+0700] {logging_mixin.py:190} INFO - [2026-09-18T13:13:21.839+0700] {dagbag.py:588} INFO - Filling up the DagBag from /Users/andreasanditya/Downloads/572392_Andreas_AirflowETL/code/.venv/lib/python3.9/site-packages/airflow/example_dags/example_task_group.py
[2026-09-18T13:13:21.844+0700] {processor.py:925} INFO - DAG(s) 'example_task_group' retrieved from /Users/andreasanditya/Downloads/572392_Andreas_AirflowETL/code/.venv/lib/python3.9/site-packages/airflow/example_dags/example_task_group.py
[2026-09-18T13:13:21.930+0700] {logging_mixin.py:190} INFO - [2026-09-18T13:13:21.930+0700] {dag.py:3239} INFO - Sync 1 DAGs
[2026-09-18T13:13:21.936+0700] {logging_mixin.py:190} INFO - [2026-09-18T13:13:21.936+0700] {dag.py:4180} INFO - Setting next_dagrun for example_task_group to None, run_after=None
[2026-09-18T13:13:21.946+0700] {processor.py:208} INFO - Processing /Users/andreasanditya/Downloads/572392_Andreas_AirflowETL/code/.venv/lib/python3.9/site-packages/airflow/example_dags/example_task_group.py took 0.110 seconds
[2026-09-18T13:14:48.235+0700] {processor.py:186} INFO - Started process (PID=86399) to work on /Users/andreasanditya/Downloads/572392_Andreas_AirflowETL/code/.venv/lib/python3.9/site-packages/airflow/example_dags/example_task_group.py
[2026-09-18T13:14:48.236+0700] {processor.py:914} INFO - Processing file /Users/andreasanditya/Downloads/572392_Andreas_AirflowETL/code/.venv/lib/python3.9/site-packages/airflow/example_dags/example_task_group.py for tasks to queue
[2026-09-18T13:14:48.237+0700] {logging_mixin.py:190} INFO - [2026-09-18T13:14:48.237+0700] {dagbag.py:588} INFO - Filling up the DagBag from /Users/andreasanditya/Downloads/572392_Andreas_AirflowETL/code/.venv/lib/python3.9/site-packages/airflow/example_dags/example_task_group.py
[2026-09-18T13:14:48.242+0700] {processor.py:925} INFO - DAG(s) 'example_task_group' retrieved from /Users/andreasanditya/Downloads/572392_Andreas_AirflowETL/code/.venv/lib/python3.9/site-packages/airflow/example_dags/example_task_group.py
[2026-09-18T13:14:48.326+0700] {logging_mixin.py:190} INFO - [2026-09-18T13:14:48.326+0700] {dag.py:3239} INFO - Sync 1 DAGs
[2026-09-18T13:14:48.333+0700] {logging_mixin.py:190} INFO - [2026-09-18T13:14:48.332+0700] {dag.py:4180} INFO - Setting next_dagrun for example_task_group to None, run_after=None
[2026-09-18T13:14:48.342+0700] {processor.py:208} INFO - Processing /Users/andreasanditya/Downloads/572392_Andreas_AirflowETL/code/.venv/lib/python3.9/site-packages/airflow/example_dags/example_task_group.py took 0.109 seconds
[2026-09-18T13:16:14.852+0700] {processor.py:186} INFO - Started process (PID=87316) to work on /Users/andreasanditya/Downloads/572392_Andreas_AirflowETL/code/.venv/lib/python3.9/site-packages/airflow/example_dags/example_task_group.py
[2026-09-18T13:16:14.853+0700] {processor.py:914} INFO - Processing file /Users/andreasanditya/Downloads/572392_Andreas_AirflowETL/code/.venv/lib/python3.9/site-packages/airflow/example_dags/example_task_group.py for tasks to queue
[2026-09-18T13:16:14.854+0700] {logging_mixin.py:190} INFO - [2026-09-18T13:16:14.853+0700] {dagbag.py:588} INFO - Filling up the DagBag from /Users/andreasanditya/Downloads/572392_Andreas_AirflowETL/code/.venv/lib/python3.9/site-packages/airflow/example_dags/example_task_group.py
[2026-09-18T13:16:14.858+0700] {processor.py:925} INFO - DAG(s) 'example_task_group' retrieved from /Users/andreasanditya/Downloads/572392_Andreas_AirflowETL/code/.venv/lib/python3.9/site-packages/airflow/example_dags/example_task_group.py
[2026-09-18T13:16:14.943+0700] {logging_mixin.py:190} INFO - [2026-09-18T13:16:14.943+0700] {dag.py:3239} INFO - Sync 1 DAGs
[2026-09-18T13:16:14.950+0700] {logging_mixin.py:190} INFO - [2026-09-18T13:16:14.950+0700] {dag.py:4180} INFO - Setting next_dagrun for example_task_group to None, run_after=None
[2026-09-18T13:16:14.960+0700] {processor.py:208} INFO - Processing /Users/andreasanditya/Downloads/572392_Andreas_AirflowETL/code/.venv/lib/python3.9/site-packages/airflow/example_dags/example_task_group.py took 0.110 seconds
[2026-09-18T13:17:40.630+0700] {processor.py:186} INFO - Started process (PID=88134) to work on /Users/andreasanditya/Downloads/572392_Andreas_AirflowETL/code/.venv/lib/python3.9/site-packages/airflow/example_dags/example_task_group.py
[2026-09-18T13:17:40.631+0700] {processor.py:914} INFO - Processing file /Users/andreasanditya/Downloads/572392_Andreas_AirflowETL/code/.venv/lib/python3.9/site-packages/airflow/example_dags/example_task_group.py for tasks to queue
[2026-09-18T13:17:40.632+0700] {logging_mixin.py:190} INFO - [2026-09-18T13:17:40.632+0700] {dagbag.py:588} INFO - Filling up the DagBag from /Users/andreasanditya/Downloads/572392_Andreas_AirflowETL/code/.venv/lib/python3.9/site-packages/airflow/example_dags/example_task_group.py
[2026-09-18T13:17:40.637+0700] {processor.py:925} INFO - DAG(s) 'example_task_group' retrieved from /Users/andreasanditya/Downloads/572392_Andreas_AirflowETL/code/.venv/lib/python3.9/site-packages/airflow/example_dags/example_task_group.py
[2026-09-18T13:17:40.726+0700] {logging_mixin.py:190} INFO - [2026-09-18T13:17:40.726+0700] {dag.py:3239} INFO - Sync 1 DAGs
[2026-09-18T13:17:40.733+0700] {logging_mixin.py:190} INFO - [2026-09-18T13:17:40.733+0700] {dag.py:4180} INFO - Setting next_dagrun for example_task_group to None, run_after=None
[2026-09-18T13:17:40.743+0700] {processor.py:208} INFO - Processing /Users/andreasanditya/Downloads/572392_Andreas_AirflowETL/code/.venv/lib/python3.9/site-packages/airflow/example_dags/example_task_group.py took 0.114 seconds
[2026-09-18T13:19:06.259+0700] {processor.py:186} INFO - Started process (PID=88971) to work on /Users/andreasanditya/Downloads/572392_Andreas_AirflowETL/code/.venv/lib/python3.9/site-packages/airflow/example_dags/example_task_group.py
[2026-09-18T13:19:06.260+0700] {processor.py:914} INFO - Processing file /Users/andreasanditya/Downloads/572392_Andreas_AirflowETL/code/.venv/lib/python3.9/site-packages/airflow/example_dags/example_task_group.py for tasks to queue
[2026-09-18T13:19:06.260+0700] {logging_mixin.py:190} INFO - [2026-09-18T13:19:06.260+0700] {dagbag.py:588} INFO - Filling up the DagBag from /Users/andreasanditya/Downloads/572392_Andreas_AirflowETL/code/.venv/lib/python3.9/site-packages/airflow/example_dags/example_task_group.py
[2026-09-18T13:19:06.265+0700] {processor.py:925} INFO - DAG(s) 'example_task_group' retrieved from /Users/andreasanditya/Downloads/572392_Andreas_AirflowETL/code/.venv/lib/python3.9/site-packages/airflow/example_dags/example_task_group.py
[2026-09-18T13:19:06.350+0700] {logging_mixin.py:190} INFO - [2026-09-18T13:19:06.350+0700] {dag.py:3239} INFO - Sync 1 DAGs
[2026-09-18T13:19:06.357+0700] {logging_mixin.py:190} INFO - [2026-09-18T13:19:06.357+0700] {dag.py:4180} INFO - Setting next_dagrun for example_task_group to None, run_after=None
[2026-09-18T13:19:06.366+0700] {processor.py:208} INFO - Processing /Users/andreasanditya/Downloads/572392_Andreas_AirflowETL/code/.venv/lib/python3.9/site-packages/airflow/example_dags/example_task_group.py took 0.110 seconds
[2026-09-18T13:20:30.865+0700] {processor.py:186} INFO - Started process (PID=89879) to work on /Users/andreasanditya/Downloads/572392_Andreas_AirflowETL/code/.venv/lib/python3.9/site-packages/airflow/example_dags/example_task_group.py
[2026-09-18T13:20:30.867+0700] {processor.py:914} INFO - Processing file /Users/andreasanditya/Downloads/572392_Andreas_AirflowETL/code/.venv/lib/python3.9/site-packages/airflow/example_dags/example_task_group.py for tasks to queue
[2026-09-18T13:20:30.867+0700] {logging_mixin.py:190} INFO - [2026-09-18T13:20:30.867+0700] {dagbag.py:588} INFO - Filling up the DagBag from /Users/andreasanditya/Downloads/572392_Andreas_AirflowETL/code/.venv/lib/python3.9/site-packages/airflow/example_dags/example_task_group.py
[2026-09-18T13:20:30.872+0700] {processor.py:925} INFO - DAG(s) 'example_task_group' retrieved from /Users/andreasanditya/Downloads/572392_Andreas_AirflowETL/code/.venv/lib/python3.9/site-packages/airflow/example_dags/example_task_group.py
[2026-09-18T13:20:30.957+0700] {logging_mixin.py:190} INFO - [2026-09-18T13:20:30.957+0700] {dag.py:3239} INFO - Sync 1 DAGs
[2026-09-18T13:20:30.964+0700] {logging_mixin.py:190} INFO - [2026-09-18T13:20:30.964+0700] {dag.py:4180} INFO - Setting next_dagrun for example_task_group to None, run_after=None
[2026-09-18T13:20:30.974+0700] {processor.py:208} INFO - Processing /Users/andreasanditya/Downloads/572392_Andreas_AirflowETL/code/.venv/lib/python3.9/site-packages/airflow/example_dags/example_task_group.py took 0.110 seconds
[2026-09-18T13:21:55.543+0700] {processor.py:186} INFO - Started process (PID=90700) to work on /Users/andreasanditya/Downloads/572392_Andreas_AirflowETL/code/.venv/lib/python3.9/site-packages/airflow/example_dags/example_task_group.py
[2026-09-18T13:21:55.545+0700] {processor.py:914} INFO - Processing file /Users/andreasanditya/Downloads/572392_Andreas_AirflowETL/code/.venv/lib/python3.9/site-packages/airflow/example_dags/example_task_group.py for tasks to queue
[2026-09-18T13:21:55.546+0700] {logging_mixin.py:190} INFO - [2026-09-18T13:21:55.545+0700] {dagbag.py:588} INFO - Filling up the DagBag from /Users/andreasanditya/Downloads/572392_Andreas_AirflowETL/code/.venv/lib/python3.9/site-packages/airflow/example_dags/example_task_group.py
[2026-09-18T13:21:55.551+0700] {processor.py:925} INFO - DAG(s) 'example_task_group' retrieved from /Users/andreasanditya/Downloads/572392_Andreas_AirflowETL/code/.venv/lib/python3.9/site-packages/airflow/example_dags/example_task_group.py
[2026-09-18T13:21:55.639+0700] {logging_mixin.py:190} INFO - [2026-09-18T13:21:55.638+0700] {dag.py:3239} INFO - Sync 1 DAGs
[2026-09-18T13:21:55.645+0700] {logging_mixin.py:190} INFO - [2026-09-18T13:21:55.645+0700] {dag.py:4180} INFO - Setting next_dagrun for example_task_group to None, run_after=None
[2026-09-18T13:21:55.655+0700] {processor.py:208} INFO - Processing /Users/andreasanditya/Downloads/572392_Andreas_AirflowETL/code/.venv/lib/python3.9/site-packages/airflow/example_dags/example_task_group.py took 0.113 seconds
[2026-09-18T13:23:18.077+0700] {processor.py:186} INFO - Started process (PID=91535) to work on /Users/andreasanditya/Downloads/572392_Andreas_AirflowETL/code/.venv/lib/python3.9/site-packages/airflow/example_dags/example_task_group.py
[2026-09-18T13:23:18.079+0700] {processor.py:914} INFO - Processing file /Users/andreasanditya/Downloads/572392_Andreas_AirflowETL/code/.venv/lib/python3.9/site-packages/airflow/example_dags/example_task_group.py for tasks to queue
[2026-09-18T13:23:18.079+0700] {logging_mixin.py:190} INFO - [2026-09-18T13:23:18.079+0700] {dagbag.py:588} INFO - Filling up the DagBag from /Users/andreasanditya/Downloads/572392_Andreas_AirflowETL/code/.venv/lib/python3.9/site-packages/airflow/example_dags/example_task_group.py
[2026-09-18T13:23:18.084+0700] {processor.py:925} INFO - DAG(s) 'example_task_group' retrieved from /Users/andreasanditya/Downloads/572392_Andreas_AirflowETL/code/.venv/lib/python3.9/site-packages/airflow/example_dags/example_task_group.py
[2026-09-18T13:23:18.169+0700] {logging_mixin.py:190} INFO - [2026-09-18T13:23:18.169+0700] {dag.py:3239} INFO - Sync 1 DAGs
[2026-09-18T13:23:18.176+0700] {logging_mixin.py:190} INFO - [2026-09-18T13:23:18.176+0700] {dag.py:4180} INFO - Setting next_dagrun for example_task_group to None, run_after=None
[2026-09-18T13:23:18.185+0700] {processor.py:208} INFO - Processing /Users/andreasanditya/Downloads/572392_Andreas_AirflowETL/code/.venv/lib/python3.9/site-packages/airflow/example_dags/example_task_group.py took 0.110 seconds
[2026-09-18T13:24:41.436+0700] {processor.py:186} INFO - Started process (PID=92483) to work on /Users/andreasanditya/Downloads/572392_Andreas_AirflowETL/code/.venv/lib/python3.9/site-packages/airflow/example_dags/example_task_group.py
[2026-09-18T13:24:41.439+0700] {processor.py:914} INFO - Processing file /Users/andreasanditya/Downloads/572392_Andreas_AirflowETL/code/.venv/lib/python3.9/site-packages/airflow/example_dags/example_task_group.py for tasks to queue
[2026-09-18T13:24:41.440+0700] {logging_mixin.py:190} INFO - [2026-09-18T13:24:41.440+0700] {dagbag.py:588} INFO - Filling up the DagBag from /Users/andreasanditya/Downloads/572392_Andreas_AirflowETL/code/.venv/lib/python3.9/site-packages/airflow/example_dags/example_task_group.py
[2026-09-18T13:24:41.445+0700] {processor.py:925} INFO - DAG(s) 'example_task_group' retrieved from /Users/andreasanditya/Downloads/572392_Andreas_AirflowETL/code/.venv/lib/python3.9/site-packages/airflow/example_dags/example_task_group.py
[2026-09-18T13:24:41.531+0700] {logging_mixin.py:190} INFO - [2026-09-18T13:24:41.531+0700] {dag.py:3239} INFO - Sync 1 DAGs
[2026-09-18T13:24:41.537+0700] {logging_mixin.py:190} INFO - [2026-09-18T13:24:41.537+0700] {dag.py:4180} INFO - Setting next_dagrun for example_task_group to None, run_after=None
[2026-09-18T13:24:41.547+0700] {processor.py:208} INFO - Processing /Users/andreasanditya/Downloads/572392_Andreas_AirflowETL/code/.venv/lib/python3.9/site-packages/airflow/example_dags/example_task_group.py took 0.113 seconds
[2026-09-18T13:26:07.276+0700] {processor.py:186} INFO - Started process (PID=93426) to work on /Users/andreasanditya/Downloads/572392_Andreas_AirflowETL/code/.venv/lib/python3.9/site-packages/airflow/example_dags/example_task_group.py
[2026-09-18T13:26:07.277+0700] {processor.py:914} INFO - Processing file /Users/andreasanditya/Downloads/572392_Andreas_AirflowETL/code/.venv/lib/python3.9/site-packages/airflow/example_dags/example_task_group.py for tasks to queue
[2026-09-18T13:26:07.278+0700] {logging_mixin.py:190} INFO - [2026-09-18T13:26:07.278+0700] {dagbag.py:588} INFO - Filling up the DagBag from /Users/andreasanditya/Downloads/572392_Andreas_AirflowETL/code/.venv/lib/python3.9/site-packages/airflow/example_dags/example_task_group.py
[2026-09-18T13:26:07.285+0700] {processor.py:925} INFO - DAG(s) 'example_task_group' retrieved from /Users/andreasanditya/Downloads/572392_Andreas_AirflowETL/code/.venv/lib/python3.9/site-packages/airflow/example_dags/example_task_group.py
[2026-09-18T13:26:07.381+0700] {logging_mixin.py:190} INFO - [2026-09-18T13:26:07.381+0700] {dag.py:3239} INFO - Sync 1 DAGs
[2026-09-18T13:26:07.388+0700] {logging_mixin.py:190} INFO - [2026-09-18T13:26:07.388+0700] {dag.py:4180} INFO - Setting next_dagrun for example_task_group to None, run_after=None
[2026-09-18T13:26:07.398+0700] {processor.py:208} INFO - Processing /Users/andreasanditya/Downloads/572392_Andreas_AirflowETL/code/.venv/lib/python3.9/site-packages/airflow/example_dags/example_task_group.py took 0.125 seconds
[2026-09-18T13:27:38.349+0700] {processor.py:186} INFO - Started process (PID=94461) to work on /Users/andreasanditya/Downloads/572392_Andreas_AirflowETL/code/.venv/lib/python3.9/site-packages/airflow/example_dags/example_task_group.py
[2026-09-18T13:27:38.350+0700] {processor.py:914} INFO - Processing file /Users/andreasanditya/Downloads/572392_Andreas_AirflowETL/code/.venv/lib/python3.9/site-packages/airflow/example_dags/example_task_group.py for tasks to queue
[2026-09-18T13:27:38.350+0700] {logging_mixin.py:190} INFO - [2026-09-18T13:27:38.350+0700] {dagbag.py:588} INFO - Filling up the DagBag from /Users/andreasanditya/Downloads/572392_Andreas_AirflowETL/code/.venv/lib/python3.9/site-packages/airflow/example_dags/example_task_group.py
[2026-09-18T13:27:38.356+0700] {processor.py:925} INFO - DAG(s) 'example_task_group' retrieved from /Users/andreasanditya/Downloads/572392_Andreas_AirflowETL/code/.venv/lib/python3.9/site-packages/airflow/example_dags/example_task_group.py
[2026-09-18T13:27:38.448+0700] {logging_mixin.py:190} INFO - [2026-09-18T13:27:38.448+0700] {dag.py:3239} INFO - Sync 1 DAGs
[2026-09-18T13:27:38.455+0700] {logging_mixin.py:190} INFO - [2026-09-18T13:27:38.455+0700] {dag.py:4180} INFO - Setting next_dagrun for example_task_group to None, run_after=None
[2026-09-18T13:27:38.465+0700] {processor.py:208} INFO - Processing /Users/andreasanditya/Downloads/572392_Andreas_AirflowETL/code/.venv/lib/python3.9/site-packages/airflow/example_dags/example_task_group.py took 0.118 seconds
[2026-09-18T13:29:07.554+0700] {processor.py:186} INFO - Started process (PID=95395) to work on /Users/andreasanditya/Downloads/572392_Andreas_AirflowETL/code/.venv/lib/python3.9/site-packages/airflow/example_dags/example_task_group.py
[2026-09-18T13:29:07.555+0700] {processor.py:914} INFO - Processing file /Users/andreasanditya/Downloads/572392_Andreas_AirflowETL/code/.venv/lib/python3.9/site-packages/airflow/example_dags/example_task_group.py for tasks to queue
[2026-09-18T13:29:07.555+0700] {logging_mixin.py:190} INFO - [2026-09-18T13:29:07.555+0700] {dagbag.py:588} INFO - Filling up the DagBag from /Users/andreasanditya/Downloads/572392_Andreas_AirflowETL/code/.venv/lib/python3.9/site-packages/airflow/example_dags/example_task_group.py
[2026-09-18T13:29:07.561+0700] {processor.py:925} INFO - DAG(s) 'example_task_group' retrieved from /Users/andreasanditya/Downloads/572392_Andreas_AirflowETL/code/.venv/lib/python3.9/site-packages/airflow/example_dags/example_task_group.py
[2026-09-18T13:29:07.648+0700] {logging_mixin.py:190} INFO - [2026-09-18T13:29:07.648+0700] {dag.py:3239} INFO - Sync 1 DAGs
[2026-09-18T13:29:07.654+0700] {logging_mixin.py:190} INFO - [2026-09-18T13:29:07.654+0700] {dag.py:4180} INFO - Setting next_dagrun for example_task_group to None, run_after=None
[2026-09-18T13:29:07.664+0700] {processor.py:208} INFO - Processing /Users/andreasanditya/Downloads/572392_Andreas_AirflowETL/code/.venv/lib/python3.9/site-packages/airflow/example_dags/example_task_group.py took 0.112 seconds
[2026-09-18T13:30:38.413+0700] {processor.py:186} INFO - Started process (PID=96514) to work on /Users/andreasanditya/Downloads/572392_Andreas_AirflowETL/code/.venv/lib/python3.9/site-packages/airflow/example_dags/example_task_group.py
[2026-09-18T13:30:38.414+0700] {processor.py:914} INFO - Processing file /Users/andreasanditya/Downloads/572392_Andreas_AirflowETL/code/.venv/lib/python3.9/site-packages/airflow/example_dags/example_task_group.py for tasks to queue
[2026-09-18T13:30:38.415+0700] {logging_mixin.py:190} INFO - [2026-09-18T13:30:38.415+0700] {dagbag.py:588} INFO - Filling up the DagBag from /Users/andreasanditya/Downloads/572392_Andreas_AirflowETL/code/.venv/lib/python3.9/site-packages/airflow/example_dags/example_task_group.py
[2026-09-18T13:30:38.421+0700] {processor.py:925} INFO - DAG(s) 'example_task_group' retrieved from /Users/andreasanditya/Downloads/572392_Andreas_AirflowETL/code/.venv/lib/python3.9/site-packages/airflow/example_dags/example_task_group.py
[2026-09-18T13:30:38.513+0700] {logging_mixin.py:190} INFO - [2026-09-18T13:30:38.513+0700] {dag.py:3239} INFO - Sync 1 DAGs
[2026-09-18T13:30:38.520+0700] {logging_mixin.py:190} INFO - [2026-09-18T13:30:38.519+0700] {dag.py:4180} INFO - Setting next_dagrun for example_task_group to None, run_after=None
[2026-09-18T13:30:38.531+0700] {processor.py:208} INFO - Processing /Users/andreasanditya/Downloads/572392_Andreas_AirflowETL/code/.venv/lib/python3.9/site-packages/airflow/example_dags/example_task_group.py took 0.121 seconds
[2026-09-18T13:32:08.292+0700] {processor.py:186} INFO - Started process (PID=97460) to work on /Users/andreasanditya/Downloads/572392_Andreas_AirflowETL/code/.venv/lib/python3.9/site-packages/airflow/example_dags/example_task_group.py
[2026-09-18T13:32:08.293+0700] {processor.py:914} INFO - Processing file /Users/andreasanditya/Downloads/572392_Andreas_AirflowETL/code/.venv/lib/python3.9/site-packages/airflow/example_dags/example_task_group.py for tasks to queue
[2026-09-18T13:32:08.294+0700] {logging_mixin.py:190} INFO - [2026-09-18T13:32:08.294+0700] {dagbag.py:588} INFO - Filling up the DagBag from /Users/andreasanditya/Downloads/572392_Andreas_AirflowETL/code/.venv/lib/python3.9/site-packages/airflow/example_dags/example_task_group.py
[2026-09-18T13:32:08.299+0700] {processor.py:925} INFO - DAG(s) 'example_task_group' retrieved from /Users/andreasanditya/Downloads/572392_Andreas_AirflowETL/code/.venv/lib/python3.9/site-packages/airflow/example_dags/example_task_group.py
[2026-09-18T13:32:08.388+0700] {logging_mixin.py:190} INFO - [2026-09-18T13:32:08.388+0700] {dag.py:3239} INFO - Sync 1 DAGs
[2026-09-18T13:32:08.396+0700] {logging_mixin.py:190} INFO - [2026-09-18T13:32:08.396+0700] {dag.py:4180} INFO - Setting next_dagrun for example_task_group to None, run_after=None
[2026-09-18T13:32:08.407+0700] {processor.py:208} INFO - Processing /Users/andreasanditya/Downloads/572392_Andreas_AirflowETL/code/.venv/lib/python3.9/site-packages/airflow/example_dags/example_task_group.py took 0.117 seconds
[2026-09-18T13:33:35.405+0700] {processor.py:186} INFO - Started process (PID=98325) to work on /Users/andreasanditya/Downloads/572392_Andreas_AirflowETL/code/.venv/lib/python3.9/site-packages/airflow/example_dags/example_task_group.py
[2026-09-18T13:33:35.406+0700] {processor.py:914} INFO - Processing file /Users/andreasanditya/Downloads/572392_Andreas_AirflowETL/code/.venv/lib/python3.9/site-packages/airflow/example_dags/example_task_group.py for tasks to queue
[2026-09-18T13:33:35.407+0700] {logging_mixin.py:190} INFO - [2026-09-18T13:33:35.407+0700] {dagbag.py:588} INFO - Filling up the DagBag from /Users/andreasanditya/Downloads/572392_Andreas_AirflowETL/code/.venv/lib/python3.9/site-packages/airflow/example_dags/example_task_group.py
[2026-09-18T13:33:35.412+0700] {processor.py:925} INFO - DAG(s) 'example_task_group' retrieved from /Users/andreasanditya/Downloads/572392_Andreas_AirflowETL/code/.venv/lib/python3.9/site-packages/airflow/example_dags/example_task_group.py
[2026-09-18T13:33:35.497+0700] {logging_mixin.py:190} INFO - [2026-09-18T13:33:35.497+0700] {dag.py:3239} INFO - Sync 1 DAGs
[2026-09-18T13:33:35.504+0700] {logging_mixin.py:190} INFO - [2026-09-18T13:33:35.504+0700] {dag.py:4180} INFO - Setting next_dagrun for example_task_group to None, run_after=None
[2026-09-18T13:33:35.515+0700] {processor.py:208} INFO - Processing /Users/andreasanditya/Downloads/572392_Andreas_AirflowETL/code/.venv/lib/python3.9/site-packages/airflow/example_dags/example_task_group.py took 0.112 seconds
[2026-09-18T13:35:03.105+0700] {processor.py:186} INFO - Started process (PID=99267) to work on /Users/andreasanditya/Downloads/572392_Andreas_AirflowETL/code/.venv/lib/python3.9/site-packages/airflow/example_dags/example_task_group.py
[2026-09-18T13:35:03.106+0700] {processor.py:914} INFO - Processing file /Users/andreasanditya/Downloads/572392_Andreas_AirflowETL/code/.venv/lib/python3.9/site-packages/airflow/example_dags/example_task_group.py for tasks to queue
[2026-09-18T13:35:03.107+0700] {logging_mixin.py:190} INFO - [2026-09-18T13:35:03.106+0700] {dagbag.py:588} INFO - Filling up the DagBag from /Users/andreasanditya/Downloads/572392_Andreas_AirflowETL/code/.venv/lib/python3.9/site-packages/airflow/example_dags/example_task_group.py
[2026-09-18T13:35:03.112+0700] {processor.py:925} INFO - DAG(s) 'example_task_group' retrieved from /Users/andreasanditya/Downloads/572392_Andreas_AirflowETL/code/.venv/lib/python3.9/site-packages/airflow/example_dags/example_task_group.py
[2026-09-18T13:35:03.212+0700] {logging_mixin.py:190} INFO - [2026-09-18T13:35:03.212+0700] {dag.py:3239} INFO - Sync 1 DAGs
[2026-09-18T13:35:03.218+0700] {logging_mixin.py:190} INFO - [2026-09-18T13:35:03.218+0700] {dag.py:4180} INFO - Setting next_dagrun for example_task_group to None, run_after=None
[2026-09-18T13:35:03.230+0700] {processor.py:208} INFO - Processing /Users/andreasanditya/Downloads/572392_Andreas_AirflowETL/code/.venv/lib/python3.9/site-packages/airflow/example_dags/example_task_group.py took 0.127 seconds
[2026-09-18T13:36:29.491+0700] {processor.py:186} INFO - Started process (PID=215) to work on /Users/andreasanditya/Downloads/572392_Andreas_AirflowETL/code/.venv/lib/python3.9/site-packages/airflow/example_dags/example_task_group.py
[2026-09-18T13:36:29.492+0700] {processor.py:914} INFO - Processing file /Users/andreasanditya/Downloads/572392_Andreas_AirflowETL/code/.venv/lib/python3.9/site-packages/airflow/example_dags/example_task_group.py for tasks to queue
[2026-09-18T13:36:29.493+0700] {logging_mixin.py:190} INFO - [2026-09-18T13:36:29.493+0700] {dagbag.py:588} INFO - Filling up the DagBag from /Users/andreasanditya/Downloads/572392_Andreas_AirflowETL/code/.venv/lib/python3.9/site-packages/airflow/example_dags/example_task_group.py
[2026-09-18T13:36:29.498+0700] {processor.py:925} INFO - DAG(s) 'example_task_group' retrieved from /Users/andreasanditya/Downloads/572392_Andreas_AirflowETL/code/.venv/lib/python3.9/site-packages/airflow/example_dags/example_task_group.py
[2026-09-18T13:36:29.594+0700] {logging_mixin.py:190} INFO - [2026-09-18T13:36:29.594+0700] {dag.py:3239} INFO - Sync 1 DAGs
[2026-09-18T13:36:29.601+0700] {logging_mixin.py:190} INFO - [2026-09-18T13:36:29.601+0700] {dag.py:4180} INFO - Setting next_dagrun for example_task_group to None, run_after=None
[2026-09-18T13:36:29.612+0700] {processor.py:208} INFO - Processing /Users/andreasanditya/Downloads/572392_Andreas_AirflowETL/code/.venv/lib/python3.9/site-packages/airflow/example_dags/example_task_group.py took 0.123 seconds
[2026-09-18T13:37:57.114+0700] {processor.py:186} INFO - Started process (PID=1295) to work on /Users/andreasanditya/Downloads/572392_Andreas_AirflowETL/code/.venv/lib/python3.9/site-packages/airflow/example_dags/example_task_group.py
[2026-09-18T13:37:57.115+0700] {processor.py:914} INFO - Processing file /Users/andreasanditya/Downloads/572392_Andreas_AirflowETL/code/.venv/lib/python3.9/site-packages/airflow/example_dags/example_task_group.py for tasks to queue
[2026-09-18T13:37:57.115+0700] {logging_mixin.py:190} INFO - [2026-09-18T13:37:57.115+0700] {dagbag.py:588} INFO - Filling up the DagBag from /Users/andreasanditya/Downloads/572392_Andreas_AirflowETL/code/.venv/lib/python3.9/site-packages/airflow/example_dags/example_task_group.py
[2026-09-18T13:37:57.120+0700] {processor.py:925} INFO - DAG(s) 'example_task_group' retrieved from /Users/andreasanditya/Downloads/572392_Andreas_AirflowETL/code/.venv/lib/python3.9/site-packages/airflow/example_dags/example_task_group.py
[2026-09-18T13:37:57.207+0700] {logging_mixin.py:190} INFO - [2026-09-18T13:37:57.207+0700] {dag.py:3239} INFO - Sync 1 DAGs
[2026-09-18T13:37:57.213+0700] {logging_mixin.py:190} INFO - [2026-09-18T13:37:57.213+0700] {dag.py:4180} INFO - Setting next_dagrun for example_task_group to None, run_after=None
[2026-09-18T13:37:57.223+0700] {processor.py:208} INFO - Processing /Users/andreasanditya/Downloads/572392_Andreas_AirflowETL/code/.venv/lib/python3.9/site-packages/airflow/example_dags/example_task_group.py took 0.111 seconds
