[2026-09-18T11:16:42.533+0700] {processor.py:186} INFO - Started process (PID=10242) to work on /Users/andreasanditya/Downloads/572392_Andreas_AirflowETL/code/.venv/lib/python3.9/site-packages/airflow/example_dags/tutorial_taskflow_templates.py
[2026-09-18T11:16:42.534+0700] {processor.py:914} INFO - Processing file /Users/andreasanditya/Downloads/572392_Andreas_AirflowETL/code/.venv/lib/python3.9/site-packages/airflow/example_dags/tutorial_taskflow_templates.py for tasks to queue
[2026-09-18T11:16:42.534+0700] {logging_mixin.py:190} INFO - [2026-09-18T11:16:42.534+0700] {dagbag.py:588} INFO - Filling up the DagBag from /Users/andreasanditya/Downloads/572392_Andreas_AirflowETL/code/.venv/lib/python3.9/site-packages/airflow/example_dags/tutorial_taskflow_templates.py
[2026-09-18T11:16:42.595+0700] {processor.py:925} INFO - DAG(s) 'tutorial_taskflow_templates' retrieved from /Users/andreasanditya/Downloads/572392_Andreas_AirflowETL/code/.venv/lib/python3.9/site-packages/airflow/example_dags/tutorial_taskflow_templates.py
[2026-09-18T11:16:42.726+0700] {logging_mixin.py:190} INFO - [2026-09-18T11:16:42.726+0700] {override.py:1912} INFO - Created Permission View: can delete on DAG:tutorial_taskflow_templates
[2026-09-18T11:16:42.731+0700] {logging_mixin.py:190} INFO - [2026-09-18T11:16:42.731+0700] {override.py:1912} INFO - Created Permission View: can edit on DAG:tutorial_taskflow_templates
[2026-09-18T11:16:42.734+0700] {logging_mixin.py:190} INFO - [2026-09-18T11:16:42.734+0700] {override.py:1912} INFO - Created Permission View: can read on DAG:tutorial_taskflow_templates
[2026-09-18T11:16:42.738+0700] {logging_mixin.py:190} INFO - [2026-09-18T11:16:42.738+0700] {override.py:1912} INFO - Created Permission View: can create on DAG Run:tutorial_taskflow_templates
[2026-09-18T11:16:42.741+0700] {logging_mixin.py:190} INFO - [2026-09-18T11:16:42.741+0700] {override.py:1912} INFO - Created Permission View: menu access on DAG Run:tutorial_taskflow_templates
[2026-09-18T11:16:42.744+0700] {logging_mixin.py:190} INFO - [2026-09-18T11:16:42.744+0700] {override.py:1912} INFO - Created Permission View: can read on DAG Run:tutorial_taskflow_templates
[2026-09-18T11:16:42.747+0700] {logging_mixin.py:190} INFO - [2026-09-18T11:16:42.747+0700] {override.py:1912} INFO - Created Permission View: can delete on DAG Run:tutorial_taskflow_templates
[2026-09-18T11:16:42.747+0700] {logging_mixin.py:190} INFO - [2026-09-18T11:16:42.747+0700] {dag.py:3239} INFO - Sync 1 DAGs
[2026-09-18T11:16:42.754+0700] {logging_mixin.py:190} INFO - [2026-09-18T11:16:42.754+0700] {dag.py:3262} INFO - Creating ORM DAG for tutorial_taskflow_templates
[2026-09-18T11:16:42.760+0700] {logging_mixin.py:190} INFO - [2026-09-18T11:16:42.760+0700] {dag.py:4180} INFO - Setting next_dagrun for tutorial_taskflow_templates to 2026-09-17 00:00:00+00:00, run_after=2026-09-18 00:00:00+00:00
[2026-09-18T11:16:42.770+0700] {processor.py:208} INFO - Processing /Users/andreasanditya/Downloads/572392_Andreas_AirflowETL/code/.venv/lib/python3.9/site-packages/airflow/example_dags/tutorial_taskflow_templates.py took 0.239 seconds
[2026-09-18T11:19:00.170+0700] {processor.py:186} INFO - Started process (PID=11647) to work on /Users/andreasanditya/Downloads/572392_Andreas_AirflowETL/code/.venv/lib/python3.9/site-packages/airflow/example_dags/tutorial_taskflow_templates.py
[2026-09-18T11:19:00.171+0700] {processor.py:914} INFO - Processing file /Users/andreasanditya/Downloads/572392_Andreas_AirflowETL/code/.venv/lib/python3.9/site-packages/airflow/example_dags/tutorial_taskflow_templates.py for tasks to queue
[2026-09-18T11:19:00.172+0700] {logging_mixin.py:190} INFO - [2026-09-18T11:19:00.171+0700] {dagbag.py:588} INFO - Filling up the DagBag from /Users/andreasanditya/Downloads/572392_Andreas_AirflowETL/code/.venv/lib/python3.9/site-packages/airflow/example_dags/tutorial_taskflow_templates.py
[2026-09-18T11:19:00.221+0700] {processor.py:925} INFO - DAG(s) 'tutorial_taskflow_templates' retrieved from /Users/andreasanditya/Downloads/572392_Andreas_AirflowETL/code/.venv/lib/python3.9/site-packages/airflow/example_dags/tutorial_taskflow_templates.py
[2026-09-18T11:19:00.282+0700] {logging_mixin.py:190} INFO - [2026-09-18T11:19:00.282+0700] {dag.py:3239} INFO - Sync 1 DAGs
[2026-09-18T11:19:00.293+0700] {logging_mixin.py:190} INFO - [2026-09-18T11:19:00.293+0700] {dag.py:4180} INFO - Setting next_dagrun for tutorial_taskflow_templates to 2026-09-17 00:00:00+00:00, run_after=2026-09-18 00:00:00+00:00
[2026-09-18T11:19:00.303+0700] {processor.py:208} INFO - Processing /Users/andreasanditya/Downloads/572392_Andreas_AirflowETL/code/.venv/lib/python3.9/site-packages/airflow/example_dags/tutorial_taskflow_templates.py took 0.136 seconds
[2026-09-18T11:20:32.470+0700] {processor.py:186} INFO - Started process (PID=12631) to work on /Users/andreasanditya/Downloads/572392_Andreas_AirflowETL/code/.venv/lib/python3.9/site-packages/airflow/example_dags/tutorial_taskflow_templates.py
[2026-09-18T11:20:32.471+0700] {processor.py:914} INFO - Processing file /Users/andreasanditya/Downloads/572392_Andreas_AirflowETL/code/.venv/lib/python3.9/site-packages/airflow/example_dags/tutorial_taskflow_templates.py for tasks to queue
[2026-09-18T11:20:32.472+0700] {logging_mixin.py:190} INFO - [2026-09-18T11:20:32.471+0700] {dagbag.py:588} INFO - Filling up the DagBag from /Users/andreasanditya/Downloads/572392_Andreas_AirflowETL/code/.venv/lib/python3.9/site-packages/airflow/example_dags/tutorial_taskflow_templates.py
[2026-09-18T11:20:32.528+0700] {processor.py:925} INFO - DAG(s) 'tutorial_taskflow_templates' retrieved from /Users/andreasanditya/Downloads/572392_Andreas_AirflowETL/code/.venv/lib/python3.9/site-packages/airflow/example_dags/tutorial_taskflow_templates.py
[2026-09-18T11:20:32.594+0700] {logging_mixin.py:190} INFO - [2026-09-18T11:20:32.594+0700] {dag.py:3239} INFO - Sync 1 DAGs
[2026-09-18T11:20:32.605+0700] {logging_mixin.py:190} INFO - [2026-09-18T11:20:32.605+0700] {dag.py:4180} INFO - Setting next_dagrun for tutorial_taskflow_templates to 2026-09-17 00:00:00+00:00, run_after=2026-09-18 00:00:00+00:00
[2026-09-18T11:20:32.617+0700] {processor.py:208} INFO - Processing /Users/andreasanditya/Downloads/572392_Andreas_AirflowETL/code/.venv/lib/python3.9/site-packages/airflow/example_dags/tutorial_taskflow_templates.py took 0.149 seconds
[2026-09-18T11:22:01.431+0700] {processor.py:186} INFO - Started process (PID=13588) to work on /Users/andreasanditya/Downloads/572392_Andreas_AirflowETL/code/.venv/lib/python3.9/site-packages/airflow/example_dags/tutorial_taskflow_templates.py
[2026-09-18T11:22:01.432+0700] {processor.py:914} INFO - Processing file /Users/andreasanditya/Downloads/572392_Andreas_AirflowETL/code/.venv/lib/python3.9/site-packages/airflow/example_dags/tutorial_taskflow_templates.py for tasks to queue
[2026-09-18T11:22:01.433+0700] {logging_mixin.py:190} INFO - [2026-09-18T11:22:01.432+0700] {dagbag.py:588} INFO - Filling up the DagBag from /Users/andreasanditya/Downloads/572392_Andreas_AirflowETL/code/.venv/lib/python3.9/site-packages/airflow/example_dags/tutorial_taskflow_templates.py
[2026-09-18T11:22:01.491+0700] {processor.py:925} INFO - DAG(s) 'tutorial_taskflow_templates' retrieved from /Users/andreasanditya/Downloads/572392_Andreas_AirflowETL/code/.venv/lib/python3.9/site-packages/airflow/example_dags/tutorial_taskflow_templates.py
[2026-09-18T11:22:01.554+0700] {logging_mixin.py:190} INFO - [2026-09-18T11:22:01.554+0700] {dag.py:3239} INFO - Sync 1 DAGs
[2026-09-18T11:22:01.565+0700] {logging_mixin.py:190} INFO - [2026-09-18T11:22:01.564+0700] {dag.py:4180} INFO - Setting next_dagrun for tutorial_taskflow_templates to 2026-09-17 00:00:00+00:00, run_after=2026-09-18 00:00:00+00:00
[2026-09-18T11:22:01.576+0700] {processor.py:208} INFO - Processing /Users/andreasanditya/Downloads/572392_Andreas_AirflowETL/code/.venv/lib/python3.9/site-packages/airflow/example_dags/tutorial_taskflow_templates.py took 0.147 seconds
[2026-09-18T11:22:31.761+0700] {processor.py:186} INFO - Started process (PID=13925) to work on /Users/andreasanditya/Downloads/572392_Andreas_AirflowETL/code/.venv/lib/python3.9/site-packages/airflow/example_dags/tutorial_taskflow_templates.py
[2026-09-18T11:22:31.762+0700] {processor.py:914} INFO - Processing file /Users/andreasanditya/Downloads/572392_Andreas_AirflowETL/code/.venv/lib/python3.9/site-packages/airflow/example_dags/tutorial_taskflow_templates.py for tasks to queue
[2026-09-18T11:22:31.763+0700] {logging_mixin.py:190} INFO - [2026-09-18T11:22:31.763+0700] {dagbag.py:588} INFO - Filling up the DagBag from /Users/andreasanditya/Downloads/572392_Andreas_AirflowETL/code/.venv/lib/python3.9/site-packages/airflow/example_dags/tutorial_taskflow_templates.py
[2026-09-18T11:22:31.824+0700] {processor.py:925} INFO - DAG(s) 'tutorial_taskflow_templates' retrieved from /Users/andreasanditya/Downloads/572392_Andreas_AirflowETL/code/.venv/lib/python3.9/site-packages/airflow/example_dags/tutorial_taskflow_templates.py
[2026-09-18T11:22:31.891+0700] {logging_mixin.py:190} INFO - [2026-09-18T11:22:31.890+0700] {dag.py:3239} INFO - Sync 1 DAGs
[2026-09-18T11:22:31.904+0700] {logging_mixin.py:190} INFO - [2026-09-18T11:22:31.903+0700] {dag.py:4180} INFO - Setting next_dagrun for tutorial_taskflow_templates to 2026-09-17 00:00:00+00:00, run_after=2026-09-18 00:00:00+00:00
[2026-09-18T11:22:31.916+0700] {processor.py:208} INFO - Processing /Users/andreasanditya/Downloads/572392_Andreas_AirflowETL/code/.venv/lib/python3.9/site-packages/airflow/example_dags/tutorial_taskflow_templates.py took 0.157 seconds
[2026-09-18T11:23:57.789+0700] {processor.py:186} INFO - Started process (PID=15006) to work on /Users/andreasanditya/Downloads/572392_Andreas_AirflowETL/code/.venv/lib/python3.9/site-packages/airflow/example_dags/tutorial_taskflow_templates.py
[2026-09-18T11:23:57.791+0700] {processor.py:914} INFO - Processing file /Users/andreasanditya/Downloads/572392_Andreas_AirflowETL/code/.venv/lib/python3.9/site-packages/airflow/example_dags/tutorial_taskflow_templates.py for tasks to queue
[2026-09-18T11:23:57.792+0700] {logging_mixin.py:190} INFO - [2026-09-18T11:23:57.792+0700] {dagbag.py:588} INFO - Filling up the DagBag from /Users/andreasanditya/Downloads/572392_Andreas_AirflowETL/code/.venv/lib/python3.9/site-packages/airflow/example_dags/tutorial_taskflow_templates.py
[2026-09-18T11:23:57.845+0700] {processor.py:925} INFO - DAG(s) 'tutorial_taskflow_templates' retrieved from /Users/andreasanditya/Downloads/572392_Andreas_AirflowETL/code/.venv/lib/python3.9/site-packages/airflow/example_dags/tutorial_taskflow_templates.py
[2026-09-18T11:23:57.908+0700] {logging_mixin.py:190} INFO - [2026-09-18T11:23:57.907+0700] {dag.py:3239} INFO - Sync 1 DAGs
[2026-09-18T11:23:57.918+0700] {logging_mixin.py:190} INFO - [2026-09-18T11:23:57.918+0700] {dag.py:4180} INFO - Setting next_dagrun for tutorial_taskflow_templates to 2026-09-17 00:00:00+00:00, run_after=2026-09-18 00:00:00+00:00
[2026-09-18T11:23:57.929+0700] {processor.py:208} INFO - Processing /Users/andreasanditya/Downloads/572392_Andreas_AirflowETL/code/.venv/lib/python3.9/site-packages/airflow/example_dags/tutorial_taskflow_templates.py took 0.141 seconds
[2026-09-18T11:26:01.979+0700] {processor.py:186} INFO - Started process (PID=16271) to work on /Users/andreasanditya/Downloads/572392_Andreas_AirflowETL/code/.venv/lib/python3.9/site-packages/airflow/example_dags/tutorial_taskflow_templates.py
[2026-09-18T11:26:01.980+0700] {processor.py:914} INFO - Processing file /Users/andreasanditya/Downloads/572392_Andreas_AirflowETL/code/.venv/lib/python3.9/site-packages/airflow/example_dags/tutorial_taskflow_templates.py for tasks to queue
[2026-09-18T11:26:01.981+0700] {logging_mixin.py:190} INFO - [2026-09-18T11:26:01.981+0700] {dagbag.py:588} INFO - Filling up the DagBag from /Users/andreasanditya/Downloads/572392_Andreas_AirflowETL/code/.venv/lib/python3.9/site-packages/airflow/example_dags/tutorial_taskflow_templates.py
[2026-09-18T11:26:02.035+0700] {processor.py:925} INFO - DAG(s) 'tutorial_taskflow_templates' retrieved from /Users/andreasanditya/Downloads/572392_Andreas_AirflowETL/code/.venv/lib/python3.9/site-packages/airflow/example_dags/tutorial_taskflow_templates.py
[2026-09-18T11:26:02.094+0700] {logging_mixin.py:190} INFO - [2026-09-18T11:26:02.094+0700] {dag.py:3239} INFO - Sync 1 DAGs
[2026-09-18T11:26:02.105+0700] {logging_mixin.py:190} INFO - [2026-09-18T11:26:02.105+0700] {dag.py:4180} INFO - Setting next_dagrun for tutorial_taskflow_templates to 2026-09-17 00:00:00+00:00, run_after=2026-09-18 00:00:00+00:00
[2026-09-18T11:26:02.115+0700] {processor.py:208} INFO - Processing /Users/andreasanditya/Downloads/572392_Andreas_AirflowETL/code/.venv/lib/python3.9/site-packages/airflow/example_dags/tutorial_taskflow_templates.py took 0.138 seconds
[2026-09-18T11:27:35.527+0700] {processor.py:186} INFO - Started process (PID=17176) to work on /Users/andreasanditya/Downloads/572392_Andreas_AirflowETL/code/.venv/lib/python3.9/site-packages/airflow/example_dags/tutorial_taskflow_templates.py
[2026-09-18T11:27:35.528+0700] {processor.py:914} INFO - Processing file /Users/andreasanditya/Downloads/572392_Andreas_AirflowETL/code/.venv/lib/python3.9/site-packages/airflow/example_dags/tutorial_taskflow_templates.py for tasks to queue
[2026-09-18T11:27:35.529+0700] {logging_mixin.py:190} INFO - [2026-09-18T11:27:35.529+0700] {dagbag.py:588} INFO - Filling up the DagBag from /Users/andreasanditya/Downloads/572392_Andreas_AirflowETL/code/.venv/lib/python3.9/site-packages/airflow/example_dags/tutorial_taskflow_templates.py
[2026-09-18T11:27:35.587+0700] {processor.py:925} INFO - DAG(s) 'tutorial_taskflow_templates' retrieved from /Users/andreasanditya/Downloads/572392_Andreas_AirflowETL/code/.venv/lib/python3.9/site-packages/airflow/example_dags/tutorial_taskflow_templates.py
[2026-09-18T11:27:35.652+0700] {logging_mixin.py:190} INFO - [2026-09-18T11:27:35.651+0700] {dag.py:3239} INFO - Sync 1 DAGs
[2026-09-18T11:27:35.662+0700] {logging_mixin.py:190} INFO - [2026-09-18T11:27:35.662+0700] {dag.py:4180} INFO - Setting next_dagrun for tutorial_taskflow_templates to 2026-09-17 00:00:00+00:00, run_after=2026-09-18 00:00:00+00:00
[2026-09-18T11:27:35.672+0700] {processor.py:208} INFO - Processing /Users/andreasanditya/Downloads/572392_Andreas_AirflowETL/code/.venv/lib/python3.9/site-packages/airflow/example_dags/tutorial_taskflow_templates.py took 0.148 seconds
[2026-09-18T11:29:03.529+0700] {processor.py:186} INFO - Started process (PID=18110) to work on /Users/andreasanditya/Downloads/572392_Andreas_AirflowETL/code/.venv/lib/python3.9/site-packages/airflow/example_dags/tutorial_taskflow_templates.py
[2026-09-18T11:29:03.531+0700] {processor.py:914} INFO - Processing file /Users/andreasanditya/Downloads/572392_Andreas_AirflowETL/code/.venv/lib/python3.9/site-packages/airflow/example_dags/tutorial_taskflow_templates.py for tasks to queue
[2026-09-18T11:29:03.532+0700] {logging_mixin.py:190} INFO - [2026-09-18T11:29:03.532+0700] {dagbag.py:588} INFO - Filling up the DagBag from /Users/andreasanditya/Downloads/572392_Andreas_AirflowETL/code/.venv/lib/python3.9/site-packages/airflow/example_dags/tutorial_taskflow_templates.py
[2026-09-18T11:29:03.588+0700] {processor.py:925} INFO - DAG(s) 'tutorial_taskflow_templates' retrieved from /Users/andreasanditya/Downloads/572392_Andreas_AirflowETL/code/.venv/lib/python3.9/site-packages/airflow/example_dags/tutorial_taskflow_templates.py
[2026-09-18T11:29:03.650+0700] {logging_mixin.py:190} INFO - [2026-09-18T11:29:03.650+0700] {dag.py:3239} INFO - Sync 1 DAGs
[2026-09-18T11:29:03.661+0700] {logging_mixin.py:190} INFO - [2026-09-18T11:29:03.661+0700] {dag.py:4180} INFO - Setting next_dagrun for tutorial_taskflow_templates to 2026-09-17 00:00:00+00:00, run_after=2026-09-18 00:00:00+00:00
[2026-09-18T11:29:03.671+0700] {processor.py:208} INFO - Processing /Users/andreasanditya/Downloads/572392_Andreas_AirflowETL/code/.venv/lib/python3.9/site-packages/airflow/example_dags/tutorial_taskflow_templates.py took 0.144 seconds
[2026-09-18T11:30:33.655+0700] {processor.py:186} INFO - Started process (PID=19067) to work on /Users/andreasanditya/Downloads/572392_Andreas_AirflowETL/code/.venv/lib/python3.9/site-packages/airflow/example_dags/tutorial_taskflow_templates.py
[2026-09-18T11:30:33.656+0700] {processor.py:914} INFO - Processing file /Users/andreasanditya/Downloads/572392_Andreas_AirflowETL/code/.venv/lib/python3.9/site-packages/airflow/example_dags/tutorial_taskflow_templates.py for tasks to queue
[2026-09-18T11:30:33.657+0700] {logging_mixin.py:190} INFO - [2026-09-18T11:30:33.657+0700] {dagbag.py:588} INFO - Filling up the DagBag from /Users/andreasanditya/Downloads/572392_Andreas_AirflowETL/code/.venv/lib/python3.9/site-packages/airflow/example_dags/tutorial_taskflow_templates.py
[2026-09-18T11:30:33.714+0700] {processor.py:925} INFO - DAG(s) 'tutorial_taskflow_templates' retrieved from /Users/andreasanditya/Downloads/572392_Andreas_AirflowETL/code/.venv/lib/python3.9/site-packages/airflow/example_dags/tutorial_taskflow_templates.py
[2026-09-18T11:30:33.777+0700] {logging_mixin.py:190} INFO - [2026-09-18T11:30:33.776+0700] {dag.py:3239} INFO - Sync 1 DAGs
[2026-09-18T11:30:33.787+0700] {logging_mixin.py:190} INFO - [2026-09-18T11:30:33.787+0700] {dag.py:4180} INFO - Setting next_dagrun for tutorial_taskflow_templates to 2026-09-17 00:00:00+00:00, run_after=2026-09-18 00:00:00+00:00
[2026-09-18T11:30:33.799+0700] {processor.py:208} INFO - Processing /Users/andreasanditya/Downloads/572392_Andreas_AirflowETL/code/.venv/lib/python3.9/site-packages/airflow/example_dags/tutorial_taskflow_templates.py took 0.146 seconds
[2026-09-18T11:32:02.224+0700] {processor.py:186} INFO - Started process (PID=19903) to work on /Users/andreasanditya/Downloads/572392_Andreas_AirflowETL/code/.venv/lib/python3.9/site-packages/airflow/example_dags/tutorial_taskflow_templates.py
[2026-09-18T11:32:02.225+0700] {processor.py:914} INFO - Processing file /Users/andreasanditya/Downloads/572392_Andreas_AirflowETL/code/.venv/lib/python3.9/site-packages/airflow/example_dags/tutorial_taskflow_templates.py for tasks to queue
[2026-09-18T11:32:02.226+0700] {logging_mixin.py:190} INFO - [2026-09-18T11:32:02.226+0700] {dagbag.py:588} INFO - Filling up the DagBag from /Users/andreasanditya/Downloads/572392_Andreas_AirflowETL/code/.venv/lib/python3.9/site-packages/airflow/example_dags/tutorial_taskflow_templates.py
[2026-09-18T11:32:02.281+0700] {processor.py:925} INFO - DAG(s) 'tutorial_taskflow_templates' retrieved from /Users/andreasanditya/Downloads/572392_Andreas_AirflowETL/code/.venv/lib/python3.9/site-packages/airflow/example_dags/tutorial_taskflow_templates.py
[2026-09-18T11:32:02.342+0700] {logging_mixin.py:190} INFO - [2026-09-18T11:32:02.342+0700] {dag.py:3239} INFO - Sync 1 DAGs
[2026-09-18T11:32:02.353+0700] {logging_mixin.py:190} INFO - [2026-09-18T11:32:02.352+0700] {dag.py:4180} INFO - Setting next_dagrun for tutorial_taskflow_templates to 2026-09-17 00:00:00+00:00, run_after=2026-09-18 00:00:00+00:00
[2026-09-18T11:32:02.363+0700] {processor.py:208} INFO - Processing /Users/andreasanditya/Downloads/572392_Andreas_AirflowETL/code/.venv/lib/python3.9/site-packages/airflow/example_dags/tutorial_taskflow_templates.py took 0.141 seconds
[2026-09-18T11:33:29.718+0700] {processor.py:186} INFO - Started process (PID=20914) to work on /Users/andreasanditya/Downloads/572392_Andreas_AirflowETL/code/.venv/lib/python3.9/site-packages/airflow/example_dags/tutorial_taskflow_templates.py
[2026-09-18T11:33:29.719+0700] {processor.py:914} INFO - Processing file /Users/andreasanditya/Downloads/572392_Andreas_AirflowETL/code/.venv/lib/python3.9/site-packages/airflow/example_dags/tutorial_taskflow_templates.py for tasks to queue
[2026-09-18T11:33:29.720+0700] {logging_mixin.py:190} INFO - [2026-09-18T11:33:29.720+0700] {dagbag.py:588} INFO - Filling up the DagBag from /Users/andreasanditya/Downloads/572392_Andreas_AirflowETL/code/.venv/lib/python3.9/site-packages/airflow/example_dags/tutorial_taskflow_templates.py
[2026-09-18T11:33:29.778+0700] {processor.py:925} INFO - DAG(s) 'tutorial_taskflow_templates' retrieved from /Users/andreasanditya/Downloads/572392_Andreas_AirflowETL/code/.venv/lib/python3.9/site-packages/airflow/example_dags/tutorial_taskflow_templates.py
[2026-09-18T11:33:29.840+0700] {logging_mixin.py:190} INFO - [2026-09-18T11:33:29.840+0700] {dag.py:3239} INFO - Sync 1 DAGs
[2026-09-18T11:33:29.852+0700] {logging_mixin.py:190} INFO - [2026-09-18T11:33:29.852+0700] {dag.py:4180} INFO - Setting next_dagrun for tutorial_taskflow_templates to 2026-09-17 00:00:00+00:00, run_after=2026-09-18 00:00:00+00:00
[2026-09-18T11:33:29.864+0700] {processor.py:208} INFO - Processing /Users/andreasanditya/Downloads/572392_Andreas_AirflowETL/code/.venv/lib/python3.9/site-packages/airflow/example_dags/tutorial_taskflow_templates.py took 0.148 seconds
[2026-09-18T11:34:57.406+0700] {processor.py:186} INFO - Started process (PID=21869) to work on /Users/andreasanditya/Downloads/572392_Andreas_AirflowETL/code/.venv/lib/python3.9/site-packages/airflow/example_dags/tutorial_taskflow_templates.py
[2026-09-18T11:34:57.407+0700] {processor.py:914} INFO - Processing file /Users/andreasanditya/Downloads/572392_Andreas_AirflowETL/code/.venv/lib/python3.9/site-packages/airflow/example_dags/tutorial_taskflow_templates.py for tasks to queue
[2026-09-18T11:34:57.408+0700] {logging_mixin.py:190} INFO - [2026-09-18T11:34:57.407+0700] {dagbag.py:588} INFO - Filling up the DagBag from /Users/andreasanditya/Downloads/572392_Andreas_AirflowETL/code/.venv/lib/python3.9/site-packages/airflow/example_dags/tutorial_taskflow_templates.py
[2026-09-18T11:34:57.470+0700] {processor.py:925} INFO - DAG(s) 'tutorial_taskflow_templates' retrieved from /Users/andreasanditya/Downloads/572392_Andreas_AirflowETL/code/.venv/lib/python3.9/site-packages/airflow/example_dags/tutorial_taskflow_templates.py
[2026-09-18T11:34:57.533+0700] {logging_mixin.py:190} INFO - [2026-09-18T11:34:57.533+0700] {dag.py:3239} INFO - Sync 1 DAGs
[2026-09-18T11:34:57.544+0700] {logging_mixin.py:190} INFO - [2026-09-18T11:34:57.544+0700] {dag.py:4180} INFO - Setting next_dagrun for tutorial_taskflow_templates to 2026-09-17 00:00:00+00:00, run_after=2026-09-18 00:00:00+00:00
[2026-09-18T11:34:57.556+0700] {processor.py:208} INFO - Processing /Users/andreasanditya/Downloads/572392_Andreas_AirflowETL/code/.venv/lib/python3.9/site-packages/airflow/example_dags/tutorial_taskflow_templates.py took 0.152 seconds
[2026-09-18T11:36:24.522+0700] {processor.py:186} INFO - Started process (PID=22707) to work on /Users/andreasanditya/Downloads/572392_Andreas_AirflowETL/code/.venv/lib/python3.9/site-packages/airflow/example_dags/tutorial_taskflow_templates.py
[2026-09-18T11:36:24.523+0700] {processor.py:914} INFO - Processing file /Users/andreasanditya/Downloads/572392_Andreas_AirflowETL/code/.venv/lib/python3.9/site-packages/airflow/example_dags/tutorial_taskflow_templates.py for tasks to queue
[2026-09-18T11:36:24.524+0700] {logging_mixin.py:190} INFO - [2026-09-18T11:36:24.524+0700] {dagbag.py:588} INFO - Filling up the DagBag from /Users/andreasanditya/Downloads/572392_Andreas_AirflowETL/code/.venv/lib/python3.9/site-packages/airflow/example_dags/tutorial_taskflow_templates.py
[2026-09-18T11:36:24.579+0700] {processor.py:925} INFO - DAG(s) 'tutorial_taskflow_templates' retrieved from /Users/andreasanditya/Downloads/572392_Andreas_AirflowETL/code/.venv/lib/python3.9/site-packages/airflow/example_dags/tutorial_taskflow_templates.py
[2026-09-18T11:36:24.640+0700] {logging_mixin.py:190} INFO - [2026-09-18T11:36:24.639+0700] {dag.py:3239} INFO - Sync 1 DAGs
[2026-09-18T11:36:24.650+0700] {logging_mixin.py:190} INFO - [2026-09-18T11:36:24.650+0700] {dag.py:4180} INFO - Setting next_dagrun for tutorial_taskflow_templates to 2026-09-17 00:00:00+00:00, run_after=2026-09-18 00:00:00+00:00
[2026-09-18T11:36:24.660+0700] {processor.py:208} INFO - Processing /Users/andreasanditya/Downloads/572392_Andreas_AirflowETL/code/.venv/lib/python3.9/site-packages/airflow/example_dags/tutorial_taskflow_templates.py took 0.140 seconds
[2026-09-18T11:37:52.787+0700] {processor.py:186} INFO - Started process (PID=23718) to work on /Users/andreasanditya/Downloads/572392_Andreas_AirflowETL/code/.venv/lib/python3.9/site-packages/airflow/example_dags/tutorial_taskflow_templates.py
[2026-09-18T11:37:52.789+0700] {processor.py:914} INFO - Processing file /Users/andreasanditya/Downloads/572392_Andreas_AirflowETL/code/.venv/lib/python3.9/site-packages/airflow/example_dags/tutorial_taskflow_templates.py for tasks to queue
[2026-09-18T11:37:52.790+0700] {logging_mixin.py:190} INFO - [2026-09-18T11:37:52.789+0700] {dagbag.py:588} INFO - Filling up the DagBag from /Users/andreasanditya/Downloads/572392_Andreas_AirflowETL/code/.venv/lib/python3.9/site-packages/airflow/example_dags/tutorial_taskflow_templates.py
[2026-09-18T11:37:52.847+0700] {processor.py:925} INFO - DAG(s) 'tutorial_taskflow_templates' retrieved from /Users/andreasanditya/Downloads/572392_Andreas_AirflowETL/code/.venv/lib/python3.9/site-packages/airflow/example_dags/tutorial_taskflow_templates.py
[2026-09-18T11:37:52.909+0700] {logging_mixin.py:190} INFO - [2026-09-18T11:37:52.909+0700] {dag.py:3239} INFO - Sync 1 DAGs
[2026-09-18T11:37:52.921+0700] {logging_mixin.py:190} INFO - [2026-09-18T11:37:52.920+0700] {dag.py:4180} INFO - Setting next_dagrun for tutorial_taskflow_templates to 2026-09-17 00:00:00+00:00, run_after=2026-09-18 00:00:00+00:00
[2026-09-18T11:37:52.933+0700] {processor.py:208} INFO - Processing /Users/andreasanditya/Downloads/572392_Andreas_AirflowETL/code/.venv/lib/python3.9/site-packages/airflow/example_dags/tutorial_taskflow_templates.py took 0.148 seconds
[2026-09-18T11:39:19.049+0700] {processor.py:186} INFO - Started process (PID=24541) to work on /Users/andreasanditya/Downloads/572392_Andreas_AirflowETL/code/.venv/lib/python3.9/site-packages/airflow/example_dags/tutorial_taskflow_templates.py
[2026-09-18T11:39:19.050+0700] {processor.py:914} INFO - Processing file /Users/andreasanditya/Downloads/572392_Andreas_AirflowETL/code/.venv/lib/python3.9/site-packages/airflow/example_dags/tutorial_taskflow_templates.py for tasks to queue
[2026-09-18T11:39:19.051+0700] {logging_mixin.py:190} INFO - [2026-09-18T11:39:19.051+0700] {dagbag.py:588} INFO - Filling up the DagBag from /Users/andreasanditya/Downloads/572392_Andreas_AirflowETL/code/.venv/lib/python3.9/site-packages/airflow/example_dags/tutorial_taskflow_templates.py
[2026-09-18T11:39:19.106+0700] {processor.py:925} INFO - DAG(s) 'tutorial_taskflow_templates' retrieved from /Users/andreasanditya/Downloads/572392_Andreas_AirflowETL/code/.venv/lib/python3.9/site-packages/airflow/example_dags/tutorial_taskflow_templates.py
[2026-09-18T11:39:19.166+0700] {logging_mixin.py:190} INFO - [2026-09-18T11:39:19.166+0700] {dag.py:3239} INFO - Sync 1 DAGs
[2026-09-18T11:39:19.177+0700] {logging_mixin.py:190} INFO - [2026-09-18T11:39:19.177+0700] {dag.py:4180} INFO - Setting next_dagrun for tutorial_taskflow_templates to 2026-09-17 00:00:00+00:00, run_after=2026-09-18 00:00:00+00:00
[2026-09-18T11:39:19.187+0700] {processor.py:208} INFO - Processing /Users/andreasanditya/Downloads/572392_Andreas_AirflowETL/code/.venv/lib/python3.9/site-packages/airflow/example_dags/tutorial_taskflow_templates.py took 0.140 seconds
[2026-09-18T11:40:47.687+0700] {processor.py:186} INFO - Started process (PID=25468) to work on /Users/andreasanditya/Downloads/572392_Andreas_AirflowETL/code/.venv/lib/python3.9/site-packages/airflow/example_dags/tutorial_taskflow_templates.py
[2026-09-18T11:40:47.688+0700] {processor.py:914} INFO - Processing file /Users/andreasanditya/Downloads/572392_Andreas_AirflowETL/code/.venv/lib/python3.9/site-packages/airflow/example_dags/tutorial_taskflow_templates.py for tasks to queue
[2026-09-18T11:40:47.689+0700] {logging_mixin.py:190} INFO - [2026-09-18T11:40:47.689+0700] {dagbag.py:588} INFO - Filling up the DagBag from /Users/andreasanditya/Downloads/572392_Andreas_AirflowETL/code/.venv/lib/python3.9/site-packages/airflow/example_dags/tutorial_taskflow_templates.py
[2026-09-18T11:40:47.746+0700] {processor.py:925} INFO - DAG(s) 'tutorial_taskflow_templates' retrieved from /Users/andreasanditya/Downloads/572392_Andreas_AirflowETL/code/.venv/lib/python3.9/site-packages/airflow/example_dags/tutorial_taskflow_templates.py
[2026-09-18T11:40:47.808+0700] {logging_mixin.py:190} INFO - [2026-09-18T11:40:47.808+0700] {dag.py:3239} INFO - Sync 1 DAGs
[2026-09-18T11:40:47.819+0700] {logging_mixin.py:190} INFO - [2026-09-18T11:40:47.818+0700] {dag.py:4180} INFO - Setting next_dagrun for tutorial_taskflow_templates to 2026-09-17 00:00:00+00:00, run_after=2026-09-18 00:00:00+00:00
[2026-09-18T11:40:47.829+0700] {processor.py:208} INFO - Processing /Users/andreasanditya/Downloads/572392_Andreas_AirflowETL/code/.venv/lib/python3.9/site-packages/airflow/example_dags/tutorial_taskflow_templates.py took 0.144 seconds
[2026-09-18T11:42:19.029+0700] {processor.py:186} INFO - Started process (PID=26426) to work on /Users/andreasanditya/Downloads/572392_Andreas_AirflowETL/code/.venv/lib/python3.9/site-packages/airflow/example_dags/tutorial_taskflow_templates.py
[2026-09-18T11:42:19.031+0700] {processor.py:914} INFO - Processing file /Users/andreasanditya/Downloads/572392_Andreas_AirflowETL/code/.venv/lib/python3.9/site-packages/airflow/example_dags/tutorial_taskflow_templates.py for tasks to queue
[2026-09-18T11:42:19.032+0700] {logging_mixin.py:190} INFO - [2026-09-18T11:42:19.032+0700] {dagbag.py:588} INFO - Filling up the DagBag from /Users/andreasanditya/Downloads/572392_Andreas_AirflowETL/code/.venv/lib/python3.9/site-packages/airflow/example_dags/tutorial_taskflow_templates.py
[2026-09-18T11:42:19.090+0700] {processor.py:925} INFO - DAG(s) 'tutorial_taskflow_templates' retrieved from /Users/andreasanditya/Downloads/572392_Andreas_AirflowETL/code/.venv/lib/python3.9/site-packages/airflow/example_dags/tutorial_taskflow_templates.py
[2026-09-18T11:42:19.154+0700] {logging_mixin.py:190} INFO - [2026-09-18T11:42:19.153+0700] {dag.py:3239} INFO - Sync 1 DAGs
[2026-09-18T11:42:19.167+0700] {logging_mixin.py:190} INFO - [2026-09-18T11:42:19.166+0700] {dag.py:4180} INFO - Setting next_dagrun for tutorial_taskflow_templates to 2026-09-17 00:00:00+00:00, run_after=2026-09-18 00:00:00+00:00
[2026-09-18T11:42:19.178+0700] {processor.py:208} INFO - Processing /Users/andreasanditya/Downloads/572392_Andreas_AirflowETL/code/.venv/lib/python3.9/site-packages/airflow/example_dags/tutorial_taskflow_templates.py took 0.151 seconds
[2026-09-18T11:43:46.118+0700] {processor.py:186} INFO - Started process (PID=27338) to work on /Users/andreasanditya/Downloads/572392_Andreas_AirflowETL/code/.venv/lib/python3.9/site-packages/airflow/example_dags/tutorial_taskflow_templates.py
[2026-09-18T11:43:46.119+0700] {processor.py:914} INFO - Processing file /Users/andreasanditya/Downloads/572392_Andreas_AirflowETL/code/.venv/lib/python3.9/site-packages/airflow/example_dags/tutorial_taskflow_templates.py for tasks to queue
[2026-09-18T11:43:46.120+0700] {logging_mixin.py:190} INFO - [2026-09-18T11:43:46.120+0700] {dagbag.py:588} INFO - Filling up the DagBag from /Users/andreasanditya/Downloads/572392_Andreas_AirflowETL/code/.venv/lib/python3.9/site-packages/airflow/example_dags/tutorial_taskflow_templates.py
[2026-09-18T11:43:46.169+0700] {processor.py:925} INFO - DAG(s) 'tutorial_taskflow_templates' retrieved from /Users/andreasanditya/Downloads/572392_Andreas_AirflowETL/code/.venv/lib/python3.9/site-packages/airflow/example_dags/tutorial_taskflow_templates.py
[2026-09-18T11:43:46.227+0700] {logging_mixin.py:190} INFO - [2026-09-18T11:43:46.227+0700] {dag.py:3239} INFO - Sync 1 DAGs
[2026-09-18T11:43:46.238+0700] {logging_mixin.py:190} INFO - [2026-09-18T11:43:46.237+0700] {dag.py:4180} INFO - Setting next_dagrun for tutorial_taskflow_templates to 2026-09-17 00:00:00+00:00, run_after=2026-09-18 00:00:00+00:00
[2026-09-18T11:43:46.248+0700] {processor.py:208} INFO - Processing /Users/andreasanditya/Downloads/572392_Andreas_AirflowETL/code/.venv/lib/python3.9/site-packages/airflow/example_dags/tutorial_taskflow_templates.py took 0.131 seconds
[2026-09-18T11:45:14.102+0700] {processor.py:186} INFO - Started process (PID=28159) to work on /Users/andreasanditya/Downloads/572392_Andreas_AirflowETL/code/.venv/lib/python3.9/site-packages/airflow/example_dags/tutorial_taskflow_templates.py
[2026-09-18T11:45:14.103+0700] {processor.py:914} INFO - Processing file /Users/andreasanditya/Downloads/572392_Andreas_AirflowETL/code/.venv/lib/python3.9/site-packages/airflow/example_dags/tutorial_taskflow_templates.py for tasks to queue
[2026-09-18T11:45:14.104+0700] {logging_mixin.py:190} INFO - [2026-09-18T11:45:14.104+0700] {dagbag.py:588} INFO - Filling up the DagBag from /Users/andreasanditya/Downloads/572392_Andreas_AirflowETL/code/.venv/lib/python3.9/site-packages/airflow/example_dags/tutorial_taskflow_templates.py
[2026-09-18T11:45:14.152+0700] {processor.py:925} INFO - DAG(s) 'tutorial_taskflow_templates' retrieved from /Users/andreasanditya/Downloads/572392_Andreas_AirflowETL/code/.venv/lib/python3.9/site-packages/airflow/example_dags/tutorial_taskflow_templates.py
[2026-09-18T11:45:14.211+0700] {logging_mixin.py:190} INFO - [2026-09-18T11:45:14.211+0700] {dag.py:3239} INFO - Sync 1 DAGs
[2026-09-18T11:45:14.221+0700] {logging_mixin.py:190} INFO - [2026-09-18T11:45:14.221+0700] {dag.py:4180} INFO - Setting next_dagrun for tutorial_taskflow_templates to 2026-09-17 00:00:00+00:00, run_after=2026-09-18 00:00:00+00:00
[2026-09-18T11:45:14.232+0700] {processor.py:208} INFO - Processing /Users/andreasanditya/Downloads/572392_Andreas_AirflowETL/code/.venv/lib/python3.9/site-packages/airflow/example_dags/tutorial_taskflow_templates.py took 0.132 seconds
[2026-09-18T11:46:39.748+0700] {processor.py:186} INFO - Started process (PID=29062) to work on /Users/andreasanditya/Downloads/572392_Andreas_AirflowETL/code/.venv/lib/python3.9/site-packages/airflow/example_dags/tutorial_taskflow_templates.py
[2026-09-18T11:46:39.750+0700] {processor.py:914} INFO - Processing file /Users/andreasanditya/Downloads/572392_Andreas_AirflowETL/code/.venv/lib/python3.9/site-packages/airflow/example_dags/tutorial_taskflow_templates.py for tasks to queue
[2026-09-18T11:46:39.750+0700] {logging_mixin.py:190} INFO - [2026-09-18T11:46:39.750+0700] {dagbag.py:588} INFO - Filling up the DagBag from /Users/andreasanditya/Downloads/572392_Andreas_AirflowETL/code/.venv/lib/python3.9/site-packages/airflow/example_dags/tutorial_taskflow_templates.py
[2026-09-18T11:46:39.799+0700] {processor.py:925} INFO - DAG(s) 'tutorial_taskflow_templates' retrieved from /Users/andreasanditya/Downloads/572392_Andreas_AirflowETL/code/.venv/lib/python3.9/site-packages/airflow/example_dags/tutorial_taskflow_templates.py
[2026-09-18T11:46:39.858+0700] {logging_mixin.py:190} INFO - [2026-09-18T11:46:39.858+0700] {dag.py:3239} INFO - Sync 1 DAGs
[2026-09-18T11:46:39.868+0700] {logging_mixin.py:190} INFO - [2026-09-18T11:46:39.868+0700] {dag.py:4180} INFO - Setting next_dagrun for tutorial_taskflow_templates to 2026-09-17 00:00:00+00:00, run_after=2026-09-18 00:00:00+00:00
[2026-09-18T11:46:39.878+0700] {processor.py:208} INFO - Processing /Users/andreasanditya/Downloads/572392_Andreas_AirflowETL/code/.venv/lib/python3.9/site-packages/airflow/example_dags/tutorial_taskflow_templates.py took 0.132 seconds
[2026-09-18T11:48:06.566+0700] {processor.py:186} INFO - Started process (PID=29882) to work on /Users/andreasanditya/Downloads/572392_Andreas_AirflowETL/code/.venv/lib/python3.9/site-packages/airflow/example_dags/tutorial_taskflow_templates.py
[2026-09-18T11:48:06.568+0700] {processor.py:914} INFO - Processing file /Users/andreasanditya/Downloads/572392_Andreas_AirflowETL/code/.venv/lib/python3.9/site-packages/airflow/example_dags/tutorial_taskflow_templates.py for tasks to queue
[2026-09-18T11:48:06.568+0700] {logging_mixin.py:190} INFO - [2026-09-18T11:48:06.568+0700] {dagbag.py:588} INFO - Filling up the DagBag from /Users/andreasanditya/Downloads/572392_Andreas_AirflowETL/code/.venv/lib/python3.9/site-packages/airflow/example_dags/tutorial_taskflow_templates.py
[2026-09-18T11:48:06.622+0700] {processor.py:925} INFO - DAG(s) 'tutorial_taskflow_templates' retrieved from /Users/andreasanditya/Downloads/572392_Andreas_AirflowETL/code/.venv/lib/python3.9/site-packages/airflow/example_dags/tutorial_taskflow_templates.py
[2026-09-18T11:48:06.683+0700] {logging_mixin.py:190} INFO - [2026-09-18T11:48:06.682+0700] {dag.py:3239} INFO - Sync 1 DAGs
[2026-09-18T11:48:06.693+0700] {logging_mixin.py:190} INFO - [2026-09-18T11:48:06.693+0700] {dag.py:4180} INFO - Setting next_dagrun for tutorial_taskflow_templates to 2026-09-17 00:00:00+00:00, run_after=2026-09-18 00:00:00+00:00
[2026-09-18T11:48:06.704+0700] {processor.py:208} INFO - Processing /Users/andreasanditya/Downloads/572392_Andreas_AirflowETL/code/.venv/lib/python3.9/site-packages/airflow/example_dags/tutorial_taskflow_templates.py took 0.139 seconds
[2026-09-18T11:49:33.093+0700] {processor.py:186} INFO - Started process (PID=30805) to work on /Users/andreasanditya/Downloads/572392_Andreas_AirflowETL/code/.venv/lib/python3.9/site-packages/airflow/example_dags/tutorial_taskflow_templates.py
[2026-09-18T11:49:33.094+0700] {processor.py:914} INFO - Processing file /Users/andreasanditya/Downloads/572392_Andreas_AirflowETL/code/.venv/lib/python3.9/site-packages/airflow/example_dags/tutorial_taskflow_templates.py for tasks to queue
[2026-09-18T11:49:33.094+0700] {logging_mixin.py:190} INFO - [2026-09-18T11:49:33.094+0700] {dagbag.py:588} INFO - Filling up the DagBag from /Users/andreasanditya/Downloads/572392_Andreas_AirflowETL/code/.venv/lib/python3.9/site-packages/airflow/example_dags/tutorial_taskflow_templates.py
[2026-09-18T11:49:33.148+0700] {processor.py:925} INFO - DAG(s) 'tutorial_taskflow_templates' retrieved from /Users/andreasanditya/Downloads/572392_Andreas_AirflowETL/code/.venv/lib/python3.9/site-packages/airflow/example_dags/tutorial_taskflow_templates.py
[2026-09-18T11:49:33.209+0700] {logging_mixin.py:190} INFO - [2026-09-18T11:49:33.209+0700] {dag.py:3239} INFO - Sync 1 DAGs
[2026-09-18T11:49:33.220+0700] {logging_mixin.py:190} INFO - [2026-09-18T11:49:33.220+0700] {dag.py:4180} INFO - Setting next_dagrun for tutorial_taskflow_templates to 2026-09-17 00:00:00+00:00, run_after=2026-09-18 00:00:00+00:00
[2026-09-18T11:49:33.230+0700] {processor.py:208} INFO - Processing /Users/andreasanditya/Downloads/572392_Andreas_AirflowETL/code/.venv/lib/python3.9/site-packages/airflow/example_dags/tutorial_taskflow_templates.py took 0.139 seconds
[2026-09-18T11:50:59.146+0700] {processor.py:186} INFO - Started process (PID=31633) to work on /Users/andreasanditya/Downloads/572392_Andreas_AirflowETL/code/.venv/lib/python3.9/site-packages/airflow/example_dags/tutorial_taskflow_templates.py
[2026-09-18T11:50:59.147+0700] {processor.py:914} INFO - Processing file /Users/andreasanditya/Downloads/572392_Andreas_AirflowETL/code/.venv/lib/python3.9/site-packages/airflow/example_dags/tutorial_taskflow_templates.py for tasks to queue
[2026-09-18T11:50:59.148+0700] {logging_mixin.py:190} INFO - [2026-09-18T11:50:59.148+0700] {dagbag.py:588} INFO - Filling up the DagBag from /Users/andreasanditya/Downloads/572392_Andreas_AirflowETL/code/.venv/lib/python3.9/site-packages/airflow/example_dags/tutorial_taskflow_templates.py
[2026-09-18T11:50:59.201+0700] {processor.py:925} INFO - DAG(s) 'tutorial_taskflow_templates' retrieved from /Users/andreasanditya/Downloads/572392_Andreas_AirflowETL/code/.venv/lib/python3.9/site-packages/airflow/example_dags/tutorial_taskflow_templates.py
[2026-09-18T11:50:59.260+0700] {logging_mixin.py:190} INFO - [2026-09-18T11:50:59.260+0700] {dag.py:3239} INFO - Sync 1 DAGs
[2026-09-18T11:50:59.271+0700] {logging_mixin.py:190} INFO - [2026-09-18T11:50:59.271+0700] {dag.py:4180} INFO - Setting next_dagrun for tutorial_taskflow_templates to 2026-09-17 00:00:00+00:00, run_after=2026-09-18 00:00:00+00:00
[2026-09-18T11:50:59.281+0700] {processor.py:208} INFO - Processing /Users/andreasanditya/Downloads/572392_Andreas_AirflowETL/code/.venv/lib/python3.9/site-packages/airflow/example_dags/tutorial_taskflow_templates.py took 0.137 seconds
[2026-09-18T11:52:24.629+0700] {processor.py:186} INFO - Started process (PID=32534) to work on /Users/andreasanditya/Downloads/572392_Andreas_AirflowETL/code/.venv/lib/python3.9/site-packages/airflow/example_dags/tutorial_taskflow_templates.py
[2026-09-18T11:52:24.631+0700] {processor.py:914} INFO - Processing file /Users/andreasanditya/Downloads/572392_Andreas_AirflowETL/code/.venv/lib/python3.9/site-packages/airflow/example_dags/tutorial_taskflow_templates.py for tasks to queue
[2026-09-18T11:52:24.632+0700] {logging_mixin.py:190} INFO - [2026-09-18T11:52:24.632+0700] {dagbag.py:588} INFO - Filling up the DagBag from /Users/andreasanditya/Downloads/572392_Andreas_AirflowETL/code/.venv/lib/python3.9/site-packages/airflow/example_dags/tutorial_taskflow_templates.py
[2026-09-18T11:52:24.691+0700] {processor.py:925} INFO - DAG(s) 'tutorial_taskflow_templates' retrieved from /Users/andreasanditya/Downloads/572392_Andreas_AirflowETL/code/.venv/lib/python3.9/site-packages/airflow/example_dags/tutorial_taskflow_templates.py
[2026-09-18T11:52:24.755+0700] {logging_mixin.py:190} INFO - [2026-09-18T11:52:24.755+0700] {dag.py:3239} INFO - Sync 1 DAGs
[2026-09-18T11:52:24.766+0700] {logging_mixin.py:190} INFO - [2026-09-18T11:52:24.766+0700] {dag.py:4180} INFO - Setting next_dagrun for tutorial_taskflow_templates to 2026-09-17 00:00:00+00:00, run_after=2026-09-18 00:00:00+00:00
[2026-09-18T11:52:24.777+0700] {processor.py:208} INFO - Processing /Users/andreasanditya/Downloads/572392_Andreas_AirflowETL/code/.venv/lib/python3.9/site-packages/airflow/example_dags/tutorial_taskflow_templates.py took 0.150 seconds
[2026-09-18T11:53:50.963+0700] {processor.py:186} INFO - Started process (PID=33346) to work on /Users/andreasanditya/Downloads/572392_Andreas_AirflowETL/code/.venv/lib/python3.9/site-packages/airflow/example_dags/tutorial_taskflow_templates.py
[2026-09-18T11:53:50.964+0700] {processor.py:914} INFO - Processing file /Users/andreasanditya/Downloads/572392_Andreas_AirflowETL/code/.venv/lib/python3.9/site-packages/airflow/example_dags/tutorial_taskflow_templates.py for tasks to queue
[2026-09-18T11:53:50.965+0700] {logging_mixin.py:190} INFO - [2026-09-18T11:53:50.965+0700] {dagbag.py:588} INFO - Filling up the DagBag from /Users/andreasanditya/Downloads/572392_Andreas_AirflowETL/code/.venv/lib/python3.9/site-packages/airflow/example_dags/tutorial_taskflow_templates.py
[2026-09-18T11:53:51.015+0700] {processor.py:925} INFO - DAG(s) 'tutorial_taskflow_templates' retrieved from /Users/andreasanditya/Downloads/572392_Andreas_AirflowETL/code/.venv/lib/python3.9/site-packages/airflow/example_dags/tutorial_taskflow_templates.py
[2026-09-18T11:53:51.077+0700] {logging_mixin.py:190} INFO - [2026-09-18T11:53:51.077+0700] {dag.py:3239} INFO - Sync 1 DAGs
[2026-09-18T11:53:51.088+0700] {logging_mixin.py:190} INFO - [2026-09-18T11:53:51.088+0700] {dag.py:4180} INFO - Setting next_dagrun for tutorial_taskflow_templates to 2026-09-17 00:00:00+00:00, run_after=2026-09-18 00:00:00+00:00
[2026-09-18T11:53:51.098+0700] {processor.py:208} INFO - Processing /Users/andreasanditya/Downloads/572392_Andreas_AirflowETL/code/.venv/lib/python3.9/site-packages/airflow/example_dags/tutorial_taskflow_templates.py took 0.137 seconds
[2026-09-18T11:55:18.781+0700] {processor.py:186} INFO - Started process (PID=34278) to work on /Users/andreasanditya/Downloads/572392_Andreas_AirflowETL/code/.venv/lib/python3.9/site-packages/airflow/example_dags/tutorial_taskflow_templates.py
[2026-09-18T11:55:18.782+0700] {processor.py:914} INFO - Processing file /Users/andreasanditya/Downloads/572392_Andreas_AirflowETL/code/.venv/lib/python3.9/site-packages/airflow/example_dags/tutorial_taskflow_templates.py for tasks to queue
[2026-09-18T11:55:18.783+0700] {logging_mixin.py:190} INFO - [2026-09-18T11:55:18.783+0700] {dagbag.py:588} INFO - Filling up the DagBag from /Users/andreasanditya/Downloads/572392_Andreas_AirflowETL/code/.venv/lib/python3.9/site-packages/airflow/example_dags/tutorial_taskflow_templates.py
[2026-09-18T11:55:18.837+0700] {processor.py:925} INFO - DAG(s) 'tutorial_taskflow_templates' retrieved from /Users/andreasanditya/Downloads/572392_Andreas_AirflowETL/code/.venv/lib/python3.9/site-packages/airflow/example_dags/tutorial_taskflow_templates.py
[2026-09-18T11:55:18.900+0700] {logging_mixin.py:190} INFO - [2026-09-18T11:55:18.900+0700] {dag.py:3239} INFO - Sync 1 DAGs
[2026-09-18T11:55:18.911+0700] {logging_mixin.py:190} INFO - [2026-09-18T11:55:18.911+0700] {dag.py:4180} INFO - Setting next_dagrun for tutorial_taskflow_templates to 2026-09-17 00:00:00+00:00, run_after=2026-09-18 00:00:00+00:00
[2026-09-18T11:55:18.921+0700] {processor.py:208} INFO - Processing /Users/andreasanditya/Downloads/572392_Andreas_AirflowETL/code/.venv/lib/python3.9/site-packages/airflow/example_dags/tutorial_taskflow_templates.py took 0.142 seconds
[2026-09-18T11:56:45.477+0700] {processor.py:186} INFO - Started process (PID=35186) to work on /Users/andreasanditya/Downloads/572392_Andreas_AirflowETL/code/.venv/lib/python3.9/site-packages/airflow/example_dags/tutorial_taskflow_templates.py
[2026-09-18T11:56:45.480+0700] {processor.py:914} INFO - Processing file /Users/andreasanditya/Downloads/572392_Andreas_AirflowETL/code/.venv/lib/python3.9/site-packages/airflow/example_dags/tutorial_taskflow_templates.py for tasks to queue
[2026-09-18T11:56:45.481+0700] {logging_mixin.py:190} INFO - [2026-09-18T11:56:45.481+0700] {dagbag.py:588} INFO - Filling up the DagBag from /Users/andreasanditya/Downloads/572392_Andreas_AirflowETL/code/.venv/lib/python3.9/site-packages/airflow/example_dags/tutorial_taskflow_templates.py
[2026-09-18T11:56:45.535+0700] {processor.py:925} INFO - DAG(s) 'tutorial_taskflow_templates' retrieved from /Users/andreasanditya/Downloads/572392_Andreas_AirflowETL/code/.venv/lib/python3.9/site-packages/airflow/example_dags/tutorial_taskflow_templates.py
[2026-09-18T11:56:45.597+0700] {logging_mixin.py:190} INFO - [2026-09-18T11:56:45.597+0700] {dag.py:3239} INFO - Sync 1 DAGs
[2026-09-18T11:56:45.607+0700] {logging_mixin.py:190} INFO - [2026-09-18T11:56:45.607+0700] {dag.py:4180} INFO - Setting next_dagrun for tutorial_taskflow_templates to 2026-09-17 00:00:00+00:00, run_after=2026-09-18 00:00:00+00:00
[2026-09-18T11:56:45.618+0700] {processor.py:208} INFO - Processing /Users/andreasanditya/Downloads/572392_Andreas_AirflowETL/code/.venv/lib/python3.9/site-packages/airflow/example_dags/tutorial_taskflow_templates.py took 0.143 seconds
[2026-09-18T11:58:13.334+0700] {processor.py:186} INFO - Started process (PID=36016) to work on /Users/andreasanditya/Downloads/572392_Andreas_AirflowETL/code/.venv/lib/python3.9/site-packages/airflow/example_dags/tutorial_taskflow_templates.py
[2026-09-18T11:58:13.335+0700] {processor.py:914} INFO - Processing file /Users/andreasanditya/Downloads/572392_Andreas_AirflowETL/code/.venv/lib/python3.9/site-packages/airflow/example_dags/tutorial_taskflow_templates.py for tasks to queue
[2026-09-18T11:58:13.335+0700] {logging_mixin.py:190} INFO - [2026-09-18T11:58:13.335+0700] {dagbag.py:588} INFO - Filling up the DagBag from /Users/andreasanditya/Downloads/572392_Andreas_AirflowETL/code/.venv/lib/python3.9/site-packages/airflow/example_dags/tutorial_taskflow_templates.py
[2026-09-18T11:58:13.385+0700] {processor.py:925} INFO - DAG(s) 'tutorial_taskflow_templates' retrieved from /Users/andreasanditya/Downloads/572392_Andreas_AirflowETL/code/.venv/lib/python3.9/site-packages/airflow/example_dags/tutorial_taskflow_templates.py
[2026-09-18T11:58:13.445+0700] {logging_mixin.py:190} INFO - [2026-09-18T11:58:13.444+0700] {dag.py:3239} INFO - Sync 1 DAGs
[2026-09-18T11:58:13.455+0700] {logging_mixin.py:190} INFO - [2026-09-18T11:58:13.455+0700] {dag.py:4180} INFO - Setting next_dagrun for tutorial_taskflow_templates to 2026-09-17 00:00:00+00:00, run_after=2026-09-18 00:00:00+00:00
[2026-09-18T11:58:13.466+0700] {processor.py:208} INFO - Processing /Users/andreasanditya/Downloads/572392_Andreas_AirflowETL/code/.venv/lib/python3.9/site-packages/airflow/example_dags/tutorial_taskflow_templates.py took 0.134 seconds
[2026-09-18T11:59:37.369+0700] {processor.py:186} INFO - Started process (PID=36910) to work on /Users/andreasanditya/Downloads/572392_Andreas_AirflowETL/code/.venv/lib/python3.9/site-packages/airflow/example_dags/tutorial_taskflow_templates.py
[2026-09-18T11:59:37.370+0700] {processor.py:914} INFO - Processing file /Users/andreasanditya/Downloads/572392_Andreas_AirflowETL/code/.venv/lib/python3.9/site-packages/airflow/example_dags/tutorial_taskflow_templates.py for tasks to queue
[2026-09-18T11:59:37.371+0700] {logging_mixin.py:190} INFO - [2026-09-18T11:59:37.370+0700] {dagbag.py:588} INFO - Filling up the DagBag from /Users/andreasanditya/Downloads/572392_Andreas_AirflowETL/code/.venv/lib/python3.9/site-packages/airflow/example_dags/tutorial_taskflow_templates.py
[2026-09-18T11:59:37.426+0700] {processor.py:925} INFO - DAG(s) 'tutorial_taskflow_templates' retrieved from /Users/andreasanditya/Downloads/572392_Andreas_AirflowETL/code/.venv/lib/python3.9/site-packages/airflow/example_dags/tutorial_taskflow_templates.py
[2026-09-18T11:59:37.488+0700] {logging_mixin.py:190} INFO - [2026-09-18T11:59:37.487+0700] {dag.py:3239} INFO - Sync 1 DAGs
[2026-09-18T11:59:37.498+0700] {logging_mixin.py:190} INFO - [2026-09-18T11:59:37.498+0700] {dag.py:4180} INFO - Setting next_dagrun for tutorial_taskflow_templates to 2026-09-17 00:00:00+00:00, run_after=2026-09-18 00:00:00+00:00
[2026-09-18T11:59:37.512+0700] {processor.py:208} INFO - Processing /Users/andreasanditya/Downloads/572392_Andreas_AirflowETL/code/.venv/lib/python3.9/site-packages/airflow/example_dags/tutorial_taskflow_templates.py took 0.145 seconds
[2026-09-18T12:01:03.512+0700] {processor.py:186} INFO - Started process (PID=37745) to work on /Users/andreasanditya/Downloads/572392_Andreas_AirflowETL/code/.venv/lib/python3.9/site-packages/airflow/example_dags/tutorial_taskflow_templates.py
[2026-09-18T12:01:03.515+0700] {processor.py:914} INFO - Processing file /Users/andreasanditya/Downloads/572392_Andreas_AirflowETL/code/.venv/lib/python3.9/site-packages/airflow/example_dags/tutorial_taskflow_templates.py for tasks to queue
[2026-09-18T12:01:03.516+0700] {logging_mixin.py:190} INFO - [2026-09-18T12:01:03.516+0700] {dagbag.py:588} INFO - Filling up the DagBag from /Users/andreasanditya/Downloads/572392_Andreas_AirflowETL/code/.venv/lib/python3.9/site-packages/airflow/example_dags/tutorial_taskflow_templates.py
[2026-09-18T12:01:03.565+0700] {processor.py:925} INFO - DAG(s) 'tutorial_taskflow_templates' retrieved from /Users/andreasanditya/Downloads/572392_Andreas_AirflowETL/code/.venv/lib/python3.9/site-packages/airflow/example_dags/tutorial_taskflow_templates.py
[2026-09-18T12:01:03.624+0700] {logging_mixin.py:190} INFO - [2026-09-18T12:01:03.624+0700] {dag.py:3239} INFO - Sync 1 DAGs
[2026-09-18T12:01:03.635+0700] {logging_mixin.py:190} INFO - [2026-09-18T12:01:03.635+0700] {dag.py:4180} INFO - Setting next_dagrun for tutorial_taskflow_templates to 2026-09-17 00:00:00+00:00, run_after=2026-09-18 00:00:00+00:00
[2026-09-18T12:01:03.645+0700] {processor.py:208} INFO - Processing /Users/andreasanditya/Downloads/572392_Andreas_AirflowETL/code/.venv/lib/python3.9/site-packages/airflow/example_dags/tutorial_taskflow_templates.py took 0.135 seconds
[2026-09-18T12:02:30.979+0700] {processor.py:186} INFO - Started process (PID=38650) to work on /Users/andreasanditya/Downloads/572392_Andreas_AirflowETL/code/.venv/lib/python3.9/site-packages/airflow/example_dags/tutorial_taskflow_templates.py
[2026-09-18T12:02:30.979+0700] {processor.py:914} INFO - Processing file /Users/andreasanditya/Downloads/572392_Andreas_AirflowETL/code/.venv/lib/python3.9/site-packages/airflow/example_dags/tutorial_taskflow_templates.py for tasks to queue
[2026-09-18T12:02:30.980+0700] {logging_mixin.py:190} INFO - [2026-09-18T12:02:30.980+0700] {dagbag.py:588} INFO - Filling up the DagBag from /Users/andreasanditya/Downloads/572392_Andreas_AirflowETL/code/.venv/lib/python3.9/site-packages/airflow/example_dags/tutorial_taskflow_templates.py
[2026-09-18T12:02:31.030+0700] {processor.py:925} INFO - DAG(s) 'tutorial_taskflow_templates' retrieved from /Users/andreasanditya/Downloads/572392_Andreas_AirflowETL/code/.venv/lib/python3.9/site-packages/airflow/example_dags/tutorial_taskflow_templates.py
[2026-09-18T12:02:31.089+0700] {logging_mixin.py:190} INFO - [2026-09-18T12:02:31.089+0700] {dag.py:3239} INFO - Sync 1 DAGs
[2026-09-18T12:02:31.099+0700] {logging_mixin.py:190} INFO - [2026-09-18T12:02:31.099+0700] {dag.py:4180} INFO - Setting next_dagrun for tutorial_taskflow_templates to 2026-09-17 00:00:00+00:00, run_after=2026-09-18 00:00:00+00:00
[2026-09-18T12:02:31.109+0700] {processor.py:208} INFO - Processing /Users/andreasanditya/Downloads/572392_Andreas_AirflowETL/code/.venv/lib/python3.9/site-packages/airflow/example_dags/tutorial_taskflow_templates.py took 0.133 seconds
[2026-09-18T12:03:57.306+0700] {processor.py:186} INFO - Started process (PID=39504) to work on /Users/andreasanditya/Downloads/572392_Andreas_AirflowETL/code/.venv/lib/python3.9/site-packages/airflow/example_dags/tutorial_taskflow_templates.py
[2026-09-18T12:03:57.307+0700] {processor.py:914} INFO - Processing file /Users/andreasanditya/Downloads/572392_Andreas_AirflowETL/code/.venv/lib/python3.9/site-packages/airflow/example_dags/tutorial_taskflow_templates.py for tasks to queue
[2026-09-18T12:03:57.308+0700] {logging_mixin.py:190} INFO - [2026-09-18T12:03:57.308+0700] {dagbag.py:588} INFO - Filling up the DagBag from /Users/andreasanditya/Downloads/572392_Andreas_AirflowETL/code/.venv/lib/python3.9/site-packages/airflow/example_dags/tutorial_taskflow_templates.py
[2026-09-18T12:03:57.357+0700] {processor.py:925} INFO - DAG(s) 'tutorial_taskflow_templates' retrieved from /Users/andreasanditya/Downloads/572392_Andreas_AirflowETL/code/.venv/lib/python3.9/site-packages/airflow/example_dags/tutorial_taskflow_templates.py
[2026-09-18T12:03:57.416+0700] {logging_mixin.py:190} INFO - [2026-09-18T12:03:57.416+0700] {dag.py:3239} INFO - Sync 1 DAGs
[2026-09-18T12:03:57.426+0700] {logging_mixin.py:190} INFO - [2026-09-18T12:03:57.426+0700] {dag.py:4180} INFO - Setting next_dagrun for tutorial_taskflow_templates to 2026-09-17 00:00:00+00:00, run_after=2026-09-18 00:00:00+00:00
[2026-09-18T12:03:57.436+0700] {processor.py:208} INFO - Processing /Users/andreasanditya/Downloads/572392_Andreas_AirflowETL/code/.venv/lib/python3.9/site-packages/airflow/example_dags/tutorial_taskflow_templates.py took 0.132 seconds
[2026-09-18T12:05:24.063+0700] {processor.py:186} INFO - Started process (PID=40398) to work on /Users/andreasanditya/Downloads/572392_Andreas_AirflowETL/code/.venv/lib/python3.9/site-packages/airflow/example_dags/tutorial_taskflow_templates.py
[2026-09-18T12:05:24.063+0700] {processor.py:914} INFO - Processing file /Users/andreasanditya/Downloads/572392_Andreas_AirflowETL/code/.venv/lib/python3.9/site-packages/airflow/example_dags/tutorial_taskflow_templates.py for tasks to queue
[2026-09-18T12:05:24.064+0700] {logging_mixin.py:190} INFO - [2026-09-18T12:05:24.064+0700] {dagbag.py:588} INFO - Filling up the DagBag from /Users/andreasanditya/Downloads/572392_Andreas_AirflowETL/code/.venv/lib/python3.9/site-packages/airflow/example_dags/tutorial_taskflow_templates.py
[2026-09-18T12:05:24.113+0700] {processor.py:925} INFO - DAG(s) 'tutorial_taskflow_templates' retrieved from /Users/andreasanditya/Downloads/572392_Andreas_AirflowETL/code/.venv/lib/python3.9/site-packages/airflow/example_dags/tutorial_taskflow_templates.py
[2026-09-18T12:05:24.171+0700] {logging_mixin.py:190} INFO - [2026-09-18T12:05:24.171+0700] {dag.py:3239} INFO - Sync 1 DAGs
[2026-09-18T12:05:24.182+0700] {logging_mixin.py:190} INFO - [2026-09-18T12:05:24.181+0700] {dag.py:4180} INFO - Setting next_dagrun for tutorial_taskflow_templates to 2026-09-17 00:00:00+00:00, run_after=2026-09-18 00:00:00+00:00
[2026-09-18T12:05:24.192+0700] {processor.py:208} INFO - Processing /Users/andreasanditya/Downloads/572392_Andreas_AirflowETL/code/.venv/lib/python3.9/site-packages/airflow/example_dags/tutorial_taskflow_templates.py took 0.131 seconds
[2026-09-18T12:06:52.093+0700] {processor.py:186} INFO - Started process (PID=41316) to work on /Users/andreasanditya/Downloads/572392_Andreas_AirflowETL/code/.venv/lib/python3.9/site-packages/airflow/example_dags/tutorial_taskflow_templates.py
[2026-09-18T12:06:52.094+0700] {processor.py:914} INFO - Processing file /Users/andreasanditya/Downloads/572392_Andreas_AirflowETL/code/.venv/lib/python3.9/site-packages/airflow/example_dags/tutorial_taskflow_templates.py for tasks to queue
[2026-09-18T12:06:52.095+0700] {logging_mixin.py:190} INFO - [2026-09-18T12:06:52.095+0700] {dagbag.py:588} INFO - Filling up the DagBag from /Users/andreasanditya/Downloads/572392_Andreas_AirflowETL/code/.venv/lib/python3.9/site-packages/airflow/example_dags/tutorial_taskflow_templates.py
[2026-09-18T12:06:52.153+0700] {processor.py:925} INFO - DAG(s) 'tutorial_taskflow_templates' retrieved from /Users/andreasanditya/Downloads/572392_Andreas_AirflowETL/code/.venv/lib/python3.9/site-packages/airflow/example_dags/tutorial_taskflow_templates.py
[2026-09-18T12:06:52.214+0700] {logging_mixin.py:190} INFO - [2026-09-18T12:06:52.214+0700] {dag.py:3239} INFO - Sync 1 DAGs
[2026-09-18T12:06:52.224+0700] {logging_mixin.py:190} INFO - [2026-09-18T12:06:52.224+0700] {dag.py:4180} INFO - Setting next_dagrun for tutorial_taskflow_templates to 2026-09-17 00:00:00+00:00, run_after=2026-09-18 00:00:00+00:00
[2026-09-18T12:06:52.236+0700] {processor.py:208} INFO - Processing /Users/andreasanditya/Downloads/572392_Andreas_AirflowETL/code/.venv/lib/python3.9/site-packages/airflow/example_dags/tutorial_taskflow_templates.py took 0.145 seconds
[2026-09-18T12:08:20.385+0700] {processor.py:186} INFO - Started process (PID=42145) to work on /Users/andreasanditya/Downloads/572392_Andreas_AirflowETL/code/.venv/lib/python3.9/site-packages/airflow/example_dags/tutorial_taskflow_templates.py
[2026-09-18T12:08:20.387+0700] {processor.py:914} INFO - Processing file /Users/andreasanditya/Downloads/572392_Andreas_AirflowETL/code/.venv/lib/python3.9/site-packages/airflow/example_dags/tutorial_taskflow_templates.py for tasks to queue
[2026-09-18T12:08:20.388+0700] {logging_mixin.py:190} INFO - [2026-09-18T12:08:20.388+0700] {dagbag.py:588} INFO - Filling up the DagBag from /Users/andreasanditya/Downloads/572392_Andreas_AirflowETL/code/.venv/lib/python3.9/site-packages/airflow/example_dags/tutorial_taskflow_templates.py
[2026-09-18T12:08:20.445+0700] {processor.py:925} INFO - DAG(s) 'tutorial_taskflow_templates' retrieved from /Users/andreasanditya/Downloads/572392_Andreas_AirflowETL/code/.venv/lib/python3.9/site-packages/airflow/example_dags/tutorial_taskflow_templates.py
[2026-09-18T12:08:20.506+0700] {logging_mixin.py:190} INFO - [2026-09-18T12:08:20.506+0700] {dag.py:3239} INFO - Sync 1 DAGs
[2026-09-18T12:08:20.517+0700] {logging_mixin.py:190} INFO - [2026-09-18T12:08:20.517+0700] {dag.py:4180} INFO - Setting next_dagrun for tutorial_taskflow_templates to 2026-09-17 00:00:00+00:00, run_after=2026-09-18 00:00:00+00:00
[2026-09-18T12:08:20.527+0700] {processor.py:208} INFO - Processing /Users/andreasanditya/Downloads/572392_Andreas_AirflowETL/code/.venv/lib/python3.9/site-packages/airflow/example_dags/tutorial_taskflow_templates.py took 0.144 seconds
[2026-09-18T12:09:47.227+0700] {processor.py:186} INFO - Started process (PID=43064) to work on /Users/andreasanditya/Downloads/572392_Andreas_AirflowETL/code/.venv/lib/python3.9/site-packages/airflow/example_dags/tutorial_taskflow_templates.py
[2026-09-18T12:09:47.228+0700] {processor.py:914} INFO - Processing file /Users/andreasanditya/Downloads/572392_Andreas_AirflowETL/code/.venv/lib/python3.9/site-packages/airflow/example_dags/tutorial_taskflow_templates.py for tasks to queue
[2026-09-18T12:09:47.229+0700] {logging_mixin.py:190} INFO - [2026-09-18T12:09:47.229+0700] {dagbag.py:588} INFO - Filling up the DagBag from /Users/andreasanditya/Downloads/572392_Andreas_AirflowETL/code/.venv/lib/python3.9/site-packages/airflow/example_dags/tutorial_taskflow_templates.py
[2026-09-18T12:09:47.285+0700] {processor.py:925} INFO - DAG(s) 'tutorial_taskflow_templates' retrieved from /Users/andreasanditya/Downloads/572392_Andreas_AirflowETL/code/.venv/lib/python3.9/site-packages/airflow/example_dags/tutorial_taskflow_templates.py
[2026-09-18T12:09:47.346+0700] {logging_mixin.py:190} INFO - [2026-09-18T12:09:47.346+0700] {dag.py:3239} INFO - Sync 1 DAGs
[2026-09-18T12:09:47.356+0700] {logging_mixin.py:190} INFO - [2026-09-18T12:09:47.356+0700] {dag.py:4180} INFO - Setting next_dagrun for tutorial_taskflow_templates to 2026-09-17 00:00:00+00:00, run_after=2026-09-18 00:00:00+00:00
[2026-09-18T12:09:47.366+0700] {processor.py:208} INFO - Processing /Users/andreasanditya/Downloads/572392_Andreas_AirflowETL/code/.venv/lib/python3.9/site-packages/airflow/example_dags/tutorial_taskflow_templates.py took 0.142 seconds
[2026-09-18T12:11:12.554+0700] {processor.py:186} INFO - Started process (PID=43891) to work on /Users/andreasanditya/Downloads/572392_Andreas_AirflowETL/code/.venv/lib/python3.9/site-packages/airflow/example_dags/tutorial_taskflow_templates.py
[2026-09-18T12:11:12.555+0700] {processor.py:914} INFO - Processing file /Users/andreasanditya/Downloads/572392_Andreas_AirflowETL/code/.venv/lib/python3.9/site-packages/airflow/example_dags/tutorial_taskflow_templates.py for tasks to queue
[2026-09-18T12:11:12.556+0700] {logging_mixin.py:190} INFO - [2026-09-18T12:11:12.556+0700] {dagbag.py:588} INFO - Filling up the DagBag from /Users/andreasanditya/Downloads/572392_Andreas_AirflowETL/code/.venv/lib/python3.9/site-packages/airflow/example_dags/tutorial_taskflow_templates.py
[2026-09-18T12:11:12.612+0700] {processor.py:925} INFO - DAG(s) 'tutorial_taskflow_templates' retrieved from /Users/andreasanditya/Downloads/572392_Andreas_AirflowETL/code/.venv/lib/python3.9/site-packages/airflow/example_dags/tutorial_taskflow_templates.py
[2026-09-18T12:11:12.675+0700] {logging_mixin.py:190} INFO - [2026-09-18T12:11:12.675+0700] {dag.py:3239} INFO - Sync 1 DAGs
[2026-09-18T12:11:12.686+0700] {logging_mixin.py:190} INFO - [2026-09-18T12:11:12.686+0700] {dag.py:4180} INFO - Setting next_dagrun for tutorial_taskflow_templates to 2026-09-17 00:00:00+00:00, run_after=2026-09-18 00:00:00+00:00
[2026-09-18T12:11:12.696+0700] {processor.py:208} INFO - Processing /Users/andreasanditya/Downloads/572392_Andreas_AirflowETL/code/.venv/lib/python3.9/site-packages/airflow/example_dags/tutorial_taskflow_templates.py took 0.144 seconds
[2026-09-18T12:12:42.976+0700] {processor.py:186} INFO - Started process (PID=45174) to work on /Users/andreasanditya/Downloads/572392_Andreas_AirflowETL/code/.venv/lib/python3.9/site-packages/airflow/example_dags/tutorial_taskflow_templates.py
[2026-09-18T12:12:42.977+0700] {processor.py:914} INFO - Processing file /Users/andreasanditya/Downloads/572392_Andreas_AirflowETL/code/.venv/lib/python3.9/site-packages/airflow/example_dags/tutorial_taskflow_templates.py for tasks to queue
[2026-09-18T12:12:42.978+0700] {logging_mixin.py:190} INFO - [2026-09-18T12:12:42.978+0700] {dagbag.py:588} INFO - Filling up the DagBag from /Users/andreasanditya/Downloads/572392_Andreas_AirflowETL/code/.venv/lib/python3.9/site-packages/airflow/example_dags/tutorial_taskflow_templates.py
[2026-09-18T12:12:43.063+0700] {processor.py:925} INFO - DAG(s) 'tutorial_taskflow_templates' retrieved from /Users/andreasanditya/Downloads/572392_Andreas_AirflowETL/code/.venv/lib/python3.9/site-packages/airflow/example_dags/tutorial_taskflow_templates.py
[2026-09-18T12:12:43.130+0700] {logging_mixin.py:190} INFO - [2026-09-18T12:12:43.130+0700] {dag.py:3239} INFO - Sync 1 DAGs
[2026-09-18T12:12:43.142+0700] {logging_mixin.py:190} INFO - [2026-09-18T12:12:43.142+0700] {dag.py:4180} INFO - Setting next_dagrun for tutorial_taskflow_templates to 2026-09-17 00:00:00+00:00, run_after=2026-09-18 00:00:00+00:00
[2026-09-18T12:12:43.154+0700] {processor.py:208} INFO - Processing /Users/andreasanditya/Downloads/572392_Andreas_AirflowETL/code/.venv/lib/python3.9/site-packages/airflow/example_dags/tutorial_taskflow_templates.py took 0.180 seconds
[2026-09-18T12:14:11.643+0700] {processor.py:186} INFO - Started process (PID=46560) to work on /Users/andreasanditya/Downloads/572392_Andreas_AirflowETL/code/.venv/lib/python3.9/site-packages/airflow/example_dags/tutorial_taskflow_templates.py
[2026-09-18T12:14:11.644+0700] {processor.py:914} INFO - Processing file /Users/andreasanditya/Downloads/572392_Andreas_AirflowETL/code/.venv/lib/python3.9/site-packages/airflow/example_dags/tutorial_taskflow_templates.py for tasks to queue
[2026-09-18T12:14:11.645+0700] {logging_mixin.py:190} INFO - [2026-09-18T12:14:11.645+0700] {dagbag.py:588} INFO - Filling up the DagBag from /Users/andreasanditya/Downloads/572392_Andreas_AirflowETL/code/.venv/lib/python3.9/site-packages/airflow/example_dags/tutorial_taskflow_templates.py
[2026-09-18T12:14:11.702+0700] {processor.py:925} INFO - DAG(s) 'tutorial_taskflow_templates' retrieved from /Users/andreasanditya/Downloads/572392_Andreas_AirflowETL/code/.venv/lib/python3.9/site-packages/airflow/example_dags/tutorial_taskflow_templates.py
[2026-09-18T12:14:11.763+0700] {logging_mixin.py:190} INFO - [2026-09-18T12:14:11.763+0700] {dag.py:3239} INFO - Sync 1 DAGs
[2026-09-18T12:14:11.774+0700] {logging_mixin.py:190} INFO - [2026-09-18T12:14:11.774+0700] {dag.py:4180} INFO - Setting next_dagrun for tutorial_taskflow_templates to 2026-09-17 00:00:00+00:00, run_after=2026-09-18 00:00:00+00:00
[2026-09-18T12:14:11.786+0700] {processor.py:208} INFO - Processing /Users/andreasanditya/Downloads/572392_Andreas_AirflowETL/code/.venv/lib/python3.9/site-packages/airflow/example_dags/tutorial_taskflow_templates.py took 0.145 seconds
[2026-09-18T12:15:38.865+0700] {processor.py:186} INFO - Started process (PID=47944) to work on /Users/andreasanditya/Downloads/572392_Andreas_AirflowETL/code/.venv/lib/python3.9/site-packages/airflow/example_dags/tutorial_taskflow_templates.py
[2026-09-18T12:15:38.866+0700] {processor.py:914} INFO - Processing file /Users/andreasanditya/Downloads/572392_Andreas_AirflowETL/code/.venv/lib/python3.9/site-packages/airflow/example_dags/tutorial_taskflow_templates.py for tasks to queue
[2026-09-18T12:15:38.867+0700] {logging_mixin.py:190} INFO - [2026-09-18T12:15:38.867+0700] {dagbag.py:588} INFO - Filling up the DagBag from /Users/andreasanditya/Downloads/572392_Andreas_AirflowETL/code/.venv/lib/python3.9/site-packages/airflow/example_dags/tutorial_taskflow_templates.py
[2026-09-18T12:15:38.923+0700] {processor.py:925} INFO - DAG(s) 'tutorial_taskflow_templates' retrieved from /Users/andreasanditya/Downloads/572392_Andreas_AirflowETL/code/.venv/lib/python3.9/site-packages/airflow/example_dags/tutorial_taskflow_templates.py
[2026-09-18T12:15:38.985+0700] {logging_mixin.py:190} INFO - [2026-09-18T12:15:38.985+0700] {dag.py:3239} INFO - Sync 1 DAGs
[2026-09-18T12:15:38.996+0700] {logging_mixin.py:190} INFO - [2026-09-18T12:15:38.995+0700] {dag.py:4180} INFO - Setting next_dagrun for tutorial_taskflow_templates to 2026-09-17 00:00:00+00:00, run_after=2026-09-18 00:00:00+00:00
[2026-09-18T12:15:39.006+0700] {processor.py:208} INFO - Processing /Users/andreasanditya/Downloads/572392_Andreas_AirflowETL/code/.venv/lib/python3.9/site-packages/airflow/example_dags/tutorial_taskflow_templates.py took 0.142 seconds
[2026-09-18T12:17:06.583+0700] {processor.py:186} INFO - Started process (PID=49296) to work on /Users/andreasanditya/Downloads/572392_Andreas_AirflowETL/code/.venv/lib/python3.9/site-packages/airflow/example_dags/tutorial_taskflow_templates.py
[2026-09-18T12:17:06.586+0700] {processor.py:914} INFO - Processing file /Users/andreasanditya/Downloads/572392_Andreas_AirflowETL/code/.venv/lib/python3.9/site-packages/airflow/example_dags/tutorial_taskflow_templates.py for tasks to queue
[2026-09-18T12:17:06.586+0700] {logging_mixin.py:190} INFO - [2026-09-18T12:17:06.586+0700] {dagbag.py:588} INFO - Filling up the DagBag from /Users/andreasanditya/Downloads/572392_Andreas_AirflowETL/code/.venv/lib/python3.9/site-packages/airflow/example_dags/tutorial_taskflow_templates.py
[2026-09-18T12:17:06.636+0700] {processor.py:925} INFO - DAG(s) 'tutorial_taskflow_templates' retrieved from /Users/andreasanditya/Downloads/572392_Andreas_AirflowETL/code/.venv/lib/python3.9/site-packages/airflow/example_dags/tutorial_taskflow_templates.py
[2026-09-18T12:17:06.695+0700] {logging_mixin.py:190} INFO - [2026-09-18T12:17:06.694+0700] {dag.py:3239} INFO - Sync 1 DAGs
[2026-09-18T12:17:06.706+0700] {logging_mixin.py:190} INFO - [2026-09-18T12:17:06.705+0700] {dag.py:4180} INFO - Setting next_dagrun for tutorial_taskflow_templates to 2026-09-17 00:00:00+00:00, run_after=2026-09-18 00:00:00+00:00
[2026-09-18T12:17:06.717+0700] {processor.py:208} INFO - Processing /Users/andreasanditya/Downloads/572392_Andreas_AirflowETL/code/.venv/lib/python3.9/site-packages/airflow/example_dags/tutorial_taskflow_templates.py took 0.136 seconds
[2026-09-18T12:18:36.599+0700] {processor.py:186} INFO - Started process (PID=50872) to work on /Users/andreasanditya/Downloads/572392_Andreas_AirflowETL/code/.venv/lib/python3.9/site-packages/airflow/example_dags/tutorial_taskflow_templates.py
[2026-09-18T12:18:36.600+0700] {processor.py:914} INFO - Processing file /Users/andreasanditya/Downloads/572392_Andreas_AirflowETL/code/.venv/lib/python3.9/site-packages/airflow/example_dags/tutorial_taskflow_templates.py for tasks to queue
[2026-09-18T12:18:36.601+0700] {logging_mixin.py:190} INFO - [2026-09-18T12:18:36.601+0700] {dagbag.py:588} INFO - Filling up the DagBag from /Users/andreasanditya/Downloads/572392_Andreas_AirflowETL/code/.venv/lib/python3.9/site-packages/airflow/example_dags/tutorial_taskflow_templates.py
[2026-09-18T12:18:36.656+0700] {processor.py:925} INFO - DAG(s) 'tutorial_taskflow_templates' retrieved from /Users/andreasanditya/Downloads/572392_Andreas_AirflowETL/code/.venv/lib/python3.9/site-packages/airflow/example_dags/tutorial_taskflow_templates.py
[2026-09-18T12:18:36.719+0700] {logging_mixin.py:190} INFO - [2026-09-18T12:18:36.718+0700] {dag.py:3239} INFO - Sync 1 DAGs
[2026-09-18T12:18:36.729+0700] {logging_mixin.py:190} INFO - [2026-09-18T12:18:36.729+0700] {dag.py:4180} INFO - Setting next_dagrun for tutorial_taskflow_templates to 2026-09-17 00:00:00+00:00, run_after=2026-09-18 00:00:00+00:00
[2026-09-18T12:18:36.740+0700] {processor.py:208} INFO - Processing /Users/andreasanditya/Downloads/572392_Andreas_AirflowETL/code/.venv/lib/python3.9/site-packages/airflow/example_dags/tutorial_taskflow_templates.py took 0.143 seconds
[2026-09-18T12:20:05.142+0700] {processor.py:186} INFO - Started process (PID=52603) to work on /Users/andreasanditya/Downloads/572392_Andreas_AirflowETL/code/.venv/lib/python3.9/site-packages/airflow/example_dags/tutorial_taskflow_templates.py
[2026-09-18T12:20:05.143+0700] {processor.py:914} INFO - Processing file /Users/andreasanditya/Downloads/572392_Andreas_AirflowETL/code/.venv/lib/python3.9/site-packages/airflow/example_dags/tutorial_taskflow_templates.py for tasks to queue
[2026-09-18T12:20:05.144+0700] {logging_mixin.py:190} INFO - [2026-09-18T12:20:05.143+0700] {dagbag.py:588} INFO - Filling up the DagBag from /Users/andreasanditya/Downloads/572392_Andreas_AirflowETL/code/.venv/lib/python3.9/site-packages/airflow/example_dags/tutorial_taskflow_templates.py
[2026-09-18T12:20:05.201+0700] {processor.py:925} INFO - DAG(s) 'tutorial_taskflow_templates' retrieved from /Users/andreasanditya/Downloads/572392_Andreas_AirflowETL/code/.venv/lib/python3.9/site-packages/airflow/example_dags/tutorial_taskflow_templates.py
[2026-09-18T12:20:05.266+0700] {logging_mixin.py:190} INFO - [2026-09-18T12:20:05.266+0700] {dag.py:3239} INFO - Sync 1 DAGs
[2026-09-18T12:20:05.279+0700] {logging_mixin.py:190} INFO - [2026-09-18T12:20:05.279+0700] {dag.py:4180} INFO - Setting next_dagrun for tutorial_taskflow_templates to 2026-09-17 00:00:00+00:00, run_after=2026-09-18 00:00:00+00:00
[2026-09-18T12:20:05.291+0700] {processor.py:208} INFO - Processing /Users/andreasanditya/Downloads/572392_Andreas_AirflowETL/code/.venv/lib/python3.9/site-packages/airflow/example_dags/tutorial_taskflow_templates.py took 0.151 seconds
[2026-09-18T12:21:32.139+0700] {processor.py:186} INFO - Started process (PID=53655) to work on /Users/andreasanditya/Downloads/572392_Andreas_AirflowETL/code/.venv/lib/python3.9/site-packages/airflow/example_dags/tutorial_taskflow_templates.py
[2026-09-18T12:21:32.142+0700] {processor.py:914} INFO - Processing file /Users/andreasanditya/Downloads/572392_Andreas_AirflowETL/code/.venv/lib/python3.9/site-packages/airflow/example_dags/tutorial_taskflow_templates.py for tasks to queue
[2026-09-18T12:21:32.143+0700] {logging_mixin.py:190} INFO - [2026-09-18T12:21:32.142+0700] {dagbag.py:588} INFO - Filling up the DagBag from /Users/andreasanditya/Downloads/572392_Andreas_AirflowETL/code/.venv/lib/python3.9/site-packages/airflow/example_dags/tutorial_taskflow_templates.py
[2026-09-18T12:21:32.199+0700] {processor.py:925} INFO - DAG(s) 'tutorial_taskflow_templates' retrieved from /Users/andreasanditya/Downloads/572392_Andreas_AirflowETL/code/.venv/lib/python3.9/site-packages/airflow/example_dags/tutorial_taskflow_templates.py
[2026-09-18T12:21:32.263+0700] {logging_mixin.py:190} INFO - [2026-09-18T12:21:32.263+0700] {dag.py:3239} INFO - Sync 1 DAGs
[2026-09-18T12:21:32.275+0700] {logging_mixin.py:190} INFO - [2026-09-18T12:21:32.275+0700] {dag.py:4180} INFO - Setting next_dagrun for tutorial_taskflow_templates to 2026-09-17 00:00:00+00:00, run_after=2026-09-18 00:00:00+00:00
[2026-09-18T12:21:32.287+0700] {processor.py:208} INFO - Processing /Users/andreasanditya/Downloads/572392_Andreas_AirflowETL/code/.venv/lib/python3.9/site-packages/airflow/example_dags/tutorial_taskflow_templates.py took 0.150 seconds
[2026-09-18T12:22:59.356+0700] {processor.py:186} INFO - Started process (PID=54566) to work on /Users/andreasanditya/Downloads/572392_Andreas_AirflowETL/code/.venv/lib/python3.9/site-packages/airflow/example_dags/tutorial_taskflow_templates.py
[2026-09-18T12:22:59.357+0700] {processor.py:914} INFO - Processing file /Users/andreasanditya/Downloads/572392_Andreas_AirflowETL/code/.venv/lib/python3.9/site-packages/airflow/example_dags/tutorial_taskflow_templates.py for tasks to queue
[2026-09-18T12:22:59.357+0700] {logging_mixin.py:190} INFO - [2026-09-18T12:22:59.357+0700] {dagbag.py:588} INFO - Filling up the DagBag from /Users/andreasanditya/Downloads/572392_Andreas_AirflowETL/code/.venv/lib/python3.9/site-packages/airflow/example_dags/tutorial_taskflow_templates.py
[2026-09-18T12:22:59.414+0700] {processor.py:925} INFO - DAG(s) 'tutorial_taskflow_templates' retrieved from /Users/andreasanditya/Downloads/572392_Andreas_AirflowETL/code/.venv/lib/python3.9/site-packages/airflow/example_dags/tutorial_taskflow_templates.py
[2026-09-18T12:22:59.478+0700] {logging_mixin.py:190} INFO - [2026-09-18T12:22:59.477+0700] {dag.py:3239} INFO - Sync 1 DAGs
[2026-09-18T12:22:59.488+0700] {logging_mixin.py:190} INFO - [2026-09-18T12:22:59.488+0700] {dag.py:4180} INFO - Setting next_dagrun for tutorial_taskflow_templates to 2026-09-17 00:00:00+00:00, run_after=2026-09-18 00:00:00+00:00
[2026-09-18T12:22:59.499+0700] {processor.py:208} INFO - Processing /Users/andreasanditya/Downloads/572392_Andreas_AirflowETL/code/.venv/lib/python3.9/site-packages/airflow/example_dags/tutorial_taskflow_templates.py took 0.145 seconds
[2026-09-18T12:24:24.917+0700] {processor.py:186} INFO - Started process (PID=55408) to work on /Users/andreasanditya/Downloads/572392_Andreas_AirflowETL/code/.venv/lib/python3.9/site-packages/airflow/example_dags/tutorial_taskflow_templates.py
[2026-09-18T12:24:24.918+0700] {processor.py:914} INFO - Processing file /Users/andreasanditya/Downloads/572392_Andreas_AirflowETL/code/.venv/lib/python3.9/site-packages/airflow/example_dags/tutorial_taskflow_templates.py for tasks to queue
[2026-09-18T12:24:24.919+0700] {logging_mixin.py:190} INFO - [2026-09-18T12:24:24.919+0700] {dagbag.py:588} INFO - Filling up the DagBag from /Users/andreasanditya/Downloads/572392_Andreas_AirflowETL/code/.venv/lib/python3.9/site-packages/airflow/example_dags/tutorial_taskflow_templates.py
[2026-09-18T12:24:24.977+0700] {processor.py:925} INFO - DAG(s) 'tutorial_taskflow_templates' retrieved from /Users/andreasanditya/Downloads/572392_Andreas_AirflowETL/code/.venv/lib/python3.9/site-packages/airflow/example_dags/tutorial_taskflow_templates.py
[2026-09-18T12:24:25.037+0700] {logging_mixin.py:190} INFO - [2026-09-18T12:24:25.037+0700] {dag.py:3239} INFO - Sync 1 DAGs
[2026-09-18T12:24:25.047+0700] {logging_mixin.py:190} INFO - [2026-09-18T12:24:25.047+0700] {dag.py:4180} INFO - Setting next_dagrun for tutorial_taskflow_templates to 2026-09-17 00:00:00+00:00, run_after=2026-09-18 00:00:00+00:00
[2026-09-18T12:24:25.057+0700] {processor.py:208} INFO - Processing /Users/andreasanditya/Downloads/572392_Andreas_AirflowETL/code/.venv/lib/python3.9/site-packages/airflow/example_dags/tutorial_taskflow_templates.py took 0.142 seconds
[2026-09-18T12:25:52.388+0700] {processor.py:186} INFO - Started process (PID=56396) to work on /Users/andreasanditya/Downloads/572392_Andreas_AirflowETL/code/.venv/lib/python3.9/site-packages/airflow/example_dags/tutorial_taskflow_templates.py
[2026-09-18T12:25:52.390+0700] {processor.py:914} INFO - Processing file /Users/andreasanditya/Downloads/572392_Andreas_AirflowETL/code/.venv/lib/python3.9/site-packages/airflow/example_dags/tutorial_taskflow_templates.py for tasks to queue
[2026-09-18T12:25:52.391+0700] {logging_mixin.py:190} INFO - [2026-09-18T12:25:52.391+0700] {dagbag.py:588} INFO - Filling up the DagBag from /Users/andreasanditya/Downloads/572392_Andreas_AirflowETL/code/.venv/lib/python3.9/site-packages/airflow/example_dags/tutorial_taskflow_templates.py
[2026-09-18T12:25:52.441+0700] {processor.py:925} INFO - DAG(s) 'tutorial_taskflow_templates' retrieved from /Users/andreasanditya/Downloads/572392_Andreas_AirflowETL/code/.venv/lib/python3.9/site-packages/airflow/example_dags/tutorial_taskflow_templates.py
[2026-09-18T12:25:52.499+0700] {logging_mixin.py:190} INFO - [2026-09-18T12:25:52.499+0700] {dag.py:3239} INFO - Sync 1 DAGs
[2026-09-18T12:25:52.510+0700] {logging_mixin.py:190} INFO - [2026-09-18T12:25:52.510+0700] {dag.py:4180} INFO - Setting next_dagrun for tutorial_taskflow_templates to 2026-09-17 00:00:00+00:00, run_after=2026-09-18 00:00:00+00:00
[2026-09-18T12:25:52.521+0700] {processor.py:208} INFO - Processing /Users/andreasanditya/Downloads/572392_Andreas_AirflowETL/code/.venv/lib/python3.9/site-packages/airflow/example_dags/tutorial_taskflow_templates.py took 0.135 seconds
[2026-09-18T12:27:18.528+0700] {processor.py:186} INFO - Started process (PID=57320) to work on /Users/andreasanditya/Downloads/572392_Andreas_AirflowETL/code/.venv/lib/python3.9/site-packages/airflow/example_dags/tutorial_taskflow_templates.py
[2026-09-18T12:27:18.529+0700] {processor.py:914} INFO - Processing file /Users/andreasanditya/Downloads/572392_Andreas_AirflowETL/code/.venv/lib/python3.9/site-packages/airflow/example_dags/tutorial_taskflow_templates.py for tasks to queue
[2026-09-18T12:27:18.529+0700] {logging_mixin.py:190} INFO - [2026-09-18T12:27:18.529+0700] {dagbag.py:588} INFO - Filling up the DagBag from /Users/andreasanditya/Downloads/572392_Andreas_AirflowETL/code/.venv/lib/python3.9/site-packages/airflow/example_dags/tutorial_taskflow_templates.py
[2026-09-18T12:27:18.578+0700] {processor.py:925} INFO - DAG(s) 'tutorial_taskflow_templates' retrieved from /Users/andreasanditya/Downloads/572392_Andreas_AirflowETL/code/.venv/lib/python3.9/site-packages/airflow/example_dags/tutorial_taskflow_templates.py
[2026-09-18T12:27:18.637+0700] {logging_mixin.py:190} INFO - [2026-09-18T12:27:18.637+0700] {dag.py:3239} INFO - Sync 1 DAGs
[2026-09-18T12:27:18.648+0700] {logging_mixin.py:190} INFO - [2026-09-18T12:27:18.647+0700] {dag.py:4180} INFO - Setting next_dagrun for tutorial_taskflow_templates to 2026-09-17 00:00:00+00:00, run_after=2026-09-18 00:00:00+00:00
[2026-09-18T12:27:18.658+0700] {processor.py:208} INFO - Processing /Users/andreasanditya/Downloads/572392_Andreas_AirflowETL/code/.venv/lib/python3.9/site-packages/airflow/example_dags/tutorial_taskflow_templates.py took 0.132 seconds
[2026-09-18T12:28:46.395+0700] {processor.py:186} INFO - Started process (PID=58169) to work on /Users/andreasanditya/Downloads/572392_Andreas_AirflowETL/code/.venv/lib/python3.9/site-packages/airflow/example_dags/tutorial_taskflow_templates.py
[2026-09-18T12:28:46.396+0700] {processor.py:914} INFO - Processing file /Users/andreasanditya/Downloads/572392_Andreas_AirflowETL/code/.venv/lib/python3.9/site-packages/airflow/example_dags/tutorial_taskflow_templates.py for tasks to queue
[2026-09-18T12:28:46.397+0700] {logging_mixin.py:190} INFO - [2026-09-18T12:28:46.397+0700] {dagbag.py:588} INFO - Filling up the DagBag from /Users/andreasanditya/Downloads/572392_Andreas_AirflowETL/code/.venv/lib/python3.9/site-packages/airflow/example_dags/tutorial_taskflow_templates.py
[2026-09-18T12:28:46.447+0700] {processor.py:925} INFO - DAG(s) 'tutorial_taskflow_templates' retrieved from /Users/andreasanditya/Downloads/572392_Andreas_AirflowETL/code/.venv/lib/python3.9/site-packages/airflow/example_dags/tutorial_taskflow_templates.py
[2026-09-18T12:28:46.506+0700] {logging_mixin.py:190} INFO - [2026-09-18T12:28:46.506+0700] {dag.py:3239} INFO - Sync 1 DAGs
[2026-09-18T12:28:46.517+0700] {logging_mixin.py:190} INFO - [2026-09-18T12:28:46.517+0700] {dag.py:4180} INFO - Setting next_dagrun for tutorial_taskflow_templates to 2026-09-17 00:00:00+00:00, run_after=2026-09-18 00:00:00+00:00
[2026-09-18T12:28:46.527+0700] {processor.py:208} INFO - Processing /Users/andreasanditya/Downloads/572392_Andreas_AirflowETL/code/.venv/lib/python3.9/site-packages/airflow/example_dags/tutorial_taskflow_templates.py took 0.134 seconds
[2026-09-18T12:30:08.149+0700] {processor.py:186} INFO - Started process (PID=59008) to work on /Users/andreasanditya/Downloads/572392_Andreas_AirflowETL/code/.venv/lib/python3.9/site-packages/airflow/example_dags/tutorial_taskflow_templates.py
[2026-09-18T12:30:08.150+0700] {processor.py:914} INFO - Processing file /Users/andreasanditya/Downloads/572392_Andreas_AirflowETL/code/.venv/lib/python3.9/site-packages/airflow/example_dags/tutorial_taskflow_templates.py for tasks to queue
[2026-09-18T12:30:08.151+0700] {logging_mixin.py:190} INFO - [2026-09-18T12:30:08.151+0700] {dagbag.py:588} INFO - Filling up the DagBag from /Users/andreasanditya/Downloads/572392_Andreas_AirflowETL/code/.venv/lib/python3.9/site-packages/airflow/example_dags/tutorial_taskflow_templates.py
[2026-09-18T12:30:08.205+0700] {processor.py:925} INFO - DAG(s) 'tutorial_taskflow_templates' retrieved from /Users/andreasanditya/Downloads/572392_Andreas_AirflowETL/code/.venv/lib/python3.9/site-packages/airflow/example_dags/tutorial_taskflow_templates.py
[2026-09-18T12:30:08.265+0700] {logging_mixin.py:190} INFO - [2026-09-18T12:30:08.264+0700] {dag.py:3239} INFO - Sync 1 DAGs
[2026-09-18T12:30:08.275+0700] {logging_mixin.py:190} INFO - [2026-09-18T12:30:08.275+0700] {dag.py:4180} INFO - Setting next_dagrun for tutorial_taskflow_templates to 2026-09-17 00:00:00+00:00, run_after=2026-09-18 00:00:00+00:00
[2026-09-18T12:30:08.285+0700] {processor.py:208} INFO - Processing /Users/andreasanditya/Downloads/572392_Andreas_AirflowETL/code/.venv/lib/python3.9/site-packages/airflow/example_dags/tutorial_taskflow_templates.py took 0.138 seconds
[2026-09-18T12:31:31.825+0700] {processor.py:186} INFO - Started process (PID=59918) to work on /Users/andreasanditya/Downloads/572392_Andreas_AirflowETL/code/.venv/lib/python3.9/site-packages/airflow/example_dags/tutorial_taskflow_templates.py
[2026-09-18T12:31:31.826+0700] {processor.py:914} INFO - Processing file /Users/andreasanditya/Downloads/572392_Andreas_AirflowETL/code/.venv/lib/python3.9/site-packages/airflow/example_dags/tutorial_taskflow_templates.py for tasks to queue
[2026-09-18T12:31:31.827+0700] {logging_mixin.py:190} INFO - [2026-09-18T12:31:31.827+0700] {dagbag.py:588} INFO - Filling up the DagBag from /Users/andreasanditya/Downloads/572392_Andreas_AirflowETL/code/.venv/lib/python3.9/site-packages/airflow/example_dags/tutorial_taskflow_templates.py
[2026-09-18T12:31:31.874+0700] {processor.py:925} INFO - DAG(s) 'tutorial_taskflow_templates' retrieved from /Users/andreasanditya/Downloads/572392_Andreas_AirflowETL/code/.venv/lib/python3.9/site-packages/airflow/example_dags/tutorial_taskflow_templates.py
[2026-09-18T12:31:31.932+0700] {logging_mixin.py:190} INFO - [2026-09-18T12:31:31.932+0700] {dag.py:3239} INFO - Sync 1 DAGs
[2026-09-18T12:31:31.943+0700] {logging_mixin.py:190} INFO - [2026-09-18T12:31:31.943+0700] {dag.py:4180} INFO - Setting next_dagrun for tutorial_taskflow_templates to 2026-09-17 00:00:00+00:00, run_after=2026-09-18 00:00:00+00:00
[2026-09-18T12:31:31.953+0700] {processor.py:208} INFO - Processing /Users/andreasanditya/Downloads/572392_Andreas_AirflowETL/code/.venv/lib/python3.9/site-packages/airflow/example_dags/tutorial_taskflow_templates.py took 0.129 seconds
[2026-09-18T12:32:56.012+0700] {processor.py:186} INFO - Started process (PID=60762) to work on /Users/andreasanditya/Downloads/572392_Andreas_AirflowETL/code/.venv/lib/python3.9/site-packages/airflow/example_dags/tutorial_taskflow_templates.py
[2026-09-18T12:32:56.013+0700] {processor.py:914} INFO - Processing file /Users/andreasanditya/Downloads/572392_Andreas_AirflowETL/code/.venv/lib/python3.9/site-packages/airflow/example_dags/tutorial_taskflow_templates.py for tasks to queue
[2026-09-18T12:32:56.014+0700] {logging_mixin.py:190} INFO - [2026-09-18T12:32:56.013+0700] {dagbag.py:588} INFO - Filling up the DagBag from /Users/andreasanditya/Downloads/572392_Andreas_AirflowETL/code/.venv/lib/python3.9/site-packages/airflow/example_dags/tutorial_taskflow_templates.py
[2026-09-18T12:32:56.060+0700] {processor.py:925} INFO - DAG(s) 'tutorial_taskflow_templates' retrieved from /Users/andreasanditya/Downloads/572392_Andreas_AirflowETL/code/.venv/lib/python3.9/site-packages/airflow/example_dags/tutorial_taskflow_templates.py
[2026-09-18T12:32:56.118+0700] {logging_mixin.py:190} INFO - [2026-09-18T12:32:56.118+0700] {dag.py:3239} INFO - Sync 1 DAGs
[2026-09-18T12:32:56.128+0700] {logging_mixin.py:190} INFO - [2026-09-18T12:32:56.128+0700] {dag.py:4180} INFO - Setting next_dagrun for tutorial_taskflow_templates to 2026-09-17 00:00:00+00:00, run_after=2026-09-18 00:00:00+00:00
[2026-09-18T12:32:56.138+0700] {processor.py:208} INFO - Processing /Users/andreasanditya/Downloads/572392_Andreas_AirflowETL/code/.venv/lib/python3.9/site-packages/airflow/example_dags/tutorial_taskflow_templates.py took 0.128 seconds
[2026-09-18T12:34:23.077+0700] {processor.py:186} INFO - Started process (PID=61604) to work on /Users/andreasanditya/Downloads/572392_Andreas_AirflowETL/code/.venv/lib/python3.9/site-packages/airflow/example_dags/tutorial_taskflow_templates.py
[2026-09-18T12:34:23.078+0700] {processor.py:914} INFO - Processing file /Users/andreasanditya/Downloads/572392_Andreas_AirflowETL/code/.venv/lib/python3.9/site-packages/airflow/example_dags/tutorial_taskflow_templates.py for tasks to queue
[2026-09-18T12:34:23.078+0700] {logging_mixin.py:190} INFO - [2026-09-18T12:34:23.078+0700] {dagbag.py:588} INFO - Filling up the DagBag from /Users/andreasanditya/Downloads/572392_Andreas_AirflowETL/code/.venv/lib/python3.9/site-packages/airflow/example_dags/tutorial_taskflow_templates.py
[2026-09-18T12:34:23.126+0700] {processor.py:925} INFO - DAG(s) 'tutorial_taskflow_templates' retrieved from /Users/andreasanditya/Downloads/572392_Andreas_AirflowETL/code/.venv/lib/python3.9/site-packages/airflow/example_dags/tutorial_taskflow_templates.py
[2026-09-18T12:34:23.184+0700] {logging_mixin.py:190} INFO - [2026-09-18T12:34:23.184+0700] {dag.py:3239} INFO - Sync 1 DAGs
[2026-09-18T12:34:23.194+0700] {logging_mixin.py:190} INFO - [2026-09-18T12:34:23.194+0700] {dag.py:4180} INFO - Setting next_dagrun for tutorial_taskflow_templates to 2026-09-17 00:00:00+00:00, run_after=2026-09-18 00:00:00+00:00
[2026-09-18T12:34:23.205+0700] {processor.py:208} INFO - Processing /Users/andreasanditya/Downloads/572392_Andreas_AirflowETL/code/.venv/lib/python3.9/site-packages/airflow/example_dags/tutorial_taskflow_templates.py took 0.130 seconds
[2026-09-18T12:35:46.297+0700] {processor.py:186} INFO - Started process (PID=62516) to work on /Users/andreasanditya/Downloads/572392_Andreas_AirflowETL/code/.venv/lib/python3.9/site-packages/airflow/example_dags/tutorial_taskflow_templates.py
[2026-09-18T12:35:46.298+0700] {processor.py:914} INFO - Processing file /Users/andreasanditya/Downloads/572392_Andreas_AirflowETL/code/.venv/lib/python3.9/site-packages/airflow/example_dags/tutorial_taskflow_templates.py for tasks to queue
[2026-09-18T12:35:46.299+0700] {logging_mixin.py:190} INFO - [2026-09-18T12:35:46.299+0700] {dagbag.py:588} INFO - Filling up the DagBag from /Users/andreasanditya/Downloads/572392_Andreas_AirflowETL/code/.venv/lib/python3.9/site-packages/airflow/example_dags/tutorial_taskflow_templates.py
[2026-09-18T12:35:46.345+0700] {processor.py:925} INFO - DAG(s) 'tutorial_taskflow_templates' retrieved from /Users/andreasanditya/Downloads/572392_Andreas_AirflowETL/code/.venv/lib/python3.9/site-packages/airflow/example_dags/tutorial_taskflow_templates.py
[2026-09-18T12:35:46.403+0700] {logging_mixin.py:190} INFO - [2026-09-18T12:35:46.403+0700] {dag.py:3239} INFO - Sync 1 DAGs
[2026-09-18T12:35:46.413+0700] {logging_mixin.py:190} INFO - [2026-09-18T12:35:46.413+0700] {dag.py:4180} INFO - Setting next_dagrun for tutorial_taskflow_templates to 2026-09-17 00:00:00+00:00, run_after=2026-09-18 00:00:00+00:00
[2026-09-18T12:35:46.424+0700] {processor.py:208} INFO - Processing /Users/andreasanditya/Downloads/572392_Andreas_AirflowETL/code/.venv/lib/python3.9/site-packages/airflow/example_dags/tutorial_taskflow_templates.py took 0.128 seconds
[2026-09-18T12:37:12.276+0700] {processor.py:186} INFO - Started process (PID=63376) to work on /Users/andreasanditya/Downloads/572392_Andreas_AirflowETL/code/.venv/lib/python3.9/site-packages/airflow/example_dags/tutorial_taskflow_templates.py
[2026-09-18T12:37:12.277+0700] {processor.py:914} INFO - Processing file /Users/andreasanditya/Downloads/572392_Andreas_AirflowETL/code/.venv/lib/python3.9/site-packages/airflow/example_dags/tutorial_taskflow_templates.py for tasks to queue
[2026-09-18T12:37:12.278+0700] {logging_mixin.py:190} INFO - [2026-09-18T12:37:12.278+0700] {dagbag.py:588} INFO - Filling up the DagBag from /Users/andreasanditya/Downloads/572392_Andreas_AirflowETL/code/.venv/lib/python3.9/site-packages/airflow/example_dags/tutorial_taskflow_templates.py
[2026-09-18T12:37:12.335+0700] {processor.py:925} INFO - DAG(s) 'tutorial_taskflow_templates' retrieved from /Users/andreasanditya/Downloads/572392_Andreas_AirflowETL/code/.venv/lib/python3.9/site-packages/airflow/example_dags/tutorial_taskflow_templates.py
[2026-09-18T12:37:12.395+0700] {logging_mixin.py:190} INFO - [2026-09-18T12:37:12.395+0700] {dag.py:3239} INFO - Sync 1 DAGs
[2026-09-18T12:37:12.406+0700] {logging_mixin.py:190} INFO - [2026-09-18T12:37:12.405+0700] {dag.py:4180} INFO - Setting next_dagrun for tutorial_taskflow_templates to 2026-09-17 00:00:00+00:00, run_after=2026-09-18 00:00:00+00:00
[2026-09-18T12:37:12.417+0700] {processor.py:208} INFO - Processing /Users/andreasanditya/Downloads/572392_Andreas_AirflowETL/code/.venv/lib/python3.9/site-packages/airflow/example_dags/tutorial_taskflow_templates.py took 0.143 seconds
[2026-09-18T12:38:39.374+0700] {processor.py:186} INFO - Started process (PID=64288) to work on /Users/andreasanditya/Downloads/572392_Andreas_AirflowETL/code/.venv/lib/python3.9/site-packages/airflow/example_dags/tutorial_taskflow_templates.py
[2026-09-18T12:38:39.375+0700] {processor.py:914} INFO - Processing file /Users/andreasanditya/Downloads/572392_Andreas_AirflowETL/code/.venv/lib/python3.9/site-packages/airflow/example_dags/tutorial_taskflow_templates.py for tasks to queue
[2026-09-18T12:38:39.376+0700] {logging_mixin.py:190} INFO - [2026-09-18T12:38:39.376+0700] {dagbag.py:588} INFO - Filling up the DagBag from /Users/andreasanditya/Downloads/572392_Andreas_AirflowETL/code/.venv/lib/python3.9/site-packages/airflow/example_dags/tutorial_taskflow_templates.py
[2026-09-18T12:38:39.430+0700] {processor.py:925} INFO - DAG(s) 'tutorial_taskflow_templates' retrieved from /Users/andreasanditya/Downloads/572392_Andreas_AirflowETL/code/.venv/lib/python3.9/site-packages/airflow/example_dags/tutorial_taskflow_templates.py
[2026-09-18T12:38:39.490+0700] {logging_mixin.py:190} INFO - [2026-09-18T12:38:39.490+0700] {dag.py:3239} INFO - Sync 1 DAGs
[2026-09-18T12:38:39.500+0700] {logging_mixin.py:190} INFO - [2026-09-18T12:38:39.500+0700] {dag.py:4180} INFO - Setting next_dagrun for tutorial_taskflow_templates to 2026-09-17 00:00:00+00:00, run_after=2026-09-18 00:00:00+00:00
[2026-09-18T12:38:39.510+0700] {processor.py:208} INFO - Processing /Users/andreasanditya/Downloads/572392_Andreas_AirflowETL/code/.venv/lib/python3.9/site-packages/airflow/example_dags/tutorial_taskflow_templates.py took 0.138 seconds
[2026-09-18T12:40:07.602+0700] {processor.py:186} INFO - Started process (PID=65208) to work on /Users/andreasanditya/Downloads/572392_Andreas_AirflowETL/code/.venv/lib/python3.9/site-packages/airflow/example_dags/tutorial_taskflow_templates.py
[2026-09-18T12:40:07.603+0700] {processor.py:914} INFO - Processing file /Users/andreasanditya/Downloads/572392_Andreas_AirflowETL/code/.venv/lib/python3.9/site-packages/airflow/example_dags/tutorial_taskflow_templates.py for tasks to queue
[2026-09-18T12:40:07.604+0700] {logging_mixin.py:190} INFO - [2026-09-18T12:40:07.604+0700] {dagbag.py:588} INFO - Filling up the DagBag from /Users/andreasanditya/Downloads/572392_Andreas_AirflowETL/code/.venv/lib/python3.9/site-packages/airflow/example_dags/tutorial_taskflow_templates.py
[2026-09-18T12:40:07.662+0700] {processor.py:925} INFO - DAG(s) 'tutorial_taskflow_templates' retrieved from /Users/andreasanditya/Downloads/572392_Andreas_AirflowETL/code/.venv/lib/python3.9/site-packages/airflow/example_dags/tutorial_taskflow_templates.py
[2026-09-18T12:40:07.727+0700] {logging_mixin.py:190} INFO - [2026-09-18T12:40:07.727+0700] {dag.py:3239} INFO - Sync 1 DAGs
[2026-09-18T12:40:07.739+0700] {logging_mixin.py:190} INFO - [2026-09-18T12:40:07.739+0700] {dag.py:4180} INFO - Setting next_dagrun for tutorial_taskflow_templates to 2026-09-17 00:00:00+00:00, run_after=2026-09-18 00:00:00+00:00
[2026-09-18T12:40:07.751+0700] {processor.py:208} INFO - Processing /Users/andreasanditya/Downloads/572392_Andreas_AirflowETL/code/.venv/lib/python3.9/site-packages/airflow/example_dags/tutorial_taskflow_templates.py took 0.150 seconds
[2026-09-18T12:41:34.244+0700] {processor.py:186} INFO - Started process (PID=66038) to work on /Users/andreasanditya/Downloads/572392_Andreas_AirflowETL/code/.venv/lib/python3.9/site-packages/airflow/example_dags/tutorial_taskflow_templates.py
[2026-09-18T12:41:34.245+0700] {processor.py:914} INFO - Processing file /Users/andreasanditya/Downloads/572392_Andreas_AirflowETL/code/.venv/lib/python3.9/site-packages/airflow/example_dags/tutorial_taskflow_templates.py for tasks to queue
[2026-09-18T12:41:34.246+0700] {logging_mixin.py:190} INFO - [2026-09-18T12:41:34.246+0700] {dagbag.py:588} INFO - Filling up the DagBag from /Users/andreasanditya/Downloads/572392_Andreas_AirflowETL/code/.venv/lib/python3.9/site-packages/airflow/example_dags/tutorial_taskflow_templates.py
[2026-09-18T12:41:34.295+0700] {processor.py:925} INFO - DAG(s) 'tutorial_taskflow_templates' retrieved from /Users/andreasanditya/Downloads/572392_Andreas_AirflowETL/code/.venv/lib/python3.9/site-packages/airflow/example_dags/tutorial_taskflow_templates.py
[2026-09-18T12:41:34.354+0700] {logging_mixin.py:190} INFO - [2026-09-18T12:41:34.353+0700] {dag.py:3239} INFO - Sync 1 DAGs
[2026-09-18T12:41:34.365+0700] {logging_mixin.py:190} INFO - [2026-09-18T12:41:34.364+0700] {dag.py:4180} INFO - Setting next_dagrun for tutorial_taskflow_templates to 2026-09-17 00:00:00+00:00, run_after=2026-09-18 00:00:00+00:00
[2026-09-18T12:41:34.375+0700] {processor.py:208} INFO - Processing /Users/andreasanditya/Downloads/572392_Andreas_AirflowETL/code/.venv/lib/python3.9/site-packages/airflow/example_dags/tutorial_taskflow_templates.py took 0.132 seconds
[2026-09-18T12:42:59.009+0700] {processor.py:186} INFO - Started process (PID=66873) to work on /Users/andreasanditya/Downloads/572392_Andreas_AirflowETL/code/.venv/lib/python3.9/site-packages/airflow/example_dags/tutorial_taskflow_templates.py
[2026-09-18T12:42:59.011+0700] {processor.py:914} INFO - Processing file /Users/andreasanditya/Downloads/572392_Andreas_AirflowETL/code/.venv/lib/python3.9/site-packages/airflow/example_dags/tutorial_taskflow_templates.py for tasks to queue
[2026-09-18T12:42:59.011+0700] {logging_mixin.py:190} INFO - [2026-09-18T12:42:59.011+0700] {dagbag.py:588} INFO - Filling up the DagBag from /Users/andreasanditya/Downloads/572392_Andreas_AirflowETL/code/.venv/lib/python3.9/site-packages/airflow/example_dags/tutorial_taskflow_templates.py
[2026-09-18T12:42:59.060+0700] {processor.py:925} INFO - DAG(s) 'tutorial_taskflow_templates' retrieved from /Users/andreasanditya/Downloads/572392_Andreas_AirflowETL/code/.venv/lib/python3.9/site-packages/airflow/example_dags/tutorial_taskflow_templates.py
[2026-09-18T12:42:59.118+0700] {logging_mixin.py:190} INFO - [2026-09-18T12:42:59.118+0700] {dag.py:3239} INFO - Sync 1 DAGs
[2026-09-18T12:42:59.129+0700] {logging_mixin.py:190} INFO - [2026-09-18T12:42:59.129+0700] {dag.py:4180} INFO - Setting next_dagrun for tutorial_taskflow_templates to 2026-09-17 00:00:00+00:00, run_after=2026-09-18 00:00:00+00:00
[2026-09-18T12:42:59.140+0700] {processor.py:208} INFO - Processing /Users/andreasanditya/Downloads/572392_Andreas_AirflowETL/code/.venv/lib/python3.9/site-packages/airflow/example_dags/tutorial_taskflow_templates.py took 0.133 seconds
[2026-09-18T12:44:25.970+0700] {processor.py:186} INFO - Started process (PID=67778) to work on /Users/andreasanditya/Downloads/572392_Andreas_AirflowETL/code/.venv/lib/python3.9/site-packages/airflow/example_dags/tutorial_taskflow_templates.py
[2026-09-18T12:44:25.971+0700] {processor.py:914} INFO - Processing file /Users/andreasanditya/Downloads/572392_Andreas_AirflowETL/code/.venv/lib/python3.9/site-packages/airflow/example_dags/tutorial_taskflow_templates.py for tasks to queue
[2026-09-18T12:44:25.972+0700] {logging_mixin.py:190} INFO - [2026-09-18T12:44:25.972+0700] {dagbag.py:588} INFO - Filling up the DagBag from /Users/andreasanditya/Downloads/572392_Andreas_AirflowETL/code/.venv/lib/python3.9/site-packages/airflow/example_dags/tutorial_taskflow_templates.py
[2026-09-18T12:44:26.021+0700] {processor.py:925} INFO - DAG(s) 'tutorial_taskflow_templates' retrieved from /Users/andreasanditya/Downloads/572392_Andreas_AirflowETL/code/.venv/lib/python3.9/site-packages/airflow/example_dags/tutorial_taskflow_templates.py
[2026-09-18T12:44:26.079+0700] {logging_mixin.py:190} INFO - [2026-09-18T12:44:26.079+0700] {dag.py:3239} INFO - Sync 1 DAGs
[2026-09-18T12:44:26.090+0700] {logging_mixin.py:190} INFO - [2026-09-18T12:44:26.090+0700] {dag.py:4180} INFO - Setting next_dagrun for tutorial_taskflow_templates to 2026-09-17 00:00:00+00:00, run_after=2026-09-18 00:00:00+00:00
[2026-09-18T12:44:26.100+0700] {processor.py:208} INFO - Processing /Users/andreasanditya/Downloads/572392_Andreas_AirflowETL/code/.venv/lib/python3.9/site-packages/airflow/example_dags/tutorial_taskflow_templates.py took 0.132 seconds
[2026-09-18T12:45:52.747+0700] {processor.py:186} INFO - Started process (PID=68705) to work on /Users/andreasanditya/Downloads/572392_Andreas_AirflowETL/code/.venv/lib/python3.9/site-packages/airflow/example_dags/tutorial_taskflow_templates.py
[2026-09-18T12:45:52.748+0700] {processor.py:914} INFO - Processing file /Users/andreasanditya/Downloads/572392_Andreas_AirflowETL/code/.venv/lib/python3.9/site-packages/airflow/example_dags/tutorial_taskflow_templates.py for tasks to queue
[2026-09-18T12:45:52.749+0700] {logging_mixin.py:190} INFO - [2026-09-18T12:45:52.749+0700] {dagbag.py:588} INFO - Filling up the DagBag from /Users/andreasanditya/Downloads/572392_Andreas_AirflowETL/code/.venv/lib/python3.9/site-packages/airflow/example_dags/tutorial_taskflow_templates.py
[2026-09-18T12:45:52.796+0700] {processor.py:925} INFO - DAG(s) 'tutorial_taskflow_templates' retrieved from /Users/andreasanditya/Downloads/572392_Andreas_AirflowETL/code/.venv/lib/python3.9/site-packages/airflow/example_dags/tutorial_taskflow_templates.py
[2026-09-18T12:45:52.854+0700] {logging_mixin.py:190} INFO - [2026-09-18T12:45:52.854+0700] {dag.py:3239} INFO - Sync 1 DAGs
[2026-09-18T12:45:52.864+0700] {logging_mixin.py:190} INFO - [2026-09-18T12:45:52.864+0700] {dag.py:4180} INFO - Setting next_dagrun for tutorial_taskflow_templates to 2026-09-17 00:00:00+00:00, run_after=2026-09-18 00:00:00+00:00
[2026-09-18T12:45:52.874+0700] {processor.py:208} INFO - Processing /Users/andreasanditya/Downloads/572392_Andreas_AirflowETL/code/.venv/lib/python3.9/site-packages/airflow/example_dags/tutorial_taskflow_templates.py took 0.129 seconds
[2026-09-18T12:47:19.429+0700] {processor.py:186} INFO - Started process (PID=69541) to work on /Users/andreasanditya/Downloads/572392_Andreas_AirflowETL/code/.venv/lib/python3.9/site-packages/airflow/example_dags/tutorial_taskflow_templates.py
[2026-09-18T12:47:19.430+0700] {processor.py:914} INFO - Processing file /Users/andreasanditya/Downloads/572392_Andreas_AirflowETL/code/.venv/lib/python3.9/site-packages/airflow/example_dags/tutorial_taskflow_templates.py for tasks to queue
[2026-09-18T12:47:19.431+0700] {logging_mixin.py:190} INFO - [2026-09-18T12:47:19.431+0700] {dagbag.py:588} INFO - Filling up the DagBag from /Users/andreasanditya/Downloads/572392_Andreas_AirflowETL/code/.venv/lib/python3.9/site-packages/airflow/example_dags/tutorial_taskflow_templates.py
[2026-09-18T12:47:19.480+0700] {processor.py:925} INFO - DAG(s) 'tutorial_taskflow_templates' retrieved from /Users/andreasanditya/Downloads/572392_Andreas_AirflowETL/code/.venv/lib/python3.9/site-packages/airflow/example_dags/tutorial_taskflow_templates.py
[2026-09-18T12:47:19.538+0700] {logging_mixin.py:190} INFO - [2026-09-18T12:47:19.537+0700] {dag.py:3239} INFO - Sync 1 DAGs
[2026-09-18T12:47:19.548+0700] {logging_mixin.py:190} INFO - [2026-09-18T12:47:19.548+0700] {dag.py:4180} INFO - Setting next_dagrun for tutorial_taskflow_templates to 2026-09-17 00:00:00+00:00, run_after=2026-09-18 00:00:00+00:00
[2026-09-18T12:47:19.558+0700] {processor.py:208} INFO - Processing /Users/andreasanditya/Downloads/572392_Andreas_AirflowETL/code/.venv/lib/python3.9/site-packages/airflow/example_dags/tutorial_taskflow_templates.py took 0.131 seconds
[2026-09-18T12:48:45.140+0700] {processor.py:186} INFO - Started process (PID=70452) to work on /Users/andreasanditya/Downloads/572392_Andreas_AirflowETL/code/.venv/lib/python3.9/site-packages/airflow/example_dags/tutorial_taskflow_templates.py
[2026-09-18T12:48:45.141+0700] {processor.py:914} INFO - Processing file /Users/andreasanditya/Downloads/572392_Andreas_AirflowETL/code/.venv/lib/python3.9/site-packages/airflow/example_dags/tutorial_taskflow_templates.py for tasks to queue
[2026-09-18T12:48:45.142+0700] {logging_mixin.py:190} INFO - [2026-09-18T12:48:45.142+0700] {dagbag.py:588} INFO - Filling up the DagBag from /Users/andreasanditya/Downloads/572392_Andreas_AirflowETL/code/.venv/lib/python3.9/site-packages/airflow/example_dags/tutorial_taskflow_templates.py
[2026-09-18T12:48:45.188+0700] {processor.py:925} INFO - DAG(s) 'tutorial_taskflow_templates' retrieved from /Users/andreasanditya/Downloads/572392_Andreas_AirflowETL/code/.venv/lib/python3.9/site-packages/airflow/example_dags/tutorial_taskflow_templates.py
[2026-09-18T12:48:45.246+0700] {logging_mixin.py:190} INFO - [2026-09-18T12:48:45.246+0700] {dag.py:3239} INFO - Sync 1 DAGs
[2026-09-18T12:48:45.256+0700] {logging_mixin.py:190} INFO - [2026-09-18T12:48:45.256+0700] {dag.py:4180} INFO - Setting next_dagrun for tutorial_taskflow_templates to 2026-09-17 00:00:00+00:00, run_after=2026-09-18 00:00:00+00:00
[2026-09-18T12:48:45.267+0700] {processor.py:208} INFO - Processing /Users/andreasanditya/Downloads/572392_Andreas_AirflowETL/code/.venv/lib/python3.9/site-packages/airflow/example_dags/tutorial_taskflow_templates.py took 0.129 seconds
[2026-09-18T12:50:09.320+0700] {processor.py:186} INFO - Started process (PID=71280) to work on /Users/andreasanditya/Downloads/572392_Andreas_AirflowETL/code/.venv/lib/python3.9/site-packages/airflow/example_dags/tutorial_taskflow_templates.py
[2026-09-18T12:50:09.321+0700] {processor.py:914} INFO - Processing file /Users/andreasanditya/Downloads/572392_Andreas_AirflowETL/code/.venv/lib/python3.9/site-packages/airflow/example_dags/tutorial_taskflow_templates.py for tasks to queue
[2026-09-18T12:50:09.322+0700] {logging_mixin.py:190} INFO - [2026-09-18T12:50:09.322+0700] {dagbag.py:588} INFO - Filling up the DagBag from /Users/andreasanditya/Downloads/572392_Andreas_AirflowETL/code/.venv/lib/python3.9/site-packages/airflow/example_dags/tutorial_taskflow_templates.py
[2026-09-18T12:50:09.369+0700] {processor.py:925} INFO - DAG(s) 'tutorial_taskflow_templates' retrieved from /Users/andreasanditya/Downloads/572392_Andreas_AirflowETL/code/.venv/lib/python3.9/site-packages/airflow/example_dags/tutorial_taskflow_templates.py
[2026-09-18T12:50:09.428+0700] {logging_mixin.py:190} INFO - [2026-09-18T12:50:09.427+0700] {dag.py:3239} INFO - Sync 1 DAGs
[2026-09-18T12:50:09.439+0700] {logging_mixin.py:190} INFO - [2026-09-18T12:50:09.439+0700] {dag.py:4180} INFO - Setting next_dagrun for tutorial_taskflow_templates to 2026-09-17 00:00:00+00:00, run_after=2026-09-18 00:00:00+00:00
[2026-09-18T12:50:09.449+0700] {processor.py:208} INFO - Processing /Users/andreasanditya/Downloads/572392_Andreas_AirflowETL/code/.venv/lib/python3.9/site-packages/airflow/example_dags/tutorial_taskflow_templates.py took 0.131 seconds
[2026-09-18T12:51:33.099+0700] {processor.py:186} INFO - Started process (PID=72105) to work on /Users/andreasanditya/Downloads/572392_Andreas_AirflowETL/code/.venv/lib/python3.9/site-packages/airflow/example_dags/tutorial_taskflow_templates.py
[2026-09-18T12:51:33.100+0700] {processor.py:914} INFO - Processing file /Users/andreasanditya/Downloads/572392_Andreas_AirflowETL/code/.venv/lib/python3.9/site-packages/airflow/example_dags/tutorial_taskflow_templates.py for tasks to queue
[2026-09-18T12:51:33.100+0700] {logging_mixin.py:190} INFO - [2026-09-18T12:51:33.100+0700] {dagbag.py:588} INFO - Filling up the DagBag from /Users/andreasanditya/Downloads/572392_Andreas_AirflowETL/code/.venv/lib/python3.9/site-packages/airflow/example_dags/tutorial_taskflow_templates.py
[2026-09-18T12:51:33.156+0700] {processor.py:925} INFO - DAG(s) 'tutorial_taskflow_templates' retrieved from /Users/andreasanditya/Downloads/572392_Andreas_AirflowETL/code/.venv/lib/python3.9/site-packages/airflow/example_dags/tutorial_taskflow_templates.py
[2026-09-18T12:51:33.217+0700] {logging_mixin.py:190} INFO - [2026-09-18T12:51:33.217+0700] {dag.py:3239} INFO - Sync 1 DAGs
[2026-09-18T12:51:33.228+0700] {logging_mixin.py:190} INFO - [2026-09-18T12:51:33.227+0700] {dag.py:4180} INFO - Setting next_dagrun for tutorial_taskflow_templates to 2026-09-17 00:00:00+00:00, run_after=2026-09-18 00:00:00+00:00
[2026-09-18T12:51:33.238+0700] {processor.py:208} INFO - Processing /Users/andreasanditya/Downloads/572392_Andreas_AirflowETL/code/.venv/lib/python3.9/site-packages/airflow/example_dags/tutorial_taskflow_templates.py took 0.141 seconds
[2026-09-18T12:52:58.317+0700] {processor.py:186} INFO - Started process (PID=73030) to work on /Users/andreasanditya/Downloads/572392_Andreas_AirflowETL/code/.venv/lib/python3.9/site-packages/airflow/example_dags/tutorial_taskflow_templates.py
[2026-09-18T12:52:58.318+0700] {processor.py:914} INFO - Processing file /Users/andreasanditya/Downloads/572392_Andreas_AirflowETL/code/.venv/lib/python3.9/site-packages/airflow/example_dags/tutorial_taskflow_templates.py for tasks to queue
[2026-09-18T12:52:58.318+0700] {logging_mixin.py:190} INFO - [2026-09-18T12:52:58.318+0700] {dagbag.py:588} INFO - Filling up the DagBag from /Users/andreasanditya/Downloads/572392_Andreas_AirflowETL/code/.venv/lib/python3.9/site-packages/airflow/example_dags/tutorial_taskflow_templates.py
[2026-09-18T12:52:58.374+0700] {processor.py:925} INFO - DAG(s) 'tutorial_taskflow_templates' retrieved from /Users/andreasanditya/Downloads/572392_Andreas_AirflowETL/code/.venv/lib/python3.9/site-packages/airflow/example_dags/tutorial_taskflow_templates.py
[2026-09-18T12:52:58.434+0700] {logging_mixin.py:190} INFO - [2026-09-18T12:52:58.433+0700] {dag.py:3239} INFO - Sync 1 DAGs
[2026-09-18T12:52:58.444+0700] {logging_mixin.py:190} INFO - [2026-09-18T12:52:58.444+0700] {dag.py:4180} INFO - Setting next_dagrun for tutorial_taskflow_templates to 2026-09-17 00:00:00+00:00, run_after=2026-09-18 00:00:00+00:00
[2026-09-18T12:52:58.454+0700] {processor.py:208} INFO - Processing /Users/andreasanditya/Downloads/572392_Andreas_AirflowETL/code/.venv/lib/python3.9/site-packages/airflow/example_dags/tutorial_taskflow_templates.py took 0.139 seconds
[2026-09-18T12:54:22.973+0700] {processor.py:186} INFO - Started process (PID=73874) to work on /Users/andreasanditya/Downloads/572392_Andreas_AirflowETL/code/.venv/lib/python3.9/site-packages/airflow/example_dags/tutorial_taskflow_templates.py
[2026-09-18T12:54:22.974+0700] {processor.py:914} INFO - Processing file /Users/andreasanditya/Downloads/572392_Andreas_AirflowETL/code/.venv/lib/python3.9/site-packages/airflow/example_dags/tutorial_taskflow_templates.py for tasks to queue
[2026-09-18T12:54:22.975+0700] {logging_mixin.py:190} INFO - [2026-09-18T12:54:22.975+0700] {dagbag.py:588} INFO - Filling up the DagBag from /Users/andreasanditya/Downloads/572392_Andreas_AirflowETL/code/.venv/lib/python3.9/site-packages/airflow/example_dags/tutorial_taskflow_templates.py
[2026-09-18T12:54:23.038+0700] {processor.py:925} INFO - DAG(s) 'tutorial_taskflow_templates' retrieved from /Users/andreasanditya/Downloads/572392_Andreas_AirflowETL/code/.venv/lib/python3.9/site-packages/airflow/example_dags/tutorial_taskflow_templates.py
[2026-09-18T12:54:23.106+0700] {logging_mixin.py:190} INFO - [2026-09-18T12:54:23.106+0700] {dag.py:3239} INFO - Sync 1 DAGs
[2026-09-18T12:54:23.118+0700] {logging_mixin.py:190} INFO - [2026-09-18T12:54:23.118+0700] {dag.py:4180} INFO - Setting next_dagrun for tutorial_taskflow_templates to 2026-09-17 00:00:00+00:00, run_after=2026-09-18 00:00:00+00:00
[2026-09-18T12:54:23.131+0700] {processor.py:208} INFO - Processing /Users/andreasanditya/Downloads/572392_Andreas_AirflowETL/code/.venv/lib/python3.9/site-packages/airflow/example_dags/tutorial_taskflow_templates.py took 0.160 seconds
[2026-09-18T12:55:46.872+0700] {processor.py:186} INFO - Started process (PID=74712) to work on /Users/andreasanditya/Downloads/572392_Andreas_AirflowETL/code/.venv/lib/python3.9/site-packages/airflow/example_dags/tutorial_taskflow_templates.py
[2026-09-18T12:55:46.873+0700] {processor.py:914} INFO - Processing file /Users/andreasanditya/Downloads/572392_Andreas_AirflowETL/code/.venv/lib/python3.9/site-packages/airflow/example_dags/tutorial_taskflow_templates.py for tasks to queue
[2026-09-18T12:55:46.873+0700] {logging_mixin.py:190} INFO - [2026-09-18T12:55:46.873+0700] {dagbag.py:588} INFO - Filling up the DagBag from /Users/andreasanditya/Downloads/572392_Andreas_AirflowETL/code/.venv/lib/python3.9/site-packages/airflow/example_dags/tutorial_taskflow_templates.py
[2026-09-18T12:55:46.928+0700] {processor.py:925} INFO - DAG(s) 'tutorial_taskflow_templates' retrieved from /Users/andreasanditya/Downloads/572392_Andreas_AirflowETL/code/.venv/lib/python3.9/site-packages/airflow/example_dags/tutorial_taskflow_templates.py
[2026-09-18T12:55:46.988+0700] {logging_mixin.py:190} INFO - [2026-09-18T12:55:46.988+0700] {dag.py:3239} INFO - Sync 1 DAGs
[2026-09-18T12:55:46.999+0700] {logging_mixin.py:190} INFO - [2026-09-18T12:55:46.999+0700] {dag.py:4180} INFO - Setting next_dagrun for tutorial_taskflow_templates to 2026-09-17 00:00:00+00:00, run_after=2026-09-18 00:00:00+00:00
[2026-09-18T12:55:47.009+0700] {processor.py:208} INFO - Processing /Users/andreasanditya/Downloads/572392_Andreas_AirflowETL/code/.venv/lib/python3.9/site-packages/airflow/example_dags/tutorial_taskflow_templates.py took 0.139 seconds
[2026-09-18T12:57:13.200+0700] {processor.py:186} INFO - Started process (PID=75629) to work on /Users/andreasanditya/Downloads/572392_Andreas_AirflowETL/code/.venv/lib/python3.9/site-packages/airflow/example_dags/tutorial_taskflow_templates.py
[2026-09-18T12:57:13.202+0700] {processor.py:914} INFO - Processing file /Users/andreasanditya/Downloads/572392_Andreas_AirflowETL/code/.venv/lib/python3.9/site-packages/airflow/example_dags/tutorial_taskflow_templates.py for tasks to queue
[2026-09-18T12:57:13.203+0700] {logging_mixin.py:190} INFO - [2026-09-18T12:57:13.203+0700] {dagbag.py:588} INFO - Filling up the DagBag from /Users/andreasanditya/Downloads/572392_Andreas_AirflowETL/code/.venv/lib/python3.9/site-packages/airflow/example_dags/tutorial_taskflow_templates.py
[2026-09-18T12:57:13.252+0700] {processor.py:925} INFO - DAG(s) 'tutorial_taskflow_templates' retrieved from /Users/andreasanditya/Downloads/572392_Andreas_AirflowETL/code/.venv/lib/python3.9/site-packages/airflow/example_dags/tutorial_taskflow_templates.py
[2026-09-18T12:57:13.311+0700] {logging_mixin.py:190} INFO - [2026-09-18T12:57:13.310+0700] {dag.py:3239} INFO - Sync 1 DAGs
[2026-09-18T12:57:13.321+0700] {logging_mixin.py:190} INFO - [2026-09-18T12:57:13.321+0700] {dag.py:4180} INFO - Setting next_dagrun for tutorial_taskflow_templates to 2026-09-17 00:00:00+00:00, run_after=2026-09-18 00:00:00+00:00
[2026-09-18T12:57:13.332+0700] {processor.py:208} INFO - Processing /Users/andreasanditya/Downloads/572392_Andreas_AirflowETL/code/.venv/lib/python3.9/site-packages/airflow/example_dags/tutorial_taskflow_templates.py took 0.133 seconds
[2026-09-18T12:58:38.060+0700] {processor.py:186} INFO - Started process (PID=76481) to work on /Users/andreasanditya/Downloads/572392_Andreas_AirflowETL/code/.venv/lib/python3.9/site-packages/airflow/example_dags/tutorial_taskflow_templates.py
[2026-09-18T12:58:38.060+0700] {processor.py:914} INFO - Processing file /Users/andreasanditya/Downloads/572392_Andreas_AirflowETL/code/.venv/lib/python3.9/site-packages/airflow/example_dags/tutorial_taskflow_templates.py for tasks to queue
[2026-09-18T12:58:38.061+0700] {logging_mixin.py:190} INFO - [2026-09-18T12:58:38.061+0700] {dagbag.py:588} INFO - Filling up the DagBag from /Users/andreasanditya/Downloads/572392_Andreas_AirflowETL/code/.venv/lib/python3.9/site-packages/airflow/example_dags/tutorial_taskflow_templates.py
[2026-09-18T12:58:38.116+0700] {processor.py:925} INFO - DAG(s) 'tutorial_taskflow_templates' retrieved from /Users/andreasanditya/Downloads/572392_Andreas_AirflowETL/code/.venv/lib/python3.9/site-packages/airflow/example_dags/tutorial_taskflow_templates.py
[2026-09-18T12:58:38.176+0700] {logging_mixin.py:190} INFO - [2026-09-18T12:58:38.176+0700] {dag.py:3239} INFO - Sync 1 DAGs
[2026-09-18T12:58:38.187+0700] {logging_mixin.py:190} INFO - [2026-09-18T12:58:38.187+0700] {dag.py:4180} INFO - Setting next_dagrun for tutorial_taskflow_templates to 2026-09-17 00:00:00+00:00, run_after=2026-09-18 00:00:00+00:00
[2026-09-18T12:58:38.198+0700] {processor.py:208} INFO - Processing /Users/andreasanditya/Downloads/572392_Andreas_AirflowETL/code/.venv/lib/python3.9/site-packages/airflow/example_dags/tutorial_taskflow_templates.py took 0.140 seconds
[2026-09-18T13:00:04.626+0700] {processor.py:186} INFO - Started process (PID=77401) to work on /Users/andreasanditya/Downloads/572392_Andreas_AirflowETL/code/.venv/lib/python3.9/site-packages/airflow/example_dags/tutorial_taskflow_templates.py
[2026-09-18T13:00:04.627+0700] {processor.py:914} INFO - Processing file /Users/andreasanditya/Downloads/572392_Andreas_AirflowETL/code/.venv/lib/python3.9/site-packages/airflow/example_dags/tutorial_taskflow_templates.py for tasks to queue
[2026-09-18T13:00:04.627+0700] {logging_mixin.py:190} INFO - [2026-09-18T13:00:04.627+0700] {dagbag.py:588} INFO - Filling up the DagBag from /Users/andreasanditya/Downloads/572392_Andreas_AirflowETL/code/.venv/lib/python3.9/site-packages/airflow/example_dags/tutorial_taskflow_templates.py
[2026-09-18T13:00:04.681+0700] {processor.py:925} INFO - DAG(s) 'tutorial_taskflow_templates' retrieved from /Users/andreasanditya/Downloads/572392_Andreas_AirflowETL/code/.venv/lib/python3.9/site-packages/airflow/example_dags/tutorial_taskflow_templates.py
[2026-09-18T13:00:04.742+0700] {logging_mixin.py:190} INFO - [2026-09-18T13:00:04.742+0700] {dag.py:3239} INFO - Sync 1 DAGs
[2026-09-18T13:00:04.753+0700] {logging_mixin.py:190} INFO - [2026-09-18T13:00:04.753+0700] {dag.py:4180} INFO - Setting next_dagrun for tutorial_taskflow_templates to 2026-09-17 00:00:00+00:00, run_after=2026-09-18 00:00:00+00:00
[2026-09-18T13:00:04.763+0700] {processor.py:208} INFO - Processing /Users/andreasanditya/Downloads/572392_Andreas_AirflowETL/code/.venv/lib/python3.9/site-packages/airflow/example_dags/tutorial_taskflow_templates.py took 0.139 seconds
[2026-09-18T13:01:31.483+0700] {processor.py:186} INFO - Started process (PID=78230) to work on /Users/andreasanditya/Downloads/572392_Andreas_AirflowETL/code/.venv/lib/python3.9/site-packages/airflow/example_dags/tutorial_taskflow_templates.py
[2026-09-18T13:01:31.484+0700] {processor.py:914} INFO - Processing file /Users/andreasanditya/Downloads/572392_Andreas_AirflowETL/code/.venv/lib/python3.9/site-packages/airflow/example_dags/tutorial_taskflow_templates.py for tasks to queue
[2026-09-18T13:01:31.485+0700] {logging_mixin.py:190} INFO - [2026-09-18T13:01:31.485+0700] {dagbag.py:588} INFO - Filling up the DagBag from /Users/andreasanditya/Downloads/572392_Andreas_AirflowETL/code/.venv/lib/python3.9/site-packages/airflow/example_dags/tutorial_taskflow_templates.py
[2026-09-18T13:01:31.532+0700] {processor.py:925} INFO - DAG(s) 'tutorial_taskflow_templates' retrieved from /Users/andreasanditya/Downloads/572392_Andreas_AirflowETL/code/.venv/lib/python3.9/site-packages/airflow/example_dags/tutorial_taskflow_templates.py
[2026-09-18T13:01:31.590+0700] {logging_mixin.py:190} INFO - [2026-09-18T13:01:31.590+0700] {dag.py:3239} INFO - Sync 1 DAGs
[2026-09-18T13:01:31.600+0700] {logging_mixin.py:190} INFO - [2026-09-18T13:01:31.600+0700] {dag.py:4180} INFO - Setting next_dagrun for tutorial_taskflow_templates to 2026-09-17 00:00:00+00:00, run_after=2026-09-18 00:00:00+00:00
[2026-09-18T13:01:31.610+0700] {processor.py:208} INFO - Processing /Users/andreasanditya/Downloads/572392_Andreas_AirflowETL/code/.venv/lib/python3.9/site-packages/airflow/example_dags/tutorial_taskflow_templates.py took 0.129 seconds
[2026-09-18T13:02:57.565+0700] {processor.py:186} INFO - Started process (PID=79164) to work on /Users/andreasanditya/Downloads/572392_Andreas_AirflowETL/code/.venv/lib/python3.9/site-packages/airflow/example_dags/tutorial_taskflow_templates.py
[2026-09-18T13:02:57.567+0700] {processor.py:914} INFO - Processing file /Users/andreasanditya/Downloads/572392_Andreas_AirflowETL/code/.venv/lib/python3.9/site-packages/airflow/example_dags/tutorial_taskflow_templates.py for tasks to queue
[2026-09-18T13:02:57.567+0700] {logging_mixin.py:190} INFO - [2026-09-18T13:02:57.567+0700] {dagbag.py:588} INFO - Filling up the DagBag from /Users/andreasanditya/Downloads/572392_Andreas_AirflowETL/code/.venv/lib/python3.9/site-packages/airflow/example_dags/tutorial_taskflow_templates.py
[2026-09-18T13:02:57.614+0700] {processor.py:925} INFO - DAG(s) 'tutorial_taskflow_templates' retrieved from /Users/andreasanditya/Downloads/572392_Andreas_AirflowETL/code/.venv/lib/python3.9/site-packages/airflow/example_dags/tutorial_taskflow_templates.py
[2026-09-18T13:02:57.672+0700] {logging_mixin.py:190} INFO - [2026-09-18T13:02:57.672+0700] {dag.py:3239} INFO - Sync 1 DAGs
[2026-09-18T13:02:57.682+0700] {logging_mixin.py:190} INFO - [2026-09-18T13:02:57.682+0700] {dag.py:4180} INFO - Setting next_dagrun for tutorial_taskflow_templates to 2026-09-17 00:00:00+00:00, run_after=2026-09-18 00:00:00+00:00
[2026-09-18T13:02:57.693+0700] {processor.py:208} INFO - Processing /Users/andreasanditya/Downloads/572392_Andreas_AirflowETL/code/.venv/lib/python3.9/site-packages/airflow/example_dags/tutorial_taskflow_templates.py took 0.130 seconds
[2026-09-18T13:04:24.461+0700] {processor.py:186} INFO - Started process (PID=80005) to work on /Users/andreasanditya/Downloads/572392_Andreas_AirflowETL/code/.venv/lib/python3.9/site-packages/airflow/example_dags/tutorial_taskflow_templates.py
[2026-09-18T13:04:24.462+0700] {processor.py:914} INFO - Processing file /Users/andreasanditya/Downloads/572392_Andreas_AirflowETL/code/.venv/lib/python3.9/site-packages/airflow/example_dags/tutorial_taskflow_templates.py for tasks to queue
[2026-09-18T13:04:24.463+0700] {logging_mixin.py:190} INFO - [2026-09-18T13:04:24.463+0700] {dagbag.py:588} INFO - Filling up the DagBag from /Users/andreasanditya/Downloads/572392_Andreas_AirflowETL/code/.venv/lib/python3.9/site-packages/airflow/example_dags/tutorial_taskflow_templates.py
[2026-09-18T13:04:24.512+0700] {processor.py:925} INFO - DAG(s) 'tutorial_taskflow_templates' retrieved from /Users/andreasanditya/Downloads/572392_Andreas_AirflowETL/code/.venv/lib/python3.9/site-packages/airflow/example_dags/tutorial_taskflow_templates.py
[2026-09-18T13:04:24.570+0700] {logging_mixin.py:190} INFO - [2026-09-18T13:04:24.570+0700] {dag.py:3239} INFO - Sync 1 DAGs
[2026-09-18T13:04:24.581+0700] {logging_mixin.py:190} INFO - [2026-09-18T13:04:24.581+0700] {dag.py:4180} INFO - Setting next_dagrun for tutorial_taskflow_templates to 2026-09-17 00:00:00+00:00, run_after=2026-09-18 00:00:00+00:00
[2026-09-18T13:04:24.591+0700] {processor.py:208} INFO - Processing /Users/andreasanditya/Downloads/572392_Andreas_AirflowETL/code/.venv/lib/python3.9/site-packages/airflow/example_dags/tutorial_taskflow_templates.py took 0.132 seconds
[2026-09-18T13:05:48.960+0700] {processor.py:186} INFO - Started process (PID=80919) to work on /Users/andreasanditya/Downloads/572392_Andreas_AirflowETL/code/.venv/lib/python3.9/site-packages/airflow/example_dags/tutorial_taskflow_templates.py
[2026-09-18T13:05:48.961+0700] {processor.py:914} INFO - Processing file /Users/andreasanditya/Downloads/572392_Andreas_AirflowETL/code/.venv/lib/python3.9/site-packages/airflow/example_dags/tutorial_taskflow_templates.py for tasks to queue
[2026-09-18T13:05:48.962+0700] {logging_mixin.py:190} INFO - [2026-09-18T13:05:48.962+0700] {dagbag.py:588} INFO - Filling up the DagBag from /Users/andreasanditya/Downloads/572392_Andreas_AirflowETL/code/.venv/lib/python3.9/site-packages/airflow/example_dags/tutorial_taskflow_templates.py
[2026-09-18T13:05:49.010+0700] {processor.py:925} INFO - DAG(s) 'tutorial_taskflow_templates' retrieved from /Users/andreasanditya/Downloads/572392_Andreas_AirflowETL/code/.venv/lib/python3.9/site-packages/airflow/example_dags/tutorial_taskflow_templates.py
[2026-09-18T13:05:49.072+0700] {logging_mixin.py:190} INFO - [2026-09-18T13:05:49.072+0700] {dag.py:3239} INFO - Sync 1 DAGs
[2026-09-18T13:05:49.083+0700] {logging_mixin.py:190} INFO - [2026-09-18T13:05:49.082+0700] {dag.py:4180} INFO - Setting next_dagrun for tutorial_taskflow_templates to 2026-09-17 00:00:00+00:00, run_after=2026-09-18 00:00:00+00:00
[2026-09-18T13:05:49.093+0700] {processor.py:208} INFO - Processing /Users/andreasanditya/Downloads/572392_Andreas_AirflowETL/code/.venv/lib/python3.9/site-packages/airflow/example_dags/tutorial_taskflow_templates.py took 0.135 seconds
[2026-09-18T13:07:14.233+0700] {processor.py:186} INFO - Started process (PID=81768) to work on /Users/andreasanditya/Downloads/572392_Andreas_AirflowETL/code/.venv/lib/python3.9/site-packages/airflow/example_dags/tutorial_taskflow_templates.py
[2026-09-18T13:07:14.234+0700] {processor.py:914} INFO - Processing file /Users/andreasanditya/Downloads/572392_Andreas_AirflowETL/code/.venv/lib/python3.9/site-packages/airflow/example_dags/tutorial_taskflow_templates.py for tasks to queue
[2026-09-18T13:07:14.235+0700] {logging_mixin.py:190} INFO - [2026-09-18T13:07:14.235+0700] {dagbag.py:588} INFO - Filling up the DagBag from /Users/andreasanditya/Downloads/572392_Andreas_AirflowETL/code/.venv/lib/python3.9/site-packages/airflow/example_dags/tutorial_taskflow_templates.py
[2026-09-18T13:07:14.289+0700] {processor.py:925} INFO - DAG(s) 'tutorial_taskflow_templates' retrieved from /Users/andreasanditya/Downloads/572392_Andreas_AirflowETL/code/.venv/lib/python3.9/site-packages/airflow/example_dags/tutorial_taskflow_templates.py
[2026-09-18T13:07:14.350+0700] {logging_mixin.py:190} INFO - [2026-09-18T13:07:14.350+0700] {dag.py:3239} INFO - Sync 1 DAGs
[2026-09-18T13:07:14.360+0700] {logging_mixin.py:190} INFO - [2026-09-18T13:07:14.360+0700] {dag.py:4180} INFO - Setting next_dagrun for tutorial_taskflow_templates to 2026-09-17 00:00:00+00:00, run_after=2026-09-18 00:00:00+00:00
[2026-09-18T13:07:14.371+0700] {processor.py:208} INFO - Processing /Users/andreasanditya/Downloads/572392_Andreas_AirflowETL/code/.venv/lib/python3.9/site-packages/airflow/example_dags/tutorial_taskflow_templates.py took 0.139 seconds
[2026-09-18T13:08:36.130+0700] {processor.py:186} INFO - Started process (PID=82588) to work on /Users/andreasanditya/Downloads/572392_Andreas_AirflowETL/code/.venv/lib/python3.9/site-packages/airflow/example_dags/tutorial_taskflow_templates.py
[2026-09-18T13:08:36.133+0700] {processor.py:914} INFO - Processing file /Users/andreasanditya/Downloads/572392_Andreas_AirflowETL/code/.venv/lib/python3.9/site-packages/airflow/example_dags/tutorial_taskflow_templates.py for tasks to queue
[2026-09-18T13:08:36.134+0700] {logging_mixin.py:190} INFO - [2026-09-18T13:08:36.134+0700] {dagbag.py:588} INFO - Filling up the DagBag from /Users/andreasanditya/Downloads/572392_Andreas_AirflowETL/code/.venv/lib/python3.9/site-packages/airflow/example_dags/tutorial_taskflow_templates.py
[2026-09-18T13:08:36.181+0700] {processor.py:925} INFO - DAG(s) 'tutorial_taskflow_templates' retrieved from /Users/andreasanditya/Downloads/572392_Andreas_AirflowETL/code/.venv/lib/python3.9/site-packages/airflow/example_dags/tutorial_taskflow_templates.py
[2026-09-18T13:08:36.239+0700] {logging_mixin.py:190} INFO - [2026-09-18T13:08:36.239+0700] {dag.py:3239} INFO - Sync 1 DAGs
[2026-09-18T13:08:36.249+0700] {logging_mixin.py:190} INFO - [2026-09-18T13:08:36.249+0700] {dag.py:4180} INFO - Setting next_dagrun for tutorial_taskflow_templates to 2026-09-17 00:00:00+00:00, run_after=2026-09-18 00:00:00+00:00
[2026-09-18T13:08:36.259+0700] {processor.py:208} INFO - Processing /Users/andreasanditya/Downloads/572392_Andreas_AirflowETL/code/.venv/lib/python3.9/site-packages/airflow/example_dags/tutorial_taskflow_templates.py took 0.131 seconds
[2026-09-18T13:10:03.136+0700] {processor.py:186} INFO - Started process (PID=83511) to work on /Users/andreasanditya/Downloads/572392_Andreas_AirflowETL/code/.venv/lib/python3.9/site-packages/airflow/example_dags/tutorial_taskflow_templates.py
[2026-09-18T13:10:03.139+0700] {processor.py:914} INFO - Processing file /Users/andreasanditya/Downloads/572392_Andreas_AirflowETL/code/.venv/lib/python3.9/site-packages/airflow/example_dags/tutorial_taskflow_templates.py for tasks to queue
[2026-09-18T13:10:03.139+0700] {logging_mixin.py:190} INFO - [2026-09-18T13:10:03.139+0700] {dagbag.py:588} INFO - Filling up the DagBag from /Users/andreasanditya/Downloads/572392_Andreas_AirflowETL/code/.venv/lib/python3.9/site-packages/airflow/example_dags/tutorial_taskflow_templates.py
[2026-09-18T13:10:03.186+0700] {processor.py:925} INFO - DAG(s) 'tutorial_taskflow_templates' retrieved from /Users/andreasanditya/Downloads/572392_Andreas_AirflowETL/code/.venv/lib/python3.9/site-packages/airflow/example_dags/tutorial_taskflow_templates.py
[2026-09-18T13:10:03.244+0700] {logging_mixin.py:190} INFO - [2026-09-18T13:10:03.244+0700] {dag.py:3239} INFO - Sync 1 DAGs
[2026-09-18T13:10:03.254+0700] {logging_mixin.py:190} INFO - [2026-09-18T13:10:03.254+0700] {dag.py:4180} INFO - Setting next_dagrun for tutorial_taskflow_templates to 2026-09-17 00:00:00+00:00, run_after=2026-09-18 00:00:00+00:00
[2026-09-18T13:10:03.264+0700] {processor.py:208} INFO - Processing /Users/andreasanditya/Downloads/572392_Andreas_AirflowETL/code/.venv/lib/python3.9/site-packages/airflow/example_dags/tutorial_taskflow_templates.py took 0.130 seconds
[2026-09-18T13:11:29.865+0700] {processor.py:186} INFO - Started process (PID=84356) to work on /Users/andreasanditya/Downloads/572392_Andreas_AirflowETL/code/.venv/lib/python3.9/site-packages/airflow/example_dags/tutorial_taskflow_templates.py
[2026-09-18T13:11:29.866+0700] {processor.py:914} INFO - Processing file /Users/andreasanditya/Downloads/572392_Andreas_AirflowETL/code/.venv/lib/python3.9/site-packages/airflow/example_dags/tutorial_taskflow_templates.py for tasks to queue
[2026-09-18T13:11:29.867+0700] {logging_mixin.py:190} INFO - [2026-09-18T13:11:29.867+0700] {dagbag.py:588} INFO - Filling up the DagBag from /Users/andreasanditya/Downloads/572392_Andreas_AirflowETL/code/.venv/lib/python3.9/site-packages/airflow/example_dags/tutorial_taskflow_templates.py
[2026-09-18T13:11:29.916+0700] {processor.py:925} INFO - DAG(s) 'tutorial_taskflow_templates' retrieved from /Users/andreasanditya/Downloads/572392_Andreas_AirflowETL/code/.venv/lib/python3.9/site-packages/airflow/example_dags/tutorial_taskflow_templates.py
[2026-09-18T13:11:29.974+0700] {logging_mixin.py:190} INFO - [2026-09-18T13:11:29.974+0700] {dag.py:3239} INFO - Sync 1 DAGs
[2026-09-18T13:11:29.985+0700] {logging_mixin.py:190} INFO - [2026-09-18T13:11:29.985+0700] {dag.py:4180} INFO - Setting next_dagrun for tutorial_taskflow_templates to 2026-09-17 00:00:00+00:00, run_after=2026-09-18 00:00:00+00:00
[2026-09-18T13:11:29.997+0700] {processor.py:208} INFO - Processing /Users/andreasanditya/Downloads/572392_Andreas_AirflowETL/code/.venv/lib/python3.9/site-packages/airflow/example_dags/tutorial_taskflow_templates.py took 0.135 seconds
[2026-09-18T13:12:55.925+0700] {processor.py:186} INFO - Started process (PID=85260) to work on /Users/andreasanditya/Downloads/572392_Andreas_AirflowETL/code/.venv/lib/python3.9/site-packages/airflow/example_dags/tutorial_taskflow_templates.py
[2026-09-18T13:12:55.926+0700] {processor.py:914} INFO - Processing file /Users/andreasanditya/Downloads/572392_Andreas_AirflowETL/code/.venv/lib/python3.9/site-packages/airflow/example_dags/tutorial_taskflow_templates.py for tasks to queue
[2026-09-18T13:12:55.927+0700] {logging_mixin.py:190} INFO - [2026-09-18T13:12:55.927+0700] {dagbag.py:588} INFO - Filling up the DagBag from /Users/andreasanditya/Downloads/572392_Andreas_AirflowETL/code/.venv/lib/python3.9/site-packages/airflow/example_dags/tutorial_taskflow_templates.py
[2026-09-18T13:12:55.981+0700] {processor.py:925} INFO - DAG(s) 'tutorial_taskflow_templates' retrieved from /Users/andreasanditya/Downloads/572392_Andreas_AirflowETL/code/.venv/lib/python3.9/site-packages/airflow/example_dags/tutorial_taskflow_templates.py
[2026-09-18T13:12:56.041+0700] {logging_mixin.py:190} INFO - [2026-09-18T13:12:56.041+0700] {dag.py:3239} INFO - Sync 1 DAGs
[2026-09-18T13:12:56.051+0700] {logging_mixin.py:190} INFO - [2026-09-18T13:12:56.051+0700] {dag.py:4180} INFO - Setting next_dagrun for tutorial_taskflow_templates to 2026-09-17 00:00:00+00:00, run_after=2026-09-18 00:00:00+00:00
[2026-09-18T13:12:56.062+0700] {processor.py:208} INFO - Processing /Users/andreasanditya/Downloads/572392_Andreas_AirflowETL/code/.venv/lib/python3.9/site-packages/airflow/example_dags/tutorial_taskflow_templates.py took 0.138 seconds
[2026-09-18T13:14:21.615+0700] {processor.py:186} INFO - Started process (PID=86100) to work on /Users/andreasanditya/Downloads/572392_Andreas_AirflowETL/code/.venv/lib/python3.9/site-packages/airflow/example_dags/tutorial_taskflow_templates.py
[2026-09-18T13:14:21.617+0700] {processor.py:914} INFO - Processing file /Users/andreasanditya/Downloads/572392_Andreas_AirflowETL/code/.venv/lib/python3.9/site-packages/airflow/example_dags/tutorial_taskflow_templates.py for tasks to queue
[2026-09-18T13:14:21.618+0700] {logging_mixin.py:190} INFO - [2026-09-18T13:14:21.618+0700] {dagbag.py:588} INFO - Filling up the DagBag from /Users/andreasanditya/Downloads/572392_Andreas_AirflowETL/code/.venv/lib/python3.9/site-packages/airflow/example_dags/tutorial_taskflow_templates.py
[2026-09-18T13:14:21.672+0700] {processor.py:925} INFO - DAG(s) 'tutorial_taskflow_templates' retrieved from /Users/andreasanditya/Downloads/572392_Andreas_AirflowETL/code/.venv/lib/python3.9/site-packages/airflow/example_dags/tutorial_taskflow_templates.py
[2026-09-18T13:14:21.730+0700] {logging_mixin.py:190} INFO - [2026-09-18T13:14:21.730+0700] {dag.py:3239} INFO - Sync 1 DAGs
[2026-09-18T13:14:21.741+0700] {logging_mixin.py:190} INFO - [2026-09-18T13:14:21.741+0700] {dag.py:4180} INFO - Setting next_dagrun for tutorial_taskflow_templates to 2026-09-17 00:00:00+00:00, run_after=2026-09-18 00:00:00+00:00
[2026-09-18T13:14:21.752+0700] {processor.py:208} INFO - Processing /Users/andreasanditya/Downloads/572392_Andreas_AirflowETL/code/.venv/lib/python3.9/site-packages/airflow/example_dags/tutorial_taskflow_templates.py took 0.138 seconds
[2026-09-18T13:15:48.844+0700] {processor.py:186} INFO - Started process (PID=87012) to work on /Users/andreasanditya/Downloads/572392_Andreas_AirflowETL/code/.venv/lib/python3.9/site-packages/airflow/example_dags/tutorial_taskflow_templates.py
[2026-09-18T13:15:48.845+0700] {processor.py:914} INFO - Processing file /Users/andreasanditya/Downloads/572392_Andreas_AirflowETL/code/.venv/lib/python3.9/site-packages/airflow/example_dags/tutorial_taskflow_templates.py for tasks to queue
[2026-09-18T13:15:48.846+0700] {logging_mixin.py:190} INFO - [2026-09-18T13:15:48.846+0700] {dagbag.py:588} INFO - Filling up the DagBag from /Users/andreasanditya/Downloads/572392_Andreas_AirflowETL/code/.venv/lib/python3.9/site-packages/airflow/example_dags/tutorial_taskflow_templates.py
[2026-09-18T13:15:48.901+0700] {processor.py:925} INFO - DAG(s) 'tutorial_taskflow_templates' retrieved from /Users/andreasanditya/Downloads/572392_Andreas_AirflowETL/code/.venv/lib/python3.9/site-packages/airflow/example_dags/tutorial_taskflow_templates.py
[2026-09-18T13:15:48.961+0700] {logging_mixin.py:190} INFO - [2026-09-18T13:15:48.961+0700] {dag.py:3239} INFO - Sync 1 DAGs
[2026-09-18T13:15:48.971+0700] {logging_mixin.py:190} INFO - [2026-09-18T13:15:48.971+0700] {dag.py:4180} INFO - Setting next_dagrun for tutorial_taskflow_templates to 2026-09-17 00:00:00+00:00, run_after=2026-09-18 00:00:00+00:00
[2026-09-18T13:15:48.981+0700] {processor.py:208} INFO - Processing /Users/andreasanditya/Downloads/572392_Andreas_AirflowETL/code/.venv/lib/python3.9/site-packages/airflow/example_dags/tutorial_taskflow_templates.py took 0.139 seconds
[2026-09-18T13:17:15.000+0700] {processor.py:186} INFO - Started process (PID=87848) to work on /Users/andreasanditya/Downloads/572392_Andreas_AirflowETL/code/.venv/lib/python3.9/site-packages/airflow/example_dags/tutorial_taskflow_templates.py
[2026-09-18T13:17:15.001+0700] {processor.py:914} INFO - Processing file /Users/andreasanditya/Downloads/572392_Andreas_AirflowETL/code/.venv/lib/python3.9/site-packages/airflow/example_dags/tutorial_taskflow_templates.py for tasks to queue
[2026-09-18T13:17:15.002+0700] {logging_mixin.py:190} INFO - [2026-09-18T13:17:15.001+0700] {dagbag.py:588} INFO - Filling up the DagBag from /Users/andreasanditya/Downloads/572392_Andreas_AirflowETL/code/.venv/lib/python3.9/site-packages/airflow/example_dags/tutorial_taskflow_templates.py
[2026-09-18T13:17:15.055+0700] {processor.py:925} INFO - DAG(s) 'tutorial_taskflow_templates' retrieved from /Users/andreasanditya/Downloads/572392_Andreas_AirflowETL/code/.venv/lib/python3.9/site-packages/airflow/example_dags/tutorial_taskflow_templates.py
[2026-09-18T13:17:15.117+0700] {logging_mixin.py:190} INFO - [2026-09-18T13:17:15.116+0700] {dag.py:3239} INFO - Sync 1 DAGs
[2026-09-18T13:17:15.127+0700] {logging_mixin.py:190} INFO - [2026-09-18T13:17:15.127+0700] {dag.py:4180} INFO - Setting next_dagrun for tutorial_taskflow_templates to 2026-09-17 00:00:00+00:00, run_after=2026-09-18 00:00:00+00:00
[2026-09-18T13:17:15.138+0700] {processor.py:208} INFO - Processing /Users/andreasanditya/Downloads/572392_Andreas_AirflowETL/code/.venv/lib/python3.9/site-packages/airflow/example_dags/tutorial_taskflow_templates.py took 0.139 seconds
[2026-09-18T13:18:39.963+0700] {processor.py:186} INFO - Started process (PID=88747) to work on /Users/andreasanditya/Downloads/572392_Andreas_AirflowETL/code/.venv/lib/python3.9/site-packages/airflow/example_dags/tutorial_taskflow_templates.py
[2026-09-18T13:18:39.965+0700] {processor.py:914} INFO - Processing file /Users/andreasanditya/Downloads/572392_Andreas_AirflowETL/code/.venv/lib/python3.9/site-packages/airflow/example_dags/tutorial_taskflow_templates.py for tasks to queue
[2026-09-18T13:18:39.965+0700] {logging_mixin.py:190} INFO - [2026-09-18T13:18:39.965+0700] {dagbag.py:588} INFO - Filling up the DagBag from /Users/andreasanditya/Downloads/572392_Andreas_AirflowETL/code/.venv/lib/python3.9/site-packages/airflow/example_dags/tutorial_taskflow_templates.py
[2026-09-18T13:18:40.012+0700] {processor.py:925} INFO - DAG(s) 'tutorial_taskflow_templates' retrieved from /Users/andreasanditya/Downloads/572392_Andreas_AirflowETL/code/.venv/lib/python3.9/site-packages/airflow/example_dags/tutorial_taskflow_templates.py
[2026-09-18T13:18:40.071+0700] {logging_mixin.py:190} INFO - [2026-09-18T13:18:40.071+0700] {dag.py:3239} INFO - Sync 1 DAGs
[2026-09-18T13:18:40.081+0700] {logging_mixin.py:190} INFO - [2026-09-18T13:18:40.081+0700] {dag.py:4180} INFO - Setting next_dagrun for tutorial_taskflow_templates to 2026-09-17 00:00:00+00:00, run_after=2026-09-18 00:00:00+00:00
[2026-09-18T13:18:40.092+0700] {processor.py:208} INFO - Processing /Users/andreasanditya/Downloads/572392_Andreas_AirflowETL/code/.venv/lib/python3.9/site-packages/airflow/example_dags/tutorial_taskflow_templates.py took 0.131 seconds
[2026-09-18T13:20:04.706+0700] {processor.py:186} INFO - Started process (PID=89583) to work on /Users/andreasanditya/Downloads/572392_Andreas_AirflowETL/code/.venv/lib/python3.9/site-packages/airflow/example_dags/tutorial_taskflow_templates.py
[2026-09-18T13:20:04.707+0700] {processor.py:914} INFO - Processing file /Users/andreasanditya/Downloads/572392_Andreas_AirflowETL/code/.venv/lib/python3.9/site-packages/airflow/example_dags/tutorial_taskflow_templates.py for tasks to queue
[2026-09-18T13:20:04.708+0700] {logging_mixin.py:190} INFO - [2026-09-18T13:20:04.707+0700] {dagbag.py:588} INFO - Filling up the DagBag from /Users/andreasanditya/Downloads/572392_Andreas_AirflowETL/code/.venv/lib/python3.9/site-packages/airflow/example_dags/tutorial_taskflow_templates.py
[2026-09-18T13:20:04.761+0700] {processor.py:925} INFO - DAG(s) 'tutorial_taskflow_templates' retrieved from /Users/andreasanditya/Downloads/572392_Andreas_AirflowETL/code/.venv/lib/python3.9/site-packages/airflow/example_dags/tutorial_taskflow_templates.py
[2026-09-18T13:20:04.824+0700] {logging_mixin.py:190} INFO - [2026-09-18T13:20:04.824+0700] {dag.py:3239} INFO - Sync 1 DAGs
[2026-09-18T13:20:04.835+0700] {logging_mixin.py:190} INFO - [2026-09-18T13:20:04.835+0700] {dag.py:4180} INFO - Setting next_dagrun for tutorial_taskflow_templates to 2026-09-17 00:00:00+00:00, run_after=2026-09-18 00:00:00+00:00
[2026-09-18T13:20:04.845+0700] {processor.py:208} INFO - Processing /Users/andreasanditya/Downloads/572392_Andreas_AirflowETL/code/.venv/lib/python3.9/site-packages/airflow/example_dags/tutorial_taskflow_templates.py took 0.141 seconds
[2026-09-18T13:21:28.959+0700] {processor.py:186} INFO - Started process (PID=90493) to work on /Users/andreasanditya/Downloads/572392_Andreas_AirflowETL/code/.venv/lib/python3.9/site-packages/airflow/example_dags/tutorial_taskflow_templates.py
[2026-09-18T13:21:28.961+0700] {processor.py:914} INFO - Processing file /Users/andreasanditya/Downloads/572392_Andreas_AirflowETL/code/.venv/lib/python3.9/site-packages/airflow/example_dags/tutorial_taskflow_templates.py for tasks to queue
[2026-09-18T13:21:28.962+0700] {logging_mixin.py:190} INFO - [2026-09-18T13:21:28.962+0700] {dagbag.py:588} INFO - Filling up the DagBag from /Users/andreasanditya/Downloads/572392_Andreas_AirflowETL/code/.venv/lib/python3.9/site-packages/airflow/example_dags/tutorial_taskflow_templates.py
[2026-09-18T13:21:29.010+0700] {processor.py:925} INFO - DAG(s) 'tutorial_taskflow_templates' retrieved from /Users/andreasanditya/Downloads/572392_Andreas_AirflowETL/code/.venv/lib/python3.9/site-packages/airflow/example_dags/tutorial_taskflow_templates.py
[2026-09-18T13:21:29.068+0700] {logging_mixin.py:190} INFO - [2026-09-18T13:21:29.068+0700] {dag.py:3239} INFO - Sync 1 DAGs
[2026-09-18T13:21:29.078+0700] {logging_mixin.py:190} INFO - [2026-09-18T13:21:29.078+0700] {dag.py:4180} INFO - Setting next_dagrun for tutorial_taskflow_templates to 2026-09-17 00:00:00+00:00, run_after=2026-09-18 00:00:00+00:00
[2026-09-18T13:21:29.089+0700] {processor.py:208} INFO - Processing /Users/andreasanditya/Downloads/572392_Andreas_AirflowETL/code/.venv/lib/python3.9/site-packages/airflow/example_dags/tutorial_taskflow_templates.py took 0.131 seconds
[2026-09-18T13:22:52.705+0700] {processor.py:186} INFO - Started process (PID=91310) to work on /Users/andreasanditya/Downloads/572392_Andreas_AirflowETL/code/.venv/lib/python3.9/site-packages/airflow/example_dags/tutorial_taskflow_templates.py
[2026-09-18T13:22:52.706+0700] {processor.py:914} INFO - Processing file /Users/andreasanditya/Downloads/572392_Andreas_AirflowETL/code/.venv/lib/python3.9/site-packages/airflow/example_dags/tutorial_taskflow_templates.py for tasks to queue
[2026-09-18T13:22:52.706+0700] {logging_mixin.py:190} INFO - [2026-09-18T13:22:52.706+0700] {dagbag.py:588} INFO - Filling up the DagBag from /Users/andreasanditya/Downloads/572392_Andreas_AirflowETL/code/.venv/lib/python3.9/site-packages/airflow/example_dags/tutorial_taskflow_templates.py
[2026-09-18T13:22:52.761+0700] {processor.py:925} INFO - DAG(s) 'tutorial_taskflow_templates' retrieved from /Users/andreasanditya/Downloads/572392_Andreas_AirflowETL/code/.venv/lib/python3.9/site-packages/airflow/example_dags/tutorial_taskflow_templates.py
[2026-09-18T13:22:52.821+0700] {logging_mixin.py:190} INFO - [2026-09-18T13:22:52.821+0700] {dag.py:3239} INFO - Sync 1 DAGs
[2026-09-18T13:22:52.832+0700] {logging_mixin.py:190} INFO - [2026-09-18T13:22:52.832+0700] {dag.py:4180} INFO - Setting next_dagrun for tutorial_taskflow_templates to 2026-09-17 00:00:00+00:00, run_after=2026-09-18 00:00:00+00:00
[2026-09-18T13:22:52.847+0700] {processor.py:208} INFO - Processing /Users/andreasanditya/Downloads/572392_Andreas_AirflowETL/code/.venv/lib/python3.9/site-packages/airflow/example_dags/tutorial_taskflow_templates.py took 0.145 seconds
[2026-09-18T13:24:17.031+0700] {processor.py:186} INFO - Started process (PID=92187) to work on /Users/andreasanditya/Downloads/572392_Andreas_AirflowETL/code/.venv/lib/python3.9/site-packages/airflow/example_dags/tutorial_taskflow_templates.py
[2026-09-18T13:24:17.032+0700] {processor.py:914} INFO - Processing file /Users/andreasanditya/Downloads/572392_Andreas_AirflowETL/code/.venv/lib/python3.9/site-packages/airflow/example_dags/tutorial_taskflow_templates.py for tasks to queue
[2026-09-18T13:24:17.032+0700] {logging_mixin.py:190} INFO - [2026-09-18T13:24:17.032+0700] {dagbag.py:588} INFO - Filling up the DagBag from /Users/andreasanditya/Downloads/572392_Andreas_AirflowETL/code/.venv/lib/python3.9/site-packages/airflow/example_dags/tutorial_taskflow_templates.py
[2026-09-18T13:24:17.087+0700] {processor.py:925} INFO - DAG(s) 'tutorial_taskflow_templates' retrieved from /Users/andreasanditya/Downloads/572392_Andreas_AirflowETL/code/.venv/lib/python3.9/site-packages/airflow/example_dags/tutorial_taskflow_templates.py
[2026-09-18T13:24:17.148+0700] {logging_mixin.py:190} INFO - [2026-09-18T13:24:17.148+0700] {dag.py:3239} INFO - Sync 1 DAGs
[2026-09-18T13:24:17.159+0700] {logging_mixin.py:190} INFO - [2026-09-18T13:24:17.159+0700] {dag.py:4180} INFO - Setting next_dagrun for tutorial_taskflow_templates to 2026-09-17 00:00:00+00:00, run_after=2026-09-18 00:00:00+00:00
[2026-09-18T13:24:17.170+0700] {processor.py:208} INFO - Processing /Users/andreasanditya/Downloads/572392_Andreas_AirflowETL/code/.venv/lib/python3.9/site-packages/airflow/example_dags/tutorial_taskflow_templates.py took 0.141 seconds
[2026-09-18T13:25:42.973+0700] {processor.py:186} INFO - Started process (PID=93164) to work on /Users/andreasanditya/Downloads/572392_Andreas_AirflowETL/code/.venv/lib/python3.9/site-packages/airflow/example_dags/tutorial_taskflow_templates.py
[2026-09-18T13:25:42.973+0700] {processor.py:914} INFO - Processing file /Users/andreasanditya/Downloads/572392_Andreas_AirflowETL/code/.venv/lib/python3.9/site-packages/airflow/example_dags/tutorial_taskflow_templates.py for tasks to queue
[2026-09-18T13:25:42.974+0700] {logging_mixin.py:190} INFO - [2026-09-18T13:25:42.974+0700] {dagbag.py:588} INFO - Filling up the DagBag from /Users/andreasanditya/Downloads/572392_Andreas_AirflowETL/code/.venv/lib/python3.9/site-packages/airflow/example_dags/tutorial_taskflow_templates.py
[2026-09-18T13:25:43.035+0700] {processor.py:925} INFO - DAG(s) 'tutorial_taskflow_templates' retrieved from /Users/andreasanditya/Downloads/572392_Andreas_AirflowETL/code/.venv/lib/python3.9/site-packages/airflow/example_dags/tutorial_taskflow_templates.py
[2026-09-18T13:25:43.100+0700] {logging_mixin.py:190} INFO - [2026-09-18T13:25:43.100+0700] {dag.py:3239} INFO - Sync 1 DAGs
[2026-09-18T13:25:43.112+0700] {logging_mixin.py:190} INFO - [2026-09-18T13:25:43.112+0700] {dag.py:4180} INFO - Setting next_dagrun for tutorial_taskflow_templates to 2026-09-17 00:00:00+00:00, run_after=2026-09-18 00:00:00+00:00
[2026-09-18T13:25:43.123+0700] {processor.py:208} INFO - Processing /Users/andreasanditya/Downloads/572392_Andreas_AirflowETL/code/.venv/lib/python3.9/site-packages/airflow/example_dags/tutorial_taskflow_templates.py took 0.153 seconds
[2026-09-18T13:27:11.706+0700] {processor.py:186} INFO - Started process (PID=94158) to work on /Users/andreasanditya/Downloads/572392_Andreas_AirflowETL/code/.venv/lib/python3.9/site-packages/airflow/example_dags/tutorial_taskflow_templates.py
[2026-09-18T13:27:11.707+0700] {processor.py:914} INFO - Processing file /Users/andreasanditya/Downloads/572392_Andreas_AirflowETL/code/.venv/lib/python3.9/site-packages/airflow/example_dags/tutorial_taskflow_templates.py for tasks to queue
[2026-09-18T13:27:11.708+0700] {logging_mixin.py:190} INFO - [2026-09-18T13:27:11.708+0700] {dagbag.py:588} INFO - Filling up the DagBag from /Users/andreasanditya/Downloads/572392_Andreas_AirflowETL/code/.venv/lib/python3.9/site-packages/airflow/example_dags/tutorial_taskflow_templates.py
[2026-09-18T13:27:11.764+0700] {processor.py:925} INFO - DAG(s) 'tutorial_taskflow_templates' retrieved from /Users/andreasanditya/Downloads/572392_Andreas_AirflowETL/code/.venv/lib/python3.9/site-packages/airflow/example_dags/tutorial_taskflow_templates.py
[2026-09-18T13:27:11.825+0700] {logging_mixin.py:190} INFO - [2026-09-18T13:27:11.825+0700] {dag.py:3239} INFO - Sync 1 DAGs
[2026-09-18T13:27:11.836+0700] {logging_mixin.py:190} INFO - [2026-09-18T13:27:11.836+0700] {dag.py:4180} INFO - Setting next_dagrun for tutorial_taskflow_templates to 2026-09-17 00:00:00+00:00, run_after=2026-09-18 00:00:00+00:00
[2026-09-18T13:27:11.847+0700] {processor.py:208} INFO - Processing /Users/andreasanditya/Downloads/572392_Andreas_AirflowETL/code/.venv/lib/python3.9/site-packages/airflow/example_dags/tutorial_taskflow_templates.py took 0.143 seconds
[2026-09-18T13:28:40.771+0700] {processor.py:186} INFO - Started process (PID=95091) to work on /Users/andreasanditya/Downloads/572392_Andreas_AirflowETL/code/.venv/lib/python3.9/site-packages/airflow/example_dags/tutorial_taskflow_templates.py
[2026-09-18T13:28:40.773+0700] {processor.py:914} INFO - Processing file /Users/andreasanditya/Downloads/572392_Andreas_AirflowETL/code/.venv/lib/python3.9/site-packages/airflow/example_dags/tutorial_taskflow_templates.py for tasks to queue
[2026-09-18T13:28:40.774+0700] {logging_mixin.py:190} INFO - [2026-09-18T13:28:40.774+0700] {dagbag.py:588} INFO - Filling up the DagBag from /Users/andreasanditya/Downloads/572392_Andreas_AirflowETL/code/.venv/lib/python3.9/site-packages/airflow/example_dags/tutorial_taskflow_templates.py
[2026-09-18T13:28:40.824+0700] {processor.py:925} INFO - DAG(s) 'tutorial_taskflow_templates' retrieved from /Users/andreasanditya/Downloads/572392_Andreas_AirflowETL/code/.venv/lib/python3.9/site-packages/airflow/example_dags/tutorial_taskflow_templates.py
[2026-09-18T13:28:40.883+0700] {logging_mixin.py:190} INFO - [2026-09-18T13:28:40.882+0700] {dag.py:3239} INFO - Sync 1 DAGs
[2026-09-18T13:28:40.893+0700] {logging_mixin.py:190} INFO - [2026-09-18T13:28:40.893+0700] {dag.py:4180} INFO - Setting next_dagrun for tutorial_taskflow_templates to 2026-09-17 00:00:00+00:00, run_after=2026-09-18 00:00:00+00:00
[2026-09-18T13:28:40.907+0700] {processor.py:208} INFO - Processing /Users/andreasanditya/Downloads/572392_Andreas_AirflowETL/code/.venv/lib/python3.9/site-packages/airflow/example_dags/tutorial_taskflow_templates.py took 0.138 seconds
[2026-09-18T13:30:11.688+0700] {processor.py:186} INFO - Started process (PID=96194) to work on /Users/andreasanditya/Downloads/572392_Andreas_AirflowETL/code/.venv/lib/python3.9/site-packages/airflow/example_dags/tutorial_taskflow_templates.py
[2026-09-18T13:30:11.689+0700] {processor.py:914} INFO - Processing file /Users/andreasanditya/Downloads/572392_Andreas_AirflowETL/code/.venv/lib/python3.9/site-packages/airflow/example_dags/tutorial_taskflow_templates.py for tasks to queue
[2026-09-18T13:30:11.690+0700] {logging_mixin.py:190} INFO - [2026-09-18T13:30:11.690+0700] {dagbag.py:588} INFO - Filling up the DagBag from /Users/andreasanditya/Downloads/572392_Andreas_AirflowETL/code/.venv/lib/python3.9/site-packages/airflow/example_dags/tutorial_taskflow_templates.py
[2026-09-18T13:30:11.749+0700] {processor.py:925} INFO - DAG(s) 'tutorial_taskflow_templates' retrieved from /Users/andreasanditya/Downloads/572392_Andreas_AirflowETL/code/.venv/lib/python3.9/site-packages/airflow/example_dags/tutorial_taskflow_templates.py
[2026-09-18T13:30:11.810+0700] {logging_mixin.py:190} INFO - [2026-09-18T13:30:11.810+0700] {dag.py:3239} INFO - Sync 1 DAGs
[2026-09-18T13:30:11.821+0700] {logging_mixin.py:190} INFO - [2026-09-18T13:30:11.820+0700] {dag.py:4180} INFO - Setting next_dagrun for tutorial_taskflow_templates to 2026-09-17 00:00:00+00:00, run_after=2026-09-18 00:00:00+00:00
[2026-09-18T13:30:11.832+0700] {processor.py:208} INFO - Processing /Users/andreasanditya/Downloads/572392_Andreas_AirflowETL/code/.venv/lib/python3.9/site-packages/airflow/example_dags/tutorial_taskflow_templates.py took 0.146 seconds
[2026-09-18T13:31:42.207+0700] {processor.py:186} INFO - Started process (PID=97138) to work on /Users/andreasanditya/Downloads/572392_Andreas_AirflowETL/code/.venv/lib/python3.9/site-packages/airflow/example_dags/tutorial_taskflow_templates.py
[2026-09-18T13:31:42.208+0700] {processor.py:914} INFO - Processing file /Users/andreasanditya/Downloads/572392_Andreas_AirflowETL/code/.venv/lib/python3.9/site-packages/airflow/example_dags/tutorial_taskflow_templates.py for tasks to queue
[2026-09-18T13:31:42.209+0700] {logging_mixin.py:190} INFO - [2026-09-18T13:31:42.209+0700] {dagbag.py:588} INFO - Filling up the DagBag from /Users/andreasanditya/Downloads/572392_Andreas_AirflowETL/code/.venv/lib/python3.9/site-packages/airflow/example_dags/tutorial_taskflow_templates.py
[2026-09-18T13:31:42.264+0700] {processor.py:925} INFO - DAG(s) 'tutorial_taskflow_templates' retrieved from /Users/andreasanditya/Downloads/572392_Andreas_AirflowETL/code/.venv/lib/python3.9/site-packages/airflow/example_dags/tutorial_taskflow_templates.py
[2026-09-18T13:31:42.328+0700] {logging_mixin.py:190} INFO - [2026-09-18T13:31:42.328+0700] {dag.py:3239} INFO - Sync 1 DAGs
[2026-09-18T13:31:42.339+0700] {logging_mixin.py:190} INFO - [2026-09-18T13:31:42.339+0700] {dag.py:4180} INFO - Setting next_dagrun for tutorial_taskflow_templates to 2026-09-17 00:00:00+00:00, run_after=2026-09-18 00:00:00+00:00
[2026-09-18T13:31:42.349+0700] {processor.py:208} INFO - Processing /Users/andreasanditya/Downloads/572392_Andreas_AirflowETL/code/.venv/lib/python3.9/site-packages/airflow/example_dags/tutorial_taskflow_templates.py took 0.144 seconds
[2026-09-18T13:33:09.018+0700] {processor.py:186} INFO - Started process (PID=98027) to work on /Users/andreasanditya/Downloads/572392_Andreas_AirflowETL/code/.venv/lib/python3.9/site-packages/airflow/example_dags/tutorial_taskflow_templates.py
[2026-09-18T13:33:09.020+0700] {processor.py:914} INFO - Processing file /Users/andreasanditya/Downloads/572392_Andreas_AirflowETL/code/.venv/lib/python3.9/site-packages/airflow/example_dags/tutorial_taskflow_templates.py for tasks to queue
[2026-09-18T13:33:09.020+0700] {logging_mixin.py:190} INFO - [2026-09-18T13:33:09.020+0700] {dagbag.py:588} INFO - Filling up the DagBag from /Users/andreasanditya/Downloads/572392_Andreas_AirflowETL/code/.venv/lib/python3.9/site-packages/airflow/example_dags/tutorial_taskflow_templates.py
[2026-09-18T13:33:09.076+0700] {processor.py:925} INFO - DAG(s) 'tutorial_taskflow_templates' retrieved from /Users/andreasanditya/Downloads/572392_Andreas_AirflowETL/code/.venv/lib/python3.9/site-packages/airflow/example_dags/tutorial_taskflow_templates.py
[2026-09-18T13:33:09.136+0700] {logging_mixin.py:190} INFO - [2026-09-18T13:33:09.136+0700] {dag.py:3239} INFO - Sync 1 DAGs
[2026-09-18T13:33:09.148+0700] {logging_mixin.py:190} INFO - [2026-09-18T13:33:09.148+0700] {dag.py:4180} INFO - Setting next_dagrun for tutorial_taskflow_templates to 2026-09-17 00:00:00+00:00, run_after=2026-09-18 00:00:00+00:00
[2026-09-18T13:33:09.159+0700] {processor.py:208} INFO - Processing /Users/andreasanditya/Downloads/572392_Andreas_AirflowETL/code/.venv/lib/python3.9/site-packages/airflow/example_dags/tutorial_taskflow_templates.py took 0.144 seconds
[2026-09-18T13:34:35.548+0700] {processor.py:186} INFO - Started process (PID=98945) to work on /Users/andreasanditya/Downloads/572392_Andreas_AirflowETL/code/.venv/lib/python3.9/site-packages/airflow/example_dags/tutorial_taskflow_templates.py
[2026-09-18T13:34:35.549+0700] {processor.py:914} INFO - Processing file /Users/andreasanditya/Downloads/572392_Andreas_AirflowETL/code/.venv/lib/python3.9/site-packages/airflow/example_dags/tutorial_taskflow_templates.py for tasks to queue
[2026-09-18T13:34:35.550+0700] {logging_mixin.py:190} INFO - [2026-09-18T13:34:35.550+0700] {dagbag.py:588} INFO - Filling up the DagBag from /Users/andreasanditya/Downloads/572392_Andreas_AirflowETL/code/.venv/lib/python3.9/site-packages/airflow/example_dags/tutorial_taskflow_templates.py
[2026-09-18T13:34:35.605+0700] {processor.py:925} INFO - DAG(s) 'tutorial_taskflow_templates' retrieved from /Users/andreasanditya/Downloads/572392_Andreas_AirflowETL/code/.venv/lib/python3.9/site-packages/airflow/example_dags/tutorial_taskflow_templates.py
[2026-09-18T13:34:35.665+0700] {logging_mixin.py:190} INFO - [2026-09-18T13:34:35.665+0700] {dag.py:3239} INFO - Sync 1 DAGs
[2026-09-18T13:34:35.676+0700] {logging_mixin.py:190} INFO - [2026-09-18T13:34:35.676+0700] {dag.py:4180} INFO - Setting next_dagrun for tutorial_taskflow_templates to 2026-09-17 00:00:00+00:00, run_after=2026-09-18 00:00:00+00:00
[2026-09-18T13:34:35.687+0700] {processor.py:208} INFO - Processing /Users/andreasanditya/Downloads/572392_Andreas_AirflowETL/code/.venv/lib/python3.9/site-packages/airflow/example_dags/tutorial_taskflow_templates.py took 0.141 seconds
[2026-09-18T13:36:03.965+0700] {processor.py:186} INFO - Started process (PID=99888) to work on /Users/andreasanditya/Downloads/572392_Andreas_AirflowETL/code/.venv/lib/python3.9/site-packages/airflow/example_dags/tutorial_taskflow_templates.py
[2026-09-18T13:36:03.966+0700] {processor.py:914} INFO - Processing file /Users/andreasanditya/Downloads/572392_Andreas_AirflowETL/code/.venv/lib/python3.9/site-packages/airflow/example_dags/tutorial_taskflow_templates.py for tasks to queue
[2026-09-18T13:36:03.966+0700] {logging_mixin.py:190} INFO - [2026-09-18T13:36:03.966+0700] {dagbag.py:588} INFO - Filling up the DagBag from /Users/andreasanditya/Downloads/572392_Andreas_AirflowETL/code/.venv/lib/python3.9/site-packages/airflow/example_dags/tutorial_taskflow_templates.py
[2026-09-18T13:36:04.021+0700] {processor.py:925} INFO - DAG(s) 'tutorial_taskflow_templates' retrieved from /Users/andreasanditya/Downloads/572392_Andreas_AirflowETL/code/.venv/lib/python3.9/site-packages/airflow/example_dags/tutorial_taskflow_templates.py
[2026-09-18T13:36:04.081+0700] {logging_mixin.py:190} INFO - [2026-09-18T13:36:04.081+0700] {dag.py:3239} INFO - Sync 1 DAGs
[2026-09-18T13:36:04.091+0700] {logging_mixin.py:190} INFO - [2026-09-18T13:36:04.091+0700] {dag.py:4180} INFO - Setting next_dagrun for tutorial_taskflow_templates to 2026-09-17 00:00:00+00:00, run_after=2026-09-18 00:00:00+00:00
[2026-09-18T13:36:04.103+0700] {processor.py:208} INFO - Processing /Users/andreasanditya/Downloads/572392_Andreas_AirflowETL/code/.venv/lib/python3.9/site-packages/airflow/example_dags/tutorial_taskflow_templates.py took 0.140 seconds
[2026-09-18T13:37:30.988+0700] {processor.py:186} INFO - Started process (PID=988) to work on /Users/andreasanditya/Downloads/572392_Andreas_AirflowETL/code/.venv/lib/python3.9/site-packages/airflow/example_dags/tutorial_taskflow_templates.py
[2026-09-18T13:37:30.990+0700] {processor.py:914} INFO - Processing file /Users/andreasanditya/Downloads/572392_Andreas_AirflowETL/code/.venv/lib/python3.9/site-packages/airflow/example_dags/tutorial_taskflow_templates.py for tasks to queue
[2026-09-18T13:37:30.991+0700] {logging_mixin.py:190} INFO - [2026-09-18T13:37:30.991+0700] {dagbag.py:588} INFO - Filling up the DagBag from /Users/andreasanditya/Downloads/572392_Andreas_AirflowETL/code/.venv/lib/python3.9/site-packages/airflow/example_dags/tutorial_taskflow_templates.py
[2026-09-18T13:37:31.052+0700] {processor.py:925} INFO - DAG(s) 'tutorial_taskflow_templates' retrieved from /Users/andreasanditya/Downloads/572392_Andreas_AirflowETL/code/.venv/lib/python3.9/site-packages/airflow/example_dags/tutorial_taskflow_templates.py
[2026-09-18T13:37:31.118+0700] {logging_mixin.py:190} INFO - [2026-09-18T13:37:31.118+0700] {dag.py:3239} INFO - Sync 1 DAGs
[2026-09-18T13:37:31.130+0700] {logging_mixin.py:190} INFO - [2026-09-18T13:37:31.130+0700] {dag.py:4180} INFO - Setting next_dagrun for tutorial_taskflow_templates to 2026-09-17 00:00:00+00:00, run_after=2026-09-18 00:00:00+00:00
[2026-09-18T13:37:31.142+0700] {processor.py:208} INFO - Processing /Users/andreasanditya/Downloads/572392_Andreas_AirflowETL/code/.venv/lib/python3.9/site-packages/airflow/example_dags/tutorial_taskflow_templates.py took 0.156 seconds
[2026-09-18T13:38:57.836+0700] {processor.py:186} INFO - Started process (PID=2063) to work on /Users/andreasanditya/Downloads/572392_Andreas_AirflowETL/code/.venv/lib/python3.9/site-packages/airflow/example_dags/tutorial_taskflow_templates.py
[2026-09-18T13:38:57.837+0700] {processor.py:914} INFO - Processing file /Users/andreasanditya/Downloads/572392_Andreas_AirflowETL/code/.venv/lib/python3.9/site-packages/airflow/example_dags/tutorial_taskflow_templates.py for tasks to queue
[2026-09-18T13:38:57.838+0700] {logging_mixin.py:190} INFO - [2026-09-18T13:38:57.838+0700] {dagbag.py:588} INFO - Filling up the DagBag from /Users/andreasanditya/Downloads/572392_Andreas_AirflowETL/code/.venv/lib/python3.9/site-packages/airflow/example_dags/tutorial_taskflow_templates.py
[2026-09-18T13:38:57.894+0700] {processor.py:925} INFO - DAG(s) 'tutorial_taskflow_templates' retrieved from /Users/andreasanditya/Downloads/572392_Andreas_AirflowETL/code/.venv/lib/python3.9/site-packages/airflow/example_dags/tutorial_taskflow_templates.py
[2026-09-18T13:38:57.955+0700] {logging_mixin.py:190} INFO - [2026-09-18T13:38:57.955+0700] {dag.py:3239} INFO - Sync 1 DAGs
[2026-09-18T13:38:57.965+0700] {logging_mixin.py:190} INFO - [2026-09-18T13:38:57.965+0700] {dag.py:4180} INFO - Setting next_dagrun for tutorial_taskflow_templates to 2026-09-17 00:00:00+00:00, run_after=2026-09-18 00:00:00+00:00
[2026-09-18T13:38:57.975+0700] {processor.py:208} INFO - Processing /Users/andreasanditya/Downloads/572392_Andreas_AirflowETL/code/.venv/lib/python3.9/site-packages/airflow/example_dags/tutorial_taskflow_templates.py took 0.141 seconds
[2026-09-18T13:40:25.011+0700] {processor.py:186} INFO - Started process (PID=3687) to work on /Users/andreasanditya/Downloads/572392_Andreas_AirflowETL/code/.venv/lib/python3.9/site-packages/airflow/example_dags/tutorial_taskflow_templates.py
[2026-09-18T13:40:25.012+0700] {processor.py:914} INFO - Processing file /Users/andreasanditya/Downloads/572392_Andreas_AirflowETL/code/.venv/lib/python3.9/site-packages/airflow/example_dags/tutorial_taskflow_templates.py for tasks to queue
[2026-09-18T13:40:25.013+0700] {logging_mixin.py:190} INFO - [2026-09-18T13:40:25.013+0700] {dagbag.py:588} INFO - Filling up the DagBag from /Users/andreasanditya/Downloads/572392_Andreas_AirflowETL/code/.venv/lib/python3.9/site-packages/airflow/example_dags/tutorial_taskflow_templates.py
[2026-09-18T13:40:25.070+0700] {processor.py:925} INFO - DAG(s) 'tutorial_taskflow_templates' retrieved from /Users/andreasanditya/Downloads/572392_Andreas_AirflowETL/code/.venv/lib/python3.9/site-packages/airflow/example_dags/tutorial_taskflow_templates.py
[2026-09-18T13:40:25.132+0700] {logging_mixin.py:190} INFO - [2026-09-18T13:40:25.132+0700] {dag.py:3239} INFO - Sync 1 DAGs
[2026-09-18T13:40:25.143+0700] {logging_mixin.py:190} INFO - [2026-09-18T13:40:25.142+0700] {dag.py:4180} INFO - Setting next_dagrun for tutorial_taskflow_templates to 2026-09-17 00:00:00+00:00, run_after=2026-09-18 00:00:00+00:00
[2026-09-18T13:40:25.153+0700] {processor.py:208} INFO - Processing /Users/andreasanditya/Downloads/572392_Andreas_AirflowETL/code/.venv/lib/python3.9/site-packages/airflow/example_dags/tutorial_taskflow_templates.py took 0.144 seconds
[2026-09-18T13:41:51.700+0700] {processor.py:186} INFO - Started process (PID=4615) to work on /Users/andreasanditya/Downloads/572392_Andreas_AirflowETL/code/.venv/lib/python3.9/site-packages/airflow/example_dags/tutorial_taskflow_templates.py
[2026-09-18T13:41:51.701+0700] {processor.py:914} INFO - Processing file /Users/andreasanditya/Downloads/572392_Andreas_AirflowETL/code/.venv/lib/python3.9/site-packages/airflow/example_dags/tutorial_taskflow_templates.py for tasks to queue
[2026-09-18T13:41:51.702+0700] {logging_mixin.py:190} INFO - [2026-09-18T13:41:51.702+0700] {dagbag.py:588} INFO - Filling up the DagBag from /Users/andreasanditya/Downloads/572392_Andreas_AirflowETL/code/.venv/lib/python3.9/site-packages/airflow/example_dags/tutorial_taskflow_templates.py
[2026-09-18T13:41:51.760+0700] {processor.py:925} INFO - DAG(s) 'tutorial_taskflow_templates' retrieved from /Users/andreasanditya/Downloads/572392_Andreas_AirflowETL/code/.venv/lib/python3.9/site-packages/airflow/example_dags/tutorial_taskflow_templates.py
[2026-09-18T13:41:51.820+0700] {logging_mixin.py:190} INFO - [2026-09-18T13:41:51.820+0700] {dag.py:3239} INFO - Sync 1 DAGs
[2026-09-18T13:41:51.831+0700] {logging_mixin.py:190} INFO - [2026-09-18T13:41:51.831+0700] {dag.py:4180} INFO - Setting next_dagrun for tutorial_taskflow_templates to 2026-09-17 00:00:00+00:00, run_after=2026-09-18 00:00:00+00:00
[2026-09-18T13:41:51.841+0700] {processor.py:208} INFO - Processing /Users/andreasanditya/Downloads/572392_Andreas_AirflowETL/code/.venv/lib/python3.9/site-packages/airflow/example_dags/tutorial_taskflow_templates.py took 0.143 seconds
[2026-09-18T13:43:19.891+0700] {processor.py:186} INFO - Started process (PID=5542) to work on /Users/andreasanditya/Downloads/572392_Andreas_AirflowETL/code/.venv/lib/python3.9/site-packages/airflow/example_dags/tutorial_taskflow_templates.py
[2026-09-18T13:43:19.893+0700] {processor.py:914} INFO - Processing file /Users/andreasanditya/Downloads/572392_Andreas_AirflowETL/code/.venv/lib/python3.9/site-packages/airflow/example_dags/tutorial_taskflow_templates.py for tasks to queue
[2026-09-18T13:43:19.894+0700] {logging_mixin.py:190} INFO - [2026-09-18T13:43:19.894+0700] {dagbag.py:588} INFO - Filling up the DagBag from /Users/andreasanditya/Downloads/572392_Andreas_AirflowETL/code/.venv/lib/python3.9/site-packages/airflow/example_dags/tutorial_taskflow_templates.py
[2026-09-18T13:43:19.944+0700] {processor.py:925} INFO - DAG(s) 'tutorial_taskflow_templates' retrieved from /Users/andreasanditya/Downloads/572392_Andreas_AirflowETL/code/.venv/lib/python3.9/site-packages/airflow/example_dags/tutorial_taskflow_templates.py
[2026-09-18T13:43:20.004+0700] {logging_mixin.py:190} INFO - [2026-09-18T13:43:20.004+0700] {dag.py:3239} INFO - Sync 1 DAGs
[2026-09-18T13:43:20.015+0700] {logging_mixin.py:190} INFO - [2026-09-18T13:43:20.014+0700] {dag.py:4180} INFO - Setting next_dagrun for tutorial_taskflow_templates to 2026-09-17 00:00:00+00:00, run_after=2026-09-18 00:00:00+00:00
[2026-09-18T13:43:20.025+0700] {processor.py:208} INFO - Processing /Users/andreasanditya/Downloads/572392_Andreas_AirflowETL/code/.venv/lib/python3.9/site-packages/airflow/example_dags/tutorial_taskflow_templates.py took 0.136 seconds
[2026-09-18T13:44:47.214+0700] {processor.py:186} INFO - Started process (PID=6380) to work on /Users/andreasanditya/Downloads/572392_Andreas_AirflowETL/code/.venv/lib/python3.9/site-packages/airflow/example_dags/tutorial_taskflow_templates.py
[2026-09-18T13:44:47.215+0700] {processor.py:914} INFO - Processing file /Users/andreasanditya/Downloads/572392_Andreas_AirflowETL/code/.venv/lib/python3.9/site-packages/airflow/example_dags/tutorial_taskflow_templates.py for tasks to queue
[2026-09-18T13:44:47.216+0700] {logging_mixin.py:190} INFO - [2026-09-18T13:44:47.216+0700] {dagbag.py:588} INFO - Filling up the DagBag from /Users/andreasanditya/Downloads/572392_Andreas_AirflowETL/code/.venv/lib/python3.9/site-packages/airflow/example_dags/tutorial_taskflow_templates.py
[2026-09-18T13:44:47.272+0700] {processor.py:925} INFO - DAG(s) 'tutorial_taskflow_templates' retrieved from /Users/andreasanditya/Downloads/572392_Andreas_AirflowETL/code/.venv/lib/python3.9/site-packages/airflow/example_dags/tutorial_taskflow_templates.py
[2026-09-18T13:44:47.364+0700] {logging_mixin.py:190} INFO - [2026-09-18T13:44:47.364+0700] {dag.py:3239} INFO - Sync 1 DAGs
[2026-09-18T13:44:47.377+0700] {logging_mixin.py:190} INFO - [2026-09-18T13:44:47.377+0700] {dag.py:4180} INFO - Setting next_dagrun for tutorial_taskflow_templates to 2026-09-17 00:00:00+00:00, run_after=2026-09-18 00:00:00+00:00
[2026-09-18T13:44:47.388+0700] {processor.py:208} INFO - Processing /Users/andreasanditya/Downloads/572392_Andreas_AirflowETL/code/.venv/lib/python3.9/site-packages/airflow/example_dags/tutorial_taskflow_templates.py took 0.176 seconds
[2026-09-18T13:46:20.999+0700] {processor.py:186} INFO - Started process (PID=7412) to work on /Users/andreasanditya/Downloads/572392_Andreas_AirflowETL/code/.venv/lib/python3.9/site-packages/airflow/example_dags/tutorial_taskflow_templates.py
[2026-09-18T13:46:21.000+0700] {processor.py:914} INFO - Processing file /Users/andreasanditya/Downloads/572392_Andreas_AirflowETL/code/.venv/lib/python3.9/site-packages/airflow/example_dags/tutorial_taskflow_templates.py for tasks to queue
[2026-09-18T13:46:21.001+0700] {logging_mixin.py:190} INFO - [2026-09-18T13:46:21.001+0700] {dagbag.py:588} INFO - Filling up the DagBag from /Users/andreasanditya/Downloads/572392_Andreas_AirflowETL/code/.venv/lib/python3.9/site-packages/airflow/example_dags/tutorial_taskflow_templates.py
[2026-09-18T13:46:21.056+0700] {processor.py:925} INFO - DAG(s) 'tutorial_taskflow_templates' retrieved from /Users/andreasanditya/Downloads/572392_Andreas_AirflowETL/code/.venv/lib/python3.9/site-packages/airflow/example_dags/tutorial_taskflow_templates.py
[2026-09-18T13:46:21.119+0700] {logging_mixin.py:190} INFO - [2026-09-18T13:46:21.119+0700] {dag.py:3239} INFO - Sync 1 DAGs
[2026-09-18T13:46:21.131+0700] {logging_mixin.py:190} INFO - [2026-09-18T13:46:21.131+0700] {dag.py:4180} INFO - Setting next_dagrun for tutorial_taskflow_templates to 2026-09-17 00:00:00+00:00, run_after=2026-09-18 00:00:00+00:00
[2026-09-18T13:46:21.146+0700] {processor.py:208} INFO - Processing /Users/andreasanditya/Downloads/572392_Andreas_AirflowETL/code/.venv/lib/python3.9/site-packages/airflow/example_dags/tutorial_taskflow_templates.py took 0.149 seconds
[2026-09-18T13:47:46.474+0700] {processor.py:186} INFO - Started process (PID=8251) to work on /Users/andreasanditya/Downloads/572392_Andreas_AirflowETL/code/.venv/lib/python3.9/site-packages/airflow/example_dags/tutorial_taskflow_templates.py
[2026-09-18T13:47:46.475+0700] {processor.py:914} INFO - Processing file /Users/andreasanditya/Downloads/572392_Andreas_AirflowETL/code/.venv/lib/python3.9/site-packages/airflow/example_dags/tutorial_taskflow_templates.py for tasks to queue
[2026-09-18T13:47:46.476+0700] {logging_mixin.py:190} INFO - [2026-09-18T13:47:46.476+0700] {dagbag.py:588} INFO - Filling up the DagBag from /Users/andreasanditya/Downloads/572392_Andreas_AirflowETL/code/.venv/lib/python3.9/site-packages/airflow/example_dags/tutorial_taskflow_templates.py
[2026-09-18T13:47:46.538+0700] {processor.py:925} INFO - DAG(s) 'tutorial_taskflow_templates' retrieved from /Users/andreasanditya/Downloads/572392_Andreas_AirflowETL/code/.venv/lib/python3.9/site-packages/airflow/example_dags/tutorial_taskflow_templates.py
[2026-09-18T13:47:46.600+0700] {logging_mixin.py:190} INFO - [2026-09-18T13:47:46.600+0700] {dag.py:3239} INFO - Sync 1 DAGs
[2026-09-18T13:47:46.610+0700] {logging_mixin.py:190} INFO - [2026-09-18T13:47:46.610+0700] {dag.py:4180} INFO - Setting next_dagrun for tutorial_taskflow_templates to 2026-09-17 00:00:00+00:00, run_after=2026-09-18 00:00:00+00:00
[2026-09-18T13:47:46.621+0700] {processor.py:208} INFO - Processing /Users/andreasanditya/Downloads/572392_Andreas_AirflowETL/code/.venv/lib/python3.9/site-packages/airflow/example_dags/tutorial_taskflow_templates.py took 0.149 seconds
[2026-09-18T13:49:16.375+0700] {processor.py:186} INFO - Started process (PID=9333) to work on /Users/andreasanditya/Downloads/572392_Andreas_AirflowETL/code/.venv/lib/python3.9/site-packages/airflow/example_dags/tutorial_taskflow_templates.py
[2026-09-18T13:49:16.378+0700] {processor.py:914} INFO - Processing file /Users/andreasanditya/Downloads/572392_Andreas_AirflowETL/code/.venv/lib/python3.9/site-packages/airflow/example_dags/tutorial_taskflow_templates.py for tasks to queue
[2026-09-18T13:49:16.379+0700] {logging_mixin.py:190} INFO - [2026-09-18T13:49:16.379+0700] {dagbag.py:588} INFO - Filling up the DagBag from /Users/andreasanditya/Downloads/572392_Andreas_AirflowETL/code/.venv/lib/python3.9/site-packages/airflow/example_dags/tutorial_taskflow_templates.py
[2026-09-18T13:49:16.441+0700] {processor.py:925} INFO - DAG(s) 'tutorial_taskflow_templates' retrieved from /Users/andreasanditya/Downloads/572392_Andreas_AirflowETL/code/.venv/lib/python3.9/site-packages/airflow/example_dags/tutorial_taskflow_templates.py
[2026-09-18T13:49:16.506+0700] {logging_mixin.py:190} INFO - [2026-09-18T13:49:16.505+0700] {dag.py:3239} INFO - Sync 1 DAGs
[2026-09-18T13:49:16.517+0700] {logging_mixin.py:190} INFO - [2026-09-18T13:49:16.517+0700] {dag.py:4180} INFO - Setting next_dagrun for tutorial_taskflow_templates to 2026-09-17 00:00:00+00:00, run_after=2026-09-18 00:00:00+00:00
[2026-09-18T13:49:16.532+0700] {processor.py:208} INFO - Processing /Users/andreasanditya/Downloads/572392_Andreas_AirflowETL/code/.venv/lib/python3.9/site-packages/airflow/example_dags/tutorial_taskflow_templates.py took 0.160 seconds
[2026-09-18T13:50:44.126+0700] {processor.py:186} INFO - Started process (PID=10494) to work on /Users/andreasanditya/Downloads/572392_Andreas_AirflowETL/code/.venv/lib/python3.9/site-packages/airflow/example_dags/tutorial_taskflow_templates.py
[2026-09-18T13:50:44.127+0700] {processor.py:914} INFO - Processing file /Users/andreasanditya/Downloads/572392_Andreas_AirflowETL/code/.venv/lib/python3.9/site-packages/airflow/example_dags/tutorial_taskflow_templates.py for tasks to queue
[2026-09-18T13:50:44.128+0700] {logging_mixin.py:190} INFO - [2026-09-18T13:50:44.128+0700] {dagbag.py:588} INFO - Filling up the DagBag from /Users/andreasanditya/Downloads/572392_Andreas_AirflowETL/code/.venv/lib/python3.9/site-packages/airflow/example_dags/tutorial_taskflow_templates.py
[2026-09-18T13:50:44.190+0700] {processor.py:925} INFO - DAG(s) 'tutorial_taskflow_templates' retrieved from /Users/andreasanditya/Downloads/572392_Andreas_AirflowETL/code/.venv/lib/python3.9/site-packages/airflow/example_dags/tutorial_taskflow_templates.py
[2026-09-18T13:50:44.254+0700] {logging_mixin.py:190} INFO - [2026-09-18T13:50:44.254+0700] {dag.py:3239} INFO - Sync 1 DAGs
[2026-09-18T13:50:44.266+0700] {logging_mixin.py:190} INFO - [2026-09-18T13:50:44.265+0700] {dag.py:4180} INFO - Setting next_dagrun for tutorial_taskflow_templates to 2026-09-17 00:00:00+00:00, run_after=2026-09-18 00:00:00+00:00
[2026-09-18T13:50:44.276+0700] {processor.py:208} INFO - Processing /Users/andreasanditya/Downloads/572392_Andreas_AirflowETL/code/.venv/lib/python3.9/site-packages/airflow/example_dags/tutorial_taskflow_templates.py took 0.153 seconds
[2026-09-18T13:52:13.477+0700] {processor.py:186} INFO - Started process (PID=11477) to work on /Users/andreasanditya/Downloads/572392_Andreas_AirflowETL/code/.venv/lib/python3.9/site-packages/airflow/example_dags/tutorial_taskflow_templates.py
[2026-09-18T13:52:13.479+0700] {processor.py:914} INFO - Processing file /Users/andreasanditya/Downloads/572392_Andreas_AirflowETL/code/.venv/lib/python3.9/site-packages/airflow/example_dags/tutorial_taskflow_templates.py for tasks to queue
[2026-09-18T13:52:13.479+0700] {logging_mixin.py:190} INFO - [2026-09-18T13:52:13.479+0700] {dagbag.py:588} INFO - Filling up the DagBag from /Users/andreasanditya/Downloads/572392_Andreas_AirflowETL/code/.venv/lib/python3.9/site-packages/airflow/example_dags/tutorial_taskflow_templates.py
[2026-09-18T13:52:13.537+0700] {processor.py:925} INFO - DAG(s) 'tutorial_taskflow_templates' retrieved from /Users/andreasanditya/Downloads/572392_Andreas_AirflowETL/code/.venv/lib/python3.9/site-packages/airflow/example_dags/tutorial_taskflow_templates.py
[2026-09-18T13:52:13.599+0700] {logging_mixin.py:190} INFO - [2026-09-18T13:52:13.599+0700] {dag.py:3239} INFO - Sync 1 DAGs
[2026-09-18T13:52:13.611+0700] {logging_mixin.py:190} INFO - [2026-09-18T13:52:13.610+0700] {dag.py:4180} INFO - Setting next_dagrun for tutorial_taskflow_templates to 2026-09-17 00:00:00+00:00, run_after=2026-09-18 00:00:00+00:00
[2026-09-18T13:52:13.622+0700] {processor.py:208} INFO - Processing /Users/andreasanditya/Downloads/572392_Andreas_AirflowETL/code/.venv/lib/python3.9/site-packages/airflow/example_dags/tutorial_taskflow_templates.py took 0.146 seconds
[2026-09-18T13:53:39.664+0700] {processor.py:186} INFO - Started process (PID=12442) to work on /Users/andreasanditya/Downloads/572392_Andreas_AirflowETL/code/.venv/lib/python3.9/site-packages/airflow/example_dags/tutorial_taskflow_templates.py
[2026-09-18T13:53:39.665+0700] {processor.py:914} INFO - Processing file /Users/andreasanditya/Downloads/572392_Andreas_AirflowETL/code/.venv/lib/python3.9/site-packages/airflow/example_dags/tutorial_taskflow_templates.py for tasks to queue
[2026-09-18T13:53:39.666+0700] {logging_mixin.py:190} INFO - [2026-09-18T13:53:39.666+0700] {dagbag.py:588} INFO - Filling up the DagBag from /Users/andreasanditya/Downloads/572392_Andreas_AirflowETL/code/.venv/lib/python3.9/site-packages/airflow/example_dags/tutorial_taskflow_templates.py
[2026-09-18T13:53:39.723+0700] {processor.py:925} INFO - DAG(s) 'tutorial_taskflow_templates' retrieved from /Users/andreasanditya/Downloads/572392_Andreas_AirflowETL/code/.venv/lib/python3.9/site-packages/airflow/example_dags/tutorial_taskflow_templates.py
[2026-09-18T13:53:39.784+0700] {logging_mixin.py:190} INFO - [2026-09-18T13:53:39.784+0700] {dag.py:3239} INFO - Sync 1 DAGs
[2026-09-18T13:53:39.795+0700] {logging_mixin.py:190} INFO - [2026-09-18T13:53:39.794+0700] {dag.py:4180} INFO - Setting next_dagrun for tutorial_taskflow_templates to 2026-09-17 00:00:00+00:00, run_after=2026-09-18 00:00:00+00:00
[2026-09-18T13:53:39.806+0700] {processor.py:208} INFO - Processing /Users/andreasanditya/Downloads/572392_Andreas_AirflowETL/code/.venv/lib/python3.9/site-packages/airflow/example_dags/tutorial_taskflow_templates.py took 0.144 seconds
[2026-09-18T13:55:06.515+0700] {processor.py:186} INFO - Started process (PID=13634) to work on /Users/andreasanditya/Downloads/572392_Andreas_AirflowETL/code/.venv/lib/python3.9/site-packages/airflow/example_dags/tutorial_taskflow_templates.py
[2026-09-18T13:55:06.517+0700] {processor.py:914} INFO - Processing file /Users/andreasanditya/Downloads/572392_Andreas_AirflowETL/code/.venv/lib/python3.9/site-packages/airflow/example_dags/tutorial_taskflow_templates.py for tasks to queue
[2026-09-18T13:55:06.517+0700] {logging_mixin.py:190} INFO - [2026-09-18T13:55:06.517+0700] {dagbag.py:588} INFO - Filling up the DagBag from /Users/andreasanditya/Downloads/572392_Andreas_AirflowETL/code/.venv/lib/python3.9/site-packages/airflow/example_dags/tutorial_taskflow_templates.py
[2026-09-18T13:55:06.570+0700] {processor.py:925} INFO - DAG(s) 'tutorial_taskflow_templates' retrieved from /Users/andreasanditya/Downloads/572392_Andreas_AirflowETL/code/.venv/lib/python3.9/site-packages/airflow/example_dags/tutorial_taskflow_templates.py
[2026-09-18T13:55:06.630+0700] {logging_mixin.py:190} INFO - [2026-09-18T13:55:06.630+0700] {dag.py:3239} INFO - Sync 1 DAGs
[2026-09-18T13:55:06.641+0700] {logging_mixin.py:190} INFO - [2026-09-18T13:55:06.641+0700] {dag.py:4180} INFO - Setting next_dagrun for tutorial_taskflow_templates to 2026-09-17 00:00:00+00:00, run_after=2026-09-18 00:00:00+00:00
[2026-09-18T13:55:06.653+0700] {processor.py:208} INFO - Processing /Users/andreasanditya/Downloads/572392_Andreas_AirflowETL/code/.venv/lib/python3.9/site-packages/airflow/example_dags/tutorial_taskflow_templates.py took 0.140 seconds
