[2026-09-18T11:16:52.933+0700] {processor.py:186} INFO - Started process (PID=10342) to work on /Users/andreasanditya/Downloads/572392_Andreas_AirflowETL/code/.venv/lib/python3.9/site-packages/airflow/example_dags/tutorial.py
[2026-09-18T11:16:52.934+0700] {processor.py:914} INFO - Processing file /Users/andreasanditya/Downloads/572392_Andreas_AirflowETL/code/.venv/lib/python3.9/site-packages/airflow/example_dags/tutorial.py for tasks to queue
[2026-09-18T11:16:52.935+0700] {logging_mixin.py:190} INFO - [2026-09-18T11:16:52.935+0700] {dagbag.py:588} INFO - Filling up the DagBag from /Users/andreasanditya/Downloads/572392_Andreas_AirflowETL/code/.venv/lib/python3.9/site-packages/airflow/example_dags/tutorial.py
[2026-09-18T11:16:52.940+0700] {processor.py:925} INFO - DAG(s) 'tutorial' retrieved from /Users/andreasanditya/Downloads/572392_Andreas_AirflowETL/code/.venv/lib/python3.9/site-packages/airflow/example_dags/tutorial.py
[2026-09-18T11:16:53.081+0700] {logging_mixin.py:190} INFO - [2026-09-18T11:16:53.080+0700] {override.py:1912} INFO - Created Permission View: can edit on DAG:tutorial
[2026-09-18T11:16:53.085+0700] {logging_mixin.py:190} INFO - [2026-09-18T11:16:53.085+0700] {override.py:1912} INFO - Created Permission View: can delete on DAG:tutorial
[2026-09-18T11:16:53.088+0700] {logging_mixin.py:190} INFO - [2026-09-18T11:16:53.088+0700] {override.py:1912} INFO - Created Permission View: can read on DAG:tutorial
[2026-09-18T11:16:53.092+0700] {logging_mixin.py:190} INFO - [2026-09-18T11:16:53.092+0700] {override.py:1912} INFO - Created Permission View: can create on DAG Run:tutorial
[2026-09-18T11:16:53.095+0700] {logging_mixin.py:190} INFO - [2026-09-18T11:16:53.095+0700] {override.py:1912} INFO - Created Permission View: can delete on DAG Run:tutorial
[2026-09-18T11:16:53.098+0700] {logging_mixin.py:190} INFO - [2026-09-18T11:16:53.098+0700] {override.py:1912} INFO - Created Permission View: can read on DAG Run:tutorial
[2026-09-18T11:16:53.101+0700] {logging_mixin.py:190} INFO - [2026-09-18T11:16:53.101+0700] {override.py:1912} INFO - Created Permission View: menu access on DAG Run:tutorial
[2026-09-18T11:16:53.101+0700] {logging_mixin.py:190} INFO - [2026-09-18T11:16:53.101+0700] {dag.py:3239} INFO - Sync 1 DAGs
[2026-09-18T11:16:53.108+0700] {logging_mixin.py:190} INFO - [2026-09-18T11:16:53.108+0700] {dag.py:3262} INFO - Creating ORM DAG for tutorial
[2026-09-18T11:16:53.113+0700] {logging_mixin.py:190} INFO - [2026-09-18T11:16:53.113+0700] {dag.py:4180} INFO - Setting next_dagrun for tutorial to 2026-09-17 00:00:00+00:00, run_after=2026-09-18 00:00:00+00:00
[2026-09-18T11:16:53.123+0700] {processor.py:208} INFO - Processing /Users/andreasanditya/Downloads/572392_Andreas_AirflowETL/code/.venv/lib/python3.9/site-packages/airflow/example_dags/tutorial.py took 0.192 seconds
[2026-09-18T11:19:10.385+0700] {processor.py:186} INFO - Started process (PID=11756) to work on /Users/andreasanditya/Downloads/572392_Andreas_AirflowETL/code/.venv/lib/python3.9/site-packages/airflow/example_dags/tutorial.py
[2026-09-18T11:19:10.386+0700] {processor.py:914} INFO - Processing file /Users/andreasanditya/Downloads/572392_Andreas_AirflowETL/code/.venv/lib/python3.9/site-packages/airflow/example_dags/tutorial.py for tasks to queue
[2026-09-18T11:19:10.387+0700] {logging_mixin.py:190} INFO - [2026-09-18T11:19:10.387+0700] {dagbag.py:588} INFO - Filling up the DagBag from /Users/andreasanditya/Downloads/572392_Andreas_AirflowETL/code/.venv/lib/python3.9/site-packages/airflow/example_dags/tutorial.py
[2026-09-18T11:19:10.392+0700] {processor.py:925} INFO - DAG(s) 'tutorial' retrieved from /Users/andreasanditya/Downloads/572392_Andreas_AirflowETL/code/.venv/lib/python3.9/site-packages/airflow/example_dags/tutorial.py
[2026-09-18T11:19:10.497+0700] {logging_mixin.py:190} INFO - [2026-09-18T11:19:10.497+0700] {dag.py:3239} INFO - Sync 1 DAGs
[2026-09-18T11:19:10.510+0700] {logging_mixin.py:190} INFO - [2026-09-18T11:19:10.510+0700] {dag.py:4180} INFO - Setting next_dagrun for tutorial to 2026-09-17 00:00:00+00:00, run_after=2026-09-18 00:00:00+00:00
[2026-09-18T11:19:10.521+0700] {processor.py:208} INFO - Processing /Users/andreasanditya/Downloads/572392_Andreas_AirflowETL/code/.venv/lib/python3.9/site-packages/airflow/example_dags/tutorial.py took 0.138 seconds
[2026-09-18T11:20:43.029+0700] {processor.py:186} INFO - Started process (PID=12739) to work on /Users/andreasanditya/Downloads/572392_Andreas_AirflowETL/code/.venv/lib/python3.9/site-packages/airflow/example_dags/tutorial.py
[2026-09-18T11:20:43.031+0700] {processor.py:914} INFO - Processing file /Users/andreasanditya/Downloads/572392_Andreas_AirflowETL/code/.venv/lib/python3.9/site-packages/airflow/example_dags/tutorial.py for tasks to queue
[2026-09-18T11:20:43.032+0700] {logging_mixin.py:190} INFO - [2026-09-18T11:20:43.031+0700] {dagbag.py:588} INFO - Filling up the DagBag from /Users/andreasanditya/Downloads/572392_Andreas_AirflowETL/code/.venv/lib/python3.9/site-packages/airflow/example_dags/tutorial.py
[2026-09-18T11:20:43.038+0700] {processor.py:925} INFO - DAG(s) 'tutorial' retrieved from /Users/andreasanditya/Downloads/572392_Andreas_AirflowETL/code/.venv/lib/python3.9/site-packages/airflow/example_dags/tutorial.py
[2026-09-18T11:20:43.126+0700] {logging_mixin.py:190} INFO - [2026-09-18T11:20:43.126+0700] {dag.py:3239} INFO - Sync 1 DAGs
[2026-09-18T11:20:43.138+0700] {logging_mixin.py:190} INFO - [2026-09-18T11:20:43.138+0700] {dag.py:4180} INFO - Setting next_dagrun for tutorial to 2026-09-17 00:00:00+00:00, run_after=2026-09-18 00:00:00+00:00
[2026-09-18T11:20:43.148+0700] {processor.py:208} INFO - Processing /Users/andreasanditya/Downloads/572392_Andreas_AirflowETL/code/.venv/lib/python3.9/site-packages/airflow/example_dags/tutorial.py took 0.120 seconds
[2026-09-18T11:22:42.505+0700] {processor.py:186} INFO - Started process (PID=14052) to work on /Users/andreasanditya/Downloads/572392_Andreas_AirflowETL/code/.venv/lib/python3.9/site-packages/airflow/example_dags/tutorial.py
[2026-09-18T11:22:42.506+0700] {processor.py:914} INFO - Processing file /Users/andreasanditya/Downloads/572392_Andreas_AirflowETL/code/.venv/lib/python3.9/site-packages/airflow/example_dags/tutorial.py for tasks to queue
[2026-09-18T11:22:42.507+0700] {logging_mixin.py:190} INFO - [2026-09-18T11:22:42.507+0700] {dagbag.py:588} INFO - Filling up the DagBag from /Users/andreasanditya/Downloads/572392_Andreas_AirflowETL/code/.venv/lib/python3.9/site-packages/airflow/example_dags/tutorial.py
[2026-09-18T11:22:42.512+0700] {processor.py:925} INFO - DAG(s) 'tutorial' retrieved from /Users/andreasanditya/Downloads/572392_Andreas_AirflowETL/code/.venv/lib/python3.9/site-packages/airflow/example_dags/tutorial.py
[2026-09-18T11:22:42.612+0700] {logging_mixin.py:190} INFO - [2026-09-18T11:22:42.611+0700] {dag.py:3239} INFO - Sync 1 DAGs
[2026-09-18T11:22:42.623+0700] {logging_mixin.py:190} INFO - [2026-09-18T11:22:42.623+0700] {dag.py:4180} INFO - Setting next_dagrun for tutorial to 2026-09-17 00:00:00+00:00, run_after=2026-09-18 00:00:00+00:00
[2026-09-18T11:22:42.633+0700] {processor.py:208} INFO - Processing /Users/andreasanditya/Downloads/572392_Andreas_AirflowETL/code/.venv/lib/python3.9/site-packages/airflow/example_dags/tutorial.py took 0.130 seconds
[2026-09-18T11:24:08.202+0700] {processor.py:186} INFO - Started process (PID=15113) to work on /Users/andreasanditya/Downloads/572392_Andreas_AirflowETL/code/.venv/lib/python3.9/site-packages/airflow/example_dags/tutorial.py
[2026-09-18T11:24:08.203+0700] {processor.py:914} INFO - Processing file /Users/andreasanditya/Downloads/572392_Andreas_AirflowETL/code/.venv/lib/python3.9/site-packages/airflow/example_dags/tutorial.py for tasks to queue
[2026-09-18T11:24:08.203+0700] {logging_mixin.py:190} INFO - [2026-09-18T11:24:08.203+0700] {dagbag.py:588} INFO - Filling up the DagBag from /Users/andreasanditya/Downloads/572392_Andreas_AirflowETL/code/.venv/lib/python3.9/site-packages/airflow/example_dags/tutorial.py
[2026-09-18T11:24:08.208+0700] {processor.py:925} INFO - DAG(s) 'tutorial' retrieved from /Users/andreasanditya/Downloads/572392_Andreas_AirflowETL/code/.venv/lib/python3.9/site-packages/airflow/example_dags/tutorial.py
[2026-09-18T11:24:08.296+0700] {logging_mixin.py:190} INFO - [2026-09-18T11:24:08.295+0700] {dag.py:3239} INFO - Sync 1 DAGs
[2026-09-18T11:24:08.307+0700] {logging_mixin.py:190} INFO - [2026-09-18T11:24:08.306+0700] {dag.py:4180} INFO - Setting next_dagrun for tutorial to 2026-09-17 00:00:00+00:00, run_after=2026-09-18 00:00:00+00:00
[2026-09-18T11:24:08.316+0700] {processor.py:208} INFO - Processing /Users/andreasanditya/Downloads/572392_Andreas_AirflowETL/code/.venv/lib/python3.9/site-packages/airflow/example_dags/tutorial.py took 0.117 seconds
[2026-09-18T11:26:12.384+0700] {processor.py:186} INFO - Started process (PID=16376) to work on /Users/andreasanditya/Downloads/572392_Andreas_AirflowETL/code/.venv/lib/python3.9/site-packages/airflow/example_dags/tutorial.py
[2026-09-18T11:26:12.386+0700] {processor.py:914} INFO - Processing file /Users/andreasanditya/Downloads/572392_Andreas_AirflowETL/code/.venv/lib/python3.9/site-packages/airflow/example_dags/tutorial.py for tasks to queue
[2026-09-18T11:26:12.386+0700] {logging_mixin.py:190} INFO - [2026-09-18T11:26:12.386+0700] {dagbag.py:588} INFO - Filling up the DagBag from /Users/andreasanditya/Downloads/572392_Andreas_AirflowETL/code/.venv/lib/python3.9/site-packages/airflow/example_dags/tutorial.py
[2026-09-18T11:26:12.391+0700] {processor.py:925} INFO - DAG(s) 'tutorial' retrieved from /Users/andreasanditya/Downloads/572392_Andreas_AirflowETL/code/.venv/lib/python3.9/site-packages/airflow/example_dags/tutorial.py
[2026-09-18T11:26:12.482+0700] {logging_mixin.py:190} INFO - [2026-09-18T11:26:12.482+0700] {dag.py:3239} INFO - Sync 1 DAGs
[2026-09-18T11:26:12.494+0700] {logging_mixin.py:190} INFO - [2026-09-18T11:26:12.493+0700] {dag.py:4180} INFO - Setting next_dagrun for tutorial to 2026-09-17 00:00:00+00:00, run_after=2026-09-18 00:00:00+00:00
[2026-09-18T11:26:12.503+0700] {processor.py:208} INFO - Processing /Users/andreasanditya/Downloads/572392_Andreas_AirflowETL/code/.venv/lib/python3.9/site-packages/airflow/example_dags/tutorial.py took 0.121 seconds
[2026-09-18T11:27:44.864+0700] {processor.py:186} INFO - Started process (PID=17285) to work on /Users/andreasanditya/Downloads/572392_Andreas_AirflowETL/code/.venv/lib/python3.9/site-packages/airflow/example_dags/tutorial.py
[2026-09-18T11:27:44.865+0700] {processor.py:914} INFO - Processing file /Users/andreasanditya/Downloads/572392_Andreas_AirflowETL/code/.venv/lib/python3.9/site-packages/airflow/example_dags/tutorial.py for tasks to queue
[2026-09-18T11:27:44.866+0700] {logging_mixin.py:190} INFO - [2026-09-18T11:27:44.866+0700] {dagbag.py:588} INFO - Filling up the DagBag from /Users/andreasanditya/Downloads/572392_Andreas_AirflowETL/code/.venv/lib/python3.9/site-packages/airflow/example_dags/tutorial.py
[2026-09-18T11:27:44.871+0700] {processor.py:925} INFO - DAG(s) 'tutorial' retrieved from /Users/andreasanditya/Downloads/572392_Andreas_AirflowETL/code/.venv/lib/python3.9/site-packages/airflow/example_dags/tutorial.py
[2026-09-18T11:27:44.960+0700] {logging_mixin.py:190} INFO - [2026-09-18T11:27:44.960+0700] {dag.py:3239} INFO - Sync 1 DAGs
[2026-09-18T11:27:44.971+0700] {logging_mixin.py:190} INFO - [2026-09-18T11:27:44.971+0700] {dag.py:4180} INFO - Setting next_dagrun for tutorial to 2026-09-17 00:00:00+00:00, run_after=2026-09-18 00:00:00+00:00
[2026-09-18T11:27:44.981+0700] {processor.py:208} INFO - Processing /Users/andreasanditya/Downloads/572392_Andreas_AirflowETL/code/.venv/lib/python3.9/site-packages/airflow/example_dags/tutorial.py took 0.119 seconds
[2026-09-18T11:29:13.766+0700] {processor.py:186} INFO - Started process (PID=18217) to work on /Users/andreasanditya/Downloads/572392_Andreas_AirflowETL/code/.venv/lib/python3.9/site-packages/airflow/example_dags/tutorial.py
[2026-09-18T11:29:13.770+0700] {processor.py:914} INFO - Processing file /Users/andreasanditya/Downloads/572392_Andreas_AirflowETL/code/.venv/lib/python3.9/site-packages/airflow/example_dags/tutorial.py for tasks to queue
[2026-09-18T11:29:13.771+0700] {logging_mixin.py:190} INFO - [2026-09-18T11:29:13.771+0700] {dagbag.py:588} INFO - Filling up the DagBag from /Users/andreasanditya/Downloads/572392_Andreas_AirflowETL/code/.venv/lib/python3.9/site-packages/airflow/example_dags/tutorial.py
[2026-09-18T11:29:13.777+0700] {processor.py:925} INFO - DAG(s) 'tutorial' retrieved from /Users/andreasanditya/Downloads/572392_Andreas_AirflowETL/code/.venv/lib/python3.9/site-packages/airflow/example_dags/tutorial.py
[2026-09-18T11:29:13.868+0700] {logging_mixin.py:190} INFO - [2026-09-18T11:29:13.868+0700] {dag.py:3239} INFO - Sync 1 DAGs
[2026-09-18T11:29:13.879+0700] {logging_mixin.py:190} INFO - [2026-09-18T11:29:13.879+0700] {dag.py:4180} INFO - Setting next_dagrun for tutorial to 2026-09-17 00:00:00+00:00, run_after=2026-09-18 00:00:00+00:00
[2026-09-18T11:29:13.890+0700] {processor.py:208} INFO - Processing /Users/andreasanditya/Downloads/572392_Andreas_AirflowETL/code/.venv/lib/python3.9/site-packages/airflow/example_dags/tutorial.py took 0.125 seconds
[2026-09-18T11:30:43.005+0700] {processor.py:186} INFO - Started process (PID=19179) to work on /Users/andreasanditya/Downloads/572392_Andreas_AirflowETL/code/.venv/lib/python3.9/site-packages/airflow/example_dags/tutorial.py
[2026-09-18T11:30:43.006+0700] {processor.py:914} INFO - Processing file /Users/andreasanditya/Downloads/572392_Andreas_AirflowETL/code/.venv/lib/python3.9/site-packages/airflow/example_dags/tutorial.py for tasks to queue
[2026-09-18T11:30:43.007+0700] {logging_mixin.py:190} INFO - [2026-09-18T11:30:43.007+0700] {dagbag.py:588} INFO - Filling up the DagBag from /Users/andreasanditya/Downloads/572392_Andreas_AirflowETL/code/.venv/lib/python3.9/site-packages/airflow/example_dags/tutorial.py
[2026-09-18T11:30:43.011+0700] {processor.py:925} INFO - DAG(s) 'tutorial' retrieved from /Users/andreasanditya/Downloads/572392_Andreas_AirflowETL/code/.venv/lib/python3.9/site-packages/airflow/example_dags/tutorial.py
[2026-09-18T11:30:43.100+0700] {logging_mixin.py:190} INFO - [2026-09-18T11:30:43.100+0700] {dag.py:3239} INFO - Sync 1 DAGs
[2026-09-18T11:30:43.112+0700] {logging_mixin.py:190} INFO - [2026-09-18T11:30:43.112+0700] {dag.py:4180} INFO - Setting next_dagrun for tutorial to 2026-09-17 00:00:00+00:00, run_after=2026-09-18 00:00:00+00:00
[2026-09-18T11:30:43.122+0700] {processor.py:208} INFO - Processing /Users/andreasanditya/Downloads/572392_Andreas_AirflowETL/code/.venv/lib/python3.9/site-packages/airflow/example_dags/tutorial.py took 0.119 seconds
[2026-09-18T11:32:11.844+0700] {processor.py:186} INFO - Started process (PID=20008) to work on /Users/andreasanditya/Downloads/572392_Andreas_AirflowETL/code/.venv/lib/python3.9/site-packages/airflow/example_dags/tutorial.py
[2026-09-18T11:32:11.845+0700] {processor.py:914} INFO - Processing file /Users/andreasanditya/Downloads/572392_Andreas_AirflowETL/code/.venv/lib/python3.9/site-packages/airflow/example_dags/tutorial.py for tasks to queue
[2026-09-18T11:32:11.846+0700] {logging_mixin.py:190} INFO - [2026-09-18T11:32:11.846+0700] {dagbag.py:588} INFO - Filling up the DagBag from /Users/andreasanditya/Downloads/572392_Andreas_AirflowETL/code/.venv/lib/python3.9/site-packages/airflow/example_dags/tutorial.py
[2026-09-18T11:32:11.850+0700] {processor.py:925} INFO - DAG(s) 'tutorial' retrieved from /Users/andreasanditya/Downloads/572392_Andreas_AirflowETL/code/.venv/lib/python3.9/site-packages/airflow/example_dags/tutorial.py
[2026-09-18T11:32:11.937+0700] {logging_mixin.py:190} INFO - [2026-09-18T11:32:11.937+0700] {dag.py:3239} INFO - Sync 1 DAGs
[2026-09-18T11:32:11.948+0700] {logging_mixin.py:190} INFO - [2026-09-18T11:32:11.948+0700] {dag.py:4180} INFO - Setting next_dagrun for tutorial to 2026-09-17 00:00:00+00:00, run_after=2026-09-18 00:00:00+00:00
[2026-09-18T11:32:11.958+0700] {processor.py:208} INFO - Processing /Users/andreasanditya/Downloads/572392_Andreas_AirflowETL/code/.venv/lib/python3.9/site-packages/airflow/example_dags/tutorial.py took 0.117 seconds
[2026-09-18T11:33:40.268+0700] {processor.py:186} INFO - Started process (PID=21026) to work on /Users/andreasanditya/Downloads/572392_Andreas_AirflowETL/code/.venv/lib/python3.9/site-packages/airflow/example_dags/tutorial.py
[2026-09-18T11:33:40.269+0700] {processor.py:914} INFO - Processing file /Users/andreasanditya/Downloads/572392_Andreas_AirflowETL/code/.venv/lib/python3.9/site-packages/airflow/example_dags/tutorial.py for tasks to queue
[2026-09-18T11:33:40.270+0700] {logging_mixin.py:190} INFO - [2026-09-18T11:33:40.270+0700] {dagbag.py:588} INFO - Filling up the DagBag from /Users/andreasanditya/Downloads/572392_Andreas_AirflowETL/code/.venv/lib/python3.9/site-packages/airflow/example_dags/tutorial.py
[2026-09-18T11:33:40.276+0700] {processor.py:925} INFO - DAG(s) 'tutorial' retrieved from /Users/andreasanditya/Downloads/572392_Andreas_AirflowETL/code/.venv/lib/python3.9/site-packages/airflow/example_dags/tutorial.py
[2026-09-18T11:33:40.367+0700] {logging_mixin.py:190} INFO - [2026-09-18T11:33:40.366+0700] {dag.py:3239} INFO - Sync 1 DAGs
[2026-09-18T11:33:40.378+0700] {logging_mixin.py:190} INFO - [2026-09-18T11:33:40.377+0700] {dag.py:4180} INFO - Setting next_dagrun for tutorial to 2026-09-17 00:00:00+00:00, run_after=2026-09-18 00:00:00+00:00
[2026-09-18T11:33:40.388+0700] {processor.py:208} INFO - Processing /Users/andreasanditya/Downloads/572392_Andreas_AirflowETL/code/.venv/lib/python3.9/site-packages/airflow/example_dags/tutorial.py took 0.122 seconds
[2026-09-18T11:35:07.360+0700] {processor.py:186} INFO - Started process (PID=21963) to work on /Users/andreasanditya/Downloads/572392_Andreas_AirflowETL/code/.venv/lib/python3.9/site-packages/airflow/example_dags/tutorial.py
[2026-09-18T11:35:07.361+0700] {processor.py:914} INFO - Processing file /Users/andreasanditya/Downloads/572392_Andreas_AirflowETL/code/.venv/lib/python3.9/site-packages/airflow/example_dags/tutorial.py for tasks to queue
[2026-09-18T11:35:07.361+0700] {logging_mixin.py:190} INFO - [2026-09-18T11:35:07.361+0700] {dagbag.py:588} INFO - Filling up the DagBag from /Users/andreasanditya/Downloads/572392_Andreas_AirflowETL/code/.venv/lib/python3.9/site-packages/airflow/example_dags/tutorial.py
[2026-09-18T11:35:07.366+0700] {processor.py:925} INFO - DAG(s) 'tutorial' retrieved from /Users/andreasanditya/Downloads/572392_Andreas_AirflowETL/code/.venv/lib/python3.9/site-packages/airflow/example_dags/tutorial.py
[2026-09-18T11:35:07.457+0700] {logging_mixin.py:190} INFO - [2026-09-18T11:35:07.457+0700] {dag.py:3239} INFO - Sync 1 DAGs
[2026-09-18T11:35:07.468+0700] {logging_mixin.py:190} INFO - [2026-09-18T11:35:07.468+0700] {dag.py:4180} INFO - Setting next_dagrun for tutorial to 2026-09-17 00:00:00+00:00, run_after=2026-09-18 00:00:00+00:00
[2026-09-18T11:35:07.479+0700] {processor.py:208} INFO - Processing /Users/andreasanditya/Downloads/572392_Andreas_AirflowETL/code/.venv/lib/python3.9/site-packages/airflow/example_dags/tutorial.py took 0.121 seconds
[2026-09-18T11:36:35.046+0700] {processor.py:186} INFO - Started process (PID=22844) to work on /Users/andreasanditya/Downloads/572392_Andreas_AirflowETL/code/.venv/lib/python3.9/site-packages/airflow/example_dags/tutorial.py
[2026-09-18T11:36:35.047+0700] {processor.py:914} INFO - Processing file /Users/andreasanditya/Downloads/572392_Andreas_AirflowETL/code/.venv/lib/python3.9/site-packages/airflow/example_dags/tutorial.py for tasks to queue
[2026-09-18T11:36:35.048+0700] {logging_mixin.py:190} INFO - [2026-09-18T11:36:35.048+0700] {dagbag.py:588} INFO - Filling up the DagBag from /Users/andreasanditya/Downloads/572392_Andreas_AirflowETL/code/.venv/lib/python3.9/site-packages/airflow/example_dags/tutorial.py
[2026-09-18T11:36:35.053+0700] {processor.py:925} INFO - DAG(s) 'tutorial' retrieved from /Users/andreasanditya/Downloads/572392_Andreas_AirflowETL/code/.venv/lib/python3.9/site-packages/airflow/example_dags/tutorial.py
[2026-09-18T11:36:35.145+0700] {logging_mixin.py:190} INFO - [2026-09-18T11:36:35.145+0700] {dag.py:3239} INFO - Sync 1 DAGs
[2026-09-18T11:36:35.157+0700] {logging_mixin.py:190} INFO - [2026-09-18T11:36:35.157+0700] {dag.py:4180} INFO - Setting next_dagrun for tutorial to 2026-09-17 00:00:00+00:00, run_after=2026-09-18 00:00:00+00:00
[2026-09-18T11:36:35.167+0700] {processor.py:208} INFO - Processing /Users/andreasanditya/Downloads/572392_Andreas_AirflowETL/code/.venv/lib/python3.9/site-packages/airflow/example_dags/tutorial.py took 0.123 seconds
[2026-09-18T11:38:03.220+0700] {processor.py:186} INFO - Started process (PID=23824) to work on /Users/andreasanditya/Downloads/572392_Andreas_AirflowETL/code/.venv/lib/python3.9/site-packages/airflow/example_dags/tutorial.py
[2026-09-18T11:38:03.221+0700] {processor.py:914} INFO - Processing file /Users/andreasanditya/Downloads/572392_Andreas_AirflowETL/code/.venv/lib/python3.9/site-packages/airflow/example_dags/tutorial.py for tasks to queue
[2026-09-18T11:38:03.222+0700] {logging_mixin.py:190} INFO - [2026-09-18T11:38:03.221+0700] {dagbag.py:588} INFO - Filling up the DagBag from /Users/andreasanditya/Downloads/572392_Andreas_AirflowETL/code/.venv/lib/python3.9/site-packages/airflow/example_dags/tutorial.py
[2026-09-18T11:38:03.226+0700] {processor.py:925} INFO - DAG(s) 'tutorial' retrieved from /Users/andreasanditya/Downloads/572392_Andreas_AirflowETL/code/.venv/lib/python3.9/site-packages/airflow/example_dags/tutorial.py
[2026-09-18T11:38:03.311+0700] {logging_mixin.py:190} INFO - [2026-09-18T11:38:03.311+0700] {dag.py:3239} INFO - Sync 1 DAGs
[2026-09-18T11:38:03.322+0700] {logging_mixin.py:190} INFO - [2026-09-18T11:38:03.322+0700] {dag.py:4180} INFO - Setting next_dagrun for tutorial to 2026-09-17 00:00:00+00:00, run_after=2026-09-18 00:00:00+00:00
[2026-09-18T11:38:03.332+0700] {processor.py:208} INFO - Processing /Users/andreasanditya/Downloads/572392_Andreas_AirflowETL/code/.venv/lib/python3.9/site-packages/airflow/example_dags/tutorial.py took 0.114 seconds
[2026-09-18T11:39:29.597+0700] {processor.py:186} INFO - Started process (PID=24655) to work on /Users/andreasanditya/Downloads/572392_Andreas_AirflowETL/code/.venv/lib/python3.9/site-packages/airflow/example_dags/tutorial.py
[2026-09-18T11:39:29.598+0700] {processor.py:914} INFO - Processing file /Users/andreasanditya/Downloads/572392_Andreas_AirflowETL/code/.venv/lib/python3.9/site-packages/airflow/example_dags/tutorial.py for tasks to queue
[2026-09-18T11:39:29.598+0700] {logging_mixin.py:190} INFO - [2026-09-18T11:39:29.598+0700] {dagbag.py:588} INFO - Filling up the DagBag from /Users/andreasanditya/Downloads/572392_Andreas_AirflowETL/code/.venv/lib/python3.9/site-packages/airflow/example_dags/tutorial.py
[2026-09-18T11:39:29.604+0700] {processor.py:925} INFO - DAG(s) 'tutorial' retrieved from /Users/andreasanditya/Downloads/572392_Andreas_AirflowETL/code/.venv/lib/python3.9/site-packages/airflow/example_dags/tutorial.py
[2026-09-18T11:39:29.701+0700] {logging_mixin.py:190} INFO - [2026-09-18T11:39:29.701+0700] {dag.py:3239} INFO - Sync 1 DAGs
[2026-09-18T11:39:29.712+0700] {logging_mixin.py:190} INFO - [2026-09-18T11:39:29.712+0700] {dag.py:4180} INFO - Setting next_dagrun for tutorial to 2026-09-17 00:00:00+00:00, run_after=2026-09-18 00:00:00+00:00
[2026-09-18T11:39:29.722+0700] {processor.py:208} INFO - Processing /Users/andreasanditya/Downloads/572392_Andreas_AirflowETL/code/.venv/lib/python3.9/site-packages/airflow/example_dags/tutorial.py took 0.128 seconds
[2026-09-18T11:40:57.555+0700] {processor.py:186} INFO - Started process (PID=25593) to work on /Users/andreasanditya/Downloads/572392_Andreas_AirflowETL/code/.venv/lib/python3.9/site-packages/airflow/example_dags/tutorial.py
[2026-09-18T11:40:57.556+0700] {processor.py:914} INFO - Processing file /Users/andreasanditya/Downloads/572392_Andreas_AirflowETL/code/.venv/lib/python3.9/site-packages/airflow/example_dags/tutorial.py for tasks to queue
[2026-09-18T11:40:57.557+0700] {logging_mixin.py:190} INFO - [2026-09-18T11:40:57.557+0700] {dagbag.py:588} INFO - Filling up the DagBag from /Users/andreasanditya/Downloads/572392_Andreas_AirflowETL/code/.venv/lib/python3.9/site-packages/airflow/example_dags/tutorial.py
[2026-09-18T11:40:57.561+0700] {processor.py:925} INFO - DAG(s) 'tutorial' retrieved from /Users/andreasanditya/Downloads/572392_Andreas_AirflowETL/code/.venv/lib/python3.9/site-packages/airflow/example_dags/tutorial.py
[2026-09-18T11:40:57.651+0700] {logging_mixin.py:190} INFO - [2026-09-18T11:40:57.651+0700] {dag.py:3239} INFO - Sync 1 DAGs
[2026-09-18T11:40:57.663+0700] {logging_mixin.py:190} INFO - [2026-09-18T11:40:57.663+0700] {dag.py:4180} INFO - Setting next_dagrun for tutorial to 2026-09-17 00:00:00+00:00, run_after=2026-09-18 00:00:00+00:00
[2026-09-18T11:40:57.673+0700] {processor.py:208} INFO - Processing /Users/andreasanditya/Downloads/572392_Andreas_AirflowETL/code/.venv/lib/python3.9/site-packages/airflow/example_dags/tutorial.py took 0.119 seconds
[2026-09-18T11:42:29.595+0700] {processor.py:186} INFO - Started process (PID=26530) to work on /Users/andreasanditya/Downloads/572392_Andreas_AirflowETL/code/.venv/lib/python3.9/site-packages/airflow/example_dags/tutorial.py
[2026-09-18T11:42:29.599+0700] {processor.py:914} INFO - Processing file /Users/andreasanditya/Downloads/572392_Andreas_AirflowETL/code/.venv/lib/python3.9/site-packages/airflow/example_dags/tutorial.py for tasks to queue
[2026-09-18T11:42:29.600+0700] {logging_mixin.py:190} INFO - [2026-09-18T11:42:29.600+0700] {dagbag.py:588} INFO - Filling up the DagBag from /Users/andreasanditya/Downloads/572392_Andreas_AirflowETL/code/.venv/lib/python3.9/site-packages/airflow/example_dags/tutorial.py
[2026-09-18T11:42:29.604+0700] {processor.py:925} INFO - DAG(s) 'tutorial' retrieved from /Users/andreasanditya/Downloads/572392_Andreas_AirflowETL/code/.venv/lib/python3.9/site-packages/airflow/example_dags/tutorial.py
[2026-09-18T11:42:29.696+0700] {logging_mixin.py:190} INFO - [2026-09-18T11:42:29.696+0700] {dag.py:3239} INFO - Sync 1 DAGs
[2026-09-18T11:42:29.708+0700] {logging_mixin.py:190} INFO - [2026-09-18T11:42:29.707+0700] {dag.py:4180} INFO - Setting next_dagrun for tutorial to 2026-09-17 00:00:00+00:00, run_after=2026-09-18 00:00:00+00:00
[2026-09-18T11:42:29.718+0700] {processor.py:208} INFO - Processing /Users/andreasanditya/Downloads/572392_Andreas_AirflowETL/code/.venv/lib/python3.9/site-packages/airflow/example_dags/tutorial.py took 0.125 seconds
[2026-09-18T11:43:56.128+0700] {processor.py:186} INFO - Started process (PID=27443) to work on /Users/andreasanditya/Downloads/572392_Andreas_AirflowETL/code/.venv/lib/python3.9/site-packages/airflow/example_dags/tutorial.py
[2026-09-18T11:43:56.129+0700] {processor.py:914} INFO - Processing file /Users/andreasanditya/Downloads/572392_Andreas_AirflowETL/code/.venv/lib/python3.9/site-packages/airflow/example_dags/tutorial.py for tasks to queue
[2026-09-18T11:43:56.129+0700] {logging_mixin.py:190} INFO - [2026-09-18T11:43:56.129+0700] {dagbag.py:588} INFO - Filling up the DagBag from /Users/andreasanditya/Downloads/572392_Andreas_AirflowETL/code/.venv/lib/python3.9/site-packages/airflow/example_dags/tutorial.py
[2026-09-18T11:43:56.134+0700] {processor.py:925} INFO - DAG(s) 'tutorial' retrieved from /Users/andreasanditya/Downloads/572392_Andreas_AirflowETL/code/.venv/lib/python3.9/site-packages/airflow/example_dags/tutorial.py
[2026-09-18T11:43:56.221+0700] {logging_mixin.py:190} INFO - [2026-09-18T11:43:56.220+0700] {dag.py:3239} INFO - Sync 1 DAGs
[2026-09-18T11:43:56.231+0700] {logging_mixin.py:190} INFO - [2026-09-18T11:43:56.231+0700] {dag.py:4180} INFO - Setting next_dagrun for tutorial to 2026-09-17 00:00:00+00:00, run_after=2026-09-18 00:00:00+00:00
[2026-09-18T11:43:56.241+0700] {processor.py:208} INFO - Processing /Users/andreasanditya/Downloads/572392_Andreas_AirflowETL/code/.venv/lib/python3.9/site-packages/airflow/example_dags/tutorial.py took 0.115 seconds
[2026-09-18T11:45:23.666+0700] {processor.py:186} INFO - Started process (PID=28251) to work on /Users/andreasanditya/Downloads/572392_Andreas_AirflowETL/code/.venv/lib/python3.9/site-packages/airflow/example_dags/tutorial.py
[2026-09-18T11:45:23.667+0700] {processor.py:914} INFO - Processing file /Users/andreasanditya/Downloads/572392_Andreas_AirflowETL/code/.venv/lib/python3.9/site-packages/airflow/example_dags/tutorial.py for tasks to queue
[2026-09-18T11:45:23.667+0700] {logging_mixin.py:190} INFO - [2026-09-18T11:45:23.667+0700] {dagbag.py:588} INFO - Filling up the DagBag from /Users/andreasanditya/Downloads/572392_Andreas_AirflowETL/code/.venv/lib/python3.9/site-packages/airflow/example_dags/tutorial.py
[2026-09-18T11:45:23.672+0700] {processor.py:925} INFO - DAG(s) 'tutorial' retrieved from /Users/andreasanditya/Downloads/572392_Andreas_AirflowETL/code/.venv/lib/python3.9/site-packages/airflow/example_dags/tutorial.py
[2026-09-18T11:45:23.761+0700] {logging_mixin.py:190} INFO - [2026-09-18T11:45:23.761+0700] {dag.py:3239} INFO - Sync 1 DAGs
[2026-09-18T11:45:23.772+0700] {logging_mixin.py:190} INFO - [2026-09-18T11:45:23.772+0700] {dag.py:4180} INFO - Setting next_dagrun for tutorial to 2026-09-17 00:00:00+00:00, run_after=2026-09-18 00:00:00+00:00
[2026-09-18T11:45:23.782+0700] {processor.py:208} INFO - Processing /Users/andreasanditya/Downloads/572392_Andreas_AirflowETL/code/.venv/lib/python3.9/site-packages/airflow/example_dags/tutorial.py took 0.118 seconds
[2026-09-18T11:46:50.143+0700] {processor.py:186} INFO - Started process (PID=29153) to work on /Users/andreasanditya/Downloads/572392_Andreas_AirflowETL/code/.venv/lib/python3.9/site-packages/airflow/example_dags/tutorial.py
[2026-09-18T11:46:50.144+0700] {processor.py:914} INFO - Processing file /Users/andreasanditya/Downloads/572392_Andreas_AirflowETL/code/.venv/lib/python3.9/site-packages/airflow/example_dags/tutorial.py for tasks to queue
[2026-09-18T11:46:50.145+0700] {logging_mixin.py:190} INFO - [2026-09-18T11:46:50.145+0700] {dagbag.py:588} INFO - Filling up the DagBag from /Users/andreasanditya/Downloads/572392_Andreas_AirflowETL/code/.venv/lib/python3.9/site-packages/airflow/example_dags/tutorial.py
[2026-09-18T11:46:50.149+0700] {processor.py:925} INFO - DAG(s) 'tutorial' retrieved from /Users/andreasanditya/Downloads/572392_Andreas_AirflowETL/code/.venv/lib/python3.9/site-packages/airflow/example_dags/tutorial.py
[2026-09-18T11:46:50.235+0700] {logging_mixin.py:190} INFO - [2026-09-18T11:46:50.234+0700] {dag.py:3239} INFO - Sync 1 DAGs
[2026-09-18T11:46:50.245+0700] {logging_mixin.py:190} INFO - [2026-09-18T11:46:50.245+0700] {dag.py:4180} INFO - Setting next_dagrun for tutorial to 2026-09-17 00:00:00+00:00, run_after=2026-09-18 00:00:00+00:00
[2026-09-18T11:46:50.255+0700] {processor.py:208} INFO - Processing /Users/andreasanditya/Downloads/572392_Andreas_AirflowETL/code/.venv/lib/python3.9/site-packages/airflow/example_dags/tutorial.py took 0.114 seconds
[2026-09-18T11:48:16.692+0700] {processor.py:186} INFO - Started process (PID=29986) to work on /Users/andreasanditya/Downloads/572392_Andreas_AirflowETL/code/.venv/lib/python3.9/site-packages/airflow/example_dags/tutorial.py
[2026-09-18T11:48:16.693+0700] {processor.py:914} INFO - Processing file /Users/andreasanditya/Downloads/572392_Andreas_AirflowETL/code/.venv/lib/python3.9/site-packages/airflow/example_dags/tutorial.py for tasks to queue
[2026-09-18T11:48:16.693+0700] {logging_mixin.py:190} INFO - [2026-09-18T11:48:16.693+0700] {dagbag.py:588} INFO - Filling up the DagBag from /Users/andreasanditya/Downloads/572392_Andreas_AirflowETL/code/.venv/lib/python3.9/site-packages/airflow/example_dags/tutorial.py
[2026-09-18T11:48:16.698+0700] {processor.py:925} INFO - DAG(s) 'tutorial' retrieved from /Users/andreasanditya/Downloads/572392_Andreas_AirflowETL/code/.venv/lib/python3.9/site-packages/airflow/example_dags/tutorial.py
[2026-09-18T11:48:16.786+0700] {logging_mixin.py:190} INFO - [2026-09-18T11:48:16.785+0700] {dag.py:3239} INFO - Sync 1 DAGs
[2026-09-18T11:48:16.797+0700] {logging_mixin.py:190} INFO - [2026-09-18T11:48:16.797+0700] {dag.py:4180} INFO - Setting next_dagrun for tutorial to 2026-09-17 00:00:00+00:00, run_after=2026-09-18 00:00:00+00:00
[2026-09-18T11:48:16.807+0700] {processor.py:208} INFO - Processing /Users/andreasanditya/Downloads/572392_Andreas_AirflowETL/code/.venv/lib/python3.9/site-packages/airflow/example_dags/tutorial.py took 0.117 seconds
[2026-09-18T11:49:43.555+0700] {processor.py:186} INFO - Started process (PID=30916) to work on /Users/andreasanditya/Downloads/572392_Andreas_AirflowETL/code/.venv/lib/python3.9/site-packages/airflow/example_dags/tutorial.py
[2026-09-18T11:49:43.557+0700] {processor.py:914} INFO - Processing file /Users/andreasanditya/Downloads/572392_Andreas_AirflowETL/code/.venv/lib/python3.9/site-packages/airflow/example_dags/tutorial.py for tasks to queue
[2026-09-18T11:49:43.558+0700] {logging_mixin.py:190} INFO - [2026-09-18T11:49:43.557+0700] {dagbag.py:588} INFO - Filling up the DagBag from /Users/andreasanditya/Downloads/572392_Andreas_AirflowETL/code/.venv/lib/python3.9/site-packages/airflow/example_dags/tutorial.py
[2026-09-18T11:49:43.562+0700] {processor.py:925} INFO - DAG(s) 'tutorial' retrieved from /Users/andreasanditya/Downloads/572392_Andreas_AirflowETL/code/.venv/lib/python3.9/site-packages/airflow/example_dags/tutorial.py
[2026-09-18T11:49:43.648+0700] {logging_mixin.py:190} INFO - [2026-09-18T11:49:43.648+0700] {dag.py:3239} INFO - Sync 1 DAGs
[2026-09-18T11:49:43.659+0700] {logging_mixin.py:190} INFO - [2026-09-18T11:49:43.658+0700] {dag.py:4180} INFO - Setting next_dagrun for tutorial to 2026-09-17 00:00:00+00:00, run_after=2026-09-18 00:00:00+00:00
[2026-09-18T11:49:43.668+0700] {processor.py:208} INFO - Processing /Users/andreasanditya/Downloads/572392_Andreas_AirflowETL/code/.venv/lib/python3.9/site-packages/airflow/example_dags/tutorial.py took 0.115 seconds
[2026-09-18T11:51:08.886+0700] {processor.py:186} INFO - Started process (PID=31725) to work on /Users/andreasanditya/Downloads/572392_Andreas_AirflowETL/code/.venv/lib/python3.9/site-packages/airflow/example_dags/tutorial.py
[2026-09-18T11:51:08.887+0700] {processor.py:914} INFO - Processing file /Users/andreasanditya/Downloads/572392_Andreas_AirflowETL/code/.venv/lib/python3.9/site-packages/airflow/example_dags/tutorial.py for tasks to queue
[2026-09-18T11:51:08.888+0700] {logging_mixin.py:190} INFO - [2026-09-18T11:51:08.888+0700] {dagbag.py:588} INFO - Filling up the DagBag from /Users/andreasanditya/Downloads/572392_Andreas_AirflowETL/code/.venv/lib/python3.9/site-packages/airflow/example_dags/tutorial.py
[2026-09-18T11:51:08.892+0700] {processor.py:925} INFO - DAG(s) 'tutorial' retrieved from /Users/andreasanditya/Downloads/572392_Andreas_AirflowETL/code/.venv/lib/python3.9/site-packages/airflow/example_dags/tutorial.py
[2026-09-18T11:51:08.981+0700] {logging_mixin.py:190} INFO - [2026-09-18T11:51:08.981+0700] {dag.py:3239} INFO - Sync 1 DAGs
[2026-09-18T11:51:08.991+0700] {logging_mixin.py:190} INFO - [2026-09-18T11:51:08.991+0700] {dag.py:4180} INFO - Setting next_dagrun for tutorial to 2026-09-17 00:00:00+00:00, run_after=2026-09-18 00:00:00+00:00
[2026-09-18T11:51:09.001+0700] {processor.py:208} INFO - Processing /Users/andreasanditya/Downloads/572392_Andreas_AirflowETL/code/.venv/lib/python3.9/site-packages/airflow/example_dags/tutorial.py took 0.118 seconds
[2026-09-18T11:52:34.407+0700] {processor.py:186} INFO - Started process (PID=32627) to work on /Users/andreasanditya/Downloads/572392_Andreas_AirflowETL/code/.venv/lib/python3.9/site-packages/airflow/example_dags/tutorial.py
[2026-09-18T11:52:34.408+0700] {processor.py:914} INFO - Processing file /Users/andreasanditya/Downloads/572392_Andreas_AirflowETL/code/.venv/lib/python3.9/site-packages/airflow/example_dags/tutorial.py for tasks to queue
[2026-09-18T11:52:34.409+0700] {logging_mixin.py:190} INFO - [2026-09-18T11:52:34.409+0700] {dagbag.py:588} INFO - Filling up the DagBag from /Users/andreasanditya/Downloads/572392_Andreas_AirflowETL/code/.venv/lib/python3.9/site-packages/airflow/example_dags/tutorial.py
[2026-09-18T11:52:34.414+0700] {processor.py:925} INFO - DAG(s) 'tutorial' retrieved from /Users/andreasanditya/Downloads/572392_Andreas_AirflowETL/code/.venv/lib/python3.9/site-packages/airflow/example_dags/tutorial.py
[2026-09-18T11:52:34.500+0700] {logging_mixin.py:190} INFO - [2026-09-18T11:52:34.500+0700] {dag.py:3239} INFO - Sync 1 DAGs
[2026-09-18T11:52:34.511+0700] {logging_mixin.py:190} INFO - [2026-09-18T11:52:34.511+0700] {dag.py:4180} INFO - Setting next_dagrun for tutorial to 2026-09-17 00:00:00+00:00, run_after=2026-09-18 00:00:00+00:00
[2026-09-18T11:52:34.520+0700] {processor.py:208} INFO - Processing /Users/andreasanditya/Downloads/572392_Andreas_AirflowETL/code/.venv/lib/python3.9/site-packages/airflow/example_dags/tutorial.py took 0.115 seconds
[2026-09-18T11:54:01.418+0700] {processor.py:186} INFO - Started process (PID=33452) to work on /Users/andreasanditya/Downloads/572392_Andreas_AirflowETL/code/.venv/lib/python3.9/site-packages/airflow/example_dags/tutorial.py
[2026-09-18T11:54:01.419+0700] {processor.py:914} INFO - Processing file /Users/andreasanditya/Downloads/572392_Andreas_AirflowETL/code/.venv/lib/python3.9/site-packages/airflow/example_dags/tutorial.py for tasks to queue
[2026-09-18T11:54:01.420+0700] {logging_mixin.py:190} INFO - [2026-09-18T11:54:01.420+0700] {dagbag.py:588} INFO - Filling up the DagBag from /Users/andreasanditya/Downloads/572392_Andreas_AirflowETL/code/.venv/lib/python3.9/site-packages/airflow/example_dags/tutorial.py
[2026-09-18T11:54:01.424+0700] {processor.py:925} INFO - DAG(s) 'tutorial' retrieved from /Users/andreasanditya/Downloads/572392_Andreas_AirflowETL/code/.venv/lib/python3.9/site-packages/airflow/example_dags/tutorial.py
[2026-09-18T11:54:01.511+0700] {logging_mixin.py:190} INFO - [2026-09-18T11:54:01.511+0700] {dag.py:3239} INFO - Sync 1 DAGs
[2026-09-18T11:54:01.522+0700] {logging_mixin.py:190} INFO - [2026-09-18T11:54:01.522+0700] {dag.py:4180} INFO - Setting next_dagrun for tutorial to 2026-09-17 00:00:00+00:00, run_after=2026-09-18 00:00:00+00:00
[2026-09-18T11:54:01.532+0700] {processor.py:208} INFO - Processing /Users/andreasanditya/Downloads/572392_Andreas_AirflowETL/code/.venv/lib/python3.9/site-packages/airflow/example_dags/tutorial.py took 0.116 seconds
[2026-09-18T11:55:28.984+0700] {processor.py:186} INFO - Started process (PID=34382) to work on /Users/andreasanditya/Downloads/572392_Andreas_AirflowETL/code/.venv/lib/python3.9/site-packages/airflow/example_dags/tutorial.py
[2026-09-18T11:55:28.984+0700] {processor.py:914} INFO - Processing file /Users/andreasanditya/Downloads/572392_Andreas_AirflowETL/code/.venv/lib/python3.9/site-packages/airflow/example_dags/tutorial.py for tasks to queue
[2026-09-18T11:55:28.985+0700] {logging_mixin.py:190} INFO - [2026-09-18T11:55:28.985+0700] {dagbag.py:588} INFO - Filling up the DagBag from /Users/andreasanditya/Downloads/572392_Andreas_AirflowETL/code/.venv/lib/python3.9/site-packages/airflow/example_dags/tutorial.py
[2026-09-18T11:55:28.990+0700] {processor.py:925} INFO - DAG(s) 'tutorial' retrieved from /Users/andreasanditya/Downloads/572392_Andreas_AirflowETL/code/.venv/lib/python3.9/site-packages/airflow/example_dags/tutorial.py
[2026-09-18T11:55:29.076+0700] {logging_mixin.py:190} INFO - [2026-09-18T11:55:29.076+0700] {dag.py:3239} INFO - Sync 1 DAGs
[2026-09-18T11:55:29.088+0700] {logging_mixin.py:190} INFO - [2026-09-18T11:55:29.088+0700] {dag.py:4180} INFO - Setting next_dagrun for tutorial to 2026-09-17 00:00:00+00:00, run_after=2026-09-18 00:00:00+00:00
[2026-09-18T11:55:29.098+0700] {processor.py:208} INFO - Processing /Users/andreasanditya/Downloads/572392_Andreas_AirflowETL/code/.venv/lib/python3.9/site-packages/airflow/example_dags/tutorial.py took 0.116 seconds
[2026-09-18T11:56:55.986+0700] {processor.py:186} INFO - Started process (PID=35290) to work on /Users/andreasanditya/Downloads/572392_Andreas_AirflowETL/code/.venv/lib/python3.9/site-packages/airflow/example_dags/tutorial.py
[2026-09-18T11:56:55.987+0700] {processor.py:914} INFO - Processing file /Users/andreasanditya/Downloads/572392_Andreas_AirflowETL/code/.venv/lib/python3.9/site-packages/airflow/example_dags/tutorial.py for tasks to queue
[2026-09-18T11:56:55.988+0700] {logging_mixin.py:190} INFO - [2026-09-18T11:56:55.988+0700] {dagbag.py:588} INFO - Filling up the DagBag from /Users/andreasanditya/Downloads/572392_Andreas_AirflowETL/code/.venv/lib/python3.9/site-packages/airflow/example_dags/tutorial.py
[2026-09-18T11:56:55.993+0700] {processor.py:925} INFO - DAG(s) 'tutorial' retrieved from /Users/andreasanditya/Downloads/572392_Andreas_AirflowETL/code/.venv/lib/python3.9/site-packages/airflow/example_dags/tutorial.py
[2026-09-18T11:56:56.078+0700] {logging_mixin.py:190} INFO - [2026-09-18T11:56:56.077+0700] {dag.py:3239} INFO - Sync 1 DAGs
[2026-09-18T11:56:56.089+0700] {logging_mixin.py:190} INFO - [2026-09-18T11:56:56.089+0700] {dag.py:4180} INFO - Setting next_dagrun for tutorial to 2026-09-17 00:00:00+00:00, run_after=2026-09-18 00:00:00+00:00
[2026-09-18T11:56:56.099+0700] {processor.py:208} INFO - Processing /Users/andreasanditya/Downloads/572392_Andreas_AirflowETL/code/.venv/lib/python3.9/site-packages/airflow/example_dags/tutorial.py took 0.115 seconds
[2026-09-18T11:58:22.790+0700] {processor.py:186} INFO - Started process (PID=36107) to work on /Users/andreasanditya/Downloads/572392_Andreas_AirflowETL/code/.venv/lib/python3.9/site-packages/airflow/example_dags/tutorial.py
[2026-09-18T11:58:22.791+0700] {processor.py:914} INFO - Processing file /Users/andreasanditya/Downloads/572392_Andreas_AirflowETL/code/.venv/lib/python3.9/site-packages/airflow/example_dags/tutorial.py for tasks to queue
[2026-09-18T11:58:22.792+0700] {logging_mixin.py:190} INFO - [2026-09-18T11:58:22.792+0700] {dagbag.py:588} INFO - Filling up the DagBag from /Users/andreasanditya/Downloads/572392_Andreas_AirflowETL/code/.venv/lib/python3.9/site-packages/airflow/example_dags/tutorial.py
[2026-09-18T11:58:22.796+0700] {processor.py:925} INFO - DAG(s) 'tutorial' retrieved from /Users/andreasanditya/Downloads/572392_Andreas_AirflowETL/code/.venv/lib/python3.9/site-packages/airflow/example_dags/tutorial.py
[2026-09-18T11:58:22.882+0700] {logging_mixin.py:190} INFO - [2026-09-18T11:58:22.882+0700] {dag.py:3239} INFO - Sync 1 DAGs
[2026-09-18T11:58:22.893+0700] {logging_mixin.py:190} INFO - [2026-09-18T11:58:22.892+0700] {dag.py:4180} INFO - Setting next_dagrun for tutorial to 2026-09-17 00:00:00+00:00, run_after=2026-09-18 00:00:00+00:00
[2026-09-18T11:58:22.902+0700] {processor.py:208} INFO - Processing /Users/andreasanditya/Downloads/572392_Andreas_AirflowETL/code/.venv/lib/python3.9/site-packages/airflow/example_dags/tutorial.py took 0.114 seconds
[2026-09-18T11:59:46.829+0700] {processor.py:186} INFO - Started process (PID=37014) to work on /Users/andreasanditya/Downloads/572392_Andreas_AirflowETL/code/.venv/lib/python3.9/site-packages/airflow/example_dags/tutorial.py
[2026-09-18T11:59:46.830+0700] {processor.py:914} INFO - Processing file /Users/andreasanditya/Downloads/572392_Andreas_AirflowETL/code/.venv/lib/python3.9/site-packages/airflow/example_dags/tutorial.py for tasks to queue
[2026-09-18T11:59:46.831+0700] {logging_mixin.py:190} INFO - [2026-09-18T11:59:46.831+0700] {dagbag.py:588} INFO - Filling up the DagBag from /Users/andreasanditya/Downloads/572392_Andreas_AirflowETL/code/.venv/lib/python3.9/site-packages/airflow/example_dags/tutorial.py
[2026-09-18T11:59:46.835+0700] {processor.py:925} INFO - DAG(s) 'tutorial' retrieved from /Users/andreasanditya/Downloads/572392_Andreas_AirflowETL/code/.venv/lib/python3.9/site-packages/airflow/example_dags/tutorial.py
[2026-09-18T11:59:46.920+0700] {logging_mixin.py:190} INFO - [2026-09-18T11:59:46.920+0700] {dag.py:3239} INFO - Sync 1 DAGs
[2026-09-18T11:59:46.931+0700] {logging_mixin.py:190} INFO - [2026-09-18T11:59:46.931+0700] {dag.py:4180} INFO - Setting next_dagrun for tutorial to 2026-09-17 00:00:00+00:00, run_after=2026-09-18 00:00:00+00:00
[2026-09-18T11:59:46.941+0700] {processor.py:208} INFO - Processing /Users/andreasanditya/Downloads/572392_Andreas_AirflowETL/code/.venv/lib/python3.9/site-packages/airflow/example_dags/tutorial.py took 0.114 seconds
[2026-09-18T12:01:13.860+0700] {processor.py:186} INFO - Started process (PID=37853) to work on /Users/andreasanditya/Downloads/572392_Andreas_AirflowETL/code/.venv/lib/python3.9/site-packages/airflow/example_dags/tutorial.py
[2026-09-18T12:01:13.861+0700] {processor.py:914} INFO - Processing file /Users/andreasanditya/Downloads/572392_Andreas_AirflowETL/code/.venv/lib/python3.9/site-packages/airflow/example_dags/tutorial.py for tasks to queue
[2026-09-18T12:01:13.862+0700] {logging_mixin.py:190} INFO - [2026-09-18T12:01:13.862+0700] {dagbag.py:588} INFO - Filling up the DagBag from /Users/andreasanditya/Downloads/572392_Andreas_AirflowETL/code/.venv/lib/python3.9/site-packages/airflow/example_dags/tutorial.py
[2026-09-18T12:01:13.866+0700] {processor.py:925} INFO - DAG(s) 'tutorial' retrieved from /Users/andreasanditya/Downloads/572392_Andreas_AirflowETL/code/.venv/lib/python3.9/site-packages/airflow/example_dags/tutorial.py
[2026-09-18T12:01:13.952+0700] {logging_mixin.py:190} INFO - [2026-09-18T12:01:13.952+0700] {dag.py:3239} INFO - Sync 1 DAGs
[2026-09-18T12:01:13.963+0700] {logging_mixin.py:190} INFO - [2026-09-18T12:01:13.963+0700] {dag.py:4180} INFO - Setting next_dagrun for tutorial to 2026-09-17 00:00:00+00:00, run_after=2026-09-18 00:00:00+00:00
[2026-09-18T12:01:13.972+0700] {processor.py:208} INFO - Processing /Users/andreasanditya/Downloads/572392_Andreas_AirflowETL/code/.venv/lib/python3.9/site-packages/airflow/example_dags/tutorial.py took 0.114 seconds
[2026-09-18T12:02:41.323+0700] {processor.py:186} INFO - Started process (PID=38781) to work on /Users/andreasanditya/Downloads/572392_Andreas_AirflowETL/code/.venv/lib/python3.9/site-packages/airflow/example_dags/tutorial.py
[2026-09-18T12:02:41.326+0700] {processor.py:914} INFO - Processing file /Users/andreasanditya/Downloads/572392_Andreas_AirflowETL/code/.venv/lib/python3.9/site-packages/airflow/example_dags/tutorial.py for tasks to queue
[2026-09-18T12:02:41.327+0700] {logging_mixin.py:190} INFO - [2026-09-18T12:02:41.327+0700] {dagbag.py:588} INFO - Filling up the DagBag from /Users/andreasanditya/Downloads/572392_Andreas_AirflowETL/code/.venv/lib/python3.9/site-packages/airflow/example_dags/tutorial.py
[2026-09-18T12:02:41.331+0700] {processor.py:925} INFO - DAG(s) 'tutorial' retrieved from /Users/andreasanditya/Downloads/572392_Andreas_AirflowETL/code/.venv/lib/python3.9/site-packages/airflow/example_dags/tutorial.py
[2026-09-18T12:02:41.420+0700] {logging_mixin.py:190} INFO - [2026-09-18T12:02:41.420+0700] {dag.py:3239} INFO - Sync 1 DAGs
[2026-09-18T12:02:41.431+0700] {logging_mixin.py:190} INFO - [2026-09-18T12:02:41.431+0700] {dag.py:4180} INFO - Setting next_dagrun for tutorial to 2026-09-17 00:00:00+00:00, run_after=2026-09-18 00:00:00+00:00
[2026-09-18T12:02:41.440+0700] {processor.py:208} INFO - Processing /Users/andreasanditya/Downloads/572392_Andreas_AirflowETL/code/.venv/lib/python3.9/site-packages/airflow/example_dags/tutorial.py took 0.120 seconds
[2026-09-18T12:04:07.877+0700] {processor.py:186} INFO - Started process (PID=39598) to work on /Users/andreasanditya/Downloads/572392_Andreas_AirflowETL/code/.venv/lib/python3.9/site-packages/airflow/example_dags/tutorial.py
[2026-09-18T12:04:07.878+0700] {processor.py:914} INFO - Processing file /Users/andreasanditya/Downloads/572392_Andreas_AirflowETL/code/.venv/lib/python3.9/site-packages/airflow/example_dags/tutorial.py for tasks to queue
[2026-09-18T12:04:07.879+0700] {logging_mixin.py:190} INFO - [2026-09-18T12:04:07.879+0700] {dagbag.py:588} INFO - Filling up the DagBag from /Users/andreasanditya/Downloads/572392_Andreas_AirflowETL/code/.venv/lib/python3.9/site-packages/airflow/example_dags/tutorial.py
[2026-09-18T12:04:07.883+0700] {processor.py:925} INFO - DAG(s) 'tutorial' retrieved from /Users/andreasanditya/Downloads/572392_Andreas_AirflowETL/code/.venv/lib/python3.9/site-packages/airflow/example_dags/tutorial.py
[2026-09-18T12:04:07.969+0700] {logging_mixin.py:190} INFO - [2026-09-18T12:04:07.969+0700] {dag.py:3239} INFO - Sync 1 DAGs
[2026-09-18T12:04:07.980+0700] {logging_mixin.py:190} INFO - [2026-09-18T12:04:07.980+0700] {dag.py:4180} INFO - Setting next_dagrun for tutorial to 2026-09-17 00:00:00+00:00, run_after=2026-09-18 00:00:00+00:00
[2026-09-18T12:04:07.990+0700] {processor.py:208} INFO - Processing /Users/andreasanditya/Downloads/572392_Andreas_AirflowETL/code/.venv/lib/python3.9/site-packages/airflow/example_dags/tutorial.py took 0.115 seconds
[2026-09-18T12:05:34.432+0700] {processor.py:186} INFO - Started process (PID=40504) to work on /Users/andreasanditya/Downloads/572392_Andreas_AirflowETL/code/.venv/lib/python3.9/site-packages/airflow/example_dags/tutorial.py
[2026-09-18T12:05:34.433+0700] {processor.py:914} INFO - Processing file /Users/andreasanditya/Downloads/572392_Andreas_AirflowETL/code/.venv/lib/python3.9/site-packages/airflow/example_dags/tutorial.py for tasks to queue
[2026-09-18T12:05:34.434+0700] {logging_mixin.py:190} INFO - [2026-09-18T12:05:34.433+0700] {dagbag.py:588} INFO - Filling up the DagBag from /Users/andreasanditya/Downloads/572392_Andreas_AirflowETL/code/.venv/lib/python3.9/site-packages/airflow/example_dags/tutorial.py
[2026-09-18T12:05:34.439+0700] {processor.py:925} INFO - DAG(s) 'tutorial' retrieved from /Users/andreasanditya/Downloads/572392_Andreas_AirflowETL/code/.venv/lib/python3.9/site-packages/airflow/example_dags/tutorial.py
[2026-09-18T12:05:34.527+0700] {logging_mixin.py:190} INFO - [2026-09-18T12:05:34.526+0700] {dag.py:3239} INFO - Sync 1 DAGs
[2026-09-18T12:05:34.538+0700] {logging_mixin.py:190} INFO - [2026-09-18T12:05:34.538+0700] {dag.py:4180} INFO - Setting next_dagrun for tutorial to 2026-09-17 00:00:00+00:00, run_after=2026-09-18 00:00:00+00:00
[2026-09-18T12:05:34.548+0700] {processor.py:208} INFO - Processing /Users/andreasanditya/Downloads/572392_Andreas_AirflowETL/code/.venv/lib/python3.9/site-packages/airflow/example_dags/tutorial.py took 0.118 seconds
[2026-09-18T12:07:02.161+0700] {processor.py:186} INFO - Started process (PID=41423) to work on /Users/andreasanditya/Downloads/572392_Andreas_AirflowETL/code/.venv/lib/python3.9/site-packages/airflow/example_dags/tutorial.py
[2026-09-18T12:07:02.163+0700] {processor.py:914} INFO - Processing file /Users/andreasanditya/Downloads/572392_Andreas_AirflowETL/code/.venv/lib/python3.9/site-packages/airflow/example_dags/tutorial.py for tasks to queue
[2026-09-18T12:07:02.164+0700] {logging_mixin.py:190} INFO - [2026-09-18T12:07:02.164+0700] {dagbag.py:588} INFO - Filling up the DagBag from /Users/andreasanditya/Downloads/572392_Andreas_AirflowETL/code/.venv/lib/python3.9/site-packages/airflow/example_dags/tutorial.py
[2026-09-18T12:07:02.170+0700] {processor.py:925} INFO - DAG(s) 'tutorial' retrieved from /Users/andreasanditya/Downloads/572392_Andreas_AirflowETL/code/.venv/lib/python3.9/site-packages/airflow/example_dags/tutorial.py
[2026-09-18T12:07:02.259+0700] {logging_mixin.py:190} INFO - [2026-09-18T12:07:02.259+0700] {dag.py:3239} INFO - Sync 1 DAGs
[2026-09-18T12:07:02.271+0700] {logging_mixin.py:190} INFO - [2026-09-18T12:07:02.271+0700] {dag.py:4180} INFO - Setting next_dagrun for tutorial to 2026-09-17 00:00:00+00:00, run_after=2026-09-18 00:00:00+00:00
[2026-09-18T12:07:02.281+0700] {processor.py:208} INFO - Processing /Users/andreasanditya/Downloads/572392_Andreas_AirflowETL/code/.venv/lib/python3.9/site-packages/airflow/example_dags/tutorial.py took 0.122 seconds
[2026-09-18T12:08:29.841+0700] {processor.py:186} INFO - Started process (PID=42249) to work on /Users/andreasanditya/Downloads/572392_Andreas_AirflowETL/code/.venv/lib/python3.9/site-packages/airflow/example_dags/tutorial.py
[2026-09-18T12:08:29.842+0700] {processor.py:914} INFO - Processing file /Users/andreasanditya/Downloads/572392_Andreas_AirflowETL/code/.venv/lib/python3.9/site-packages/airflow/example_dags/tutorial.py for tasks to queue
[2026-09-18T12:08:29.843+0700] {logging_mixin.py:190} INFO - [2026-09-18T12:08:29.843+0700] {dagbag.py:588} INFO - Filling up the DagBag from /Users/andreasanditya/Downloads/572392_Andreas_AirflowETL/code/.venv/lib/python3.9/site-packages/airflow/example_dags/tutorial.py
[2026-09-18T12:08:29.847+0700] {processor.py:925} INFO - DAG(s) 'tutorial' retrieved from /Users/andreasanditya/Downloads/572392_Andreas_AirflowETL/code/.venv/lib/python3.9/site-packages/airflow/example_dags/tutorial.py
[2026-09-18T12:08:29.934+0700] {logging_mixin.py:190} INFO - [2026-09-18T12:08:29.934+0700] {dag.py:3239} INFO - Sync 1 DAGs
[2026-09-18T12:08:29.945+0700] {logging_mixin.py:190} INFO - [2026-09-18T12:08:29.945+0700] {dag.py:4180} INFO - Setting next_dagrun for tutorial to 2026-09-17 00:00:00+00:00, run_after=2026-09-18 00:00:00+00:00
[2026-09-18T12:08:29.955+0700] {processor.py:208} INFO - Processing /Users/andreasanditya/Downloads/572392_Andreas_AirflowETL/code/.venv/lib/python3.9/site-packages/airflow/example_dags/tutorial.py took 0.115 seconds
[2026-09-18T12:09:56.948+0700] {processor.py:186} INFO - Started process (PID=43168) to work on /Users/andreasanditya/Downloads/572392_Andreas_AirflowETL/code/.venv/lib/python3.9/site-packages/airflow/example_dags/tutorial.py
[2026-09-18T12:09:56.949+0700] {processor.py:914} INFO - Processing file /Users/andreasanditya/Downloads/572392_Andreas_AirflowETL/code/.venv/lib/python3.9/site-packages/airflow/example_dags/tutorial.py for tasks to queue
[2026-09-18T12:09:56.950+0700] {logging_mixin.py:190} INFO - [2026-09-18T12:09:56.950+0700] {dagbag.py:588} INFO - Filling up the DagBag from /Users/andreasanditya/Downloads/572392_Andreas_AirflowETL/code/.venv/lib/python3.9/site-packages/airflow/example_dags/tutorial.py
[2026-09-18T12:09:56.954+0700] {processor.py:925} INFO - DAG(s) 'tutorial' retrieved from /Users/andreasanditya/Downloads/572392_Andreas_AirflowETL/code/.venv/lib/python3.9/site-packages/airflow/example_dags/tutorial.py
[2026-09-18T12:09:57.041+0700] {logging_mixin.py:190} INFO - [2026-09-18T12:09:57.041+0700] {dag.py:3239} INFO - Sync 1 DAGs
[2026-09-18T12:09:57.052+0700] {logging_mixin.py:190} INFO - [2026-09-18T12:09:57.051+0700] {dag.py:4180} INFO - Setting next_dagrun for tutorial to 2026-09-17 00:00:00+00:00, run_after=2026-09-18 00:00:00+00:00
[2026-09-18T12:09:57.061+0700] {processor.py:208} INFO - Processing /Users/andreasanditya/Downloads/572392_Andreas_AirflowETL/code/.venv/lib/python3.9/site-packages/airflow/example_dags/tutorial.py took 0.115 seconds
[2026-09-18T12:11:22.789+0700] {processor.py:186} INFO - Started process (PID=43991) to work on /Users/andreasanditya/Downloads/572392_Andreas_AirflowETL/code/.venv/lib/python3.9/site-packages/airflow/example_dags/tutorial.py
[2026-09-18T12:11:22.790+0700] {processor.py:914} INFO - Processing file /Users/andreasanditya/Downloads/572392_Andreas_AirflowETL/code/.venv/lib/python3.9/site-packages/airflow/example_dags/tutorial.py for tasks to queue
[2026-09-18T12:11:22.790+0700] {logging_mixin.py:190} INFO - [2026-09-18T12:11:22.790+0700] {dagbag.py:588} INFO - Filling up the DagBag from /Users/andreasanditya/Downloads/572392_Andreas_AirflowETL/code/.venv/lib/python3.9/site-packages/airflow/example_dags/tutorial.py
[2026-09-18T12:11:22.795+0700] {processor.py:925} INFO - DAG(s) 'tutorial' retrieved from /Users/andreasanditya/Downloads/572392_Andreas_AirflowETL/code/.venv/lib/python3.9/site-packages/airflow/example_dags/tutorial.py
[2026-09-18T12:11:22.885+0700] {logging_mixin.py:190} INFO - [2026-09-18T12:11:22.884+0700] {dag.py:3239} INFO - Sync 1 DAGs
[2026-09-18T12:11:22.895+0700] {logging_mixin.py:190} INFO - [2026-09-18T12:11:22.895+0700] {dag.py:4180} INFO - Setting next_dagrun for tutorial to 2026-09-17 00:00:00+00:00, run_after=2026-09-18 00:00:00+00:00
[2026-09-18T12:11:22.905+0700] {processor.py:208} INFO - Processing /Users/andreasanditya/Downloads/572392_Andreas_AirflowETL/code/.venv/lib/python3.9/site-packages/airflow/example_dags/tutorial.py took 0.118 seconds
[2026-09-18T12:12:53.538+0700] {processor.py:186} INFO - Started process (PID=45528) to work on /Users/andreasanditya/Downloads/572392_Andreas_AirflowETL/code/.venv/lib/python3.9/site-packages/airflow/example_dags/tutorial.py
[2026-09-18T12:12:53.539+0700] {processor.py:914} INFO - Processing file /Users/andreasanditya/Downloads/572392_Andreas_AirflowETL/code/.venv/lib/python3.9/site-packages/airflow/example_dags/tutorial.py for tasks to queue
[2026-09-18T12:12:53.540+0700] {logging_mixin.py:190} INFO - [2026-09-18T12:12:53.539+0700] {dagbag.py:588} INFO - Filling up the DagBag from /Users/andreasanditya/Downloads/572392_Andreas_AirflowETL/code/.venv/lib/python3.9/site-packages/airflow/example_dags/tutorial.py
[2026-09-18T12:12:53.545+0700] {processor.py:925} INFO - DAG(s) 'tutorial' retrieved from /Users/andreasanditya/Downloads/572392_Andreas_AirflowETL/code/.venv/lib/python3.9/site-packages/airflow/example_dags/tutorial.py
[2026-09-18T12:12:53.659+0700] {logging_mixin.py:190} INFO - [2026-09-18T12:12:53.658+0700] {dag.py:3239} INFO - Sync 1 DAGs
[2026-09-18T12:12:53.677+0700] {logging_mixin.py:190} INFO - [2026-09-18T12:12:53.676+0700] {dag.py:4180} INFO - Setting next_dagrun for tutorial to 2026-09-17 00:00:00+00:00, run_after=2026-09-18 00:00:00+00:00
[2026-09-18T12:12:53.688+0700] {processor.py:208} INFO - Processing /Users/andreasanditya/Downloads/572392_Andreas_AirflowETL/code/.venv/lib/python3.9/site-packages/airflow/example_dags/tutorial.py took 0.153 seconds
[2026-09-18T12:14:21.753+0700] {processor.py:186} INFO - Started process (PID=46652) to work on /Users/andreasanditya/Downloads/572392_Andreas_AirflowETL/code/.venv/lib/python3.9/site-packages/airflow/example_dags/tutorial.py
[2026-09-18T12:14:21.754+0700] {processor.py:914} INFO - Processing file /Users/andreasanditya/Downloads/572392_Andreas_AirflowETL/code/.venv/lib/python3.9/site-packages/airflow/example_dags/tutorial.py for tasks to queue
[2026-09-18T12:14:21.755+0700] {logging_mixin.py:190} INFO - [2026-09-18T12:14:21.755+0700] {dagbag.py:588} INFO - Filling up the DagBag from /Users/andreasanditya/Downloads/572392_Andreas_AirflowETL/code/.venv/lib/python3.9/site-packages/airflow/example_dags/tutorial.py
[2026-09-18T12:14:21.759+0700] {processor.py:925} INFO - DAG(s) 'tutorial' retrieved from /Users/andreasanditya/Downloads/572392_Andreas_AirflowETL/code/.venv/lib/python3.9/site-packages/airflow/example_dags/tutorial.py
[2026-09-18T12:14:21.848+0700] {logging_mixin.py:190} INFO - [2026-09-18T12:14:21.848+0700] {dag.py:3239} INFO - Sync 1 DAGs
[2026-09-18T12:14:21.859+0700] {logging_mixin.py:190} INFO - [2026-09-18T12:14:21.859+0700] {dag.py:4180} INFO - Setting next_dagrun for tutorial to 2026-09-17 00:00:00+00:00, run_after=2026-09-18 00:00:00+00:00
[2026-09-18T12:14:21.869+0700] {processor.py:208} INFO - Processing /Users/andreasanditya/Downloads/572392_Andreas_AirflowETL/code/.venv/lib/python3.9/site-packages/airflow/example_dags/tutorial.py took 0.118 seconds
[2026-09-18T12:15:49.055+0700] {processor.py:186} INFO - Started process (PID=48209) to work on /Users/andreasanditya/Downloads/572392_Andreas_AirflowETL/code/.venv/lib/python3.9/site-packages/airflow/example_dags/tutorial.py
[2026-09-18T12:15:49.056+0700] {processor.py:914} INFO - Processing file /Users/andreasanditya/Downloads/572392_Andreas_AirflowETL/code/.venv/lib/python3.9/site-packages/airflow/example_dags/tutorial.py for tasks to queue
[2026-09-18T12:15:49.057+0700] {logging_mixin.py:190} INFO - [2026-09-18T12:15:49.057+0700] {dagbag.py:588} INFO - Filling up the DagBag from /Users/andreasanditya/Downloads/572392_Andreas_AirflowETL/code/.venv/lib/python3.9/site-packages/airflow/example_dags/tutorial.py
[2026-09-18T12:15:49.062+0700] {processor.py:925} INFO - DAG(s) 'tutorial' retrieved from /Users/andreasanditya/Downloads/572392_Andreas_AirflowETL/code/.venv/lib/python3.9/site-packages/airflow/example_dags/tutorial.py
[2026-09-18T12:15:49.154+0700] {logging_mixin.py:190} INFO - [2026-09-18T12:15:49.154+0700] {dag.py:3239} INFO - Sync 1 DAGs
[2026-09-18T12:15:49.165+0700] {logging_mixin.py:190} INFO - [2026-09-18T12:15:49.165+0700] {dag.py:4180} INFO - Setting next_dagrun for tutorial to 2026-09-17 00:00:00+00:00, run_after=2026-09-18 00:00:00+00:00
[2026-09-18T12:15:49.175+0700] {processor.py:208} INFO - Processing /Users/andreasanditya/Downloads/572392_Andreas_AirflowETL/code/.venv/lib/python3.9/site-packages/airflow/example_dags/tutorial.py took 0.122 seconds
[2026-09-18T12:17:17.001+0700] {processor.py:186} INFO - Started process (PID=49401) to work on /Users/andreasanditya/Downloads/572392_Andreas_AirflowETL/code/.venv/lib/python3.9/site-packages/airflow/example_dags/tutorial.py
[2026-09-18T12:17:17.002+0700] {processor.py:914} INFO - Processing file /Users/andreasanditya/Downloads/572392_Andreas_AirflowETL/code/.venv/lib/python3.9/site-packages/airflow/example_dags/tutorial.py for tasks to queue
[2026-09-18T12:17:17.003+0700] {logging_mixin.py:190} INFO - [2026-09-18T12:17:17.003+0700] {dagbag.py:588} INFO - Filling up the DagBag from /Users/andreasanditya/Downloads/572392_Andreas_AirflowETL/code/.venv/lib/python3.9/site-packages/airflow/example_dags/tutorial.py
[2026-09-18T12:17:17.008+0700] {processor.py:925} INFO - DAG(s) 'tutorial' retrieved from /Users/andreasanditya/Downloads/572392_Andreas_AirflowETL/code/.venv/lib/python3.9/site-packages/airflow/example_dags/tutorial.py
[2026-09-18T12:17:17.097+0700] {logging_mixin.py:190} INFO - [2026-09-18T12:17:17.096+0700] {dag.py:3239} INFO - Sync 1 DAGs
[2026-09-18T12:17:17.107+0700] {logging_mixin.py:190} INFO - [2026-09-18T12:17:17.107+0700] {dag.py:4180} INFO - Setting next_dagrun for tutorial to 2026-09-17 00:00:00+00:00, run_after=2026-09-18 00:00:00+00:00
[2026-09-18T12:17:17.117+0700] {processor.py:208} INFO - Processing /Users/andreasanditya/Downloads/572392_Andreas_AirflowETL/code/.venv/lib/python3.9/site-packages/airflow/example_dags/tutorial.py took 0.119 seconds
[2026-09-18T12:18:46.588+0700] {processor.py:186} INFO - Started process (PID=51137) to work on /Users/andreasanditya/Downloads/572392_Andreas_AirflowETL/code/.venv/lib/python3.9/site-packages/airflow/example_dags/tutorial.py
[2026-09-18T12:18:46.588+0700] {processor.py:914} INFO - Processing file /Users/andreasanditya/Downloads/572392_Andreas_AirflowETL/code/.venv/lib/python3.9/site-packages/airflow/example_dags/tutorial.py for tasks to queue
[2026-09-18T12:18:46.589+0700] {logging_mixin.py:190} INFO - [2026-09-18T12:18:46.589+0700] {dagbag.py:588} INFO - Filling up the DagBag from /Users/andreasanditya/Downloads/572392_Andreas_AirflowETL/code/.venv/lib/python3.9/site-packages/airflow/example_dags/tutorial.py
[2026-09-18T12:18:46.593+0700] {processor.py:925} INFO - DAG(s) 'tutorial' retrieved from /Users/andreasanditya/Downloads/572392_Andreas_AirflowETL/code/.venv/lib/python3.9/site-packages/airflow/example_dags/tutorial.py
[2026-09-18T12:18:46.680+0700] {logging_mixin.py:190} INFO - [2026-09-18T12:18:46.679+0700] {dag.py:3239} INFO - Sync 1 DAGs
[2026-09-18T12:18:46.692+0700] {logging_mixin.py:190} INFO - [2026-09-18T12:18:46.692+0700] {dag.py:4180} INFO - Setting next_dagrun for tutorial to 2026-09-17 00:00:00+00:00, run_after=2026-09-18 00:00:00+00:00
[2026-09-18T12:18:46.701+0700] {processor.py:208} INFO - Processing /Users/andreasanditya/Downloads/572392_Andreas_AirflowETL/code/.venv/lib/python3.9/site-packages/airflow/example_dags/tutorial.py took 0.116 seconds
[2026-09-18T12:20:14.855+0700] {processor.py:186} INFO - Started process (PID=52731) to work on /Users/andreasanditya/Downloads/572392_Andreas_AirflowETL/code/.venv/lib/python3.9/site-packages/airflow/example_dags/tutorial.py
[2026-09-18T12:20:14.857+0700] {processor.py:914} INFO - Processing file /Users/andreasanditya/Downloads/572392_Andreas_AirflowETL/code/.venv/lib/python3.9/site-packages/airflow/example_dags/tutorial.py for tasks to queue
[2026-09-18T12:20:14.857+0700] {logging_mixin.py:190} INFO - [2026-09-18T12:20:14.857+0700] {dagbag.py:588} INFO - Filling up the DagBag from /Users/andreasanditya/Downloads/572392_Andreas_AirflowETL/code/.venv/lib/python3.9/site-packages/airflow/example_dags/tutorial.py
[2026-09-18T12:20:14.862+0700] {processor.py:925} INFO - DAG(s) 'tutorial' retrieved from /Users/andreasanditya/Downloads/572392_Andreas_AirflowETL/code/.venv/lib/python3.9/site-packages/airflow/example_dags/tutorial.py
[2026-09-18T12:20:14.948+0700] {logging_mixin.py:190} INFO - [2026-09-18T12:20:14.948+0700] {dag.py:3239} INFO - Sync 1 DAGs
[2026-09-18T12:20:14.959+0700] {logging_mixin.py:190} INFO - [2026-09-18T12:20:14.959+0700] {dag.py:4180} INFO - Setting next_dagrun for tutorial to 2026-09-17 00:00:00+00:00, run_after=2026-09-18 00:00:00+00:00
[2026-09-18T12:20:14.968+0700] {processor.py:208} INFO - Processing /Users/andreasanditya/Downloads/572392_Andreas_AirflowETL/code/.venv/lib/python3.9/site-packages/airflow/example_dags/tutorial.py took 0.116 seconds
[2026-09-18T12:21:42.016+0700] {processor.py:186} INFO - Started process (PID=53763) to work on /Users/andreasanditya/Downloads/572392_Andreas_AirflowETL/code/.venv/lib/python3.9/site-packages/airflow/example_dags/tutorial.py
[2026-09-18T12:21:42.017+0700] {processor.py:914} INFO - Processing file /Users/andreasanditya/Downloads/572392_Andreas_AirflowETL/code/.venv/lib/python3.9/site-packages/airflow/example_dags/tutorial.py for tasks to queue
[2026-09-18T12:21:42.018+0700] {logging_mixin.py:190} INFO - [2026-09-18T12:21:42.017+0700] {dagbag.py:588} INFO - Filling up the DagBag from /Users/andreasanditya/Downloads/572392_Andreas_AirflowETL/code/.venv/lib/python3.9/site-packages/airflow/example_dags/tutorial.py
[2026-09-18T12:21:42.023+0700] {processor.py:925} INFO - DAG(s) 'tutorial' retrieved from /Users/andreasanditya/Downloads/572392_Andreas_AirflowETL/code/.venv/lib/python3.9/site-packages/airflow/example_dags/tutorial.py
[2026-09-18T12:21:42.111+0700] {logging_mixin.py:190} INFO - [2026-09-18T12:21:42.111+0700] {dag.py:3239} INFO - Sync 1 DAGs
[2026-09-18T12:21:42.121+0700] {logging_mixin.py:190} INFO - [2026-09-18T12:21:42.121+0700] {dag.py:4180} INFO - Setting next_dagrun for tutorial to 2026-09-17 00:00:00+00:00, run_after=2026-09-18 00:00:00+00:00
[2026-09-18T12:21:42.131+0700] {processor.py:208} INFO - Processing /Users/andreasanditya/Downloads/572392_Andreas_AirflowETL/code/.venv/lib/python3.9/site-packages/airflow/example_dags/tutorial.py took 0.117 seconds
[2026-09-18T12:23:09.007+0700] {processor.py:186} INFO - Started process (PID=54665) to work on /Users/andreasanditya/Downloads/572392_Andreas_AirflowETL/code/.venv/lib/python3.9/site-packages/airflow/example_dags/tutorial.py
[2026-09-18T12:23:09.009+0700] {processor.py:914} INFO - Processing file /Users/andreasanditya/Downloads/572392_Andreas_AirflowETL/code/.venv/lib/python3.9/site-packages/airflow/example_dags/tutorial.py for tasks to queue
[2026-09-18T12:23:09.010+0700] {logging_mixin.py:190} INFO - [2026-09-18T12:23:09.009+0700] {dagbag.py:588} INFO - Filling up the DagBag from /Users/andreasanditya/Downloads/572392_Andreas_AirflowETL/code/.venv/lib/python3.9/site-packages/airflow/example_dags/tutorial.py
[2026-09-18T12:23:09.014+0700] {processor.py:925} INFO - DAG(s) 'tutorial' retrieved from /Users/andreasanditya/Downloads/572392_Andreas_AirflowETL/code/.venv/lib/python3.9/site-packages/airflow/example_dags/tutorial.py
[2026-09-18T12:23:09.099+0700] {logging_mixin.py:190} INFO - [2026-09-18T12:23:09.098+0700] {dag.py:3239} INFO - Sync 1 DAGs
[2026-09-18T12:23:09.110+0700] {logging_mixin.py:190} INFO - [2026-09-18T12:23:09.110+0700] {dag.py:4180} INFO - Setting next_dagrun for tutorial to 2026-09-17 00:00:00+00:00, run_after=2026-09-18 00:00:00+00:00
[2026-09-18T12:23:09.119+0700] {processor.py:208} INFO - Processing /Users/andreasanditya/Downloads/572392_Andreas_AirflowETL/code/.venv/lib/python3.9/site-packages/airflow/example_dags/tutorial.py took 0.114 seconds
[2026-09-18T12:24:35.174+0700] {processor.py:186} INFO - Started process (PID=55517) to work on /Users/andreasanditya/Downloads/572392_Andreas_AirflowETL/code/.venv/lib/python3.9/site-packages/airflow/example_dags/tutorial.py
[2026-09-18T12:24:35.175+0700] {processor.py:914} INFO - Processing file /Users/andreasanditya/Downloads/572392_Andreas_AirflowETL/code/.venv/lib/python3.9/site-packages/airflow/example_dags/tutorial.py for tasks to queue
[2026-09-18T12:24:35.176+0700] {logging_mixin.py:190} INFO - [2026-09-18T12:24:35.176+0700] {dagbag.py:588} INFO - Filling up the DagBag from /Users/andreasanditya/Downloads/572392_Andreas_AirflowETL/code/.venv/lib/python3.9/site-packages/airflow/example_dags/tutorial.py
[2026-09-18T12:24:35.180+0700] {processor.py:925} INFO - DAG(s) 'tutorial' retrieved from /Users/andreasanditya/Downloads/572392_Andreas_AirflowETL/code/.venv/lib/python3.9/site-packages/airflow/example_dags/tutorial.py
[2026-09-18T12:24:35.271+0700] {logging_mixin.py:190} INFO - [2026-09-18T12:24:35.271+0700] {dag.py:3239} INFO - Sync 1 DAGs
[2026-09-18T12:24:35.283+0700] {logging_mixin.py:190} INFO - [2026-09-18T12:24:35.283+0700] {dag.py:4180} INFO - Setting next_dagrun for tutorial to 2026-09-17 00:00:00+00:00, run_after=2026-09-18 00:00:00+00:00
[2026-09-18T12:24:35.294+0700] {processor.py:208} INFO - Processing /Users/andreasanditya/Downloads/572392_Andreas_AirflowETL/code/.venv/lib/python3.9/site-packages/airflow/example_dags/tutorial.py took 0.122 seconds
[2026-09-18T12:26:01.822+0700] {processor.py:186} INFO - Started process (PID=56509) to work on /Users/andreasanditya/Downloads/572392_Andreas_AirflowETL/code/.venv/lib/python3.9/site-packages/airflow/example_dags/tutorial.py
[2026-09-18T12:26:01.823+0700] {processor.py:914} INFO - Processing file /Users/andreasanditya/Downloads/572392_Andreas_AirflowETL/code/.venv/lib/python3.9/site-packages/airflow/example_dags/tutorial.py for tasks to queue
[2026-09-18T12:26:01.823+0700] {logging_mixin.py:190} INFO - [2026-09-18T12:26:01.823+0700] {dagbag.py:588} INFO - Filling up the DagBag from /Users/andreasanditya/Downloads/572392_Andreas_AirflowETL/code/.venv/lib/python3.9/site-packages/airflow/example_dags/tutorial.py
[2026-09-18T12:26:01.828+0700] {processor.py:925} INFO - DAG(s) 'tutorial' retrieved from /Users/andreasanditya/Downloads/572392_Andreas_AirflowETL/code/.venv/lib/python3.9/site-packages/airflow/example_dags/tutorial.py
[2026-09-18T12:26:01.913+0700] {logging_mixin.py:190} INFO - [2026-09-18T12:26:01.913+0700] {dag.py:3239} INFO - Sync 1 DAGs
[2026-09-18T12:26:01.924+0700] {logging_mixin.py:190} INFO - [2026-09-18T12:26:01.924+0700] {dag.py:4180} INFO - Setting next_dagrun for tutorial to 2026-09-17 00:00:00+00:00, run_after=2026-09-18 00:00:00+00:00
[2026-09-18T12:26:01.934+0700] {processor.py:208} INFO - Processing /Users/andreasanditya/Downloads/572392_Andreas_AirflowETL/code/.venv/lib/python3.9/site-packages/airflow/example_dags/tutorial.py took 0.114 seconds
[2026-09-18T12:27:28.554+0700] {processor.py:186} INFO - Started process (PID=57424) to work on /Users/andreasanditya/Downloads/572392_Andreas_AirflowETL/code/.venv/lib/python3.9/site-packages/airflow/example_dags/tutorial.py
[2026-09-18T12:27:28.554+0700] {processor.py:914} INFO - Processing file /Users/andreasanditya/Downloads/572392_Andreas_AirflowETL/code/.venv/lib/python3.9/site-packages/airflow/example_dags/tutorial.py for tasks to queue
[2026-09-18T12:27:28.555+0700] {logging_mixin.py:190} INFO - [2026-09-18T12:27:28.555+0700] {dagbag.py:588} INFO - Filling up the DagBag from /Users/andreasanditya/Downloads/572392_Andreas_AirflowETL/code/.venv/lib/python3.9/site-packages/airflow/example_dags/tutorial.py
[2026-09-18T12:27:28.560+0700] {processor.py:925} INFO - DAG(s) 'tutorial' retrieved from /Users/andreasanditya/Downloads/572392_Andreas_AirflowETL/code/.venv/lib/python3.9/site-packages/airflow/example_dags/tutorial.py
[2026-09-18T12:27:28.645+0700] {logging_mixin.py:190} INFO - [2026-09-18T12:27:28.645+0700] {dag.py:3239} INFO - Sync 1 DAGs
[2026-09-18T12:27:28.656+0700] {logging_mixin.py:190} INFO - [2026-09-18T12:27:28.656+0700] {dag.py:4180} INFO - Setting next_dagrun for tutorial to 2026-09-17 00:00:00+00:00, run_after=2026-09-18 00:00:00+00:00
[2026-09-18T12:27:28.666+0700] {processor.py:208} INFO - Processing /Users/andreasanditya/Downloads/572392_Andreas_AirflowETL/code/.venv/lib/python3.9/site-packages/airflow/example_dags/tutorial.py took 0.114 seconds
[2026-09-18T12:28:54.193+0700] {processor.py:186} INFO - Started process (PID=58260) to work on /Users/andreasanditya/Downloads/572392_Andreas_AirflowETL/code/.venv/lib/python3.9/site-packages/airflow/example_dags/tutorial.py
[2026-09-18T12:28:54.194+0700] {processor.py:914} INFO - Processing file /Users/andreasanditya/Downloads/572392_Andreas_AirflowETL/code/.venv/lib/python3.9/site-packages/airflow/example_dags/tutorial.py for tasks to queue
[2026-09-18T12:28:54.195+0700] {logging_mixin.py:190} INFO - [2026-09-18T12:28:54.195+0700] {dagbag.py:588} INFO - Filling up the DagBag from /Users/andreasanditya/Downloads/572392_Andreas_AirflowETL/code/.venv/lib/python3.9/site-packages/airflow/example_dags/tutorial.py
[2026-09-18T12:28:54.199+0700] {processor.py:925} INFO - DAG(s) 'tutorial' retrieved from /Users/andreasanditya/Downloads/572392_Andreas_AirflowETL/code/.venv/lib/python3.9/site-packages/airflow/example_dags/tutorial.py
[2026-09-18T12:28:54.285+0700] {logging_mixin.py:190} INFO - [2026-09-18T12:28:54.285+0700] {dag.py:3239} INFO - Sync 1 DAGs
[2026-09-18T12:28:54.297+0700] {logging_mixin.py:190} INFO - [2026-09-18T12:28:54.297+0700] {dag.py:4180} INFO - Setting next_dagrun for tutorial to 2026-09-17 00:00:00+00:00, run_after=2026-09-18 00:00:00+00:00
[2026-09-18T12:28:54.306+0700] {processor.py:208} INFO - Processing /Users/andreasanditya/Downloads/572392_Andreas_AirflowETL/code/.venv/lib/python3.9/site-packages/airflow/example_dags/tutorial.py took 0.115 seconds
[2026-09-18T12:30:17.952+0700] {processor.py:186} INFO - Started process (PID=59112) to work on /Users/andreasanditya/Downloads/572392_Andreas_AirflowETL/code/.venv/lib/python3.9/site-packages/airflow/example_dags/tutorial.py
[2026-09-18T12:30:17.953+0700] {processor.py:914} INFO - Processing file /Users/andreasanditya/Downloads/572392_Andreas_AirflowETL/code/.venv/lib/python3.9/site-packages/airflow/example_dags/tutorial.py for tasks to queue
[2026-09-18T12:30:17.954+0700] {logging_mixin.py:190} INFO - [2026-09-18T12:30:17.954+0700] {dagbag.py:588} INFO - Filling up the DagBag from /Users/andreasanditya/Downloads/572392_Andreas_AirflowETL/code/.venv/lib/python3.9/site-packages/airflow/example_dags/tutorial.py
[2026-09-18T12:30:17.958+0700] {processor.py:925} INFO - DAG(s) 'tutorial' retrieved from /Users/andreasanditya/Downloads/572392_Andreas_AirflowETL/code/.venv/lib/python3.9/site-packages/airflow/example_dags/tutorial.py
[2026-09-18T12:30:18.042+0700] {logging_mixin.py:190} INFO - [2026-09-18T12:30:18.042+0700] {dag.py:3239} INFO - Sync 1 DAGs
[2026-09-18T12:30:18.052+0700] {logging_mixin.py:190} INFO - [2026-09-18T12:30:18.052+0700] {dag.py:4180} INFO - Setting next_dagrun for tutorial to 2026-09-17 00:00:00+00:00, run_after=2026-09-18 00:00:00+00:00
[2026-09-18T12:30:18.062+0700] {processor.py:208} INFO - Processing /Users/andreasanditya/Downloads/572392_Andreas_AirflowETL/code/.venv/lib/python3.9/site-packages/airflow/example_dags/tutorial.py took 0.112 seconds
[2026-09-18T12:31:40.839+0700] {processor.py:186} INFO - Started process (PID=59944) to work on /Users/andreasanditya/Downloads/572392_Andreas_AirflowETL/code/.venv/lib/python3.9/site-packages/airflow/example_dags/tutorial.py
[2026-09-18T12:31:40.840+0700] {processor.py:914} INFO - Processing file /Users/andreasanditya/Downloads/572392_Andreas_AirflowETL/code/.venv/lib/python3.9/site-packages/airflow/example_dags/tutorial.py for tasks to queue
[2026-09-18T12:31:40.840+0700] {logging_mixin.py:190} INFO - [2026-09-18T12:31:40.840+0700] {dagbag.py:588} INFO - Filling up the DagBag from /Users/andreasanditya/Downloads/572392_Andreas_AirflowETL/code/.venv/lib/python3.9/site-packages/airflow/example_dags/tutorial.py
[2026-09-18T12:31:40.845+0700] {processor.py:925} INFO - DAG(s) 'tutorial' retrieved from /Users/andreasanditya/Downloads/572392_Andreas_AirflowETL/code/.venv/lib/python3.9/site-packages/airflow/example_dags/tutorial.py
[2026-09-18T12:31:40.930+0700] {logging_mixin.py:190} INFO - [2026-09-18T12:31:40.930+0700] {dag.py:3239} INFO - Sync 1 DAGs
[2026-09-18T12:31:40.941+0700] {logging_mixin.py:190} INFO - [2026-09-18T12:31:40.940+0700] {dag.py:4180} INFO - Setting next_dagrun for tutorial to 2026-09-17 00:00:00+00:00, run_after=2026-09-18 00:00:00+00:00
[2026-09-18T12:31:40.950+0700] {processor.py:208} INFO - Processing /Users/andreasanditya/Downloads/572392_Andreas_AirflowETL/code/.venv/lib/python3.9/site-packages/airflow/example_dags/tutorial.py took 0.113 seconds
[2026-09-18T12:33:06.277+0700] {processor.py:186} INFO - Started process (PID=60864) to work on /Users/andreasanditya/Downloads/572392_Andreas_AirflowETL/code/.venv/lib/python3.9/site-packages/airflow/example_dags/tutorial.py
[2026-09-18T12:33:06.278+0700] {processor.py:914} INFO - Processing file /Users/andreasanditya/Downloads/572392_Andreas_AirflowETL/code/.venv/lib/python3.9/site-packages/airflow/example_dags/tutorial.py for tasks to queue
[2026-09-18T12:33:06.279+0700] {logging_mixin.py:190} INFO - [2026-09-18T12:33:06.279+0700] {dagbag.py:588} INFO - Filling up the DagBag from /Users/andreasanditya/Downloads/572392_Andreas_AirflowETL/code/.venv/lib/python3.9/site-packages/airflow/example_dags/tutorial.py
[2026-09-18T12:33:06.283+0700] {processor.py:925} INFO - DAG(s) 'tutorial' retrieved from /Users/andreasanditya/Downloads/572392_Andreas_AirflowETL/code/.venv/lib/python3.9/site-packages/airflow/example_dags/tutorial.py
[2026-09-18T12:33:06.372+0700] {logging_mixin.py:190} INFO - [2026-09-18T12:33:06.371+0700] {dag.py:3239} INFO - Sync 1 DAGs
[2026-09-18T12:33:06.382+0700] {logging_mixin.py:190} INFO - [2026-09-18T12:33:06.382+0700] {dag.py:4180} INFO - Setting next_dagrun for tutorial to 2026-09-17 00:00:00+00:00, run_after=2026-09-18 00:00:00+00:00
[2026-09-18T12:33:06.393+0700] {processor.py:208} INFO - Processing /Users/andreasanditya/Downloads/572392_Andreas_AirflowETL/code/.venv/lib/python3.9/site-packages/airflow/example_dags/tutorial.py took 0.117 seconds
[2026-09-18T12:34:32.212+0700] {processor.py:186} INFO - Started process (PID=61710) to work on /Users/andreasanditya/Downloads/572392_Andreas_AirflowETL/code/.venv/lib/python3.9/site-packages/airflow/example_dags/tutorial.py
[2026-09-18T12:34:32.213+0700] {processor.py:914} INFO - Processing file /Users/andreasanditya/Downloads/572392_Andreas_AirflowETL/code/.venv/lib/python3.9/site-packages/airflow/example_dags/tutorial.py for tasks to queue
[2026-09-18T12:34:32.214+0700] {logging_mixin.py:190} INFO - [2026-09-18T12:34:32.214+0700] {dagbag.py:588} INFO - Filling up the DagBag from /Users/andreasanditya/Downloads/572392_Andreas_AirflowETL/code/.venv/lib/python3.9/site-packages/airflow/example_dags/tutorial.py
[2026-09-18T12:34:32.218+0700] {processor.py:925} INFO - DAG(s) 'tutorial' retrieved from /Users/andreasanditya/Downloads/572392_Andreas_AirflowETL/code/.venv/lib/python3.9/site-packages/airflow/example_dags/tutorial.py
[2026-09-18T12:34:32.305+0700] {logging_mixin.py:190} INFO - [2026-09-18T12:34:32.305+0700] {dag.py:3239} INFO - Sync 1 DAGs
[2026-09-18T12:34:32.316+0700] {logging_mixin.py:190} INFO - [2026-09-18T12:34:32.316+0700] {dag.py:4180} INFO - Setting next_dagrun for tutorial to 2026-09-17 00:00:00+00:00, run_after=2026-09-18 00:00:00+00:00
[2026-09-18T12:34:32.326+0700] {processor.py:208} INFO - Processing /Users/andreasanditya/Downloads/572392_Andreas_AirflowETL/code/.venv/lib/python3.9/site-packages/airflow/example_dags/tutorial.py took 0.116 seconds
[2026-09-18T12:35:56.365+0700] {processor.py:186} INFO - Started process (PID=62621) to work on /Users/andreasanditya/Downloads/572392_Andreas_AirflowETL/code/.venv/lib/python3.9/site-packages/airflow/example_dags/tutorial.py
[2026-09-18T12:35:56.367+0700] {processor.py:914} INFO - Processing file /Users/andreasanditya/Downloads/572392_Andreas_AirflowETL/code/.venv/lib/python3.9/site-packages/airflow/example_dags/tutorial.py for tasks to queue
[2026-09-18T12:35:56.367+0700] {logging_mixin.py:190} INFO - [2026-09-18T12:35:56.367+0700] {dagbag.py:588} INFO - Filling up the DagBag from /Users/andreasanditya/Downloads/572392_Andreas_AirflowETL/code/.venv/lib/python3.9/site-packages/airflow/example_dags/tutorial.py
[2026-09-18T12:35:56.372+0700] {processor.py:925} INFO - DAG(s) 'tutorial' retrieved from /Users/andreasanditya/Downloads/572392_Andreas_AirflowETL/code/.venv/lib/python3.9/site-packages/airflow/example_dags/tutorial.py
[2026-09-18T12:35:56.456+0700] {logging_mixin.py:190} INFO - [2026-09-18T12:35:56.455+0700] {dag.py:3239} INFO - Sync 1 DAGs
[2026-09-18T12:35:56.467+0700] {logging_mixin.py:190} INFO - [2026-09-18T12:35:56.467+0700] {dag.py:4180} INFO - Setting next_dagrun for tutorial to 2026-09-17 00:00:00+00:00, run_after=2026-09-18 00:00:00+00:00
[2026-09-18T12:35:56.476+0700] {processor.py:208} INFO - Processing /Users/andreasanditya/Downloads/572392_Andreas_AirflowETL/code/.venv/lib/python3.9/site-packages/airflow/example_dags/tutorial.py took 0.113 seconds
[2026-09-18T12:37:22.560+0700] {processor.py:186} INFO - Started process (PID=63475) to work on /Users/andreasanditya/Downloads/572392_Andreas_AirflowETL/code/.venv/lib/python3.9/site-packages/airflow/example_dags/tutorial.py
[2026-09-18T12:37:22.561+0700] {processor.py:914} INFO - Processing file /Users/andreasanditya/Downloads/572392_Andreas_AirflowETL/code/.venv/lib/python3.9/site-packages/airflow/example_dags/tutorial.py for tasks to queue
[2026-09-18T12:37:22.561+0700] {logging_mixin.py:190} INFO - [2026-09-18T12:37:22.561+0700] {dagbag.py:588} INFO - Filling up the DagBag from /Users/andreasanditya/Downloads/572392_Andreas_AirflowETL/code/.venv/lib/python3.9/site-packages/airflow/example_dags/tutorial.py
[2026-09-18T12:37:22.566+0700] {processor.py:925} INFO - DAG(s) 'tutorial' retrieved from /Users/andreasanditya/Downloads/572392_Andreas_AirflowETL/code/.venv/lib/python3.9/site-packages/airflow/example_dags/tutorial.py
[2026-09-18T12:37:22.656+0700] {logging_mixin.py:190} INFO - [2026-09-18T12:37:22.656+0700] {dag.py:3239} INFO - Sync 1 DAGs
[2026-09-18T12:37:22.667+0700] {logging_mixin.py:190} INFO - [2026-09-18T12:37:22.667+0700] {dag.py:4180} INFO - Setting next_dagrun for tutorial to 2026-09-17 00:00:00+00:00, run_after=2026-09-18 00:00:00+00:00
[2026-09-18T12:37:22.677+0700] {processor.py:208} INFO - Processing /Users/andreasanditya/Downloads/572392_Andreas_AirflowETL/code/.venv/lib/python3.9/site-packages/airflow/example_dags/tutorial.py took 0.119 seconds
[2026-09-18T12:38:49.790+0700] {processor.py:186} INFO - Started process (PID=64392) to work on /Users/andreasanditya/Downloads/572392_Andreas_AirflowETL/code/.venv/lib/python3.9/site-packages/airflow/example_dags/tutorial.py
[2026-09-18T12:38:49.791+0700] {processor.py:914} INFO - Processing file /Users/andreasanditya/Downloads/572392_Andreas_AirflowETL/code/.venv/lib/python3.9/site-packages/airflow/example_dags/tutorial.py for tasks to queue
[2026-09-18T12:38:49.792+0700] {logging_mixin.py:190} INFO - [2026-09-18T12:38:49.792+0700] {dagbag.py:588} INFO - Filling up the DagBag from /Users/andreasanditya/Downloads/572392_Andreas_AirflowETL/code/.venv/lib/python3.9/site-packages/airflow/example_dags/tutorial.py
[2026-09-18T12:38:49.796+0700] {processor.py:925} INFO - DAG(s) 'tutorial' retrieved from /Users/andreasanditya/Downloads/572392_Andreas_AirflowETL/code/.venv/lib/python3.9/site-packages/airflow/example_dags/tutorial.py
[2026-09-18T12:38:49.881+0700] {logging_mixin.py:190} INFO - [2026-09-18T12:38:49.881+0700] {dag.py:3239} INFO - Sync 1 DAGs
[2026-09-18T12:38:49.892+0700] {logging_mixin.py:190} INFO - [2026-09-18T12:38:49.892+0700] {dag.py:4180} INFO - Setting next_dagrun for tutorial to 2026-09-17 00:00:00+00:00, run_after=2026-09-18 00:00:00+00:00
[2026-09-18T12:38:49.901+0700] {processor.py:208} INFO - Processing /Users/andreasanditya/Downloads/572392_Andreas_AirflowETL/code/.venv/lib/python3.9/site-packages/airflow/example_dags/tutorial.py took 0.113 seconds
[2026-09-18T12:40:18.001+0700] {processor.py:186} INFO - Started process (PID=65315) to work on /Users/andreasanditya/Downloads/572392_Andreas_AirflowETL/code/.venv/lib/python3.9/site-packages/airflow/example_dags/tutorial.py
[2026-09-18T12:40:18.002+0700] {processor.py:914} INFO - Processing file /Users/andreasanditya/Downloads/572392_Andreas_AirflowETL/code/.venv/lib/python3.9/site-packages/airflow/example_dags/tutorial.py for tasks to queue
[2026-09-18T12:40:18.003+0700] {logging_mixin.py:190} INFO - [2026-09-18T12:40:18.003+0700] {dagbag.py:588} INFO - Filling up the DagBag from /Users/andreasanditya/Downloads/572392_Andreas_AirflowETL/code/.venv/lib/python3.9/site-packages/airflow/example_dags/tutorial.py
[2026-09-18T12:40:18.008+0700] {processor.py:925} INFO - DAG(s) 'tutorial' retrieved from /Users/andreasanditya/Downloads/572392_Andreas_AirflowETL/code/.venv/lib/python3.9/site-packages/airflow/example_dags/tutorial.py
[2026-09-18T12:40:18.093+0700] {logging_mixin.py:190} INFO - [2026-09-18T12:40:18.093+0700] {dag.py:3239} INFO - Sync 1 DAGs
[2026-09-18T12:40:18.104+0700] {logging_mixin.py:190} INFO - [2026-09-18T12:40:18.104+0700] {dag.py:4180} INFO - Setting next_dagrun for tutorial to 2026-09-17 00:00:00+00:00, run_after=2026-09-18 00:00:00+00:00
[2026-09-18T12:40:18.114+0700] {processor.py:208} INFO - Processing /Users/andreasanditya/Downloads/572392_Andreas_AirflowETL/code/.venv/lib/python3.9/site-packages/airflow/example_dags/tutorial.py took 0.115 seconds
[2026-09-18T12:41:44.678+0700] {processor.py:186} INFO - Started process (PID=66145) to work on /Users/andreasanditya/Downloads/572392_Andreas_AirflowETL/code/.venv/lib/python3.9/site-packages/airflow/example_dags/tutorial.py
[2026-09-18T12:41:44.679+0700] {processor.py:914} INFO - Processing file /Users/andreasanditya/Downloads/572392_Andreas_AirflowETL/code/.venv/lib/python3.9/site-packages/airflow/example_dags/tutorial.py for tasks to queue
[2026-09-18T12:41:44.680+0700] {logging_mixin.py:190} INFO - [2026-09-18T12:41:44.680+0700] {dagbag.py:588} INFO - Filling up the DagBag from /Users/andreasanditya/Downloads/572392_Andreas_AirflowETL/code/.venv/lib/python3.9/site-packages/airflow/example_dags/tutorial.py
[2026-09-18T12:41:44.684+0700] {processor.py:925} INFO - DAG(s) 'tutorial' retrieved from /Users/andreasanditya/Downloads/572392_Andreas_AirflowETL/code/.venv/lib/python3.9/site-packages/airflow/example_dags/tutorial.py
[2026-09-18T12:41:44.770+0700] {logging_mixin.py:190} INFO - [2026-09-18T12:41:44.770+0700] {dag.py:3239} INFO - Sync 1 DAGs
[2026-09-18T12:41:44.781+0700] {logging_mixin.py:190} INFO - [2026-09-18T12:41:44.781+0700] {dag.py:4180} INFO - Setting next_dagrun for tutorial to 2026-09-17 00:00:00+00:00, run_after=2026-09-18 00:00:00+00:00
[2026-09-18T12:41:44.791+0700] {processor.py:208} INFO - Processing /Users/andreasanditya/Downloads/572392_Andreas_AirflowETL/code/.venv/lib/python3.9/site-packages/airflow/example_dags/tutorial.py took 0.115 seconds
[2026-09-18T12:43:09.123+0700] {processor.py:186} INFO - Started process (PID=66973) to work on /Users/andreasanditya/Downloads/572392_Andreas_AirflowETL/code/.venv/lib/python3.9/site-packages/airflow/example_dags/tutorial.py
[2026-09-18T12:43:09.124+0700] {processor.py:914} INFO - Processing file /Users/andreasanditya/Downloads/572392_Andreas_AirflowETL/code/.venv/lib/python3.9/site-packages/airflow/example_dags/tutorial.py for tasks to queue
[2026-09-18T12:43:09.125+0700] {logging_mixin.py:190} INFO - [2026-09-18T12:43:09.124+0700] {dagbag.py:588} INFO - Filling up the DagBag from /Users/andreasanditya/Downloads/572392_Andreas_AirflowETL/code/.venv/lib/python3.9/site-packages/airflow/example_dags/tutorial.py
[2026-09-18T12:43:09.129+0700] {processor.py:925} INFO - DAG(s) 'tutorial' retrieved from /Users/andreasanditya/Downloads/572392_Andreas_AirflowETL/code/.venv/lib/python3.9/site-packages/airflow/example_dags/tutorial.py
[2026-09-18T12:43:09.212+0700] {logging_mixin.py:190} INFO - [2026-09-18T12:43:09.212+0700] {dag.py:3239} INFO - Sync 1 DAGs
[2026-09-18T12:43:09.223+0700] {logging_mixin.py:190} INFO - [2026-09-18T12:43:09.223+0700] {dag.py:4180} INFO - Setting next_dagrun for tutorial to 2026-09-17 00:00:00+00:00, run_after=2026-09-18 00:00:00+00:00
[2026-09-18T12:43:09.233+0700] {processor.py:208} INFO - Processing /Users/andreasanditya/Downloads/572392_Andreas_AirflowETL/code/.venv/lib/python3.9/site-packages/airflow/example_dags/tutorial.py took 0.112 seconds
[2026-09-18T12:44:36.262+0700] {processor.py:186} INFO - Started process (PID=67883) to work on /Users/andreasanditya/Downloads/572392_Andreas_AirflowETL/code/.venv/lib/python3.9/site-packages/airflow/example_dags/tutorial.py
[2026-09-18T12:44:36.263+0700] {processor.py:914} INFO - Processing file /Users/andreasanditya/Downloads/572392_Andreas_AirflowETL/code/.venv/lib/python3.9/site-packages/airflow/example_dags/tutorial.py for tasks to queue
[2026-09-18T12:44:36.264+0700] {logging_mixin.py:190} INFO - [2026-09-18T12:44:36.264+0700] {dagbag.py:588} INFO - Filling up the DagBag from /Users/andreasanditya/Downloads/572392_Andreas_AirflowETL/code/.venv/lib/python3.9/site-packages/airflow/example_dags/tutorial.py
[2026-09-18T12:44:36.268+0700] {processor.py:925} INFO - DAG(s) 'tutorial' retrieved from /Users/andreasanditya/Downloads/572392_Andreas_AirflowETL/code/.venv/lib/python3.9/site-packages/airflow/example_dags/tutorial.py
[2026-09-18T12:44:36.354+0700] {logging_mixin.py:190} INFO - [2026-09-18T12:44:36.354+0700] {dag.py:3239} INFO - Sync 1 DAGs
[2026-09-18T12:44:36.365+0700] {logging_mixin.py:190} INFO - [2026-09-18T12:44:36.365+0700] {dag.py:4180} INFO - Setting next_dagrun for tutorial to 2026-09-17 00:00:00+00:00, run_after=2026-09-18 00:00:00+00:00
[2026-09-18T12:44:36.374+0700] {processor.py:208} INFO - Processing /Users/andreasanditya/Downloads/572392_Andreas_AirflowETL/code/.venv/lib/python3.9/site-packages/airflow/example_dags/tutorial.py took 0.114 seconds
[2026-09-18T12:46:03.102+0700] {processor.py:186} INFO - Started process (PID=68818) to work on /Users/andreasanditya/Downloads/572392_Andreas_AirflowETL/code/.venv/lib/python3.9/site-packages/airflow/example_dags/tutorial.py
[2026-09-18T12:46:03.103+0700] {processor.py:914} INFO - Processing file /Users/andreasanditya/Downloads/572392_Andreas_AirflowETL/code/.venv/lib/python3.9/site-packages/airflow/example_dags/tutorial.py for tasks to queue
[2026-09-18T12:46:03.103+0700] {logging_mixin.py:190} INFO - [2026-09-18T12:46:03.103+0700] {dagbag.py:588} INFO - Filling up the DagBag from /Users/andreasanditya/Downloads/572392_Andreas_AirflowETL/code/.venv/lib/python3.9/site-packages/airflow/example_dags/tutorial.py
[2026-09-18T12:46:03.108+0700] {processor.py:925} INFO - DAG(s) 'tutorial' retrieved from /Users/andreasanditya/Downloads/572392_Andreas_AirflowETL/code/.venv/lib/python3.9/site-packages/airflow/example_dags/tutorial.py
[2026-09-18T12:46:03.193+0700] {logging_mixin.py:190} INFO - [2026-09-18T12:46:03.193+0700] {dag.py:3239} INFO - Sync 1 DAGs
[2026-09-18T12:46:03.204+0700] {logging_mixin.py:190} INFO - [2026-09-18T12:46:03.204+0700] {dag.py:4180} INFO - Setting next_dagrun for tutorial to 2026-09-17 00:00:00+00:00, run_after=2026-09-18 00:00:00+00:00
[2026-09-18T12:46:03.214+0700] {processor.py:208} INFO - Processing /Users/andreasanditya/Downloads/572392_Andreas_AirflowETL/code/.venv/lib/python3.9/site-packages/airflow/example_dags/tutorial.py took 0.114 seconds
[2026-09-18T12:47:29.452+0700] {processor.py:186} INFO - Started process (PID=69645) to work on /Users/andreasanditya/Downloads/572392_Andreas_AirflowETL/code/.venv/lib/python3.9/site-packages/airflow/example_dags/tutorial.py
[2026-09-18T12:47:29.453+0700] {processor.py:914} INFO - Processing file /Users/andreasanditya/Downloads/572392_Andreas_AirflowETL/code/.venv/lib/python3.9/site-packages/airflow/example_dags/tutorial.py for tasks to queue
[2026-09-18T12:47:29.454+0700] {logging_mixin.py:190} INFO - [2026-09-18T12:47:29.454+0700] {dagbag.py:588} INFO - Filling up the DagBag from /Users/andreasanditya/Downloads/572392_Andreas_AirflowETL/code/.venv/lib/python3.9/site-packages/airflow/example_dags/tutorial.py
[2026-09-18T12:47:29.458+0700] {processor.py:925} INFO - DAG(s) 'tutorial' retrieved from /Users/andreasanditya/Downloads/572392_Andreas_AirflowETL/code/.venv/lib/python3.9/site-packages/airflow/example_dags/tutorial.py
[2026-09-18T12:47:29.544+0700] {logging_mixin.py:190} INFO - [2026-09-18T12:47:29.544+0700] {dag.py:3239} INFO - Sync 1 DAGs
[2026-09-18T12:47:29.555+0700] {logging_mixin.py:190} INFO - [2026-09-18T12:47:29.555+0700] {dag.py:4180} INFO - Setting next_dagrun for tutorial to 2026-09-17 00:00:00+00:00, run_after=2026-09-18 00:00:00+00:00
[2026-09-18T12:47:29.565+0700] {processor.py:208} INFO - Processing /Users/andreasanditya/Downloads/572392_Andreas_AirflowETL/code/.venv/lib/python3.9/site-packages/airflow/example_dags/tutorial.py took 0.114 seconds
[2026-09-18T12:48:55.170+0700] {processor.py:186} INFO - Started process (PID=70543) to work on /Users/andreasanditya/Downloads/572392_Andreas_AirflowETL/code/.venv/lib/python3.9/site-packages/airflow/example_dags/tutorial.py
[2026-09-18T12:48:55.171+0700] {processor.py:914} INFO - Processing file /Users/andreasanditya/Downloads/572392_Andreas_AirflowETL/code/.venv/lib/python3.9/site-packages/airflow/example_dags/tutorial.py for tasks to queue
[2026-09-18T12:48:55.172+0700] {logging_mixin.py:190} INFO - [2026-09-18T12:48:55.172+0700] {dagbag.py:588} INFO - Filling up the DagBag from /Users/andreasanditya/Downloads/572392_Andreas_AirflowETL/code/.venv/lib/python3.9/site-packages/airflow/example_dags/tutorial.py
[2026-09-18T12:48:55.176+0700] {processor.py:925} INFO - DAG(s) 'tutorial' retrieved from /Users/andreasanditya/Downloads/572392_Andreas_AirflowETL/code/.venv/lib/python3.9/site-packages/airflow/example_dags/tutorial.py
[2026-09-18T12:48:55.260+0700] {logging_mixin.py:190} INFO - [2026-09-18T12:48:55.260+0700] {dag.py:3239} INFO - Sync 1 DAGs
[2026-09-18T12:48:55.271+0700] {logging_mixin.py:190} INFO - [2026-09-18T12:48:55.271+0700] {dag.py:4180} INFO - Setting next_dagrun for tutorial to 2026-09-17 00:00:00+00:00, run_after=2026-09-18 00:00:00+00:00
[2026-09-18T12:48:55.280+0700] {processor.py:208} INFO - Processing /Users/andreasanditya/Downloads/572392_Andreas_AirflowETL/code/.venv/lib/python3.9/site-packages/airflow/example_dags/tutorial.py took 0.112 seconds
[2026-09-18T12:50:19.142+0700] {processor.py:186} INFO - Started process (PID=71384) to work on /Users/andreasanditya/Downloads/572392_Andreas_AirflowETL/code/.venv/lib/python3.9/site-packages/airflow/example_dags/tutorial.py
[2026-09-18T12:50:19.144+0700] {processor.py:914} INFO - Processing file /Users/andreasanditya/Downloads/572392_Andreas_AirflowETL/code/.venv/lib/python3.9/site-packages/airflow/example_dags/tutorial.py for tasks to queue
[2026-09-18T12:50:19.144+0700] {logging_mixin.py:190} INFO - [2026-09-18T12:50:19.144+0700] {dagbag.py:588} INFO - Filling up the DagBag from /Users/andreasanditya/Downloads/572392_Andreas_AirflowETL/code/.venv/lib/python3.9/site-packages/airflow/example_dags/tutorial.py
[2026-09-18T12:50:19.149+0700] {processor.py:925} INFO - DAG(s) 'tutorial' retrieved from /Users/andreasanditya/Downloads/572392_Andreas_AirflowETL/code/.venv/lib/python3.9/site-packages/airflow/example_dags/tutorial.py
[2026-09-18T12:50:19.233+0700] {logging_mixin.py:190} INFO - [2026-09-18T12:50:19.233+0700] {dag.py:3239} INFO - Sync 1 DAGs
[2026-09-18T12:50:19.243+0700] {logging_mixin.py:190} INFO - [2026-09-18T12:50:19.243+0700] {dag.py:4180} INFO - Setting next_dagrun for tutorial to 2026-09-17 00:00:00+00:00, run_after=2026-09-18 00:00:00+00:00
[2026-09-18T12:50:19.253+0700] {processor.py:208} INFO - Processing /Users/andreasanditya/Downloads/572392_Andreas_AirflowETL/code/.venv/lib/python3.9/site-packages/airflow/example_dags/tutorial.py took 0.113 seconds
[2026-09-18T12:51:42.055+0700] {processor.py:186} INFO - Started process (PID=72219) to work on /Users/andreasanditya/Downloads/572392_Andreas_AirflowETL/code/.venv/lib/python3.9/site-packages/airflow/example_dags/tutorial.py
[2026-09-18T12:51:42.056+0700] {processor.py:914} INFO - Processing file /Users/andreasanditya/Downloads/572392_Andreas_AirflowETL/code/.venv/lib/python3.9/site-packages/airflow/example_dags/tutorial.py for tasks to queue
[2026-09-18T12:51:42.057+0700] {logging_mixin.py:190} INFO - [2026-09-18T12:51:42.057+0700] {dagbag.py:588} INFO - Filling up the DagBag from /Users/andreasanditya/Downloads/572392_Andreas_AirflowETL/code/.venv/lib/python3.9/site-packages/airflow/example_dags/tutorial.py
[2026-09-18T12:51:42.061+0700] {processor.py:925} INFO - DAG(s) 'tutorial' retrieved from /Users/andreasanditya/Downloads/572392_Andreas_AirflowETL/code/.venv/lib/python3.9/site-packages/airflow/example_dags/tutorial.py
[2026-09-18T12:51:42.147+0700] {logging_mixin.py:190} INFO - [2026-09-18T12:51:42.147+0700] {dag.py:3239} INFO - Sync 1 DAGs
[2026-09-18T12:51:42.157+0700] {logging_mixin.py:190} INFO - [2026-09-18T12:51:42.157+0700] {dag.py:4180} INFO - Setting next_dagrun for tutorial to 2026-09-17 00:00:00+00:00, run_after=2026-09-18 00:00:00+00:00
[2026-09-18T12:51:42.167+0700] {processor.py:208} INFO - Processing /Users/andreasanditya/Downloads/572392_Andreas_AirflowETL/code/.venv/lib/python3.9/site-packages/airflow/example_dags/tutorial.py took 0.114 seconds
[2026-09-18T12:53:08.588+0700] {processor.py:186} INFO - Started process (PID=73133) to work on /Users/andreasanditya/Downloads/572392_Andreas_AirflowETL/code/.venv/lib/python3.9/site-packages/airflow/example_dags/tutorial.py
[2026-09-18T12:53:08.591+0700] {processor.py:914} INFO - Processing file /Users/andreasanditya/Downloads/572392_Andreas_AirflowETL/code/.venv/lib/python3.9/site-packages/airflow/example_dags/tutorial.py for tasks to queue
[2026-09-18T12:53:08.591+0700] {logging_mixin.py:190} INFO - [2026-09-18T12:53:08.591+0700] {dagbag.py:588} INFO - Filling up the DagBag from /Users/andreasanditya/Downloads/572392_Andreas_AirflowETL/code/.venv/lib/python3.9/site-packages/airflow/example_dags/tutorial.py
[2026-09-18T12:53:08.596+0700] {processor.py:925} INFO - DAG(s) 'tutorial' retrieved from /Users/andreasanditya/Downloads/572392_Andreas_AirflowETL/code/.venv/lib/python3.9/site-packages/airflow/example_dags/tutorial.py
[2026-09-18T12:53:08.680+0700] {logging_mixin.py:190} INFO - [2026-09-18T12:53:08.680+0700] {dag.py:3239} INFO - Sync 1 DAGs
[2026-09-18T12:53:08.691+0700] {logging_mixin.py:190} INFO - [2026-09-18T12:53:08.691+0700] {dag.py:4180} INFO - Setting next_dagrun for tutorial to 2026-09-17 00:00:00+00:00, run_after=2026-09-18 00:00:00+00:00
[2026-09-18T12:53:08.701+0700] {processor.py:208} INFO - Processing /Users/andreasanditya/Downloads/572392_Andreas_AirflowETL/code/.venv/lib/python3.9/site-packages/airflow/example_dags/tutorial.py took 0.115 seconds
[2026-09-18T12:54:33.573+0700] {processor.py:186} INFO - Started process (PID=73984) to work on /Users/andreasanditya/Downloads/572392_Andreas_AirflowETL/code/.venv/lib/python3.9/site-packages/airflow/example_dags/tutorial.py
[2026-09-18T12:54:33.574+0700] {processor.py:914} INFO - Processing file /Users/andreasanditya/Downloads/572392_Andreas_AirflowETL/code/.venv/lib/python3.9/site-packages/airflow/example_dags/tutorial.py for tasks to queue
[2026-09-18T12:54:33.575+0700] {logging_mixin.py:190} INFO - [2026-09-18T12:54:33.575+0700] {dagbag.py:588} INFO - Filling up the DagBag from /Users/andreasanditya/Downloads/572392_Andreas_AirflowETL/code/.venv/lib/python3.9/site-packages/airflow/example_dags/tutorial.py
[2026-09-18T12:54:33.579+0700] {processor.py:925} INFO - DAG(s) 'tutorial' retrieved from /Users/andreasanditya/Downloads/572392_Andreas_AirflowETL/code/.venv/lib/python3.9/site-packages/airflow/example_dags/tutorial.py
[2026-09-18T12:54:33.664+0700] {logging_mixin.py:190} INFO - [2026-09-18T12:54:33.664+0700] {dag.py:3239} INFO - Sync 1 DAGs
[2026-09-18T12:54:33.675+0700] {logging_mixin.py:190} INFO - [2026-09-18T12:54:33.675+0700] {dag.py:4180} INFO - Setting next_dagrun for tutorial to 2026-09-17 00:00:00+00:00, run_after=2026-09-18 00:00:00+00:00
[2026-09-18T12:54:33.685+0700] {processor.py:208} INFO - Processing /Users/andreasanditya/Downloads/572392_Andreas_AirflowETL/code/.venv/lib/python3.9/site-packages/airflow/example_dags/tutorial.py took 0.113 seconds
[2026-09-18T12:55:57.284+0700] {processor.py:186} INFO - Started process (PID=74816) to work on /Users/andreasanditya/Downloads/572392_Andreas_AirflowETL/code/.venv/lib/python3.9/site-packages/airflow/example_dags/tutorial.py
[2026-09-18T12:55:57.285+0700] {processor.py:914} INFO - Processing file /Users/andreasanditya/Downloads/572392_Andreas_AirflowETL/code/.venv/lib/python3.9/site-packages/airflow/example_dags/tutorial.py for tasks to queue
[2026-09-18T12:55:57.285+0700] {logging_mixin.py:190} INFO - [2026-09-18T12:55:57.285+0700] {dagbag.py:588} INFO - Filling up the DagBag from /Users/andreasanditya/Downloads/572392_Andreas_AirflowETL/code/.venv/lib/python3.9/site-packages/airflow/example_dags/tutorial.py
[2026-09-18T12:55:57.290+0700] {processor.py:925} INFO - DAG(s) 'tutorial' retrieved from /Users/andreasanditya/Downloads/572392_Andreas_AirflowETL/code/.venv/lib/python3.9/site-packages/airflow/example_dags/tutorial.py
[2026-09-18T12:55:57.374+0700] {logging_mixin.py:190} INFO - [2026-09-18T12:55:57.373+0700] {dag.py:3239} INFO - Sync 1 DAGs
[2026-09-18T12:55:57.385+0700] {logging_mixin.py:190} INFO - [2026-09-18T12:55:57.384+0700] {dag.py:4180} INFO - Setting next_dagrun for tutorial to 2026-09-17 00:00:00+00:00, run_after=2026-09-18 00:00:00+00:00
[2026-09-18T12:55:57.394+0700] {processor.py:208} INFO - Processing /Users/andreasanditya/Downloads/572392_Andreas_AirflowETL/code/.venv/lib/python3.9/site-packages/airflow/example_dags/tutorial.py took 0.112 seconds
[2026-09-18T12:57:23.497+0700] {processor.py:186} INFO - Started process (PID=75720) to work on /Users/andreasanditya/Downloads/572392_Andreas_AirflowETL/code/.venv/lib/python3.9/site-packages/airflow/example_dags/tutorial.py
[2026-09-18T12:57:23.499+0700] {processor.py:914} INFO - Processing file /Users/andreasanditya/Downloads/572392_Andreas_AirflowETL/code/.venv/lib/python3.9/site-packages/airflow/example_dags/tutorial.py for tasks to queue
[2026-09-18T12:57:23.500+0700] {logging_mixin.py:190} INFO - [2026-09-18T12:57:23.500+0700] {dagbag.py:588} INFO - Filling up the DagBag from /Users/andreasanditya/Downloads/572392_Andreas_AirflowETL/code/.venv/lib/python3.9/site-packages/airflow/example_dags/tutorial.py
[2026-09-18T12:57:23.504+0700] {processor.py:925} INFO - DAG(s) 'tutorial' retrieved from /Users/andreasanditya/Downloads/572392_Andreas_AirflowETL/code/.venv/lib/python3.9/site-packages/airflow/example_dags/tutorial.py
[2026-09-18T12:57:23.590+0700] {logging_mixin.py:190} INFO - [2026-09-18T12:57:23.590+0700] {dag.py:3239} INFO - Sync 1 DAGs
[2026-09-18T12:57:23.601+0700] {logging_mixin.py:190} INFO - [2026-09-18T12:57:23.601+0700] {dag.py:4180} INFO - Setting next_dagrun for tutorial to 2026-09-17 00:00:00+00:00, run_after=2026-09-18 00:00:00+00:00
[2026-09-18T12:57:23.611+0700] {processor.py:208} INFO - Processing /Users/andreasanditya/Downloads/572392_Andreas_AirflowETL/code/.venv/lib/python3.9/site-packages/airflow/example_dags/tutorial.py took 0.116 seconds
[2026-09-18T12:58:48.295+0700] {processor.py:186} INFO - Started process (PID=76585) to work on /Users/andreasanditya/Downloads/572392_Andreas_AirflowETL/code/.venv/lib/python3.9/site-packages/airflow/example_dags/tutorial.py
[2026-09-18T12:58:48.296+0700] {processor.py:914} INFO - Processing file /Users/andreasanditya/Downloads/572392_Andreas_AirflowETL/code/.venv/lib/python3.9/site-packages/airflow/example_dags/tutorial.py for tasks to queue
[2026-09-18T12:58:48.296+0700] {logging_mixin.py:190} INFO - [2026-09-18T12:58:48.296+0700] {dagbag.py:588} INFO - Filling up the DagBag from /Users/andreasanditya/Downloads/572392_Andreas_AirflowETL/code/.venv/lib/python3.9/site-packages/airflow/example_dags/tutorial.py
[2026-09-18T12:58:48.302+0700] {processor.py:925} INFO - DAG(s) 'tutorial' retrieved from /Users/andreasanditya/Downloads/572392_Andreas_AirflowETL/code/.venv/lib/python3.9/site-packages/airflow/example_dags/tutorial.py
[2026-09-18T12:58:48.388+0700] {logging_mixin.py:190} INFO - [2026-09-18T12:58:48.388+0700] {dag.py:3239} INFO - Sync 1 DAGs
[2026-09-18T12:58:48.400+0700] {logging_mixin.py:190} INFO - [2026-09-18T12:58:48.399+0700] {dag.py:4180} INFO - Setting next_dagrun for tutorial to 2026-09-17 00:00:00+00:00, run_after=2026-09-18 00:00:00+00:00
[2026-09-18T12:58:48.409+0700] {processor.py:208} INFO - Processing /Users/andreasanditya/Downloads/572392_Andreas_AirflowETL/code/.venv/lib/python3.9/site-packages/airflow/example_dags/tutorial.py took 0.117 seconds
[2026-09-18T13:00:14.083+0700] {processor.py:186} INFO - Started process (PID=77506) to work on /Users/andreasanditya/Downloads/572392_Andreas_AirflowETL/code/.venv/lib/python3.9/site-packages/airflow/example_dags/tutorial.py
[2026-09-18T13:00:14.084+0700] {processor.py:914} INFO - Processing file /Users/andreasanditya/Downloads/572392_Andreas_AirflowETL/code/.venv/lib/python3.9/site-packages/airflow/example_dags/tutorial.py for tasks to queue
[2026-09-18T13:00:14.085+0700] {logging_mixin.py:190} INFO - [2026-09-18T13:00:14.084+0700] {dagbag.py:588} INFO - Filling up the DagBag from /Users/andreasanditya/Downloads/572392_Andreas_AirflowETL/code/.venv/lib/python3.9/site-packages/airflow/example_dags/tutorial.py
[2026-09-18T13:00:14.089+0700] {processor.py:925} INFO - DAG(s) 'tutorial' retrieved from /Users/andreasanditya/Downloads/572392_Andreas_AirflowETL/code/.venv/lib/python3.9/site-packages/airflow/example_dags/tutorial.py
[2026-09-18T13:00:14.173+0700] {logging_mixin.py:190} INFO - [2026-09-18T13:00:14.173+0700] {dag.py:3239} INFO - Sync 1 DAGs
[2026-09-18T13:00:14.184+0700] {logging_mixin.py:190} INFO - [2026-09-18T13:00:14.184+0700] {dag.py:4180} INFO - Setting next_dagrun for tutorial to 2026-09-17 00:00:00+00:00, run_after=2026-09-18 00:00:00+00:00
[2026-09-18T13:00:14.194+0700] {processor.py:208} INFO - Processing /Users/andreasanditya/Downloads/572392_Andreas_AirflowETL/code/.venv/lib/python3.9/site-packages/airflow/example_dags/tutorial.py took 0.113 seconds
[2026-09-18T13:01:41.690+0700] {processor.py:186} INFO - Started process (PID=78325) to work on /Users/andreasanditya/Downloads/572392_Andreas_AirflowETL/code/.venv/lib/python3.9/site-packages/airflow/example_dags/tutorial.py
[2026-09-18T13:01:41.691+0700] {processor.py:914} INFO - Processing file /Users/andreasanditya/Downloads/572392_Andreas_AirflowETL/code/.venv/lib/python3.9/site-packages/airflow/example_dags/tutorial.py for tasks to queue
[2026-09-18T13:01:41.692+0700] {logging_mixin.py:190} INFO - [2026-09-18T13:01:41.692+0700] {dagbag.py:588} INFO - Filling up the DagBag from /Users/andreasanditya/Downloads/572392_Andreas_AirflowETL/code/.venv/lib/python3.9/site-packages/airflow/example_dags/tutorial.py
[2026-09-18T13:01:41.696+0700] {processor.py:925} INFO - DAG(s) 'tutorial' retrieved from /Users/andreasanditya/Downloads/572392_Andreas_AirflowETL/code/.venv/lib/python3.9/site-packages/airflow/example_dags/tutorial.py
[2026-09-18T13:01:41.780+0700] {logging_mixin.py:190} INFO - [2026-09-18T13:01:41.780+0700] {dag.py:3239} INFO - Sync 1 DAGs
[2026-09-18T13:01:41.791+0700] {logging_mixin.py:190} INFO - [2026-09-18T13:01:41.791+0700] {dag.py:4180} INFO - Setting next_dagrun for tutorial to 2026-09-17 00:00:00+00:00, run_after=2026-09-18 00:00:00+00:00
[2026-09-18T13:01:41.800+0700] {processor.py:208} INFO - Processing /Users/andreasanditya/Downloads/572392_Andreas_AirflowETL/code/.venv/lib/python3.9/site-packages/airflow/example_dags/tutorial.py took 0.112 seconds
[2026-09-18T13:03:07.080+0700] {processor.py:186} INFO - Started process (PID=79265) to work on /Users/andreasanditya/Downloads/572392_Andreas_AirflowETL/code/.venv/lib/python3.9/site-packages/airflow/example_dags/tutorial.py
[2026-09-18T13:03:07.081+0700] {processor.py:914} INFO - Processing file /Users/andreasanditya/Downloads/572392_Andreas_AirflowETL/code/.venv/lib/python3.9/site-packages/airflow/example_dags/tutorial.py for tasks to queue
[2026-09-18T13:03:07.082+0700] {logging_mixin.py:190} INFO - [2026-09-18T13:03:07.082+0700] {dagbag.py:588} INFO - Filling up the DagBag from /Users/andreasanditya/Downloads/572392_Andreas_AirflowETL/code/.venv/lib/python3.9/site-packages/airflow/example_dags/tutorial.py
[2026-09-18T13:03:07.086+0700] {processor.py:925} INFO - DAG(s) 'tutorial' retrieved from /Users/andreasanditya/Downloads/572392_Andreas_AirflowETL/code/.venv/lib/python3.9/site-packages/airflow/example_dags/tutorial.py
[2026-09-18T13:03:07.172+0700] {logging_mixin.py:190} INFO - [2026-09-18T13:03:07.172+0700] {dag.py:3239} INFO - Sync 1 DAGs
[2026-09-18T13:03:07.185+0700] {logging_mixin.py:190} INFO - [2026-09-18T13:03:07.185+0700] {dag.py:4180} INFO - Setting next_dagrun for tutorial to 2026-09-17 00:00:00+00:00, run_after=2026-09-18 00:00:00+00:00
[2026-09-18T13:03:07.195+0700] {processor.py:208} INFO - Processing /Users/andreasanditya/Downloads/572392_Andreas_AirflowETL/code/.venv/lib/python3.9/site-packages/airflow/example_dags/tutorial.py took 0.117 seconds
[2026-09-18T13:04:34.597+0700] {processor.py:186} INFO - Started process (PID=80109) to work on /Users/andreasanditya/Downloads/572392_Andreas_AirflowETL/code/.venv/lib/python3.9/site-packages/airflow/example_dags/tutorial.py
[2026-09-18T13:04:34.599+0700] {processor.py:914} INFO - Processing file /Users/andreasanditya/Downloads/572392_Andreas_AirflowETL/code/.venv/lib/python3.9/site-packages/airflow/example_dags/tutorial.py for tasks to queue
[2026-09-18T13:04:34.600+0700] {logging_mixin.py:190} INFO - [2026-09-18T13:04:34.599+0700] {dagbag.py:588} INFO - Filling up the DagBag from /Users/andreasanditya/Downloads/572392_Andreas_AirflowETL/code/.venv/lib/python3.9/site-packages/airflow/example_dags/tutorial.py
[2026-09-18T13:04:34.604+0700] {processor.py:925} INFO - DAG(s) 'tutorial' retrieved from /Users/andreasanditya/Downloads/572392_Andreas_AirflowETL/code/.venv/lib/python3.9/site-packages/airflow/example_dags/tutorial.py
[2026-09-18T13:04:34.688+0700] {logging_mixin.py:190} INFO - [2026-09-18T13:04:34.688+0700] {dag.py:3239} INFO - Sync 1 DAGs
[2026-09-18T13:04:34.699+0700] {logging_mixin.py:190} INFO - [2026-09-18T13:04:34.699+0700] {dag.py:4180} INFO - Setting next_dagrun for tutorial to 2026-09-17 00:00:00+00:00, run_after=2026-09-18 00:00:00+00:00
[2026-09-18T13:04:34.709+0700] {processor.py:208} INFO - Processing /Users/andreasanditya/Downloads/572392_Andreas_AirflowETL/code/.venv/lib/python3.9/site-packages/airflow/example_dags/tutorial.py took 0.114 seconds
[2026-09-18T13:05:59.078+0700] {processor.py:186} INFO - Started process (PID=81023) to work on /Users/andreasanditya/Downloads/572392_Andreas_AirflowETL/code/.venv/lib/python3.9/site-packages/airflow/example_dags/tutorial.py
[2026-09-18T13:05:59.079+0700] {processor.py:914} INFO - Processing file /Users/andreasanditya/Downloads/572392_Andreas_AirflowETL/code/.venv/lib/python3.9/site-packages/airflow/example_dags/tutorial.py for tasks to queue
[2026-09-18T13:05:59.080+0700] {logging_mixin.py:190} INFO - [2026-09-18T13:05:59.079+0700] {dagbag.py:588} INFO - Filling up the DagBag from /Users/andreasanditya/Downloads/572392_Andreas_AirflowETL/code/.venv/lib/python3.9/site-packages/airflow/example_dags/tutorial.py
[2026-09-18T13:05:59.084+0700] {processor.py:925} INFO - DAG(s) 'tutorial' retrieved from /Users/andreasanditya/Downloads/572392_Andreas_AirflowETL/code/.venv/lib/python3.9/site-packages/airflow/example_dags/tutorial.py
[2026-09-18T13:05:59.170+0700] {logging_mixin.py:190} INFO - [2026-09-18T13:05:59.170+0700] {dag.py:3239} INFO - Sync 1 DAGs
[2026-09-18T13:05:59.182+0700] {logging_mixin.py:190} INFO - [2026-09-18T13:05:59.181+0700] {dag.py:4180} INFO - Setting next_dagrun for tutorial to 2026-09-17 00:00:00+00:00, run_after=2026-09-18 00:00:00+00:00
[2026-09-18T13:05:59.191+0700] {processor.py:208} INFO - Processing /Users/andreasanditya/Downloads/572392_Andreas_AirflowETL/code/.venv/lib/python3.9/site-packages/airflow/example_dags/tutorial.py took 0.115 seconds
[2026-09-18T13:07:24.220+0700] {processor.py:186} INFO - Started process (PID=81859) to work on /Users/andreasanditya/Downloads/572392_Andreas_AirflowETL/code/.venv/lib/python3.9/site-packages/airflow/example_dags/tutorial.py
[2026-09-18T13:07:24.221+0700] {processor.py:914} INFO - Processing file /Users/andreasanditya/Downloads/572392_Andreas_AirflowETL/code/.venv/lib/python3.9/site-packages/airflow/example_dags/tutorial.py for tasks to queue
[2026-09-18T13:07:24.222+0700] {logging_mixin.py:190} INFO - [2026-09-18T13:07:24.222+0700] {dagbag.py:588} INFO - Filling up the DagBag from /Users/andreasanditya/Downloads/572392_Andreas_AirflowETL/code/.venv/lib/python3.9/site-packages/airflow/example_dags/tutorial.py
[2026-09-18T13:07:24.226+0700] {processor.py:925} INFO - DAG(s) 'tutorial' retrieved from /Users/andreasanditya/Downloads/572392_Andreas_AirflowETL/code/.venv/lib/python3.9/site-packages/airflow/example_dags/tutorial.py
[2026-09-18T13:07:24.311+0700] {logging_mixin.py:190} INFO - [2026-09-18T13:07:24.310+0700] {dag.py:3239} INFO - Sync 1 DAGs
[2026-09-18T13:07:24.322+0700] {logging_mixin.py:190} INFO - [2026-09-18T13:07:24.322+0700] {dag.py:4180} INFO - Setting next_dagrun for tutorial to 2026-09-17 00:00:00+00:00, run_after=2026-09-18 00:00:00+00:00
[2026-09-18T13:07:24.331+0700] {processor.py:208} INFO - Processing /Users/andreasanditya/Downloads/572392_Andreas_AirflowETL/code/.venv/lib/python3.9/site-packages/airflow/example_dags/tutorial.py took 0.113 seconds
[2026-09-18T13:08:46.422+0700] {processor.py:186} INFO - Started process (PID=82696) to work on /Users/andreasanditya/Downloads/572392_Andreas_AirflowETL/code/.venv/lib/python3.9/site-packages/airflow/example_dags/tutorial.py
[2026-09-18T13:08:46.423+0700] {processor.py:914} INFO - Processing file /Users/andreasanditya/Downloads/572392_Andreas_AirflowETL/code/.venv/lib/python3.9/site-packages/airflow/example_dags/tutorial.py for tasks to queue
[2026-09-18T13:08:46.424+0700] {logging_mixin.py:190} INFO - [2026-09-18T13:08:46.424+0700] {dagbag.py:588} INFO - Filling up the DagBag from /Users/andreasanditya/Downloads/572392_Andreas_AirflowETL/code/.venv/lib/python3.9/site-packages/airflow/example_dags/tutorial.py
[2026-09-18T13:08:46.428+0700] {processor.py:925} INFO - DAG(s) 'tutorial' retrieved from /Users/andreasanditya/Downloads/572392_Andreas_AirflowETL/code/.venv/lib/python3.9/site-packages/airflow/example_dags/tutorial.py
[2026-09-18T13:08:46.512+0700] {logging_mixin.py:190} INFO - [2026-09-18T13:08:46.512+0700] {dag.py:3239} INFO - Sync 1 DAGs
[2026-09-18T13:08:46.523+0700] {logging_mixin.py:190} INFO - [2026-09-18T13:08:46.523+0700] {dag.py:4180} INFO - Setting next_dagrun for tutorial to 2026-09-17 00:00:00+00:00, run_after=2026-09-18 00:00:00+00:00
[2026-09-18T13:08:46.537+0700] {processor.py:208} INFO - Processing /Users/andreasanditya/Downloads/572392_Andreas_AirflowETL/code/.venv/lib/python3.9/site-packages/airflow/example_dags/tutorial.py took 0.117 seconds
[2026-09-18T13:10:13.346+0700] {processor.py:186} INFO - Started process (PID=83617) to work on /Users/andreasanditya/Downloads/572392_Andreas_AirflowETL/code/.venv/lib/python3.9/site-packages/airflow/example_dags/tutorial.py
[2026-09-18T13:10:13.347+0700] {processor.py:914} INFO - Processing file /Users/andreasanditya/Downloads/572392_Andreas_AirflowETL/code/.venv/lib/python3.9/site-packages/airflow/example_dags/tutorial.py for tasks to queue
[2026-09-18T13:10:13.347+0700] {logging_mixin.py:190} INFO - [2026-09-18T13:10:13.347+0700] {dagbag.py:588} INFO - Filling up the DagBag from /Users/andreasanditya/Downloads/572392_Andreas_AirflowETL/code/.venv/lib/python3.9/site-packages/airflow/example_dags/tutorial.py
[2026-09-18T13:10:13.352+0700] {processor.py:925} INFO - DAG(s) 'tutorial' retrieved from /Users/andreasanditya/Downloads/572392_Andreas_AirflowETL/code/.venv/lib/python3.9/site-packages/airflow/example_dags/tutorial.py
[2026-09-18T13:10:13.436+0700] {logging_mixin.py:190} INFO - [2026-09-18T13:10:13.436+0700] {dag.py:3239} INFO - Sync 1 DAGs
[2026-09-18T13:10:13.447+0700] {logging_mixin.py:190} INFO - [2026-09-18T13:10:13.447+0700] {dag.py:4180} INFO - Setting next_dagrun for tutorial to 2026-09-17 00:00:00+00:00, run_after=2026-09-18 00:00:00+00:00
[2026-09-18T13:10:13.457+0700] {processor.py:208} INFO - Processing /Users/andreasanditya/Downloads/572392_Andreas_AirflowETL/code/.venv/lib/python3.9/site-packages/airflow/example_dags/tutorial.py took 0.113 seconds
[2026-09-18T13:11:40.220+0700] {processor.py:186} INFO - Started process (PID=84452) to work on /Users/andreasanditya/Downloads/572392_Andreas_AirflowETL/code/.venv/lib/python3.9/site-packages/airflow/example_dags/tutorial.py
[2026-09-18T13:11:40.221+0700] {processor.py:914} INFO - Processing file /Users/andreasanditya/Downloads/572392_Andreas_AirflowETL/code/.venv/lib/python3.9/site-packages/airflow/example_dags/tutorial.py for tasks to queue
[2026-09-18T13:11:40.221+0700] {logging_mixin.py:190} INFO - [2026-09-18T13:11:40.221+0700] {dagbag.py:588} INFO - Filling up the DagBag from /Users/andreasanditya/Downloads/572392_Andreas_AirflowETL/code/.venv/lib/python3.9/site-packages/airflow/example_dags/tutorial.py
[2026-09-18T13:11:40.226+0700] {processor.py:925} INFO - DAG(s) 'tutorial' retrieved from /Users/andreasanditya/Downloads/572392_Andreas_AirflowETL/code/.venv/lib/python3.9/site-packages/airflow/example_dags/tutorial.py
[2026-09-18T13:11:40.312+0700] {logging_mixin.py:190} INFO - [2026-09-18T13:11:40.311+0700] {dag.py:3239} INFO - Sync 1 DAGs
[2026-09-18T13:11:40.322+0700] {logging_mixin.py:190} INFO - [2026-09-18T13:11:40.322+0700] {dag.py:4180} INFO - Setting next_dagrun for tutorial to 2026-09-17 00:00:00+00:00, run_after=2026-09-18 00:00:00+00:00
[2026-09-18T13:11:40.332+0700] {processor.py:208} INFO - Processing /Users/andreasanditya/Downloads/572392_Andreas_AirflowETL/code/.venv/lib/python3.9/site-packages/airflow/example_dags/tutorial.py took 0.114 seconds
[2026-09-18T13:13:06.345+0700] {processor.py:186} INFO - Started process (PID=85372) to work on /Users/andreasanditya/Downloads/572392_Andreas_AirflowETL/code/.venv/lib/python3.9/site-packages/airflow/example_dags/tutorial.py
[2026-09-18T13:13:06.345+0700] {processor.py:914} INFO - Processing file /Users/andreasanditya/Downloads/572392_Andreas_AirflowETL/code/.venv/lib/python3.9/site-packages/airflow/example_dags/tutorial.py for tasks to queue
[2026-09-18T13:13:06.346+0700] {logging_mixin.py:190} INFO - [2026-09-18T13:13:06.346+0700] {dagbag.py:588} INFO - Filling up the DagBag from /Users/andreasanditya/Downloads/572392_Andreas_AirflowETL/code/.venv/lib/python3.9/site-packages/airflow/example_dags/tutorial.py
[2026-09-18T13:13:06.350+0700] {processor.py:925} INFO - DAG(s) 'tutorial' retrieved from /Users/andreasanditya/Downloads/572392_Andreas_AirflowETL/code/.venv/lib/python3.9/site-packages/airflow/example_dags/tutorial.py
[2026-09-18T13:13:06.436+0700] {logging_mixin.py:190} INFO - [2026-09-18T13:13:06.436+0700] {dag.py:3239} INFO - Sync 1 DAGs
[2026-09-18T13:13:06.448+0700] {logging_mixin.py:190} INFO - [2026-09-18T13:13:06.447+0700] {dag.py:4180} INFO - Setting next_dagrun for tutorial to 2026-09-17 00:00:00+00:00, run_after=2026-09-18 00:00:00+00:00
[2026-09-18T13:13:06.457+0700] {processor.py:208} INFO - Processing /Users/andreasanditya/Downloads/572392_Andreas_AirflowETL/code/.venv/lib/python3.9/site-packages/airflow/example_dags/tutorial.py took 0.115 seconds
[2026-09-18T13:14:31.966+0700] {processor.py:186} INFO - Started process (PID=86204) to work on /Users/andreasanditya/Downloads/572392_Andreas_AirflowETL/code/.venv/lib/python3.9/site-packages/airflow/example_dags/tutorial.py
[2026-09-18T13:14:31.967+0700] {processor.py:914} INFO - Processing file /Users/andreasanditya/Downloads/572392_Andreas_AirflowETL/code/.venv/lib/python3.9/site-packages/airflow/example_dags/tutorial.py for tasks to queue
[2026-09-18T13:14:31.968+0700] {logging_mixin.py:190} INFO - [2026-09-18T13:14:31.968+0700] {dagbag.py:588} INFO - Filling up the DagBag from /Users/andreasanditya/Downloads/572392_Andreas_AirflowETL/code/.venv/lib/python3.9/site-packages/airflow/example_dags/tutorial.py
[2026-09-18T13:14:31.972+0700] {processor.py:925} INFO - DAG(s) 'tutorial' retrieved from /Users/andreasanditya/Downloads/572392_Andreas_AirflowETL/code/.venv/lib/python3.9/site-packages/airflow/example_dags/tutorial.py
[2026-09-18T13:14:32.056+0700] {logging_mixin.py:190} INFO - [2026-09-18T13:14:32.056+0700] {dag.py:3239} INFO - Sync 1 DAGs
[2026-09-18T13:14:32.068+0700] {logging_mixin.py:190} INFO - [2026-09-18T13:14:32.067+0700] {dag.py:4180} INFO - Setting next_dagrun for tutorial to 2026-09-17 00:00:00+00:00, run_after=2026-09-18 00:00:00+00:00
[2026-09-18T13:14:32.077+0700] {processor.py:208} INFO - Processing /Users/andreasanditya/Downloads/572392_Andreas_AirflowETL/code/.venv/lib/python3.9/site-packages/airflow/example_dags/tutorial.py took 0.113 seconds
[2026-09-18T13:15:58.837+0700] {processor.py:186} INFO - Started process (PID=87116) to work on /Users/andreasanditya/Downloads/572392_Andreas_AirflowETL/code/.venv/lib/python3.9/site-packages/airflow/example_dags/tutorial.py
[2026-09-18T13:15:58.838+0700] {processor.py:914} INFO - Processing file /Users/andreasanditya/Downloads/572392_Andreas_AirflowETL/code/.venv/lib/python3.9/site-packages/airflow/example_dags/tutorial.py for tasks to queue
[2026-09-18T13:15:58.839+0700] {logging_mixin.py:190} INFO - [2026-09-18T13:15:58.838+0700] {dagbag.py:588} INFO - Filling up the DagBag from /Users/andreasanditya/Downloads/572392_Andreas_AirflowETL/code/.venv/lib/python3.9/site-packages/airflow/example_dags/tutorial.py
[2026-09-18T13:15:58.843+0700] {processor.py:925} INFO - DAG(s) 'tutorial' retrieved from /Users/andreasanditya/Downloads/572392_Andreas_AirflowETL/code/.venv/lib/python3.9/site-packages/airflow/example_dags/tutorial.py
[2026-09-18T13:15:58.929+0700] {logging_mixin.py:190} INFO - [2026-09-18T13:15:58.928+0700] {dag.py:3239} INFO - Sync 1 DAGs
[2026-09-18T13:15:58.940+0700] {logging_mixin.py:190} INFO - [2026-09-18T13:15:58.940+0700] {dag.py:4180} INFO - Setting next_dagrun for tutorial to 2026-09-17 00:00:00+00:00, run_after=2026-09-18 00:00:00+00:00
[2026-09-18T13:15:58.949+0700] {processor.py:208} INFO - Processing /Users/andreasanditya/Downloads/572392_Andreas_AirflowETL/code/.venv/lib/python3.9/site-packages/airflow/example_dags/tutorial.py took 0.114 seconds
[2026-09-18T13:17:24.452+0700] {processor.py:186} INFO - Started process (PID=87939) to work on /Users/andreasanditya/Downloads/572392_Andreas_AirflowETL/code/.venv/lib/python3.9/site-packages/airflow/example_dags/tutorial.py
[2026-09-18T13:17:24.454+0700] {processor.py:914} INFO - Processing file /Users/andreasanditya/Downloads/572392_Andreas_AirflowETL/code/.venv/lib/python3.9/site-packages/airflow/example_dags/tutorial.py for tasks to queue
[2026-09-18T13:17:24.455+0700] {logging_mixin.py:190} INFO - [2026-09-18T13:17:24.454+0700] {dagbag.py:588} INFO - Filling up the DagBag from /Users/andreasanditya/Downloads/572392_Andreas_AirflowETL/code/.venv/lib/python3.9/site-packages/airflow/example_dags/tutorial.py
[2026-09-18T13:17:24.459+0700] {processor.py:925} INFO - DAG(s) 'tutorial' retrieved from /Users/andreasanditya/Downloads/572392_Andreas_AirflowETL/code/.venv/lib/python3.9/site-packages/airflow/example_dags/tutorial.py
[2026-09-18T13:17:24.544+0700] {logging_mixin.py:190} INFO - [2026-09-18T13:17:24.544+0700] {dag.py:3239} INFO - Sync 1 DAGs
[2026-09-18T13:17:24.555+0700] {logging_mixin.py:190} INFO - [2026-09-18T13:17:24.555+0700] {dag.py:4180} INFO - Setting next_dagrun for tutorial to 2026-09-17 00:00:00+00:00, run_after=2026-09-18 00:00:00+00:00
[2026-09-18T13:17:24.565+0700] {processor.py:208} INFO - Processing /Users/andreasanditya/Downloads/572392_Andreas_AirflowETL/code/.venv/lib/python3.9/site-packages/airflow/example_dags/tutorial.py took 0.114 seconds
[2026-09-18T13:18:50.364+0700] {processor.py:186} INFO - Started process (PID=88853) to work on /Users/andreasanditya/Downloads/572392_Andreas_AirflowETL/code/.venv/lib/python3.9/site-packages/airflow/example_dags/tutorial.py
[2026-09-18T13:18:50.365+0700] {processor.py:914} INFO - Processing file /Users/andreasanditya/Downloads/572392_Andreas_AirflowETL/code/.venv/lib/python3.9/site-packages/airflow/example_dags/tutorial.py for tasks to queue
[2026-09-18T13:18:50.366+0700] {logging_mixin.py:190} INFO - [2026-09-18T13:18:50.366+0700] {dagbag.py:588} INFO - Filling up the DagBag from /Users/andreasanditya/Downloads/572392_Andreas_AirflowETL/code/.venv/lib/python3.9/site-packages/airflow/example_dags/tutorial.py
[2026-09-18T13:18:50.371+0700] {processor.py:925} INFO - DAG(s) 'tutorial' retrieved from /Users/andreasanditya/Downloads/572392_Andreas_AirflowETL/code/.venv/lib/python3.9/site-packages/airflow/example_dags/tutorial.py
[2026-09-18T13:18:50.457+0700] {logging_mixin.py:190} INFO - [2026-09-18T13:18:50.456+0700] {dag.py:3239} INFO - Sync 1 DAGs
[2026-09-18T13:18:50.467+0700] {logging_mixin.py:190} INFO - [2026-09-18T13:18:50.467+0700] {dag.py:4180} INFO - Setting next_dagrun for tutorial to 2026-09-17 00:00:00+00:00, run_after=2026-09-18 00:00:00+00:00
[2026-09-18T13:18:50.477+0700] {processor.py:208} INFO - Processing /Users/andreasanditya/Downloads/572392_Andreas_AirflowETL/code/.venv/lib/python3.9/site-packages/airflow/example_dags/tutorial.py took 0.115 seconds
[2026-09-18T13:20:14.743+0700] {processor.py:186} INFO - Started process (PID=89688) to work on /Users/andreasanditya/Downloads/572392_Andreas_AirflowETL/code/.venv/lib/python3.9/site-packages/airflow/example_dags/tutorial.py
[2026-09-18T13:20:14.744+0700] {processor.py:914} INFO - Processing file /Users/andreasanditya/Downloads/572392_Andreas_AirflowETL/code/.venv/lib/python3.9/site-packages/airflow/example_dags/tutorial.py for tasks to queue
[2026-09-18T13:20:14.745+0700] {logging_mixin.py:190} INFO - [2026-09-18T13:20:14.745+0700] {dagbag.py:588} INFO - Filling up the DagBag from /Users/andreasanditya/Downloads/572392_Andreas_AirflowETL/code/.venv/lib/python3.9/site-packages/airflow/example_dags/tutorial.py
[2026-09-18T13:20:14.749+0700] {processor.py:925} INFO - DAG(s) 'tutorial' retrieved from /Users/andreasanditya/Downloads/572392_Andreas_AirflowETL/code/.venv/lib/python3.9/site-packages/airflow/example_dags/tutorial.py
[2026-09-18T13:20:14.834+0700] {logging_mixin.py:190} INFO - [2026-09-18T13:20:14.834+0700] {dag.py:3239} INFO - Sync 1 DAGs
[2026-09-18T13:20:14.845+0700] {logging_mixin.py:190} INFO - [2026-09-18T13:20:14.845+0700] {dag.py:4180} INFO - Setting next_dagrun for tutorial to 2026-09-17 00:00:00+00:00, run_after=2026-09-18 00:00:00+00:00
[2026-09-18T13:20:14.854+0700] {processor.py:208} INFO - Processing /Users/andreasanditya/Downloads/572392_Andreas_AirflowETL/code/.venv/lib/python3.9/site-packages/airflow/example_dags/tutorial.py took 0.113 seconds
[2026-09-18T13:21:39.285+0700] {processor.py:186} INFO - Started process (PID=90587) to work on /Users/andreasanditya/Downloads/572392_Andreas_AirflowETL/code/.venv/lib/python3.9/site-packages/airflow/example_dags/tutorial.py
[2026-09-18T13:21:39.286+0700] {processor.py:914} INFO - Processing file /Users/andreasanditya/Downloads/572392_Andreas_AirflowETL/code/.venv/lib/python3.9/site-packages/airflow/example_dags/tutorial.py for tasks to queue
[2026-09-18T13:21:39.287+0700] {logging_mixin.py:190} INFO - [2026-09-18T13:21:39.287+0700] {dagbag.py:588} INFO - Filling up the DagBag from /Users/andreasanditya/Downloads/572392_Andreas_AirflowETL/code/.venv/lib/python3.9/site-packages/airflow/example_dags/tutorial.py
[2026-09-18T13:21:39.291+0700] {processor.py:925} INFO - DAG(s) 'tutorial' retrieved from /Users/andreasanditya/Downloads/572392_Andreas_AirflowETL/code/.venv/lib/python3.9/site-packages/airflow/example_dags/tutorial.py
[2026-09-18T13:21:39.377+0700] {logging_mixin.py:190} INFO - [2026-09-18T13:21:39.377+0700] {dag.py:3239} INFO - Sync 1 DAGs
[2026-09-18T13:21:39.388+0700] {logging_mixin.py:190} INFO - [2026-09-18T13:21:39.387+0700] {dag.py:4180} INFO - Setting next_dagrun for tutorial to 2026-09-17 00:00:00+00:00, run_after=2026-09-18 00:00:00+00:00
[2026-09-18T13:21:39.397+0700] {processor.py:208} INFO - Processing /Users/andreasanditya/Downloads/572392_Andreas_AirflowETL/code/.venv/lib/python3.9/site-packages/airflow/example_dags/tutorial.py took 0.114 seconds
[2026-09-18T13:23:02.521+0700] {processor.py:186} INFO - Started process (PID=91424) to work on /Users/andreasanditya/Downloads/572392_Andreas_AirflowETL/code/.venv/lib/python3.9/site-packages/airflow/example_dags/tutorial.py
[2026-09-18T13:23:02.522+0700] {processor.py:914} INFO - Processing file /Users/andreasanditya/Downloads/572392_Andreas_AirflowETL/code/.venv/lib/python3.9/site-packages/airflow/example_dags/tutorial.py for tasks to queue
[2026-09-18T13:23:02.523+0700] {logging_mixin.py:190} INFO - [2026-09-18T13:23:02.523+0700] {dagbag.py:588} INFO - Filling up the DagBag from /Users/andreasanditya/Downloads/572392_Andreas_AirflowETL/code/.venv/lib/python3.9/site-packages/airflow/example_dags/tutorial.py
[2026-09-18T13:23:02.527+0700] {processor.py:925} INFO - DAG(s) 'tutorial' retrieved from /Users/andreasanditya/Downloads/572392_Andreas_AirflowETL/code/.venv/lib/python3.9/site-packages/airflow/example_dags/tutorial.py
[2026-09-18T13:23:02.613+0700] {logging_mixin.py:190} INFO - [2026-09-18T13:23:02.612+0700] {dag.py:3239} INFO - Sync 1 DAGs
[2026-09-18T13:23:02.624+0700] {logging_mixin.py:190} INFO - [2026-09-18T13:23:02.624+0700] {dag.py:4180} INFO - Setting next_dagrun for tutorial to 2026-09-17 00:00:00+00:00, run_after=2026-09-18 00:00:00+00:00
[2026-09-18T13:23:02.633+0700] {processor.py:208} INFO - Processing /Users/andreasanditya/Downloads/572392_Andreas_AirflowETL/code/.venv/lib/python3.9/site-packages/airflow/example_dags/tutorial.py took 0.114 seconds
[2026-09-18T13:24:26.520+0700] {processor.py:186} INFO - Started process (PID=92281) to work on /Users/andreasanditya/Downloads/572392_Andreas_AirflowETL/code/.venv/lib/python3.9/site-packages/airflow/example_dags/tutorial.py
[2026-09-18T13:24:26.523+0700] {processor.py:914} INFO - Processing file /Users/andreasanditya/Downloads/572392_Andreas_AirflowETL/code/.venv/lib/python3.9/site-packages/airflow/example_dags/tutorial.py for tasks to queue
[2026-09-18T13:24:26.524+0700] {logging_mixin.py:190} INFO - [2026-09-18T13:24:26.524+0700] {dagbag.py:588} INFO - Filling up the DagBag from /Users/andreasanditya/Downloads/572392_Andreas_AirflowETL/code/.venv/lib/python3.9/site-packages/airflow/example_dags/tutorial.py
[2026-09-18T13:24:26.528+0700] {processor.py:925} INFO - DAG(s) 'tutorial' retrieved from /Users/andreasanditya/Downloads/572392_Andreas_AirflowETL/code/.venv/lib/python3.9/site-packages/airflow/example_dags/tutorial.py
[2026-09-18T13:24:26.612+0700] {logging_mixin.py:190} INFO - [2026-09-18T13:24:26.612+0700] {dag.py:3239} INFO - Sync 1 DAGs
[2026-09-18T13:24:26.623+0700] {logging_mixin.py:190} INFO - [2026-09-18T13:24:26.623+0700] {dag.py:4180} INFO - Setting next_dagrun for tutorial to 2026-09-17 00:00:00+00:00, run_after=2026-09-18 00:00:00+00:00
[2026-09-18T13:24:26.633+0700] {processor.py:208} INFO - Processing /Users/andreasanditya/Downloads/572392_Andreas_AirflowETL/code/.venv/lib/python3.9/site-packages/airflow/example_dags/tutorial.py took 0.114 seconds
[2026-09-18T13:25:53.021+0700] {processor.py:186} INFO - Started process (PID=93293) to work on /Users/andreasanditya/Downloads/572392_Andreas_AirflowETL/code/.venv/lib/python3.9/site-packages/airflow/example_dags/tutorial.py
[2026-09-18T13:25:53.022+0700] {processor.py:914} INFO - Processing file /Users/andreasanditya/Downloads/572392_Andreas_AirflowETL/code/.venv/lib/python3.9/site-packages/airflow/example_dags/tutorial.py for tasks to queue
[2026-09-18T13:25:53.022+0700] {logging_mixin.py:190} INFO - [2026-09-18T13:25:53.022+0700] {dagbag.py:588} INFO - Filling up the DagBag from /Users/andreasanditya/Downloads/572392_Andreas_AirflowETL/code/.venv/lib/python3.9/site-packages/airflow/example_dags/tutorial.py
[2026-09-18T13:25:53.027+0700] {processor.py:925} INFO - DAG(s) 'tutorial' retrieved from /Users/andreasanditya/Downloads/572392_Andreas_AirflowETL/code/.venv/lib/python3.9/site-packages/airflow/example_dags/tutorial.py
[2026-09-18T13:25:53.116+0700] {logging_mixin.py:190} INFO - [2026-09-18T13:25:53.115+0700] {dag.py:3239} INFO - Sync 1 DAGs
[2026-09-18T13:25:53.128+0700] {logging_mixin.py:190} INFO - [2026-09-18T13:25:53.128+0700] {dag.py:4180} INFO - Setting next_dagrun for tutorial to 2026-09-17 00:00:00+00:00, run_after=2026-09-18 00:00:00+00:00
[2026-09-18T13:25:53.138+0700] {processor.py:208} INFO - Processing /Users/andreasanditya/Downloads/572392_Andreas_AirflowETL/code/.venv/lib/python3.9/site-packages/airflow/example_dags/tutorial.py took 0.119 seconds
[2026-09-18T13:27:22.090+0700] {processor.py:186} INFO - Started process (PID=94265) to work on /Users/andreasanditya/Downloads/572392_Andreas_AirflowETL/code/.venv/lib/python3.9/site-packages/airflow/example_dags/tutorial.py
[2026-09-18T13:27:22.091+0700] {processor.py:914} INFO - Processing file /Users/andreasanditya/Downloads/572392_Andreas_AirflowETL/code/.venv/lib/python3.9/site-packages/airflow/example_dags/tutorial.py for tasks to queue
[2026-09-18T13:27:22.092+0700] {logging_mixin.py:190} INFO - [2026-09-18T13:27:22.092+0700] {dagbag.py:588} INFO - Filling up the DagBag from /Users/andreasanditya/Downloads/572392_Andreas_AirflowETL/code/.venv/lib/python3.9/site-packages/airflow/example_dags/tutorial.py
[2026-09-18T13:27:22.097+0700] {processor.py:925} INFO - DAG(s) 'tutorial' retrieved from /Users/andreasanditya/Downloads/572392_Andreas_AirflowETL/code/.venv/lib/python3.9/site-packages/airflow/example_dags/tutorial.py
[2026-09-18T13:27:22.197+0700] {logging_mixin.py:190} INFO - [2026-09-18T13:27:22.197+0700] {dag.py:3239} INFO - Sync 1 DAGs
[2026-09-18T13:27:22.210+0700] {logging_mixin.py:190} INFO - [2026-09-18T13:27:22.210+0700] {dag.py:4180} INFO - Setting next_dagrun for tutorial to 2026-09-17 00:00:00+00:00, run_after=2026-09-18 00:00:00+00:00
[2026-09-18T13:27:22.221+0700] {processor.py:208} INFO - Processing /Users/andreasanditya/Downloads/572392_Andreas_AirflowETL/code/.venv/lib/python3.9/site-packages/airflow/example_dags/tutorial.py took 0.134 seconds
[2026-09-18T13:28:51.032+0700] {processor.py:186} INFO - Started process (PID=95195) to work on /Users/andreasanditya/Downloads/572392_Andreas_AirflowETL/code/.venv/lib/python3.9/site-packages/airflow/example_dags/tutorial.py
[2026-09-18T13:28:51.033+0700] {processor.py:914} INFO - Processing file /Users/andreasanditya/Downloads/572392_Andreas_AirflowETL/code/.venv/lib/python3.9/site-packages/airflow/example_dags/tutorial.py for tasks to queue
[2026-09-18T13:28:51.034+0700] {logging_mixin.py:190} INFO - [2026-09-18T13:28:51.034+0700] {dagbag.py:588} INFO - Filling up the DagBag from /Users/andreasanditya/Downloads/572392_Andreas_AirflowETL/code/.venv/lib/python3.9/site-packages/airflow/example_dags/tutorial.py
[2026-09-18T13:28:51.038+0700] {processor.py:925} INFO - DAG(s) 'tutorial' retrieved from /Users/andreasanditya/Downloads/572392_Andreas_AirflowETL/code/.venv/lib/python3.9/site-packages/airflow/example_dags/tutorial.py
[2026-09-18T13:28:51.126+0700] {logging_mixin.py:190} INFO - [2026-09-18T13:28:51.126+0700] {dag.py:3239} INFO - Sync 1 DAGs
[2026-09-18T13:28:51.138+0700] {logging_mixin.py:190} INFO - [2026-09-18T13:28:51.138+0700] {dag.py:4180} INFO - Setting next_dagrun for tutorial to 2026-09-17 00:00:00+00:00, run_after=2026-09-18 00:00:00+00:00
[2026-09-18T13:28:51.148+0700] {processor.py:208} INFO - Processing /Users/andreasanditya/Downloads/572392_Andreas_AirflowETL/code/.venv/lib/python3.9/site-packages/airflow/example_dags/tutorial.py took 0.118 seconds
[2026-09-18T13:30:22.176+0700] {processor.py:186} INFO - Started process (PID=96319) to work on /Users/andreasanditya/Downloads/572392_Andreas_AirflowETL/code/.venv/lib/python3.9/site-packages/airflow/example_dags/tutorial.py
[2026-09-18T13:30:22.177+0700] {processor.py:914} INFO - Processing file /Users/andreasanditya/Downloads/572392_Andreas_AirflowETL/code/.venv/lib/python3.9/site-packages/airflow/example_dags/tutorial.py for tasks to queue
[2026-09-18T13:30:22.178+0700] {logging_mixin.py:190} INFO - [2026-09-18T13:30:22.177+0700] {dagbag.py:588} INFO - Filling up the DagBag from /Users/andreasanditya/Downloads/572392_Andreas_AirflowETL/code/.venv/lib/python3.9/site-packages/airflow/example_dags/tutorial.py
[2026-09-18T13:30:22.183+0700] {processor.py:925} INFO - DAG(s) 'tutorial' retrieved from /Users/andreasanditya/Downloads/572392_Andreas_AirflowETL/code/.venv/lib/python3.9/site-packages/airflow/example_dags/tutorial.py
[2026-09-18T13:30:22.272+0700] {logging_mixin.py:190} INFO - [2026-09-18T13:30:22.272+0700] {dag.py:3239} INFO - Sync 1 DAGs
[2026-09-18T13:30:22.283+0700] {logging_mixin.py:190} INFO - [2026-09-18T13:30:22.283+0700] {dag.py:4180} INFO - Setting next_dagrun for tutorial to 2026-09-17 00:00:00+00:00, run_after=2026-09-18 00:00:00+00:00
[2026-09-18T13:30:22.293+0700] {processor.py:208} INFO - Processing /Users/andreasanditya/Downloads/572392_Andreas_AirflowETL/code/.venv/lib/python3.9/site-packages/airflow/example_dags/tutorial.py took 0.119 seconds
[2026-09-18T13:31:52.017+0700] {processor.py:186} INFO - Started process (PID=97243) to work on /Users/andreasanditya/Downloads/572392_Andreas_AirflowETL/code/.venv/lib/python3.9/site-packages/airflow/example_dags/tutorial.py
[2026-09-18T13:31:52.018+0700] {processor.py:914} INFO - Processing file /Users/andreasanditya/Downloads/572392_Andreas_AirflowETL/code/.venv/lib/python3.9/site-packages/airflow/example_dags/tutorial.py for tasks to queue
[2026-09-18T13:31:52.019+0700] {logging_mixin.py:190} INFO - [2026-09-18T13:31:52.019+0700] {dagbag.py:588} INFO - Filling up the DagBag from /Users/andreasanditya/Downloads/572392_Andreas_AirflowETL/code/.venv/lib/python3.9/site-packages/airflow/example_dags/tutorial.py
[2026-09-18T13:31:52.024+0700] {processor.py:925} INFO - DAG(s) 'tutorial' retrieved from /Users/andreasanditya/Downloads/572392_Andreas_AirflowETL/code/.venv/lib/python3.9/site-packages/airflow/example_dags/tutorial.py
[2026-09-18T13:31:52.120+0700] {logging_mixin.py:190} INFO - [2026-09-18T13:31:52.120+0700] {dag.py:3239} INFO - Sync 1 DAGs
[2026-09-18T13:31:52.131+0700] {logging_mixin.py:190} INFO - [2026-09-18T13:31:52.131+0700] {dag.py:4180} INFO - Setting next_dagrun for tutorial to 2026-09-17 00:00:00+00:00, run_after=2026-09-18 00:00:00+00:00
[2026-09-18T13:31:52.142+0700] {processor.py:208} INFO - Processing /Users/andreasanditya/Downloads/572392_Andreas_AirflowETL/code/.venv/lib/python3.9/site-packages/airflow/example_dags/tutorial.py took 0.126 seconds
[2026-09-18T13:33:19.428+0700] {processor.py:186} INFO - Started process (PID=98173) to work on /Users/andreasanditya/Downloads/572392_Andreas_AirflowETL/code/.venv/lib/python3.9/site-packages/airflow/example_dags/tutorial.py
[2026-09-18T13:33:19.429+0700] {processor.py:914} INFO - Processing file /Users/andreasanditya/Downloads/572392_Andreas_AirflowETL/code/.venv/lib/python3.9/site-packages/airflow/example_dags/tutorial.py for tasks to queue
[2026-09-18T13:33:19.430+0700] {logging_mixin.py:190} INFO - [2026-09-18T13:33:19.430+0700] {dagbag.py:588} INFO - Filling up the DagBag from /Users/andreasanditya/Downloads/572392_Andreas_AirflowETL/code/.venv/lib/python3.9/site-packages/airflow/example_dags/tutorial.py
[2026-09-18T13:33:19.434+0700] {processor.py:925} INFO - DAG(s) 'tutorial' retrieved from /Users/andreasanditya/Downloads/572392_Andreas_AirflowETL/code/.venv/lib/python3.9/site-packages/airflow/example_dags/tutorial.py
[2026-09-18T13:33:19.519+0700] {logging_mixin.py:190} INFO - [2026-09-18T13:33:19.519+0700] {dag.py:3239} INFO - Sync 1 DAGs
[2026-09-18T13:33:19.530+0700] {logging_mixin.py:190} INFO - [2026-09-18T13:33:19.530+0700] {dag.py:4180} INFO - Setting next_dagrun for tutorial to 2026-09-17 00:00:00+00:00, run_after=2026-09-18 00:00:00+00:00
[2026-09-18T13:33:19.540+0700] {processor.py:208} INFO - Processing /Users/andreasanditya/Downloads/572392_Andreas_AirflowETL/code/.venv/lib/python3.9/site-packages/airflow/example_dags/tutorial.py took 0.114 seconds
[2026-09-18T13:34:45.388+0700] {processor.py:186} INFO - Started process (PID=99054) to work on /Users/andreasanditya/Downloads/572392_Andreas_AirflowETL/code/.venv/lib/python3.9/site-packages/airflow/example_dags/tutorial.py
[2026-09-18T13:34:45.398+0700] {processor.py:914} INFO - Processing file /Users/andreasanditya/Downloads/572392_Andreas_AirflowETL/code/.venv/lib/python3.9/site-packages/airflow/example_dags/tutorial.py for tasks to queue
[2026-09-18T13:34:45.399+0700] {logging_mixin.py:190} INFO - [2026-09-18T13:34:45.399+0700] {dagbag.py:588} INFO - Filling up the DagBag from /Users/andreasanditya/Downloads/572392_Andreas_AirflowETL/code/.venv/lib/python3.9/site-packages/airflow/example_dags/tutorial.py
[2026-09-18T13:34:45.404+0700] {processor.py:925} INFO - DAG(s) 'tutorial' retrieved from /Users/andreasanditya/Downloads/572392_Andreas_AirflowETL/code/.venv/lib/python3.9/site-packages/airflow/example_dags/tutorial.py
[2026-09-18T13:34:45.499+0700] {logging_mixin.py:190} INFO - [2026-09-18T13:34:45.499+0700] {dag.py:3239} INFO - Sync 1 DAGs
[2026-09-18T13:34:45.511+0700] {logging_mixin.py:190} INFO - [2026-09-18T13:34:45.511+0700] {dag.py:4180} INFO - Setting next_dagrun for tutorial to 2026-09-17 00:00:00+00:00, run_after=2026-09-18 00:00:00+00:00
[2026-09-18T13:34:45.523+0700] {processor.py:208} INFO - Processing /Users/andreasanditya/Downloads/572392_Andreas_AirflowETL/code/.venv/lib/python3.9/site-packages/airflow/example_dags/tutorial.py took 0.137 seconds
[2026-09-18T13:36:13.940+0700] {processor.py:186} INFO - Started process (PID=99992) to work on /Users/andreasanditya/Downloads/572392_Andreas_AirflowETL/code/.venv/lib/python3.9/site-packages/airflow/example_dags/tutorial.py
[2026-09-18T13:36:13.941+0700] {processor.py:914} INFO - Processing file /Users/andreasanditya/Downloads/572392_Andreas_AirflowETL/code/.venv/lib/python3.9/site-packages/airflow/example_dags/tutorial.py for tasks to queue
[2026-09-18T13:36:13.941+0700] {logging_mixin.py:190} INFO - [2026-09-18T13:36:13.941+0700] {dagbag.py:588} INFO - Filling up the DagBag from /Users/andreasanditya/Downloads/572392_Andreas_AirflowETL/code/.venv/lib/python3.9/site-packages/airflow/example_dags/tutorial.py
[2026-09-18T13:36:13.946+0700] {processor.py:925} INFO - DAG(s) 'tutorial' retrieved from /Users/andreasanditya/Downloads/572392_Andreas_AirflowETL/code/.venv/lib/python3.9/site-packages/airflow/example_dags/tutorial.py
[2026-09-18T13:36:14.031+0700] {logging_mixin.py:190} INFO - [2026-09-18T13:36:14.031+0700] {dag.py:3239} INFO - Sync 1 DAGs
[2026-09-18T13:36:14.042+0700] {logging_mixin.py:190} INFO - [2026-09-18T13:36:14.042+0700] {dag.py:4180} INFO - Setting next_dagrun for tutorial to 2026-09-17 00:00:00+00:00, run_after=2026-09-18 00:00:00+00:00
[2026-09-18T13:36:14.052+0700] {processor.py:208} INFO - Processing /Users/andreasanditya/Downloads/572392_Andreas_AirflowETL/code/.venv/lib/python3.9/site-packages/airflow/example_dags/tutorial.py took 0.114 seconds
[2026-09-18T13:37:40.184+0700] {processor.py:186} INFO - Started process (PID=1082) to work on /Users/andreasanditya/Downloads/572392_Andreas_AirflowETL/code/.venv/lib/python3.9/site-packages/airflow/example_dags/tutorial.py
[2026-09-18T13:37:40.185+0700] {processor.py:914} INFO - Processing file /Users/andreasanditya/Downloads/572392_Andreas_AirflowETL/code/.venv/lib/python3.9/site-packages/airflow/example_dags/tutorial.py for tasks to queue
[2026-09-18T13:37:40.186+0700] {logging_mixin.py:190} INFO - [2026-09-18T13:37:40.186+0700] {dagbag.py:588} INFO - Filling up the DagBag from /Users/andreasanditya/Downloads/572392_Andreas_AirflowETL/code/.venv/lib/python3.9/site-packages/airflow/example_dags/tutorial.py
[2026-09-18T13:37:40.190+0700] {processor.py:925} INFO - DAG(s) 'tutorial' retrieved from /Users/andreasanditya/Downloads/572392_Andreas_AirflowETL/code/.venv/lib/python3.9/site-packages/airflow/example_dags/tutorial.py
[2026-09-18T13:37:40.276+0700] {logging_mixin.py:190} INFO - [2026-09-18T13:37:40.276+0700] {dag.py:3239} INFO - Sync 1 DAGs
[2026-09-18T13:37:40.288+0700] {logging_mixin.py:190} INFO - [2026-09-18T13:37:40.287+0700] {dag.py:4180} INFO - Setting next_dagrun for tutorial to 2026-09-17 00:00:00+00:00, run_after=2026-09-18 00:00:00+00:00
[2026-09-18T13:37:40.297+0700] {processor.py:208} INFO - Processing /Users/andreasanditya/Downloads/572392_Andreas_AirflowETL/code/.venv/lib/python3.9/site-packages/airflow/example_dags/tutorial.py took 0.116 seconds
