[2026-09-18T11:16:48.903+0700] {processor.py:186} INFO - Started process (PID=10248) to work on /Users/andreasanditya/Downloads/572392_Andreas_AirflowETL/code/.venv/lib/python3.9/site-packages/airflow/example_dags/tutorial_objectstorage.py
[2026-09-18T11:16:48.904+0700] {processor.py:914} INFO - Processing file /Users/andreasanditya/Downloads/572392_Andreas_AirflowETL/code/.venv/lib/python3.9/site-packages/airflow/example_dags/tutorial_objectstorage.py for tasks to queue
[2026-09-18T11:16:48.905+0700] {logging_mixin.py:190} INFO - [2026-09-18T11:16:48.905+0700] {dagbag.py:588} INFO - Filling up the DagBag from /Users/andreasanditya/Downloads/572392_Andreas_AirflowETL/code/.venv/lib/python3.9/site-packages/airflow/example_dags/tutorial_objectstorage.py
[2026-09-18T11:16:48.956+0700] {processor.py:925} INFO - DAG(s) 'tutorial_objectstorage' retrieved from /Users/andreasanditya/Downloads/572392_Andreas_AirflowETL/code/.venv/lib/python3.9/site-packages/airflow/example_dags/tutorial_objectstorage.py
[2026-09-18T11:16:49.062+0700] {logging_mixin.py:190} INFO - [2026-09-18T11:16:49.061+0700] {override.py:1912} INFO - Created Permission View: can delete on DAG:tutorial_objectstorage
[2026-09-18T11:16:49.067+0700] {logging_mixin.py:190} INFO - [2026-09-18T11:16:49.067+0700] {override.py:1912} INFO - Created Permission View: can edit on DAG:tutorial_objectstorage
[2026-09-18T11:16:49.070+0700] {logging_mixin.py:190} INFO - [2026-09-18T11:16:49.070+0700] {override.py:1912} INFO - Created Permission View: can read on DAG:tutorial_objectstorage
[2026-09-18T11:16:49.073+0700] {logging_mixin.py:190} INFO - [2026-09-18T11:16:49.073+0700] {override.py:1912} INFO - Created Permission View: can delete on DAG Run:tutorial_objectstorage
[2026-09-18T11:16:49.076+0700] {logging_mixin.py:190} INFO - [2026-09-18T11:16:49.076+0700] {override.py:1912} INFO - Created Permission View: can create on DAG Run:tutorial_objectstorage
[2026-09-18T11:16:49.079+0700] {logging_mixin.py:190} INFO - [2026-09-18T11:16:49.079+0700] {override.py:1912} INFO - Created Permission View: menu access on DAG Run:tutorial_objectstorage
[2026-09-18T11:16:49.082+0700] {logging_mixin.py:190} INFO - [2026-09-18T11:16:49.082+0700] {override.py:1912} INFO - Created Permission View: can read on DAG Run:tutorial_objectstorage
[2026-09-18T11:16:49.083+0700] {logging_mixin.py:190} INFO - [2026-09-18T11:16:49.082+0700] {dag.py:3239} INFO - Sync 1 DAGs
[2026-09-18T11:16:49.089+0700] {logging_mixin.py:190} INFO - [2026-09-18T11:16:49.089+0700] {dag.py:3262} INFO - Creating ORM DAG for tutorial_objectstorage
[2026-09-18T11:16:49.089+0700] {logging_mixin.py:190} INFO - [2026-09-18T11:16:49.089+0700] {dag.py:4180} INFO - Setting next_dagrun for tutorial_objectstorage to None, run_after=None
[2026-09-18T11:16:49.098+0700] {processor.py:208} INFO - Processing /Users/andreasanditya/Downloads/572392_Andreas_AirflowETL/code/.venv/lib/python3.9/site-packages/airflow/example_dags/tutorial_objectstorage.py took 0.197 seconds
[2026-09-18T11:19:06.323+0700] {processor.py:186} INFO - Started process (PID=11735) to work on /Users/andreasanditya/Downloads/572392_Andreas_AirflowETL/code/.venv/lib/python3.9/site-packages/airflow/example_dags/tutorial_objectstorage.py
[2026-09-18T11:19:06.324+0700] {processor.py:914} INFO - Processing file /Users/andreasanditya/Downloads/572392_Andreas_AirflowETL/code/.venv/lib/python3.9/site-packages/airflow/example_dags/tutorial_objectstorage.py for tasks to queue
[2026-09-18T11:19:06.325+0700] {logging_mixin.py:190} INFO - [2026-09-18T11:19:06.325+0700] {dagbag.py:588} INFO - Filling up the DagBag from /Users/andreasanditya/Downloads/572392_Andreas_AirflowETL/code/.venv/lib/python3.9/site-packages/airflow/example_dags/tutorial_objectstorage.py
[2026-09-18T11:19:06.372+0700] {processor.py:925} INFO - DAG(s) 'tutorial_objectstorage' retrieved from /Users/andreasanditya/Downloads/572392_Andreas_AirflowETL/code/.venv/lib/python3.9/site-packages/airflow/example_dags/tutorial_objectstorage.py
[2026-09-18T11:19:06.432+0700] {logging_mixin.py:190} INFO - [2026-09-18T11:19:06.432+0700] {dag.py:3239} INFO - Sync 1 DAGs
[2026-09-18T11:19:06.439+0700] {logging_mixin.py:190} INFO - [2026-09-18T11:19:06.438+0700] {dag.py:4180} INFO - Setting next_dagrun for tutorial_objectstorage to None, run_after=None
[2026-09-18T11:19:06.449+0700] {processor.py:208} INFO - Processing /Users/andreasanditya/Downloads/572392_Andreas_AirflowETL/code/.venv/lib/python3.9/site-packages/airflow/example_dags/tutorial_objectstorage.py took 0.128 seconds
[2026-09-18T11:20:39.192+0700] {processor.py:186} INFO - Started process (PID=12734) to work on /Users/andreasanditya/Downloads/572392_Andreas_AirflowETL/code/.venv/lib/python3.9/site-packages/airflow/example_dags/tutorial_objectstorage.py
[2026-09-18T11:20:39.193+0700] {processor.py:914} INFO - Processing file /Users/andreasanditya/Downloads/572392_Andreas_AirflowETL/code/.venv/lib/python3.9/site-packages/airflow/example_dags/tutorial_objectstorage.py for tasks to queue
[2026-09-18T11:20:39.194+0700] {logging_mixin.py:190} INFO - [2026-09-18T11:20:39.194+0700] {dagbag.py:588} INFO - Filling up the DagBag from /Users/andreasanditya/Downloads/572392_Andreas_AirflowETL/code/.venv/lib/python3.9/site-packages/airflow/example_dags/tutorial_objectstorage.py
[2026-09-18T11:20:39.243+0700] {processor.py:925} INFO - DAG(s) 'tutorial_objectstorage' retrieved from /Users/andreasanditya/Downloads/572392_Andreas_AirflowETL/code/.venv/lib/python3.9/site-packages/airflow/example_dags/tutorial_objectstorage.py
[2026-09-18T11:20:39.301+0700] {logging_mixin.py:190} INFO - [2026-09-18T11:20:39.301+0700] {dag.py:3239} INFO - Sync 1 DAGs
[2026-09-18T11:20:39.307+0700] {logging_mixin.py:190} INFO - [2026-09-18T11:20:39.307+0700] {dag.py:4180} INFO - Setting next_dagrun for tutorial_objectstorage to None, run_after=None
[2026-09-18T11:20:39.319+0700] {processor.py:208} INFO - Processing /Users/andreasanditya/Downloads/572392_Andreas_AirflowETL/code/.venv/lib/python3.9/site-packages/airflow/example_dags/tutorial_objectstorage.py took 0.129 seconds
[2026-09-18T11:22:07.449+0700] {processor.py:186} INFO - Started process (PID=13678) to work on /Users/andreasanditya/Downloads/572392_Andreas_AirflowETL/code/.venv/lib/python3.9/site-packages/airflow/example_dags/tutorial_objectstorage.py
[2026-09-18T11:22:07.450+0700] {processor.py:914} INFO - Processing file /Users/andreasanditya/Downloads/572392_Andreas_AirflowETL/code/.venv/lib/python3.9/site-packages/airflow/example_dags/tutorial_objectstorage.py for tasks to queue
[2026-09-18T11:22:07.451+0700] {logging_mixin.py:190} INFO - [2026-09-18T11:22:07.451+0700] {dagbag.py:588} INFO - Filling up the DagBag from /Users/andreasanditya/Downloads/572392_Andreas_AirflowETL/code/.venv/lib/python3.9/site-packages/airflow/example_dags/tutorial_objectstorage.py
[2026-09-18T11:22:07.499+0700] {processor.py:925} INFO - DAG(s) 'tutorial_objectstorage' retrieved from /Users/andreasanditya/Downloads/572392_Andreas_AirflowETL/code/.venv/lib/python3.9/site-packages/airflow/example_dags/tutorial_objectstorage.py
[2026-09-18T11:22:07.558+0700] {logging_mixin.py:190} INFO - [2026-09-18T11:22:07.558+0700] {dag.py:3239} INFO - Sync 1 DAGs
[2026-09-18T11:22:07.565+0700] {logging_mixin.py:190} INFO - [2026-09-18T11:22:07.565+0700] {dag.py:4180} INFO - Setting next_dagrun for tutorial_objectstorage to None, run_after=None
[2026-09-18T11:22:07.575+0700] {processor.py:208} INFO - Processing /Users/andreasanditya/Downloads/572392_Andreas_AirflowETL/code/.venv/lib/python3.9/site-packages/airflow/example_dags/tutorial_objectstorage.py took 0.128 seconds
[2026-09-18T11:22:38.564+0700] {processor.py:186} INFO - Started process (PID=14024) to work on /Users/andreasanditya/Downloads/572392_Andreas_AirflowETL/code/.venv/lib/python3.9/site-packages/airflow/example_dags/tutorial_objectstorage.py
[2026-09-18T11:22:38.566+0700] {processor.py:914} INFO - Processing file /Users/andreasanditya/Downloads/572392_Andreas_AirflowETL/code/.venv/lib/python3.9/site-packages/airflow/example_dags/tutorial_objectstorage.py for tasks to queue
[2026-09-18T11:22:38.566+0700] {logging_mixin.py:190} INFO - [2026-09-18T11:22:38.566+0700] {dagbag.py:588} INFO - Filling up the DagBag from /Users/andreasanditya/Downloads/572392_Andreas_AirflowETL/code/.venv/lib/python3.9/site-packages/airflow/example_dags/tutorial_objectstorage.py
[2026-09-18T11:22:38.624+0700] {processor.py:925} INFO - DAG(s) 'tutorial_objectstorage' retrieved from /Users/andreasanditya/Downloads/572392_Andreas_AirflowETL/code/.venv/lib/python3.9/site-packages/airflow/example_dags/tutorial_objectstorage.py
[2026-09-18T11:22:38.686+0700] {logging_mixin.py:190} INFO - [2026-09-18T11:22:38.686+0700] {dag.py:3239} INFO - Sync 1 DAGs
[2026-09-18T11:22:38.693+0700] {logging_mixin.py:190} INFO - [2026-09-18T11:22:38.693+0700] {dag.py:4180} INFO - Setting next_dagrun for tutorial_objectstorage to None, run_after=None
[2026-09-18T11:22:38.706+0700] {processor.py:208} INFO - Processing /Users/andreasanditya/Downloads/572392_Andreas_AirflowETL/code/.venv/lib/python3.9/site-packages/airflow/example_dags/tutorial_objectstorage.py took 0.144 seconds
[2026-09-18T11:24:04.256+0700] {processor.py:186} INFO - Started process (PID=15019) to work on /Users/andreasanditya/Downloads/572392_Andreas_AirflowETL/code/.venv/lib/python3.9/site-packages/airflow/example_dags/tutorial_objectstorage.py
[2026-09-18T11:24:04.257+0700] {processor.py:914} INFO - Processing file /Users/andreasanditya/Downloads/572392_Andreas_AirflowETL/code/.venv/lib/python3.9/site-packages/airflow/example_dags/tutorial_objectstorage.py for tasks to queue
[2026-09-18T11:24:04.258+0700] {logging_mixin.py:190} INFO - [2026-09-18T11:24:04.258+0700] {dagbag.py:588} INFO - Filling up the DagBag from /Users/andreasanditya/Downloads/572392_Andreas_AirflowETL/code/.venv/lib/python3.9/site-packages/airflow/example_dags/tutorial_objectstorage.py
[2026-09-18T11:24:04.306+0700] {processor.py:925} INFO - DAG(s) 'tutorial_objectstorage' retrieved from /Users/andreasanditya/Downloads/572392_Andreas_AirflowETL/code/.venv/lib/python3.9/site-packages/airflow/example_dags/tutorial_objectstorage.py
[2026-09-18T11:24:04.366+0700] {logging_mixin.py:190} INFO - [2026-09-18T11:24:04.366+0700] {dag.py:3239} INFO - Sync 1 DAGs
[2026-09-18T11:24:04.372+0700] {logging_mixin.py:190} INFO - [2026-09-18T11:24:04.372+0700] {dag.py:4180} INFO - Setting next_dagrun for tutorial_objectstorage to None, run_after=None
[2026-09-18T11:24:04.387+0700] {processor.py:208} INFO - Processing /Users/andreasanditya/Downloads/572392_Andreas_AirflowETL/code/.venv/lib/python3.9/site-packages/airflow/example_dags/tutorial_objectstorage.py took 0.133 seconds
[2026-09-18T11:26:08.163+0700] {processor.py:186} INFO - Started process (PID=16277) to work on /Users/andreasanditya/Downloads/572392_Andreas_AirflowETL/code/.venv/lib/python3.9/site-packages/airflow/example_dags/tutorial_objectstorage.py
[2026-09-18T11:26:08.163+0700] {processor.py:914} INFO - Processing file /Users/andreasanditya/Downloads/572392_Andreas_AirflowETL/code/.venv/lib/python3.9/site-packages/airflow/example_dags/tutorial_objectstorage.py for tasks to queue
[2026-09-18T11:26:08.164+0700] {logging_mixin.py:190} INFO - [2026-09-18T11:26:08.164+0700] {dagbag.py:588} INFO - Filling up the DagBag from /Users/andreasanditya/Downloads/572392_Andreas_AirflowETL/code/.venv/lib/python3.9/site-packages/airflow/example_dags/tutorial_objectstorage.py
[2026-09-18T11:26:08.210+0700] {processor.py:925} INFO - DAG(s) 'tutorial_objectstorage' retrieved from /Users/andreasanditya/Downloads/572392_Andreas_AirflowETL/code/.venv/lib/python3.9/site-packages/airflow/example_dags/tutorial_objectstorage.py
[2026-09-18T11:26:08.269+0700] {logging_mixin.py:190} INFO - [2026-09-18T11:26:08.268+0700] {dag.py:3239} INFO - Sync 1 DAGs
[2026-09-18T11:26:08.275+0700] {logging_mixin.py:190} INFO - [2026-09-18T11:26:08.274+0700] {dag.py:4180} INFO - Setting next_dagrun for tutorial_objectstorage to None, run_after=None
[2026-09-18T11:26:08.284+0700] {processor.py:208} INFO - Processing /Users/andreasanditya/Downloads/572392_Andreas_AirflowETL/code/.venv/lib/python3.9/site-packages/airflow/example_dags/tutorial_objectstorage.py took 0.124 seconds
[2026-09-18T11:27:41.570+0700] {processor.py:186} INFO - Started process (PID=17279) to work on /Users/andreasanditya/Downloads/572392_Andreas_AirflowETL/code/.venv/lib/python3.9/site-packages/airflow/example_dags/tutorial_objectstorage.py
[2026-09-18T11:27:41.571+0700] {processor.py:914} INFO - Processing file /Users/andreasanditya/Downloads/572392_Andreas_AirflowETL/code/.venv/lib/python3.9/site-packages/airflow/example_dags/tutorial_objectstorage.py for tasks to queue
[2026-09-18T11:27:41.572+0700] {logging_mixin.py:190} INFO - [2026-09-18T11:27:41.572+0700] {dagbag.py:588} INFO - Filling up the DagBag from /Users/andreasanditya/Downloads/572392_Andreas_AirflowETL/code/.venv/lib/python3.9/site-packages/airflow/example_dags/tutorial_objectstorage.py
[2026-09-18T11:27:41.623+0700] {processor.py:925} INFO - DAG(s) 'tutorial_objectstorage' retrieved from /Users/andreasanditya/Downloads/572392_Andreas_AirflowETL/code/.venv/lib/python3.9/site-packages/airflow/example_dags/tutorial_objectstorage.py
[2026-09-18T11:27:41.684+0700] {logging_mixin.py:190} INFO - [2026-09-18T11:27:41.683+0700] {dag.py:3239} INFO - Sync 1 DAGs
[2026-09-18T11:27:41.690+0700] {logging_mixin.py:190} INFO - [2026-09-18T11:27:41.689+0700] {dag.py:4180} INFO - Setting next_dagrun for tutorial_objectstorage to None, run_after=None
[2026-09-18T11:27:41.700+0700] {processor.py:208} INFO - Processing /Users/andreasanditya/Downloads/572392_Andreas_AirflowETL/code/.venv/lib/python3.9/site-packages/airflow/example_dags/tutorial_objectstorage.py took 0.132 seconds
[2026-09-18T11:29:09.689+0700] {processor.py:186} INFO - Started process (PID=18129) to work on /Users/andreasanditya/Downloads/572392_Andreas_AirflowETL/code/.venv/lib/python3.9/site-packages/airflow/example_dags/tutorial_objectstorage.py
[2026-09-18T11:29:09.690+0700] {processor.py:914} INFO - Processing file /Users/andreasanditya/Downloads/572392_Andreas_AirflowETL/code/.venv/lib/python3.9/site-packages/airflow/example_dags/tutorial_objectstorage.py for tasks to queue
[2026-09-18T11:29:09.691+0700] {logging_mixin.py:190} INFO - [2026-09-18T11:29:09.691+0700] {dagbag.py:588} INFO - Filling up the DagBag from /Users/andreasanditya/Downloads/572392_Andreas_AirflowETL/code/.venv/lib/python3.9/site-packages/airflow/example_dags/tutorial_objectstorage.py
[2026-09-18T11:29:09.739+0700] {processor.py:925} INFO - DAG(s) 'tutorial_objectstorage' retrieved from /Users/andreasanditya/Downloads/572392_Andreas_AirflowETL/code/.venv/lib/python3.9/site-packages/airflow/example_dags/tutorial_objectstorage.py
[2026-09-18T11:29:09.799+0700] {logging_mixin.py:190} INFO - [2026-09-18T11:29:09.799+0700] {dag.py:3239} INFO - Sync 1 DAGs
[2026-09-18T11:29:09.805+0700] {logging_mixin.py:190} INFO - [2026-09-18T11:29:09.805+0700] {dag.py:4180} INFO - Setting next_dagrun for tutorial_objectstorage to None, run_after=None
[2026-09-18T11:29:09.816+0700] {processor.py:208} INFO - Processing /Users/andreasanditya/Downloads/572392_Andreas_AirflowETL/code/.venv/lib/python3.9/site-packages/airflow/example_dags/tutorial_objectstorage.py took 0.129 seconds
[2026-09-18T11:30:39.466+0700] {processor.py:186} INFO - Started process (PID=19089) to work on /Users/andreasanditya/Downloads/572392_Andreas_AirflowETL/code/.venv/lib/python3.9/site-packages/airflow/example_dags/tutorial_objectstorage.py
[2026-09-18T11:30:39.467+0700] {processor.py:914} INFO - Processing file /Users/andreasanditya/Downloads/572392_Andreas_AirflowETL/code/.venv/lib/python3.9/site-packages/airflow/example_dags/tutorial_objectstorage.py for tasks to queue
[2026-09-18T11:30:39.468+0700] {logging_mixin.py:190} INFO - [2026-09-18T11:30:39.468+0700] {dagbag.py:588} INFO - Filling up the DagBag from /Users/andreasanditya/Downloads/572392_Andreas_AirflowETL/code/.venv/lib/python3.9/site-packages/airflow/example_dags/tutorial_objectstorage.py
[2026-09-18T11:30:39.514+0700] {processor.py:925} INFO - DAG(s) 'tutorial_objectstorage' retrieved from /Users/andreasanditya/Downloads/572392_Andreas_AirflowETL/code/.venv/lib/python3.9/site-packages/airflow/example_dags/tutorial_objectstorage.py
[2026-09-18T11:30:39.574+0700] {logging_mixin.py:190} INFO - [2026-09-18T11:30:39.574+0700] {dag.py:3239} INFO - Sync 1 DAGs
[2026-09-18T11:30:39.580+0700] {logging_mixin.py:190} INFO - [2026-09-18T11:30:39.580+0700] {dag.py:4180} INFO - Setting next_dagrun for tutorial_objectstorage to None, run_after=None
[2026-09-18T11:30:39.591+0700] {processor.py:208} INFO - Processing /Users/andreasanditya/Downloads/572392_Andreas_AirflowETL/code/.venv/lib/python3.9/site-packages/airflow/example_dags/tutorial_objectstorage.py took 0.127 seconds
[2026-09-18T11:32:07.641+0700] {processor.py:186} INFO - Started process (PID=19991) to work on /Users/andreasanditya/Downloads/572392_Andreas_AirflowETL/code/.venv/lib/python3.9/site-packages/airflow/example_dags/tutorial_objectstorage.py
[2026-09-18T11:32:07.642+0700] {processor.py:914} INFO - Processing file /Users/andreasanditya/Downloads/572392_Andreas_AirflowETL/code/.venv/lib/python3.9/site-packages/airflow/example_dags/tutorial_objectstorage.py for tasks to queue
[2026-09-18T11:32:07.643+0700] {logging_mixin.py:190} INFO - [2026-09-18T11:32:07.643+0700] {dagbag.py:588} INFO - Filling up the DagBag from /Users/andreasanditya/Downloads/572392_Andreas_AirflowETL/code/.venv/lib/python3.9/site-packages/airflow/example_dags/tutorial_objectstorage.py
[2026-09-18T11:32:07.689+0700] {processor.py:925} INFO - DAG(s) 'tutorial_objectstorage' retrieved from /Users/andreasanditya/Downloads/572392_Andreas_AirflowETL/code/.venv/lib/python3.9/site-packages/airflow/example_dags/tutorial_objectstorage.py
[2026-09-18T11:32:07.746+0700] {logging_mixin.py:190} INFO - [2026-09-18T11:32:07.746+0700] {dag.py:3239} INFO - Sync 1 DAGs
[2026-09-18T11:32:07.752+0700] {logging_mixin.py:190} INFO - [2026-09-18T11:32:07.752+0700] {dag.py:4180} INFO - Setting next_dagrun for tutorial_objectstorage to None, run_after=None
[2026-09-18T11:32:07.761+0700] {processor.py:208} INFO - Processing /Users/andreasanditya/Downloads/572392_Andreas_AirflowETL/code/.venv/lib/python3.9/site-packages/airflow/example_dags/tutorial_objectstorage.py took 0.123 seconds
[2026-09-18T11:33:35.840+0700] {processor.py:186} INFO - Started process (PID=21001) to work on /Users/andreasanditya/Downloads/572392_Andreas_AirflowETL/code/.venv/lib/python3.9/site-packages/airflow/example_dags/tutorial_objectstorage.py
[2026-09-18T11:33:35.841+0700] {processor.py:914} INFO - Processing file /Users/andreasanditya/Downloads/572392_Andreas_AirflowETL/code/.venv/lib/python3.9/site-packages/airflow/example_dags/tutorial_objectstorage.py for tasks to queue
[2026-09-18T11:33:35.841+0700] {logging_mixin.py:190} INFO - [2026-09-18T11:33:35.841+0700] {dagbag.py:588} INFO - Filling up the DagBag from /Users/andreasanditya/Downloads/572392_Andreas_AirflowETL/code/.venv/lib/python3.9/site-packages/airflow/example_dags/tutorial_objectstorage.py
[2026-09-18T11:33:35.889+0700] {processor.py:925} INFO - DAG(s) 'tutorial_objectstorage' retrieved from /Users/andreasanditya/Downloads/572392_Andreas_AirflowETL/code/.venv/lib/python3.9/site-packages/airflow/example_dags/tutorial_objectstorage.py
[2026-09-18T11:33:35.949+0700] {logging_mixin.py:190} INFO - [2026-09-18T11:33:35.949+0700] {dag.py:3239} INFO - Sync 1 DAGs
[2026-09-18T11:33:35.955+0700] {logging_mixin.py:190} INFO - [2026-09-18T11:33:35.955+0700] {dag.py:4180} INFO - Setting next_dagrun for tutorial_objectstorage to None, run_after=None
[2026-09-18T11:33:35.967+0700] {processor.py:208} INFO - Processing /Users/andreasanditya/Downloads/572392_Andreas_AirflowETL/code/.venv/lib/python3.9/site-packages/airflow/example_dags/tutorial_objectstorage.py took 0.129 seconds
[2026-09-18T11:35:03.633+0700] {processor.py:186} INFO - Started process (PID=21875) to work on /Users/andreasanditya/Downloads/572392_Andreas_AirflowETL/code/.venv/lib/python3.9/site-packages/airflow/example_dags/tutorial_objectstorage.py
[2026-09-18T11:35:03.634+0700] {processor.py:914} INFO - Processing file /Users/andreasanditya/Downloads/572392_Andreas_AirflowETL/code/.venv/lib/python3.9/site-packages/airflow/example_dags/tutorial_objectstorage.py for tasks to queue
[2026-09-18T11:35:03.635+0700] {logging_mixin.py:190} INFO - [2026-09-18T11:35:03.635+0700] {dagbag.py:588} INFO - Filling up the DagBag from /Users/andreasanditya/Downloads/572392_Andreas_AirflowETL/code/.venv/lib/python3.9/site-packages/airflow/example_dags/tutorial_objectstorage.py
[2026-09-18T11:35:03.683+0700] {processor.py:925} INFO - DAG(s) 'tutorial_objectstorage' retrieved from /Users/andreasanditya/Downloads/572392_Andreas_AirflowETL/code/.venv/lib/python3.9/site-packages/airflow/example_dags/tutorial_objectstorage.py
[2026-09-18T11:35:03.742+0700] {logging_mixin.py:190} INFO - [2026-09-18T11:35:03.742+0700] {dag.py:3239} INFO - Sync 1 DAGs
[2026-09-18T11:35:03.748+0700] {logging_mixin.py:190} INFO - [2026-09-18T11:35:03.748+0700] {dag.py:4180} INFO - Setting next_dagrun for tutorial_objectstorage to None, run_after=None
[2026-09-18T11:35:03.759+0700] {processor.py:208} INFO - Processing /Users/andreasanditya/Downloads/572392_Andreas_AirflowETL/code/.venv/lib/python3.9/site-packages/airflow/example_dags/tutorial_objectstorage.py took 0.128 seconds
[2026-09-18T11:36:31.024+0700] {processor.py:186} INFO - Started process (PID=22837) to work on /Users/andreasanditya/Downloads/572392_Andreas_AirflowETL/code/.venv/lib/python3.9/site-packages/airflow/example_dags/tutorial_objectstorage.py
[2026-09-18T11:36:31.026+0700] {processor.py:914} INFO - Processing file /Users/andreasanditya/Downloads/572392_Andreas_AirflowETL/code/.venv/lib/python3.9/site-packages/airflow/example_dags/tutorial_objectstorage.py for tasks to queue
[2026-09-18T11:36:31.027+0700] {logging_mixin.py:190} INFO - [2026-09-18T11:36:31.027+0700] {dagbag.py:588} INFO - Filling up the DagBag from /Users/andreasanditya/Downloads/572392_Andreas_AirflowETL/code/.venv/lib/python3.9/site-packages/airflow/example_dags/tutorial_objectstorage.py
[2026-09-18T11:36:31.076+0700] {processor.py:925} INFO - DAG(s) 'tutorial_objectstorage' retrieved from /Users/andreasanditya/Downloads/572392_Andreas_AirflowETL/code/.venv/lib/python3.9/site-packages/airflow/example_dags/tutorial_objectstorage.py
[2026-09-18T11:36:31.140+0700] {logging_mixin.py:190} INFO - [2026-09-18T11:36:31.140+0700] {dag.py:3239} INFO - Sync 1 DAGs
[2026-09-18T11:36:31.146+0700] {logging_mixin.py:190} INFO - [2026-09-18T11:36:31.146+0700] {dag.py:4180} INFO - Setting next_dagrun for tutorial_objectstorage to None, run_after=None
[2026-09-18T11:36:31.158+0700] {processor.py:208} INFO - Processing /Users/andreasanditya/Downloads/572392_Andreas_AirflowETL/code/.venv/lib/python3.9/site-packages/airflow/example_dags/tutorial_objectstorage.py took 0.136 seconds
[2026-09-18T11:37:59.274+0700] {processor.py:186} INFO - Started process (PID=23739) to work on /Users/andreasanditya/Downloads/572392_Andreas_AirflowETL/code/.venv/lib/python3.9/site-packages/airflow/example_dags/tutorial_objectstorage.py
[2026-09-18T11:37:59.275+0700] {processor.py:914} INFO - Processing file /Users/andreasanditya/Downloads/572392_Andreas_AirflowETL/code/.venv/lib/python3.9/site-packages/airflow/example_dags/tutorial_objectstorage.py for tasks to queue
[2026-09-18T11:37:59.276+0700] {logging_mixin.py:190} INFO - [2026-09-18T11:37:59.276+0700] {dagbag.py:588} INFO - Filling up the DagBag from /Users/andreasanditya/Downloads/572392_Andreas_AirflowETL/code/.venv/lib/python3.9/site-packages/airflow/example_dags/tutorial_objectstorage.py
[2026-09-18T11:37:59.322+0700] {processor.py:925} INFO - DAG(s) 'tutorial_objectstorage' retrieved from /Users/andreasanditya/Downloads/572392_Andreas_AirflowETL/code/.venv/lib/python3.9/site-packages/airflow/example_dags/tutorial_objectstorage.py
[2026-09-18T11:37:59.380+0700] {logging_mixin.py:190} INFO - [2026-09-18T11:37:59.380+0700] {dag.py:3239} INFO - Sync 1 DAGs
[2026-09-18T11:37:59.386+0700] {logging_mixin.py:190} INFO - [2026-09-18T11:37:59.386+0700] {dag.py:4180} INFO - Setting next_dagrun for tutorial_objectstorage to None, run_after=None
[2026-09-18T11:37:59.396+0700] {processor.py:208} INFO - Processing /Users/andreasanditya/Downloads/572392_Andreas_AirflowETL/code/.venv/lib/python3.9/site-packages/airflow/example_dags/tutorial_objectstorage.py took 0.124 seconds
[2026-09-18T11:39:25.203+0700] {processor.py:186} INFO - Started process (PID=24641) to work on /Users/andreasanditya/Downloads/572392_Andreas_AirflowETL/code/.venv/lib/python3.9/site-packages/airflow/example_dags/tutorial_objectstorage.py
[2026-09-18T11:39:25.205+0700] {processor.py:914} INFO - Processing file /Users/andreasanditya/Downloads/572392_Andreas_AirflowETL/code/.venv/lib/python3.9/site-packages/airflow/example_dags/tutorial_objectstorage.py for tasks to queue
[2026-09-18T11:39:25.205+0700] {logging_mixin.py:190} INFO - [2026-09-18T11:39:25.205+0700] {dagbag.py:588} INFO - Filling up the DagBag from /Users/andreasanditya/Downloads/572392_Andreas_AirflowETL/code/.venv/lib/python3.9/site-packages/airflow/example_dags/tutorial_objectstorage.py
[2026-09-18T11:39:25.253+0700] {processor.py:925} INFO - DAG(s) 'tutorial_objectstorage' retrieved from /Users/andreasanditya/Downloads/572392_Andreas_AirflowETL/code/.venv/lib/python3.9/site-packages/airflow/example_dags/tutorial_objectstorage.py
[2026-09-18T11:39:25.310+0700] {logging_mixin.py:190} INFO - [2026-09-18T11:39:25.310+0700] {dag.py:3239} INFO - Sync 1 DAGs
[2026-09-18T11:39:25.317+0700] {logging_mixin.py:190} INFO - [2026-09-18T11:39:25.316+0700] {dag.py:4180} INFO - Setting next_dagrun for tutorial_objectstorage to None, run_after=None
[2026-09-18T11:39:25.326+0700] {processor.py:208} INFO - Processing /Users/andreasanditya/Downloads/572392_Andreas_AirflowETL/code/.venv/lib/python3.9/site-packages/airflow/example_dags/tutorial_objectstorage.py took 0.126 seconds
[2026-09-18T11:40:53.503+0700] {processor.py:186} INFO - Started process (PID=25555) to work on /Users/andreasanditya/Downloads/572392_Andreas_AirflowETL/code/.venv/lib/python3.9/site-packages/airflow/example_dags/tutorial_objectstorage.py
[2026-09-18T11:40:53.504+0700] {processor.py:914} INFO - Processing file /Users/andreasanditya/Downloads/572392_Andreas_AirflowETL/code/.venv/lib/python3.9/site-packages/airflow/example_dags/tutorial_objectstorage.py for tasks to queue
[2026-09-18T11:40:53.505+0700] {logging_mixin.py:190} INFO - [2026-09-18T11:40:53.505+0700] {dagbag.py:588} INFO - Filling up the DagBag from /Users/andreasanditya/Downloads/572392_Andreas_AirflowETL/code/.venv/lib/python3.9/site-packages/airflow/example_dags/tutorial_objectstorage.py
[2026-09-18T11:40:53.556+0700] {processor.py:925} INFO - DAG(s) 'tutorial_objectstorage' retrieved from /Users/andreasanditya/Downloads/572392_Andreas_AirflowETL/code/.venv/lib/python3.9/site-packages/airflow/example_dags/tutorial_objectstorage.py
[2026-09-18T11:40:53.616+0700] {logging_mixin.py:190} INFO - [2026-09-18T11:40:53.615+0700] {dag.py:3239} INFO - Sync 1 DAGs
[2026-09-18T11:40:53.622+0700] {logging_mixin.py:190} INFO - [2026-09-18T11:40:53.622+0700] {dag.py:4180} INFO - Setting next_dagrun for tutorial_objectstorage to None, run_after=None
[2026-09-18T11:40:53.632+0700] {processor.py:208} INFO - Processing /Users/andreasanditya/Downloads/572392_Andreas_AirflowETL/code/.venv/lib/python3.9/site-packages/airflow/example_dags/tutorial_objectstorage.py took 0.131 seconds
[2026-09-18T11:42:25.167+0700] {processor.py:186} INFO - Started process (PID=26526) to work on /Users/andreasanditya/Downloads/572392_Andreas_AirflowETL/code/.venv/lib/python3.9/site-packages/airflow/example_dags/tutorial_objectstorage.py
[2026-09-18T11:42:25.168+0700] {processor.py:914} INFO - Processing file /Users/andreasanditya/Downloads/572392_Andreas_AirflowETL/code/.venv/lib/python3.9/site-packages/airflow/example_dags/tutorial_objectstorage.py for tasks to queue
[2026-09-18T11:42:25.169+0700] {logging_mixin.py:190} INFO - [2026-09-18T11:42:25.169+0700] {dagbag.py:588} INFO - Filling up the DagBag from /Users/andreasanditya/Downloads/572392_Andreas_AirflowETL/code/.venv/lib/python3.9/site-packages/airflow/example_dags/tutorial_objectstorage.py
[2026-09-18T11:42:25.224+0700] {processor.py:925} INFO - DAG(s) 'tutorial_objectstorage' retrieved from /Users/andreasanditya/Downloads/572392_Andreas_AirflowETL/code/.venv/lib/python3.9/site-packages/airflow/example_dags/tutorial_objectstorage.py
[2026-09-18T11:42:25.285+0700] {logging_mixin.py:190} INFO - [2026-09-18T11:42:25.285+0700] {dag.py:3239} INFO - Sync 1 DAGs
[2026-09-18T11:42:25.291+0700] {logging_mixin.py:190} INFO - [2026-09-18T11:42:25.291+0700] {dag.py:4180} INFO - Setting next_dagrun for tutorial_objectstorage to None, run_after=None
[2026-09-18T11:42:25.302+0700] {processor.py:208} INFO - Processing /Users/andreasanditya/Downloads/572392_Andreas_AirflowETL/code/.venv/lib/python3.9/site-packages/airflow/example_dags/tutorial_objectstorage.py took 0.138 seconds
[2026-09-18T11:43:52.286+0700] {processor.py:186} INFO - Started process (PID=27345) to work on /Users/andreasanditya/Downloads/572392_Andreas_AirflowETL/code/.venv/lib/python3.9/site-packages/airflow/example_dags/tutorial_objectstorage.py
[2026-09-18T11:43:52.287+0700] {processor.py:914} INFO - Processing file /Users/andreasanditya/Downloads/572392_Andreas_AirflowETL/code/.venv/lib/python3.9/site-packages/airflow/example_dags/tutorial_objectstorage.py for tasks to queue
[2026-09-18T11:43:52.288+0700] {logging_mixin.py:190} INFO - [2026-09-18T11:43:52.287+0700] {dagbag.py:588} INFO - Filling up the DagBag from /Users/andreasanditya/Downloads/572392_Andreas_AirflowETL/code/.venv/lib/python3.9/site-packages/airflow/example_dags/tutorial_objectstorage.py
[2026-09-18T11:43:52.333+0700] {processor.py:925} INFO - DAG(s) 'tutorial_objectstorage' retrieved from /Users/andreasanditya/Downloads/572392_Andreas_AirflowETL/code/.venv/lib/python3.9/site-packages/airflow/example_dags/tutorial_objectstorage.py
[2026-09-18T11:43:52.394+0700] {logging_mixin.py:190} INFO - [2026-09-18T11:43:52.394+0700] {dag.py:3239} INFO - Sync 1 DAGs
[2026-09-18T11:43:52.400+0700] {logging_mixin.py:190} INFO - [2026-09-18T11:43:52.400+0700] {dag.py:4180} INFO - Setting next_dagrun for tutorial_objectstorage to None, run_after=None
[2026-09-18T11:43:52.410+0700] {processor.py:208} INFO - Processing /Users/andreasanditya/Downloads/572392_Andreas_AirflowETL/code/.venv/lib/python3.9/site-packages/airflow/example_dags/tutorial_objectstorage.py took 0.126 seconds
[2026-09-18T11:45:19.404+0700] {processor.py:186} INFO - Started process (PID=28247) to work on /Users/andreasanditya/Downloads/572392_Andreas_AirflowETL/code/.venv/lib/python3.9/site-packages/airflow/example_dags/tutorial_objectstorage.py
[2026-09-18T11:45:19.405+0700] {processor.py:914} INFO - Processing file /Users/andreasanditya/Downloads/572392_Andreas_AirflowETL/code/.venv/lib/python3.9/site-packages/airflow/example_dags/tutorial_objectstorage.py for tasks to queue
[2026-09-18T11:45:19.405+0700] {logging_mixin.py:190} INFO - [2026-09-18T11:45:19.405+0700] {dagbag.py:588} INFO - Filling up the DagBag from /Users/andreasanditya/Downloads/572392_Andreas_AirflowETL/code/.venv/lib/python3.9/site-packages/airflow/example_dags/tutorial_objectstorage.py
[2026-09-18T11:45:19.451+0700] {processor.py:925} INFO - DAG(s) 'tutorial_objectstorage' retrieved from /Users/andreasanditya/Downloads/572392_Andreas_AirflowETL/code/.venv/lib/python3.9/site-packages/airflow/example_dags/tutorial_objectstorage.py
[2026-09-18T11:45:19.510+0700] {logging_mixin.py:190} INFO - [2026-09-18T11:45:19.510+0700] {dag.py:3239} INFO - Sync 1 DAGs
[2026-09-18T11:45:19.516+0700] {logging_mixin.py:190} INFO - [2026-09-18T11:45:19.516+0700] {dag.py:4180} INFO - Setting next_dagrun for tutorial_objectstorage to None, run_after=None
[2026-09-18T11:45:19.526+0700] {processor.py:208} INFO - Processing /Users/andreasanditya/Downloads/572392_Andreas_AirflowETL/code/.venv/lib/python3.9/site-packages/airflow/example_dags/tutorial_objectstorage.py took 0.124 seconds
[2026-09-18T11:46:45.886+0700] {processor.py:186} INFO - Started process (PID=29068) to work on /Users/andreasanditya/Downloads/572392_Andreas_AirflowETL/code/.venv/lib/python3.9/site-packages/airflow/example_dags/tutorial_objectstorage.py
[2026-09-18T11:46:45.887+0700] {processor.py:914} INFO - Processing file /Users/andreasanditya/Downloads/572392_Andreas_AirflowETL/code/.venv/lib/python3.9/site-packages/airflow/example_dags/tutorial_objectstorage.py for tasks to queue
[2026-09-18T11:46:45.888+0700] {logging_mixin.py:190} INFO - [2026-09-18T11:46:45.888+0700] {dagbag.py:588} INFO - Filling up the DagBag from /Users/andreasanditya/Downloads/572392_Andreas_AirflowETL/code/.venv/lib/python3.9/site-packages/airflow/example_dags/tutorial_objectstorage.py
[2026-09-18T11:46:45.933+0700] {processor.py:925} INFO - DAG(s) 'tutorial_objectstorage' retrieved from /Users/andreasanditya/Downloads/572392_Andreas_AirflowETL/code/.venv/lib/python3.9/site-packages/airflow/example_dags/tutorial_objectstorage.py
[2026-09-18T11:46:45.991+0700] {logging_mixin.py:190} INFO - [2026-09-18T11:46:45.991+0700] {dag.py:3239} INFO - Sync 1 DAGs
[2026-09-18T11:46:45.997+0700] {logging_mixin.py:190} INFO - [2026-09-18T11:46:45.997+0700] {dag.py:4180} INFO - Setting next_dagrun for tutorial_objectstorage to None, run_after=None
[2026-09-18T11:46:46.007+0700] {processor.py:208} INFO - Processing /Users/andreasanditya/Downloads/572392_Andreas_AirflowETL/code/.venv/lib/python3.9/site-packages/airflow/example_dags/tutorial_objectstorage.py took 0.124 seconds
[2026-09-18T11:48:12.524+0700] {processor.py:186} INFO - Started process (PID=29982) to work on /Users/andreasanditya/Downloads/572392_Andreas_AirflowETL/code/.venv/lib/python3.9/site-packages/airflow/example_dags/tutorial_objectstorage.py
[2026-09-18T11:48:12.524+0700] {processor.py:914} INFO - Processing file /Users/andreasanditya/Downloads/572392_Andreas_AirflowETL/code/.venv/lib/python3.9/site-packages/airflow/example_dags/tutorial_objectstorage.py for tasks to queue
[2026-09-18T11:48:12.525+0700] {logging_mixin.py:190} INFO - [2026-09-18T11:48:12.525+0700] {dagbag.py:588} INFO - Filling up the DagBag from /Users/andreasanditya/Downloads/572392_Andreas_AirflowETL/code/.venv/lib/python3.9/site-packages/airflow/example_dags/tutorial_objectstorage.py
[2026-09-18T11:48:12.572+0700] {processor.py:925} INFO - DAG(s) 'tutorial_objectstorage' retrieved from /Users/andreasanditya/Downloads/572392_Andreas_AirflowETL/code/.venv/lib/python3.9/site-packages/airflow/example_dags/tutorial_objectstorage.py
[2026-09-18T11:48:12.630+0700] {logging_mixin.py:190} INFO - [2026-09-18T11:48:12.629+0700] {dag.py:3239} INFO - Sync 1 DAGs
[2026-09-18T11:48:12.635+0700] {logging_mixin.py:190} INFO - [2026-09-18T11:48:12.635+0700] {dag.py:4180} INFO - Setting next_dagrun for tutorial_objectstorage to None, run_after=None
[2026-09-18T11:48:12.645+0700] {processor.py:208} INFO - Processing /Users/andreasanditya/Downloads/572392_Andreas_AirflowETL/code/.venv/lib/python3.9/site-packages/airflow/example_dags/tutorial_objectstorage.py took 0.124 seconds
[2026-09-18T11:49:39.551+0700] {processor.py:186} INFO - Started process (PID=30912) to work on /Users/andreasanditya/Downloads/572392_Andreas_AirflowETL/code/.venv/lib/python3.9/site-packages/airflow/example_dags/tutorial_objectstorage.py
[2026-09-18T11:49:39.552+0700] {processor.py:914} INFO - Processing file /Users/andreasanditya/Downloads/572392_Andreas_AirflowETL/code/.venv/lib/python3.9/site-packages/airflow/example_dags/tutorial_objectstorage.py for tasks to queue
[2026-09-18T11:49:39.553+0700] {logging_mixin.py:190} INFO - [2026-09-18T11:49:39.553+0700] {dagbag.py:588} INFO - Filling up the DagBag from /Users/andreasanditya/Downloads/572392_Andreas_AirflowETL/code/.venv/lib/python3.9/site-packages/airflow/example_dags/tutorial_objectstorage.py
[2026-09-18T11:49:39.599+0700] {processor.py:925} INFO - DAG(s) 'tutorial_objectstorage' retrieved from /Users/andreasanditya/Downloads/572392_Andreas_AirflowETL/code/.venv/lib/python3.9/site-packages/airflow/example_dags/tutorial_objectstorage.py
[2026-09-18T11:49:39.657+0700] {logging_mixin.py:190} INFO - [2026-09-18T11:49:39.657+0700] {dag.py:3239} INFO - Sync 1 DAGs
[2026-09-18T11:49:39.663+0700] {logging_mixin.py:190} INFO - [2026-09-18T11:49:39.663+0700] {dag.py:4180} INFO - Setting next_dagrun for tutorial_objectstorage to None, run_after=None
[2026-09-18T11:49:39.674+0700] {processor.py:208} INFO - Processing /Users/andreasanditya/Downloads/572392_Andreas_AirflowETL/code/.venv/lib/python3.9/site-packages/airflow/example_dags/tutorial_objectstorage.py took 0.125 seconds
[2026-09-18T11:51:04.648+0700] {processor.py:186} INFO - Started process (PID=31721) to work on /Users/andreasanditya/Downloads/572392_Andreas_AirflowETL/code/.venv/lib/python3.9/site-packages/airflow/example_dags/tutorial_objectstorage.py
[2026-09-18T11:51:04.649+0700] {processor.py:914} INFO - Processing file /Users/andreasanditya/Downloads/572392_Andreas_AirflowETL/code/.venv/lib/python3.9/site-packages/airflow/example_dags/tutorial_objectstorage.py for tasks to queue
[2026-09-18T11:51:04.649+0700] {logging_mixin.py:190} INFO - [2026-09-18T11:51:04.649+0700] {dagbag.py:588} INFO - Filling up the DagBag from /Users/andreasanditya/Downloads/572392_Andreas_AirflowETL/code/.venv/lib/python3.9/site-packages/airflow/example_dags/tutorial_objectstorage.py
[2026-09-18T11:51:04.694+0700] {processor.py:925} INFO - DAG(s) 'tutorial_objectstorage' retrieved from /Users/andreasanditya/Downloads/572392_Andreas_AirflowETL/code/.venv/lib/python3.9/site-packages/airflow/example_dags/tutorial_objectstorage.py
[2026-09-18T11:51:04.752+0700] {logging_mixin.py:190} INFO - [2026-09-18T11:51:04.752+0700] {dag.py:3239} INFO - Sync 1 DAGs
[2026-09-18T11:51:04.758+0700] {logging_mixin.py:190} INFO - [2026-09-18T11:51:04.758+0700] {dag.py:4180} INFO - Setting next_dagrun for tutorial_objectstorage to None, run_after=None
[2026-09-18T11:51:04.768+0700] {processor.py:208} INFO - Processing /Users/andreasanditya/Downloads/572392_Andreas_AirflowETL/code/.venv/lib/python3.9/site-packages/airflow/example_dags/tutorial_objectstorage.py took 0.122 seconds
[2026-09-18T11:52:30.403+0700] {processor.py:186} INFO - Started process (PID=32565) to work on /Users/andreasanditya/Downloads/572392_Andreas_AirflowETL/code/.venv/lib/python3.9/site-packages/airflow/example_dags/tutorial_objectstorage.py
[2026-09-18T11:52:30.404+0700] {processor.py:914} INFO - Processing file /Users/andreasanditya/Downloads/572392_Andreas_AirflowETL/code/.venv/lib/python3.9/site-packages/airflow/example_dags/tutorial_objectstorage.py for tasks to queue
[2026-09-18T11:52:30.405+0700] {logging_mixin.py:190} INFO - [2026-09-18T11:52:30.405+0700] {dagbag.py:588} INFO - Filling up the DagBag from /Users/andreasanditya/Downloads/572392_Andreas_AirflowETL/code/.venv/lib/python3.9/site-packages/airflow/example_dags/tutorial_objectstorage.py
[2026-09-18T11:52:30.454+0700] {processor.py:925} INFO - DAG(s) 'tutorial_objectstorage' retrieved from /Users/andreasanditya/Downloads/572392_Andreas_AirflowETL/code/.venv/lib/python3.9/site-packages/airflow/example_dags/tutorial_objectstorage.py
[2026-09-18T11:52:30.512+0700] {logging_mixin.py:190} INFO - [2026-09-18T11:52:30.512+0700] {dag.py:3239} INFO - Sync 1 DAGs
[2026-09-18T11:52:30.518+0700] {logging_mixin.py:190} INFO - [2026-09-18T11:52:30.518+0700] {dag.py:4180} INFO - Setting next_dagrun for tutorial_objectstorage to None, run_after=None
[2026-09-18T11:52:30.528+0700] {processor.py:208} INFO - Processing /Users/andreasanditya/Downloads/572392_Andreas_AirflowETL/code/.venv/lib/python3.9/site-packages/airflow/example_dags/tutorial_objectstorage.py took 0.127 seconds
[2026-09-18T11:53:57.398+0700] {processor.py:186} INFO - Started process (PID=33448) to work on /Users/andreasanditya/Downloads/572392_Andreas_AirflowETL/code/.venv/lib/python3.9/site-packages/airflow/example_dags/tutorial_objectstorage.py
[2026-09-18T11:53:57.399+0700] {processor.py:914} INFO - Processing file /Users/andreasanditya/Downloads/572392_Andreas_AirflowETL/code/.venv/lib/python3.9/site-packages/airflow/example_dags/tutorial_objectstorage.py for tasks to queue
[2026-09-18T11:53:57.400+0700] {logging_mixin.py:190} INFO - [2026-09-18T11:53:57.399+0700] {dagbag.py:588} INFO - Filling up the DagBag from /Users/andreasanditya/Downloads/572392_Andreas_AirflowETL/code/.venv/lib/python3.9/site-packages/airflow/example_dags/tutorial_objectstorage.py
[2026-09-18T11:53:57.446+0700] {processor.py:925} INFO - DAG(s) 'tutorial_objectstorage' retrieved from /Users/andreasanditya/Downloads/572392_Andreas_AirflowETL/code/.venv/lib/python3.9/site-packages/airflow/example_dags/tutorial_objectstorage.py
[2026-09-18T11:53:57.504+0700] {logging_mixin.py:190} INFO - [2026-09-18T11:53:57.504+0700] {dag.py:3239} INFO - Sync 1 DAGs
[2026-09-18T11:53:57.510+0700] {logging_mixin.py:190} INFO - [2026-09-18T11:53:57.510+0700] {dag.py:4180} INFO - Setting next_dagrun for tutorial_objectstorage to None, run_after=None
[2026-09-18T11:53:57.520+0700] {processor.py:208} INFO - Processing /Users/andreasanditya/Downloads/572392_Andreas_AirflowETL/code/.venv/lib/python3.9/site-packages/airflow/example_dags/tutorial_objectstorage.py took 0.124 seconds
[2026-09-18T11:55:24.718+0700] {processor.py:186} INFO - Started process (PID=34378) to work on /Users/andreasanditya/Downloads/572392_Andreas_AirflowETL/code/.venv/lib/python3.9/site-packages/airflow/example_dags/tutorial_objectstorage.py
[2026-09-18T11:55:24.719+0700] {processor.py:914} INFO - Processing file /Users/andreasanditya/Downloads/572392_Andreas_AirflowETL/code/.venv/lib/python3.9/site-packages/airflow/example_dags/tutorial_objectstorage.py for tasks to queue
[2026-09-18T11:55:24.720+0700] {logging_mixin.py:190} INFO - [2026-09-18T11:55:24.720+0700] {dagbag.py:588} INFO - Filling up the DagBag from /Users/andreasanditya/Downloads/572392_Andreas_AirflowETL/code/.venv/lib/python3.9/site-packages/airflow/example_dags/tutorial_objectstorage.py
[2026-09-18T11:55:24.765+0700] {processor.py:925} INFO - DAG(s) 'tutorial_objectstorage' retrieved from /Users/andreasanditya/Downloads/572392_Andreas_AirflowETL/code/.venv/lib/python3.9/site-packages/airflow/example_dags/tutorial_objectstorage.py
[2026-09-18T11:55:24.824+0700] {logging_mixin.py:190} INFO - [2026-09-18T11:55:24.824+0700] {dag.py:3239} INFO - Sync 1 DAGs
[2026-09-18T11:55:24.830+0700] {logging_mixin.py:190} INFO - [2026-09-18T11:55:24.830+0700] {dag.py:4180} INFO - Setting next_dagrun for tutorial_objectstorage to None, run_after=None
[2026-09-18T11:55:24.840+0700] {processor.py:208} INFO - Processing /Users/andreasanditya/Downloads/572392_Andreas_AirflowETL/code/.venv/lib/python3.9/site-packages/airflow/example_dags/tutorial_objectstorage.py took 0.123 seconds
[2026-09-18T11:56:51.983+0700] {processor.py:186} INFO - Started process (PID=35192) to work on /Users/andreasanditya/Downloads/572392_Andreas_AirflowETL/code/.venv/lib/python3.9/site-packages/airflow/example_dags/tutorial_objectstorage.py
[2026-09-18T11:56:51.984+0700] {processor.py:914} INFO - Processing file /Users/andreasanditya/Downloads/572392_Andreas_AirflowETL/code/.venv/lib/python3.9/site-packages/airflow/example_dags/tutorial_objectstorage.py for tasks to queue
[2026-09-18T11:56:51.985+0700] {logging_mixin.py:190} INFO - [2026-09-18T11:56:51.985+0700] {dagbag.py:588} INFO - Filling up the DagBag from /Users/andreasanditya/Downloads/572392_Andreas_AirflowETL/code/.venv/lib/python3.9/site-packages/airflow/example_dags/tutorial_objectstorage.py
[2026-09-18T11:56:52.030+0700] {processor.py:925} INFO - DAG(s) 'tutorial_objectstorage' retrieved from /Users/andreasanditya/Downloads/572392_Andreas_AirflowETL/code/.venv/lib/python3.9/site-packages/airflow/example_dags/tutorial_objectstorage.py
[2026-09-18T11:56:52.087+0700] {logging_mixin.py:190} INFO - [2026-09-18T11:56:52.087+0700] {dag.py:3239} INFO - Sync 1 DAGs
[2026-09-18T11:56:52.093+0700] {logging_mixin.py:190} INFO - [2026-09-18T11:56:52.093+0700] {dag.py:4180} INFO - Setting next_dagrun for tutorial_objectstorage to None, run_after=None
[2026-09-18T11:56:52.103+0700] {processor.py:208} INFO - Processing /Users/andreasanditya/Downloads/572392_Andreas_AirflowETL/code/.venv/lib/python3.9/site-packages/airflow/example_dags/tutorial_objectstorage.py took 0.122 seconds
[2026-09-18T11:58:18.550+0700] {processor.py:186} INFO - Started process (PID=36103) to work on /Users/andreasanditya/Downloads/572392_Andreas_AirflowETL/code/.venv/lib/python3.9/site-packages/airflow/example_dags/tutorial_objectstorage.py
[2026-09-18T11:58:18.551+0700] {processor.py:914} INFO - Processing file /Users/andreasanditya/Downloads/572392_Andreas_AirflowETL/code/.venv/lib/python3.9/site-packages/airflow/example_dags/tutorial_objectstorage.py for tasks to queue
[2026-09-18T11:58:18.552+0700] {logging_mixin.py:190} INFO - [2026-09-18T11:58:18.552+0700] {dagbag.py:588} INFO - Filling up the DagBag from /Users/andreasanditya/Downloads/572392_Andreas_AirflowETL/code/.venv/lib/python3.9/site-packages/airflow/example_dags/tutorial_objectstorage.py
[2026-09-18T11:58:18.597+0700] {processor.py:925} INFO - DAG(s) 'tutorial_objectstorage' retrieved from /Users/andreasanditya/Downloads/572392_Andreas_AirflowETL/code/.venv/lib/python3.9/site-packages/airflow/example_dags/tutorial_objectstorage.py
[2026-09-18T11:58:18.656+0700] {logging_mixin.py:190} INFO - [2026-09-18T11:58:18.656+0700] {dag.py:3239} INFO - Sync 1 DAGs
[2026-09-18T11:58:18.662+0700] {logging_mixin.py:190} INFO - [2026-09-18T11:58:18.662+0700] {dag.py:4180} INFO - Setting next_dagrun for tutorial_objectstorage to None, run_after=None
[2026-09-18T11:58:18.672+0700] {processor.py:208} INFO - Processing /Users/andreasanditya/Downloads/572392_Andreas_AirflowETL/code/.venv/lib/python3.9/site-packages/airflow/example_dags/tutorial_objectstorage.py took 0.123 seconds
[2026-09-18T11:59:42.562+0700] {processor.py:186} INFO - Started process (PID=36929) to work on /Users/andreasanditya/Downloads/572392_Andreas_AirflowETL/code/.venv/lib/python3.9/site-packages/airflow/example_dags/tutorial_objectstorage.py
[2026-09-18T11:59:42.563+0700] {processor.py:914} INFO - Processing file /Users/andreasanditya/Downloads/572392_Andreas_AirflowETL/code/.venv/lib/python3.9/site-packages/airflow/example_dags/tutorial_objectstorage.py for tasks to queue
[2026-09-18T11:59:42.564+0700] {logging_mixin.py:190} INFO - [2026-09-18T11:59:42.564+0700] {dagbag.py:588} INFO - Filling up the DagBag from /Users/andreasanditya/Downloads/572392_Andreas_AirflowETL/code/.venv/lib/python3.9/site-packages/airflow/example_dags/tutorial_objectstorage.py
[2026-09-18T11:59:42.611+0700] {processor.py:925} INFO - DAG(s) 'tutorial_objectstorage' retrieved from /Users/andreasanditya/Downloads/572392_Andreas_AirflowETL/code/.venv/lib/python3.9/site-packages/airflow/example_dags/tutorial_objectstorage.py
[2026-09-18T11:59:42.670+0700] {logging_mixin.py:190} INFO - [2026-09-18T11:59:42.670+0700] {dag.py:3239} INFO - Sync 1 DAGs
[2026-09-18T11:59:42.676+0700] {logging_mixin.py:190} INFO - [2026-09-18T11:59:42.676+0700] {dag.py:4180} INFO - Setting next_dagrun for tutorial_objectstorage to None, run_after=None
[2026-09-18T11:59:42.686+0700] {processor.py:208} INFO - Processing /Users/andreasanditya/Downloads/572392_Andreas_AirflowETL/code/.venv/lib/python3.9/site-packages/airflow/example_dags/tutorial_objectstorage.py took 0.126 seconds
[2026-09-18T12:01:09.639+0700] {processor.py:186} INFO - Started process (PID=37836) to work on /Users/andreasanditya/Downloads/572392_Andreas_AirflowETL/code/.venv/lib/python3.9/site-packages/airflow/example_dags/tutorial_objectstorage.py
[2026-09-18T12:01:09.640+0700] {processor.py:914} INFO - Processing file /Users/andreasanditya/Downloads/572392_Andreas_AirflowETL/code/.venv/lib/python3.9/site-packages/airflow/example_dags/tutorial_objectstorage.py for tasks to queue
[2026-09-18T12:01:09.640+0700] {logging_mixin.py:190} INFO - [2026-09-18T12:01:09.640+0700] {dagbag.py:588} INFO - Filling up the DagBag from /Users/andreasanditya/Downloads/572392_Andreas_AirflowETL/code/.venv/lib/python3.9/site-packages/airflow/example_dags/tutorial_objectstorage.py
[2026-09-18T12:01:09.685+0700] {processor.py:925} INFO - DAG(s) 'tutorial_objectstorage' retrieved from /Users/andreasanditya/Downloads/572392_Andreas_AirflowETL/code/.venv/lib/python3.9/site-packages/airflow/example_dags/tutorial_objectstorage.py
[2026-09-18T12:01:09.743+0700] {logging_mixin.py:190} INFO - [2026-09-18T12:01:09.743+0700] {dag.py:3239} INFO - Sync 1 DAGs
[2026-09-18T12:01:09.749+0700] {logging_mixin.py:190} INFO - [2026-09-18T12:01:09.749+0700] {dag.py:4180} INFO - Setting next_dagrun for tutorial_objectstorage to None, run_after=None
[2026-09-18T12:01:09.759+0700] {processor.py:208} INFO - Processing /Users/andreasanditya/Downloads/572392_Andreas_AirflowETL/code/.venv/lib/python3.9/site-packages/airflow/example_dags/tutorial_objectstorage.py took 0.122 seconds
[2026-09-18T12:02:37.076+0700] {processor.py:186} INFO - Started process (PID=38678) to work on /Users/andreasanditya/Downloads/572392_Andreas_AirflowETL/code/.venv/lib/python3.9/site-packages/airflow/example_dags/tutorial_objectstorage.py
[2026-09-18T12:02:37.078+0700] {processor.py:914} INFO - Processing file /Users/andreasanditya/Downloads/572392_Andreas_AirflowETL/code/.venv/lib/python3.9/site-packages/airflow/example_dags/tutorial_objectstorage.py for tasks to queue
[2026-09-18T12:02:37.079+0700] {logging_mixin.py:190} INFO - [2026-09-18T12:02:37.078+0700] {dagbag.py:588} INFO - Filling up the DagBag from /Users/andreasanditya/Downloads/572392_Andreas_AirflowETL/code/.venv/lib/python3.9/site-packages/airflow/example_dags/tutorial_objectstorage.py
[2026-09-18T12:02:37.124+0700] {processor.py:925} INFO - DAG(s) 'tutorial_objectstorage' retrieved from /Users/andreasanditya/Downloads/572392_Andreas_AirflowETL/code/.venv/lib/python3.9/site-packages/airflow/example_dags/tutorial_objectstorage.py
[2026-09-18T12:02:37.182+0700] {logging_mixin.py:190} INFO - [2026-09-18T12:02:37.181+0700] {dag.py:3239} INFO - Sync 1 DAGs
[2026-09-18T12:02:37.187+0700] {logging_mixin.py:190} INFO - [2026-09-18T12:02:37.187+0700] {dag.py:4180} INFO - Setting next_dagrun for tutorial_objectstorage to None, run_after=None
[2026-09-18T12:02:37.197+0700] {processor.py:208} INFO - Processing /Users/andreasanditya/Downloads/572392_Andreas_AirflowETL/code/.venv/lib/python3.9/site-packages/airflow/example_dags/tutorial_objectstorage.py took 0.123 seconds
[2026-09-18T12:04:03.908+0700] {processor.py:186} INFO - Started process (PID=39591) to work on /Users/andreasanditya/Downloads/572392_Andreas_AirflowETL/code/.venv/lib/python3.9/site-packages/airflow/example_dags/tutorial_objectstorage.py
[2026-09-18T12:04:03.909+0700] {processor.py:914} INFO - Processing file /Users/andreasanditya/Downloads/572392_Andreas_AirflowETL/code/.venv/lib/python3.9/site-packages/airflow/example_dags/tutorial_objectstorage.py for tasks to queue
[2026-09-18T12:04:03.910+0700] {logging_mixin.py:190} INFO - [2026-09-18T12:04:03.910+0700] {dagbag.py:588} INFO - Filling up the DagBag from /Users/andreasanditya/Downloads/572392_Andreas_AirflowETL/code/.venv/lib/python3.9/site-packages/airflow/example_dags/tutorial_objectstorage.py
[2026-09-18T12:04:03.955+0700] {processor.py:925} INFO - DAG(s) 'tutorial_objectstorage' retrieved from /Users/andreasanditya/Downloads/572392_Andreas_AirflowETL/code/.venv/lib/python3.9/site-packages/airflow/example_dags/tutorial_objectstorage.py
[2026-09-18T12:04:04.013+0700] {logging_mixin.py:190} INFO - [2026-09-18T12:04:04.013+0700] {dag.py:3239} INFO - Sync 1 DAGs
[2026-09-18T12:04:04.019+0700] {logging_mixin.py:190} INFO - [2026-09-18T12:04:04.019+0700] {dag.py:4180} INFO - Setting next_dagrun for tutorial_objectstorage to None, run_after=None
[2026-09-18T12:04:04.029+0700] {processor.py:208} INFO - Processing /Users/andreasanditya/Downloads/572392_Andreas_AirflowETL/code/.venv/lib/python3.9/site-packages/airflow/example_dags/tutorial_objectstorage.py took 0.123 seconds
[2026-09-18T12:05:30.187+0700] {processor.py:186} INFO - Started process (PID=40419) to work on /Users/andreasanditya/Downloads/572392_Andreas_AirflowETL/code/.venv/lib/python3.9/site-packages/airflow/example_dags/tutorial_objectstorage.py
[2026-09-18T12:05:30.189+0700] {processor.py:914} INFO - Processing file /Users/andreasanditya/Downloads/572392_Andreas_AirflowETL/code/.venv/lib/python3.9/site-packages/airflow/example_dags/tutorial_objectstorage.py for tasks to queue
[2026-09-18T12:05:30.189+0700] {logging_mixin.py:190} INFO - [2026-09-18T12:05:30.189+0700] {dagbag.py:588} INFO - Filling up the DagBag from /Users/andreasanditya/Downloads/572392_Andreas_AirflowETL/code/.venv/lib/python3.9/site-packages/airflow/example_dags/tutorial_objectstorage.py
[2026-09-18T12:05:30.236+0700] {processor.py:925} INFO - DAG(s) 'tutorial_objectstorage' retrieved from /Users/andreasanditya/Downloads/572392_Andreas_AirflowETL/code/.venv/lib/python3.9/site-packages/airflow/example_dags/tutorial_objectstorage.py
[2026-09-18T12:05:30.295+0700] {logging_mixin.py:190} INFO - [2026-09-18T12:05:30.295+0700] {dag.py:3239} INFO - Sync 1 DAGs
[2026-09-18T12:05:30.301+0700] {logging_mixin.py:190} INFO - [2026-09-18T12:05:30.300+0700] {dag.py:4180} INFO - Setting next_dagrun for tutorial_objectstorage to None, run_after=None
[2026-09-18T12:05:30.310+0700] {processor.py:208} INFO - Processing /Users/andreasanditya/Downloads/572392_Andreas_AirflowETL/code/.venv/lib/python3.9/site-packages/airflow/example_dags/tutorial_objectstorage.py took 0.125 seconds
[2026-09-18T12:06:58.168+0700] {processor.py:186} INFO - Started process (PID=41338) to work on /Users/andreasanditya/Downloads/572392_Andreas_AirflowETL/code/.venv/lib/python3.9/site-packages/airflow/example_dags/tutorial_objectstorage.py
[2026-09-18T12:06:58.169+0700] {processor.py:914} INFO - Processing file /Users/andreasanditya/Downloads/572392_Andreas_AirflowETL/code/.venv/lib/python3.9/site-packages/airflow/example_dags/tutorial_objectstorage.py for tasks to queue
[2026-09-18T12:06:58.169+0700] {logging_mixin.py:190} INFO - [2026-09-18T12:06:58.169+0700] {dagbag.py:588} INFO - Filling up the DagBag from /Users/andreasanditya/Downloads/572392_Andreas_AirflowETL/code/.venv/lib/python3.9/site-packages/airflow/example_dags/tutorial_objectstorage.py
[2026-09-18T12:06:58.217+0700] {processor.py:925} INFO - DAG(s) 'tutorial_objectstorage' retrieved from /Users/andreasanditya/Downloads/572392_Andreas_AirflowETL/code/.venv/lib/python3.9/site-packages/airflow/example_dags/tutorial_objectstorage.py
[2026-09-18T12:06:58.276+0700] {logging_mixin.py:190} INFO - [2026-09-18T12:06:58.276+0700] {dag.py:3239} INFO - Sync 1 DAGs
[2026-09-18T12:06:58.282+0700] {logging_mixin.py:190} INFO - [2026-09-18T12:06:58.282+0700] {dag.py:4180} INFO - Setting next_dagrun for tutorial_objectstorage to None, run_after=None
[2026-09-18T12:06:58.294+0700] {processor.py:208} INFO - Processing /Users/andreasanditya/Downloads/572392_Andreas_AirflowETL/code/.venv/lib/python3.9/site-packages/airflow/example_dags/tutorial_objectstorage.py took 0.129 seconds
[2026-09-18T12:08:25.824+0700] {processor.py:186} INFO - Started process (PID=42245) to work on /Users/andreasanditya/Downloads/572392_Andreas_AirflowETL/code/.venv/lib/python3.9/site-packages/airflow/example_dags/tutorial_objectstorage.py
[2026-09-18T12:08:25.825+0700] {processor.py:914} INFO - Processing file /Users/andreasanditya/Downloads/572392_Andreas_AirflowETL/code/.venv/lib/python3.9/site-packages/airflow/example_dags/tutorial_objectstorage.py for tasks to queue
[2026-09-18T12:08:25.825+0700] {logging_mixin.py:190} INFO - [2026-09-18T12:08:25.825+0700] {dagbag.py:588} INFO - Filling up the DagBag from /Users/andreasanditya/Downloads/572392_Andreas_AirflowETL/code/.venv/lib/python3.9/site-packages/airflow/example_dags/tutorial_objectstorage.py
[2026-09-18T12:08:25.871+0700] {processor.py:925} INFO - DAG(s) 'tutorial_objectstorage' retrieved from /Users/andreasanditya/Downloads/572392_Andreas_AirflowETL/code/.venv/lib/python3.9/site-packages/airflow/example_dags/tutorial_objectstorage.py
[2026-09-18T12:08:25.929+0700] {logging_mixin.py:190} INFO - [2026-09-18T12:08:25.929+0700] {dag.py:3239} INFO - Sync 1 DAGs
[2026-09-18T12:08:25.935+0700] {logging_mixin.py:190} INFO - [2026-09-18T12:08:25.935+0700] {dag.py:4180} INFO - Setting next_dagrun for tutorial_objectstorage to None, run_after=None
[2026-09-18T12:08:25.948+0700] {processor.py:208} INFO - Processing /Users/andreasanditya/Downloads/572392_Andreas_AirflowETL/code/.venv/lib/python3.9/site-packages/airflow/example_dags/tutorial_objectstorage.py took 0.126 seconds
[2026-09-18T12:09:53.292+0700] {processor.py:186} INFO - Started process (PID=43070) to work on /Users/andreasanditya/Downloads/572392_Andreas_AirflowETL/code/.venv/lib/python3.9/site-packages/airflow/example_dags/tutorial_objectstorage.py
[2026-09-18T12:09:53.293+0700] {processor.py:914} INFO - Processing file /Users/andreasanditya/Downloads/572392_Andreas_AirflowETL/code/.venv/lib/python3.9/site-packages/airflow/example_dags/tutorial_objectstorage.py for tasks to queue
[2026-09-18T12:09:53.294+0700] {logging_mixin.py:190} INFO - [2026-09-18T12:09:53.294+0700] {dagbag.py:588} INFO - Filling up the DagBag from /Users/andreasanditya/Downloads/572392_Andreas_AirflowETL/code/.venv/lib/python3.9/site-packages/airflow/example_dags/tutorial_objectstorage.py
[2026-09-18T12:09:53.340+0700] {processor.py:925} INFO - DAG(s) 'tutorial_objectstorage' retrieved from /Users/andreasanditya/Downloads/572392_Andreas_AirflowETL/code/.venv/lib/python3.9/site-packages/airflow/example_dags/tutorial_objectstorage.py
[2026-09-18T12:09:53.397+0700] {logging_mixin.py:190} INFO - [2026-09-18T12:09:53.397+0700] {dag.py:3239} INFO - Sync 1 DAGs
[2026-09-18T12:09:53.403+0700] {logging_mixin.py:190} INFO - [2026-09-18T12:09:53.403+0700] {dag.py:4180} INFO - Setting next_dagrun for tutorial_objectstorage to None, run_after=None
[2026-09-18T12:09:53.413+0700] {processor.py:208} INFO - Processing /Users/andreasanditya/Downloads/572392_Andreas_AirflowETL/code/.venv/lib/python3.9/site-packages/airflow/example_dags/tutorial_objectstorage.py took 0.123 seconds
[2026-09-18T12:11:18.769+0700] {processor.py:186} INFO - Started process (PID=43985) to work on /Users/andreasanditya/Downloads/572392_Andreas_AirflowETL/code/.venv/lib/python3.9/site-packages/airflow/example_dags/tutorial_objectstorage.py
[2026-09-18T12:11:18.770+0700] {processor.py:914} INFO - Processing file /Users/andreasanditya/Downloads/572392_Andreas_AirflowETL/code/.venv/lib/python3.9/site-packages/airflow/example_dags/tutorial_objectstorage.py for tasks to queue
[2026-09-18T12:11:18.771+0700] {logging_mixin.py:190} INFO - [2026-09-18T12:11:18.771+0700] {dagbag.py:588} INFO - Filling up the DagBag from /Users/andreasanditya/Downloads/572392_Andreas_AirflowETL/code/.venv/lib/python3.9/site-packages/airflow/example_dags/tutorial_objectstorage.py
[2026-09-18T12:11:18.821+0700] {processor.py:925} INFO - DAG(s) 'tutorial_objectstorage' retrieved from /Users/andreasanditya/Downloads/572392_Andreas_AirflowETL/code/.venv/lib/python3.9/site-packages/airflow/example_dags/tutorial_objectstorage.py
[2026-09-18T12:11:18.883+0700] {logging_mixin.py:190} INFO - [2026-09-18T12:11:18.882+0700] {dag.py:3239} INFO - Sync 1 DAGs
[2026-09-18T12:11:18.889+0700] {logging_mixin.py:190} INFO - [2026-09-18T12:11:18.889+0700] {dag.py:4180} INFO - Setting next_dagrun for tutorial_objectstorage to None, run_after=None
[2026-09-18T12:11:18.899+0700] {processor.py:208} INFO - Processing /Users/andreasanditya/Downloads/572392_Andreas_AirflowETL/code/.venv/lib/python3.9/site-packages/airflow/example_dags/tutorial_objectstorage.py took 0.132 seconds
[2026-09-18T12:12:48.915+0700] {processor.py:186} INFO - Started process (PID=45522) to work on /Users/andreasanditya/Downloads/572392_Andreas_AirflowETL/code/.venv/lib/python3.9/site-packages/airflow/example_dags/tutorial_objectstorage.py
[2026-09-18T12:12:48.916+0700] {processor.py:914} INFO - Processing file /Users/andreasanditya/Downloads/572392_Andreas_AirflowETL/code/.venv/lib/python3.9/site-packages/airflow/example_dags/tutorial_objectstorage.py for tasks to queue
[2026-09-18T12:12:48.917+0700] {logging_mixin.py:190} INFO - [2026-09-18T12:12:48.917+0700] {dagbag.py:588} INFO - Filling up the DagBag from /Users/andreasanditya/Downloads/572392_Andreas_AirflowETL/code/.venv/lib/python3.9/site-packages/airflow/example_dags/tutorial_objectstorage.py
[2026-09-18T12:12:48.970+0700] {processor.py:925} INFO - DAG(s) 'tutorial_objectstorage' retrieved from /Users/andreasanditya/Downloads/572392_Andreas_AirflowETL/code/.venv/lib/python3.9/site-packages/airflow/example_dags/tutorial_objectstorage.py
[2026-09-18T12:12:49.034+0700] {logging_mixin.py:190} INFO - [2026-09-18T12:12:49.033+0700] {dag.py:3239} INFO - Sync 1 DAGs
[2026-09-18T12:12:49.040+0700] {logging_mixin.py:190} INFO - [2026-09-18T12:12:49.040+0700] {dag.py:4180} INFO - Setting next_dagrun for tutorial_objectstorage to None, run_after=None
[2026-09-18T12:12:49.054+0700] {processor.py:208} INFO - Processing /Users/andreasanditya/Downloads/572392_Andreas_AirflowETL/code/.venv/lib/python3.9/site-packages/airflow/example_dags/tutorial_objectstorage.py took 0.142 seconds
[2026-09-18T12:14:17.810+0700] {processor.py:186} INFO - Started process (PID=46567) to work on /Users/andreasanditya/Downloads/572392_Andreas_AirflowETL/code/.venv/lib/python3.9/site-packages/airflow/example_dags/tutorial_objectstorage.py
[2026-09-18T12:14:17.811+0700] {processor.py:914} INFO - Processing file /Users/andreasanditya/Downloads/572392_Andreas_AirflowETL/code/.venv/lib/python3.9/site-packages/airflow/example_dags/tutorial_objectstorage.py for tasks to queue
[2026-09-18T12:14:17.812+0700] {logging_mixin.py:190} INFO - [2026-09-18T12:14:17.811+0700] {dagbag.py:588} INFO - Filling up the DagBag from /Users/andreasanditya/Downloads/572392_Andreas_AirflowETL/code/.venv/lib/python3.9/site-packages/airflow/example_dags/tutorial_objectstorage.py
[2026-09-18T12:14:17.857+0700] {processor.py:925} INFO - DAG(s) 'tutorial_objectstorage' retrieved from /Users/andreasanditya/Downloads/572392_Andreas_AirflowETL/code/.venv/lib/python3.9/site-packages/airflow/example_dags/tutorial_objectstorage.py
[2026-09-18T12:14:17.915+0700] {logging_mixin.py:190} INFO - [2026-09-18T12:14:17.914+0700] {dag.py:3239} INFO - Sync 1 DAGs
[2026-09-18T12:14:17.921+0700] {logging_mixin.py:190} INFO - [2026-09-18T12:14:17.921+0700] {dag.py:4180} INFO - Setting next_dagrun for tutorial_objectstorage to None, run_after=None
[2026-09-18T12:14:17.932+0700] {processor.py:208} INFO - Processing /Users/andreasanditya/Downloads/572392_Andreas_AirflowETL/code/.venv/lib/python3.9/site-packages/airflow/example_dags/tutorial_objectstorage.py took 0.124 seconds
[2026-09-18T12:15:45.095+0700] {processor.py:186} INFO - Started process (PID=48046) to work on /Users/andreasanditya/Downloads/572392_Andreas_AirflowETL/code/.venv/lib/python3.9/site-packages/airflow/example_dags/tutorial_objectstorage.py
[2026-09-18T12:15:45.096+0700] {processor.py:914} INFO - Processing file /Users/andreasanditya/Downloads/572392_Andreas_AirflowETL/code/.venv/lib/python3.9/site-packages/airflow/example_dags/tutorial_objectstorage.py for tasks to queue
[2026-09-18T12:15:45.097+0700] {logging_mixin.py:190} INFO - [2026-09-18T12:15:45.097+0700] {dagbag.py:588} INFO - Filling up the DagBag from /Users/andreasanditya/Downloads/572392_Andreas_AirflowETL/code/.venv/lib/python3.9/site-packages/airflow/example_dags/tutorial_objectstorage.py
[2026-09-18T12:15:45.144+0700] {processor.py:925} INFO - DAG(s) 'tutorial_objectstorage' retrieved from /Users/andreasanditya/Downloads/572392_Andreas_AirflowETL/code/.venv/lib/python3.9/site-packages/airflow/example_dags/tutorial_objectstorage.py
[2026-09-18T12:15:45.201+0700] {logging_mixin.py:190} INFO - [2026-09-18T12:15:45.201+0700] {dag.py:3239} INFO - Sync 1 DAGs
[2026-09-18T12:15:45.207+0700] {logging_mixin.py:190} INFO - [2026-09-18T12:15:45.207+0700] {dag.py:4180} INFO - Setting next_dagrun for tutorial_objectstorage to None, run_after=None
[2026-09-18T12:15:45.217+0700] {processor.py:208} INFO - Processing /Users/andreasanditya/Downloads/572392_Andreas_AirflowETL/code/.venv/lib/python3.9/site-packages/airflow/example_dags/tutorial_objectstorage.py took 0.124 seconds
[2026-09-18T12:17:12.727+0700] {processor.py:186} INFO - Started process (PID=49397) to work on /Users/andreasanditya/Downloads/572392_Andreas_AirflowETL/code/.venv/lib/python3.9/site-packages/airflow/example_dags/tutorial_objectstorage.py
[2026-09-18T12:17:12.728+0700] {processor.py:914} INFO - Processing file /Users/andreasanditya/Downloads/572392_Andreas_AirflowETL/code/.venv/lib/python3.9/site-packages/airflow/example_dags/tutorial_objectstorage.py for tasks to queue
[2026-09-18T12:17:12.729+0700] {logging_mixin.py:190} INFO - [2026-09-18T12:17:12.729+0700] {dagbag.py:588} INFO - Filling up the DagBag from /Users/andreasanditya/Downloads/572392_Andreas_AirflowETL/code/.venv/lib/python3.9/site-packages/airflow/example_dags/tutorial_objectstorage.py
[2026-09-18T12:17:12.775+0700] {processor.py:925} INFO - DAG(s) 'tutorial_objectstorage' retrieved from /Users/andreasanditya/Downloads/572392_Andreas_AirflowETL/code/.venv/lib/python3.9/site-packages/airflow/example_dags/tutorial_objectstorage.py
[2026-09-18T12:17:12.833+0700] {logging_mixin.py:190} INFO - [2026-09-18T12:17:12.833+0700] {dag.py:3239} INFO - Sync 1 DAGs
[2026-09-18T12:17:12.839+0700] {logging_mixin.py:190} INFO - [2026-09-18T12:17:12.839+0700] {dag.py:4180} INFO - Setting next_dagrun for tutorial_objectstorage to None, run_after=None
[2026-09-18T12:17:12.851+0700] {processor.py:208} INFO - Processing /Users/andreasanditya/Downloads/572392_Andreas_AirflowETL/code/.venv/lib/python3.9/site-packages/airflow/example_dags/tutorial_objectstorage.py took 0.126 seconds
[2026-09-18T12:18:42.304+0700] {processor.py:186} INFO - Started process (PID=50986) to work on /Users/andreasanditya/Downloads/572392_Andreas_AirflowETL/code/.venv/lib/python3.9/site-packages/airflow/example_dags/tutorial_objectstorage.py
[2026-09-18T12:18:42.306+0700] {processor.py:914} INFO - Processing file /Users/andreasanditya/Downloads/572392_Andreas_AirflowETL/code/.venv/lib/python3.9/site-packages/airflow/example_dags/tutorial_objectstorage.py for tasks to queue
[2026-09-18T12:18:42.306+0700] {logging_mixin.py:190} INFO - [2026-09-18T12:18:42.306+0700] {dagbag.py:588} INFO - Filling up the DagBag from /Users/andreasanditya/Downloads/572392_Andreas_AirflowETL/code/.venv/lib/python3.9/site-packages/airflow/example_dags/tutorial_objectstorage.py
[2026-09-18T12:18:42.352+0700] {processor.py:925} INFO - DAG(s) 'tutorial_objectstorage' retrieved from /Users/andreasanditya/Downloads/572392_Andreas_AirflowETL/code/.venv/lib/python3.9/site-packages/airflow/example_dags/tutorial_objectstorage.py
[2026-09-18T12:18:42.413+0700] {logging_mixin.py:190} INFO - [2026-09-18T12:18:42.413+0700] {dag.py:3239} INFO - Sync 1 DAGs
[2026-09-18T12:18:42.420+0700] {logging_mixin.py:190} INFO - [2026-09-18T12:18:42.419+0700] {dag.py:4180} INFO - Setting next_dagrun for tutorial_objectstorage to None, run_after=None
[2026-09-18T12:18:42.430+0700] {processor.py:208} INFO - Processing /Users/andreasanditya/Downloads/572392_Andreas_AirflowETL/code/.venv/lib/python3.9/site-packages/airflow/example_dags/tutorial_objectstorage.py took 0.128 seconds
[2026-09-18T12:20:11.391+0700] {processor.py:186} INFO - Started process (PID=52646) to work on /Users/andreasanditya/Downloads/572392_Andreas_AirflowETL/code/.venv/lib/python3.9/site-packages/airflow/example_dags/tutorial_objectstorage.py
[2026-09-18T12:20:11.392+0700] {processor.py:914} INFO - Processing file /Users/andreasanditya/Downloads/572392_Andreas_AirflowETL/code/.venv/lib/python3.9/site-packages/airflow/example_dags/tutorial_objectstorage.py for tasks to queue
[2026-09-18T12:20:11.393+0700] {logging_mixin.py:190} INFO - [2026-09-18T12:20:11.393+0700] {dagbag.py:588} INFO - Filling up the DagBag from /Users/andreasanditya/Downloads/572392_Andreas_AirflowETL/code/.venv/lib/python3.9/site-packages/airflow/example_dags/tutorial_objectstorage.py
[2026-09-18T12:20:11.439+0700] {processor.py:925} INFO - DAG(s) 'tutorial_objectstorage' retrieved from /Users/andreasanditya/Downloads/572392_Andreas_AirflowETL/code/.venv/lib/python3.9/site-packages/airflow/example_dags/tutorial_objectstorage.py
[2026-09-18T12:20:11.500+0700] {logging_mixin.py:190} INFO - [2026-09-18T12:20:11.500+0700] {dag.py:3239} INFO - Sync 1 DAGs
[2026-09-18T12:20:11.506+0700] {logging_mixin.py:190} INFO - [2026-09-18T12:20:11.506+0700] {dag.py:4180} INFO - Setting next_dagrun for tutorial_objectstorage to None, run_after=None
[2026-09-18T12:20:11.516+0700] {processor.py:208} INFO - Processing /Users/andreasanditya/Downloads/572392_Andreas_AirflowETL/code/.venv/lib/python3.9/site-packages/airflow/example_dags/tutorial_objectstorage.py took 0.127 seconds
[2026-09-18T12:21:38.283+0700] {processor.py:186} INFO - Started process (PID=53746) to work on /Users/andreasanditya/Downloads/572392_Andreas_AirflowETL/code/.venv/lib/python3.9/site-packages/airflow/example_dags/tutorial_objectstorage.py
[2026-09-18T12:21:38.284+0700] {processor.py:914} INFO - Processing file /Users/andreasanditya/Downloads/572392_Andreas_AirflowETL/code/.venv/lib/python3.9/site-packages/airflow/example_dags/tutorial_objectstorage.py for tasks to queue
[2026-09-18T12:21:38.285+0700] {logging_mixin.py:190} INFO - [2026-09-18T12:21:38.285+0700] {dagbag.py:588} INFO - Filling up the DagBag from /Users/andreasanditya/Downloads/572392_Andreas_AirflowETL/code/.venv/lib/python3.9/site-packages/airflow/example_dags/tutorial_objectstorage.py
[2026-09-18T12:21:38.334+0700] {processor.py:925} INFO - DAG(s) 'tutorial_objectstorage' retrieved from /Users/andreasanditya/Downloads/572392_Andreas_AirflowETL/code/.venv/lib/python3.9/site-packages/airflow/example_dags/tutorial_objectstorage.py
[2026-09-18T12:21:38.393+0700] {logging_mixin.py:190} INFO - [2026-09-18T12:21:38.393+0700] {dag.py:3239} INFO - Sync 1 DAGs
[2026-09-18T12:21:38.399+0700] {logging_mixin.py:190} INFO - [2026-09-18T12:21:38.399+0700] {dag.py:4180} INFO - Setting next_dagrun for tutorial_objectstorage to None, run_after=None
[2026-09-18T12:21:38.411+0700] {processor.py:208} INFO - Processing /Users/andreasanditya/Downloads/572392_Andreas_AirflowETL/code/.venv/lib/python3.9/site-packages/airflow/example_dags/tutorial_objectstorage.py took 0.130 seconds
[2026-09-18T12:23:05.454+0700] {processor.py:186} INFO - Started process (PID=54661) to work on /Users/andreasanditya/Downloads/572392_Andreas_AirflowETL/code/.venv/lib/python3.9/site-packages/airflow/example_dags/tutorial_objectstorage.py
[2026-09-18T12:23:05.455+0700] {processor.py:914} INFO - Processing file /Users/andreasanditya/Downloads/572392_Andreas_AirflowETL/code/.venv/lib/python3.9/site-packages/airflow/example_dags/tutorial_objectstorage.py for tasks to queue
[2026-09-18T12:23:05.456+0700] {logging_mixin.py:190} INFO - [2026-09-18T12:23:05.456+0700] {dagbag.py:588} INFO - Filling up the DagBag from /Users/andreasanditya/Downloads/572392_Andreas_AirflowETL/code/.venv/lib/python3.9/site-packages/airflow/example_dags/tutorial_objectstorage.py
[2026-09-18T12:23:05.504+0700] {processor.py:925} INFO - DAG(s) 'tutorial_objectstorage' retrieved from /Users/andreasanditya/Downloads/572392_Andreas_AirflowETL/code/.venv/lib/python3.9/site-packages/airflow/example_dags/tutorial_objectstorage.py
[2026-09-18T12:23:05.563+0700] {logging_mixin.py:190} INFO - [2026-09-18T12:23:05.563+0700] {dag.py:3239} INFO - Sync 1 DAGs
[2026-09-18T12:23:05.569+0700] {logging_mixin.py:190} INFO - [2026-09-18T12:23:05.569+0700] {dag.py:4180} INFO - Setting next_dagrun for tutorial_objectstorage to None, run_after=None
[2026-09-18T12:23:05.579+0700] {processor.py:208} INFO - Processing /Users/andreasanditya/Downloads/572392_Andreas_AirflowETL/code/.venv/lib/python3.9/site-packages/airflow/example_dags/tutorial_objectstorage.py took 0.127 seconds
[2026-09-18T12:24:31.375+0700] {processor.py:186} INFO - Started process (PID=55509) to work on /Users/andreasanditya/Downloads/572392_Andreas_AirflowETL/code/.venv/lib/python3.9/site-packages/airflow/example_dags/tutorial_objectstorage.py
[2026-09-18T12:24:31.376+0700] {processor.py:914} INFO - Processing file /Users/andreasanditya/Downloads/572392_Andreas_AirflowETL/code/.venv/lib/python3.9/site-packages/airflow/example_dags/tutorial_objectstorage.py for tasks to queue
[2026-09-18T12:24:31.377+0700] {logging_mixin.py:190} INFO - [2026-09-18T12:24:31.377+0700] {dagbag.py:588} INFO - Filling up the DagBag from /Users/andreasanditya/Downloads/572392_Andreas_AirflowETL/code/.venv/lib/python3.9/site-packages/airflow/example_dags/tutorial_objectstorage.py
[2026-09-18T12:24:31.421+0700] {processor.py:925} INFO - DAG(s) 'tutorial_objectstorage' retrieved from /Users/andreasanditya/Downloads/572392_Andreas_AirflowETL/code/.venv/lib/python3.9/site-packages/airflow/example_dags/tutorial_objectstorage.py
[2026-09-18T12:24:31.480+0700] {logging_mixin.py:190} INFO - [2026-09-18T12:24:31.479+0700] {dag.py:3239} INFO - Sync 1 DAGs
[2026-09-18T12:24:31.485+0700] {logging_mixin.py:190} INFO - [2026-09-18T12:24:31.485+0700] {dag.py:4180} INFO - Setting next_dagrun for tutorial_objectstorage to None, run_after=None
[2026-09-18T12:24:31.495+0700] {processor.py:208} INFO - Processing /Users/andreasanditya/Downloads/572392_Andreas_AirflowETL/code/.venv/lib/python3.9/site-packages/airflow/example_dags/tutorial_objectstorage.py took 0.122 seconds
[2026-09-18T12:25:58.507+0700] {processor.py:186} INFO - Started process (PID=56497) to work on /Users/andreasanditya/Downloads/572392_Andreas_AirflowETL/code/.venv/lib/python3.9/site-packages/airflow/example_dags/tutorial_objectstorage.py
[2026-09-18T12:25:58.508+0700] {processor.py:914} INFO - Processing file /Users/andreasanditya/Downloads/572392_Andreas_AirflowETL/code/.venv/lib/python3.9/site-packages/airflow/example_dags/tutorial_objectstorage.py for tasks to queue
[2026-09-18T12:25:58.509+0700] {logging_mixin.py:190} INFO - [2026-09-18T12:25:58.509+0700] {dagbag.py:588} INFO - Filling up the DagBag from /Users/andreasanditya/Downloads/572392_Andreas_AirflowETL/code/.venv/lib/python3.9/site-packages/airflow/example_dags/tutorial_objectstorage.py
[2026-09-18T12:25:58.554+0700] {processor.py:925} INFO - DAG(s) 'tutorial_objectstorage' retrieved from /Users/andreasanditya/Downloads/572392_Andreas_AirflowETL/code/.venv/lib/python3.9/site-packages/airflow/example_dags/tutorial_objectstorage.py
[2026-09-18T12:25:58.612+0700] {logging_mixin.py:190} INFO - [2026-09-18T12:25:58.612+0700] {dag.py:3239} INFO - Sync 1 DAGs
[2026-09-18T12:25:58.618+0700] {logging_mixin.py:190} INFO - [2026-09-18T12:25:58.618+0700] {dag.py:4180} INFO - Setting next_dagrun for tutorial_objectstorage to None, run_after=None
[2026-09-18T12:25:58.627+0700] {processor.py:208} INFO - Processing /Users/andreasanditya/Downloads/572392_Andreas_AirflowETL/code/.venv/lib/python3.9/site-packages/airflow/example_dags/tutorial_objectstorage.py took 0.123 seconds
[2026-09-18T12:27:24.632+0700] {processor.py:186} INFO - Started process (PID=57326) to work on /Users/andreasanditya/Downloads/572392_Andreas_AirflowETL/code/.venv/lib/python3.9/site-packages/airflow/example_dags/tutorial_objectstorage.py
[2026-09-18T12:27:24.633+0700] {processor.py:914} INFO - Processing file /Users/andreasanditya/Downloads/572392_Andreas_AirflowETL/code/.venv/lib/python3.9/site-packages/airflow/example_dags/tutorial_objectstorage.py for tasks to queue
[2026-09-18T12:27:24.634+0700] {logging_mixin.py:190} INFO - [2026-09-18T12:27:24.634+0700] {dagbag.py:588} INFO - Filling up the DagBag from /Users/andreasanditya/Downloads/572392_Andreas_AirflowETL/code/.venv/lib/python3.9/site-packages/airflow/example_dags/tutorial_objectstorage.py
[2026-09-18T12:27:24.678+0700] {processor.py:925} INFO - DAG(s) 'tutorial_objectstorage' retrieved from /Users/andreasanditya/Downloads/572392_Andreas_AirflowETL/code/.venv/lib/python3.9/site-packages/airflow/example_dags/tutorial_objectstorage.py
[2026-09-18T12:27:24.735+0700] {logging_mixin.py:190} INFO - [2026-09-18T12:27:24.735+0700] {dag.py:3239} INFO - Sync 1 DAGs
[2026-09-18T12:27:24.741+0700] {logging_mixin.py:190} INFO - [2026-09-18T12:27:24.741+0700] {dag.py:4180} INFO - Setting next_dagrun for tutorial_objectstorage to None, run_after=None
[2026-09-18T12:27:24.751+0700] {processor.py:208} INFO - Processing /Users/andreasanditya/Downloads/572392_Andreas_AirflowETL/code/.venv/lib/python3.9/site-packages/airflow/example_dags/tutorial_objectstorage.py took 0.120 seconds
[2026-09-18T12:28:51.560+0700] {processor.py:186} INFO - Started process (PID=58256) to work on /Users/andreasanditya/Downloads/572392_Andreas_AirflowETL/code/.venv/lib/python3.9/site-packages/airflow/example_dags/tutorial_objectstorage.py
[2026-09-18T12:28:51.561+0700] {processor.py:914} INFO - Processing file /Users/andreasanditya/Downloads/572392_Andreas_AirflowETL/code/.venv/lib/python3.9/site-packages/airflow/example_dags/tutorial_objectstorage.py for tasks to queue
[2026-09-18T12:28:51.561+0700] {logging_mixin.py:190} INFO - [2026-09-18T12:28:51.561+0700] {dagbag.py:588} INFO - Filling up the DagBag from /Users/andreasanditya/Downloads/572392_Andreas_AirflowETL/code/.venv/lib/python3.9/site-packages/airflow/example_dags/tutorial_objectstorage.py
[2026-09-18T12:28:51.606+0700] {processor.py:925} INFO - DAG(s) 'tutorial_objectstorage' retrieved from /Users/andreasanditya/Downloads/572392_Andreas_AirflowETL/code/.venv/lib/python3.9/site-packages/airflow/example_dags/tutorial_objectstorage.py
[2026-09-18T12:28:51.663+0700] {logging_mixin.py:190} INFO - [2026-09-18T12:28:51.663+0700] {dag.py:3239} INFO - Sync 1 DAGs
[2026-09-18T12:28:51.669+0700] {logging_mixin.py:190} INFO - [2026-09-18T12:28:51.668+0700] {dag.py:4180} INFO - Setting next_dagrun for tutorial_objectstorage to None, run_after=None
[2026-09-18T12:28:51.678+0700] {processor.py:208} INFO - Processing /Users/andreasanditya/Downloads/572392_Andreas_AirflowETL/code/.venv/lib/python3.9/site-packages/airflow/example_dags/tutorial_objectstorage.py took 0.121 seconds
[2026-09-18T12:30:14.273+0700] {processor.py:186} INFO - Started process (PID=59108) to work on /Users/andreasanditya/Downloads/572392_Andreas_AirflowETL/code/.venv/lib/python3.9/site-packages/airflow/example_dags/tutorial_objectstorage.py
[2026-09-18T12:30:14.274+0700] {processor.py:914} INFO - Processing file /Users/andreasanditya/Downloads/572392_Andreas_AirflowETL/code/.venv/lib/python3.9/site-packages/airflow/example_dags/tutorial_objectstorage.py for tasks to queue
[2026-09-18T12:30:14.275+0700] {logging_mixin.py:190} INFO - [2026-09-18T12:30:14.275+0700] {dagbag.py:588} INFO - Filling up the DagBag from /Users/andreasanditya/Downloads/572392_Andreas_AirflowETL/code/.venv/lib/python3.9/site-packages/airflow/example_dags/tutorial_objectstorage.py
[2026-09-18T12:30:14.319+0700] {processor.py:925} INFO - DAG(s) 'tutorial_objectstorage' retrieved from /Users/andreasanditya/Downloads/572392_Andreas_AirflowETL/code/.venv/lib/python3.9/site-packages/airflow/example_dags/tutorial_objectstorage.py
[2026-09-18T12:30:14.376+0700] {logging_mixin.py:190} INFO - [2026-09-18T12:30:14.376+0700] {dag.py:3239} INFO - Sync 1 DAGs
[2026-09-18T12:30:14.382+0700] {logging_mixin.py:190} INFO - [2026-09-18T12:30:14.382+0700] {dag.py:4180} INFO - Setting next_dagrun for tutorial_objectstorage to None, run_after=None
[2026-09-18T12:30:14.392+0700] {processor.py:208} INFO - Processing /Users/andreasanditya/Downloads/572392_Andreas_AirflowETL/code/.venv/lib/python3.9/site-packages/airflow/example_dags/tutorial_objectstorage.py took 0.121 seconds
[2026-09-18T12:31:37.593+0700] {processor.py:186} INFO - Started process (PID=59927) to work on /Users/andreasanditya/Downloads/572392_Andreas_AirflowETL/code/.venv/lib/python3.9/site-packages/airflow/example_dags/tutorial_objectstorage.py
[2026-09-18T12:31:37.595+0700] {processor.py:914} INFO - Processing file /Users/andreasanditya/Downloads/572392_Andreas_AirflowETL/code/.venv/lib/python3.9/site-packages/airflow/example_dags/tutorial_objectstorage.py for tasks to queue
[2026-09-18T12:31:37.596+0700] {logging_mixin.py:190} INFO - [2026-09-18T12:31:37.595+0700] {dagbag.py:588} INFO - Filling up the DagBag from /Users/andreasanditya/Downloads/572392_Andreas_AirflowETL/code/.venv/lib/python3.9/site-packages/airflow/example_dags/tutorial_objectstorage.py
[2026-09-18T12:31:37.640+0700] {processor.py:925} INFO - DAG(s) 'tutorial_objectstorage' retrieved from /Users/andreasanditya/Downloads/572392_Andreas_AirflowETL/code/.venv/lib/python3.9/site-packages/airflow/example_dags/tutorial_objectstorage.py
[2026-09-18T12:31:37.698+0700] {logging_mixin.py:190} INFO - [2026-09-18T12:31:37.698+0700] {dag.py:3239} INFO - Sync 1 DAGs
[2026-09-18T12:31:37.704+0700] {logging_mixin.py:190} INFO - [2026-09-18T12:31:37.704+0700] {dag.py:4180} INFO - Setting next_dagrun for tutorial_objectstorage to None, run_after=None
[2026-09-18T12:31:37.714+0700] {processor.py:208} INFO - Processing /Users/andreasanditya/Downloads/572392_Andreas_AirflowETL/code/.venv/lib/python3.9/site-packages/airflow/example_dags/tutorial_objectstorage.py took 0.122 seconds
[2026-09-18T12:33:02.241+0700] {processor.py:186} INFO - Started process (PID=60804) to work on /Users/andreasanditya/Downloads/572392_Andreas_AirflowETL/code/.venv/lib/python3.9/site-packages/airflow/example_dags/tutorial_objectstorage.py
[2026-09-18T12:33:02.242+0700] {processor.py:914} INFO - Processing file /Users/andreasanditya/Downloads/572392_Andreas_AirflowETL/code/.venv/lib/python3.9/site-packages/airflow/example_dags/tutorial_objectstorage.py for tasks to queue
[2026-09-18T12:33:02.243+0700] {logging_mixin.py:190} INFO - [2026-09-18T12:33:02.243+0700] {dagbag.py:588} INFO - Filling up the DagBag from /Users/andreasanditya/Downloads/572392_Andreas_AirflowETL/code/.venv/lib/python3.9/site-packages/airflow/example_dags/tutorial_objectstorage.py
[2026-09-18T12:33:02.287+0700] {processor.py:925} INFO - DAG(s) 'tutorial_objectstorage' retrieved from /Users/andreasanditya/Downloads/572392_Andreas_AirflowETL/code/.venv/lib/python3.9/site-packages/airflow/example_dags/tutorial_objectstorage.py
[2026-09-18T12:33:02.345+0700] {logging_mixin.py:190} INFO - [2026-09-18T12:33:02.345+0700] {dag.py:3239} INFO - Sync 1 DAGs
[2026-09-18T12:33:02.351+0700] {logging_mixin.py:190} INFO - [2026-09-18T12:33:02.350+0700] {dag.py:4180} INFO - Setting next_dagrun for tutorial_objectstorage to None, run_after=None
[2026-09-18T12:33:02.360+0700] {processor.py:208} INFO - Processing /Users/andreasanditya/Downloads/572392_Andreas_AirflowETL/code/.venv/lib/python3.9/site-packages/airflow/example_dags/tutorial_objectstorage.py took 0.121 seconds
[2026-09-18T12:34:28.823+0700] {processor.py:186} INFO - Started process (PID=61704) to work on /Users/andreasanditya/Downloads/572392_Andreas_AirflowETL/code/.venv/lib/python3.9/site-packages/airflow/example_dags/tutorial_objectstorage.py
[2026-09-18T12:34:28.824+0700] {processor.py:914} INFO - Processing file /Users/andreasanditya/Downloads/572392_Andreas_AirflowETL/code/.venv/lib/python3.9/site-packages/airflow/example_dags/tutorial_objectstorage.py for tasks to queue
[2026-09-18T12:34:28.825+0700] {logging_mixin.py:190} INFO - [2026-09-18T12:34:28.824+0700] {dagbag.py:588} INFO - Filling up the DagBag from /Users/andreasanditya/Downloads/572392_Andreas_AirflowETL/code/.venv/lib/python3.9/site-packages/airflow/example_dags/tutorial_objectstorage.py
[2026-09-18T12:34:28.869+0700] {processor.py:925} INFO - DAG(s) 'tutorial_objectstorage' retrieved from /Users/andreasanditya/Downloads/572392_Andreas_AirflowETL/code/.venv/lib/python3.9/site-packages/airflow/example_dags/tutorial_objectstorage.py
[2026-09-18T12:34:28.927+0700] {logging_mixin.py:190} INFO - [2026-09-18T12:34:28.927+0700] {dag.py:3239} INFO - Sync 1 DAGs
[2026-09-18T12:34:28.933+0700] {logging_mixin.py:190} INFO - [2026-09-18T12:34:28.933+0700] {dag.py:4180} INFO - Setting next_dagrun for tutorial_objectstorage to None, run_after=None
[2026-09-18T12:34:28.943+0700] {processor.py:208} INFO - Processing /Users/andreasanditya/Downloads/572392_Andreas_AirflowETL/code/.venv/lib/python3.9/site-packages/airflow/example_dags/tutorial_objectstorage.py took 0.122 seconds
[2026-09-18T12:35:52.151+0700] {processor.py:186} INFO - Started process (PID=62523) to work on /Users/andreasanditya/Downloads/572392_Andreas_AirflowETL/code/.venv/lib/python3.9/site-packages/airflow/example_dags/tutorial_objectstorage.py
[2026-09-18T12:35:52.152+0700] {processor.py:914} INFO - Processing file /Users/andreasanditya/Downloads/572392_Andreas_AirflowETL/code/.venv/lib/python3.9/site-packages/airflow/example_dags/tutorial_objectstorage.py for tasks to queue
[2026-09-18T12:35:52.153+0700] {logging_mixin.py:190} INFO - [2026-09-18T12:35:52.153+0700] {dagbag.py:588} INFO - Filling up the DagBag from /Users/andreasanditya/Downloads/572392_Andreas_AirflowETL/code/.venv/lib/python3.9/site-packages/airflow/example_dags/tutorial_objectstorage.py
[2026-09-18T12:35:52.197+0700] {processor.py:925} INFO - DAG(s) 'tutorial_objectstorage' retrieved from /Users/andreasanditya/Downloads/572392_Andreas_AirflowETL/code/.venv/lib/python3.9/site-packages/airflow/example_dags/tutorial_objectstorage.py
[2026-09-18T12:35:52.255+0700] {logging_mixin.py:190} INFO - [2026-09-18T12:35:52.255+0700] {dag.py:3239} INFO - Sync 1 DAGs
[2026-09-18T12:35:52.260+0700] {logging_mixin.py:190} INFO - [2026-09-18T12:35:52.260+0700] {dag.py:4180} INFO - Setting next_dagrun for tutorial_objectstorage to None, run_after=None
[2026-09-18T12:35:52.270+0700] {processor.py:208} INFO - Processing /Users/andreasanditya/Downloads/572392_Andreas_AirflowETL/code/.venv/lib/python3.9/site-packages/airflow/example_dags/tutorial_objectstorage.py took 0.121 seconds
[2026-09-18T12:37:18.340+0700] {processor.py:186} INFO - Started process (PID=63471) to work on /Users/andreasanditya/Downloads/572392_Andreas_AirflowETL/code/.venv/lib/python3.9/site-packages/airflow/example_dags/tutorial_objectstorage.py
[2026-09-18T12:37:18.340+0700] {processor.py:914} INFO - Processing file /Users/andreasanditya/Downloads/572392_Andreas_AirflowETL/code/.venv/lib/python3.9/site-packages/airflow/example_dags/tutorial_objectstorage.py for tasks to queue
[2026-09-18T12:37:18.341+0700] {logging_mixin.py:190} INFO - [2026-09-18T12:37:18.341+0700] {dagbag.py:588} INFO - Filling up the DagBag from /Users/andreasanditya/Downloads/572392_Andreas_AirflowETL/code/.venv/lib/python3.9/site-packages/airflow/example_dags/tutorial_objectstorage.py
[2026-09-18T12:37:18.387+0700] {processor.py:925} INFO - DAG(s) 'tutorial_objectstorage' retrieved from /Users/andreasanditya/Downloads/572392_Andreas_AirflowETL/code/.venv/lib/python3.9/site-packages/airflow/example_dags/tutorial_objectstorage.py
[2026-09-18T12:37:18.445+0700] {logging_mixin.py:190} INFO - [2026-09-18T12:37:18.445+0700] {dag.py:3239} INFO - Sync 1 DAGs
[2026-09-18T12:37:18.451+0700] {logging_mixin.py:190} INFO - [2026-09-18T12:37:18.451+0700] {dag.py:4180} INFO - Setting next_dagrun for tutorial_objectstorage to None, run_after=None
[2026-09-18T12:37:18.461+0700] {processor.py:208} INFO - Processing /Users/andreasanditya/Downloads/572392_Andreas_AirflowETL/code/.venv/lib/python3.9/site-packages/airflow/example_dags/tutorial_objectstorage.py took 0.123 seconds
[2026-09-18T12:38:45.782+0700] {processor.py:186} INFO - Started process (PID=64307) to work on /Users/andreasanditya/Downloads/572392_Andreas_AirflowETL/code/.venv/lib/python3.9/site-packages/airflow/example_dags/tutorial_objectstorage.py
[2026-09-18T12:38:45.783+0700] {processor.py:914} INFO - Processing file /Users/andreasanditya/Downloads/572392_Andreas_AirflowETL/code/.venv/lib/python3.9/site-packages/airflow/example_dags/tutorial_objectstorage.py for tasks to queue
[2026-09-18T12:38:45.784+0700] {logging_mixin.py:190} INFO - [2026-09-18T12:38:45.784+0700] {dagbag.py:588} INFO - Filling up the DagBag from /Users/andreasanditya/Downloads/572392_Andreas_AirflowETL/code/.venv/lib/python3.9/site-packages/airflow/example_dags/tutorial_objectstorage.py
[2026-09-18T12:38:45.828+0700] {processor.py:925} INFO - DAG(s) 'tutorial_objectstorage' retrieved from /Users/andreasanditya/Downloads/572392_Andreas_AirflowETL/code/.venv/lib/python3.9/site-packages/airflow/example_dags/tutorial_objectstorage.py
[2026-09-18T12:38:45.885+0700] {logging_mixin.py:190} INFO - [2026-09-18T12:38:45.885+0700] {dag.py:3239} INFO - Sync 1 DAGs
[2026-09-18T12:38:45.891+0700] {logging_mixin.py:190} INFO - [2026-09-18T12:38:45.891+0700] {dag.py:4180} INFO - Setting next_dagrun for tutorial_objectstorage to None, run_after=None
[2026-09-18T12:38:45.901+0700] {processor.py:208} INFO - Processing /Users/andreasanditya/Downloads/572392_Andreas_AirflowETL/code/.venv/lib/python3.9/site-packages/airflow/example_dags/tutorial_objectstorage.py took 0.121 seconds
[2026-09-18T12:40:13.766+0700] {processor.py:186} INFO - Started process (PID=65229) to work on /Users/andreasanditya/Downloads/572392_Andreas_AirflowETL/code/.venv/lib/python3.9/site-packages/airflow/example_dags/tutorial_objectstorage.py
[2026-09-18T12:40:13.767+0700] {processor.py:914} INFO - Processing file /Users/andreasanditya/Downloads/572392_Andreas_AirflowETL/code/.venv/lib/python3.9/site-packages/airflow/example_dags/tutorial_objectstorage.py for tasks to queue
[2026-09-18T12:40:13.768+0700] {logging_mixin.py:190} INFO - [2026-09-18T12:40:13.768+0700] {dagbag.py:588} INFO - Filling up the DagBag from /Users/andreasanditya/Downloads/572392_Andreas_AirflowETL/code/.venv/lib/python3.9/site-packages/airflow/example_dags/tutorial_objectstorage.py
[2026-09-18T12:40:13.812+0700] {processor.py:925} INFO - DAG(s) 'tutorial_objectstorage' retrieved from /Users/andreasanditya/Downloads/572392_Andreas_AirflowETL/code/.venv/lib/python3.9/site-packages/airflow/example_dags/tutorial_objectstorage.py
[2026-09-18T12:40:13.869+0700] {logging_mixin.py:190} INFO - [2026-09-18T12:40:13.869+0700] {dag.py:3239} INFO - Sync 1 DAGs
[2026-09-18T12:40:13.875+0700] {logging_mixin.py:190} INFO - [2026-09-18T12:40:13.875+0700] {dag.py:4180} INFO - Setting next_dagrun for tutorial_objectstorage to None, run_after=None
[2026-09-18T12:40:13.885+0700] {processor.py:208} INFO - Processing /Users/andreasanditya/Downloads/572392_Andreas_AirflowETL/code/.venv/lib/python3.9/site-packages/airflow/example_dags/tutorial_objectstorage.py took 0.121 seconds
[2026-09-18T12:41:40.667+0700] {processor.py:186} INFO - Started process (PID=66128) to work on /Users/andreasanditya/Downloads/572392_Andreas_AirflowETL/code/.venv/lib/python3.9/site-packages/airflow/example_dags/tutorial_objectstorage.py
[2026-09-18T12:41:40.668+0700] {processor.py:914} INFO - Processing file /Users/andreasanditya/Downloads/572392_Andreas_AirflowETL/code/.venv/lib/python3.9/site-packages/airflow/example_dags/tutorial_objectstorage.py for tasks to queue
[2026-09-18T12:41:40.669+0700] {logging_mixin.py:190} INFO - [2026-09-18T12:41:40.669+0700] {dagbag.py:588} INFO - Filling up the DagBag from /Users/andreasanditya/Downloads/572392_Andreas_AirflowETL/code/.venv/lib/python3.9/site-packages/airflow/example_dags/tutorial_objectstorage.py
[2026-09-18T12:41:40.714+0700] {processor.py:925} INFO - DAG(s) 'tutorial_objectstorage' retrieved from /Users/andreasanditya/Downloads/572392_Andreas_AirflowETL/code/.venv/lib/python3.9/site-packages/airflow/example_dags/tutorial_objectstorage.py
[2026-09-18T12:41:40.771+0700] {logging_mixin.py:190} INFO - [2026-09-18T12:41:40.771+0700] {dag.py:3239} INFO - Sync 1 DAGs
[2026-09-18T12:41:40.777+0700] {logging_mixin.py:190} INFO - [2026-09-18T12:41:40.777+0700] {dag.py:4180} INFO - Setting next_dagrun for tutorial_objectstorage to None, run_after=None
[2026-09-18T12:41:40.787+0700] {processor.py:208} INFO - Processing /Users/andreasanditya/Downloads/572392_Andreas_AirflowETL/code/.venv/lib/python3.9/site-packages/airflow/example_dags/tutorial_objectstorage.py took 0.121 seconds
[2026-09-18T12:43:05.150+0700] {processor.py:186} INFO - Started process (PID=66969) to work on /Users/andreasanditya/Downloads/572392_Andreas_AirflowETL/code/.venv/lib/python3.9/site-packages/airflow/example_dags/tutorial_objectstorage.py
[2026-09-18T12:43:05.151+0700] {processor.py:914} INFO - Processing file /Users/andreasanditya/Downloads/572392_Andreas_AirflowETL/code/.venv/lib/python3.9/site-packages/airflow/example_dags/tutorial_objectstorage.py for tasks to queue
[2026-09-18T12:43:05.152+0700] {logging_mixin.py:190} INFO - [2026-09-18T12:43:05.152+0700] {dagbag.py:588} INFO - Filling up the DagBag from /Users/andreasanditya/Downloads/572392_Andreas_AirflowETL/code/.venv/lib/python3.9/site-packages/airflow/example_dags/tutorial_objectstorage.py
[2026-09-18T12:43:05.197+0700] {processor.py:925} INFO - DAG(s) 'tutorial_objectstorage' retrieved from /Users/andreasanditya/Downloads/572392_Andreas_AirflowETL/code/.venv/lib/python3.9/site-packages/airflow/example_dags/tutorial_objectstorage.py
[2026-09-18T12:43:05.254+0700] {logging_mixin.py:190} INFO - [2026-09-18T12:43:05.254+0700] {dag.py:3239} INFO - Sync 1 DAGs
[2026-09-18T12:43:05.260+0700] {logging_mixin.py:190} INFO - [2026-09-18T12:43:05.260+0700] {dag.py:4180} INFO - Setting next_dagrun for tutorial_objectstorage to None, run_after=None
[2026-09-18T12:43:05.270+0700] {processor.py:208} INFO - Processing /Users/andreasanditya/Downloads/572392_Andreas_AirflowETL/code/.venv/lib/python3.9/site-packages/airflow/example_dags/tutorial_objectstorage.py took 0.122 seconds
[2026-09-18T12:44:32.046+0700] {processor.py:186} INFO - Started process (PID=67878) to work on /Users/andreasanditya/Downloads/572392_Andreas_AirflowETL/code/.venv/lib/python3.9/site-packages/airflow/example_dags/tutorial_objectstorage.py
[2026-09-18T12:44:32.047+0700] {processor.py:914} INFO - Processing file /Users/andreasanditya/Downloads/572392_Andreas_AirflowETL/code/.venv/lib/python3.9/site-packages/airflow/example_dags/tutorial_objectstorage.py for tasks to queue
[2026-09-18T12:44:32.048+0700] {logging_mixin.py:190} INFO - [2026-09-18T12:44:32.048+0700] {dagbag.py:588} INFO - Filling up the DagBag from /Users/andreasanditya/Downloads/572392_Andreas_AirflowETL/code/.venv/lib/python3.9/site-packages/airflow/example_dags/tutorial_objectstorage.py
[2026-09-18T12:44:32.097+0700] {processor.py:925} INFO - DAG(s) 'tutorial_objectstorage' retrieved from /Users/andreasanditya/Downloads/572392_Andreas_AirflowETL/code/.venv/lib/python3.9/site-packages/airflow/example_dags/tutorial_objectstorage.py
[2026-09-18T12:44:32.155+0700] {logging_mixin.py:190} INFO - [2026-09-18T12:44:32.154+0700] {dag.py:3239} INFO - Sync 1 DAGs
[2026-09-18T12:44:32.160+0700] {logging_mixin.py:190} INFO - [2026-09-18T12:44:32.160+0700] {dag.py:4180} INFO - Setting next_dagrun for tutorial_objectstorage to None, run_after=None
[2026-09-18T12:44:32.170+0700] {processor.py:208} INFO - Processing /Users/andreasanditya/Downloads/572392_Andreas_AirflowETL/code/.venv/lib/python3.9/site-packages/airflow/example_dags/tutorial_objectstorage.py took 0.127 seconds
[2026-09-18T12:45:58.891+0700] {processor.py:186} INFO - Started process (PID=68724) to work on /Users/andreasanditya/Downloads/572392_Andreas_AirflowETL/code/.venv/lib/python3.9/site-packages/airflow/example_dags/tutorial_objectstorage.py
[2026-09-18T12:45:58.891+0700] {processor.py:914} INFO - Processing file /Users/andreasanditya/Downloads/572392_Andreas_AirflowETL/code/.venv/lib/python3.9/site-packages/airflow/example_dags/tutorial_objectstorage.py for tasks to queue
[2026-09-18T12:45:58.892+0700] {logging_mixin.py:190} INFO - [2026-09-18T12:45:58.892+0700] {dagbag.py:588} INFO - Filling up the DagBag from /Users/andreasanditya/Downloads/572392_Andreas_AirflowETL/code/.venv/lib/python3.9/site-packages/airflow/example_dags/tutorial_objectstorage.py
[2026-09-18T12:45:58.939+0700] {processor.py:925} INFO - DAG(s) 'tutorial_objectstorage' retrieved from /Users/andreasanditya/Downloads/572392_Andreas_AirflowETL/code/.venv/lib/python3.9/site-packages/airflow/example_dags/tutorial_objectstorage.py
[2026-09-18T12:45:58.998+0700] {logging_mixin.py:190} INFO - [2026-09-18T12:45:58.998+0700] {dag.py:3239} INFO - Sync 1 DAGs
[2026-09-18T12:45:59.004+0700] {logging_mixin.py:190} INFO - [2026-09-18T12:45:59.004+0700] {dag.py:4180} INFO - Setting next_dagrun for tutorial_objectstorage to None, run_after=None
[2026-09-18T12:45:59.014+0700] {processor.py:208} INFO - Processing /Users/andreasanditya/Downloads/572392_Andreas_AirflowETL/code/.venv/lib/python3.9/site-packages/airflow/example_dags/tutorial_objectstorage.py took 0.125 seconds
[2026-09-18T12:47:25.553+0700] {processor.py:186} INFO - Started process (PID=69628) to work on /Users/andreasanditya/Downloads/572392_Andreas_AirflowETL/code/.venv/lib/python3.9/site-packages/airflow/example_dags/tutorial_objectstorage.py
[2026-09-18T12:47:25.554+0700] {processor.py:914} INFO - Processing file /Users/andreasanditya/Downloads/572392_Andreas_AirflowETL/code/.venv/lib/python3.9/site-packages/airflow/example_dags/tutorial_objectstorage.py for tasks to queue
[2026-09-18T12:47:25.555+0700] {logging_mixin.py:190} INFO - [2026-09-18T12:47:25.554+0700] {dagbag.py:588} INFO - Filling up the DagBag from /Users/andreasanditya/Downloads/572392_Andreas_AirflowETL/code/.venv/lib/python3.9/site-packages/airflow/example_dags/tutorial_objectstorage.py
[2026-09-18T12:47:25.599+0700] {processor.py:925} INFO - DAG(s) 'tutorial_objectstorage' retrieved from /Users/andreasanditya/Downloads/572392_Andreas_AirflowETL/code/.venv/lib/python3.9/site-packages/airflow/example_dags/tutorial_objectstorage.py
[2026-09-18T12:47:25.656+0700] {logging_mixin.py:190} INFO - [2026-09-18T12:47:25.656+0700] {dag.py:3239} INFO - Sync 1 DAGs
[2026-09-18T12:47:25.662+0700] {logging_mixin.py:190} INFO - [2026-09-18T12:47:25.662+0700] {dag.py:4180} INFO - Setting next_dagrun for tutorial_objectstorage to None, run_after=None
[2026-09-18T12:47:25.672+0700] {processor.py:208} INFO - Processing /Users/andreasanditya/Downloads/572392_Andreas_AirflowETL/code/.venv/lib/python3.9/site-packages/airflow/example_dags/tutorial_objectstorage.py took 0.121 seconds
[2026-09-18T12:48:51.264+0700] {processor.py:186} INFO - Started process (PID=70458) to work on /Users/andreasanditya/Downloads/572392_Andreas_AirflowETL/code/.venv/lib/python3.9/site-packages/airflow/example_dags/tutorial_objectstorage.py
[2026-09-18T12:48:51.266+0700] {processor.py:914} INFO - Processing file /Users/andreasanditya/Downloads/572392_Andreas_AirflowETL/code/.venv/lib/python3.9/site-packages/airflow/example_dags/tutorial_objectstorage.py for tasks to queue
[2026-09-18T12:48:51.267+0700] {logging_mixin.py:190} INFO - [2026-09-18T12:48:51.267+0700] {dagbag.py:588} INFO - Filling up the DagBag from /Users/andreasanditya/Downloads/572392_Andreas_AirflowETL/code/.venv/lib/python3.9/site-packages/airflow/example_dags/tutorial_objectstorage.py
[2026-09-18T12:48:51.311+0700] {processor.py:925} INFO - DAG(s) 'tutorial_objectstorage' retrieved from /Users/andreasanditya/Downloads/572392_Andreas_AirflowETL/code/.venv/lib/python3.9/site-packages/airflow/example_dags/tutorial_objectstorage.py
[2026-09-18T12:48:51.368+0700] {logging_mixin.py:190} INFO - [2026-09-18T12:48:51.368+0700] {dag.py:3239} INFO - Sync 1 DAGs
[2026-09-18T12:48:51.374+0700] {logging_mixin.py:190} INFO - [2026-09-18T12:48:51.374+0700] {dag.py:4180} INFO - Setting next_dagrun for tutorial_objectstorage to None, run_after=None
[2026-09-18T12:48:51.384+0700] {processor.py:208} INFO - Processing /Users/andreasanditya/Downloads/572392_Andreas_AirflowETL/code/.venv/lib/python3.9/site-packages/airflow/example_dags/tutorial_objectstorage.py took 0.121 seconds
[2026-09-18T12:50:15.424+0700] {processor.py:186} INFO - Started process (PID=71380) to work on /Users/andreasanditya/Downloads/572392_Andreas_AirflowETL/code/.venv/lib/python3.9/site-packages/airflow/example_dags/tutorial_objectstorage.py
[2026-09-18T12:50:15.424+0700] {processor.py:914} INFO - Processing file /Users/andreasanditya/Downloads/572392_Andreas_AirflowETL/code/.venv/lib/python3.9/site-packages/airflow/example_dags/tutorial_objectstorage.py for tasks to queue
[2026-09-18T12:50:15.425+0700] {logging_mixin.py:190} INFO - [2026-09-18T12:50:15.425+0700] {dagbag.py:588} INFO - Filling up the DagBag from /Users/andreasanditya/Downloads/572392_Andreas_AirflowETL/code/.venv/lib/python3.9/site-packages/airflow/example_dags/tutorial_objectstorage.py
[2026-09-18T12:50:15.469+0700] {processor.py:925} INFO - DAG(s) 'tutorial_objectstorage' retrieved from /Users/andreasanditya/Downloads/572392_Andreas_AirflowETL/code/.venv/lib/python3.9/site-packages/airflow/example_dags/tutorial_objectstorage.py
[2026-09-18T12:50:15.526+0700] {logging_mixin.py:190} INFO - [2026-09-18T12:50:15.526+0700] {dag.py:3239} INFO - Sync 1 DAGs
[2026-09-18T12:50:15.532+0700] {logging_mixin.py:190} INFO - [2026-09-18T12:50:15.532+0700] {dag.py:4180} INFO - Setting next_dagrun for tutorial_objectstorage to None, run_after=None
[2026-09-18T12:50:15.542+0700] {processor.py:208} INFO - Processing /Users/andreasanditya/Downloads/572392_Andreas_AirflowETL/code/.venv/lib/python3.9/site-packages/airflow/example_dags/tutorial_objectstorage.py took 0.120 seconds
[2026-09-18T12:51:38.808+0700] {processor.py:186} INFO - Started process (PID=72202) to work on /Users/andreasanditya/Downloads/572392_Andreas_AirflowETL/code/.venv/lib/python3.9/site-packages/airflow/example_dags/tutorial_objectstorage.py
[2026-09-18T12:51:38.808+0700] {processor.py:914} INFO - Processing file /Users/andreasanditya/Downloads/572392_Andreas_AirflowETL/code/.venv/lib/python3.9/site-packages/airflow/example_dags/tutorial_objectstorage.py for tasks to queue
[2026-09-18T12:51:38.809+0700] {logging_mixin.py:190} INFO - [2026-09-18T12:51:38.809+0700] {dagbag.py:588} INFO - Filling up the DagBag from /Users/andreasanditya/Downloads/572392_Andreas_AirflowETL/code/.venv/lib/python3.9/site-packages/airflow/example_dags/tutorial_objectstorage.py
[2026-09-18T12:51:38.854+0700] {processor.py:925} INFO - DAG(s) 'tutorial_objectstorage' retrieved from /Users/andreasanditya/Downloads/572392_Andreas_AirflowETL/code/.venv/lib/python3.9/site-packages/airflow/example_dags/tutorial_objectstorage.py
[2026-09-18T12:51:38.912+0700] {logging_mixin.py:190} INFO - [2026-09-18T12:51:38.911+0700] {dag.py:3239} INFO - Sync 1 DAGs
[2026-09-18T12:51:38.917+0700] {logging_mixin.py:190} INFO - [2026-09-18T12:51:38.917+0700] {dag.py:4180} INFO - Setting next_dagrun for tutorial_objectstorage to None, run_after=None
[2026-09-18T12:51:38.928+0700] {processor.py:208} INFO - Processing /Users/andreasanditya/Downloads/572392_Andreas_AirflowETL/code/.venv/lib/python3.9/site-packages/airflow/example_dags/tutorial_objectstorage.py took 0.122 seconds
[2026-09-18T12:53:04.408+0700] {processor.py:186} INFO - Started process (PID=73044) to work on /Users/andreasanditya/Downloads/572392_Andreas_AirflowETL/code/.venv/lib/python3.9/site-packages/airflow/example_dags/tutorial_objectstorage.py
[2026-09-18T12:53:04.408+0700] {processor.py:914} INFO - Processing file /Users/andreasanditya/Downloads/572392_Andreas_AirflowETL/code/.venv/lib/python3.9/site-packages/airflow/example_dags/tutorial_objectstorage.py for tasks to queue
[2026-09-18T12:53:04.409+0700] {logging_mixin.py:190} INFO - [2026-09-18T12:53:04.409+0700] {dagbag.py:588} INFO - Filling up the DagBag from /Users/andreasanditya/Downloads/572392_Andreas_AirflowETL/code/.venv/lib/python3.9/site-packages/airflow/example_dags/tutorial_objectstorage.py
[2026-09-18T12:53:04.454+0700] {processor.py:925} INFO - DAG(s) 'tutorial_objectstorage' retrieved from /Users/andreasanditya/Downloads/572392_Andreas_AirflowETL/code/.venv/lib/python3.9/site-packages/airflow/example_dags/tutorial_objectstorage.py
[2026-09-18T12:53:04.512+0700] {logging_mixin.py:190} INFO - [2026-09-18T12:53:04.511+0700] {dag.py:3239} INFO - Sync 1 DAGs
[2026-09-18T12:53:04.517+0700] {logging_mixin.py:190} INFO - [2026-09-18T12:53:04.517+0700] {dag.py:4180} INFO - Setting next_dagrun for tutorial_objectstorage to None, run_after=None
[2026-09-18T12:53:04.527+0700] {processor.py:208} INFO - Processing /Users/andreasanditya/Downloads/572392_Andreas_AirflowETL/code/.venv/lib/python3.9/site-packages/airflow/example_dags/tutorial_objectstorage.py took 0.122 seconds
[2026-09-18T12:54:29.597+0700] {processor.py:186} INFO - Started process (PID=73980) to work on /Users/andreasanditya/Downloads/572392_Andreas_AirflowETL/code/.venv/lib/python3.9/site-packages/airflow/example_dags/tutorial_objectstorage.py
[2026-09-18T12:54:29.598+0700] {processor.py:914} INFO - Processing file /Users/andreasanditya/Downloads/572392_Andreas_AirflowETL/code/.venv/lib/python3.9/site-packages/airflow/example_dags/tutorial_objectstorage.py for tasks to queue
[2026-09-18T12:54:29.599+0700] {logging_mixin.py:190} INFO - [2026-09-18T12:54:29.598+0700] {dagbag.py:588} INFO - Filling up the DagBag from /Users/andreasanditya/Downloads/572392_Andreas_AirflowETL/code/.venv/lib/python3.9/site-packages/airflow/example_dags/tutorial_objectstorage.py
[2026-09-18T12:54:29.648+0700] {processor.py:925} INFO - DAG(s) 'tutorial_objectstorage' retrieved from /Users/andreasanditya/Downloads/572392_Andreas_AirflowETL/code/.venv/lib/python3.9/site-packages/airflow/example_dags/tutorial_objectstorage.py
[2026-09-18T12:54:29.707+0700] {logging_mixin.py:190} INFO - [2026-09-18T12:54:29.706+0700] {dag.py:3239} INFO - Sync 1 DAGs
[2026-09-18T12:54:29.712+0700] {logging_mixin.py:190} INFO - [2026-09-18T12:54:29.712+0700] {dag.py:4180} INFO - Setting next_dagrun for tutorial_objectstorage to None, run_after=None
[2026-09-18T12:54:29.723+0700] {processor.py:208} INFO - Processing /Users/andreasanditya/Downloads/572392_Andreas_AirflowETL/code/.venv/lib/python3.9/site-packages/airflow/example_dags/tutorial_objectstorage.py took 0.128 seconds
[2026-09-18T12:55:53.288+0700] {processor.py:186} INFO - Started process (PID=74799) to work on /Users/andreasanditya/Downloads/572392_Andreas_AirflowETL/code/.venv/lib/python3.9/site-packages/airflow/example_dags/tutorial_objectstorage.py
[2026-09-18T12:55:53.289+0700] {processor.py:914} INFO - Processing file /Users/andreasanditya/Downloads/572392_Andreas_AirflowETL/code/.venv/lib/python3.9/site-packages/airflow/example_dags/tutorial_objectstorage.py for tasks to queue
[2026-09-18T12:55:53.289+0700] {logging_mixin.py:190} INFO - [2026-09-18T12:55:53.289+0700] {dagbag.py:588} INFO - Filling up the DagBag from /Users/andreasanditya/Downloads/572392_Andreas_AirflowETL/code/.venv/lib/python3.9/site-packages/airflow/example_dags/tutorial_objectstorage.py
[2026-09-18T12:55:53.334+0700] {processor.py:925} INFO - DAG(s) 'tutorial_objectstorage' retrieved from /Users/andreasanditya/Downloads/572392_Andreas_AirflowETL/code/.venv/lib/python3.9/site-packages/airflow/example_dags/tutorial_objectstorage.py
[2026-09-18T12:55:53.392+0700] {logging_mixin.py:190} INFO - [2026-09-18T12:55:53.392+0700] {dag.py:3239} INFO - Sync 1 DAGs
[2026-09-18T12:55:53.398+0700] {logging_mixin.py:190} INFO - [2026-09-18T12:55:53.398+0700] {dag.py:4180} INFO - Setting next_dagrun for tutorial_objectstorage to None, run_after=None
[2026-09-18T12:55:53.408+0700] {processor.py:208} INFO - Processing /Users/andreasanditya/Downloads/572392_Andreas_AirflowETL/code/.venv/lib/python3.9/site-packages/airflow/example_dags/tutorial_objectstorage.py took 0.122 seconds
[2026-09-18T12:57:19.304+0700] {processor.py:186} INFO - Started process (PID=75635) to work on /Users/andreasanditya/Downloads/572392_Andreas_AirflowETL/code/.venv/lib/python3.9/site-packages/airflow/example_dags/tutorial_objectstorage.py
[2026-09-18T12:57:19.305+0700] {processor.py:914} INFO - Processing file /Users/andreasanditya/Downloads/572392_Andreas_AirflowETL/code/.venv/lib/python3.9/site-packages/airflow/example_dags/tutorial_objectstorage.py for tasks to queue
[2026-09-18T12:57:19.306+0700] {logging_mixin.py:190} INFO - [2026-09-18T12:57:19.306+0700] {dagbag.py:588} INFO - Filling up the DagBag from /Users/andreasanditya/Downloads/572392_Andreas_AirflowETL/code/.venv/lib/python3.9/site-packages/airflow/example_dags/tutorial_objectstorage.py
[2026-09-18T12:57:19.351+0700] {processor.py:925} INFO - DAG(s) 'tutorial_objectstorage' retrieved from /Users/andreasanditya/Downloads/572392_Andreas_AirflowETL/code/.venv/lib/python3.9/site-packages/airflow/example_dags/tutorial_objectstorage.py
[2026-09-18T12:57:19.414+0700] {logging_mixin.py:190} INFO - [2026-09-18T12:57:19.413+0700] {dag.py:3239} INFO - Sync 1 DAGs
[2026-09-18T12:57:19.420+0700] {logging_mixin.py:190} INFO - [2026-09-18T12:57:19.420+0700] {dag.py:4180} INFO - Setting next_dagrun for tutorial_objectstorage to None, run_after=None
[2026-09-18T12:57:19.431+0700] {processor.py:208} INFO - Processing /Users/andreasanditya/Downloads/572392_Andreas_AirflowETL/code/.venv/lib/python3.9/site-packages/airflow/example_dags/tutorial_objectstorage.py took 0.129 seconds
[2026-09-18T12:58:44.097+0700] {processor.py:186} INFO - Started process (PID=76581) to work on /Users/andreasanditya/Downloads/572392_Andreas_AirflowETL/code/.venv/lib/python3.9/site-packages/airflow/example_dags/tutorial_objectstorage.py
[2026-09-18T12:58:44.100+0700] {processor.py:914} INFO - Processing file /Users/andreasanditya/Downloads/572392_Andreas_AirflowETL/code/.venv/lib/python3.9/site-packages/airflow/example_dags/tutorial_objectstorage.py for tasks to queue
[2026-09-18T12:58:44.100+0700] {logging_mixin.py:190} INFO - [2026-09-18T12:58:44.100+0700] {dagbag.py:588} INFO - Filling up the DagBag from /Users/andreasanditya/Downloads/572392_Andreas_AirflowETL/code/.venv/lib/python3.9/site-packages/airflow/example_dags/tutorial_objectstorage.py
[2026-09-18T12:58:44.145+0700] {processor.py:925} INFO - DAG(s) 'tutorial_objectstorage' retrieved from /Users/andreasanditya/Downloads/572392_Andreas_AirflowETL/code/.venv/lib/python3.9/site-packages/airflow/example_dags/tutorial_objectstorage.py
[2026-09-18T12:58:44.202+0700] {logging_mixin.py:190} INFO - [2026-09-18T12:58:44.202+0700] {dag.py:3239} INFO - Sync 1 DAGs
[2026-09-18T12:58:44.208+0700] {logging_mixin.py:190} INFO - [2026-09-18T12:58:44.207+0700] {dag.py:4180} INFO - Setting next_dagrun for tutorial_objectstorage to None, run_after=None
[2026-09-18T12:58:44.217+0700] {processor.py:208} INFO - Processing /Users/andreasanditya/Downloads/572392_Andreas_AirflowETL/code/.venv/lib/python3.9/site-packages/airflow/example_dags/tutorial_objectstorage.py took 0.122 seconds
[2026-09-18T13:00:10.704+0700] {processor.py:186} INFO - Started process (PID=77408) to work on /Users/andreasanditya/Downloads/572392_Andreas_AirflowETL/code/.venv/lib/python3.9/site-packages/airflow/example_dags/tutorial_objectstorage.py
[2026-09-18T13:00:10.705+0700] {processor.py:914} INFO - Processing file /Users/andreasanditya/Downloads/572392_Andreas_AirflowETL/code/.venv/lib/python3.9/site-packages/airflow/example_dags/tutorial_objectstorage.py for tasks to queue
[2026-09-18T13:00:10.705+0700] {logging_mixin.py:190} INFO - [2026-09-18T13:00:10.705+0700] {dagbag.py:588} INFO - Filling up the DagBag from /Users/andreasanditya/Downloads/572392_Andreas_AirflowETL/code/.venv/lib/python3.9/site-packages/airflow/example_dags/tutorial_objectstorage.py
[2026-09-18T13:00:10.750+0700] {processor.py:925} INFO - DAG(s) 'tutorial_objectstorage' retrieved from /Users/andreasanditya/Downloads/572392_Andreas_AirflowETL/code/.venv/lib/python3.9/site-packages/airflow/example_dags/tutorial_objectstorage.py
[2026-09-18T13:00:10.807+0700] {logging_mixin.py:190} INFO - [2026-09-18T13:00:10.807+0700] {dag.py:3239} INFO - Sync 1 DAGs
[2026-09-18T13:00:10.813+0700] {logging_mixin.py:190} INFO - [2026-09-18T13:00:10.812+0700] {dag.py:4180} INFO - Setting next_dagrun for tutorial_objectstorage to None, run_after=None
[2026-09-18T13:00:10.822+0700] {processor.py:208} INFO - Processing /Users/andreasanditya/Downloads/572392_Andreas_AirflowETL/code/.venv/lib/python3.9/site-packages/airflow/example_dags/tutorial_objectstorage.py took 0.121 seconds
[2026-09-18T13:01:37.720+0700] {processor.py:186} INFO - Started process (PID=78321) to work on /Users/andreasanditya/Downloads/572392_Andreas_AirflowETL/code/.venv/lib/python3.9/site-packages/airflow/example_dags/tutorial_objectstorage.py
[2026-09-18T13:01:37.722+0700] {processor.py:914} INFO - Processing file /Users/andreasanditya/Downloads/572392_Andreas_AirflowETL/code/.venv/lib/python3.9/site-packages/airflow/example_dags/tutorial_objectstorage.py for tasks to queue
[2026-09-18T13:01:37.722+0700] {logging_mixin.py:190} INFO - [2026-09-18T13:01:37.722+0700] {dagbag.py:588} INFO - Filling up the DagBag from /Users/andreasanditya/Downloads/572392_Andreas_AirflowETL/code/.venv/lib/python3.9/site-packages/airflow/example_dags/tutorial_objectstorage.py
[2026-09-18T13:01:37.767+0700] {processor.py:925} INFO - DAG(s) 'tutorial_objectstorage' retrieved from /Users/andreasanditya/Downloads/572392_Andreas_AirflowETL/code/.venv/lib/python3.9/site-packages/airflow/example_dags/tutorial_objectstorage.py
[2026-09-18T13:01:37.825+0700] {logging_mixin.py:190} INFO - [2026-09-18T13:01:37.825+0700] {dag.py:3239} INFO - Sync 1 DAGs
[2026-09-18T13:01:37.830+0700] {logging_mixin.py:190} INFO - [2026-09-18T13:01:37.830+0700] {dag.py:4180} INFO - Setting next_dagrun for tutorial_objectstorage to None, run_after=None
[2026-09-18T13:01:37.841+0700] {processor.py:208} INFO - Processing /Users/andreasanditya/Downloads/572392_Andreas_AirflowETL/code/.venv/lib/python3.9/site-packages/airflow/example_dags/tutorial_objectstorage.py took 0.122 seconds
[2026-09-18T13:03:03.599+0700] {processor.py:186} INFO - Started process (PID=79178) to work on /Users/andreasanditya/Downloads/572392_Andreas_AirflowETL/code/.venv/lib/python3.9/site-packages/airflow/example_dags/tutorial_objectstorage.py
[2026-09-18T13:03:03.601+0700] {processor.py:914} INFO - Processing file /Users/andreasanditya/Downloads/572392_Andreas_AirflowETL/code/.venv/lib/python3.9/site-packages/airflow/example_dags/tutorial_objectstorage.py for tasks to queue
[2026-09-18T13:03:03.602+0700] {logging_mixin.py:190} INFO - [2026-09-18T13:03:03.602+0700] {dagbag.py:588} INFO - Filling up the DagBag from /Users/andreasanditya/Downloads/572392_Andreas_AirflowETL/code/.venv/lib/python3.9/site-packages/airflow/example_dags/tutorial_objectstorage.py
[2026-09-18T13:03:03.646+0700] {processor.py:925} INFO - DAG(s) 'tutorial_objectstorage' retrieved from /Users/andreasanditya/Downloads/572392_Andreas_AirflowETL/code/.venv/lib/python3.9/site-packages/airflow/example_dags/tutorial_objectstorage.py
[2026-09-18T13:03:03.704+0700] {logging_mixin.py:190} INFO - [2026-09-18T13:03:03.704+0700] {dag.py:3239} INFO - Sync 1 DAGs
[2026-09-18T13:03:03.710+0700] {logging_mixin.py:190} INFO - [2026-09-18T13:03:03.710+0700] {dag.py:4180} INFO - Setting next_dagrun for tutorial_objectstorage to None, run_after=None
[2026-09-18T13:03:03.719+0700] {processor.py:208} INFO - Processing /Users/andreasanditya/Downloads/572392_Andreas_AirflowETL/code/.venv/lib/python3.9/site-packages/airflow/example_dags/tutorial_objectstorage.py took 0.122 seconds
[2026-09-18T13:04:30.577+0700] {processor.py:186} INFO - Started process (PID=80105) to work on /Users/andreasanditya/Downloads/572392_Andreas_AirflowETL/code/.venv/lib/python3.9/site-packages/airflow/example_dags/tutorial_objectstorage.py
[2026-09-18T13:04:30.579+0700] {processor.py:914} INFO - Processing file /Users/andreasanditya/Downloads/572392_Andreas_AirflowETL/code/.venv/lib/python3.9/site-packages/airflow/example_dags/tutorial_objectstorage.py for tasks to queue
[2026-09-18T13:04:30.580+0700] {logging_mixin.py:190} INFO - [2026-09-18T13:04:30.580+0700] {dagbag.py:588} INFO - Filling up the DagBag from /Users/andreasanditya/Downloads/572392_Andreas_AirflowETL/code/.venv/lib/python3.9/site-packages/airflow/example_dags/tutorial_objectstorage.py
[2026-09-18T13:04:30.624+0700] {processor.py:925} INFO - DAG(s) 'tutorial_objectstorage' retrieved from /Users/andreasanditya/Downloads/572392_Andreas_AirflowETL/code/.venv/lib/python3.9/site-packages/airflow/example_dags/tutorial_objectstorage.py
[2026-09-18T13:04:30.681+0700] {logging_mixin.py:190} INFO - [2026-09-18T13:04:30.681+0700] {dag.py:3239} INFO - Sync 1 DAGs
[2026-09-18T13:04:30.687+0700] {logging_mixin.py:190} INFO - [2026-09-18T13:04:30.687+0700] {dag.py:4180} INFO - Setting next_dagrun for tutorial_objectstorage to None, run_after=None
[2026-09-18T13:04:30.696+0700] {processor.py:208} INFO - Processing /Users/andreasanditya/Downloads/572392_Andreas_AirflowETL/code/.venv/lib/python3.9/site-packages/airflow/example_dags/tutorial_objectstorage.py took 0.121 seconds
[2026-09-18T13:05:55.093+0700] {processor.py:186} INFO - Started process (PID=80925) to work on /Users/andreasanditya/Downloads/572392_Andreas_AirflowETL/code/.venv/lib/python3.9/site-packages/airflow/example_dags/tutorial_objectstorage.py
[2026-09-18T13:05:55.095+0700] {processor.py:914} INFO - Processing file /Users/andreasanditya/Downloads/572392_Andreas_AirflowETL/code/.venv/lib/python3.9/site-packages/airflow/example_dags/tutorial_objectstorage.py for tasks to queue
[2026-09-18T13:05:55.095+0700] {logging_mixin.py:190} INFO - [2026-09-18T13:05:55.095+0700] {dagbag.py:588} INFO - Filling up the DagBag from /Users/andreasanditya/Downloads/572392_Andreas_AirflowETL/code/.venv/lib/python3.9/site-packages/airflow/example_dags/tutorial_objectstorage.py
[2026-09-18T13:05:55.139+0700] {processor.py:925} INFO - DAG(s) 'tutorial_objectstorage' retrieved from /Users/andreasanditya/Downloads/572392_Andreas_AirflowETL/code/.venv/lib/python3.9/site-packages/airflow/example_dags/tutorial_objectstorage.py
[2026-09-18T13:05:55.197+0700] {logging_mixin.py:190} INFO - [2026-09-18T13:05:55.196+0700] {dag.py:3239} INFO - Sync 1 DAGs
[2026-09-18T13:05:55.202+0700] {logging_mixin.py:190} INFO - [2026-09-18T13:05:55.202+0700] {dag.py:4180} INFO - Setting next_dagrun for tutorial_objectstorage to None, run_after=None
[2026-09-18T13:05:55.212+0700] {processor.py:208} INFO - Processing /Users/andreasanditya/Downloads/572392_Andreas_AirflowETL/code/.venv/lib/python3.9/site-packages/airflow/example_dags/tutorial_objectstorage.py took 0.121 seconds
[2026-09-18T13:07:20.354+0700] {processor.py:186} INFO - Started process (PID=81855) to work on /Users/andreasanditya/Downloads/572392_Andreas_AirflowETL/code/.venv/lib/python3.9/site-packages/airflow/example_dags/tutorial_objectstorage.py
[2026-09-18T13:07:20.355+0700] {processor.py:914} INFO - Processing file /Users/andreasanditya/Downloads/572392_Andreas_AirflowETL/code/.venv/lib/python3.9/site-packages/airflow/example_dags/tutorial_objectstorage.py for tasks to queue
[2026-09-18T13:07:20.356+0700] {logging_mixin.py:190} INFO - [2026-09-18T13:07:20.356+0700] {dagbag.py:588} INFO - Filling up the DagBag from /Users/andreasanditya/Downloads/572392_Andreas_AirflowETL/code/.venv/lib/python3.9/site-packages/airflow/example_dags/tutorial_objectstorage.py
[2026-09-18T13:07:20.400+0700] {processor.py:925} INFO - DAG(s) 'tutorial_objectstorage' retrieved from /Users/andreasanditya/Downloads/572392_Andreas_AirflowETL/code/.venv/lib/python3.9/site-packages/airflow/example_dags/tutorial_objectstorage.py
[2026-09-18T13:07:20.457+0700] {logging_mixin.py:190} INFO - [2026-09-18T13:07:20.457+0700] {dag.py:3239} INFO - Sync 1 DAGs
[2026-09-18T13:07:20.463+0700] {logging_mixin.py:190} INFO - [2026-09-18T13:07:20.463+0700] {dag.py:4180} INFO - Setting next_dagrun for tutorial_objectstorage to None, run_after=None
[2026-09-18T13:07:20.472+0700] {processor.py:208} INFO - Processing /Users/andreasanditya/Downloads/572392_Andreas_AirflowETL/code/.venv/lib/python3.9/site-packages/airflow/example_dags/tutorial_objectstorage.py took 0.120 seconds
[2026-09-18T13:08:42.429+0700] {processor.py:186} INFO - Started process (PID=82692) to work on /Users/andreasanditya/Downloads/572392_Andreas_AirflowETL/code/.venv/lib/python3.9/site-packages/airflow/example_dags/tutorial_objectstorage.py
[2026-09-18T13:08:42.430+0700] {processor.py:914} INFO - Processing file /Users/andreasanditya/Downloads/572392_Andreas_AirflowETL/code/.venv/lib/python3.9/site-packages/airflow/example_dags/tutorial_objectstorage.py for tasks to queue
[2026-09-18T13:08:42.431+0700] {logging_mixin.py:190} INFO - [2026-09-18T13:08:42.431+0700] {dagbag.py:588} INFO - Filling up the DagBag from /Users/andreasanditya/Downloads/572392_Andreas_AirflowETL/code/.venv/lib/python3.9/site-packages/airflow/example_dags/tutorial_objectstorage.py
[2026-09-18T13:08:42.476+0700] {processor.py:925} INFO - DAG(s) 'tutorial_objectstorage' retrieved from /Users/andreasanditya/Downloads/572392_Andreas_AirflowETL/code/.venv/lib/python3.9/site-packages/airflow/example_dags/tutorial_objectstorage.py
[2026-09-18T13:08:42.533+0700] {logging_mixin.py:190} INFO - [2026-09-18T13:08:42.532+0700] {dag.py:3239} INFO - Sync 1 DAGs
[2026-09-18T13:08:42.538+0700] {logging_mixin.py:190} INFO - [2026-09-18T13:08:42.538+0700] {dag.py:4180} INFO - Setting next_dagrun for tutorial_objectstorage to None, run_after=None
[2026-09-18T13:08:42.548+0700] {processor.py:208} INFO - Processing /Users/andreasanditya/Downloads/572392_Andreas_AirflowETL/code/.venv/lib/python3.9/site-packages/airflow/example_dags/tutorial_objectstorage.py took 0.120 seconds
[2026-09-18T13:10:09.132+0700] {processor.py:186} INFO - Started process (PID=83519) to work on /Users/andreasanditya/Downloads/572392_Andreas_AirflowETL/code/.venv/lib/python3.9/site-packages/airflow/example_dags/tutorial_objectstorage.py
[2026-09-18T13:10:09.133+0700] {processor.py:914} INFO - Processing file /Users/andreasanditya/Downloads/572392_Andreas_AirflowETL/code/.venv/lib/python3.9/site-packages/airflow/example_dags/tutorial_objectstorage.py for tasks to queue
[2026-09-18T13:10:09.134+0700] {logging_mixin.py:190} INFO - [2026-09-18T13:10:09.133+0700] {dagbag.py:588} INFO - Filling up the DagBag from /Users/andreasanditya/Downloads/572392_Andreas_AirflowETL/code/.venv/lib/python3.9/site-packages/airflow/example_dags/tutorial_objectstorage.py
[2026-09-18T13:10:09.179+0700] {processor.py:925} INFO - DAG(s) 'tutorial_objectstorage' retrieved from /Users/andreasanditya/Downloads/572392_Andreas_AirflowETL/code/.venv/lib/python3.9/site-packages/airflow/example_dags/tutorial_objectstorage.py
[2026-09-18T13:10:09.239+0700] {logging_mixin.py:190} INFO - [2026-09-18T13:10:09.239+0700] {dag.py:3239} INFO - Sync 1 DAGs
[2026-09-18T13:10:09.245+0700] {logging_mixin.py:190} INFO - [2026-09-18T13:10:09.245+0700] {dag.py:4180} INFO - Setting next_dagrun for tutorial_objectstorage to None, run_after=None
[2026-09-18T13:10:09.256+0700] {processor.py:208} INFO - Processing /Users/andreasanditya/Downloads/572392_Andreas_AirflowETL/code/.venv/lib/python3.9/site-packages/airflow/example_dags/tutorial_objectstorage.py took 0.126 seconds
[2026-09-18T13:11:36.295+0700] {processor.py:186} INFO - Started process (PID=84444) to work on /Users/andreasanditya/Downloads/572392_Andreas_AirflowETL/code/.venv/lib/python3.9/site-packages/airflow/example_dags/tutorial_objectstorage.py
[2026-09-18T13:11:36.296+0700] {processor.py:914} INFO - Processing file /Users/andreasanditya/Downloads/572392_Andreas_AirflowETL/code/.venv/lib/python3.9/site-packages/airflow/example_dags/tutorial_objectstorage.py for tasks to queue
[2026-09-18T13:11:36.297+0700] {logging_mixin.py:190} INFO - [2026-09-18T13:11:36.297+0700] {dagbag.py:588} INFO - Filling up the DagBag from /Users/andreasanditya/Downloads/572392_Andreas_AirflowETL/code/.venv/lib/python3.9/site-packages/airflow/example_dags/tutorial_objectstorage.py
[2026-09-18T13:11:36.343+0700] {processor.py:925} INFO - DAG(s) 'tutorial_objectstorage' retrieved from /Users/andreasanditya/Downloads/572392_Andreas_AirflowETL/code/.venv/lib/python3.9/site-packages/airflow/example_dags/tutorial_objectstorage.py
[2026-09-18T13:11:36.400+0700] {logging_mixin.py:190} INFO - [2026-09-18T13:11:36.400+0700] {dag.py:3239} INFO - Sync 1 DAGs
[2026-09-18T13:11:36.406+0700] {logging_mixin.py:190} INFO - [2026-09-18T13:11:36.406+0700] {dag.py:4180} INFO - Setting next_dagrun for tutorial_objectstorage to None, run_after=None
[2026-09-18T13:11:36.416+0700] {processor.py:208} INFO - Processing /Users/andreasanditya/Downloads/572392_Andreas_AirflowETL/code/.venv/lib/python3.9/site-packages/airflow/example_dags/tutorial_objectstorage.py took 0.123 seconds
[2026-09-18T13:13:02.371+0700] {processor.py:186} INFO - Started process (PID=85368) to work on /Users/andreasanditya/Downloads/572392_Andreas_AirflowETL/code/.venv/lib/python3.9/site-packages/airflow/example_dags/tutorial_objectstorage.py
[2026-09-18T13:13:02.372+0700] {processor.py:914} INFO - Processing file /Users/andreasanditya/Downloads/572392_Andreas_AirflowETL/code/.venv/lib/python3.9/site-packages/airflow/example_dags/tutorial_objectstorage.py for tasks to queue
[2026-09-18T13:13:02.373+0700] {logging_mixin.py:190} INFO - [2026-09-18T13:13:02.372+0700] {dagbag.py:588} INFO - Filling up the DagBag from /Users/andreasanditya/Downloads/572392_Andreas_AirflowETL/code/.venv/lib/python3.9/site-packages/airflow/example_dags/tutorial_objectstorage.py
[2026-09-18T13:13:02.417+0700] {processor.py:925} INFO - DAG(s) 'tutorial_objectstorage' retrieved from /Users/andreasanditya/Downloads/572392_Andreas_AirflowETL/code/.venv/lib/python3.9/site-packages/airflow/example_dags/tutorial_objectstorage.py
[2026-09-18T13:13:02.474+0700] {logging_mixin.py:190} INFO - [2026-09-18T13:13:02.474+0700] {dag.py:3239} INFO - Sync 1 DAGs
[2026-09-18T13:13:02.480+0700] {logging_mixin.py:190} INFO - [2026-09-18T13:13:02.480+0700] {dag.py:4180} INFO - Setting next_dagrun for tutorial_objectstorage to None, run_after=None
[2026-09-18T13:13:02.490+0700] {processor.py:208} INFO - Processing /Users/andreasanditya/Downloads/572392_Andreas_AirflowETL/code/.venv/lib/python3.9/site-packages/airflow/example_dags/tutorial_objectstorage.py took 0.121 seconds
[2026-09-18T13:14:27.744+0700] {processor.py:186} INFO - Started process (PID=86200) to work on /Users/andreasanditya/Downloads/572392_Andreas_AirflowETL/code/.venv/lib/python3.9/site-packages/airflow/example_dags/tutorial_objectstorage.py
[2026-09-18T13:14:27.747+0700] {processor.py:914} INFO - Processing file /Users/andreasanditya/Downloads/572392_Andreas_AirflowETL/code/.venv/lib/python3.9/site-packages/airflow/example_dags/tutorial_objectstorage.py for tasks to queue
[2026-09-18T13:14:27.748+0700] {logging_mixin.py:190} INFO - [2026-09-18T13:14:27.748+0700] {dagbag.py:588} INFO - Filling up the DagBag from /Users/andreasanditya/Downloads/572392_Andreas_AirflowETL/code/.venv/lib/python3.9/site-packages/airflow/example_dags/tutorial_objectstorage.py
[2026-09-18T13:14:27.792+0700] {processor.py:925} INFO - DAG(s) 'tutorial_objectstorage' retrieved from /Users/andreasanditya/Downloads/572392_Andreas_AirflowETL/code/.venv/lib/python3.9/site-packages/airflow/example_dags/tutorial_objectstorage.py
[2026-09-18T13:14:27.850+0700] {logging_mixin.py:190} INFO - [2026-09-18T13:14:27.850+0700] {dag.py:3239} INFO - Sync 1 DAGs
[2026-09-18T13:14:27.856+0700] {logging_mixin.py:190} INFO - [2026-09-18T13:14:27.856+0700] {dag.py:4180} INFO - Setting next_dagrun for tutorial_objectstorage to None, run_after=None
[2026-09-18T13:14:27.865+0700] {processor.py:208} INFO - Processing /Users/andreasanditya/Downloads/572392_Andreas_AirflowETL/code/.venv/lib/python3.9/site-packages/airflow/example_dags/tutorial_objectstorage.py took 0.124 seconds
[2026-09-18T13:15:54.902+0700] {processor.py:186} INFO - Started process (PID=87099) to work on /Users/andreasanditya/Downloads/572392_Andreas_AirflowETL/code/.venv/lib/python3.9/site-packages/airflow/example_dags/tutorial_objectstorage.py
[2026-09-18T13:15:54.903+0700] {processor.py:914} INFO - Processing file /Users/andreasanditya/Downloads/572392_Andreas_AirflowETL/code/.venv/lib/python3.9/site-packages/airflow/example_dags/tutorial_objectstorage.py for tasks to queue
[2026-09-18T13:15:54.904+0700] {logging_mixin.py:190} INFO - [2026-09-18T13:15:54.904+0700] {dagbag.py:588} INFO - Filling up the DagBag from /Users/andreasanditya/Downloads/572392_Andreas_AirflowETL/code/.venv/lib/python3.9/site-packages/airflow/example_dags/tutorial_objectstorage.py
[2026-09-18T13:15:54.948+0700] {processor.py:925} INFO - DAG(s) 'tutorial_objectstorage' retrieved from /Users/andreasanditya/Downloads/572392_Andreas_AirflowETL/code/.venv/lib/python3.9/site-packages/airflow/example_dags/tutorial_objectstorage.py
[2026-09-18T13:15:55.005+0700] {logging_mixin.py:190} INFO - [2026-09-18T13:15:55.005+0700] {dag.py:3239} INFO - Sync 1 DAGs
[2026-09-18T13:15:55.011+0700] {logging_mixin.py:190} INFO - [2026-09-18T13:15:55.011+0700] {dag.py:4180} INFO - Setting next_dagrun for tutorial_objectstorage to None, run_after=None
[2026-09-18T13:15:55.021+0700] {processor.py:208} INFO - Processing /Users/andreasanditya/Downloads/572392_Andreas_AirflowETL/code/.venv/lib/python3.9/site-packages/airflow/example_dags/tutorial_objectstorage.py took 0.121 seconds
[2026-09-18T13:17:20.234+0700] {processor.py:186} INFO - Started process (PID=87935) to work on /Users/andreasanditya/Downloads/572392_Andreas_AirflowETL/code/.venv/lib/python3.9/site-packages/airflow/example_dags/tutorial_objectstorage.py
[2026-09-18T13:17:20.237+0700] {processor.py:914} INFO - Processing file /Users/andreasanditya/Downloads/572392_Andreas_AirflowETL/code/.venv/lib/python3.9/site-packages/airflow/example_dags/tutorial_objectstorage.py for tasks to queue
[2026-09-18T13:17:20.237+0700] {logging_mixin.py:190} INFO - [2026-09-18T13:17:20.237+0700] {dagbag.py:588} INFO - Filling up the DagBag from /Users/andreasanditya/Downloads/572392_Andreas_AirflowETL/code/.venv/lib/python3.9/site-packages/airflow/example_dags/tutorial_objectstorage.py
[2026-09-18T13:17:20.282+0700] {processor.py:925} INFO - DAG(s) 'tutorial_objectstorage' retrieved from /Users/andreasanditya/Downloads/572392_Andreas_AirflowETL/code/.venv/lib/python3.9/site-packages/airflow/example_dags/tutorial_objectstorage.py
[2026-09-18T13:17:20.339+0700] {logging_mixin.py:190} INFO - [2026-09-18T13:17:20.339+0700] {dag.py:3239} INFO - Sync 1 DAGs
[2026-09-18T13:17:20.345+0700] {logging_mixin.py:190} INFO - [2026-09-18T13:17:20.345+0700] {dag.py:4180} INFO - Setting next_dagrun for tutorial_objectstorage to None, run_after=None
[2026-09-18T13:17:20.355+0700] {processor.py:208} INFO - Processing /Users/andreasanditya/Downloads/572392_Andreas_AirflowETL/code/.venv/lib/python3.9/site-packages/airflow/example_dags/tutorial_objectstorage.py took 0.123 seconds
[2026-09-18T13:18:46.066+0700] {processor.py:186} INFO - Started process (PID=88767) to work on /Users/andreasanditya/Downloads/572392_Andreas_AirflowETL/code/.venv/lib/python3.9/site-packages/airflow/example_dags/tutorial_objectstorage.py
[2026-09-18T13:18:46.067+0700] {processor.py:914} INFO - Processing file /Users/andreasanditya/Downloads/572392_Andreas_AirflowETL/code/.venv/lib/python3.9/site-packages/airflow/example_dags/tutorial_objectstorage.py for tasks to queue
[2026-09-18T13:18:46.068+0700] {logging_mixin.py:190} INFO - [2026-09-18T13:18:46.068+0700] {dagbag.py:588} INFO - Filling up the DagBag from /Users/andreasanditya/Downloads/572392_Andreas_AirflowETL/code/.venv/lib/python3.9/site-packages/airflow/example_dags/tutorial_objectstorage.py
[2026-09-18T13:18:46.112+0700] {processor.py:925} INFO - DAG(s) 'tutorial_objectstorage' retrieved from /Users/andreasanditya/Downloads/572392_Andreas_AirflowETL/code/.venv/lib/python3.9/site-packages/airflow/example_dags/tutorial_objectstorage.py
[2026-09-18T13:18:46.169+0700] {logging_mixin.py:190} INFO - [2026-09-18T13:18:46.169+0700] {dag.py:3239} INFO - Sync 1 DAGs
[2026-09-18T13:18:46.175+0700] {logging_mixin.py:190} INFO - [2026-09-18T13:18:46.175+0700] {dag.py:4180} INFO - Setting next_dagrun for tutorial_objectstorage to None, run_after=None
[2026-09-18T13:18:46.184+0700] {processor.py:208} INFO - Processing /Users/andreasanditya/Downloads/572392_Andreas_AirflowETL/code/.venv/lib/python3.9/site-packages/airflow/example_dags/tutorial_objectstorage.py took 0.120 seconds
[2026-09-18T13:20:10.833+0700] {processor.py:186} INFO - Started process (PID=89671) to work on /Users/andreasanditya/Downloads/572392_Andreas_AirflowETL/code/.venv/lib/python3.9/site-packages/airflow/example_dags/tutorial_objectstorage.py
[2026-09-18T13:20:10.834+0700] {processor.py:914} INFO - Processing file /Users/andreasanditya/Downloads/572392_Andreas_AirflowETL/code/.venv/lib/python3.9/site-packages/airflow/example_dags/tutorial_objectstorage.py for tasks to queue
[2026-09-18T13:20:10.835+0700] {logging_mixin.py:190} INFO - [2026-09-18T13:20:10.835+0700] {dagbag.py:588} INFO - Filling up the DagBag from /Users/andreasanditya/Downloads/572392_Andreas_AirflowETL/code/.venv/lib/python3.9/site-packages/airflow/example_dags/tutorial_objectstorage.py
[2026-09-18T13:20:10.879+0700] {processor.py:925} INFO - DAG(s) 'tutorial_objectstorage' retrieved from /Users/andreasanditya/Downloads/572392_Andreas_AirflowETL/code/.venv/lib/python3.9/site-packages/airflow/example_dags/tutorial_objectstorage.py
[2026-09-18T13:20:10.936+0700] {logging_mixin.py:190} INFO - [2026-09-18T13:20:10.936+0700] {dag.py:3239} INFO - Sync 1 DAGs
[2026-09-18T13:20:10.942+0700] {logging_mixin.py:190} INFO - [2026-09-18T13:20:10.942+0700] {dag.py:4180} INFO - Setting next_dagrun for tutorial_objectstorage to None, run_after=None
[2026-09-18T13:20:10.952+0700] {processor.py:208} INFO - Processing /Users/andreasanditya/Downloads/572392_Andreas_AirflowETL/code/.venv/lib/python3.9/site-packages/airflow/example_dags/tutorial_objectstorage.py took 0.121 seconds
[2026-09-18T13:21:35.084+0700] {processor.py:186} INFO - Started process (PID=90499) to work on /Users/andreasanditya/Downloads/572392_Andreas_AirflowETL/code/.venv/lib/python3.9/site-packages/airflow/example_dags/tutorial_objectstorage.py
[2026-09-18T13:21:35.085+0700] {processor.py:914} INFO - Processing file /Users/andreasanditya/Downloads/572392_Andreas_AirflowETL/code/.venv/lib/python3.9/site-packages/airflow/example_dags/tutorial_objectstorage.py for tasks to queue
[2026-09-18T13:21:35.086+0700] {logging_mixin.py:190} INFO - [2026-09-18T13:21:35.086+0700] {dagbag.py:588} INFO - Filling up the DagBag from /Users/andreasanditya/Downloads/572392_Andreas_AirflowETL/code/.venv/lib/python3.9/site-packages/airflow/example_dags/tutorial_objectstorage.py
[2026-09-18T13:21:35.130+0700] {processor.py:925} INFO - DAG(s) 'tutorial_objectstorage' retrieved from /Users/andreasanditya/Downloads/572392_Andreas_AirflowETL/code/.venv/lib/python3.9/site-packages/airflow/example_dags/tutorial_objectstorage.py
[2026-09-18T13:21:35.188+0700] {logging_mixin.py:190} INFO - [2026-09-18T13:21:35.188+0700] {dag.py:3239} INFO - Sync 1 DAGs
[2026-09-18T13:21:35.194+0700] {logging_mixin.py:190} INFO - [2026-09-18T13:21:35.194+0700] {dag.py:4180} INFO - Setting next_dagrun for tutorial_objectstorage to None, run_after=None
[2026-09-18T13:21:35.204+0700] {processor.py:208} INFO - Processing /Users/andreasanditya/Downloads/572392_Andreas_AirflowETL/code/.venv/lib/python3.9/site-packages/airflow/example_dags/tutorial_objectstorage.py took 0.122 seconds
[2026-09-18T13:22:58.846+0700] {processor.py:186} INFO - Started process (PID=91331) to work on /Users/andreasanditya/Downloads/572392_Andreas_AirflowETL/code/.venv/lib/python3.9/site-packages/airflow/example_dags/tutorial_objectstorage.py
[2026-09-18T13:22:58.848+0700] {processor.py:914} INFO - Processing file /Users/andreasanditya/Downloads/572392_Andreas_AirflowETL/code/.venv/lib/python3.9/site-packages/airflow/example_dags/tutorial_objectstorage.py for tasks to queue
[2026-09-18T13:22:58.849+0700] {logging_mixin.py:190} INFO - [2026-09-18T13:22:58.849+0700] {dagbag.py:588} INFO - Filling up the DagBag from /Users/andreasanditya/Downloads/572392_Andreas_AirflowETL/code/.venv/lib/python3.9/site-packages/airflow/example_dags/tutorial_objectstorage.py
[2026-09-18T13:22:58.894+0700] {processor.py:925} INFO - DAG(s) 'tutorial_objectstorage' retrieved from /Users/andreasanditya/Downloads/572392_Andreas_AirflowETL/code/.venv/lib/python3.9/site-packages/airflow/example_dags/tutorial_objectstorage.py
[2026-09-18T13:22:58.951+0700] {logging_mixin.py:190} INFO - [2026-09-18T13:22:58.951+0700] {dag.py:3239} INFO - Sync 1 DAGs
[2026-09-18T13:22:58.957+0700] {logging_mixin.py:190} INFO - [2026-09-18T13:22:58.957+0700] {dag.py:4180} INFO - Setting next_dagrun for tutorial_objectstorage to None, run_after=None
[2026-09-18T13:22:58.967+0700] {processor.py:208} INFO - Processing /Users/andreasanditya/Downloads/572392_Andreas_AirflowETL/code/.venv/lib/python3.9/site-packages/airflow/example_dags/tutorial_objectstorage.py took 0.123 seconds
[2026-09-18T13:24:22.636+0700] {processor.py:186} INFO - Started process (PID=92276) to work on /Users/andreasanditya/Downloads/572392_Andreas_AirflowETL/code/.venv/lib/python3.9/site-packages/airflow/example_dags/tutorial_objectstorage.py
[2026-09-18T13:24:22.637+0700] {processor.py:914} INFO - Processing file /Users/andreasanditya/Downloads/572392_Andreas_AirflowETL/code/.venv/lib/python3.9/site-packages/airflow/example_dags/tutorial_objectstorage.py for tasks to queue
[2026-09-18T13:24:22.638+0700] {logging_mixin.py:190} INFO - [2026-09-18T13:24:22.637+0700] {dagbag.py:588} INFO - Filling up the DagBag from /Users/andreasanditya/Downloads/572392_Andreas_AirflowETL/code/.venv/lib/python3.9/site-packages/airflow/example_dags/tutorial_objectstorage.py
[2026-09-18T13:24:22.683+0700] {processor.py:925} INFO - DAG(s) 'tutorial_objectstorage' retrieved from /Users/andreasanditya/Downloads/572392_Andreas_AirflowETL/code/.venv/lib/python3.9/site-packages/airflow/example_dags/tutorial_objectstorage.py
[2026-09-18T13:24:22.741+0700] {logging_mixin.py:190} INFO - [2026-09-18T13:24:22.741+0700] {dag.py:3239} INFO - Sync 1 DAGs
[2026-09-18T13:24:22.747+0700] {logging_mixin.py:190} INFO - [2026-09-18T13:24:22.747+0700] {dag.py:4180} INFO - Setting next_dagrun for tutorial_objectstorage to None, run_after=None
[2026-09-18T13:24:22.757+0700] {processor.py:208} INFO - Processing /Users/andreasanditya/Downloads/572392_Andreas_AirflowETL/code/.venv/lib/python3.9/site-packages/airflow/example_dags/tutorial_objectstorage.py took 0.123 seconds
[2026-09-18T13:25:49.284+0700] {processor.py:186} INFO - Started process (PID=93205) to work on /Users/andreasanditya/Downloads/572392_Andreas_AirflowETL/code/.venv/lib/python3.9/site-packages/airflow/example_dags/tutorial_objectstorage.py
[2026-09-18T13:25:49.285+0700] {processor.py:914} INFO - Processing file /Users/andreasanditya/Downloads/572392_Andreas_AirflowETL/code/.venv/lib/python3.9/site-packages/airflow/example_dags/tutorial_objectstorage.py for tasks to queue
[2026-09-18T13:25:49.286+0700] {logging_mixin.py:190} INFO - [2026-09-18T13:25:49.285+0700] {dagbag.py:588} INFO - Filling up the DagBag from /Users/andreasanditya/Downloads/572392_Andreas_AirflowETL/code/.venv/lib/python3.9/site-packages/airflow/example_dags/tutorial_objectstorage.py
[2026-09-18T13:25:49.342+0700] {processor.py:925} INFO - DAG(s) 'tutorial_objectstorage' retrieved from /Users/andreasanditya/Downloads/572392_Andreas_AirflowETL/code/.venv/lib/python3.9/site-packages/airflow/example_dags/tutorial_objectstorage.py
[2026-09-18T13:25:49.405+0700] {logging_mixin.py:190} INFO - [2026-09-18T13:25:49.404+0700] {dag.py:3239} INFO - Sync 1 DAGs
[2026-09-18T13:25:49.412+0700] {logging_mixin.py:190} INFO - [2026-09-18T13:25:49.412+0700] {dag.py:4180} INFO - Setting next_dagrun for tutorial_objectstorage to None, run_after=None
[2026-09-18T13:25:49.424+0700] {processor.py:208} INFO - Processing /Users/andreasanditya/Downloads/572392_Andreas_AirflowETL/code/.venv/lib/python3.9/site-packages/airflow/example_dags/tutorial_objectstorage.py took 0.142 seconds
[2026-09-18T13:27:18.006+0700] {processor.py:186} INFO - Started process (PID=94258) to work on /Users/andreasanditya/Downloads/572392_Andreas_AirflowETL/code/.venv/lib/python3.9/site-packages/airflow/example_dags/tutorial_objectstorage.py
[2026-09-18T13:27:18.007+0700] {processor.py:914} INFO - Processing file /Users/andreasanditya/Downloads/572392_Andreas_AirflowETL/code/.venv/lib/python3.9/site-packages/airflow/example_dags/tutorial_objectstorage.py for tasks to queue
[2026-09-18T13:27:18.008+0700] {logging_mixin.py:190} INFO - [2026-09-18T13:27:18.008+0700] {dagbag.py:588} INFO - Filling up the DagBag from /Users/andreasanditya/Downloads/572392_Andreas_AirflowETL/code/.venv/lib/python3.9/site-packages/airflow/example_dags/tutorial_objectstorage.py
[2026-09-18T13:27:18.058+0700] {processor.py:925} INFO - DAG(s) 'tutorial_objectstorage' retrieved from /Users/andreasanditya/Downloads/572392_Andreas_AirflowETL/code/.venv/lib/python3.9/site-packages/airflow/example_dags/tutorial_objectstorage.py
[2026-09-18T13:27:18.118+0700] {logging_mixin.py:190} INFO - [2026-09-18T13:27:18.118+0700] {dag.py:3239} INFO - Sync 1 DAGs
[2026-09-18T13:27:18.125+0700] {logging_mixin.py:190} INFO - [2026-09-18T13:27:18.124+0700] {dag.py:4180} INFO - Setting next_dagrun for tutorial_objectstorage to None, run_after=None
[2026-09-18T13:27:18.137+0700] {processor.py:208} INFO - Processing /Users/andreasanditya/Downloads/572392_Andreas_AirflowETL/code/.venv/lib/python3.9/site-packages/airflow/example_dags/tutorial_objectstorage.py took 0.133 seconds
[2026-09-18T13:28:47.134+0700] {processor.py:186} INFO - Started process (PID=95191) to work on /Users/andreasanditya/Downloads/572392_Andreas_AirflowETL/code/.venv/lib/python3.9/site-packages/airflow/example_dags/tutorial_objectstorage.py
[2026-09-18T13:28:47.136+0700] {processor.py:914} INFO - Processing file /Users/andreasanditya/Downloads/572392_Andreas_AirflowETL/code/.venv/lib/python3.9/site-packages/airflow/example_dags/tutorial_objectstorage.py for tasks to queue
[2026-09-18T13:28:47.137+0700] {logging_mixin.py:190} INFO - [2026-09-18T13:28:47.137+0700] {dagbag.py:588} INFO - Filling up the DagBag from /Users/andreasanditya/Downloads/572392_Andreas_AirflowETL/code/.venv/lib/python3.9/site-packages/airflow/example_dags/tutorial_objectstorage.py
[2026-09-18T13:28:47.188+0700] {processor.py:925} INFO - DAG(s) 'tutorial_objectstorage' retrieved from /Users/andreasanditya/Downloads/572392_Andreas_AirflowETL/code/.venv/lib/python3.9/site-packages/airflow/example_dags/tutorial_objectstorage.py
[2026-09-18T13:28:47.256+0700] {logging_mixin.py:190} INFO - [2026-09-18T13:28:47.256+0700] {dag.py:3239} INFO - Sync 1 DAGs
[2026-09-18T13:28:47.262+0700] {logging_mixin.py:190} INFO - [2026-09-18T13:28:47.262+0700] {dag.py:4180} INFO - Setting next_dagrun for tutorial_objectstorage to None, run_after=None
[2026-09-18T13:28:47.273+0700] {processor.py:208} INFO - Processing /Users/andreasanditya/Downloads/572392_Andreas_AirflowETL/code/.venv/lib/python3.9/site-packages/airflow/example_dags/tutorial_objectstorage.py took 0.141 seconds
[2026-09-18T13:30:17.843+0700] {processor.py:186} INFO - Started process (PID=96294) to work on /Users/andreasanditya/Downloads/572392_Andreas_AirflowETL/code/.venv/lib/python3.9/site-packages/airflow/example_dags/tutorial_objectstorage.py
[2026-09-18T13:30:17.845+0700] {processor.py:914} INFO - Processing file /Users/andreasanditya/Downloads/572392_Andreas_AirflowETL/code/.venv/lib/python3.9/site-packages/airflow/example_dags/tutorial_objectstorage.py for tasks to queue
[2026-09-18T13:30:17.846+0700] {logging_mixin.py:190} INFO - [2026-09-18T13:30:17.846+0700] {dagbag.py:588} INFO - Filling up the DagBag from /Users/andreasanditya/Downloads/572392_Andreas_AirflowETL/code/.venv/lib/python3.9/site-packages/airflow/example_dags/tutorial_objectstorage.py
[2026-09-18T13:30:17.896+0700] {processor.py:925} INFO - DAG(s) 'tutorial_objectstorage' retrieved from /Users/andreasanditya/Downloads/572392_Andreas_AirflowETL/code/.venv/lib/python3.9/site-packages/airflow/example_dags/tutorial_objectstorage.py
[2026-09-18T13:30:17.954+0700] {logging_mixin.py:190} INFO - [2026-09-18T13:30:17.954+0700] {dag.py:3239} INFO - Sync 1 DAGs
[2026-09-18T13:30:17.960+0700] {logging_mixin.py:190} INFO - [2026-09-18T13:30:17.960+0700] {dag.py:4180} INFO - Setting next_dagrun for tutorial_objectstorage to None, run_after=None
[2026-09-18T13:30:17.970+0700] {processor.py:208} INFO - Processing /Users/andreasanditya/Downloads/572392_Andreas_AirflowETL/code/.venv/lib/python3.9/site-packages/airflow/example_dags/tutorial_objectstorage.py took 0.129 seconds
[2026-09-18T13:31:47.566+0700] {processor.py:186} INFO - Started process (PID=97157) to work on /Users/andreasanditya/Downloads/572392_Andreas_AirflowETL/code/.venv/lib/python3.9/site-packages/airflow/example_dags/tutorial_objectstorage.py
[2026-09-18T13:31:47.567+0700] {processor.py:914} INFO - Processing file /Users/andreasanditya/Downloads/572392_Andreas_AirflowETL/code/.venv/lib/python3.9/site-packages/airflow/example_dags/tutorial_objectstorage.py for tasks to queue
[2026-09-18T13:31:47.568+0700] {logging_mixin.py:190} INFO - [2026-09-18T13:31:47.568+0700] {dagbag.py:588} INFO - Filling up the DagBag from /Users/andreasanditya/Downloads/572392_Andreas_AirflowETL/code/.venv/lib/python3.9/site-packages/airflow/example_dags/tutorial_objectstorage.py
[2026-09-18T13:31:47.625+0700] {processor.py:925} INFO - DAG(s) 'tutorial_objectstorage' retrieved from /Users/andreasanditya/Downloads/572392_Andreas_AirflowETL/code/.venv/lib/python3.9/site-packages/airflow/example_dags/tutorial_objectstorage.py
[2026-09-18T13:31:47.686+0700] {logging_mixin.py:190} INFO - [2026-09-18T13:31:47.686+0700] {dag.py:3239} INFO - Sync 1 DAGs
[2026-09-18T13:31:47.692+0700] {logging_mixin.py:190} INFO - [2026-09-18T13:31:47.692+0700] {dag.py:4180} INFO - Setting next_dagrun for tutorial_objectstorage to None, run_after=None
[2026-09-18T13:31:47.704+0700] {processor.py:208} INFO - Processing /Users/andreasanditya/Downloads/572392_Andreas_AirflowETL/code/.venv/lib/python3.9/site-packages/airflow/example_dags/tutorial_objectstorage.py took 0.142 seconds
[2026-09-18T13:33:15.153+0700] {processor.py:186} INFO - Started process (PID=98127) to work on /Users/andreasanditya/Downloads/572392_Andreas_AirflowETL/code/.venv/lib/python3.9/site-packages/airflow/example_dags/tutorial_objectstorage.py
[2026-09-18T13:33:15.154+0700] {processor.py:914} INFO - Processing file /Users/andreasanditya/Downloads/572392_Andreas_AirflowETL/code/.venv/lib/python3.9/site-packages/airflow/example_dags/tutorial_objectstorage.py for tasks to queue
[2026-09-18T13:33:15.154+0700] {logging_mixin.py:190} INFO - [2026-09-18T13:33:15.154+0700] {dagbag.py:588} INFO - Filling up the DagBag from /Users/andreasanditya/Downloads/572392_Andreas_AirflowETL/code/.venv/lib/python3.9/site-packages/airflow/example_dags/tutorial_objectstorage.py
[2026-09-18T13:33:15.199+0700] {processor.py:925} INFO - DAG(s) 'tutorial_objectstorage' retrieved from /Users/andreasanditya/Downloads/572392_Andreas_AirflowETL/code/.venv/lib/python3.9/site-packages/airflow/example_dags/tutorial_objectstorage.py
[2026-09-18T13:33:15.256+0700] {logging_mixin.py:190} INFO - [2026-09-18T13:33:15.256+0700] {dag.py:3239} INFO - Sync 1 DAGs
[2026-09-18T13:33:15.262+0700] {logging_mixin.py:190} INFO - [2026-09-18T13:33:15.262+0700] {dag.py:4180} INFO - Setting next_dagrun for tutorial_objectstorage to None, run_after=None
[2026-09-18T13:33:15.273+0700] {processor.py:208} INFO - Processing /Users/andreasanditya/Downloads/572392_Andreas_AirflowETL/code/.venv/lib/python3.9/site-packages/airflow/example_dags/tutorial_objectstorage.py took 0.122 seconds
[2026-09-18T13:34:41.270+0700] {processor.py:186} INFO - Started process (PID=99037) to work on /Users/andreasanditya/Downloads/572392_Andreas_AirflowETL/code/.venv/lib/python3.9/site-packages/airflow/example_dags/tutorial_objectstorage.py
[2026-09-18T13:34:41.272+0700] {processor.py:914} INFO - Processing file /Users/andreasanditya/Downloads/572392_Andreas_AirflowETL/code/.venv/lib/python3.9/site-packages/airflow/example_dags/tutorial_objectstorage.py for tasks to queue
[2026-09-18T13:34:41.272+0700] {logging_mixin.py:190} INFO - [2026-09-18T13:34:41.272+0700] {dagbag.py:588} INFO - Filling up the DagBag from /Users/andreasanditya/Downloads/572392_Andreas_AirflowETL/code/.venv/lib/python3.9/site-packages/airflow/example_dags/tutorial_objectstorage.py
[2026-09-18T13:34:41.317+0700] {processor.py:925} INFO - DAG(s) 'tutorial_objectstorage' retrieved from /Users/andreasanditya/Downloads/572392_Andreas_AirflowETL/code/.venv/lib/python3.9/site-packages/airflow/example_dags/tutorial_objectstorage.py
[2026-09-18T13:34:41.374+0700] {logging_mixin.py:190} INFO - [2026-09-18T13:34:41.374+0700] {dag.py:3239} INFO - Sync 1 DAGs
[2026-09-18T13:34:41.381+0700] {logging_mixin.py:190} INFO - [2026-09-18T13:34:41.380+0700] {dag.py:4180} INFO - Setting next_dagrun for tutorial_objectstorage to None, run_after=None
[2026-09-18T13:34:41.390+0700] {processor.py:208} INFO - Processing /Users/andreasanditya/Downloads/572392_Andreas_AirflowETL/code/.venv/lib/python3.9/site-packages/airflow/example_dags/tutorial_objectstorage.py took 0.122 seconds
[2026-09-18T13:36:10.351+0700] {processor.py:186} INFO - Started process (PID=99894) to work on /Users/andreasanditya/Downloads/572392_Andreas_AirflowETL/code/.venv/lib/python3.9/site-packages/airflow/example_dags/tutorial_objectstorage.py
[2026-09-18T13:36:10.353+0700] {processor.py:914} INFO - Processing file /Users/andreasanditya/Downloads/572392_Andreas_AirflowETL/code/.venv/lib/python3.9/site-packages/airflow/example_dags/tutorial_objectstorage.py for tasks to queue
[2026-09-18T13:36:10.353+0700] {logging_mixin.py:190} INFO - [2026-09-18T13:36:10.353+0700] {dagbag.py:588} INFO - Filling up the DagBag from /Users/andreasanditya/Downloads/572392_Andreas_AirflowETL/code/.venv/lib/python3.9/site-packages/airflow/example_dags/tutorial_objectstorage.py
[2026-09-18T13:36:10.399+0700] {processor.py:925} INFO - DAG(s) 'tutorial_objectstorage' retrieved from /Users/andreasanditya/Downloads/572392_Andreas_AirflowETL/code/.venv/lib/python3.9/site-packages/airflow/example_dags/tutorial_objectstorage.py
[2026-09-18T13:36:10.457+0700] {logging_mixin.py:190} INFO - [2026-09-18T13:36:10.456+0700] {dag.py:3239} INFO - Sync 1 DAGs
[2026-09-18T13:36:10.462+0700] {logging_mixin.py:190} INFO - [2026-09-18T13:36:10.462+0700] {dag.py:4180} INFO - Setting next_dagrun for tutorial_objectstorage to None, run_after=None
[2026-09-18T13:36:10.472+0700] {processor.py:208} INFO - Processing /Users/andreasanditya/Downloads/572392_Andreas_AirflowETL/code/.venv/lib/python3.9/site-packages/airflow/example_dags/tutorial_objectstorage.py took 0.123 seconds
[2026-09-18T13:37:36.860+0700] {processor.py:186} INFO - Started process (PID=1075) to work on /Users/andreasanditya/Downloads/572392_Andreas_AirflowETL/code/.venv/lib/python3.9/site-packages/airflow/example_dags/tutorial_objectstorage.py
[2026-09-18T13:37:36.861+0700] {processor.py:914} INFO - Processing file /Users/andreasanditya/Downloads/572392_Andreas_AirflowETL/code/.venv/lib/python3.9/site-packages/airflow/example_dags/tutorial_objectstorage.py for tasks to queue
[2026-09-18T13:37:36.862+0700] {logging_mixin.py:190} INFO - [2026-09-18T13:37:36.862+0700] {dagbag.py:588} INFO - Filling up the DagBag from /Users/andreasanditya/Downloads/572392_Andreas_AirflowETL/code/.venv/lib/python3.9/site-packages/airflow/example_dags/tutorial_objectstorage.py
[2026-09-18T13:37:36.911+0700] {processor.py:925} INFO - DAG(s) 'tutorial_objectstorage' retrieved from /Users/andreasanditya/Downloads/572392_Andreas_AirflowETL/code/.venv/lib/python3.9/site-packages/airflow/example_dags/tutorial_objectstorage.py
[2026-09-18T13:37:36.969+0700] {logging_mixin.py:190} INFO - [2026-09-18T13:37:36.969+0700] {dag.py:3239} INFO - Sync 1 DAGs
[2026-09-18T13:37:36.975+0700] {logging_mixin.py:190} INFO - [2026-09-18T13:37:36.975+0700] {dag.py:4180} INFO - Setting next_dagrun for tutorial_objectstorage to None, run_after=None
[2026-09-18T13:37:36.985+0700] {processor.py:208} INFO - Processing /Users/andreasanditya/Downloads/572392_Andreas_AirflowETL/code/.venv/lib/python3.9/site-packages/airflow/example_dags/tutorial_objectstorage.py took 0.127 seconds
[2026-09-18T13:39:04.001+0700] {processor.py:186} INFO - Started process (PID=2112) to work on /Users/andreasanditya/Downloads/572392_Andreas_AirflowETL/code/.venv/lib/python3.9/site-packages/airflow/example_dags/tutorial_objectstorage.py
[2026-09-18T13:39:04.002+0700] {processor.py:914} INFO - Processing file /Users/andreasanditya/Downloads/572392_Andreas_AirflowETL/code/.venv/lib/python3.9/site-packages/airflow/example_dags/tutorial_objectstorage.py for tasks to queue
[2026-09-18T13:39:04.003+0700] {logging_mixin.py:190} INFO - [2026-09-18T13:39:04.003+0700] {dagbag.py:588} INFO - Filling up the DagBag from /Users/andreasanditya/Downloads/572392_Andreas_AirflowETL/code/.venv/lib/python3.9/site-packages/airflow/example_dags/tutorial_objectstorage.py
[2026-09-18T13:39:04.053+0700] {processor.py:925} INFO - DAG(s) 'tutorial_objectstorage' retrieved from /Users/andreasanditya/Downloads/572392_Andreas_AirflowETL/code/.venv/lib/python3.9/site-packages/airflow/example_dags/tutorial_objectstorage.py
[2026-09-18T13:39:04.114+0700] {logging_mixin.py:190} INFO - [2026-09-18T13:39:04.114+0700] {dag.py:3239} INFO - Sync 1 DAGs
[2026-09-18T13:39:04.120+0700] {logging_mixin.py:190} INFO - [2026-09-18T13:39:04.120+0700] {dag.py:4180} INFO - Setting next_dagrun for tutorial_objectstorage to None, run_after=None
[2026-09-18T13:39:04.130+0700] {processor.py:208} INFO - Processing /Users/andreasanditya/Downloads/572392_Andreas_AirflowETL/code/.venv/lib/python3.9/site-packages/airflow/example_dags/tutorial_objectstorage.py took 0.132 seconds
[2026-09-18T13:40:30.595+0700] {processor.py:186} INFO - Started process (PID=3789) to work on /Users/andreasanditya/Downloads/572392_Andreas_AirflowETL/code/.venv/lib/python3.9/site-packages/airflow/example_dags/tutorial_objectstorage.py
[2026-09-18T13:40:30.596+0700] {processor.py:914} INFO - Processing file /Users/andreasanditya/Downloads/572392_Andreas_AirflowETL/code/.venv/lib/python3.9/site-packages/airflow/example_dags/tutorial_objectstorage.py for tasks to queue
[2026-09-18T13:40:30.597+0700] {logging_mixin.py:190} INFO - [2026-09-18T13:40:30.597+0700] {dagbag.py:588} INFO - Filling up the DagBag from /Users/andreasanditya/Downloads/572392_Andreas_AirflowETL/code/.venv/lib/python3.9/site-packages/airflow/example_dags/tutorial_objectstorage.py
[2026-09-18T13:40:30.650+0700] {processor.py:925} INFO - DAG(s) 'tutorial_objectstorage' retrieved from /Users/andreasanditya/Downloads/572392_Andreas_AirflowETL/code/.venv/lib/python3.9/site-packages/airflow/example_dags/tutorial_objectstorage.py
[2026-09-18T13:40:30.711+0700] {logging_mixin.py:190} INFO - [2026-09-18T13:40:30.710+0700] {dag.py:3239} INFO - Sync 1 DAGs
[2026-09-18T13:40:30.717+0700] {logging_mixin.py:190} INFO - [2026-09-18T13:40:30.717+0700] {dag.py:4180} INFO - Setting next_dagrun for tutorial_objectstorage to None, run_after=None
[2026-09-18T13:40:30.728+0700] {processor.py:208} INFO - Processing /Users/andreasanditya/Downloads/572392_Andreas_AirflowETL/code/.venv/lib/python3.9/site-packages/airflow/example_dags/tutorial_objectstorage.py took 0.135 seconds
[2026-09-18T13:41:58.119+0700] {processor.py:186} INFO - Started process (PID=4702) to work on /Users/andreasanditya/Downloads/572392_Andreas_AirflowETL/code/.venv/lib/python3.9/site-packages/airflow/example_dags/tutorial_objectstorage.py
[2026-09-18T13:41:58.120+0700] {processor.py:914} INFO - Processing file /Users/andreasanditya/Downloads/572392_Andreas_AirflowETL/code/.venv/lib/python3.9/site-packages/airflow/example_dags/tutorial_objectstorage.py for tasks to queue
[2026-09-18T13:41:58.120+0700] {logging_mixin.py:190} INFO - [2026-09-18T13:41:58.120+0700] {dagbag.py:588} INFO - Filling up the DagBag from /Users/andreasanditya/Downloads/572392_Andreas_AirflowETL/code/.venv/lib/python3.9/site-packages/airflow/example_dags/tutorial_objectstorage.py
[2026-09-18T13:41:58.168+0700] {processor.py:925} INFO - DAG(s) 'tutorial_objectstorage' retrieved from /Users/andreasanditya/Downloads/572392_Andreas_AirflowETL/code/.venv/lib/python3.9/site-packages/airflow/example_dags/tutorial_objectstorage.py
[2026-09-18T13:41:58.226+0700] {logging_mixin.py:190} INFO - [2026-09-18T13:41:58.226+0700] {dag.py:3239} INFO - Sync 1 DAGs
[2026-09-18T13:41:58.232+0700] {logging_mixin.py:190} INFO - [2026-09-18T13:41:58.232+0700] {dag.py:4180} INFO - Setting next_dagrun for tutorial_objectstorage to None, run_after=None
[2026-09-18T13:41:58.242+0700] {processor.py:208} INFO - Processing /Users/andreasanditya/Downloads/572392_Andreas_AirflowETL/code/.venv/lib/python3.9/site-packages/airflow/example_dags/tutorial_objectstorage.py took 0.125 seconds
[2026-09-18T13:43:26.025+0700] {processor.py:186} INFO - Started process (PID=5548) to work on /Users/andreasanditya/Downloads/572392_Andreas_AirflowETL/code/.venv/lib/python3.9/site-packages/airflow/example_dags/tutorial_objectstorage.py
[2026-09-18T13:43:26.026+0700] {processor.py:914} INFO - Processing file /Users/andreasanditya/Downloads/572392_Andreas_AirflowETL/code/.venv/lib/python3.9/site-packages/airflow/example_dags/tutorial_objectstorage.py for tasks to queue
[2026-09-18T13:43:26.027+0700] {logging_mixin.py:190} INFO - [2026-09-18T13:43:26.027+0700] {dagbag.py:588} INFO - Filling up the DagBag from /Users/andreasanditya/Downloads/572392_Andreas_AirflowETL/code/.venv/lib/python3.9/site-packages/airflow/example_dags/tutorial_objectstorage.py
[2026-09-18T13:43:26.073+0700] {processor.py:925} INFO - DAG(s) 'tutorial_objectstorage' retrieved from /Users/andreasanditya/Downloads/572392_Andreas_AirflowETL/code/.venv/lib/python3.9/site-packages/airflow/example_dags/tutorial_objectstorage.py
[2026-09-18T13:43:26.130+0700] {logging_mixin.py:190} INFO - [2026-09-18T13:43:26.130+0700] {dag.py:3239} INFO - Sync 1 DAGs
[2026-09-18T13:43:26.136+0700] {logging_mixin.py:190} INFO - [2026-09-18T13:43:26.136+0700] {dag.py:4180} INFO - Setting next_dagrun for tutorial_objectstorage to None, run_after=None
[2026-09-18T13:43:26.146+0700] {processor.py:208} INFO - Processing /Users/andreasanditya/Downloads/572392_Andreas_AirflowETL/code/.venv/lib/python3.9/site-packages/airflow/example_dags/tutorial_objectstorage.py took 0.123 seconds
[2026-09-18T13:44:53.466+0700] {processor.py:186} INFO - Started process (PID=6467) to work on /Users/andreasanditya/Downloads/572392_Andreas_AirflowETL/code/.venv/lib/python3.9/site-packages/airflow/example_dags/tutorial_objectstorage.py
[2026-09-18T13:44:53.467+0700] {processor.py:914} INFO - Processing file /Users/andreasanditya/Downloads/572392_Andreas_AirflowETL/code/.venv/lib/python3.9/site-packages/airflow/example_dags/tutorial_objectstorage.py for tasks to queue
[2026-09-18T13:44:53.468+0700] {logging_mixin.py:190} INFO - [2026-09-18T13:44:53.468+0700] {dagbag.py:588} INFO - Filling up the DagBag from /Users/andreasanditya/Downloads/572392_Andreas_AirflowETL/code/.venv/lib/python3.9/site-packages/airflow/example_dags/tutorial_objectstorage.py
[2026-09-18T13:44:53.517+0700] {processor.py:925} INFO - DAG(s) 'tutorial_objectstorage' retrieved from /Users/andreasanditya/Downloads/572392_Andreas_AirflowETL/code/.venv/lib/python3.9/site-packages/airflow/example_dags/tutorial_objectstorage.py
[2026-09-18T13:44:53.580+0700] {logging_mixin.py:190} INFO - [2026-09-18T13:44:53.580+0700] {dag.py:3239} INFO - Sync 1 DAGs
[2026-09-18T13:44:53.586+0700] {logging_mixin.py:190} INFO - [2026-09-18T13:44:53.586+0700] {dag.py:4180} INFO - Setting next_dagrun for tutorial_objectstorage to None, run_after=None
[2026-09-18T13:44:53.596+0700] {processor.py:208} INFO - Processing /Users/andreasanditya/Downloads/572392_Andreas_AirflowETL/code/.venv/lib/python3.9/site-packages/airflow/example_dags/tutorial_objectstorage.py took 0.132 seconds
[2026-09-18T13:46:27.007+0700] {processor.py:186} INFO - Started process (PID=7418) to work on /Users/andreasanditya/Downloads/572392_Andreas_AirflowETL/code/.venv/lib/python3.9/site-packages/airflow/example_dags/tutorial_objectstorage.py
[2026-09-18T13:46:27.010+0700] {processor.py:914} INFO - Processing file /Users/andreasanditya/Downloads/572392_Andreas_AirflowETL/code/.venv/lib/python3.9/site-packages/airflow/example_dags/tutorial_objectstorage.py for tasks to queue
[2026-09-18T13:46:27.011+0700] {logging_mixin.py:190} INFO - [2026-09-18T13:46:27.011+0700] {dagbag.py:588} INFO - Filling up the DagBag from /Users/andreasanditya/Downloads/572392_Andreas_AirflowETL/code/.venv/lib/python3.9/site-packages/airflow/example_dags/tutorial_objectstorage.py
[2026-09-18T13:46:27.057+0700] {processor.py:925} INFO - DAG(s) 'tutorial_objectstorage' retrieved from /Users/andreasanditya/Downloads/572392_Andreas_AirflowETL/code/.venv/lib/python3.9/site-packages/airflow/example_dags/tutorial_objectstorage.py
[2026-09-18T13:46:27.115+0700] {logging_mixin.py:190} INFO - [2026-09-18T13:46:27.115+0700] {dag.py:3239} INFO - Sync 1 DAGs
[2026-09-18T13:46:27.121+0700] {logging_mixin.py:190} INFO - [2026-09-18T13:46:27.121+0700] {dag.py:4180} INFO - Setting next_dagrun for tutorial_objectstorage to None, run_after=None
[2026-09-18T13:46:27.131+0700] {processor.py:208} INFO - Processing /Users/andreasanditya/Downloads/572392_Andreas_AirflowETL/code/.venv/lib/python3.9/site-packages/airflow/example_dags/tutorial_objectstorage.py took 0.126 seconds
[2026-09-18T13:47:53.031+0700] {processor.py:186} INFO - Started process (PID=8339) to work on /Users/andreasanditya/Downloads/572392_Andreas_AirflowETL/code/.venv/lib/python3.9/site-packages/airflow/example_dags/tutorial_objectstorage.py
[2026-09-18T13:47:53.033+0700] {processor.py:914} INFO - Processing file /Users/andreasanditya/Downloads/572392_Andreas_AirflowETL/code/.venv/lib/python3.9/site-packages/airflow/example_dags/tutorial_objectstorage.py for tasks to queue
[2026-09-18T13:47:53.034+0700] {logging_mixin.py:190} INFO - [2026-09-18T13:47:53.033+0700] {dagbag.py:588} INFO - Filling up the DagBag from /Users/andreasanditya/Downloads/572392_Andreas_AirflowETL/code/.venv/lib/python3.9/site-packages/airflow/example_dags/tutorial_objectstorage.py
[2026-09-18T13:47:53.079+0700] {processor.py:925} INFO - DAG(s) 'tutorial_objectstorage' retrieved from /Users/andreasanditya/Downloads/572392_Andreas_AirflowETL/code/.venv/lib/python3.9/site-packages/airflow/example_dags/tutorial_objectstorage.py
[2026-09-18T13:47:53.137+0700] {logging_mixin.py:190} INFO - [2026-09-18T13:47:53.137+0700] {dag.py:3239} INFO - Sync 1 DAGs
[2026-09-18T13:47:53.143+0700] {logging_mixin.py:190} INFO - [2026-09-18T13:47:53.143+0700] {dag.py:4180} INFO - Setting next_dagrun for tutorial_objectstorage to None, run_after=None
[2026-09-18T13:47:53.153+0700] {processor.py:208} INFO - Processing /Users/andreasanditya/Downloads/572392_Andreas_AirflowETL/code/.venv/lib/python3.9/site-packages/airflow/example_dags/tutorial_objectstorage.py took 0.124 seconds
[2026-09-18T13:49:22.366+0700] {processor.py:186} INFO - Started process (PID=9355) to work on /Users/andreasanditya/Downloads/572392_Andreas_AirflowETL/code/.venv/lib/python3.9/site-packages/airflow/example_dags/tutorial_objectstorage.py
[2026-09-18T13:49:22.368+0700] {processor.py:914} INFO - Processing file /Users/andreasanditya/Downloads/572392_Andreas_AirflowETL/code/.venv/lib/python3.9/site-packages/airflow/example_dags/tutorial_objectstorage.py for tasks to queue
[2026-09-18T13:49:22.368+0700] {logging_mixin.py:190} INFO - [2026-09-18T13:49:22.368+0700] {dagbag.py:588} INFO - Filling up the DagBag from /Users/andreasanditya/Downloads/572392_Andreas_AirflowETL/code/.venv/lib/python3.9/site-packages/airflow/example_dags/tutorial_objectstorage.py
[2026-09-18T13:49:22.417+0700] {processor.py:925} INFO - DAG(s) 'tutorial_objectstorage' retrieved from /Users/andreasanditya/Downloads/572392_Andreas_AirflowETL/code/.venv/lib/python3.9/site-packages/airflow/example_dags/tutorial_objectstorage.py
[2026-09-18T13:49:22.477+0700] {logging_mixin.py:190} INFO - [2026-09-18T13:49:22.477+0700] {dag.py:3239} INFO - Sync 1 DAGs
[2026-09-18T13:49:22.483+0700] {logging_mixin.py:190} INFO - [2026-09-18T13:49:22.483+0700] {dag.py:4180} INFO - Setting next_dagrun for tutorial_objectstorage to None, run_after=None
[2026-09-18T13:49:22.494+0700] {processor.py:208} INFO - Processing /Users/andreasanditya/Downloads/572392_Andreas_AirflowETL/code/.venv/lib/python3.9/site-packages/airflow/example_dags/tutorial_objectstorage.py took 0.130 seconds
[2026-09-18T13:50:50.886+0700] {processor.py:186} INFO - Started process (PID=10500) to work on /Users/andreasanditya/Downloads/572392_Andreas_AirflowETL/code/.venv/lib/python3.9/site-packages/airflow/example_dags/tutorial_objectstorage.py
[2026-09-18T13:50:50.887+0700] {processor.py:914} INFO - Processing file /Users/andreasanditya/Downloads/572392_Andreas_AirflowETL/code/.venv/lib/python3.9/site-packages/airflow/example_dags/tutorial_objectstorage.py for tasks to queue
[2026-09-18T13:50:50.888+0700] {logging_mixin.py:190} INFO - [2026-09-18T13:50:50.888+0700] {dagbag.py:588} INFO - Filling up the DagBag from /Users/andreasanditya/Downloads/572392_Andreas_AirflowETL/code/.venv/lib/python3.9/site-packages/airflow/example_dags/tutorial_objectstorage.py
[2026-09-18T13:50:50.938+0700] {processor.py:925} INFO - DAG(s) 'tutorial_objectstorage' retrieved from /Users/andreasanditya/Downloads/572392_Andreas_AirflowETL/code/.venv/lib/python3.9/site-packages/airflow/example_dags/tutorial_objectstorage.py
[2026-09-18T13:50:51.001+0700] {logging_mixin.py:190} INFO - [2026-09-18T13:50:51.001+0700] {dag.py:3239} INFO - Sync 1 DAGs
[2026-09-18T13:50:51.008+0700] {logging_mixin.py:190} INFO - [2026-09-18T13:50:51.007+0700] {dag.py:4180} INFO - Setting next_dagrun for tutorial_objectstorage to None, run_after=None
[2026-09-18T13:50:51.019+0700] {processor.py:208} INFO - Processing /Users/andreasanditya/Downloads/572392_Andreas_AirflowETL/code/.venv/lib/python3.9/site-packages/airflow/example_dags/tutorial_objectstorage.py took 0.135 seconds
[2026-09-18T13:52:19.708+0700] {processor.py:186} INFO - Started process (PID=11614) to work on /Users/andreasanditya/Downloads/572392_Andreas_AirflowETL/code/.venv/lib/python3.9/site-packages/airflow/example_dags/tutorial_objectstorage.py
[2026-09-18T13:52:19.709+0700] {processor.py:914} INFO - Processing file /Users/andreasanditya/Downloads/572392_Andreas_AirflowETL/code/.venv/lib/python3.9/site-packages/airflow/example_dags/tutorial_objectstorage.py for tasks to queue
[2026-09-18T13:52:19.710+0700] {logging_mixin.py:190} INFO - [2026-09-18T13:52:19.710+0700] {dagbag.py:588} INFO - Filling up the DagBag from /Users/andreasanditya/Downloads/572392_Andreas_AirflowETL/code/.venv/lib/python3.9/site-packages/airflow/example_dags/tutorial_objectstorage.py
[2026-09-18T13:52:19.796+0700] {processor.py:925} INFO - DAG(s) 'tutorial_objectstorage' retrieved from /Users/andreasanditya/Downloads/572392_Andreas_AirflowETL/code/.venv/lib/python3.9/site-packages/airflow/example_dags/tutorial_objectstorage.py
[2026-09-18T13:52:19.861+0700] {logging_mixin.py:190} INFO - [2026-09-18T13:52:19.861+0700] {dag.py:3239} INFO - Sync 1 DAGs
[2026-09-18T13:52:19.867+0700] {logging_mixin.py:190} INFO - [2026-09-18T13:52:19.867+0700] {dag.py:4180} INFO - Setting next_dagrun for tutorial_objectstorage to None, run_after=None
[2026-09-18T13:52:19.878+0700] {processor.py:208} INFO - Processing /Users/andreasanditya/Downloads/572392_Andreas_AirflowETL/code/.venv/lib/python3.9/site-packages/airflow/example_dags/tutorial_objectstorage.py took 0.172 seconds
[2026-09-18T13:53:44.373+0700] {processor.py:186} INFO - Started process (PID=12462) to work on /Users/andreasanditya/Downloads/572392_Andreas_AirflowETL/code/.venv/lib/python3.9/site-packages/airflow/example_dags/tutorial_objectstorage.py
[2026-09-18T13:53:44.375+0700] {processor.py:914} INFO - Processing file /Users/andreasanditya/Downloads/572392_Andreas_AirflowETL/code/.venv/lib/python3.9/site-packages/airflow/example_dags/tutorial_objectstorage.py for tasks to queue
[2026-09-18T13:53:44.376+0700] {logging_mixin.py:190} INFO - [2026-09-18T13:53:44.376+0700] {dagbag.py:588} INFO - Filling up the DagBag from /Users/andreasanditya/Downloads/572392_Andreas_AirflowETL/code/.venv/lib/python3.9/site-packages/airflow/example_dags/tutorial_objectstorage.py
[2026-09-18T13:53:44.421+0700] {processor.py:925} INFO - DAG(s) 'tutorial_objectstorage' retrieved from /Users/andreasanditya/Downloads/572392_Andreas_AirflowETL/code/.venv/lib/python3.9/site-packages/airflow/example_dags/tutorial_objectstorage.py
[2026-09-18T13:53:44.481+0700] {logging_mixin.py:190} INFO - [2026-09-18T13:53:44.480+0700] {dag.py:3239} INFO - Sync 1 DAGs
[2026-09-18T13:53:44.487+0700] {logging_mixin.py:190} INFO - [2026-09-18T13:53:44.487+0700] {dag.py:4180} INFO - Setting next_dagrun for tutorial_objectstorage to None, run_after=None
[2026-09-18T13:53:44.498+0700] {processor.py:208} INFO - Processing /Users/andreasanditya/Downloads/572392_Andreas_AirflowETL/code/.venv/lib/python3.9/site-packages/airflow/example_dags/tutorial_objectstorage.py took 0.126 seconds
