[2026-09-18T11:16:31.999+0700] {processor.py:186} INFO - Started process (PID=10124) to work on /Users/andreasanditya/Downloads/572392_Andreas_AirflowETL/code/.venv/lib/python3.9/site-packages/airflow/example_dags/subdags/subdag.py
[2026-09-18T11:16:32.000+0700] {processor.py:914} INFO - Processing file /Users/andreasanditya/Downloads/572392_Andreas_AirflowETL/code/.venv/lib/python3.9/site-packages/airflow/example_dags/subdags/subdag.py for tasks to queue
[2026-09-18T11:16:32.001+0700] {logging_mixin.py:190} INFO - [2026-09-18T11:16:32.001+0700] {dagbag.py:588} INFO - Filling up the DagBag from /Users/andreasanditya/Downloads/572392_Andreas_AirflowETL/code/.venv/lib/python3.9/site-packages/airflow/example_dags/subdags/subdag.py
[2026-09-18T11:16:32.002+0700] {processor.py:927} WARNING - No viable dags retrieved from /Users/andreasanditya/Downloads/572392_Andreas_AirflowETL/code/.venv/lib/python3.9/site-packages/airflow/example_dags/subdags/subdag.py
[2026-09-18T11:16:32.085+0700] {processor.py:208} INFO - Processing /Users/andreasanditya/Downloads/572392_Andreas_AirflowETL/code/.venv/lib/python3.9/site-packages/airflow/example_dags/subdags/subdag.py took 0.088 seconds
[2026-09-18T11:18:42.322+0700] {processor.py:186} INFO - Started process (PID=11445) to work on /Users/andreasanditya/Downloads/572392_Andreas_AirflowETL/code/.venv/lib/python3.9/site-packages/airflow/example_dags/subdags/subdag.py
[2026-09-18T11:18:42.323+0700] {processor.py:914} INFO - Processing file /Users/andreasanditya/Downloads/572392_Andreas_AirflowETL/code/.venv/lib/python3.9/site-packages/airflow/example_dags/subdags/subdag.py for tasks to queue
[2026-09-18T11:18:42.323+0700] {logging_mixin.py:190} INFO - [2026-09-18T11:18:42.323+0700] {dagbag.py:588} INFO - Filling up the DagBag from /Users/andreasanditya/Downloads/572392_Andreas_AirflowETL/code/.venv/lib/python3.9/site-packages/airflow/example_dags/subdags/subdag.py
[2026-09-18T11:18:42.324+0700] {processor.py:927} WARNING - No viable dags retrieved from /Users/andreasanditya/Downloads/572392_Andreas_AirflowETL/code/.venv/lib/python3.9/site-packages/airflow/example_dags/subdags/subdag.py
[2026-09-18T11:18:42.410+0700] {processor.py:208} INFO - Processing /Users/andreasanditya/Downloads/572392_Andreas_AirflowETL/code/.venv/lib/python3.9/site-packages/airflow/example_dags/subdags/subdag.py took 0.090 seconds
[2026-09-18T11:20:22.810+0700] {processor.py:186} INFO - Started process (PID=12527) to work on /Users/andreasanditya/Downloads/572392_Andreas_AirflowETL/code/.venv/lib/python3.9/site-packages/airflow/example_dags/subdags/subdag.py
[2026-09-18T11:20:22.811+0700] {processor.py:914} INFO - Processing file /Users/andreasanditya/Downloads/572392_Andreas_AirflowETL/code/.venv/lib/python3.9/site-packages/airflow/example_dags/subdags/subdag.py for tasks to queue
[2026-09-18T11:20:22.812+0700] {logging_mixin.py:190} INFO - [2026-09-18T11:20:22.812+0700] {dagbag.py:588} INFO - Filling up the DagBag from /Users/andreasanditya/Downloads/572392_Andreas_AirflowETL/code/.venv/lib/python3.9/site-packages/airflow/example_dags/subdags/subdag.py
[2026-09-18T11:20:22.813+0700] {processor.py:927} WARNING - No viable dags retrieved from /Users/andreasanditya/Downloads/572392_Andreas_AirflowETL/code/.venv/lib/python3.9/site-packages/airflow/example_dags/subdags/subdag.py
[2026-09-18T11:20:22.907+0700] {processor.py:208} INFO - Processing /Users/andreasanditya/Downloads/572392_Andreas_AirflowETL/code/.venv/lib/python3.9/site-packages/airflow/example_dags/subdags/subdag.py took 0.099 seconds
[2026-09-18T11:21:51.353+0700] {processor.py:186} INFO - Started process (PID=13484) to work on /Users/andreasanditya/Downloads/572392_Andreas_AirflowETL/code/.venv/lib/python3.9/site-packages/airflow/example_dags/subdags/subdag.py
[2026-09-18T11:21:51.354+0700] {processor.py:914} INFO - Processing file /Users/andreasanditya/Downloads/572392_Andreas_AirflowETL/code/.venv/lib/python3.9/site-packages/airflow/example_dags/subdags/subdag.py for tasks to queue
[2026-09-18T11:21:51.355+0700] {logging_mixin.py:190} INFO - [2026-09-18T11:21:51.355+0700] {dagbag.py:588} INFO - Filling up the DagBag from /Users/andreasanditya/Downloads/572392_Andreas_AirflowETL/code/.venv/lib/python3.9/site-packages/airflow/example_dags/subdags/subdag.py
[2026-09-18T11:21:51.356+0700] {processor.py:927} WARNING - No viable dags retrieved from /Users/andreasanditya/Downloads/572392_Andreas_AirflowETL/code/.venv/lib/python3.9/site-packages/airflow/example_dags/subdags/subdag.py
[2026-09-18T11:21:51.444+0700] {processor.py:208} INFO - Processing /Users/andreasanditya/Downloads/572392_Andreas_AirflowETL/code/.venv/lib/python3.9/site-packages/airflow/example_dags/subdags/subdag.py took 0.093 seconds
[2026-09-18T11:22:21.606+0700] {processor.py:186} INFO - Started process (PID=13821) to work on /Users/andreasanditya/Downloads/572392_Andreas_AirflowETL/code/.venv/lib/python3.9/site-packages/airflow/example_dags/subdags/subdag.py
[2026-09-18T11:22:21.607+0700] {processor.py:914} INFO - Processing file /Users/andreasanditya/Downloads/572392_Andreas_AirflowETL/code/.venv/lib/python3.9/site-packages/airflow/example_dags/subdags/subdag.py for tasks to queue
[2026-09-18T11:22:21.607+0700] {logging_mixin.py:190} INFO - [2026-09-18T11:22:21.607+0700] {dagbag.py:588} INFO - Filling up the DagBag from /Users/andreasanditya/Downloads/572392_Andreas_AirflowETL/code/.venv/lib/python3.9/site-packages/airflow/example_dags/subdags/subdag.py
[2026-09-18T11:22:21.609+0700] {processor.py:927} WARNING - No viable dags retrieved from /Users/andreasanditya/Downloads/572392_Andreas_AirflowETL/code/.venv/lib/python3.9/site-packages/airflow/example_dags/subdags/subdag.py
[2026-09-18T11:22:21.694+0700] {processor.py:208} INFO - Processing /Users/andreasanditya/Downloads/572392_Andreas_AirflowETL/code/.venv/lib/python3.9/site-packages/airflow/example_dags/subdags/subdag.py took 0.090 seconds
[2026-09-18T11:23:47.545+0700] {processor.py:186} INFO - Started process (PID=14900) to work on /Users/andreasanditya/Downloads/572392_Andreas_AirflowETL/code/.venv/lib/python3.9/site-packages/airflow/example_dags/subdags/subdag.py
[2026-09-18T11:23:47.546+0700] {processor.py:914} INFO - Processing file /Users/andreasanditya/Downloads/572392_Andreas_AirflowETL/code/.venv/lib/python3.9/site-packages/airflow/example_dags/subdags/subdag.py for tasks to queue
[2026-09-18T11:23:47.547+0700] {logging_mixin.py:190} INFO - [2026-09-18T11:23:47.547+0700] {dagbag.py:588} INFO - Filling up the DagBag from /Users/andreasanditya/Downloads/572392_Andreas_AirflowETL/code/.venv/lib/python3.9/site-packages/airflow/example_dags/subdags/subdag.py
[2026-09-18T11:23:47.549+0700] {processor.py:927} WARNING - No viable dags retrieved from /Users/andreasanditya/Downloads/572392_Andreas_AirflowETL/code/.venv/lib/python3.9/site-packages/airflow/example_dags/subdags/subdag.py
[2026-09-18T11:23:47.639+0700] {processor.py:208} INFO - Processing /Users/andreasanditya/Downloads/572392_Andreas_AirflowETL/code/.venv/lib/python3.9/site-packages/airflow/example_dags/subdags/subdag.py took 0.097 seconds
[2026-09-18T11:25:51.688+0700] {processor.py:186} INFO - Started process (PID=16166) to work on /Users/andreasanditya/Downloads/572392_Andreas_AirflowETL/code/.venv/lib/python3.9/site-packages/airflow/example_dags/subdags/subdag.py
[2026-09-18T11:25:51.689+0700] {processor.py:914} INFO - Processing file /Users/andreasanditya/Downloads/572392_Andreas_AirflowETL/code/.venv/lib/python3.9/site-packages/airflow/example_dags/subdags/subdag.py for tasks to queue
[2026-09-18T11:25:51.690+0700] {logging_mixin.py:190} INFO - [2026-09-18T11:25:51.690+0700] {dagbag.py:588} INFO - Filling up the DagBag from /Users/andreasanditya/Downloads/572392_Andreas_AirflowETL/code/.venv/lib/python3.9/site-packages/airflow/example_dags/subdags/subdag.py
[2026-09-18T11:25:51.691+0700] {processor.py:927} WARNING - No viable dags retrieved from /Users/andreasanditya/Downloads/572392_Andreas_AirflowETL/code/.venv/lib/python3.9/site-packages/airflow/example_dags/subdags/subdag.py
[2026-09-18T11:25:51.772+0700] {processor.py:208} INFO - Processing /Users/andreasanditya/Downloads/572392_Andreas_AirflowETL/code/.venv/lib/python3.9/site-packages/airflow/example_dags/subdags/subdag.py took 0.086 seconds
[2026-09-18T11:27:25.483+0700] {processor.py:186} INFO - Started process (PID=17085) to work on /Users/andreasanditya/Downloads/572392_Andreas_AirflowETL/code/.venv/lib/python3.9/site-packages/airflow/example_dags/subdags/subdag.py
[2026-09-18T11:27:25.488+0700] {processor.py:914} INFO - Processing file /Users/andreasanditya/Downloads/572392_Andreas_AirflowETL/code/.venv/lib/python3.9/site-packages/airflow/example_dags/subdags/subdag.py for tasks to queue
[2026-09-18T11:27:25.489+0700] {logging_mixin.py:190} INFO - [2026-09-18T11:27:25.489+0700] {dagbag.py:588} INFO - Filling up the DagBag from /Users/andreasanditya/Downloads/572392_Andreas_AirflowETL/code/.venv/lib/python3.9/site-packages/airflow/example_dags/subdags/subdag.py
[2026-09-18T11:27:25.492+0700] {processor.py:927} WARNING - No viable dags retrieved from /Users/andreasanditya/Downloads/572392_Andreas_AirflowETL/code/.venv/lib/python3.9/site-packages/airflow/example_dags/subdags/subdag.py
[2026-09-18T11:27:25.577+0700] {processor.py:208} INFO - Processing /Users/andreasanditya/Downloads/572392_Andreas_AirflowETL/code/.venv/lib/python3.9/site-packages/airflow/example_dags/subdags/subdag.py took 0.096 seconds
[2026-09-18T11:28:54.472+0700] {processor.py:186} INFO - Started process (PID=18014) to work on /Users/andreasanditya/Downloads/572392_Andreas_AirflowETL/code/.venv/lib/python3.9/site-packages/airflow/example_dags/subdags/subdag.py
[2026-09-18T11:28:54.473+0700] {processor.py:914} INFO - Processing file /Users/andreasanditya/Downloads/572392_Andreas_AirflowETL/code/.venv/lib/python3.9/site-packages/airflow/example_dags/subdags/subdag.py for tasks to queue
[2026-09-18T11:28:54.473+0700] {logging_mixin.py:190} INFO - [2026-09-18T11:28:54.473+0700] {dagbag.py:588} INFO - Filling up the DagBag from /Users/andreasanditya/Downloads/572392_Andreas_AirflowETL/code/.venv/lib/python3.9/site-packages/airflow/example_dags/subdags/subdag.py
[2026-09-18T11:28:54.475+0700] {processor.py:927} WARNING - No viable dags retrieved from /Users/andreasanditya/Downloads/572392_Andreas_AirflowETL/code/.venv/lib/python3.9/site-packages/airflow/example_dags/subdags/subdag.py
[2026-09-18T11:28:54.561+0700] {processor.py:208} INFO - Processing /Users/andreasanditya/Downloads/572392_Andreas_AirflowETL/code/.venv/lib/python3.9/site-packages/airflow/example_dags/subdags/subdag.py took 0.092 seconds
[2026-09-18T11:30:23.297+0700] {processor.py:186} INFO - Started process (PID=18961) to work on /Users/andreasanditya/Downloads/572392_Andreas_AirflowETL/code/.venv/lib/python3.9/site-packages/airflow/example_dags/subdags/subdag.py
[2026-09-18T11:30:23.298+0700] {processor.py:914} INFO - Processing file /Users/andreasanditya/Downloads/572392_Andreas_AirflowETL/code/.venv/lib/python3.9/site-packages/airflow/example_dags/subdags/subdag.py for tasks to queue
[2026-09-18T11:30:23.299+0700] {logging_mixin.py:190} INFO - [2026-09-18T11:30:23.299+0700] {dagbag.py:588} INFO - Filling up the DagBag from /Users/andreasanditya/Downloads/572392_Andreas_AirflowETL/code/.venv/lib/python3.9/site-packages/airflow/example_dags/subdags/subdag.py
[2026-09-18T11:30:23.301+0700] {processor.py:927} WARNING - No viable dags retrieved from /Users/andreasanditya/Downloads/572392_Andreas_AirflowETL/code/.venv/lib/python3.9/site-packages/airflow/example_dags/subdags/subdag.py
[2026-09-18T11:30:23.389+0700] {processor.py:208} INFO - Processing /Users/andreasanditya/Downloads/572392_Andreas_AirflowETL/code/.venv/lib/python3.9/site-packages/airflow/example_dags/subdags/subdag.py took 0.094 seconds
[2026-09-18T11:31:52.208+0700] {processor.py:186} INFO - Started process (PID=19799) to work on /Users/andreasanditya/Downloads/572392_Andreas_AirflowETL/code/.venv/lib/python3.9/site-packages/airflow/example_dags/subdags/subdag.py
[2026-09-18T11:31:52.209+0700] {processor.py:914} INFO - Processing file /Users/andreasanditya/Downloads/572392_Andreas_AirflowETL/code/.venv/lib/python3.9/site-packages/airflow/example_dags/subdags/subdag.py for tasks to queue
[2026-09-18T11:31:52.210+0700] {logging_mixin.py:190} INFO - [2026-09-18T11:31:52.209+0700] {dagbag.py:588} INFO - Filling up the DagBag from /Users/andreasanditya/Downloads/572392_Andreas_AirflowETL/code/.venv/lib/python3.9/site-packages/airflow/example_dags/subdags/subdag.py
[2026-09-18T11:31:52.211+0700] {processor.py:927} WARNING - No viable dags retrieved from /Users/andreasanditya/Downloads/572392_Andreas_AirflowETL/code/.venv/lib/python3.9/site-packages/airflow/example_dags/subdags/subdag.py
[2026-09-18T11:31:52.291+0700] {processor.py:208} INFO - Processing /Users/andreasanditya/Downloads/572392_Andreas_AirflowETL/code/.venv/lib/python3.9/site-packages/airflow/example_dags/subdags/subdag.py took 0.086 seconds
[2026-09-18T11:33:19.582+0700] {processor.py:186} INFO - Started process (PID=20801) to work on /Users/andreasanditya/Downloads/572392_Andreas_AirflowETL/code/.venv/lib/python3.9/site-packages/airflow/example_dags/subdags/subdag.py
[2026-09-18T11:33:19.583+0700] {processor.py:914} INFO - Processing file /Users/andreasanditya/Downloads/572392_Andreas_AirflowETL/code/.venv/lib/python3.9/site-packages/airflow/example_dags/subdags/subdag.py for tasks to queue
[2026-09-18T11:33:19.584+0700] {logging_mixin.py:190} INFO - [2026-09-18T11:33:19.584+0700] {dagbag.py:588} INFO - Filling up the DagBag from /Users/andreasanditya/Downloads/572392_Andreas_AirflowETL/code/.venv/lib/python3.9/site-packages/airflow/example_dags/subdags/subdag.py
[2026-09-18T11:33:19.585+0700] {processor.py:927} WARNING - No viable dags retrieved from /Users/andreasanditya/Downloads/572392_Andreas_AirflowETL/code/.venv/lib/python3.9/site-packages/airflow/example_dags/subdags/subdag.py
[2026-09-18T11:33:19.671+0700] {processor.py:208} INFO - Processing /Users/andreasanditya/Downloads/572392_Andreas_AirflowETL/code/.venv/lib/python3.9/site-packages/airflow/example_dags/subdags/subdag.py took 0.091 seconds
[2026-09-18T11:34:47.298+0700] {processor.py:186} INFO - Started process (PID=21753) to work on /Users/andreasanditya/Downloads/572392_Andreas_AirflowETL/code/.venv/lib/python3.9/site-packages/airflow/example_dags/subdags/subdag.py
[2026-09-18T11:34:47.299+0700] {processor.py:914} INFO - Processing file /Users/andreasanditya/Downloads/572392_Andreas_AirflowETL/code/.venv/lib/python3.9/site-packages/airflow/example_dags/subdags/subdag.py for tasks to queue
[2026-09-18T11:34:47.300+0700] {logging_mixin.py:190} INFO - [2026-09-18T11:34:47.300+0700] {dagbag.py:588} INFO - Filling up the DagBag from /Users/andreasanditya/Downloads/572392_Andreas_AirflowETL/code/.venv/lib/python3.9/site-packages/airflow/example_dags/subdags/subdag.py
[2026-09-18T11:34:47.301+0700] {processor.py:927} WARNING - No viable dags retrieved from /Users/andreasanditya/Downloads/572392_Andreas_AirflowETL/code/.venv/lib/python3.9/site-packages/airflow/example_dags/subdags/subdag.py
[2026-09-18T11:34:47.387+0700] {processor.py:208} INFO - Processing /Users/andreasanditya/Downloads/572392_Andreas_AirflowETL/code/.venv/lib/python3.9/site-packages/airflow/example_dags/subdags/subdag.py took 0.091 seconds
[2026-09-18T11:36:14.386+0700] {processor.py:186} INFO - Started process (PID=22602) to work on /Users/andreasanditya/Downloads/572392_Andreas_AirflowETL/code/.venv/lib/python3.9/site-packages/airflow/example_dags/subdags/subdag.py
[2026-09-18T11:36:14.387+0700] {processor.py:914} INFO - Processing file /Users/andreasanditya/Downloads/572392_Andreas_AirflowETL/code/.venv/lib/python3.9/site-packages/airflow/example_dags/subdags/subdag.py for tasks to queue
[2026-09-18T11:36:14.388+0700] {logging_mixin.py:190} INFO - [2026-09-18T11:36:14.388+0700] {dagbag.py:588} INFO - Filling up the DagBag from /Users/andreasanditya/Downloads/572392_Andreas_AirflowETL/code/.venv/lib/python3.9/site-packages/airflow/example_dags/subdags/subdag.py
[2026-09-18T11:36:14.389+0700] {processor.py:927} WARNING - No viable dags retrieved from /Users/andreasanditya/Downloads/572392_Andreas_AirflowETL/code/.venv/lib/python3.9/site-packages/airflow/example_dags/subdags/subdag.py
[2026-09-18T11:36:14.481+0700] {processor.py:208} INFO - Processing /Users/andreasanditya/Downloads/572392_Andreas_AirflowETL/code/.venv/lib/python3.9/site-packages/airflow/example_dags/subdags/subdag.py took 0.097 seconds
[2026-09-18T11:37:43.022+0700] {processor.py:186} INFO - Started process (PID=23621) to work on /Users/andreasanditya/Downloads/572392_Andreas_AirflowETL/code/.venv/lib/python3.9/site-packages/airflow/example_dags/subdags/subdag.py
[2026-09-18T11:37:43.023+0700] {processor.py:914} INFO - Processing file /Users/andreasanditya/Downloads/572392_Andreas_AirflowETL/code/.venv/lib/python3.9/site-packages/airflow/example_dags/subdags/subdag.py for tasks to queue
[2026-09-18T11:37:43.024+0700] {logging_mixin.py:190} INFO - [2026-09-18T11:37:43.024+0700] {dagbag.py:588} INFO - Filling up the DagBag from /Users/andreasanditya/Downloads/572392_Andreas_AirflowETL/code/.venv/lib/python3.9/site-packages/airflow/example_dags/subdags/subdag.py
[2026-09-18T11:37:43.025+0700] {processor.py:927} WARNING - No viable dags retrieved from /Users/andreasanditya/Downloads/572392_Andreas_AirflowETL/code/.venv/lib/python3.9/site-packages/airflow/example_dags/subdags/subdag.py
[2026-09-18T11:37:43.107+0700] {processor.py:208} INFO - Processing /Users/andreasanditya/Downloads/572392_Andreas_AirflowETL/code/.venv/lib/python3.9/site-packages/airflow/example_dags/subdags/subdag.py took 0.087 seconds
[2026-09-18T11:39:09.199+0700] {processor.py:186} INFO - Started process (PID=24448) to work on /Users/andreasanditya/Downloads/572392_Andreas_AirflowETL/code/.venv/lib/python3.9/site-packages/airflow/example_dags/subdags/subdag.py
[2026-09-18T11:39:09.200+0700] {processor.py:914} INFO - Processing file /Users/andreasanditya/Downloads/572392_Andreas_AirflowETL/code/.venv/lib/python3.9/site-packages/airflow/example_dags/subdags/subdag.py for tasks to queue
[2026-09-18T11:39:09.201+0700] {logging_mixin.py:190} INFO - [2026-09-18T11:39:09.201+0700] {dagbag.py:588} INFO - Filling up the DagBag from /Users/andreasanditya/Downloads/572392_Andreas_AirflowETL/code/.venv/lib/python3.9/site-packages/airflow/example_dags/subdags/subdag.py
[2026-09-18T11:39:09.202+0700] {processor.py:927} WARNING - No viable dags retrieved from /Users/andreasanditya/Downloads/572392_Andreas_AirflowETL/code/.venv/lib/python3.9/site-packages/airflow/example_dags/subdags/subdag.py
[2026-09-18T11:39:09.287+0700] {processor.py:208} INFO - Processing /Users/andreasanditya/Downloads/572392_Andreas_AirflowETL/code/.venv/lib/python3.9/site-packages/airflow/example_dags/subdags/subdag.py took 0.090 seconds
[2026-09-18T11:40:38.777+0700] {processor.py:186} INFO - Started process (PID=25364) to work on /Users/andreasanditya/Downloads/572392_Andreas_AirflowETL/code/.venv/lib/python3.9/site-packages/airflow/example_dags/subdags/subdag.py
[2026-09-18T11:40:38.777+0700] {processor.py:914} INFO - Processing file /Users/andreasanditya/Downloads/572392_Andreas_AirflowETL/code/.venv/lib/python3.9/site-packages/airflow/example_dags/subdags/subdag.py for tasks to queue
[2026-09-18T11:40:38.778+0700] {logging_mixin.py:190} INFO - [2026-09-18T11:40:38.778+0700] {dagbag.py:588} INFO - Filling up the DagBag from /Users/andreasanditya/Downloads/572392_Andreas_AirflowETL/code/.venv/lib/python3.9/site-packages/airflow/example_dags/subdags/subdag.py
[2026-09-18T11:40:38.780+0700] {processor.py:927} WARNING - No viable dags retrieved from /Users/andreasanditya/Downloads/572392_Andreas_AirflowETL/code/.venv/lib/python3.9/site-packages/airflow/example_dags/subdags/subdag.py
[2026-09-18T11:40:38.863+0700] {processor.py:208} INFO - Processing /Users/andreasanditya/Downloads/572392_Andreas_AirflowETL/code/.venv/lib/python3.9/site-packages/airflow/example_dags/subdags/subdag.py took 0.089 seconds
[2026-09-18T11:42:08.870+0700] {processor.py:186} INFO - Started process (PID=26321) to work on /Users/andreasanditya/Downloads/572392_Andreas_AirflowETL/code/.venv/lib/python3.9/site-packages/airflow/example_dags/subdags/subdag.py
[2026-09-18T11:42:08.871+0700] {processor.py:914} INFO - Processing file /Users/andreasanditya/Downloads/572392_Andreas_AirflowETL/code/.venv/lib/python3.9/site-packages/airflow/example_dags/subdags/subdag.py for tasks to queue
[2026-09-18T11:42:08.872+0700] {logging_mixin.py:190} INFO - [2026-09-18T11:42:08.872+0700] {dagbag.py:588} INFO - Filling up the DagBag from /Users/andreasanditya/Downloads/572392_Andreas_AirflowETL/code/.venv/lib/python3.9/site-packages/airflow/example_dags/subdags/subdag.py
[2026-09-18T11:42:08.873+0700] {processor.py:927} WARNING - No viable dags retrieved from /Users/andreasanditya/Downloads/572392_Andreas_AirflowETL/code/.venv/lib/python3.9/site-packages/airflow/example_dags/subdags/subdag.py
[2026-09-18T11:42:08.959+0700] {processor.py:208} INFO - Processing /Users/andreasanditya/Downloads/572392_Andreas_AirflowETL/code/.venv/lib/python3.9/site-packages/airflow/example_dags/subdags/subdag.py took 0.091 seconds
[2026-09-18T11:43:36.442+0700] {processor.py:186} INFO - Started process (PID=27231) to work on /Users/andreasanditya/Downloads/572392_Andreas_AirflowETL/code/.venv/lib/python3.9/site-packages/airflow/example_dags/subdags/subdag.py
[2026-09-18T11:43:36.442+0700] {processor.py:914} INFO - Processing file /Users/andreasanditya/Downloads/572392_Andreas_AirflowETL/code/.venv/lib/python3.9/site-packages/airflow/example_dags/subdags/subdag.py for tasks to queue
[2026-09-18T11:43:36.443+0700] {logging_mixin.py:190} INFO - [2026-09-18T11:43:36.443+0700] {dagbag.py:588} INFO - Filling up the DagBag from /Users/andreasanditya/Downloads/572392_Andreas_AirflowETL/code/.venv/lib/python3.9/site-packages/airflow/example_dags/subdags/subdag.py
[2026-09-18T11:43:36.445+0700] {processor.py:927} WARNING - No viable dags retrieved from /Users/andreasanditya/Downloads/572392_Andreas_AirflowETL/code/.venv/lib/python3.9/site-packages/airflow/example_dags/subdags/subdag.py
[2026-09-18T11:43:36.538+0700] {processor.py:208} INFO - Processing /Users/andreasanditya/Downloads/572392_Andreas_AirflowETL/code/.venv/lib/python3.9/site-packages/airflow/example_dags/subdags/subdag.py took 0.099 seconds
[2026-09-18T11:45:03.872+0700] {processor.py:186} INFO - Started process (PID=28055) to work on /Users/andreasanditya/Downloads/572392_Andreas_AirflowETL/code/.venv/lib/python3.9/site-packages/airflow/example_dags/subdags/subdag.py
[2026-09-18T11:45:03.873+0700] {processor.py:914} INFO - Processing file /Users/andreasanditya/Downloads/572392_Andreas_AirflowETL/code/.venv/lib/python3.9/site-packages/airflow/example_dags/subdags/subdag.py for tasks to queue
[2026-09-18T11:45:03.874+0700] {logging_mixin.py:190} INFO - [2026-09-18T11:45:03.874+0700] {dagbag.py:588} INFO - Filling up the DagBag from /Users/andreasanditya/Downloads/572392_Andreas_AirflowETL/code/.venv/lib/python3.9/site-packages/airflow/example_dags/subdags/subdag.py
[2026-09-18T11:45:03.875+0700] {processor.py:927} WARNING - No viable dags retrieved from /Users/andreasanditya/Downloads/572392_Andreas_AirflowETL/code/.venv/lib/python3.9/site-packages/airflow/example_dags/subdags/subdag.py
[2026-09-18T11:45:03.956+0700] {processor.py:208} INFO - Processing /Users/andreasanditya/Downloads/572392_Andreas_AirflowETL/code/.venv/lib/python3.9/site-packages/airflow/example_dags/subdags/subdag.py took 0.086 seconds
[2026-09-18T11:46:30.453+0700] {processor.py:186} INFO - Started process (PID=28954) to work on /Users/andreasanditya/Downloads/572392_Andreas_AirflowETL/code/.venv/lib/python3.9/site-packages/airflow/example_dags/subdags/subdag.py
[2026-09-18T11:46:30.454+0700] {processor.py:914} INFO - Processing file /Users/andreasanditya/Downloads/572392_Andreas_AirflowETL/code/.venv/lib/python3.9/site-packages/airflow/example_dags/subdags/subdag.py for tasks to queue
[2026-09-18T11:46:30.454+0700] {logging_mixin.py:190} INFO - [2026-09-18T11:46:30.454+0700] {dagbag.py:588} INFO - Filling up the DagBag from /Users/andreasanditya/Downloads/572392_Andreas_AirflowETL/code/.venv/lib/python3.9/site-packages/airflow/example_dags/subdags/subdag.py
[2026-09-18T11:46:30.456+0700] {processor.py:927} WARNING - No viable dags retrieved from /Users/andreasanditya/Downloads/572392_Andreas_AirflowETL/code/.venv/lib/python3.9/site-packages/airflow/example_dags/subdags/subdag.py
[2026-09-18T11:46:30.539+0700] {processor.py:208} INFO - Processing /Users/andreasanditya/Downloads/572392_Andreas_AirflowETL/code/.venv/lib/python3.9/site-packages/airflow/example_dags/subdags/subdag.py took 0.089 seconds
[2026-09-18T11:47:56.447+0700] {processor.py:186} INFO - Started process (PID=29781) to work on /Users/andreasanditya/Downloads/572392_Andreas_AirflowETL/code/.venv/lib/python3.9/site-packages/airflow/example_dags/subdags/subdag.py
[2026-09-18T11:47:56.448+0700] {processor.py:914} INFO - Processing file /Users/andreasanditya/Downloads/572392_Andreas_AirflowETL/code/.venv/lib/python3.9/site-packages/airflow/example_dags/subdags/subdag.py for tasks to queue
[2026-09-18T11:47:56.448+0700] {logging_mixin.py:190} INFO - [2026-09-18T11:47:56.448+0700] {dagbag.py:588} INFO - Filling up the DagBag from /Users/andreasanditya/Downloads/572392_Andreas_AirflowETL/code/.venv/lib/python3.9/site-packages/airflow/example_dags/subdags/subdag.py
[2026-09-18T11:47:56.450+0700] {processor.py:927} WARNING - No viable dags retrieved from /Users/andreasanditya/Downloads/572392_Andreas_AirflowETL/code/.venv/lib/python3.9/site-packages/airflow/example_dags/subdags/subdag.py
[2026-09-18T11:47:56.532+0700] {processor.py:208} INFO - Processing /Users/andreasanditya/Downloads/572392_Andreas_AirflowETL/code/.venv/lib/python3.9/site-packages/airflow/example_dags/subdags/subdag.py took 0.087 seconds
[2026-09-18T11:49:23.158+0700] {processor.py:186} INFO - Started process (PID=30700) to work on /Users/andreasanditya/Downloads/572392_Andreas_AirflowETL/code/.venv/lib/python3.9/site-packages/airflow/example_dags/subdags/subdag.py
[2026-09-18T11:49:23.159+0700] {processor.py:914} INFO - Processing file /Users/andreasanditya/Downloads/572392_Andreas_AirflowETL/code/.venv/lib/python3.9/site-packages/airflow/example_dags/subdags/subdag.py for tasks to queue
[2026-09-18T11:49:23.159+0700] {logging_mixin.py:190} INFO - [2026-09-18T11:49:23.159+0700] {dagbag.py:588} INFO - Filling up the DagBag from /Users/andreasanditya/Downloads/572392_Andreas_AirflowETL/code/.venv/lib/python3.9/site-packages/airflow/example_dags/subdags/subdag.py
[2026-09-18T11:49:23.161+0700] {processor.py:927} WARNING - No viable dags retrieved from /Users/andreasanditya/Downloads/572392_Andreas_AirflowETL/code/.venv/lib/python3.9/site-packages/airflow/example_dags/subdags/subdag.py
[2026-09-18T11:49:23.242+0700] {processor.py:208} INFO - Processing /Users/andreasanditya/Downloads/572392_Andreas_AirflowETL/code/.venv/lib/python3.9/site-packages/airflow/example_dags/subdags/subdag.py took 0.087 seconds
[2026-09-18T11:50:50.169+0700] {processor.py:186} INFO - Started process (PID=31610) to work on /Users/andreasanditya/Downloads/572392_Andreas_AirflowETL/code/.venv/lib/python3.9/site-packages/airflow/example_dags/subdags/subdag.py
[2026-09-18T11:50:50.170+0700] {processor.py:914} INFO - Processing file /Users/andreasanditya/Downloads/572392_Andreas_AirflowETL/code/.venv/lib/python3.9/site-packages/airflow/example_dags/subdags/subdag.py for tasks to queue
[2026-09-18T11:50:50.170+0700] {logging_mixin.py:190} INFO - [2026-09-18T11:50:50.170+0700] {dagbag.py:588} INFO - Filling up the DagBag from /Users/andreasanditya/Downloads/572392_Andreas_AirflowETL/code/.venv/lib/python3.9/site-packages/airflow/example_dags/subdags/subdag.py
[2026-09-18T11:50:50.172+0700] {processor.py:927} WARNING - No viable dags retrieved from /Users/andreasanditya/Downloads/572392_Andreas_AirflowETL/code/.venv/lib/python3.9/site-packages/airflow/example_dags/subdags/subdag.py
[2026-09-18T11:50:50.254+0700] {processor.py:208} INFO - Processing /Users/andreasanditya/Downloads/572392_Andreas_AirflowETL/code/.venv/lib/python3.9/site-packages/airflow/example_dags/subdags/subdag.py took 0.088 seconds
[2026-09-18T11:52:14.986+0700] {processor.py:186} INFO - Started process (PID=32430) to work on /Users/andreasanditya/Downloads/572392_Andreas_AirflowETL/code/.venv/lib/python3.9/site-packages/airflow/example_dags/subdags/subdag.py
[2026-09-18T11:52:14.987+0700] {processor.py:914} INFO - Processing file /Users/andreasanditya/Downloads/572392_Andreas_AirflowETL/code/.venv/lib/python3.9/site-packages/airflow/example_dags/subdags/subdag.py for tasks to queue
[2026-09-18T11:52:14.988+0700] {logging_mixin.py:190} INFO - [2026-09-18T11:52:14.988+0700] {dagbag.py:588} INFO - Filling up the DagBag from /Users/andreasanditya/Downloads/572392_Andreas_AirflowETL/code/.venv/lib/python3.9/site-packages/airflow/example_dags/subdags/subdag.py
[2026-09-18T11:52:14.989+0700] {processor.py:927} WARNING - No viable dags retrieved from /Users/andreasanditya/Downloads/572392_Andreas_AirflowETL/code/.venv/lib/python3.9/site-packages/airflow/example_dags/subdags/subdag.py
[2026-09-18T11:52:15.072+0700] {processor.py:208} INFO - Processing /Users/andreasanditya/Downloads/572392_Andreas_AirflowETL/code/.venv/lib/python3.9/site-packages/airflow/example_dags/subdags/subdag.py took 0.089 seconds
[2026-09-18T11:53:41.068+0700] {processor.py:186} INFO - Started process (PID=33254) to work on /Users/andreasanditya/Downloads/572392_Andreas_AirflowETL/code/.venv/lib/python3.9/site-packages/airflow/example_dags/subdags/subdag.py
[2026-09-18T11:53:41.069+0700] {processor.py:914} INFO - Processing file /Users/andreasanditya/Downloads/572392_Andreas_AirflowETL/code/.venv/lib/python3.9/site-packages/airflow/example_dags/subdags/subdag.py for tasks to queue
[2026-09-18T11:53:41.069+0700] {logging_mixin.py:190} INFO - [2026-09-18T11:53:41.069+0700] {dagbag.py:588} INFO - Filling up the DagBag from /Users/andreasanditya/Downloads/572392_Andreas_AirflowETL/code/.venv/lib/python3.9/site-packages/airflow/example_dags/subdags/subdag.py
[2026-09-18T11:53:41.071+0700] {processor.py:927} WARNING - No viable dags retrieved from /Users/andreasanditya/Downloads/572392_Andreas_AirflowETL/code/.venv/lib/python3.9/site-packages/airflow/example_dags/subdags/subdag.py
[2026-09-18T11:53:41.153+0700] {processor.py:208} INFO - Processing /Users/andreasanditya/Downloads/572392_Andreas_AirflowETL/code/.venv/lib/python3.9/site-packages/airflow/example_dags/subdags/subdag.py took 0.087 seconds
[2026-09-18T11:55:08.627+0700] {processor.py:186} INFO - Started process (PID=34166) to work on /Users/andreasanditya/Downloads/572392_Andreas_AirflowETL/code/.venv/lib/python3.9/site-packages/airflow/example_dags/subdags/subdag.py
[2026-09-18T11:55:08.628+0700] {processor.py:914} INFO - Processing file /Users/andreasanditya/Downloads/572392_Andreas_AirflowETL/code/.venv/lib/python3.9/site-packages/airflow/example_dags/subdags/subdag.py for tasks to queue
[2026-09-18T11:55:08.629+0700] {logging_mixin.py:190} INFO - [2026-09-18T11:55:08.629+0700] {dagbag.py:588} INFO - Filling up the DagBag from /Users/andreasanditya/Downloads/572392_Andreas_AirflowETL/code/.venv/lib/python3.9/site-packages/airflow/example_dags/subdags/subdag.py
[2026-09-18T11:55:08.630+0700] {processor.py:927} WARNING - No viable dags retrieved from /Users/andreasanditya/Downloads/572392_Andreas_AirflowETL/code/.venv/lib/python3.9/site-packages/airflow/example_dags/subdags/subdag.py
[2026-09-18T11:55:08.714+0700] {processor.py:208} INFO - Processing /Users/andreasanditya/Downloads/572392_Andreas_AirflowETL/code/.venv/lib/python3.9/site-packages/airflow/example_dags/subdags/subdag.py took 0.089 seconds
[2026-09-18T11:56:36.253+0700] {processor.py:186} INFO - Started process (PID=35079) to work on /Users/andreasanditya/Downloads/572392_Andreas_AirflowETL/code/.venv/lib/python3.9/site-packages/airflow/example_dags/subdags/subdag.py
[2026-09-18T11:56:36.254+0700] {processor.py:914} INFO - Processing file /Users/andreasanditya/Downloads/572392_Andreas_AirflowETL/code/.venv/lib/python3.9/site-packages/airflow/example_dags/subdags/subdag.py for tasks to queue
[2026-09-18T11:56:36.254+0700] {logging_mixin.py:190} INFO - [2026-09-18T11:56:36.254+0700] {dagbag.py:588} INFO - Filling up the DagBag from /Users/andreasanditya/Downloads/572392_Andreas_AirflowETL/code/.venv/lib/python3.9/site-packages/airflow/example_dags/subdags/subdag.py
[2026-09-18T11:56:36.255+0700] {processor.py:927} WARNING - No viable dags retrieved from /Users/andreasanditya/Downloads/572392_Andreas_AirflowETL/code/.venv/lib/python3.9/site-packages/airflow/example_dags/subdags/subdag.py
[2026-09-18T11:56:36.336+0700] {processor.py:208} INFO - Processing /Users/andreasanditya/Downloads/572392_Andreas_AirflowETL/code/.venv/lib/python3.9/site-packages/airflow/example_dags/subdags/subdag.py took 0.085 seconds
[2026-09-18T11:58:03.076+0700] {processor.py:186} INFO - Started process (PID=35910) to work on /Users/andreasanditya/Downloads/572392_Andreas_AirflowETL/code/.venv/lib/python3.9/site-packages/airflow/example_dags/subdags/subdag.py
[2026-09-18T11:58:03.077+0700] {processor.py:914} INFO - Processing file /Users/andreasanditya/Downloads/572392_Andreas_AirflowETL/code/.venv/lib/python3.9/site-packages/airflow/example_dags/subdags/subdag.py for tasks to queue
[2026-09-18T11:58:03.077+0700] {logging_mixin.py:190} INFO - [2026-09-18T11:58:03.077+0700] {dagbag.py:588} INFO - Filling up the DagBag from /Users/andreasanditya/Downloads/572392_Andreas_AirflowETL/code/.venv/lib/python3.9/site-packages/airflow/example_dags/subdags/subdag.py
[2026-09-18T11:58:03.079+0700] {processor.py:927} WARNING - No viable dags retrieved from /Users/andreasanditya/Downloads/572392_Andreas_AirflowETL/code/.venv/lib/python3.9/site-packages/airflow/example_dags/subdags/subdag.py
[2026-09-18T11:58:03.164+0700] {processor.py:208} INFO - Processing /Users/andreasanditya/Downloads/572392_Andreas_AirflowETL/code/.venv/lib/python3.9/site-packages/airflow/example_dags/subdags/subdag.py took 0.091 seconds
[2026-09-18T11:59:27.140+0700] {processor.py:186} INFO - Started process (PID=36814) to work on /Users/andreasanditya/Downloads/572392_Andreas_AirflowETL/code/.venv/lib/python3.9/site-packages/airflow/example_dags/subdags/subdag.py
[2026-09-18T11:59:27.140+0700] {processor.py:914} INFO - Processing file /Users/andreasanditya/Downloads/572392_Andreas_AirflowETL/code/.venv/lib/python3.9/site-packages/airflow/example_dags/subdags/subdag.py for tasks to queue
[2026-09-18T11:59:27.141+0700] {logging_mixin.py:190} INFO - [2026-09-18T11:59:27.141+0700] {dagbag.py:588} INFO - Filling up the DagBag from /Users/andreasanditya/Downloads/572392_Andreas_AirflowETL/code/.venv/lib/python3.9/site-packages/airflow/example_dags/subdags/subdag.py
[2026-09-18T11:59:27.142+0700] {processor.py:927} WARNING - No viable dags retrieved from /Users/andreasanditya/Downloads/572392_Andreas_AirflowETL/code/.venv/lib/python3.9/site-packages/airflow/example_dags/subdags/subdag.py
[2026-09-18T11:59:27.223+0700] {processor.py:208} INFO - Processing /Users/andreasanditya/Downloads/572392_Andreas_AirflowETL/code/.venv/lib/python3.9/site-packages/airflow/example_dags/subdags/subdag.py took 0.086 seconds
[2026-09-18T12:00:54.159+0700] {processor.py:186} INFO - Started process (PID=37641) to work on /Users/andreasanditya/Downloads/572392_Andreas_AirflowETL/code/.venv/lib/python3.9/site-packages/airflow/example_dags/subdags/subdag.py
[2026-09-18T12:00:54.160+0700] {processor.py:914} INFO - Processing file /Users/andreasanditya/Downloads/572392_Andreas_AirflowETL/code/.venv/lib/python3.9/site-packages/airflow/example_dags/subdags/subdag.py for tasks to queue
[2026-09-18T12:00:54.161+0700] {logging_mixin.py:190} INFO - [2026-09-18T12:00:54.160+0700] {dagbag.py:588} INFO - Filling up the DagBag from /Users/andreasanditya/Downloads/572392_Andreas_AirflowETL/code/.venv/lib/python3.9/site-packages/airflow/example_dags/subdags/subdag.py
[2026-09-18T12:00:54.162+0700] {processor.py:927} WARNING - No viable dags retrieved from /Users/andreasanditya/Downloads/572392_Andreas_AirflowETL/code/.venv/lib/python3.9/site-packages/airflow/example_dags/subdags/subdag.py
[2026-09-18T12:00:54.243+0700] {processor.py:208} INFO - Processing /Users/andreasanditya/Downloads/572392_Andreas_AirflowETL/code/.venv/lib/python3.9/site-packages/airflow/example_dags/subdags/subdag.py took 0.086 seconds
[2026-09-18T12:02:20.969+0700] {processor.py:186} INFO - Started process (PID=38545) to work on /Users/andreasanditya/Downloads/572392_Andreas_AirflowETL/code/.venv/lib/python3.9/site-packages/airflow/example_dags/subdags/subdag.py
[2026-09-18T12:02:20.970+0700] {processor.py:914} INFO - Processing file /Users/andreasanditya/Downloads/572392_Andreas_AirflowETL/code/.venv/lib/python3.9/site-packages/airflow/example_dags/subdags/subdag.py for tasks to queue
[2026-09-18T12:02:20.971+0700] {logging_mixin.py:190} INFO - [2026-09-18T12:02:20.971+0700] {dagbag.py:588} INFO - Filling up the DagBag from /Users/andreasanditya/Downloads/572392_Andreas_AirflowETL/code/.venv/lib/python3.9/site-packages/airflow/example_dags/subdags/subdag.py
[2026-09-18T12:02:20.972+0700] {processor.py:927} WARNING - No viable dags retrieved from /Users/andreasanditya/Downloads/572392_Andreas_AirflowETL/code/.venv/lib/python3.9/site-packages/airflow/example_dags/subdags/subdag.py
[2026-09-18T12:02:21.059+0700] {processor.py:208} INFO - Processing /Users/andreasanditya/Downloads/572392_Andreas_AirflowETL/code/.venv/lib/python3.9/site-packages/airflow/example_dags/subdags/subdag.py took 0.092 seconds
[2026-09-18T12:03:48.108+0700] {processor.py:186} INFO - Started process (PID=39400) to work on /Users/andreasanditya/Downloads/572392_Andreas_AirflowETL/code/.venv/lib/python3.9/site-packages/airflow/example_dags/subdags/subdag.py
[2026-09-18T12:03:48.109+0700] {processor.py:914} INFO - Processing file /Users/andreasanditya/Downloads/572392_Andreas_AirflowETL/code/.venv/lib/python3.9/site-packages/airflow/example_dags/subdags/subdag.py for tasks to queue
[2026-09-18T12:03:48.110+0700] {logging_mixin.py:190} INFO - [2026-09-18T12:03:48.110+0700] {dagbag.py:588} INFO - Filling up the DagBag from /Users/andreasanditya/Downloads/572392_Andreas_AirflowETL/code/.venv/lib/python3.9/site-packages/airflow/example_dags/subdags/subdag.py
[2026-09-18T12:03:48.111+0700] {processor.py:927} WARNING - No viable dags retrieved from /Users/andreasanditya/Downloads/572392_Andreas_AirflowETL/code/.venv/lib/python3.9/site-packages/airflow/example_dags/subdags/subdag.py
[2026-09-18T12:03:48.192+0700] {processor.py:208} INFO - Processing /Users/andreasanditya/Downloads/572392_Andreas_AirflowETL/code/.venv/lib/python3.9/site-packages/airflow/example_dags/subdags/subdag.py took 0.086 seconds
[2026-09-18T12:05:15.424+0700] {processor.py:186} INFO - Started process (PID=40307) to work on /Users/andreasanditya/Downloads/572392_Andreas_AirflowETL/code/.venv/lib/python3.9/site-packages/airflow/example_dags/subdags/subdag.py
[2026-09-18T12:05:15.425+0700] {processor.py:914} INFO - Processing file /Users/andreasanditya/Downloads/572392_Andreas_AirflowETL/code/.venv/lib/python3.9/site-packages/airflow/example_dags/subdags/subdag.py for tasks to queue
[2026-09-18T12:05:15.426+0700] {logging_mixin.py:190} INFO - [2026-09-18T12:05:15.425+0700] {dagbag.py:588} INFO - Filling up the DagBag from /Users/andreasanditya/Downloads/572392_Andreas_AirflowETL/code/.venv/lib/python3.9/site-packages/airflow/example_dags/subdags/subdag.py
[2026-09-18T12:05:15.427+0700] {processor.py:927} WARNING - No viable dags retrieved from /Users/andreasanditya/Downloads/572392_Andreas_AirflowETL/code/.venv/lib/python3.9/site-packages/airflow/example_dags/subdags/subdag.py
[2026-09-18T12:05:15.508+0700] {processor.py:208} INFO - Processing /Users/andreasanditya/Downloads/572392_Andreas_AirflowETL/code/.venv/lib/python3.9/site-packages/airflow/example_dags/subdags/subdag.py took 0.087 seconds
[2026-09-18T12:06:43.250+0700] {processor.py:186} INFO - Started process (PID=41225) to work on /Users/andreasanditya/Downloads/572392_Andreas_AirflowETL/code/.venv/lib/python3.9/site-packages/airflow/example_dags/subdags/subdag.py
[2026-09-18T12:06:43.251+0700] {processor.py:914} INFO - Processing file /Users/andreasanditya/Downloads/572392_Andreas_AirflowETL/code/.venv/lib/python3.9/site-packages/airflow/example_dags/subdags/subdag.py for tasks to queue
[2026-09-18T12:06:43.252+0700] {logging_mixin.py:190} INFO - [2026-09-18T12:06:43.252+0700] {dagbag.py:588} INFO - Filling up the DagBag from /Users/andreasanditya/Downloads/572392_Andreas_AirflowETL/code/.venv/lib/python3.9/site-packages/airflow/example_dags/subdags/subdag.py
[2026-09-18T12:06:43.253+0700] {processor.py:927} WARNING - No viable dags retrieved from /Users/andreasanditya/Downloads/572392_Andreas_AirflowETL/code/.venv/lib/python3.9/site-packages/airflow/example_dags/subdags/subdag.py
[2026-09-18T12:06:43.339+0700] {processor.py:208} INFO - Processing /Users/andreasanditya/Downloads/572392_Andreas_AirflowETL/code/.venv/lib/python3.9/site-packages/airflow/example_dags/subdags/subdag.py took 0.091 seconds
[2026-09-18T12:08:10.462+0700] {processor.py:186} INFO - Started process (PID=42054) to work on /Users/andreasanditya/Downloads/572392_Andreas_AirflowETL/code/.venv/lib/python3.9/site-packages/airflow/example_dags/subdags/subdag.py
[2026-09-18T12:08:10.463+0700] {processor.py:914} INFO - Processing file /Users/andreasanditya/Downloads/572392_Andreas_AirflowETL/code/.venv/lib/python3.9/site-packages/airflow/example_dags/subdags/subdag.py for tasks to queue
[2026-09-18T12:08:10.464+0700] {logging_mixin.py:190} INFO - [2026-09-18T12:08:10.464+0700] {dagbag.py:588} INFO - Filling up the DagBag from /Users/andreasanditya/Downloads/572392_Andreas_AirflowETL/code/.venv/lib/python3.9/site-packages/airflow/example_dags/subdags/subdag.py
[2026-09-18T12:08:10.465+0700] {processor.py:927} WARNING - No viable dags retrieved from /Users/andreasanditya/Downloads/572392_Andreas_AirflowETL/code/.venv/lib/python3.9/site-packages/airflow/example_dags/subdags/subdag.py
[2026-09-18T12:08:10.548+0700] {processor.py:208} INFO - Processing /Users/andreasanditya/Downloads/572392_Andreas_AirflowETL/code/.venv/lib/python3.9/site-packages/airflow/example_dags/subdags/subdag.py took 0.088 seconds
[2026-09-18T12:09:37.145+0700] {processor.py:186} INFO - Started process (PID=42960) to work on /Users/andreasanditya/Downloads/572392_Andreas_AirflowETL/code/.venv/lib/python3.9/site-packages/airflow/example_dags/subdags/subdag.py
[2026-09-18T12:09:37.146+0700] {processor.py:914} INFO - Processing file /Users/andreasanditya/Downloads/572392_Andreas_AirflowETL/code/.venv/lib/python3.9/site-packages/airflow/example_dags/subdags/subdag.py for tasks to queue
[2026-09-18T12:09:37.146+0700] {logging_mixin.py:190} INFO - [2026-09-18T12:09:37.146+0700] {dagbag.py:588} INFO - Filling up the DagBag from /Users/andreasanditya/Downloads/572392_Andreas_AirflowETL/code/.venv/lib/python3.9/site-packages/airflow/example_dags/subdags/subdag.py
[2026-09-18T12:09:37.148+0700] {processor.py:927} WARNING - No viable dags retrieved from /Users/andreasanditya/Downloads/572392_Andreas_AirflowETL/code/.venv/lib/python3.9/site-packages/airflow/example_dags/subdags/subdag.py
[2026-09-18T12:09:37.232+0700] {processor.py:208} INFO - Processing /Users/andreasanditya/Downloads/572392_Andreas_AirflowETL/code/.venv/lib/python3.9/site-packages/airflow/example_dags/subdags/subdag.py took 0.090 seconds
[2026-09-18T12:11:03.357+0700] {processor.py:186} INFO - Started process (PID=43781) to work on /Users/andreasanditya/Downloads/572392_Andreas_AirflowETL/code/.venv/lib/python3.9/site-packages/airflow/example_dags/subdags/subdag.py
[2026-09-18T12:11:03.359+0700] {processor.py:914} INFO - Processing file /Users/andreasanditya/Downloads/572392_Andreas_AirflowETL/code/.venv/lib/python3.9/site-packages/airflow/example_dags/subdags/subdag.py for tasks to queue
[2026-09-18T12:11:03.359+0700] {logging_mixin.py:190} INFO - [2026-09-18T12:11:03.359+0700] {dagbag.py:588} INFO - Filling up the DagBag from /Users/andreasanditya/Downloads/572392_Andreas_AirflowETL/code/.venv/lib/python3.9/site-packages/airflow/example_dags/subdags/subdag.py
[2026-09-18T12:11:03.361+0700] {processor.py:927} WARNING - No viable dags retrieved from /Users/andreasanditya/Downloads/572392_Andreas_AirflowETL/code/.venv/lib/python3.9/site-packages/airflow/example_dags/subdags/subdag.py
[2026-09-18T12:11:03.442+0700] {processor.py:208} INFO - Processing /Users/andreasanditya/Downloads/572392_Andreas_AirflowETL/code/.venv/lib/python3.9/site-packages/airflow/example_dags/subdags/subdag.py took 0.087 seconds
[2026-09-18T12:12:32.475+0700] {processor.py:186} INFO - Started process (PID=44695) to work on /Users/andreasanditya/Downloads/572392_Andreas_AirflowETL/code/.venv/lib/python3.9/site-packages/airflow/example_dags/subdags/subdag.py
[2026-09-18T12:12:32.477+0700] {processor.py:914} INFO - Processing file /Users/andreasanditya/Downloads/572392_Andreas_AirflowETL/code/.venv/lib/python3.9/site-packages/airflow/example_dags/subdags/subdag.py for tasks to queue
[2026-09-18T12:12:32.477+0700] {logging_mixin.py:190} INFO - [2026-09-18T12:12:32.477+0700] {dagbag.py:588} INFO - Filling up the DagBag from /Users/andreasanditya/Downloads/572392_Andreas_AirflowETL/code/.venv/lib/python3.9/site-packages/airflow/example_dags/subdags/subdag.py
[2026-09-18T12:12:32.479+0700] {processor.py:927} WARNING - No viable dags retrieved from /Users/andreasanditya/Downloads/572392_Andreas_AirflowETL/code/.venv/lib/python3.9/site-packages/airflow/example_dags/subdags/subdag.py
[2026-09-18T12:12:32.562+0700] {processor.py:208} INFO - Processing /Users/andreasanditya/Downloads/572392_Andreas_AirflowETL/code/.venv/lib/python3.9/site-packages/airflow/example_dags/subdags/subdag.py took 0.089 seconds
[2026-09-18T12:14:01.216+0700] {processor.py:186} INFO - Started process (PID=46454) to work on /Users/andreasanditya/Downloads/572392_Andreas_AirflowETL/code/.venv/lib/python3.9/site-packages/airflow/example_dags/subdags/subdag.py
[2026-09-18T12:14:01.218+0700] {processor.py:914} INFO - Processing file /Users/andreasanditya/Downloads/572392_Andreas_AirflowETL/code/.venv/lib/python3.9/site-packages/airflow/example_dags/subdags/subdag.py for tasks to queue
[2026-09-18T12:14:01.219+0700] {logging_mixin.py:190} INFO - [2026-09-18T12:14:01.219+0700] {dagbag.py:588} INFO - Filling up the DagBag from /Users/andreasanditya/Downloads/572392_Andreas_AirflowETL/code/.venv/lib/python3.9/site-packages/airflow/example_dags/subdags/subdag.py
[2026-09-18T12:14:01.220+0700] {processor.py:927} WARNING - No viable dags retrieved from /Users/andreasanditya/Downloads/572392_Andreas_AirflowETL/code/.venv/lib/python3.9/site-packages/airflow/example_dags/subdags/subdag.py
[2026-09-18T12:14:01.313+0700] {processor.py:208} INFO - Processing /Users/andreasanditya/Downloads/572392_Andreas_AirflowETL/code/.venv/lib/python3.9/site-packages/airflow/example_dags/subdags/subdag.py took 0.099 seconds
[2026-09-18T12:15:28.497+0700] {processor.py:186} INFO - Started process (PID=47722) to work on /Users/andreasanditya/Downloads/572392_Andreas_AirflowETL/code/.venv/lib/python3.9/site-packages/airflow/example_dags/subdags/subdag.py
[2026-09-18T12:15:28.498+0700] {processor.py:914} INFO - Processing file /Users/andreasanditya/Downloads/572392_Andreas_AirflowETL/code/.venv/lib/python3.9/site-packages/airflow/example_dags/subdags/subdag.py for tasks to queue
[2026-09-18T12:15:28.499+0700] {logging_mixin.py:190} INFO - [2026-09-18T12:15:28.499+0700] {dagbag.py:588} INFO - Filling up the DagBag from /Users/andreasanditya/Downloads/572392_Andreas_AirflowETL/code/.venv/lib/python3.9/site-packages/airflow/example_dags/subdags/subdag.py
[2026-09-18T12:15:28.500+0700] {processor.py:927} WARNING - No viable dags retrieved from /Users/andreasanditya/Downloads/572392_Andreas_AirflowETL/code/.venv/lib/python3.9/site-packages/airflow/example_dags/subdags/subdag.py
[2026-09-18T12:15:28.583+0700] {processor.py:208} INFO - Processing /Users/andreasanditya/Downloads/572392_Andreas_AirflowETL/code/.venv/lib/python3.9/site-packages/airflow/example_dags/subdags/subdag.py took 0.088 seconds
[2026-09-18T12:16:56.452+0700] {processor.py:186} INFO - Started process (PID=49194) to work on /Users/andreasanditya/Downloads/572392_Andreas_AirflowETL/code/.venv/lib/python3.9/site-packages/airflow/example_dags/subdags/subdag.py
[2026-09-18T12:16:56.454+0700] {processor.py:914} INFO - Processing file /Users/andreasanditya/Downloads/572392_Andreas_AirflowETL/code/.venv/lib/python3.9/site-packages/airflow/example_dags/subdags/subdag.py for tasks to queue
[2026-09-18T12:16:56.455+0700] {logging_mixin.py:190} INFO - [2026-09-18T12:16:56.455+0700] {dagbag.py:588} INFO - Filling up the DagBag from /Users/andreasanditya/Downloads/572392_Andreas_AirflowETL/code/.venv/lib/python3.9/site-packages/airflow/example_dags/subdags/subdag.py
[2026-09-18T12:16:56.456+0700] {processor.py:927} WARNING - No viable dags retrieved from /Users/andreasanditya/Downloads/572392_Andreas_AirflowETL/code/.venv/lib/python3.9/site-packages/airflow/example_dags/subdags/subdag.py
[2026-09-18T12:16:56.537+0700] {processor.py:208} INFO - Processing /Users/andreasanditya/Downloads/572392_Andreas_AirflowETL/code/.venv/lib/python3.9/site-packages/airflow/example_dags/subdags/subdag.py took 0.087 seconds
[2026-09-18T12:18:27.413+0700] {processor.py:186} INFO - Started process (PID=50673) to work on /Users/andreasanditya/Downloads/572392_Andreas_AirflowETL/code/.venv/lib/python3.9/site-packages/airflow/example_dags/subdags/subdag.py
[2026-09-18T12:18:27.414+0700] {processor.py:914} INFO - Processing file /Users/andreasanditya/Downloads/572392_Andreas_AirflowETL/code/.venv/lib/python3.9/site-packages/airflow/example_dags/subdags/subdag.py for tasks to queue
[2026-09-18T12:18:27.415+0700] {logging_mixin.py:190} INFO - [2026-09-18T12:18:27.415+0700] {dagbag.py:588} INFO - Filling up the DagBag from /Users/andreasanditya/Downloads/572392_Andreas_AirflowETL/code/.venv/lib/python3.9/site-packages/airflow/example_dags/subdags/subdag.py
[2026-09-18T12:18:27.416+0700] {processor.py:927} WARNING - No viable dags retrieved from /Users/andreasanditya/Downloads/572392_Andreas_AirflowETL/code/.venv/lib/python3.9/site-packages/airflow/example_dags/subdags/subdag.py
[2026-09-18T12:18:27.499+0700] {processor.py:208} INFO - Processing /Users/andreasanditya/Downloads/572392_Andreas_AirflowETL/code/.venv/lib/python3.9/site-packages/airflow/example_dags/subdags/subdag.py took 0.087 seconds
[2026-09-18T12:19:54.885+0700] {processor.py:186} INFO - Started process (PID=52278) to work on /Users/andreasanditya/Downloads/572392_Andreas_AirflowETL/code/.venv/lib/python3.9/site-packages/airflow/example_dags/subdags/subdag.py
[2026-09-18T12:19:54.886+0700] {processor.py:914} INFO - Processing file /Users/andreasanditya/Downloads/572392_Andreas_AirflowETL/code/.venv/lib/python3.9/site-packages/airflow/example_dags/subdags/subdag.py for tasks to queue
[2026-09-18T12:19:54.887+0700] {logging_mixin.py:190} INFO - [2026-09-18T12:19:54.887+0700] {dagbag.py:588} INFO - Filling up the DagBag from /Users/andreasanditya/Downloads/572392_Andreas_AirflowETL/code/.venv/lib/python3.9/site-packages/airflow/example_dags/subdags/subdag.py
[2026-09-18T12:19:54.888+0700] {processor.py:927} WARNING - No viable dags retrieved from /Users/andreasanditya/Downloads/572392_Andreas_AirflowETL/code/.venv/lib/python3.9/site-packages/airflow/example_dags/subdags/subdag.py
[2026-09-18T12:19:54.972+0700] {processor.py:208} INFO - Processing /Users/andreasanditya/Downloads/572392_Andreas_AirflowETL/code/.venv/lib/python3.9/site-packages/airflow/example_dags/subdags/subdag.py took 0.089 seconds
[2026-09-18T12:21:22.681+0700] {processor.py:186} INFO - Started process (PID=53550) to work on /Users/andreasanditya/Downloads/572392_Andreas_AirflowETL/code/.venv/lib/python3.9/site-packages/airflow/example_dags/subdags/subdag.py
[2026-09-18T12:21:22.682+0700] {processor.py:914} INFO - Processing file /Users/andreasanditya/Downloads/572392_Andreas_AirflowETL/code/.venv/lib/python3.9/site-packages/airflow/example_dags/subdags/subdag.py for tasks to queue
[2026-09-18T12:21:22.683+0700] {logging_mixin.py:190} INFO - [2026-09-18T12:21:22.683+0700] {dagbag.py:588} INFO - Filling up the DagBag from /Users/andreasanditya/Downloads/572392_Andreas_AirflowETL/code/.venv/lib/python3.9/site-packages/airflow/example_dags/subdags/subdag.py
[2026-09-18T12:21:22.684+0700] {processor.py:927} WARNING - No viable dags retrieved from /Users/andreasanditya/Downloads/572392_Andreas_AirflowETL/code/.venv/lib/python3.9/site-packages/airflow/example_dags/subdags/subdag.py
[2026-09-18T12:21:22.774+0700] {processor.py:208} INFO - Processing /Users/andreasanditya/Downloads/572392_Andreas_AirflowETL/code/.venv/lib/python3.9/site-packages/airflow/example_dags/subdags/subdag.py took 0.095 seconds
[2026-09-18T12:22:49.948+0700] {processor.py:186} INFO - Started process (PID=54462) to work on /Users/andreasanditya/Downloads/572392_Andreas_AirflowETL/code/.venv/lib/python3.9/site-packages/airflow/example_dags/subdags/subdag.py
[2026-09-18T12:22:49.949+0700] {processor.py:914} INFO - Processing file /Users/andreasanditya/Downloads/572392_Andreas_AirflowETL/code/.venv/lib/python3.9/site-packages/airflow/example_dags/subdags/subdag.py for tasks to queue
[2026-09-18T12:22:49.949+0700] {logging_mixin.py:190} INFO - [2026-09-18T12:22:49.949+0700] {dagbag.py:588} INFO - Filling up the DagBag from /Users/andreasanditya/Downloads/572392_Andreas_AirflowETL/code/.venv/lib/python3.9/site-packages/airflow/example_dags/subdags/subdag.py
[2026-09-18T12:22:49.951+0700] {processor.py:927} WARNING - No viable dags retrieved from /Users/andreasanditya/Downloads/572392_Andreas_AirflowETL/code/.venv/lib/python3.9/site-packages/airflow/example_dags/subdags/subdag.py
[2026-09-18T12:22:50.032+0700] {processor.py:208} INFO - Processing /Users/andreasanditya/Downloads/572392_Andreas_AirflowETL/code/.venv/lib/python3.9/site-packages/airflow/example_dags/subdags/subdag.py took 0.086 seconds
[2026-09-18T12:24:15.663+0700] {processor.py:186} INFO - Started process (PID=55314) to work on /Users/andreasanditya/Downloads/572392_Andreas_AirflowETL/code/.venv/lib/python3.9/site-packages/airflow/example_dags/subdags/subdag.py
[2026-09-18T12:24:15.664+0700] {processor.py:914} INFO - Processing file /Users/andreasanditya/Downloads/572392_Andreas_AirflowETL/code/.venv/lib/python3.9/site-packages/airflow/example_dags/subdags/subdag.py for tasks to queue
[2026-09-18T12:24:15.664+0700] {logging_mixin.py:190} INFO - [2026-09-18T12:24:15.664+0700] {dagbag.py:588} INFO - Filling up the DagBag from /Users/andreasanditya/Downloads/572392_Andreas_AirflowETL/code/.venv/lib/python3.9/site-packages/airflow/example_dags/subdags/subdag.py
[2026-09-18T12:24:15.666+0700] {processor.py:927} WARNING - No viable dags retrieved from /Users/andreasanditya/Downloads/572392_Andreas_AirflowETL/code/.venv/lib/python3.9/site-packages/airflow/example_dags/subdags/subdag.py
[2026-09-18T12:24:15.745+0700] {processor.py:208} INFO - Processing /Users/andreasanditya/Downloads/572392_Andreas_AirflowETL/code/.venv/lib/python3.9/site-packages/airflow/example_dags/subdags/subdag.py took 0.085 seconds
[2026-09-18T12:25:42.591+0700] {processor.py:186} INFO - Started process (PID=56305) to work on /Users/andreasanditya/Downloads/572392_Andreas_AirflowETL/code/.venv/lib/python3.9/site-packages/airflow/example_dags/subdags/subdag.py
[2026-09-18T12:25:42.592+0700] {processor.py:914} INFO - Processing file /Users/andreasanditya/Downloads/572392_Andreas_AirflowETL/code/.venv/lib/python3.9/site-packages/airflow/example_dags/subdags/subdag.py for tasks to queue
[2026-09-18T12:25:42.593+0700] {logging_mixin.py:190} INFO - [2026-09-18T12:25:42.593+0700] {dagbag.py:588} INFO - Filling up the DagBag from /Users/andreasanditya/Downloads/572392_Andreas_AirflowETL/code/.venv/lib/python3.9/site-packages/airflow/example_dags/subdags/subdag.py
[2026-09-18T12:25:42.594+0700] {processor.py:927} WARNING - No viable dags retrieved from /Users/andreasanditya/Downloads/572392_Andreas_AirflowETL/code/.venv/lib/python3.9/site-packages/airflow/example_dags/subdags/subdag.py
[2026-09-18T12:25:42.675+0700] {processor.py:208} INFO - Processing /Users/andreasanditya/Downloads/572392_Andreas_AirflowETL/code/.venv/lib/python3.9/site-packages/airflow/example_dags/subdags/subdag.py took 0.086 seconds
[2026-09-18T12:27:08.800+0700] {processor.py:186} INFO - Started process (PID=57212) to work on /Users/andreasanditya/Downloads/572392_Andreas_AirflowETL/code/.venv/lib/python3.9/site-packages/airflow/example_dags/subdags/subdag.py
[2026-09-18T12:27:08.801+0700] {processor.py:914} INFO - Processing file /Users/andreasanditya/Downloads/572392_Andreas_AirflowETL/code/.venv/lib/python3.9/site-packages/airflow/example_dags/subdags/subdag.py for tasks to queue
[2026-09-18T12:27:08.801+0700] {logging_mixin.py:190} INFO - [2026-09-18T12:27:08.801+0700] {dagbag.py:588} INFO - Filling up the DagBag from /Users/andreasanditya/Downloads/572392_Andreas_AirflowETL/code/.venv/lib/python3.9/site-packages/airflow/example_dags/subdags/subdag.py
[2026-09-18T12:27:08.803+0700] {processor.py:927} WARNING - No viable dags retrieved from /Users/andreasanditya/Downloads/572392_Andreas_AirflowETL/code/.venv/lib/python3.9/site-packages/airflow/example_dags/subdags/subdag.py
[2026-09-18T12:27:08.884+0700] {processor.py:208} INFO - Processing /Users/andreasanditya/Downloads/572392_Andreas_AirflowETL/code/.venv/lib/python3.9/site-packages/airflow/example_dags/subdags/subdag.py took 0.086 seconds
[2026-09-18T12:28:36.199+0700] {processor.py:186} INFO - Started process (PID=58062) to work on /Users/andreasanditya/Downloads/572392_Andreas_AirflowETL/code/.venv/lib/python3.9/site-packages/airflow/example_dags/subdags/subdag.py
[2026-09-18T12:28:36.200+0700] {processor.py:914} INFO - Processing file /Users/andreasanditya/Downloads/572392_Andreas_AirflowETL/code/.venv/lib/python3.9/site-packages/airflow/example_dags/subdags/subdag.py for tasks to queue
[2026-09-18T12:28:36.200+0700] {logging_mixin.py:190} INFO - [2026-09-18T12:28:36.200+0700] {dagbag.py:588} INFO - Filling up the DagBag from /Users/andreasanditya/Downloads/572392_Andreas_AirflowETL/code/.venv/lib/python3.9/site-packages/airflow/example_dags/subdags/subdag.py
[2026-09-18T12:28:36.202+0700] {processor.py:927} WARNING - No viable dags retrieved from /Users/andreasanditya/Downloads/572392_Andreas_AirflowETL/code/.venv/lib/python3.9/site-packages/airflow/example_dags/subdags/subdag.py
[2026-09-18T12:28:36.282+0700] {processor.py:208} INFO - Processing /Users/andreasanditya/Downloads/572392_Andreas_AirflowETL/code/.venv/lib/python3.9/site-packages/airflow/example_dags/subdags/subdag.py took 0.085 seconds
[2026-09-18T12:29:58.786+0700] {processor.py:186} INFO - Started process (PID=58907) to work on /Users/andreasanditya/Downloads/572392_Andreas_AirflowETL/code/.venv/lib/python3.9/site-packages/airflow/example_dags/subdags/subdag.py
[2026-09-18T12:29:58.787+0700] {processor.py:914} INFO - Processing file /Users/andreasanditya/Downloads/572392_Andreas_AirflowETL/code/.venv/lib/python3.9/site-packages/airflow/example_dags/subdags/subdag.py for tasks to queue
[2026-09-18T12:29:58.788+0700] {logging_mixin.py:190} INFO - [2026-09-18T12:29:58.788+0700] {dagbag.py:588} INFO - Filling up the DagBag from /Users/andreasanditya/Downloads/572392_Andreas_AirflowETL/code/.venv/lib/python3.9/site-packages/airflow/example_dags/subdags/subdag.py
[2026-09-18T12:29:58.789+0700] {processor.py:927} WARNING - No viable dags retrieved from /Users/andreasanditya/Downloads/572392_Andreas_AirflowETL/code/.venv/lib/python3.9/site-packages/airflow/example_dags/subdags/subdag.py
[2026-09-18T12:29:58.871+0700] {processor.py:208} INFO - Processing /Users/andreasanditya/Downloads/572392_Andreas_AirflowETL/code/.venv/lib/python3.9/site-packages/airflow/example_dags/subdags/subdag.py took 0.086 seconds
[2026-09-18T12:31:23.237+0700] {processor.py:186} INFO - Started process (PID=59813) to work on /Users/andreasanditya/Downloads/572392_Andreas_AirflowETL/code/.venv/lib/python3.9/site-packages/airflow/example_dags/subdags/subdag.py
[2026-09-18T12:31:23.238+0700] {processor.py:914} INFO - Processing file /Users/andreasanditya/Downloads/572392_Andreas_AirflowETL/code/.venv/lib/python3.9/site-packages/airflow/example_dags/subdags/subdag.py for tasks to queue
[2026-09-18T12:31:23.239+0700] {logging_mixin.py:190} INFO - [2026-09-18T12:31:23.238+0700] {dagbag.py:588} INFO - Filling up the DagBag from /Users/andreasanditya/Downloads/572392_Andreas_AirflowETL/code/.venv/lib/python3.9/site-packages/airflow/example_dags/subdags/subdag.py
[2026-09-18T12:31:23.240+0700] {processor.py:927} WARNING - No viable dags retrieved from /Users/andreasanditya/Downloads/572392_Andreas_AirflowETL/code/.venv/lib/python3.9/site-packages/airflow/example_dags/subdags/subdag.py
[2026-09-18T12:31:23.320+0700] {processor.py:208} INFO - Processing /Users/andreasanditya/Downloads/572392_Andreas_AirflowETL/code/.venv/lib/python3.9/site-packages/airflow/example_dags/subdags/subdag.py took 0.085 seconds
[2026-09-18T12:32:45.823+0700] {processor.py:186} INFO - Started process (PID=60658) to work on /Users/andreasanditya/Downloads/572392_Andreas_AirflowETL/code/.venv/lib/python3.9/site-packages/airflow/example_dags/subdags/subdag.py
[2026-09-18T12:32:45.824+0700] {processor.py:914} INFO - Processing file /Users/andreasanditya/Downloads/572392_Andreas_AirflowETL/code/.venv/lib/python3.9/site-packages/airflow/example_dags/subdags/subdag.py for tasks to queue
[2026-09-18T12:32:45.825+0700] {logging_mixin.py:190} INFO - [2026-09-18T12:32:45.825+0700] {dagbag.py:588} INFO - Filling up the DagBag from /Users/andreasanditya/Downloads/572392_Andreas_AirflowETL/code/.venv/lib/python3.9/site-packages/airflow/example_dags/subdags/subdag.py
[2026-09-18T12:32:45.826+0700] {processor.py:927} WARNING - No viable dags retrieved from /Users/andreasanditya/Downloads/572392_Andreas_AirflowETL/code/.venv/lib/python3.9/site-packages/airflow/example_dags/subdags/subdag.py
[2026-09-18T12:32:45.906+0700] {processor.py:208} INFO - Processing /Users/andreasanditya/Downloads/572392_Andreas_AirflowETL/code/.venv/lib/python3.9/site-packages/airflow/example_dags/subdags/subdag.py took 0.085 seconds
[2026-09-18T12:34:13.032+0700] {processor.py:186} INFO - Started process (PID=61513) to work on /Users/andreasanditya/Downloads/572392_Andreas_AirflowETL/code/.venv/lib/python3.9/site-packages/airflow/example_dags/subdags/subdag.py
[2026-09-18T12:34:13.033+0700] {processor.py:914} INFO - Processing file /Users/andreasanditya/Downloads/572392_Andreas_AirflowETL/code/.venv/lib/python3.9/site-packages/airflow/example_dags/subdags/subdag.py for tasks to queue
[2026-09-18T12:34:13.034+0700] {logging_mixin.py:190} INFO - [2026-09-18T12:34:13.034+0700] {dagbag.py:588} INFO - Filling up the DagBag from /Users/andreasanditya/Downloads/572392_Andreas_AirflowETL/code/.venv/lib/python3.9/site-packages/airflow/example_dags/subdags/subdag.py
[2026-09-18T12:34:13.035+0700] {processor.py:927} WARNING - No viable dags retrieved from /Users/andreasanditya/Downloads/572392_Andreas_AirflowETL/code/.venv/lib/python3.9/site-packages/airflow/example_dags/subdags/subdag.py
[2026-09-18T12:34:13.117+0700] {processor.py:208} INFO - Processing /Users/andreasanditya/Downloads/572392_Andreas_AirflowETL/code/.venv/lib/python3.9/site-packages/airflow/example_dags/subdags/subdag.py took 0.087 seconds
[2026-09-18T12:35:38.769+0700] {processor.py:186} INFO - Started process (PID=62412) to work on /Users/andreasanditya/Downloads/572392_Andreas_AirflowETL/code/.venv/lib/python3.9/site-packages/airflow/example_dags/subdags/subdag.py
[2026-09-18T12:35:38.770+0700] {processor.py:914} INFO - Processing file /Users/andreasanditya/Downloads/572392_Andreas_AirflowETL/code/.venv/lib/python3.9/site-packages/airflow/example_dags/subdags/subdag.py for tasks to queue
[2026-09-18T12:35:38.771+0700] {logging_mixin.py:190} INFO - [2026-09-18T12:35:38.771+0700] {dagbag.py:588} INFO - Filling up the DagBag from /Users/andreasanditya/Downloads/572392_Andreas_AirflowETL/code/.venv/lib/python3.9/site-packages/airflow/example_dags/subdags/subdag.py
[2026-09-18T12:35:38.772+0700] {processor.py:927} WARNING - No viable dags retrieved from /Users/andreasanditya/Downloads/572392_Andreas_AirflowETL/code/.venv/lib/python3.9/site-packages/airflow/example_dags/subdags/subdag.py
[2026-09-18T12:35:38.852+0700] {processor.py:208} INFO - Processing /Users/andreasanditya/Downloads/572392_Andreas_AirflowETL/code/.venv/lib/python3.9/site-packages/airflow/example_dags/subdags/subdag.py took 0.085 seconds
[2026-09-18T12:37:02.249+0700] {processor.py:186} INFO - Started process (PID=63266) to work on /Users/andreasanditya/Downloads/572392_Andreas_AirflowETL/code/.venv/lib/python3.9/site-packages/airflow/example_dags/subdags/subdag.py
[2026-09-18T12:37:02.251+0700] {processor.py:914} INFO - Processing file /Users/andreasanditya/Downloads/572392_Andreas_AirflowETL/code/.venv/lib/python3.9/site-packages/airflow/example_dags/subdags/subdag.py for tasks to queue
[2026-09-18T12:37:02.251+0700] {logging_mixin.py:190} INFO - [2026-09-18T12:37:02.251+0700] {dagbag.py:588} INFO - Filling up the DagBag from /Users/andreasanditya/Downloads/572392_Andreas_AirflowETL/code/.venv/lib/python3.9/site-packages/airflow/example_dags/subdags/subdag.py
[2026-09-18T12:37:02.253+0700] {processor.py:927} WARNING - No viable dags retrieved from /Users/andreasanditya/Downloads/572392_Andreas_AirflowETL/code/.venv/lib/python3.9/site-packages/airflow/example_dags/subdags/subdag.py
[2026-09-18T12:37:02.333+0700] {processor.py:208} INFO - Processing /Users/andreasanditya/Downloads/572392_Andreas_AirflowETL/code/.venv/lib/python3.9/site-packages/airflow/example_dags/subdags/subdag.py took 0.086 seconds
[2026-09-18T12:38:29.376+0700] {processor.py:186} INFO - Started process (PID=64193) to work on /Users/andreasanditya/Downloads/572392_Andreas_AirflowETL/code/.venv/lib/python3.9/site-packages/airflow/example_dags/subdags/subdag.py
[2026-09-18T12:38:29.377+0700] {processor.py:914} INFO - Processing file /Users/andreasanditya/Downloads/572392_Andreas_AirflowETL/code/.venv/lib/python3.9/site-packages/airflow/example_dags/subdags/subdag.py for tasks to queue
[2026-09-18T12:38:29.377+0700] {logging_mixin.py:190} INFO - [2026-09-18T12:38:29.377+0700] {dagbag.py:588} INFO - Filling up the DagBag from /Users/andreasanditya/Downloads/572392_Andreas_AirflowETL/code/.venv/lib/python3.9/site-packages/airflow/example_dags/subdags/subdag.py
[2026-09-18T12:38:29.379+0700] {processor.py:927} WARNING - No viable dags retrieved from /Users/andreasanditya/Downloads/572392_Andreas_AirflowETL/code/.venv/lib/python3.9/site-packages/airflow/example_dags/subdags/subdag.py
[2026-09-18T12:38:29.459+0700] {processor.py:208} INFO - Processing /Users/andreasanditya/Downloads/572392_Andreas_AirflowETL/code/.venv/lib/python3.9/site-packages/airflow/example_dags/subdags/subdag.py took 0.086 seconds
[2026-09-18T12:39:57.486+0700] {processor.py:186} INFO - Started process (PID=65108) to work on /Users/andreasanditya/Downloads/572392_Andreas_AirflowETL/code/.venv/lib/python3.9/site-packages/airflow/example_dags/subdags/subdag.py
[2026-09-18T12:39:57.487+0700] {processor.py:914} INFO - Processing file /Users/andreasanditya/Downloads/572392_Andreas_AirflowETL/code/.venv/lib/python3.9/site-packages/airflow/example_dags/subdags/subdag.py for tasks to queue
[2026-09-18T12:39:57.488+0700] {logging_mixin.py:190} INFO - [2026-09-18T12:39:57.488+0700] {dagbag.py:588} INFO - Filling up the DagBag from /Users/andreasanditya/Downloads/572392_Andreas_AirflowETL/code/.venv/lib/python3.9/site-packages/airflow/example_dags/subdags/subdag.py
[2026-09-18T12:39:57.489+0700] {processor.py:927} WARNING - No viable dags retrieved from /Users/andreasanditya/Downloads/572392_Andreas_AirflowETL/code/.venv/lib/python3.9/site-packages/airflow/example_dags/subdags/subdag.py
[2026-09-18T12:39:57.571+0700] {processor.py:208} INFO - Processing /Users/andreasanditya/Downloads/572392_Andreas_AirflowETL/code/.venv/lib/python3.9/site-packages/airflow/example_dags/subdags/subdag.py took 0.087 seconds
[2026-09-18T12:41:25.261+0700] {processor.py:186} INFO - Started process (PID=65933) to work on /Users/andreasanditya/Downloads/572392_Andreas_AirflowETL/code/.venv/lib/python3.9/site-packages/airflow/example_dags/subdags/subdag.py
[2026-09-18T12:41:25.262+0700] {processor.py:914} INFO - Processing file /Users/andreasanditya/Downloads/572392_Andreas_AirflowETL/code/.venv/lib/python3.9/site-packages/airflow/example_dags/subdags/subdag.py for tasks to queue
[2026-09-18T12:41:25.262+0700] {logging_mixin.py:190} INFO - [2026-09-18T12:41:25.262+0700] {dagbag.py:588} INFO - Filling up the DagBag from /Users/andreasanditya/Downloads/572392_Andreas_AirflowETL/code/.venv/lib/python3.9/site-packages/airflow/example_dags/subdags/subdag.py
[2026-09-18T12:41:25.264+0700] {processor.py:927} WARNING - No viable dags retrieved from /Users/andreasanditya/Downloads/572392_Andreas_AirflowETL/code/.venv/lib/python3.9/site-packages/airflow/example_dags/subdags/subdag.py
[2026-09-18T12:41:25.344+0700] {processor.py:208} INFO - Processing /Users/andreasanditya/Downloads/572392_Andreas_AirflowETL/code/.venv/lib/python3.9/site-packages/airflow/example_dags/subdags/subdag.py took 0.086 seconds
[2026-09-18T12:42:49.809+0700] {processor.py:186} INFO - Started process (PID=66850) to work on /Users/andreasanditya/Downloads/572392_Andreas_AirflowETL/code/.venv/lib/python3.9/site-packages/airflow/example_dags/subdags/subdag.py
[2026-09-18T12:42:49.810+0700] {processor.py:914} INFO - Processing file /Users/andreasanditya/Downloads/572392_Andreas_AirflowETL/code/.venv/lib/python3.9/site-packages/airflow/example_dags/subdags/subdag.py for tasks to queue
[2026-09-18T12:42:49.810+0700] {logging_mixin.py:190} INFO - [2026-09-18T12:42:49.810+0700] {dagbag.py:588} INFO - Filling up the DagBag from /Users/andreasanditya/Downloads/572392_Andreas_AirflowETL/code/.venv/lib/python3.9/site-packages/airflow/example_dags/subdags/subdag.py
[2026-09-18T12:42:49.811+0700] {processor.py:927} WARNING - No viable dags retrieved from /Users/andreasanditya/Downloads/572392_Andreas_AirflowETL/code/.venv/lib/python3.9/site-packages/airflow/example_dags/subdags/subdag.py
[2026-09-18T12:42:49.892+0700] {processor.py:208} INFO - Processing /Users/andreasanditya/Downloads/572392_Andreas_AirflowETL/code/.venv/lib/python3.9/site-packages/airflow/example_dags/subdags/subdag.py took 0.085 seconds
[2026-09-18T12:44:15.973+0700] {processor.py:186} INFO - Started process (PID=67687) to work on /Users/andreasanditya/Downloads/572392_Andreas_AirflowETL/code/.venv/lib/python3.9/site-packages/airflow/example_dags/subdags/subdag.py
[2026-09-18T12:44:15.974+0700] {processor.py:914} INFO - Processing file /Users/andreasanditya/Downloads/572392_Andreas_AirflowETL/code/.venv/lib/python3.9/site-packages/airflow/example_dags/subdags/subdag.py for tasks to queue
[2026-09-18T12:44:15.975+0700] {logging_mixin.py:190} INFO - [2026-09-18T12:44:15.975+0700] {dagbag.py:588} INFO - Filling up the DagBag from /Users/andreasanditya/Downloads/572392_Andreas_AirflowETL/code/.venv/lib/python3.9/site-packages/airflow/example_dags/subdags/subdag.py
[2026-09-18T12:44:15.976+0700] {processor.py:927} WARNING - No viable dags retrieved from /Users/andreasanditya/Downloads/572392_Andreas_AirflowETL/code/.venv/lib/python3.9/site-packages/airflow/example_dags/subdags/subdag.py
[2026-09-18T12:44:16.057+0700] {processor.py:208} INFO - Processing /Users/andreasanditya/Downloads/572392_Andreas_AirflowETL/code/.venv/lib/python3.9/site-packages/airflow/example_dags/subdags/subdag.py took 0.085 seconds
[2026-09-18T12:45:42.713+0700] {processor.py:186} INFO - Started process (PID=68614) to work on /Users/andreasanditya/Downloads/572392_Andreas_AirflowETL/code/.venv/lib/python3.9/site-packages/airflow/example_dags/subdags/subdag.py
[2026-09-18T12:45:42.714+0700] {processor.py:914} INFO - Processing file /Users/andreasanditya/Downloads/572392_Andreas_AirflowETL/code/.venv/lib/python3.9/site-packages/airflow/example_dags/subdags/subdag.py for tasks to queue
[2026-09-18T12:45:42.715+0700] {logging_mixin.py:190} INFO - [2026-09-18T12:45:42.714+0700] {dagbag.py:588} INFO - Filling up the DagBag from /Users/andreasanditya/Downloads/572392_Andreas_AirflowETL/code/.venv/lib/python3.9/site-packages/airflow/example_dags/subdags/subdag.py
[2026-09-18T12:45:42.716+0700] {processor.py:927} WARNING - No viable dags retrieved from /Users/andreasanditya/Downloads/572392_Andreas_AirflowETL/code/.venv/lib/python3.9/site-packages/airflow/example_dags/subdags/subdag.py
[2026-09-18T12:45:42.796+0700] {processor.py:208} INFO - Processing /Users/andreasanditya/Downloads/572392_Andreas_AirflowETL/code/.venv/lib/python3.9/site-packages/airflow/example_dags/subdags/subdag.py took 0.085 seconds
[2026-09-18T12:47:09.799+0700] {processor.py:186} INFO - Started process (PID=69437) to work on /Users/andreasanditya/Downloads/572392_Andreas_AirflowETL/code/.venv/lib/python3.9/site-packages/airflow/example_dags/subdags/subdag.py
[2026-09-18T12:47:09.800+0700] {processor.py:914} INFO - Processing file /Users/andreasanditya/Downloads/572392_Andreas_AirflowETL/code/.venv/lib/python3.9/site-packages/airflow/example_dags/subdags/subdag.py for tasks to queue
[2026-09-18T12:47:09.801+0700] {logging_mixin.py:190} INFO - [2026-09-18T12:47:09.801+0700] {dagbag.py:588} INFO - Filling up the DagBag from /Users/andreasanditya/Downloads/572392_Andreas_AirflowETL/code/.venv/lib/python3.9/site-packages/airflow/example_dags/subdags/subdag.py
[2026-09-18T12:47:09.802+0700] {processor.py:927} WARNING - No viable dags retrieved from /Users/andreasanditya/Downloads/572392_Andreas_AirflowETL/code/.venv/lib/python3.9/site-packages/airflow/example_dags/subdags/subdag.py
[2026-09-18T12:47:09.885+0700] {processor.py:208} INFO - Processing /Users/andreasanditya/Downloads/572392_Andreas_AirflowETL/code/.venv/lib/python3.9/site-packages/airflow/example_dags/subdags/subdag.py took 0.087 seconds
[2026-09-18T12:48:35.541+0700] {processor.py:186} INFO - Started process (PID=70345) to work on /Users/andreasanditya/Downloads/572392_Andreas_AirflowETL/code/.venv/lib/python3.9/site-packages/airflow/example_dags/subdags/subdag.py
[2026-09-18T12:48:35.542+0700] {processor.py:914} INFO - Processing file /Users/andreasanditya/Downloads/572392_Andreas_AirflowETL/code/.venv/lib/python3.9/site-packages/airflow/example_dags/subdags/subdag.py for tasks to queue
[2026-09-18T12:48:35.543+0700] {logging_mixin.py:190} INFO - [2026-09-18T12:48:35.543+0700] {dagbag.py:588} INFO - Filling up the DagBag from /Users/andreasanditya/Downloads/572392_Andreas_AirflowETL/code/.venv/lib/python3.9/site-packages/airflow/example_dags/subdags/subdag.py
[2026-09-18T12:48:35.544+0700] {processor.py:927} WARNING - No viable dags retrieved from /Users/andreasanditya/Downloads/572392_Andreas_AirflowETL/code/.venv/lib/python3.9/site-packages/airflow/example_dags/subdags/subdag.py
[2026-09-18T12:48:35.624+0700] {processor.py:208} INFO - Processing /Users/andreasanditya/Downloads/572392_Andreas_AirflowETL/code/.venv/lib/python3.9/site-packages/airflow/example_dags/subdags/subdag.py took 0.085 seconds
[2026-09-18T12:49:59.927+0700] {processor.py:186} INFO - Started process (PID=71187) to work on /Users/andreasanditya/Downloads/572392_Andreas_AirflowETL/code/.venv/lib/python3.9/site-packages/airflow/example_dags/subdags/subdag.py
[2026-09-18T12:49:59.928+0700] {processor.py:914} INFO - Processing file /Users/andreasanditya/Downloads/572392_Andreas_AirflowETL/code/.venv/lib/python3.9/site-packages/airflow/example_dags/subdags/subdag.py for tasks to queue
[2026-09-18T12:49:59.929+0700] {logging_mixin.py:190} INFO - [2026-09-18T12:49:59.929+0700] {dagbag.py:588} INFO - Filling up the DagBag from /Users/andreasanditya/Downloads/572392_Andreas_AirflowETL/code/.venv/lib/python3.9/site-packages/airflow/example_dags/subdags/subdag.py
[2026-09-18T12:49:59.930+0700] {processor.py:927} WARNING - No viable dags retrieved from /Users/andreasanditya/Downloads/572392_Andreas_AirflowETL/code/.venv/lib/python3.9/site-packages/airflow/example_dags/subdags/subdag.py
[2026-09-18T12:50:00.010+0700] {processor.py:208} INFO - Processing /Users/andreasanditya/Downloads/572392_Andreas_AirflowETL/code/.venv/lib/python3.9/site-packages/airflow/example_dags/subdags/subdag.py took 0.085 seconds
[2026-09-18T12:51:24.431+0700] {processor.py:186} INFO - Started process (PID=72001) to work on /Users/andreasanditya/Downloads/572392_Andreas_AirflowETL/code/.venv/lib/python3.9/site-packages/airflow/example_dags/subdags/subdag.py
[2026-09-18T12:51:24.433+0700] {processor.py:914} INFO - Processing file /Users/andreasanditya/Downloads/572392_Andreas_AirflowETL/code/.venv/lib/python3.9/site-packages/airflow/example_dags/subdags/subdag.py for tasks to queue
[2026-09-18T12:51:24.434+0700] {logging_mixin.py:190} INFO - [2026-09-18T12:51:24.434+0700] {dagbag.py:588} INFO - Filling up the DagBag from /Users/andreasanditya/Downloads/572392_Andreas_AirflowETL/code/.venv/lib/python3.9/site-packages/airflow/example_dags/subdags/subdag.py
[2026-09-18T12:51:24.435+0700] {processor.py:927} WARNING - No viable dags retrieved from /Users/andreasanditya/Downloads/572392_Andreas_AirflowETL/code/.venv/lib/python3.9/site-packages/airflow/example_dags/subdags/subdag.py
[2026-09-18T12:51:24.519+0700] {processor.py:208} INFO - Processing /Users/andreasanditya/Downloads/572392_Andreas_AirflowETL/code/.venv/lib/python3.9/site-packages/airflow/example_dags/subdags/subdag.py took 0.090 seconds
[2026-09-18T12:52:48.336+0700] {processor.py:186} INFO - Started process (PID=72926) to work on /Users/andreasanditya/Downloads/572392_Andreas_AirflowETL/code/.venv/lib/python3.9/site-packages/airflow/example_dags/subdags/subdag.py
[2026-09-18T12:52:48.337+0700] {processor.py:914} INFO - Processing file /Users/andreasanditya/Downloads/572392_Andreas_AirflowETL/code/.venv/lib/python3.9/site-packages/airflow/example_dags/subdags/subdag.py for tasks to queue
[2026-09-18T12:52:48.338+0700] {logging_mixin.py:190} INFO - [2026-09-18T12:52:48.338+0700] {dagbag.py:588} INFO - Filling up the DagBag from /Users/andreasanditya/Downloads/572392_Andreas_AirflowETL/code/.venv/lib/python3.9/site-packages/airflow/example_dags/subdags/subdag.py
[2026-09-18T12:52:48.339+0700] {processor.py:927} WARNING - No viable dags retrieved from /Users/andreasanditya/Downloads/572392_Andreas_AirflowETL/code/.venv/lib/python3.9/site-packages/airflow/example_dags/subdags/subdag.py
[2026-09-18T12:52:48.420+0700] {processor.py:208} INFO - Processing /Users/andreasanditya/Downloads/572392_Andreas_AirflowETL/code/.venv/lib/python3.9/site-packages/airflow/example_dags/subdags/subdag.py took 0.085 seconds
[2026-09-18T12:54:13.298+0700] {processor.py:186} INFO - Started process (PID=73778) to work on /Users/andreasanditya/Downloads/572392_Andreas_AirflowETL/code/.venv/lib/python3.9/site-packages/airflow/example_dags/subdags/subdag.py
[2026-09-18T12:54:13.299+0700] {processor.py:914} INFO - Processing file /Users/andreasanditya/Downloads/572392_Andreas_AirflowETL/code/.venv/lib/python3.9/site-packages/airflow/example_dags/subdags/subdag.py for tasks to queue
[2026-09-18T12:54:13.300+0700] {logging_mixin.py:190} INFO - [2026-09-18T12:54:13.300+0700] {dagbag.py:588} INFO - Filling up the DagBag from /Users/andreasanditya/Downloads/572392_Andreas_AirflowETL/code/.venv/lib/python3.9/site-packages/airflow/example_dags/subdags/subdag.py
[2026-09-18T12:54:13.301+0700] {processor.py:927} WARNING - No viable dags retrieved from /Users/andreasanditya/Downloads/572392_Andreas_AirflowETL/code/.venv/lib/python3.9/site-packages/airflow/example_dags/subdags/subdag.py
[2026-09-18T12:54:13.391+0700] {processor.py:208} INFO - Processing /Users/andreasanditya/Downloads/572392_Andreas_AirflowETL/code/.venv/lib/python3.9/site-packages/airflow/example_dags/subdags/subdag.py took 0.095 seconds
[2026-09-18T12:55:36.902+0700] {processor.py:186} INFO - Started process (PID=74607) to work on /Users/andreasanditya/Downloads/572392_Andreas_AirflowETL/code/.venv/lib/python3.9/site-packages/airflow/example_dags/subdags/subdag.py
[2026-09-18T12:55:36.903+0700] {processor.py:914} INFO - Processing file /Users/andreasanditya/Downloads/572392_Andreas_AirflowETL/code/.venv/lib/python3.9/site-packages/airflow/example_dags/subdags/subdag.py for tasks to queue
[2026-09-18T12:55:36.904+0700] {logging_mixin.py:190} INFO - [2026-09-18T12:55:36.904+0700] {dagbag.py:588} INFO - Filling up the DagBag from /Users/andreasanditya/Downloads/572392_Andreas_AirflowETL/code/.venv/lib/python3.9/site-packages/airflow/example_dags/subdags/subdag.py
[2026-09-18T12:55:36.905+0700] {processor.py:927} WARNING - No viable dags retrieved from /Users/andreasanditya/Downloads/572392_Andreas_AirflowETL/code/.venv/lib/python3.9/site-packages/airflow/example_dags/subdags/subdag.py
[2026-09-18T12:55:36.985+0700] {processor.py:208} INFO - Processing /Users/andreasanditya/Downloads/572392_Andreas_AirflowETL/code/.venv/lib/python3.9/site-packages/airflow/example_dags/subdags/subdag.py took 0.085 seconds
[2026-09-18T12:57:03.146+0700] {processor.py:186} INFO - Started process (PID=75524) to work on /Users/andreasanditya/Downloads/572392_Andreas_AirflowETL/code/.venv/lib/python3.9/site-packages/airflow/example_dags/subdags/subdag.py
[2026-09-18T12:57:03.147+0700] {processor.py:914} INFO - Processing file /Users/andreasanditya/Downloads/572392_Andreas_AirflowETL/code/.venv/lib/python3.9/site-packages/airflow/example_dags/subdags/subdag.py for tasks to queue
[2026-09-18T12:57:03.147+0700] {logging_mixin.py:190} INFO - [2026-09-18T12:57:03.147+0700] {dagbag.py:588} INFO - Filling up the DagBag from /Users/andreasanditya/Downloads/572392_Andreas_AirflowETL/code/.venv/lib/python3.9/site-packages/airflow/example_dags/subdags/subdag.py
[2026-09-18T12:57:03.148+0700] {processor.py:927} WARNING - No viable dags retrieved from /Users/andreasanditya/Downloads/572392_Andreas_AirflowETL/code/.venv/lib/python3.9/site-packages/airflow/example_dags/subdags/subdag.py
[2026-09-18T12:57:03.228+0700] {processor.py:208} INFO - Processing /Users/andreasanditya/Downloads/572392_Andreas_AirflowETL/code/.venv/lib/python3.9/site-packages/airflow/example_dags/subdags/subdag.py took 0.085 seconds
[2026-09-18T12:58:28.022+0700] {processor.py:186} INFO - Started process (PID=76384) to work on /Users/andreasanditya/Downloads/572392_Andreas_AirflowETL/code/.venv/lib/python3.9/site-packages/airflow/example_dags/subdags/subdag.py
[2026-09-18T12:58:28.023+0700] {processor.py:914} INFO - Processing file /Users/andreasanditya/Downloads/572392_Andreas_AirflowETL/code/.venv/lib/python3.9/site-packages/airflow/example_dags/subdags/subdag.py for tasks to queue
[2026-09-18T12:58:28.024+0700] {logging_mixin.py:190} INFO - [2026-09-18T12:58:28.024+0700] {dagbag.py:588} INFO - Filling up the DagBag from /Users/andreasanditya/Downloads/572392_Andreas_AirflowETL/code/.venv/lib/python3.9/site-packages/airflow/example_dags/subdags/subdag.py
[2026-09-18T12:58:28.025+0700] {processor.py:927} WARNING - No viable dags retrieved from /Users/andreasanditya/Downloads/572392_Andreas_AirflowETL/code/.venv/lib/python3.9/site-packages/airflow/example_dags/subdags/subdag.py
[2026-09-18T12:58:28.108+0700] {processor.py:208} INFO - Processing /Users/andreasanditya/Downloads/572392_Andreas_AirflowETL/code/.venv/lib/python3.9/site-packages/airflow/example_dags/subdags/subdag.py took 0.088 seconds
[2026-09-18T12:59:55.304+0700] {processor.py:186} INFO - Started process (PID=77289) to work on /Users/andreasanditya/Downloads/572392_Andreas_AirflowETL/code/.venv/lib/python3.9/site-packages/airflow/example_dags/subdags/subdag.py
[2026-09-18T12:59:55.305+0700] {processor.py:914} INFO - Processing file /Users/andreasanditya/Downloads/572392_Andreas_AirflowETL/code/.venv/lib/python3.9/site-packages/airflow/example_dags/subdags/subdag.py for tasks to queue
[2026-09-18T12:59:55.305+0700] {logging_mixin.py:190} INFO - [2026-09-18T12:59:55.305+0700] {dagbag.py:588} INFO - Filling up the DagBag from /Users/andreasanditya/Downloads/572392_Andreas_AirflowETL/code/.venv/lib/python3.9/site-packages/airflow/example_dags/subdags/subdag.py
[2026-09-18T12:59:55.307+0700] {processor.py:927} WARNING - No viable dags retrieved from /Users/andreasanditya/Downloads/572392_Andreas_AirflowETL/code/.venv/lib/python3.9/site-packages/airflow/example_dags/subdags/subdag.py
[2026-09-18T12:59:55.386+0700] {processor.py:208} INFO - Processing /Users/andreasanditya/Downloads/572392_Andreas_AirflowETL/code/.venv/lib/python3.9/site-packages/airflow/example_dags/subdags/subdag.py took 0.084 seconds
[2026-09-18T13:01:21.299+0700] {processor.py:186} INFO - Started process (PID=78126) to work on /Users/andreasanditya/Downloads/572392_Andreas_AirflowETL/code/.venv/lib/python3.9/site-packages/airflow/example_dags/subdags/subdag.py
[2026-09-18T13:01:21.301+0700] {processor.py:914} INFO - Processing file /Users/andreasanditya/Downloads/572392_Andreas_AirflowETL/code/.venv/lib/python3.9/site-packages/airflow/example_dags/subdags/subdag.py for tasks to queue
[2026-09-18T13:01:21.301+0700] {logging_mixin.py:190} INFO - [2026-09-18T13:01:21.301+0700] {dagbag.py:588} INFO - Filling up the DagBag from /Users/andreasanditya/Downloads/572392_Andreas_AirflowETL/code/.venv/lib/python3.9/site-packages/airflow/example_dags/subdags/subdag.py
[2026-09-18T13:01:21.303+0700] {processor.py:927} WARNING - No viable dags retrieved from /Users/andreasanditya/Downloads/572392_Andreas_AirflowETL/code/.venv/lib/python3.9/site-packages/airflow/example_dags/subdags/subdag.py
[2026-09-18T13:01:21.383+0700] {processor.py:208} INFO - Processing /Users/andreasanditya/Downloads/572392_Andreas_AirflowETL/code/.venv/lib/python3.9/site-packages/airflow/example_dags/subdags/subdag.py took 0.085 seconds
[2026-09-18T13:02:48.235+0700] {processor.py:186} INFO - Started process (PID=79060) to work on /Users/andreasanditya/Downloads/572392_Andreas_AirflowETL/code/.venv/lib/python3.9/site-packages/airflow/example_dags/subdags/subdag.py
[2026-09-18T13:02:48.236+0700] {processor.py:914} INFO - Processing file /Users/andreasanditya/Downloads/572392_Andreas_AirflowETL/code/.venv/lib/python3.9/site-packages/airflow/example_dags/subdags/subdag.py for tasks to queue
[2026-09-18T13:02:48.237+0700] {logging_mixin.py:190} INFO - [2026-09-18T13:02:48.237+0700] {dagbag.py:588} INFO - Filling up the DagBag from /Users/andreasanditya/Downloads/572392_Andreas_AirflowETL/code/.venv/lib/python3.9/site-packages/airflow/example_dags/subdags/subdag.py
[2026-09-18T13:02:48.238+0700] {processor.py:927} WARNING - No viable dags retrieved from /Users/andreasanditya/Downloads/572392_Andreas_AirflowETL/code/.venv/lib/python3.9/site-packages/airflow/example_dags/subdags/subdag.py
[2026-09-18T13:02:48.319+0700] {processor.py:208} INFO - Processing /Users/andreasanditya/Downloads/572392_Andreas_AirflowETL/code/.venv/lib/python3.9/site-packages/airflow/example_dags/subdags/subdag.py took 0.086 seconds
[2026-09-18T13:04:15.495+0700] {processor.py:186} INFO - Started process (PID=79915) to work on /Users/andreasanditya/Downloads/572392_Andreas_AirflowETL/code/.venv/lib/python3.9/site-packages/airflow/example_dags/subdags/subdag.py
[2026-09-18T13:04:15.496+0700] {processor.py:914} INFO - Processing file /Users/andreasanditya/Downloads/572392_Andreas_AirflowETL/code/.venv/lib/python3.9/site-packages/airflow/example_dags/subdags/subdag.py for tasks to queue
[2026-09-18T13:04:15.497+0700] {logging_mixin.py:190} INFO - [2026-09-18T13:04:15.496+0700] {dagbag.py:588} INFO - Filling up the DagBag from /Users/andreasanditya/Downloads/572392_Andreas_AirflowETL/code/.venv/lib/python3.9/site-packages/airflow/example_dags/subdags/subdag.py
[2026-09-18T13:04:15.498+0700] {processor.py:927} WARNING - No viable dags retrieved from /Users/andreasanditya/Downloads/572392_Andreas_AirflowETL/code/.venv/lib/python3.9/site-packages/airflow/example_dags/subdags/subdag.py
[2026-09-18T13:04:15.579+0700] {processor.py:208} INFO - Processing /Users/andreasanditya/Downloads/572392_Andreas_AirflowETL/code/.venv/lib/python3.9/site-packages/airflow/example_dags/subdags/subdag.py took 0.086 seconds
[2026-09-18T13:05:39.746+0700] {processor.py:186} INFO - Started process (PID=80815) to work on /Users/andreasanditya/Downloads/572392_Andreas_AirflowETL/code/.venv/lib/python3.9/site-packages/airflow/example_dags/subdags/subdag.py
[2026-09-18T13:05:39.747+0700] {processor.py:914} INFO - Processing file /Users/andreasanditya/Downloads/572392_Andreas_AirflowETL/code/.venv/lib/python3.9/site-packages/airflow/example_dags/subdags/subdag.py for tasks to queue
[2026-09-18T13:05:39.748+0700] {logging_mixin.py:190} INFO - [2026-09-18T13:05:39.748+0700] {dagbag.py:588} INFO - Filling up the DagBag from /Users/andreasanditya/Downloads/572392_Andreas_AirflowETL/code/.venv/lib/python3.9/site-packages/airflow/example_dags/subdags/subdag.py
[2026-09-18T13:05:39.749+0700] {processor.py:927} WARNING - No viable dags retrieved from /Users/andreasanditya/Downloads/572392_Andreas_AirflowETL/code/.venv/lib/python3.9/site-packages/airflow/example_dags/subdags/subdag.py
[2026-09-18T13:05:39.829+0700] {processor.py:208} INFO - Processing /Users/andreasanditya/Downloads/572392_Andreas_AirflowETL/code/.venv/lib/python3.9/site-packages/airflow/example_dags/subdags/subdag.py took 0.085 seconds
[2026-09-18T13:07:04.147+0700] {processor.py:186} INFO - Started process (PID=81663) to work on /Users/andreasanditya/Downloads/572392_Andreas_AirflowETL/code/.venv/lib/python3.9/site-packages/airflow/example_dags/subdags/subdag.py
[2026-09-18T13:07:04.149+0700] {processor.py:914} INFO - Processing file /Users/andreasanditya/Downloads/572392_Andreas_AirflowETL/code/.venv/lib/python3.9/site-packages/airflow/example_dags/subdags/subdag.py for tasks to queue
[2026-09-18T13:07:04.150+0700] {logging_mixin.py:190} INFO - [2026-09-18T13:07:04.150+0700] {dagbag.py:588} INFO - Filling up the DagBag from /Users/andreasanditya/Downloads/572392_Andreas_AirflowETL/code/.venv/lib/python3.9/site-packages/airflow/example_dags/subdags/subdag.py
[2026-09-18T13:07:04.151+0700] {processor.py:927} WARNING - No viable dags retrieved from /Users/andreasanditya/Downloads/572392_Andreas_AirflowETL/code/.venv/lib/python3.9/site-packages/airflow/example_dags/subdags/subdag.py
[2026-09-18T13:07:04.232+0700] {processor.py:208} INFO - Processing /Users/andreasanditya/Downloads/572392_Andreas_AirflowETL/code/.venv/lib/python3.9/site-packages/airflow/example_dags/subdags/subdag.py took 0.086 seconds
[2026-09-18T13:08:26.555+0700] {processor.py:186} INFO - Started process (PID=82484) to work on /Users/andreasanditya/Downloads/572392_Andreas_AirflowETL/code/.venv/lib/python3.9/site-packages/airflow/example_dags/subdags/subdag.py
[2026-09-18T13:08:26.556+0700] {processor.py:914} INFO - Processing file /Users/andreasanditya/Downloads/572392_Andreas_AirflowETL/code/.venv/lib/python3.9/site-packages/airflow/example_dags/subdags/subdag.py for tasks to queue
[2026-09-18T13:08:26.556+0700] {logging_mixin.py:190} INFO - [2026-09-18T13:08:26.556+0700] {dagbag.py:588} INFO - Filling up the DagBag from /Users/andreasanditya/Downloads/572392_Andreas_AirflowETL/code/.venv/lib/python3.9/site-packages/airflow/example_dags/subdags/subdag.py
[2026-09-18T13:08:26.558+0700] {processor.py:927} WARNING - No viable dags retrieved from /Users/andreasanditya/Downloads/572392_Andreas_AirflowETL/code/.venv/lib/python3.9/site-packages/airflow/example_dags/subdags/subdag.py
[2026-09-18T13:08:26.638+0700] {processor.py:208} INFO - Processing /Users/andreasanditya/Downloads/572392_Andreas_AirflowETL/code/.venv/lib/python3.9/site-packages/airflow/example_dags/subdags/subdag.py took 0.085 seconds
[2026-09-18T13:09:53.788+0700] {processor.py:186} INFO - Started process (PID=83399) to work on /Users/andreasanditya/Downloads/572392_Andreas_AirflowETL/code/.venv/lib/python3.9/site-packages/airflow/example_dags/subdags/subdag.py
[2026-09-18T13:09:53.790+0700] {processor.py:914} INFO - Processing file /Users/andreasanditya/Downloads/572392_Andreas_AirflowETL/code/.venv/lib/python3.9/site-packages/airflow/example_dags/subdags/subdag.py for tasks to queue
[2026-09-18T13:09:53.791+0700] {logging_mixin.py:190} INFO - [2026-09-18T13:09:53.790+0700] {dagbag.py:588} INFO - Filling up the DagBag from /Users/andreasanditya/Downloads/572392_Andreas_AirflowETL/code/.venv/lib/python3.9/site-packages/airflow/example_dags/subdags/subdag.py
[2026-09-18T13:09:53.792+0700] {processor.py:927} WARNING - No viable dags retrieved from /Users/andreasanditya/Downloads/572392_Andreas_AirflowETL/code/.venv/lib/python3.9/site-packages/airflow/example_dags/subdags/subdag.py
[2026-09-18T13:09:53.871+0700] {processor.py:208} INFO - Processing /Users/andreasanditya/Downloads/572392_Andreas_AirflowETL/code/.venv/lib/python3.9/site-packages/airflow/example_dags/subdags/subdag.py took 0.085 seconds
[2026-09-18T13:11:20.898+0700] {processor.py:186} INFO - Started process (PID=84250) to work on /Users/andreasanditya/Downloads/572392_Andreas_AirflowETL/code/.venv/lib/python3.9/site-packages/airflow/example_dags/subdags/subdag.py
[2026-09-18T13:11:20.899+0700] {processor.py:914} INFO - Processing file /Users/andreasanditya/Downloads/572392_Andreas_AirflowETL/code/.venv/lib/python3.9/site-packages/airflow/example_dags/subdags/subdag.py for tasks to queue
[2026-09-18T13:11:20.900+0700] {logging_mixin.py:190} INFO - [2026-09-18T13:11:20.900+0700] {dagbag.py:588} INFO - Filling up the DagBag from /Users/andreasanditya/Downloads/572392_Andreas_AirflowETL/code/.venv/lib/python3.9/site-packages/airflow/example_dags/subdags/subdag.py
[2026-09-18T13:11:20.901+0700] {processor.py:927} WARNING - No viable dags retrieved from /Users/andreasanditya/Downloads/572392_Andreas_AirflowETL/code/.venv/lib/python3.9/site-packages/airflow/example_dags/subdags/subdag.py
[2026-09-18T13:11:20.982+0700] {processor.py:208} INFO - Processing /Users/andreasanditya/Downloads/572392_Andreas_AirflowETL/code/.venv/lib/python3.9/site-packages/airflow/example_dags/subdags/subdag.py took 0.086 seconds
[2026-09-18T13:12:46.410+0700] {processor.py:186} INFO - Started process (PID=85168) to work on /Users/andreasanditya/Downloads/572392_Andreas_AirflowETL/code/.venv/lib/python3.9/site-packages/airflow/example_dags/subdags/subdag.py
[2026-09-18T13:12:46.411+0700] {processor.py:914} INFO - Processing file /Users/andreasanditya/Downloads/572392_Andreas_AirflowETL/code/.venv/lib/python3.9/site-packages/airflow/example_dags/subdags/subdag.py for tasks to queue
[2026-09-18T13:12:46.412+0700] {logging_mixin.py:190} INFO - [2026-09-18T13:12:46.412+0700] {dagbag.py:588} INFO - Filling up the DagBag from /Users/andreasanditya/Downloads/572392_Andreas_AirflowETL/code/.venv/lib/python3.9/site-packages/airflow/example_dags/subdags/subdag.py
[2026-09-18T13:12:46.413+0700] {processor.py:927} WARNING - No viable dags retrieved from /Users/andreasanditya/Downloads/572392_Andreas_AirflowETL/code/.venv/lib/python3.9/site-packages/airflow/example_dags/subdags/subdag.py
[2026-09-18T13:12:46.494+0700] {processor.py:208} INFO - Processing /Users/andreasanditya/Downloads/572392_Andreas_AirflowETL/code/.venv/lib/python3.9/site-packages/airflow/example_dags/subdags/subdag.py took 0.086 seconds
[2026-09-18T13:14:12.780+0700] {processor.py:186} INFO - Started process (PID=86007) to work on /Users/andreasanditya/Downloads/572392_Andreas_AirflowETL/code/.venv/lib/python3.9/site-packages/airflow/example_dags/subdags/subdag.py
[2026-09-18T13:14:12.782+0700] {processor.py:914} INFO - Processing file /Users/andreasanditya/Downloads/572392_Andreas_AirflowETL/code/.venv/lib/python3.9/site-packages/airflow/example_dags/subdags/subdag.py for tasks to queue
[2026-09-18T13:14:12.782+0700] {logging_mixin.py:190} INFO - [2026-09-18T13:14:12.782+0700] {dagbag.py:588} INFO - Filling up the DagBag from /Users/andreasanditya/Downloads/572392_Andreas_AirflowETL/code/.venv/lib/python3.9/site-packages/airflow/example_dags/subdags/subdag.py
[2026-09-18T13:14:12.784+0700] {processor.py:927} WARNING - No viable dags retrieved from /Users/andreasanditya/Downloads/572392_Andreas_AirflowETL/code/.venv/lib/python3.9/site-packages/airflow/example_dags/subdags/subdag.py
[2026-09-18T13:14:12.867+0700] {processor.py:208} INFO - Processing /Users/andreasanditya/Downloads/572392_Andreas_AirflowETL/code/.venv/lib/python3.9/site-packages/airflow/example_dags/subdags/subdag.py took 0.089 seconds
[2026-09-18T13:15:39.323+0700] {processor.py:186} INFO - Started process (PID=86906) to work on /Users/andreasanditya/Downloads/572392_Andreas_AirflowETL/code/.venv/lib/python3.9/site-packages/airflow/example_dags/subdags/subdag.py
[2026-09-18T13:15:39.324+0700] {processor.py:914} INFO - Processing file /Users/andreasanditya/Downloads/572392_Andreas_AirflowETL/code/.venv/lib/python3.9/site-packages/airflow/example_dags/subdags/subdag.py for tasks to queue
[2026-09-18T13:15:39.325+0700] {logging_mixin.py:190} INFO - [2026-09-18T13:15:39.325+0700] {dagbag.py:588} INFO - Filling up the DagBag from /Users/andreasanditya/Downloads/572392_Andreas_AirflowETL/code/.venv/lib/python3.9/site-packages/airflow/example_dags/subdags/subdag.py
[2026-09-18T13:15:39.326+0700] {processor.py:927} WARNING - No viable dags retrieved from /Users/andreasanditya/Downloads/572392_Andreas_AirflowETL/code/.venv/lib/python3.9/site-packages/airflow/example_dags/subdags/subdag.py
[2026-09-18T13:15:39.408+0700] {processor.py:208} INFO - Processing /Users/andreasanditya/Downloads/572392_Andreas_AirflowETL/code/.venv/lib/python3.9/site-packages/airflow/example_dags/subdags/subdag.py took 0.087 seconds
[2026-09-18T13:17:04.802+0700] {processor.py:186} INFO - Started process (PID=87741) to work on /Users/andreasanditya/Downloads/572392_Andreas_AirflowETL/code/.venv/lib/python3.9/site-packages/airflow/example_dags/subdags/subdag.py
[2026-09-18T13:17:04.803+0700] {processor.py:914} INFO - Processing file /Users/andreasanditya/Downloads/572392_Andreas_AirflowETL/code/.venv/lib/python3.9/site-packages/airflow/example_dags/subdags/subdag.py for tasks to queue
[2026-09-18T13:17:04.804+0700] {logging_mixin.py:190} INFO - [2026-09-18T13:17:04.803+0700] {dagbag.py:588} INFO - Filling up the DagBag from /Users/andreasanditya/Downloads/572392_Andreas_AirflowETL/code/.venv/lib/python3.9/site-packages/airflow/example_dags/subdags/subdag.py
[2026-09-18T13:17:04.805+0700] {processor.py:927} WARNING - No viable dags retrieved from /Users/andreasanditya/Downloads/572392_Andreas_AirflowETL/code/.venv/lib/python3.9/site-packages/airflow/example_dags/subdags/subdag.py
[2026-09-18T13:17:04.884+0700] {processor.py:208} INFO - Processing /Users/andreasanditya/Downloads/572392_Andreas_AirflowETL/code/.venv/lib/python3.9/site-packages/airflow/example_dags/subdags/subdag.py took 0.084 seconds
[2026-09-18T13:18:30.640+0700] {processor.py:186} INFO - Started process (PID=88653) to work on /Users/andreasanditya/Downloads/572392_Andreas_AirflowETL/code/.venv/lib/python3.9/site-packages/airflow/example_dags/subdags/subdag.py
[2026-09-18T13:18:30.641+0700] {processor.py:914} INFO - Processing file /Users/andreasanditya/Downloads/572392_Andreas_AirflowETL/code/.venv/lib/python3.9/site-packages/airflow/example_dags/subdags/subdag.py for tasks to queue
[2026-09-18T13:18:30.642+0700] {logging_mixin.py:190} INFO - [2026-09-18T13:18:30.642+0700] {dagbag.py:588} INFO - Filling up the DagBag from /Users/andreasanditya/Downloads/572392_Andreas_AirflowETL/code/.venv/lib/python3.9/site-packages/airflow/example_dags/subdags/subdag.py
[2026-09-18T13:18:30.643+0700] {processor.py:927} WARNING - No viable dags retrieved from /Users/andreasanditya/Downloads/572392_Andreas_AirflowETL/code/.venv/lib/python3.9/site-packages/airflow/example_dags/subdags/subdag.py
[2026-09-18T13:18:30.723+0700] {processor.py:208} INFO - Processing /Users/andreasanditya/Downloads/572392_Andreas_AirflowETL/code/.venv/lib/python3.9/site-packages/airflow/example_dags/subdags/subdag.py took 0.085 seconds
[2026-09-18T13:19:54.630+0700] {processor.py:186} INFO - Started process (PID=89471) to work on /Users/andreasanditya/Downloads/572392_Andreas_AirflowETL/code/.venv/lib/python3.9/site-packages/airflow/example_dags/subdags/subdag.py
[2026-09-18T13:19:54.631+0700] {processor.py:914} INFO - Processing file /Users/andreasanditya/Downloads/572392_Andreas_AirflowETL/code/.venv/lib/python3.9/site-packages/airflow/example_dags/subdags/subdag.py for tasks to queue
[2026-09-18T13:19:54.632+0700] {logging_mixin.py:190} INFO - [2026-09-18T13:19:54.632+0700] {dagbag.py:588} INFO - Filling up the DagBag from /Users/andreasanditya/Downloads/572392_Andreas_AirflowETL/code/.venv/lib/python3.9/site-packages/airflow/example_dags/subdags/subdag.py
[2026-09-18T13:19:54.633+0700] {processor.py:927} WARNING - No viable dags retrieved from /Users/andreasanditya/Downloads/572392_Andreas_AirflowETL/code/.venv/lib/python3.9/site-packages/airflow/example_dags/subdags/subdag.py
[2026-09-18T13:19:54.712+0700] {processor.py:208} INFO - Processing /Users/andreasanditya/Downloads/572392_Andreas_AirflowETL/code/.venv/lib/python3.9/site-packages/airflow/example_dags/subdags/subdag.py took 0.084 seconds
[2026-09-18T13:21:19.773+0700] {processor.py:186} INFO - Started process (PID=90389) to work on /Users/andreasanditya/Downloads/572392_Andreas_AirflowETL/code/.venv/lib/python3.9/site-packages/airflow/example_dags/subdags/subdag.py
[2026-09-18T13:21:19.774+0700] {processor.py:914} INFO - Processing file /Users/andreasanditya/Downloads/572392_Andreas_AirflowETL/code/.venv/lib/python3.9/site-packages/airflow/example_dags/subdags/subdag.py for tasks to queue
[2026-09-18T13:21:19.775+0700] {logging_mixin.py:190} INFO - [2026-09-18T13:21:19.775+0700] {dagbag.py:588} INFO - Filling up the DagBag from /Users/andreasanditya/Downloads/572392_Andreas_AirflowETL/code/.venv/lib/python3.9/site-packages/airflow/example_dags/subdags/subdag.py
[2026-09-18T13:21:19.776+0700] {processor.py:927} WARNING - No viable dags retrieved from /Users/andreasanditya/Downloads/572392_Andreas_AirflowETL/code/.venv/lib/python3.9/site-packages/airflow/example_dags/subdags/subdag.py
[2026-09-18T13:21:19.857+0700] {processor.py:208} INFO - Processing /Users/andreasanditya/Downloads/572392_Andreas_AirflowETL/code/.venv/lib/python3.9/site-packages/airflow/example_dags/subdags/subdag.py took 0.086 seconds
[2026-09-18T13:22:43.300+0700] {processor.py:186} INFO - Started process (PID=91218) to work on /Users/andreasanditya/Downloads/572392_Andreas_AirflowETL/code/.venv/lib/python3.9/site-packages/airflow/example_dags/subdags/subdag.py
[2026-09-18T13:22:43.301+0700] {processor.py:914} INFO - Processing file /Users/andreasanditya/Downloads/572392_Andreas_AirflowETL/code/.venv/lib/python3.9/site-packages/airflow/example_dags/subdags/subdag.py for tasks to queue
[2026-09-18T13:22:43.302+0700] {logging_mixin.py:190} INFO - [2026-09-18T13:22:43.302+0700] {dagbag.py:588} INFO - Filling up the DagBag from /Users/andreasanditya/Downloads/572392_Andreas_AirflowETL/code/.venv/lib/python3.9/site-packages/airflow/example_dags/subdags/subdag.py
[2026-09-18T13:22:43.304+0700] {processor.py:927} WARNING - No viable dags retrieved from /Users/andreasanditya/Downloads/572392_Andreas_AirflowETL/code/.venv/lib/python3.9/site-packages/airflow/example_dags/subdags/subdag.py
[2026-09-18T13:22:43.384+0700] {processor.py:208} INFO - Processing /Users/andreasanditya/Downloads/572392_Andreas_AirflowETL/code/.venv/lib/python3.9/site-packages/airflow/example_dags/subdags/subdag.py took 0.085 seconds
[2026-09-18T13:24:08.008+0700] {processor.py:186} INFO - Started process (PID=92049) to work on /Users/andreasanditya/Downloads/572392_Andreas_AirflowETL/code/.venv/lib/python3.9/site-packages/airflow/example_dags/subdags/subdag.py
[2026-09-18T13:24:08.009+0700] {processor.py:914} INFO - Processing file /Users/andreasanditya/Downloads/572392_Andreas_AirflowETL/code/.venv/lib/python3.9/site-packages/airflow/example_dags/subdags/subdag.py for tasks to queue
[2026-09-18T13:24:08.009+0700] {logging_mixin.py:190} INFO - [2026-09-18T13:24:08.009+0700] {dagbag.py:588} INFO - Filling up the DagBag from /Users/andreasanditya/Downloads/572392_Andreas_AirflowETL/code/.venv/lib/python3.9/site-packages/airflow/example_dags/subdags/subdag.py
[2026-09-18T13:24:08.011+0700] {processor.py:927} WARNING - No viable dags retrieved from /Users/andreasanditya/Downloads/572392_Andreas_AirflowETL/code/.venv/lib/python3.9/site-packages/airflow/example_dags/subdags/subdag.py
[2026-09-18T13:24:08.091+0700] {processor.py:208} INFO - Processing /Users/andreasanditya/Downloads/572392_Andreas_AirflowETL/code/.venv/lib/python3.9/site-packages/airflow/example_dags/subdags/subdag.py took 0.085 seconds
[2026-09-18T13:25:32.545+0700] {processor.py:186} INFO - Started process (PID=93062) to work on /Users/andreasanditya/Downloads/572392_Andreas_AirflowETL/code/.venv/lib/python3.9/site-packages/airflow/example_dags/subdags/subdag.py
[2026-09-18T13:25:32.546+0700] {processor.py:914} INFO - Processing file /Users/andreasanditya/Downloads/572392_Andreas_AirflowETL/code/.venv/lib/python3.9/site-packages/airflow/example_dags/subdags/subdag.py for tasks to queue
[2026-09-18T13:25:32.546+0700] {logging_mixin.py:190} INFO - [2026-09-18T13:25:32.546+0700] {dagbag.py:588} INFO - Filling up the DagBag from /Users/andreasanditya/Downloads/572392_Andreas_AirflowETL/code/.venv/lib/python3.9/site-packages/airflow/example_dags/subdags/subdag.py
[2026-09-18T13:25:32.548+0700] {processor.py:927} WARNING - No viable dags retrieved from /Users/andreasanditya/Downloads/572392_Andreas_AirflowETL/code/.venv/lib/python3.9/site-packages/airflow/example_dags/subdags/subdag.py
[2026-09-18T13:25:32.646+0700] {processor.py:208} INFO - Processing /Users/andreasanditya/Downloads/572392_Andreas_AirflowETL/code/.venv/lib/python3.9/site-packages/airflow/example_dags/subdags/subdag.py took 0.103 seconds
[2026-09-18T13:27:01.317+0700] {processor.py:186} INFO - Started process (PID=94066) to work on /Users/andreasanditya/Downloads/572392_Andreas_AirflowETL/code/.venv/lib/python3.9/site-packages/airflow/example_dags/subdags/subdag.py
[2026-09-18T13:27:01.318+0700] {processor.py:914} INFO - Processing file /Users/andreasanditya/Downloads/572392_Andreas_AirflowETL/code/.venv/lib/python3.9/site-packages/airflow/example_dags/subdags/subdag.py for tasks to queue
[2026-09-18T13:27:01.319+0700] {logging_mixin.py:190} INFO - [2026-09-18T13:27:01.319+0700] {dagbag.py:588} INFO - Filling up the DagBag from /Users/andreasanditya/Downloads/572392_Andreas_AirflowETL/code/.venv/lib/python3.9/site-packages/airflow/example_dags/subdags/subdag.py
[2026-09-18T13:27:01.320+0700] {processor.py:927} WARNING - No viable dags retrieved from /Users/andreasanditya/Downloads/572392_Andreas_AirflowETL/code/.venv/lib/python3.9/site-packages/airflow/example_dags/subdags/subdag.py
[2026-09-18T13:27:01.405+0700] {processor.py:208} INFO - Processing /Users/andreasanditya/Downloads/572392_Andreas_AirflowETL/code/.venv/lib/python3.9/site-packages/airflow/example_dags/subdags/subdag.py took 0.091 seconds
[2026-09-18T13:28:31.557+0700] {processor.py:186} INFO - Started process (PID=94997) to work on /Users/andreasanditya/Downloads/572392_Andreas_AirflowETL/code/.venv/lib/python3.9/site-packages/airflow/example_dags/subdags/subdag.py
[2026-09-18T13:28:31.558+0700] {processor.py:914} INFO - Processing file /Users/andreasanditya/Downloads/572392_Andreas_AirflowETL/code/.venv/lib/python3.9/site-packages/airflow/example_dags/subdags/subdag.py for tasks to queue
[2026-09-18T13:28:31.558+0700] {logging_mixin.py:190} INFO - [2026-09-18T13:28:31.558+0700] {dagbag.py:588} INFO - Filling up the DagBag from /Users/andreasanditya/Downloads/572392_Andreas_AirflowETL/code/.venv/lib/python3.9/site-packages/airflow/example_dags/subdags/subdag.py
[2026-09-18T13:28:31.560+0700] {processor.py:927} WARNING - No viable dags retrieved from /Users/andreasanditya/Downloads/572392_Andreas_AirflowETL/code/.venv/lib/python3.9/site-packages/airflow/example_dags/subdags/subdag.py
[2026-09-18T13:28:31.644+0700] {processor.py:208} INFO - Processing /Users/andreasanditya/Downloads/572392_Andreas_AirflowETL/code/.venv/lib/python3.9/site-packages/airflow/example_dags/subdags/subdag.py took 0.089 seconds
[2026-09-18T13:30:01.633+0700] {processor.py:186} INFO - Started process (PID=96102) to work on /Users/andreasanditya/Downloads/572392_Andreas_AirflowETL/code/.venv/lib/python3.9/site-packages/airflow/example_dags/subdags/subdag.py
[2026-09-18T13:30:01.634+0700] {processor.py:914} INFO - Processing file /Users/andreasanditya/Downloads/572392_Andreas_AirflowETL/code/.venv/lib/python3.9/site-packages/airflow/example_dags/subdags/subdag.py for tasks to queue
[2026-09-18T13:30:01.635+0700] {logging_mixin.py:190} INFO - [2026-09-18T13:30:01.635+0700] {dagbag.py:588} INFO - Filling up the DagBag from /Users/andreasanditya/Downloads/572392_Andreas_AirflowETL/code/.venv/lib/python3.9/site-packages/airflow/example_dags/subdags/subdag.py
[2026-09-18T13:30:01.636+0700] {processor.py:927} WARNING - No viable dags retrieved from /Users/andreasanditya/Downloads/572392_Andreas_AirflowETL/code/.venv/lib/python3.9/site-packages/airflow/example_dags/subdags/subdag.py
[2026-09-18T13:30:01.719+0700] {processor.py:208} INFO - Processing /Users/andreasanditya/Downloads/572392_Andreas_AirflowETL/code/.venv/lib/python3.9/site-packages/airflow/example_dags/subdags/subdag.py took 0.088 seconds
[2026-09-18T13:31:31.931+0700] {processor.py:186} INFO - Started process (PID=97043) to work on /Users/andreasanditya/Downloads/572392_Andreas_AirflowETL/code/.venv/lib/python3.9/site-packages/airflow/example_dags/subdags/subdag.py
[2026-09-18T13:31:31.932+0700] {processor.py:914} INFO - Processing file /Users/andreasanditya/Downloads/572392_Andreas_AirflowETL/code/.venv/lib/python3.9/site-packages/airflow/example_dags/subdags/subdag.py for tasks to queue
[2026-09-18T13:31:31.933+0700] {logging_mixin.py:190} INFO - [2026-09-18T13:31:31.933+0700] {dagbag.py:588} INFO - Filling up the DagBag from /Users/andreasanditya/Downloads/572392_Andreas_AirflowETL/code/.venv/lib/python3.9/site-packages/airflow/example_dags/subdags/subdag.py
[2026-09-18T13:31:31.934+0700] {processor.py:927} WARNING - No viable dags retrieved from /Users/andreasanditya/Downloads/572392_Andreas_AirflowETL/code/.venv/lib/python3.9/site-packages/airflow/example_dags/subdags/subdag.py
[2026-09-18T13:31:32.022+0700] {processor.py:208} INFO - Processing /Users/andreasanditya/Downloads/572392_Andreas_AirflowETL/code/.venv/lib/python3.9/site-packages/airflow/example_dags/subdags/subdag.py took 0.092 seconds
[2026-09-18T13:32:59.745+0700] {processor.py:186} INFO - Started process (PID=98009) to work on /Users/andreasanditya/Downloads/572392_Andreas_AirflowETL/code/.venv/lib/python3.9/site-packages/airflow/example_dags/subdags/subdag.py
[2026-09-18T13:32:59.746+0700] {processor.py:914} INFO - Processing file /Users/andreasanditya/Downloads/572392_Andreas_AirflowETL/code/.venv/lib/python3.9/site-packages/airflow/example_dags/subdags/subdag.py for tasks to queue
[2026-09-18T13:32:59.747+0700] {logging_mixin.py:190} INFO - [2026-09-18T13:32:59.747+0700] {dagbag.py:588} INFO - Filling up the DagBag from /Users/andreasanditya/Downloads/572392_Andreas_AirflowETL/code/.venv/lib/python3.9/site-packages/airflow/example_dags/subdags/subdag.py
[2026-09-18T13:32:59.748+0700] {processor.py:927} WARNING - No viable dags retrieved from /Users/andreasanditya/Downloads/572392_Andreas_AirflowETL/code/.venv/lib/python3.9/site-packages/airflow/example_dags/subdags/subdag.py
[2026-09-18T13:32:59.830+0700] {processor.py:208} INFO - Processing /Users/andreasanditya/Downloads/572392_Andreas_AirflowETL/code/.venv/lib/python3.9/site-packages/airflow/example_dags/subdags/subdag.py took 0.086 seconds
[2026-09-18T13:34:25.851+0700] {processor.py:186} INFO - Started process (PID=98838) to work on /Users/andreasanditya/Downloads/572392_Andreas_AirflowETL/code/.venv/lib/python3.9/site-packages/airflow/example_dags/subdags/subdag.py
[2026-09-18T13:34:25.852+0700] {processor.py:914} INFO - Processing file /Users/andreasanditya/Downloads/572392_Andreas_AirflowETL/code/.venv/lib/python3.9/site-packages/airflow/example_dags/subdags/subdag.py for tasks to queue
[2026-09-18T13:34:25.853+0700] {logging_mixin.py:190} INFO - [2026-09-18T13:34:25.853+0700] {dagbag.py:588} INFO - Filling up the DagBag from /Users/andreasanditya/Downloads/572392_Andreas_AirflowETL/code/.venv/lib/python3.9/site-packages/airflow/example_dags/subdags/subdag.py
[2026-09-18T13:34:25.854+0700] {processor.py:927} WARNING - No viable dags retrieved from /Users/andreasanditya/Downloads/572392_Andreas_AirflowETL/code/.venv/lib/python3.9/site-packages/airflow/example_dags/subdags/subdag.py
[2026-09-18T13:34:25.937+0700] {processor.py:208} INFO - Processing /Users/andreasanditya/Downloads/572392_Andreas_AirflowETL/code/.venv/lib/python3.9/site-packages/airflow/example_dags/subdags/subdag.py took 0.088 seconds
[2026-09-18T13:35:54.002+0700] {processor.py:186} INFO - Started process (PID=99775) to work on /Users/andreasanditya/Downloads/572392_Andreas_AirflowETL/code/.venv/lib/python3.9/site-packages/airflow/example_dags/subdags/subdag.py
[2026-09-18T13:35:54.003+0700] {processor.py:914} INFO - Processing file /Users/andreasanditya/Downloads/572392_Andreas_AirflowETL/code/.venv/lib/python3.9/site-packages/airflow/example_dags/subdags/subdag.py for tasks to queue
[2026-09-18T13:35:54.004+0700] {logging_mixin.py:190} INFO - [2026-09-18T13:35:54.004+0700] {dagbag.py:588} INFO - Filling up the DagBag from /Users/andreasanditya/Downloads/572392_Andreas_AirflowETL/code/.venv/lib/python3.9/site-packages/airflow/example_dags/subdags/subdag.py
[2026-09-18T13:35:54.006+0700] {processor.py:927} WARNING - No viable dags retrieved from /Users/andreasanditya/Downloads/572392_Andreas_AirflowETL/code/.venv/lib/python3.9/site-packages/airflow/example_dags/subdags/subdag.py
[2026-09-18T13:35:54.091+0700] {processor.py:208} INFO - Processing /Users/andreasanditya/Downloads/572392_Andreas_AirflowETL/code/.venv/lib/python3.9/site-packages/airflow/example_dags/subdags/subdag.py took 0.092 seconds
[2026-09-18T13:37:20.906+0700] {processor.py:186} INFO - Started process (PID=855) to work on /Users/andreasanditya/Downloads/572392_Andreas_AirflowETL/code/.venv/lib/python3.9/site-packages/airflow/example_dags/subdags/subdag.py
[2026-09-18T13:37:20.907+0700] {processor.py:914} INFO - Processing file /Users/andreasanditya/Downloads/572392_Andreas_AirflowETL/code/.venv/lib/python3.9/site-packages/airflow/example_dags/subdags/subdag.py for tasks to queue
[2026-09-18T13:37:20.908+0700] {logging_mixin.py:190} INFO - [2026-09-18T13:37:20.908+0700] {dagbag.py:588} INFO - Filling up the DagBag from /Users/andreasanditya/Downloads/572392_Andreas_AirflowETL/code/.venv/lib/python3.9/site-packages/airflow/example_dags/subdags/subdag.py
[2026-09-18T13:37:20.909+0700] {processor.py:927} WARNING - No viable dags retrieved from /Users/andreasanditya/Downloads/572392_Andreas_AirflowETL/code/.venv/lib/python3.9/site-packages/airflow/example_dags/subdags/subdag.py
[2026-09-18T13:37:20.993+0700] {processor.py:208} INFO - Processing /Users/andreasanditya/Downloads/572392_Andreas_AirflowETL/code/.venv/lib/python3.9/site-packages/airflow/example_dags/subdags/subdag.py took 0.090 seconds
[2026-09-18T13:38:47.665+0700] {processor.py:186} INFO - Started process (PID=1862) to work on /Users/andreasanditya/Downloads/572392_Andreas_AirflowETL/code/.venv/lib/python3.9/site-packages/airflow/example_dags/subdags/subdag.py
[2026-09-18T13:38:47.666+0700] {processor.py:914} INFO - Processing file /Users/andreasanditya/Downloads/572392_Andreas_AirflowETL/code/.venv/lib/python3.9/site-packages/airflow/example_dags/subdags/subdag.py for tasks to queue
[2026-09-18T13:38:47.667+0700] {logging_mixin.py:190} INFO - [2026-09-18T13:38:47.667+0700] {dagbag.py:588} INFO - Filling up the DagBag from /Users/andreasanditya/Downloads/572392_Andreas_AirflowETL/code/.venv/lib/python3.9/site-packages/airflow/example_dags/subdags/subdag.py
[2026-09-18T13:38:47.668+0700] {processor.py:927} WARNING - No viable dags retrieved from /Users/andreasanditya/Downloads/572392_Andreas_AirflowETL/code/.venv/lib/python3.9/site-packages/airflow/example_dags/subdags/subdag.py
[2026-09-18T13:38:47.751+0700] {processor.py:208} INFO - Processing /Users/andreasanditya/Downloads/572392_Andreas_AirflowETL/code/.venv/lib/python3.9/site-packages/airflow/example_dags/subdags/subdag.py took 0.087 seconds
